Symbol,ETF Name,Theme Option,Last Price,Volume,Average Volume 30D,AUM,Expense Ratio %,Change %,MTD %,1M %,3M %,6M %,YTD %,1Y %
BWET,Breakwave Tanker Shipping ETF,Global,190.06,215817,138571,28087878.45,3.50,-3.30,20.89,11.16,156.00,675.11,901.88,1768.79
NBCE,Neuberger China Equity ETF,Asia-Pacific,41.30,1736,911,17589008.50,0.75,2.19,12.20,1.78,13.50,24.41,21.65,55.81
ASMH,ASML Holding NV,Europe,120.65,2643,2272,5962319.24,0.19,1.16,11.87,15.40,25.81,58.79,53.23,128.51
MSOS,AdvisorShares Pure US Cannabis ETF,North America,5.49,11820627,7716975,1182067120.00,0.97,-4.52,11.81,4.57,44.09,49.18,14.38,131.65
IJUL,Innovator International Developed Power Buffer ETF July,Developed markets,35.28,2373,6647,193868950.00,0.85,-0.08,10.61,0.66,3.96,6.11,4.98,11.83
DESK,VanEck Office and Commercial REIT ETF,North America,41.30,58,662,3189576.00,0.51,3.48,9.92,10.47,22.62,8.68,12.12,1.61
TOLL,Tema Monopolies and Oligopolies ETF,Global,39.10,8842,4669,48310648.00,0.55,0.61,9.92,2.34,12.00,12.13,10.79,15.81
WEED,Roundhill Cannabis ETF,Global,23.84,47206,25219,10466798.00,0.41,-5.39,9.77,2.70,48.37,48.09,19.15,139.62
UNHW,Roundhill UNH WeeklyPay ETF,North America,54.12,4291,3317,4793598.00,0.99,1.75,9.63,8.49,40.29,5.59,9.37,6.86
CNBS,Amplify Seymour Cannabis ETF,North America,31.55,13196,16616,99121466.34,0.76,-4.35,9.28,4.58,37.52,43.99,11.24,103.40
DVRE,WEBs Real Estate XLRE Defined Volatility ETF,North America,24.96,250,49,241356.00,0.89,3.41,6.89,1.18,5.92,11.93,13.26,-0.49
STHH,STMicroelectronics NV,Europe,145.63,14700,4659,7475799.51,0.19,-2.63,6.83,27.54,112.75,180.75,165.89,145.00
BHDG,Nicholas Bitcoin Tail ETF,Global,25.32,1761,19300,20999832.00,0.97,6.23,6.68,10.16,-0.26,-0.26,-0.26,-0.26
ALIL,Argent Focused Small Cap ETF,North America,31.35,1965,1979,26069659.70,0.74,0.87,6.33,2.11,10.22,3.69,8.02,12.27
IGME,Bitwise GME Option Income Strategy ETF,North America,23.16,102,946,1153792.30,0.96,0.72,6.27,-7.69,-11.33,-14.96,-2.46,-53.45
IHF,iShares U.S. Health Care Providers ETF,North America,53.19,545327,472957,991578232.00,0.38,1.94,6.19,8.20,20.72,10.74,10.74,10.61
DVXV,WEBs Health Care XLV Defined Volatility ETF,North America,30.97,729,215,611134.00,0.89,1.41,5.95,8.87,1.43,0.75,-1.02,20.69
FTXO,First Trust Nasdaq Bank ETF,North America,39.81,45293,111364,290797878.59,0.60,1.29,5.64,2.59,11.31,5.73,5.34,25.33
HIYY,YieldMax HIMS Option Income Strategy ETF,North America,15.22,24427,45737,7580895.00,1.01,5.56,5.63,1.48,-5.34,-45.64,-37.67,-68.54
KBWY,Invesco KBW Premium Yield Equity REIT ETF,North America,18.31,269844,109086,298526360.00,0.35,2.22,5.47,6.14,14.44,17.82,18.21,16.25
PSCH,Invesco S&P SmallCap Health Care ETF,North America,47.34,24239,11900,133772700.00,0.29,3.04,5.44,3.93,15.16,3.57,8.23,14.16
XHE,State Street SPDR S&P Health Care Equipment ETF,North America,83.11,48550,33096,141609497.75,0.35,2.52,5.18,3.51,1.89,-6.88,-6.23,0.84
GMEY,YieldMax GME Option Income Strategy ETF,North America,29.59,394,2944,2210835.00,1.01,0.64,5.10,-10.29,-14.98,-24.95,-16.94,-40.53
TCAN,21Shares Canton Network ETF,Global,27.37,5252,,5577957.00,0.50,0.84,5.00,10.83,10.74,10.74,10.74,10.74
AMID,Argent Mid Cap ETF,North America,35.44,1403,15102,106280596.80,0.52,0.81,4.82,1.34,7.07,2.55,5.35,6.91
XHS,State Street SPDR S&P Health Care Services ETF,North America,119.84,6896,3532,103718082.19,0.35,2.86,4.70,8.39,14.25,10.42,12.52,22.95
YOLO,AdvisorShares Pure Cannabis ETF,Global,3.14,27945,34833,38378663.60,0.51,-0.32,4.67,-2.18,8.28,10.56,-4.27,61.03
HWAY,Themes US Infrastructure ETF,North America,38.04,195,701,3380859.00,0.29,1.21,4.64,1.79,12.57,17.55,22.27,36.34
TRUH,VanEck Healthcare TruSector ETF,North America,26.93,471,391,542432.00,0.10,1.19,4.63,7.30,5.78,5.78,5.78,5.78
RSPH,Invesco S&P 500 Equal Weight Health Care ETF,North America,32.42,170697,164423,648991200.00,0.40,2.14,4.58,5.77,3.78,2.11,1.73,12.22
ADIV,Guinness Atkinson Asia Pacific Dividend Builder ETF,Asia-Pacific,18.82,6217,4926,54561168.96,0.78,0.11,4.56,-1.26,4.27,3.07,2.67,10.58
SIXP,AllianzIM U.S. Large Cap 6 Month Buffer10 Mar/Sep ETF,North America,33.42,171352,7303,49364267.50,0.74,-0.17,4.56,0.54,4.99,6.49,5.76,16.36
KBWB,Invesco KBW Bank ETF,North America,90.19,2546717,1154918,5730994800.00,0.35,0.84,4.50,4.39,14.84,7.04,6.76,33.71
IHI,iShares U.S. Medical Devices ETF,North America,50.94,3261135,2779242,3012285289.20,0.38,2.17,4.49,1.58,-9.71,-18.34,-18.13,-17.39
PPTY,U.S. Diversified Real Estate ETF,North America,34.00,1240,1988,24945000.00,0.53,2.31,4.43,3.65,9.53,13.40,13.02,11.03
IAT,iShares U.S. Regional Banks ETF,North America,59.41,224464,130235,611991406.95,0.38,1.43,4.37,2.79,10.55,6.47,7.61,23.64
KOCT,Innovator U.S. Small Cap Power Buffer ETF - October,North America,36.49,4770,7118,141412312.50,0.79,-0.10,4.36,0.54,7.15,7.37,8.42,20.32
XTN,State Street SPDR S&P Transportation ETF,North America,115.52,57907,29701,228426804.96,0.35,1.49,4.28,10.48,24.66,22.59,25.67,46.45
BETZ,Roundhill Sports Betting & iGaming ETF,Global,19.50,14466,10234,48554805.00,0.75,2.92,4.20,3.64,7.00,-10.94,-7.69,-8.09
JRE,Janus Henderson U.S. Real Estate ETF,North America,27.01,240,966,3951562.44,0.65,2.77,4.19,0.11,7.74,11.61,16.67,11.61
ODDZ,Corgi Sports Betting & Gambling ETF,Global,26.93,3,,,0.35,3.02,4.12,6.06,6.83,6.83,6.83,6.83
XLV,State Street Health Care Select Sector SPDR ETF,North America,154.57,13125457,10679245,38942047920.45,0.08,1.26,4.07,6.90,1.14,1.18,-0.19,15.05
BRKW,Roundhill BRKB WeeklyPay ETF,North America,39.16,1107,3279,15649600.00,1.00,-0.15,3.93,1.19,-6.36,-11.40,-12.16,-22.10
HEAL,Global X HealthTech ETF,Global,26.00,5885,7688,25371772.75,0.50,2.34,3.89,3.23,1.44,-14.29,-11.37,-19.96
IAK,iShares U.S. Insurance ETF,North America,132.59,30059,36040,361956707.75,0.38,0.75,3.86,1.39,0.41,-0.31,-2.41,-2.66
SCAP,Infrastructure Capital Small Cap Income ETF,Global,38.85,1679,2260,20163002.00,2.20,2.10,3.85,1.31,10.09,4.98,6.39,18.45
QABA,First Trust NASDAQ ABA Community Bank Index Fund,North America,64.11,4483,3752,79110126.58,0.60,1.17,3.81,2.91,12.96,8.38,13.73,20.34
IYH,iShares U.S. Healthcare ETF,North America,64.93,945510,967072,3142631979.45,0.38,1.36,3.80,6.43,1.64,0.74,-0.25,15.31
GSKH,GSK plc,Europe,72.41,222,703,719131.91,0.19,0.62,3.79,4.41,-7.02,4.50,5.76,27.36
RDOG,ALPS REIT Dividend Dogs ETF,North America,41.91,1962,1207,11302500.00,0.35,1.88,3.78,5.17,11.85,15.34,16.42,15.24
RSPR,Invesco S&P 500 Equal Weight Real Estate ETF,North America,37.17,11947,18545,100226500.00,0.40,2.04,3.77,2.37,6.57,11.29,10.59,5.63
DVXP,WEBs Consumer Staples XLP Defined Volatility ETF,North America,25.30,10066,604,248626.00,0.89,1.74,3.73,-0.69,-1.27,12.86,12.85,1.00
KIE,State Street SPDR S&P Insurance ETF,North America,56.94,1150603,1254111,466636694.80,0.35,0.90,3.72,0.64,1.73,-3.31,-5.24,-4.37
CLIM,Climate Global - Climate Resilient REIT Index ETF,North America,26.70,218,452,1303500.00,0.90,2.42,3.69,1.41,8.66,8.66,8.66,8.66
FHLC,Fidelity MSCI Health Care Index ETF,North America,74.33,157420,184598,3033406980.00,0.08,1.45,3.68,6.14,1.68,0.99,0.03,16.49
PSCD,Invesco S&P SmallCap Consumer Discretionary ETF,North America,111.56,1460,887,21933800.00,0.29,1.67,3.68,2.95,6.08,2.44,5.16,10.56
KBWP,Invesco KBW Property & Casualty Insurance ETF,North America,119.43,7703,11438,248484600.00,0.35,0.44,3.66,1.13,-1.78,-2.25,-6.47,-4.99
DVXF,WEBs Financial XLF Defined Volatility ETF,North America,23.93,197,441,235202.00,0.89,1.78,3.56,3.92,9.64,-8.21,-8.11,-3.98
CRED,Columbia Research Enhanced Real Estate ETF,North America,23.16,1896,402,3398970.00,0.33,2.25,3.47,1.91,8.07,12.11,15.67,6.41
VHT,Vanguard Health Care ETF,North America,287.39,350071,227057,16782526355.71,0.09,1.44,3.44,5.99,1.53,0.59,-0.24,15.98
SRHR,SRH REIT Covered Call ETF,North America,58.85,24,70,51875100.00,0.75,2.07,3.41,0.97,7.23,10.80,11.11,6.94
TINY,ProShares Nanotechnology ETF,Developed markets,85.16,93682,4968,8067420.00,0.58,4.68,3.39,7.59,32.09,56.26,55.32,104.01
CPNM,Calamos Nasdaq-100 Structured Alt Protection ETF - March,North America,26.70,326,2236,14745526.81,0.69,-0.15,3.37,0.02,1.75,3.11,2.60,7.53
FXH,First Trust Health Care AlphaDEX,North America,118.35,11942,20729,880581831.73,0.61,2.13,3.34,3.78,7.44,3.41,3.78,14.76
PSR,Invesco Active U.S. Real Estate Fund,North America,103.98,9167,4690,56853440.00,0.35,2.44,3.34,1.88,7.37,14.00,15.28,12.54
DRES,GMO Domestic Resilience ETF,North America,30.88,531,4066,36559200.00,0.50,1.36,3.33,3.12,10.31,15.84,19.34,23.54
KRE,State Street SPDR S&P Regional Banking ETF,North America,71.24,23975581,14340948,3880234480.89,0.35,1.25,3.32,1.58,10.90,6.76,9.75,22.09
FXO,First Trust Financials AlphaDEX,North America,60.04,116584,68050,1017492468.66,0.60,1.20,3.30,1.06,5.24,-1.36,-0.71,9.86
KBE,State Street SPDR S&P Bank ETF,North America,65.09,2222109,2267433,1426622493.21,0.35,1.37,3.25,1.31,10.38,4.61,7.18,19.72
RSPN,Invesco S&P 500 Equal Weight Industrials Portfolio,North America,62.04,129754,125977,1003067930.00,0.40,1.60,3.25,1.26,2.82,8.38,9.26,16.90
XLVI,State Street Health Care Select Sector SPDR Premium Income ETF,North America,25.60,10021,16453,14730045.98,0.35,0.54,3.23,4.28,-1.19,-2.03,-3.03,2.69
FPRO,Fidelity Real Estate Investment ETF,Global,25.16,2873,4921,16608448.58,0.57,2.23,3.21,1.17,5.41,12.38,13.19,10.51
XHB,State Street SPDR S&P Homebuilders ETF,North America,107.02,4398546,2495038,1589603663.81,0.35,3.61,3.17,3.57,2.84,-1.45,3.43,12.07
XLRI,State Street Real Estate Select Sector SPDR Premium Income ETF,North America,23.84,3640,2679,2610295.93,0.35,1.95,3.13,0.55,1.09,-0.67,1.34,-6.20
TMDV,ProShares Russell US Dividend Growers ETF,North America,50.13,13,247,4470246.00,0.35,1.55,3.12,1.67,0.77,4.20,6.48,6.51
PHO,Invesco Water Resources ETF,North America,67.48,111776,144599,1947942270.00,0.59,1.97,3.07,-1.20,-1.46,-5.53,-4.37,-2.89
BLDG,Cambria Global Real Estate ETF,Global,26.61,3652,67251,36041964.92,0.59,1.69,3.05,0.77,4.82,5.86,8.36,5.15
TSME,Thrivent Small-Mid Cap ESG ETF,Global,48.43,60445,109093,927405899.93,0.65,1.02,3.04,1.74,14.87,12.58,15.67,34.49
FXG,First Trust Cons. Staples AlphaDEX,North America,62.17,26699,15671,220471322.48,0.63,1.57,3.03,0.15,-5.18,0.10,2.30,-1.02
NOBL,ProShares S&P 500 Dividend Aristocrats ETF,North America,55.11,1481988,912091,11248648125.00,0.35,1.79,3.03,2.14,1.07,5.41,5.78,9.48
BEDZ,AdvisorShares Hotel ETF,North America,35.75,6282,893,1943150.00,0.99,1.17,3.02,4.96,12.24,5.96,6.91,16.63
IHE,iShares U.S. Pharmaceutical ETF,North America,93.79,76237,91147,920952398.50,0.38,1.30,3.00,5.51,6.24,11.58,10.30,40.91
FCTE,SMI 3Fourteen Full-Cycle Trend ETF,North America,27.59,29304,20948,229685969.76,0.85,1.39,2.99,2.27,6.66,10.19,10.77,3.46
FIW,First Trust Water ETF,North America,106.19,68202,68052,1767337207.92,0.50,2.11,2.98,-0.77,-0.37,-3.66,-2.56,-1.13
SAWS,AAM Sawgrass US Small Cap Quality Growth ETF,North America,23.91,7,233,7082700.00,0.55,1.20,2.97,0.62,11.71,10.14,13.30,21.35
RWR,State Street SPDR Dow Jones REIT ETF,North America,112.52,335986,302496,1777609056.54,0.25,2.47,2.97,2.06,6.34,13.50,14.58,14.50
XSLV,Invesco S&P SmallCap Low Volatility ETF,North America,50.74,9641,11781,233873640.00,0.25,1.48,2.95,1.83,6.09,8.26,8.91,10.74
LPRE,Long Pond Real Estate Select ETF,Global,29.98,16536,21038,161057200.00,1.00,1.92,2.91,3.66,10.09,14.07,13.34,20.15
JPRE,JPMorgan Realty Income ETF,North America,52.63,20839,27087,470748824.14,0.50,2.33,2.91,0.91,5.10,12.16,13.39,9.71
MDEV,First Trust Indxx Medical Devices ETF,Global,19.17,6047,870,1886937.74,0.70,1.55,2.90,4.40,-1.03,-9.73,-8.41,-5.57
NMAR,Innovator Growth-100 Power Buffer ETF - March,North America,31.82,643,6946,95850000.00,0.79,-0.47,2.89,-0.10,5.73,8.54,7.84,18.00
IXJ,iShares Global Healthcare ETF,Global,96.22,144004,113416,3689902038.40,0.40,1.16,2.87,4.43,-0.15,-0.46,-1.35,10.69
DVIN,WEBs Industrials XLI Defined Volatility ETF,North America,29.93,1,54,293371.00,0.89,1.35,2.87,1.46,2.32,16.86,13.13,15.72
DVUT,WEBs Utilities XLU Defined Volatility ETF,North America,26.08,1,416,257489.00,0.89,1.42,2.87,-3.24,-8.66,3.07,1.32,5.65
FREL,Fidelity MSCI Real Estate Index ETF,North America,29.70,246845,239483,1433736200.00,0.08,2.31,2.87,1.16,5.02,9.43,10.41,9.07
XLRE,State Street Real Estate Select Sector SPDR ETF,North America,44.97,5556441,5276054,7913796909.00,0.08,2.13,2.86,1.01,5.19,10.57,11.48,7.52
IYT,iShares U.S. Transportation ETF,North America,85.93,1055786,618318,2400114368.50,0.38,1.34,2.86,6.15,13.05,13.77,14.80,28.75
RSHO,Tema U.S. Manufacturing & Reshoring ETF,North America,58.67,17229,28999,281289540.00,0.75,0.60,2.84,0.50,15.15,28.78,31.84,53.15
CZA,Invesco Zacks Mid-Cap ETF,North America,119.38,1751,2774,180250830.00,0.69,1.31,2.84,1.65,6.40,6.23,8.12,13.09
PWV,Invesco Large Cap Value ETF,North America,75.58,24385,42590,1526458980.00,0.55,0.59,2.83,4.09,9.45,13.69,13.57,24.68
JDOC,JPMorgan Healthcare Leaders ETF,Global,57.50,157,950,8484000.00,0.65,1.54,2.82,3.99,1.28,-0.75,-0.49,14.86
EPHE,iShares MSCI Philippines ETF,Asia-Pacific,24.44,140222,112712,125878833.80,0.59,0.00,2.82,-2.63,-4.01,-1.21,-3.21,-12.75
PSCF,Invesco S&P SmallCap Financials ETF,North America,62.60,1990,1344,24593600.00,0.29,1.75,2.81,0.39,9.18,5.86,8.33,17.29
BBRE,JPMorgan BetaBuilders MSCI U.S. REIT ETF,North America,106.85,14629,58780,1222565750.00,0.11,2.50,2.80,1.80,7.37,14.70,15.51,13.97
IYF,iShares U.S. Financial ETF,North America,125.41,205571,195993,3523805491.50,0.38,0.88,2.80,1.50,5.65,-2.04,-2.94,7.06
IYR,iShares U.S. Real Estate ETF,North America,103.49,8192672,5676206,4529566899.20,0.38,2.38,2.79,0.60,4.95,9.21,10.25,9.13
BUFQ,FT Vest Laddered Nasdaq Buffer ETF,North America,38.80,158951,175511,1457329377.83,1.00,-0.35,2.79,0.09,7.94,8.48,7.70,19.62
REZ,iShares Residential and Multisector Real Estate ETF,North America,91.67,23200,28857,835250207.55,0.48,2.68,2.78,0.63,3.66,10.14,10.99,10.77
USRT,iShares Core U.S. REIT ETF,North America,66.14,458972,422502,4123773959.00,0.08,2.37,2.78,1.82,7.04,15.03,16.32,15.07
PAYR,Federated Hermes Enhanced Income ETF,North America,53.73,9359,9035,39028500.00,0.40,0.89,2.77,1.15,-1.17,6.06,6.09,7.57
VSDA,VictoryShares Dividend Accelerator ETF,North America,56.20,5358,6172,234114000.41,0.35,1.27,2.75,1.60,1.32,5.54,6.32,10.82
GRPZ,Invesco S&P SmallCap 600 GARP ETF,North America,30.10,110,264,2380830.79,0.35,1.02,2.69,-0.01,10.36,7.21,12.63,21.46
TSCV,Thrivent Small Cap Value ETF,North America,31.36,202,4102,176528761.62,0.60,1.46,2.69,1.45,13.32,14.44,17.53,25.02
DFAR,Dimensional US Real Estate ETF,North America,26.39,2129410,2644607,1700072738.54,0.19,2.29,2.68,1.81,6.76,13.36,15.24,11.68
EKG,First Trust Nasdaq Lux Digital Health Solutions ETF,Global,17.77,2090,1004,2603134.71,0.65,2.43,2.67,8.17,3.78,-8.46,-6.31,1.09
DGRS,WisdomTree U.S. SmallCap Quality Dividend Growth Fund,North America,57.23,24918,25691,381308340.00,0.38,1.10,2.67,1.13,7.94,11.88,15.03,22.78
VNQ,Vanguard Real Estate ETF,North America,97.67,3447042,3107756,37173820352.88,0.13,2.30,2.67,1.03,4.92,9.21,10.52,8.64
MYLD,Cambria Micro and SmallCap Shareholder Yield ETF,North America,30.99,3107,2490,26898112.50,1.09,0.60,2.65,2.91,10.33,11.60,15.60,34.92
FLQS,Franklin U.S. Small Cap Multifactor Index ETF,North America,46.38,567,4538,48230700.00,0.35,0.93,2.64,0.35,6.36,4.61,6.80,13.13
SCHH,Schwab U.S. REIT ETF,North America,23.91,5569026,4463976,9977056000.00,0.07,2.35,2.57,1.74,6.27,14.51,14.57,12.04
HSMV,First Trust Horizon Managed Volatility Small/Mid ETF,North America,37.56,2684,3675,31422023.93,0.80,1.62,2.57,-0.16,2.37,4.04,5.55,4.62
EASY,Liberty One Defensive Dividend Growth ETF,North America,26.71,652,14367,56566500.00,0.85,1.49,2.56,2.05,-4.00,4.98,5.72,5.60
PJP,Invesco Pharmaceuticals ETF,North America,112.00,20633,15570,343443520.00,0.57,1.41,2.56,5.17,5.97,6.25,7.00,36.69
MJ,ETFMG Alternative Harvest ETF,Global,27.20,31650,39501,136171753.01,0.75,-2.05,2.56,-2.09,8.80,3.34,-9.45,42.71
IYK,iShares U.S. Consumer Staples ETF,North America,72.50,540542,323773,1363217634.10,0.38,1.58,2.56,1.41,-0.89,7.65,8.35,2.78
PSCC,Invesco S&P SmallCap Consumer Staples ETF,North America,33.53,3718,5444,32874930.00,0.29,0.96,2.55,1.41,0.55,4.60,8.28,-3.83
SMLV,State Street SPDR US Small Cap Low Volatility Index ETF,North America,151.49,12634,4102,241825689.54,0.12,1.17,2.54,2.74,9.96,11.49,14.99,21.00
HTEC,ROBO Global Healthcare Technology and Innovation ETF,Global,35.26,2536,8661,55357787.54,0.68,1.91,2.52,3.81,5.87,-1.52,-0.63,26.95
SPLV,Invesco S&P 500 Low Volatility ETF,North America,73.64,3863761,2579853,6898968470.00,0.25,1.61,2.49,0.49,-1.96,4.00,3.17,1.14
KNG,FT Vest S&P 500 Dividend Aristocrats Target Income ETF,North America,49.72,311437,283298,3302917850.00,0.74,1.64,2.47,1.26,-1.31,0.89,0.85,0.91
ECML,Euclidean Fundamental Value ETF,North America,38.71,17,2490,131946254.00,0.95,1.30,2.46,1.54,8.42,11.43,14.40,26.63
NETL,Colterpoint Net Lease Real Estate ETF,North America,26.72,12687,12641,51060165.00,0.60,1.95,2.45,0.64,2.41,11.45,12.46,10.16
JPO,YieldMax JP Option Income Strategy ETF,North America,13.77,7592,19265,31290577.50,1.04,0.12,2.44,-2.07,0.35,-12.02,-13.84,-15.69
RZV,Invesco S&P SmallCap 600 Pure Value ETF,North America,141.98,2406,5806,268631845.68,0.35,0.88,2.42,3.80,14.62,14.63,18.73,40.60
TSRS,Truth Social American Red State REITs ETF,North America,27.29,2817,884,2683040.00,0.65,1.70,2.41,0.70,2.77,8.82,8.13,8.82
XLF,State Street Financial Select Sector SPDR ETF,North America,52.46,41695110,35777504,49649037467.00,0.08,0.94,2.41,1.51,4.96,-2.78,-4.32,2.18
PAVE,Global X U.S. Infrastructure Development ETF,North America,57.17,1492676,1588319,13604785732.48,0.47,1.17,2.40,-0.26,10.07,16.82,18.91,33.70
YUNG,Corgi Longevity Consumer ETF,Global,26.77,2,,1442842.50,0.35,2.00,2.40,4.96,4.15,4.15,4.15,4.15
IYG,iShares U.S. Financial Services ETF,North America,88.80,95693,120613,1924957352.40,0.38,1.02,2.37,1.65,6.42,-2.55,-3.83,6.98
VDC,Vanguard Consumer Staples ETF,North America,227.52,147864,169399,7797409899.78,0.09,1.03,2.36,-1.45,-2.30,6.69,7.77,2.89
PEJ,Invesco Leisure and Entertainment ETF,North America,63.84,28237,37970,249274080.00,0.57,1.38,2.34,4.31,8.04,4.86,3.87,16.58
XLI,State Street Industrial Select Sector SPDR ETF,North America,175.60,9457448,7965408,30620276228.35,0.08,1.13,2.34,0.26,3.46,12.64,12.84,20.85
FBT,First Trust Amex Biotech Index Fund,North America,226.09,25666,62226,2554606342.36,0.55,2.23,2.34,6.95,13.47,7.77,9.25,36.26
FNCL,Fidelity MSCI Financials Index ETF,North America,74.72,108174,106127,2178719835.00,0.08,1.00,2.33,1.19,5.27,-2.72,-3.95,3.23
LVHD,Franklin U.S. Low Volatility High Dividend Index ETF,North America,43.22,122147,61692,583339118.44,0.27,1.46,2.32,1.55,-0.07,7.65,8.38,8.70
TBLU,Tortoise Global Water ETF,Developed markets,50.42,2341,2189,52580346.00,0.40,1.47,2.32,-2.04,-3.21,-4.62,-1.53,-3.89
RDVY,First Trust Rising Dividend Achievers ETF,North America,76.70,1711191,1000224,22674158152.05,0.47,0.88,2.32,2.42,9.90,9.54,9.67,24.49
ROSC,Hartford Multifactor Small Cap ETF,North America,53.67,500,2721,58388110.00,0.34,0.99,2.31,1.24,10.20,11.27,14.70,29.70
XSVM,Invesco S&P SmallCap Value with Momentum ETF,North America,67.52,111678,25096,613111200.00,0.37,0.66,2.30,1.65,14.20,14.92,17.91,33.14
SIXS,ETC 6 Meridian Small Cap Equity ETF,North America,55.18,1472,1731,127293884.78,0.50,1.86,2.29,0.45,6.43,6.36,9.11,18.50
EBIT,Harbor AlphaEdge Small Cap Earners ETF,North America,38.42,1427,1078,11421000.00,0.29,0.84,2.29,1.41,10.89,7.90,14.03,25.09
SPHD,Invesco S&P 500 High Dividend Low Volatility ETF,North America,50.54,1244888,775138,3259906600.00,0.30,1.24,2.27,1.31,-0.30,5.45,5.27,6.62
RDVI,FT Vest Rising Dividend Achievers Target Income ETF,North America,27.97,1062457,565799,3230505155.39,0.75,0.97,2.27,1.75,6.71,5.39,5.83,14.35
BUSA,Brandes U.S. Value ETF,North America,39.68,23731,18220,297160920.00,0.60,0.88,2.26,2.44,5.58,9.06,8.41,21.45
FTXH,First Trust Nasdaq Pharmaceuticals ETF,North America,35.64,42364,7878,35126070.25,0.60,1.48,2.26,4.76,3.45,10.01,8.03,37.36
QVMS,Invesco S&P SmallCap 600 QVM Multi-factor ETF,North America,33.01,766,311,238534832.68,0.15,0.90,2.26,1.65,12.76,12.10,16.36,30.68
VFH,Vanguard Financials ETF,North America,128.68,823225,602219,12253409210.65,0.09,1.00,2.25,1.26,5.56,-2.64,-3.67,3.43
ITB,iShares U.S. Home Construction ETF,North America,96.27,4169307,2193146,2549845205.75,0.38,4.02,2.22,2.84,-0.28,-6.01,-0.45,5.37
ONEV,State Street SPDR Russell 1000 Low Volatility Focus ETF,North America,142.67,1783,28263,412529908.05,0.20,1.16,2.21,2.57,4.27,5.27,6.90,10.98
TMED,T. Rowe Price Health Care ETF,Global,31.97,2707,1699,20404170.80,0.44,1.82,2.20,6.06,8.84,7.24,7.92,27.82
GLIX,Lazard Listed Infrastructure ETF,Global,27.54,7202,9219,29347500.00,0.96,0.73,2.20,1.13,1.02,9.98,10.42,9.72
AFSC,abrdn Focused U.S. Small Cap Active ETF,North America,36.21,218,263,10307184.22,0.65,1.30,2.19,0.21,15.68,13.83,18.02,27.31
DIVG,Invesco S&P 500 High Dividend Growers ETF,North America,36.37,3342,1960,11152285.98,0.39,1.03,2.19,2.65,5.39,10.21,11.70,18.67
GLAM,"Corgi Beauty, Skincare & Aesthetics ETF",Global,25.66,612,,1371529.50,0.35,2.78,2.18,0.45,-0.62,-0.62,-0.62,-0.62
SMDV,ProShares Russell 2000 Dividend Growers ETF,North America,73.70,38003,21193,657651864.00,0.40,1.28,2.18,0.82,6.81,8.22,11.48,13.61
HAUS,Residential REIT ETF,North America,19.00,855,3447,8598872.00,0.60,1.75,2.17,1.57,5.51,8.71,7.79,4.48
SIXL,ETC 6 Meridian Low Beta Equity ETF,North America,38.26,2022,3286,186501839.96,0.46,1.49,2.17,-0.54,-0.62,3.52,4.47,4.42
HWSM,Hotchkis & Wiley SMID Cap Diversified Value Fund,Global,30.24,7,276,2695500.00,0.55,0.88,2.16,4.00,11.33,9.14,8.86,25.44
XLSI,State Street Consumer Staples Select Sector SPDR Premium Income ETF,North America,23.38,9345,9860,4638989.60,0.35,1.13,2.16,-0.28,-2.89,-2.66,-0.79,-7.02
RZG,Invesco S&P SmallCap 600 Pure Growth ETF,North America,65.35,3458,7893,119322073.98,0.35,1.28,2.15,0.70,14.68,16.15,20.37,30.20
RFV,Invesco S&P MidCap 400 Pure Value ETF,North America,143.42,6021,5089,320369785.14,0.35,0.66,2.15,2.88,12.32,7.98,11.70,21.05
INDS,Pacer Industrial Real Estate ETF,Developed markets,40.39,5881,9061,112603500.00,0.49,2.46,2.15,0.34,3.16,7.45,9.48,8.69
FRI,First Trust S&P REIT Index Fund,North America,31.46,10530,21226,175235161.49,0.50,2.38,2.14,1.39,6.28,13.86,15.20,14.28
ICF,iShares Select U.S. REIT ETF,North America,68.85,145775,124224,2052475729.60,0.32,1.97,2.14,1.38,6.38,14.43,15.33,11.43
ASCE,Allspring SMID Core ETF,North America,33.34,133607,34261,86291449.12,0.38,1.33,2.14,2.73,21.58,20.74,23.38,34.48
JPSV,JPMorgan Active Small Cap Value ETF,North America,65.56,435,934,25213500.00,0.74,1.30,2.14,2.22,10.90,8.28,13.04,16.95
UDI,USCF Dividend Income Fund,North America,35.28,4812,3165,4036960.00,0.65,0.45,2.13,3.27,4.55,9.01,9.41,19.23
FYT,First Trust Small Cap Value AlphaDEX Fund,North America,67.38,3025,13353,172801332.92,0.70,1.30,2.13,1.73,10.69,13.97,18.72,35.59
GDOC,Goldman Sachs Future Health Care Equity ETF,Global,33.78,311,1652,19980000.00,0.75,1.52,2.11,6.22,2.09,-5.62,-4.75,7.47
IYRI,NEOS Real Estate High Income ETF,North America,49.52,108086,75675,272293931.00,0.68,1.64,2.08,-0.20,0.00,1.48,1.89,-1.16
KMID,Virtus KAR Mid-Cap ETF,North America,25.04,16889,13558,47000398.95,0.80,1.28,2.07,-0.66,1.88,1.80,2.76,1.31
SNPD,Xtrackers S&P ESG Dividend Aristocrats ETF,North America,29.38,59,1946,2604988.94,0.15,1.39,2.07,2.57,3.25,7.54,8.75,11.99
PBE,Invesco Biotechnology & Genome ETF,North America,84.25,1636,5139,255054780.00,0.58,2.12,2.06,2.48,7.13,4.51,3.04,28.76
GXPS,Global X PureCap MSCI Consumer Staples ETF,North America,26.72,19272,30021,58456489.00,0.15,0.95,2.05,-1.63,-0.48,8.39,9.99,7.08
BOAT,SonicShares Global Shipping ETF,Global,40.96,17242,26284,73061662.50,0.69,-0.13,2.03,-3.90,-0.47,25.59,29.73,38.46
DVOL,First Trust Dorsey Wright Momentum & Low Volatility ETF,North America,36.04,5399,10687,71162071.16,0.60,1.29,2.02,-0.94,2.06,3.44,3.02,3.73
GSC,Goldman Sachs Small Cap Equity ETF,Global,63.02,8610,19837,266460750.00,0.75,1.02,2.01,2.34,13.41,12.06,14.11,25.95
MEDI,Harbor Health Care ETF,Global,31.02,940,14872,38772750.00,0.80,2.09,2.00,2.32,1.02,-0.70,-1.52,18.27
EVX,VanEck Environmental Services ETF,Global,39.45,8607,7730,95639680.50,0.55,1.26,1.99,-1.00,-0.85,1.94,3.17,6.25
DES,WisdomTree U.S. SmallCap Dividend Fund,North America,39.13,372912,144901,2086041300.00,0.38,0.95,1.98,1.29,9.95,13.68,16.74,23.09
FSTA,Fidelity MSCI Consumer Staples Index ETF,North America,52.98,114860,138169,1380168770.00,0.08,0.95,1.98,-1.49,-2.32,6.60,7.70,2.46
BUYB,ProShares S&P 500 Buyback Aristocrats ETF,North America,40.79,214,,13750.18,0.39,1.13,1.98,3.16,2.26,2.26,2.26,2.26
IVOV,Vanguard S&P Mid-Cap 400 Value ETF,North America,111.06,11410,17135,1282662450.00,0.10,1.09,1.97,1.46,9.06,6.25,9.81,18.77
RWJ,Invesco S&P SmallCap 600 Revenue ETF,North America,57.19,133250,81017,1887040524.60,0.39,0.67,1.96,2.20,14.17,14.43,16.91,34.98
SUPL,ProShares Supply Chain Logistics ETF,Global,47.78,330,568,2366945.00,0.58,0.42,1.95,5.88,10.18,17.27,18.98,25.80
MGMT,Ballast Small/Mid Cap ETF,North America,49.16,3292,8848,176436000.00,1.10,0.36,1.95,1.48,8.11,7.43,10.15,24.61
GYLD,Arrow Dow Jones Global Yield ETF,Global,14.20,7115,21517,33504000.00,0.75,0.43,1.94,-0.28,1.50,7.82,6.77,9.11
DFNL,Davis Select Financial ETF,Global,46.81,37567,38630,445310991.89,0.61,1.05,1.94,0.11,3.52,-2.90,-3.40,13.04
TRUF,VanEck Financials TruSector ETF,North America,27.37,100,389,532100.00,0.10,0.88,1.94,2.33,4.92,4.92,4.92,4.92
PKW,Invesco BuyBack Achievers ETF,North America,139.08,9981,28322,1617999600.00,0.62,1.10,1.93,0.83,4.38,3.50,2.99,15.65
XLP,State Street Consumer Staples Select Sector SPDR ETF,North America,84.10,12440595,12163876,14199566788.15,0.08,1.24,1.93,-0.51,-1.69,7.26,8.22,3.11
PPH,VanEck Pharmaceutical ETF,Global,105.89,307932,214437,899173754.53,0.36,1.18,1.92,4.73,-0.48,6.12,2.41,18.48
RSPS,Invesco S&P 500 Equal Weight Consumer Staples ETF,North America,30.15,35953,67941,228289600.00,0.40,1.68,1.92,0.43,-3.59,1.75,3.93,-0.27
VAMO,Cambria Value and Momentum ETF,North America,35.50,862,85559,104535751.74,0.65,0.14,1.91,0.72,3.36,1.82,3.69,17.69
LGHT,Langar Global HealthTech ETF,Global,8.36,1160,4773,2368337.20,0.85,2.26,1.91,0.56,-9.02,-17.01,-16.51,-19.10
BSMC,Brandes U.S. Small-Mid Cap Value ETF,North America,38.50,21469,10455,164432160.00,0.71,0.84,1.90,0.93,5.18,10.61,10.62,22.99
MFSV,MFS Active Value ETF,Global,28.07,69906,129453,496842915.45,0.44,0.90,1.89,1.89,3.69,6.57,5.76,13.00
WDNA,WisdomTree BioRevolution Fund,Developed markets,17.91,896,983,2298660.00,0.45,1.33,1.89,0.41,0.91,0.75,5.68,35.33
REGL,ProShares S&P MidCap 400 Dividend Aristocrats ETF,North America,89.03,51676,51727,1676076765.00,0.40,1.44,1.89,-1.02,1.67,5.03,5.41,9.27
PEZ,Invesco Dorsey Wright Consumer Cyclicals Momentum ETF,North America,101.16,49,362,22890520.00,0.60,1.56,1.89,2.46,2.68,-4.30,-3.31,6.93
FTDS,First Trust Dividend Strength ETF,North America,60.74,10706,3743,39138570.43,0.70,0.70,1.87,1.77,0.69,5.33,6.75,17.40
FNK,First Trust Mid Cap Value AlphaDEX Fund,North America,60.50,3281,5209,214995719.44,0.74,1.28,1.87,2.19,6.23,5.62,8.29,19.19
MDYV,State Street SPDR S&P 400 Mid Cap Value ETF,North America,92.75,45790,67805,2564973648.10,0.15,1.17,1.86,1.58,8.43,7.24,9.16,18.45
PSL,Invesco Dorsey Wright Consumer Staples Momentum ETF,North America,110.35,1229,1947,82291500.00,0.60,0.63,1.85,-0.76,-0.42,10.10,9.94,-0.43
HDV,iShares Core High Dividend ETF,North America,27.54,4038881,2463580,13506055963.10,0.08,0.62,1.85,2.15,1.85,12.16,13.29,18.09
LGLV,State Street SPDR US Large Cap Low Volatility Index ETF,North America,179.81,17678,36557,1112926997.40,0.12,1.61,1.85,0.51,-1.66,2.47,2.26,2.95
WMTI,REX WMT Growth & Income ETF,North America,23.63,52028,47669,17819718.00,0.99,-2.03,1.85,-14.26,-13.61,-13.54,-11.40,-6.00
CVSM,CresAlta Small and Mid-Cap ETF,North America,26.12,420,,94839621.63,0.55,0.97,1.85,3.36,3.36,3.36,3.36,3.36
KDVD,Keeley Dividend ETF,North America,27.71,221,257,8106010.00,0.00,0.76,1.84,1.50,5.61,8.61,10.96,10.60
DOGG,FT Vest DJIA Dogs 10 Target Income ETF,North America,21.61,45024,28660,73623042.68,0.75,1.19,1.83,1.78,-4.01,3.53,3.73,8.69
NFRX,Harrison Street Infrastructure Active ETF,Global,26.63,11,214,,0.80,0.68,1.82,-0.32,-0.38,6.51,6.51,6.51
IJJ,iShares S&P Mid-Cap 400 Value ETF,North America,144.19,137378,144735,8452269046.40,0.18,1.18,1.81,1.47,8.50,7.14,9.38,18.53
GASZ,Corgi Natural Gas Power & Turbines ETF,Global,23.89,593,,6573407.50,0.35,-0.13,1.81,-1.53,-5.85,-5.85,-5.85,-5.85
IJS,iShares S&P SmallCap 600 Value ETF,North America,132.38,489326,483658,7789917306.60,0.18,0.95,1.80,2.08,12.52,13.22,15.89,34.46
XMVM,Invesco S&P MidCap Value with Momentum ETF,North America,69.87,31056,23327,462616920.00,0.39,0.63,1.78,0.75,7.94,6.27,8.43,27.73
FIDU,Fidelity MSCI Industrials Index ETF,North America,94.84,58380,103638,2181793950.00,0.08,1.04,1.78,0.15,4.65,13.85,14.54,24.32
VIOV,Vanguard S&P Small-Cap 600 Value ETF,North America,113.59,45670,56003,1786364450.30,0.10,0.91,1.78,1.98,12.29,12.80,15.55,34.24
PEY,Invesco High Yield Equity Dividend Achievers ETF,North America,22.96,179470,197438,1066170480.00,0.54,1.06,1.77,3.14,9.44,11.08,12.27,12.60
DON,WisdomTree U.S. MidCap Dividend Fund,North America,55.78,138664,116515,3868651800.00,0.38,1.23,1.77,0.76,5.23,6.25,8.02,12.37
NUMV,Nuveen ESG Mid-Cap Value ETF,North America,43.19,7390,18137,444708056.83,0.31,1.02,1.76,3.12,9.58,8.75,9.94,21.51
BYRE,Principal Real Estate Active Opportunities ETF,North America,27.46,1789,2546,25323814.94,0.60,1.83,1.76,-0.15,5.21,11.35,12.31,8.33
SPYD,State Street SPDR Portfolio S&P 500 High Dividend ETF,North America,48.19,1900989,1213774,7295792864.80,0.07,1.09,1.76,2.75,3.84,10.22,11.27,13.23
FLQM,Franklin U.S. Mid Cap Multifactor Index ETF,North America,57.65,69897,117193,1527926100.00,0.30,1.26,1.75,1.77,2.74,1.68,2.13,5.88
PFI,Invesco Dorsey Wright Financial Momentum ETF,North America,59.08,650,1354,32705120.00,0.60,1.18,1.75,0.71,10.98,-0.28,2.31,5.77
HOMZ,Hoya Capital Housing ETF,North America,44.77,2251,2392,33747375.00,0.30,2.81,1.75,1.56,1.17,-4.25,-1.65,4.82
SMOX,Horizon Small/Mid Cap Core Equity ETF,North America,29.40,4596,17084,70557278.00,0.75,0.87,1.74,1.15,9.47,14.55,15.99,16.73
VBR,Vanguard Small-Cap Value ETF,North America,237.53,813803,326152,35492978867.65,0.05,1.21,1.74,1.55,8.48,10.11,11.76,23.21
SEPW,AllianzIM U.S. Large Cap Buffer20 Sep ETF,North America,33.14,35512,195442,108670067.50,0.74,-0.05,1.73,0.46,3.64,4.72,3.73,11.89
CSRE,Cohen & Steers Real Estate Active ETF,Global,28.75,104794,132385,408966417.87,0.70,2.06,1.73,0.28,4.70,11.43,12.26,11.43
XRT,State Street SPDR S&P Retail ETF,North America,84.83,8882472,5843403,289354859.35,0.35,1.29,1.73,0.31,2.72,-3.43,-1.07,7.76
STYL,Corgi Lifestyle Brands ETF,Global,26.58,3,,1429136.50,0.35,2.13,1.73,3.55,2.11,2.11,2.11,2.11
COSW,Roundhill COST WeeklyPay ETF,North America,42.68,5588,5859,12451846.00,0.99,-0.69,1.72,-7.18,-9.23,-3.00,0.40,-14.11
SLYV,State Street SPDR S&P 600 Small Cap Value ETF,North America,105.69,350917,241257,4625942058.47,0.15,0.96,1.72,2.04,12.08,12.63,15.69,33.73
VIS,Vanguard Industrials ETF,North America,342.81,72329,81309,7795903282.94,0.09,1.13,1.71,0.30,4.95,13.66,14.42,24.49
MLPD,Global X MLP & Energy Infrastructure Covered Call ETF,North America,25.09,10567,11671,28841703.47,0.60,-0.19,1.71,-1.83,-2.06,-1.37,-0.07,1.30
SDVY,First Trust SMID Cap Rising Dividend Achievers ETF,North America,41.79,1655886,1133186,10826005682.74,0.59,0.99,1.70,-0.41,4.55,6.91,8.55,19.33
REET,iShares Global REIT ETF,Global,27.47,2885392,2122427,4707688854.00,0.14,2.01,1.67,0.15,4.29,9.44,9.97,10.06
IXG,iShares Global Financial ETF,Global,122.74,16895,13414,541023083.45,0.41,0.82,1.67,1.13,7.21,2.50,0.98,11.27
VGSR,Vert Global Sustainable Real Estate ETF,Global,11.36,119749,74417,511737899.32,0.45,1.56,1.66,0.49,4.85,9.62,8.66,7.33
HMYY,GraniteShares YieldBoost HIMS ETF,North America,7.02,1380,4000,762306.93,1.07,1.96,1.66,-2.84,-20.62,-71.17,-61.82,-71.82
AFMC,First Trust Active Factor Mid Cap ETF,North America,39.93,54904,24844,168257579.18,0.68,0.81,1.65,1.89,11.01,13.79,15.37,26.40
LSAF,LeaderShares AlphaFactor US Core Equity ETF,North America,51.20,4017,4140,115183250.00,0.75,1.14,1.64,4.53,11.69,11.83,13.47,23.66
SFEB,FT Vest U.S. Small Cap Moderate Buffer ETF - February,North America,25.61,10475,6872,122956851.23,0.90,0.35,1.63,0.59,6.93,8.19,8.79,21.32
ABCS,Alpha Blue Capital US Small-Mid Cap Dynamic ETF,North America,32.89,3113,1894,11397050.00,0.42,0.98,1.63,2.91,9.27,6.23,7.90,16.26
XJR,iShares ESG Select Screened S&P Small-Cap ETF,North America,49.54,6047,7377,139680620.40,0.12,0.92,1.62,1.65,13.67,12.59,15.80,27.22
RSPF,Invesco S&P 500 Equal Weight Financial ETF,North America,76.08,3610,10292,274976400.00,0.40,0.94,1.62,1.11,5.06,-2.27,-3.66,2.92
TMVE,Thrivent Mid Cap Value ETF,North America,17.47,2269,2086,313318888.09,0.55,1.00,1.61,2.45,11.82,14.09,14.99,22.37
SVAL,iShares US Small Cap Value Factor ETF,North America,40.45,8854,13651,190603492.25,0.20,0.70,1.61,2.80,12.02,13.24,17.11,31.84
SQLV,Royce Quant Small-Cap Quality Value ETF,North America,49.55,360,1330,26960351.00,0.60,1.02,1.60,3.08,12.33,11.42,14.28,24.72
USVM,VictoryShares US Small Mid Cap Value Momentum ETF,North America,105.31,44003,46891,1615546196.33,0.29,0.64,1.60,1.46,11.32,13.76,15.13,26.85
SPVM,Invesco S&P 500 Value with Momentum ETF,North America,73.56,192307,19162,125107020.00,0.39,0.49,1.60,3.69,5.83,8.18,9.19,26.29
TPSC,Timothy Plan US Small Cap Core ETF,North America,45.78,9567,17288,330690000.00,0.52,0.81,1.59,-0.01,7.66,8.09,10.52,18.68
FVD,First Trust VL Dividend,North America,47.80,1218842,952872,7902858415.41,0.62,1.21,1.59,0.93,-1.04,3.73,3.67,6.70
VFMF,Vanguard U.S. Multifactor ETF,North America,173.88,16205,19405,653092800.00,0.18,0.75,1.58,2.95,10.99,13.50,14.86,31.17
STNC,Hennessy Sustainable ETF,North America,36.28,2387,837,92561464.68,0.85,0.51,1.58,0.53,5.09,8.13,8.91,19.57
CAPE,DoubleLine Shiller CAPE U.S. Equities ETF,North America,32.46,515618,47121,256384080.00,0.65,0.97,1.57,-0.24,-0.03,0.81,0.97,4.54
PSCI,Invesco S&P SmallCap Industrials ETF,North America,172.71,2931,2923,174448560.00,0.29,0.95,1.57,-1.15,10.21,11.14,14.27,32.23
TMLP,Tortoise MLP ETF,North America,28.78,2433,4831,43160769.80,0.50,-0.69,1.56,0.26,1.51,14.40,14.26,14.40
IJR,iShares Core S&P Small-Cap ETF,North America,139.89,6005912,3713406,103665546887.40,0.06,0.95,1.56,1.16,12.59,12.91,15.95,28.71
TFNS,T. Rowe Price Financials ETF,North America,26.81,150,750,13274134.00,0.44,0.99,1.56,2.18,7.37,-2.73,-2.75,7.81
TRUO,VanEck Consumer Staples TruSector ETF,North America,25.45,3844,,252720.80,0.14,0.98,1.56,1.56,1.56,1.56,1.56,1.56
XSHD,Invesco S&P SmallCap High Dividend Low Volatility ETF,North America,13.76,13233,36800,71316013.58,0.30,1.32,1.54,0.36,3.76,5.84,6.91,2.76
GABF,Gabelli ETFs Trust Gabelli Financial Services Opportunities ETF,North America,44.07,1889,5054,52706700.00,1.24,1.51,1.54,0.20,7.09,-7.32,-5.15,-4.09
INDE,Matthews India Active ETF,Asia-Pacific,27.65,289,1840,13074240.00,0.79,0.66,1.54,-1.72,2.18,-8.94,-8.20,-7.65
ODDS,Pacer BlueStar Digital Entertainment ETF,Global,24.72,1371,609,3894400.00,0.49,1.77,1.54,0.67,0.73,-16.57,-16.30,-14.47
DFGR,Dimensional Global Real Estate ETF,Global,29.02,615604,479407,3571270328.77,0.22,1.83,1.54,0.17,4.43,8.08,9.80,7.88
SDVD,FT Vest SMID Rising Dividend Achievers Target Income ETF,North America,22.50,112870,152960,841973294.49,0.85,0.81,1.53,-1.36,1.72,2.88,4.36,9.97
ASD,Defiance Autism Impact ETF,North America,25.03,70,,1244975.00,0.79,0.78,1.52,1.52,1.52,1.52,1.52,1.52
MLPX,Global X MLP & Energy Infrastructure ETF,North America,73.30,354410,388709,3456849958.98,0.45,-0.08,1.52,-0.15,2.81,22.23,21.28,17.66
DGLO,First Trust RBA Deglobalization ETF,North America,23.75,151,360,3535097.13,0.70,0.70,1.52,3.20,5.91,12.92,14.60,18.02
DIVL,Madison Dividend Value ETF,Global,24.63,160,311,60533797.50,0.65,0.67,1.52,0.75,0.43,5.56,7.09,12.29
XMLV,Invesco S&P MidCap Low Volatility ETF,North America,64.94,20592,21965,709232760.00,0.25,1.39,1.52,-0.84,-0.18,3.66,4.09,5.00
EINC,VanEck Energy Income ETF,North America,118.28,2760,7714,155938939.20,0.46,-0.23,1.52,1.09,2.69,22.20,22.53,20.98
XOMO,YieldMax XOM Option Income Strategy ETF,North America,11.47,33375,62551,26210700.00,1.17,-1.80,1.50,-1.71,-10.11,-2.38,-1.63,-8.31
FAB,First Trust Multi Cap Value AlphaDEX Fund,North America,100.17,1732,1838,138685598.12,0.66,1.06,1.50,2.34,6.91,9.70,12.59,25.02
RPV,Invesco S&P 500 Pure Value ETF,North America,114.77,64557,81949,1836702175.64,0.35,0.67,1.50,3.78,6.79,10.13,10.87,25.35
PZLV,Pzena U.S. Large Cap Value ETF,North America,28.27,521,1368,64805346.10,0.60,0.77,1.49,5.47,12.34,12.34,12.34,12.34
ADDS,Hedgeye Index Adds ETF,North America,25.31,19018,,2843401.00,0.70,-2.13,1.48,2.30,2.30,2.30,2.30,2.30
CWS,AdvisorShares Focused Equity ETF,North America,68.48,9452,16431,133086345.30,0.65,1.07,1.48,1.61,2.21,-2.57,0.00,0.00
JPUS,JPMorgan Diversified Return U.S. Equity ETF,North America,138.09,7064,8843,444697500.00,0.18,0.91,1.46,1.26,4.36,10.26,10.92,18.53
SDY,State Street SPDR S&P Dividend ETF,North America,150.73,371365,224838,21101798862.49,0.35,1.30,1.46,1.05,0.59,7.40,8.15,11.27
VOE,Vanguard Mid-Cap Value ETF,North America,196.38,393327,275797,22613614308.60,0.05,0.73,1.46,2.21,5.68,9.40,10.39,20.46
FTA,First Trust Large Cap Value AlphaDEX Fund,North America,96.54,22362,27227,1310322991.29,0.58,0.91,1.45,2.95,5.42,11.48,11.80,25.22
MAGA,Point Bridge America First ETF,North America,54.91,2025,1061,29909000.00,0.72,0.96,1.45,1.37,1.80,3.67,6.73,10.94
DFSV,Dimensional US Small Cap Value ETF,North America,38.11,1400314,952697,7675114243.65,0.30,0.82,1.44,1.41,10.34,12.89,15.52,31.73
ROPE,Coastal Compass 100 ETF,North America,29.53,2164,1237,9112915.00,0.81,0.44,1.44,3.14,4.60,8.36,8.47,17.19
TPYP,Tortoise North American Pipeline ETF,North America,42.08,39493,61949,856635906.00,0.40,-0.05,1.44,0.43,1.59,19.34,19.24,18.40
SPSM,State Street SPDR Portfolio S&P 600 Small Cap ETF,North America,54.43,1946192,1495878,15522289661.37,0.03,0.93,1.43,1.19,12.27,12.48,15.61,28.65
FTXG,First Trust Nasdaq Food & Beverage ETF,North America,22.43,4727,15579,23230244.25,0.60,1.40,1.42,0.15,-1.30,4.63,7.03,0.19
MGV,Vanguard Mega Cap Value ETF,North America,159.25,274856,206181,12640545074.95,0.05,0.48,1.41,3.81,7.88,12.82,12.60,23.95
NBSM,Neuberger Small-Mid Cap ETF,North America,26.89,15363,28574,216304286.54,0.65,1.23,1.41,-0.43,4.97,4.20,6.51,8.40
RWK,Invesco S&P MidCap 400 Revenue ETF,North America,143.21,14810,16836,1238330805.00,0.39,0.89,1.41,1.93,11.73,10.42,12.49,25.08
IQRA,NYLI CBRE Real Assets ETF,Global,29.96,4,19,6648525.00,0.65,1.23,1.41,-1.83,0.03,6.61,6.34,9.29
FYX,First Trust Small Cap Core AlphaDEX Fund,North America,135.39,15740,31112,1269617218.70,0.58,0.70,1.40,1.54,13.55,15.84,18.88,42.29
AMZA,InfraCap MLP ETF,North America,46.46,29789,38724,449648178.66,1.72,0.26,1.40,-0.58,3.43,16.35,17.38,7.80
TPHD,Timothy Plan High Dividend Stock ETF,North America,41.79,7951,23908,343925157.50,0.52,0.84,1.39,0.39,1.27,8.11,8.33,11.45
RNTY,YieldMax Target 12 Real Estate Option Income ETF,North America,50.33,907,1449,4968380.00,0.99,1.17,1.39,-0.22,-0.13,2.30,3.49,-2.82
FLV,American Century Focused Large Cap Value ETF,North America,80.69,5105,14157,358884231.00,0.42,0.48,1.39,1.11,3.65,5.06,6.92,17.03
DFAT,Dimensional U.S. Targeted Value ETF,North America,68.12,446214,304965,13792847370.57,0.28,1.02,1.38,1.38,9.91,12.04,14.01,28.24
VIOO,Vanguard S&P Small-Cap 600 ETF,North America,129.26,68288,78962,3900871240.48,0.07,0.91,1.38,1.16,12.68,11.86,15.95,29.08
DEUS,Xtrackers Russell US Multifactor ETF,North America,64.67,15760,11596,272552564.13,0.17,0.78,1.37,1.98,6.39,9.65,10.87,16.28
MDST,Westwood Salient Enhanced Midstream Income ETF,North America,28.89,64590,64026,261869906.36,0.80,-0.31,1.37,1.05,-0.38,10.65,9.35,7.64
KXI,iShares Global Consumer Staples ETF,Global,67.99,85199,59450,1001978497.10,0.39,1.13,1.37,-1.12,-1.69,4.30,5.10,2.09
FDIV,MarketDesk Focused U.S. Dividend ETF,North America,27.57,4611,11949,70763680.00,0.35,1.28,1.37,0.28,0.59,0.50,1.72,5.46
EZM,WisdomTree U.S. MidCap Fund,North America,73.95,16452,16939,900827400.00,0.38,0.94,1.37,1.44,9.65,8.59,10.29,20.73
XSHQ,Invesco S&P SmallCap Quality ETF,North America,46.10,11386,39461,242868825.74,0.29,0.83,1.36,0.22,8.85,5.16,8.80,12.47
ERET,iShares Environmentally Aware Real Estate ETF,Developed markets,28.81,6633,3810,13539905.28,0.30,1.75,1.36,-1.65,1.11,6.12,7.52,7.48
GLIN,VanEck India Growth Leaders ETF,Asia-Pacific,44.87,5257,9369,94113300.95,0.72,1.54,1.36,-2.88,2.63,-1.17,-3.71,-5.66
AVIE,Avantis Inflation Focused Equity ETF,North America,74.25,395,1349,10415958.00,0.25,-0.24,1.36,2.24,2.90,12.17,11.95,21.90
RWO,State Street SPDR Dow Jones Global Real Estate ETF,Global,49.44,68972,44384,1227690421.90,0.50,2.09,1.35,-0.30,2.96,9.26,9.24,10.73
EUV,Corgi Lithography & Semiconductor Photonics ETF,Global,26.97,1133245,,236675119.00,0.35,-2.64,1.35,2.94,2.35,2.35,2.35,2.35
ONEY,State Street SPDR Russell 1000 Yield Focus ETF,North America,129.51,7184,29545,795335867.04,0.20,0.70,1.34,3.55,7.13,12.08,13.84,19.61
DVVY,Invesco Diversified Dividend Opportunities ETF,North America,26.36,2,69,2620403.36,0.33,0.58,1.34,2.02,7.32,7.32,7.32,7.32
VTV,Vanguard Value ETF,North America,213.69,4498546,2511918,180384560614.12,0.03,0.53,1.33,3.29,7.13,11.63,11.58,23.29
AFSM,First Trust Active Factor Small Cap ETF,North America,38.08,18938,14452,100019025.49,0.75,0.79,1.33,1.28,14.58,12.86,15.46,28.65
CSIO,Cohen & Steers Infrastructure Opportunities Active ETF,Global,28.44,20506,17110,42362503.81,0.65,0.50,1.33,-0.83,1.98,13.32,12.78,14.46
EES,WisdomTree U.S. SmallCap Fund,North America,64.70,10662,17557,683442450.00,0.38,0.69,1.33,0.72,11.84,11.21,13.15,28.22
XLFI,State Street Financial Select Sector SPDR Premium Income ETF,North America,22.97,12331,6764,5036196.00,0.35,0.50,1.33,1.42,2.24,-7.14,-7.30,-7.63
DIVP,Cullen Enhanced Equity Income ETF,North America,26.90,18250,19225,53574957.05,0.55,0.34,1.32,1.62,2.95,5.32,6.53,7.82
BIBL,Inspire 100 ETF,North America,54.62,45364,61607,462145000.00,0.35,0.44,1.32,2.65,12.46,18.71,20.18,34.80
BASV,Brown Advisory Sustainable Value ETF,North America,29.94,20386,22571,384627255.41,0.71,0.88,1.32,2.57,10.36,6.21,6.93,18.46
IDVZ,Polen International Dividend Income Fund,Global Ex-U.S.,34.09,21802,27967,172313076.00,0.75,0.24,1.32,-2.39,1.62,8.47,6.28,17.13
FFSM,Fidelity Fundamental Small-Mid Cap ETF,Global,36.06,113004,140182,1292629063.95,0.43,0.90,1.32,-0.36,11.12,14.40,16.77,34.70
SYLD,Cambria Shareholder Yield ETF,North America,79.32,98665,62395,931379570.00,0.59,0.67,1.32,0.90,7.50,11.24,13.45,23.35
TLCI,Touchstone International Equity ETF,Developed markets,26.27,3002,2636,107786250.00,0.37,0.49,1.31,2.74,2.52,0.65,-0.19,0.07
RSMC,Rockefeller U.S. Small-Mid Cap ETF,North America,28.11,21371,10576,760852089.00,0.75,0.84,1.28,-1.15,13.03,7.89,10.52,10.39
GRPM,Invesco S&P MidCap 400 GARP ETF,North America,128.26,8415,11769,472441770.00,0.35,0.06,1.27,1.52,5.07,4.79,6.85,19.83
DRAY,YieldMax DKNG Option Income Strategy ETF,North America,18.31,11988,6978,4650085.00,1.03,8.49,1.27,-1.61,-4.26,-43.49,-41.05,-63.56
TCAL,T. Rowe Price Capital Appreciation Premium Income ETF,North America,22.28,41706,91809,266920956.45,0.34,1.34,1.27,-0.54,-4.34,-5.89,-6.07,-9.80
EIRL,iShares MSCI Ireland ETF,Europe,76.57,3898,14348,86551159.70,0.50,0.85,1.26,2.01,7.97,4.63,4.06,14.69
CGW,Invesco S&P Global Water Index ETF,Global,62.76,19242,30874,987078120.00,0.58,1.42,1.26,-3.54,-2.71,-1.27,-0.82,2.65
FDM,First Trust DJ Select MicroCap ETF,North America,87.83,11329,6840,247605585.00,0.60,1.10,1.26,0.01,6.75,7.72,9.82,26.92
PWS,Pacer WealthShield ETF,North America,31.78,843,8807,25200000.00,0.60,0.90,1.25,-0.20,-1.30,-3.89,-2.39,6.87
RIET,Hoya Capital High Dividend Yield ETF,North America,9.72,164847,65560,104012800.00,0.50,1.46,1.25,0.52,3.29,3.40,4.40,3.62
CSTK,Invesco Comstock Contrarian Equity ETF,Global,32.45,5353,36151,165174255.07,0.35,0.37,1.25,2.85,10.01,10.11,10.45,23.39
EWN,iShares MSCI Netherlands Index Fund,Europe,67.47,143824,227280,658938521.15,0.50,1.25,1.25,3.66,12.79,14.30,15.37,25.46
SMIG,AAM Bahl & Gaynor Small/Mid Cap Income Growth ETF,North America,31.77,245174,311597,1366444484.00,0.60,1.49,1.24,1.08,5.94,10.93,10.24,9.59
SCHV,Schwab U.S. Large-Cap Value ETF,North America,33.81,6043605,3353745,15555969000.00,0.04,0.42,1.23,3.55,8.82,14.26,13.76,24.44
MVAL,VanEck Morningstar Wide Moat Value ETF,North America,36.26,2047,544,1792087.00,0.50,1.32,1.23,1.23,-0.79,-2.65,-0.05,13.99
BINV,Brandes International ETF,Global,42.55,51079,36440,482125150.00,0.70,0.83,1.21,-2.00,2.16,6.37,4.93,19.69
QIDX,Indexperts Quality Earnings Focused ETF,North America,11.50,873,3170,38036119.51,0.50,0.85,1.21,1.88,5.50,5.96,6.55,10.49
FFOX,FundX Future Fund Opportunities ETF,North America,28.44,41471,18495,217691176.50,1.02,1.57,1.21,1.64,3.67,0.21,3.63,12.99
PBPH,Portfolio Building Block World Pharma and Biotech Index ETF,Developed markets,25.74,75033,80716,801536000.00,0.13,0.58,1.21,4.04,-1.20,4.04,1.98,2.63
RIFR,Russell Investments Global Infrastructure ETF,Global,28.30,4854,5615,41201895.39,0.59,0.65,1.21,-0.25,0.24,8.58,9.94,13.69
AVSC,Avantis U.S Small Cap Equity ETF,North America,69.33,159481,131817,2812021974.00,0.25,0.67,1.21,1.20,12.08,14.86,17.45,35.99
KCE,State Street SPDR S&P Capital Markets ETF,North America,152.21,36351,14637,430445598.00,0.35,1.53,1.20,0.03,9.57,-0.61,1.23,11.73
GJAN,FT Vest U.S. Equity Moderate Buffer ETF - January,North America,44.60,5966,17039,472491089.36,0.85,-0.16,1.20,0.16,4.60,4.97,3.89,13.62
EIPI,FT Energy Income Partners Enhanced Income ETF,Global,22.07,96122,85950,1062443240.04,1.11,-0.09,1.19,-1.08,0.14,10.90,10.41,13.53
EPSV,Harbor SMID Cap Value ETF,North America,30.05,15,994,5964000.00,0.88,0.75,1.19,1.80,17.90,17.74,23.38,38.41
ACSV,American Century Small Cap Value Insights ETF,North America,47.19,136,2302,14652937.50,0.49,0.57,1.18,1.01,11.66,11.96,15.49,16.43
FEMD,First Eagle Mid Cap Equity ETF,North America,36.16,3300,2239,2512335.89,0.55,0.72,1.18,-0.08,7.37,3.62,3.62,3.62
BSVO,EA Bridgeway Omni Small-Cap Value ETF,North America,28.04,163701,127154,2295033001.27,0.45,0.26,1.18,1.23,12.70,15.30,19.78,40.34
FTXR,First Trust Nasdaq Transportation ETF,North America,44.90,18142,167266,1078497289.13,0.60,0.67,1.17,7.49,15.31,15.31,15.31,43.59
LGCF,Themes US Cash Flow Champions ETF,North America,35.40,92,1380,2126940.00,0.29,-0.11,1.17,1.87,4.83,0.92,3.52,13.98
MDLV,Morgan Dempsey Large Cap Value ETF,North America,31.17,5230,5917,39990903.00,0.58,0.48,1.17,2.87,2.91,8.83,9.56,16.72
IVSS,Applied Finance IVS US SMID ETF,North America,28.51,1369,3652,25425418.53,0.59,0.82,1.17,0.47,9.35,10.09,12.97,13.06
JPME,JPMorgan Diversified Return U.S. Mid Cap Equity ETF,North America,122.86,7454,13627,441416250.00,0.24,0.88,1.16,1.05,6.80,11.61,12.84,19.33
MAYW,AllianzIM U.S. Large Cap Buffer20 May ETF,North America,34.55,21214,488482,445346250.00,0.74,-0.09,1.16,0.18,2.42,3.68,3.10,8.57
SIXH,ETC 6 Meridian Hedged Equity Index Option ETF,North America,42.09,6925,6602,544880689.60,0.69,0.33,1.16,1.09,-1.54,7.44,7.24,9.27
QQLV,Invesco QQQ Low Volatility ETF,North America,24.67,390,1974,1952424.36,0.25,1.07,1.15,0.37,0.05,1.95,3.14,-2.60
FDV,Federated Hermes U.S. Strategic Dividend ETF,North America,31.53,69158,103790,797541350.00,0.50,0.77,1.15,1.45,2.04,9.75,9.86,15.33
PAWZ,ProShares Pet Care ETF,Global,47.87,34282,6848,31967392.50,0.50,1.71,1.15,-3.02,-10.47,-12.96,-12.33,-19.24
DOCK,"Corgi Ports, Rail & Freight ETF",Global,27.64,55,,1646742.00,0.35,0.69,1.15,7.38,6.33,6.33,6.33,6.33
PXJ,Invesco Oil & Gas Services ETF,North America,42.66,17389,20662,132674065.99,0.63,-1.37,1.15,-2.59,7.25,36.94,45.69,74.47
IYJ,iShares U.S. Industrials ETF,North America,158.65,205290,81994,1761461887.50,0.38,1.29,1.13,-0.12,2.99,7.28,6.74,12.22
FMED,Fidelity Disruptive Medicine ETF,Global,25.21,7299,30037,39691612.38,0.50,3.39,1.13,0.88,0.00,-8.72,-7.14,4.56
ESLV,Eventide Large Cap Value ETF,North America,27.95,2400,3373,13058043.45,0.39,0.65,1.13,3.33,5.67,9.59,10.35,12.07
AV,Corgi Aerospace & Commercial Aviation ETF,Global,27.09,215,,1323500.00,0.35,2.32,1.12,2.89,2.54,2.54,2.54,2.54
FPWR,First Trust EIP Power Solutions ETF,North America,36.88,3599,3221,25685873.39,0.96,0.51,1.12,-0.78,-0.99,10.26,10.92,17.72
TOLZ,ProShares DJ Brookfield Global Infrastructure ETF,Global,60.21,7094,11404,178168998.00,0.46,0.43,1.12,-0.18,-0.10,11.21,11.33,10.43
DHS,WisdomTree U.S. High Dividend Fund,North America,112.40,16062,26014,1469886000.00,0.38,0.91,1.12,1.41,3.26,10.08,10.39,18.03
BMED,iShares Health Innovation Active ETF,Global,28.66,1238,2451,10175364.00,0.55,1.36,1.12,3.27,-3.12,-5.33,-5.46,16.42
FLSP,Franklin Systematic Style Premia ETF,Global,27.44,305162,62232,926738000.00,0.65,-0.15,1.11,1.69,0.92,0.85,3.24,12.18
IMCV,iShares Morningstar Mid-Cap Value ETF,North America,90.68,24044,18383,1056853103.75,0.06,0.77,1.11,2.48,6.00,9.11,9.84,20.81
FTCS,First Trust Capital Strength ETF,North America,93.99,1278835,743784,7616842935.89,0.53,1.14,1.11,1.50,-1.82,1.68,1.47,3.07
RITA,ETFB Green SRI REITs ETF,Developed markets,20.84,2168,1910,9151785.00,0.50,2.66,1.11,3.73,3.99,6.92,7.75,8.14
HELX,Franklin Genomic Advancements ETF,Global,35.36,23,362,22523800.00,0.50,1.99,1.11,5.92,6.59,-4.54,-2.57,30.19
USAI,Pacer American Energy Infrastructure ETF,North America,45.49,9460,10495,109655760.00,0.75,-0.59,1.10,0.04,-0.17,19.41,19.85,12.67
PAPI,Parametric Equity Premium Income ETF,North America,26.63,46079,75281,391312000.00,0.29,0.60,1.10,1.33,-3.51,2.82,3.30,5.17
SLYG,State Street SPDR S&P 600 Small Cap Growth ETF,North America,109.53,137681,128887,4687856716.74,0.15,0.95,1.10,0.30,12.57,12.75,15.62,23.92
CDC,VictoryShares US EQ Income Enhanced Volatility Wtd ETF,North America,73.10,14013,13056,724937135.47,0.35,0.51,1.09,1.16,2.49,10.75,10.87,16.25
EWI,iShares MSCI Italy ETF,Europe,59.51,340181,378343,645927815.92,0.50,1.47,1.09,0.73,11.36,10.39,8.30,23.67
EPSB,Harbor SMID Cap Core ETF,North America,27.11,492,552,4686500.00,0.88,1.24,1.09,1.21,10.91,16.23,15.23,30.36
BKDV,BNY Mellon Dynamic Value ETF,Global,32.90,233722,344506,1522354944.00,0.60,0.44,1.08,2.33,10.25,12.83,13.18,27.57
LOHA,Roundhill HALO ETF,North America,25.22,165420,,27622905.00,0.35,1.20,1.08,0.56,0.56,0.56,0.56,0.56
DFUV,Dimensional US Marketwide Value ETF,North America,54.09,707344,456610,14957057451.34,0.21,0.41,1.07,3.66,11.23,15.80,15.80,30.81
FSGS,First Trust SMID Growth Strength ETF,North America,31.16,4522,3901,27779461.73,0.60,0.87,1.06,0.39,4.37,-0.05,1.91,5.68
SAEF,Schwab Ariel Opportunities ETF,North America,30.37,5643,1685,24825300.00,0.59,1.40,1.06,0.86,8.42,10.24,9.80,22.46
CDL,VictoryShares US Large Cap High Div Volatility Wtd ETF,North America,76.27,6590,7541,385702563.82,0.35,0.52,1.05,0.93,2.80,10.72,10.94,16.12
IJT,iShares S&P SmallCap 600 Growth ETF,North America,164.01,96153,144613,7489248568.50,0.18,0.90,1.05,0.11,12.37,12.57,15.67,24.16
VIOG,Vanguard S&P Small-Cap 600 Growth ETF,North America,141.01,19113,40368,979992000.00,0.10,1.00,1.04,0.55,12.60,12.30,15.52,24.19
SPHQ,Invesco S&P 500 Quality ETF,North America,85.56,2099772,1359110,18863931960.00,0.15,0.14,1.04,3.52,9.82,13.47,13.38,19.75
CAMX,Cambiar Aggressive Value ETF,Global,34.58,725,352,66436733.76,0.59,0.78,1.04,1.36,9.37,6.55,9.04,11.93
BAMD,Brookstone Dividend Stock ETF,North America,32.36,25326,11679,94956800.00,0.89,0.90,1.03,0.72,3.39,7.01,7.62,5.41
PFFR,InfraCap REIT Preferred ETF,North America,17.60,34018,35059,117006820.38,0.45,0.23,1.03,-1.95,-1.57,-2.76,-2.28,-0.73
DIVY,Sound Equity Dividend Income ETF,North America,28.71,1179,2252,28517200.00,0.45,0.63,1.02,1.48,4.93,7.97,8.96,14.60
TSYW,Roundhill Treasury Bond WeeklyPay ETF,North America,43.84,1510,2210,2176910.00,0.99,0.57,1.00,-2.45,-6.28,-10.21,-7.70,-12.33
JAVA,JPMorgan Active Value ETF,North America,77.84,517544,470537,6551268500.00,0.44,0.79,1.00,1.88,6.82,8.08,8.01,21.32
NICO,Hexis Active Nicotine Engagement ETF,Global,25.52,11,,1514844.00,0.70,-0.11,1.00,2.50,0.88,0.88,0.88,0.88
DIVZ,Polen Dividend Income ETF,North America,37.54,19409,36267,261643824.00,0.65,0.61,0.99,1.34,-0.19,2.67,2.76,9.12
EMPB,Efficient Market Portfolio Plus ETF,Global,32.74,5749,7172,20947200.00,2.21,-0.00,0.99,4.53,8.92,10.89,13.01,19.03
MVFD,Monarch Volume Factor Dividend Tree Index ETF,North America,30.50,16978,9031,110364800.00,1.19,0.52,0.99,1.19,4.40,3.04,7.17,19.30
ISCV,iShares Morningstar Small-Cap Value ETF,North America,75.82,29059,10207,656592833.75,0.06,0.97,0.99,1.39,8.70,8.24,9.88,25.07
TMFG,Motley Fool Global Opportunities ETF,Global,30.92,10856,13761,355812179.93,0.85,0.24,0.98,-0.58,5.86,1.98,1.95,3.31
ENFR,Alerian Energy Infrastructure ETF,North America,38.13,80694,80906,470009750.00,0.35,-0.42,0.98,-0.18,3.08,22.17,21.28,19.53
AVUV,Avantis U.S. Small Cap Value ETF,North America,121.04,2042240,1228499,27588377124.00,0.25,0.11,0.98,1.20,12.17,15.20,18.21,34.01
DTRE,First Trust Alerian Disruptive Technology Real Estate ETF,Global,42.85,37,505,14388528.96,0.60,1.78,0.98,-1.13,5.78,7.29,8.98,6.28
FNDA,Schwab Fundamental U.S. Small Company ETF,North America,36.27,988959,1934212,8885261000.00,0.25,0.81,0.97,0.83,10.61,12.19,14.42,27.89
EQIN,Columbia U.S. Equity Income ETF,North America,51.37,12987,14910,286277600.00,0.35,0.47,0.97,2.40,4.06,7.88,8.20,15.39
BMVP,Invesco Bloomberg MVP Multi-factor ETF,North America,51.76,550,1230,100771440.00,0.29,0.67,0.97,1.89,1.14,4.56,5.93,7.92
EPAI,Harbor AI Inflection Strategy ETF,North America,28.11,1299,1455,5660000.00,0.88,-0.64,0.95,-0.78,23.32,40.54,36.58,40.54
OVS,Overlay Shares Small Cap Equity ETF,North America,40.35,2870,8866,27975150.00,0.83,0.91,0.95,0.07,10.55,7.45,12.93,24.96
DFLV,Dimensional US Large Cap Value ETF,North America,39.40,762564,799656,6238655960.21,0.21,0.38,0.95,3.96,10.18,14.90,14.90,29.69
EQRR,ProShares Equities for Rising Rates ETF,North America,79.30,46392,30215,72431692.00,0.35,-0.91,0.95,5.24,17.08,20.17,22.22,36.25
SMOT,VanEck Morningstar SMID Moat ETF,North America,38.47,39471,23511,332262910.00,0.49,0.42,0.94,1.58,8.15,4.23,5.72,13.41
LEAD,Siren DIVCON Leaders Dividend ETF,North America,86.72,797,764,72566624.52,0.43,0.62,0.93,1.62,9.61,10.31,13.03,22.65
VIXM,VIX Mid-Term Futures ETF,North America,15.41,311811,278257,46252014.57,0.85,0.39,0.92,-1.47,-6.55,-1.41,1.99,-8.65
DFMC,U.S. Micro Cap Portfolio: ETF Class Shares,North America,57.28,13770,40947,134586262.50,0.41,0.83,0.92,1.56,15.27,15.27,15.27,15.27
FFLV,Fidelity Fundamental Large Cap Value ETF,Global,27.14,3517,3091,15522211.82,0.38,0.27,0.92,1.87,7.61,10.77,10.63,25.12
KCCA,KraneShares California Carbon Allowance Strategy ETF,Global,16.46,27743,43361,125087053.28,0.91,-0.33,0.92,10.32,9.92,-0.48,-2.55,12.05
IFRA,iShares U.S. Infrastructure ETF,North America,61.15,251201,269448,4137761355.00,0.30,0.86,0.92,-1.31,5.38,14.77,15.62,25.31
GQRE,FlexShares Global Quality Real Estate Index Fund,Global,64.18,13725,21443,403809983.10,0.45,1.41,0.91,-1.41,2.54,7.00,8.69,8.72
FTMN,Franklin Minnesota Municipal Income ETF,North America,8.87,92271,92112,198093469.42,0.35,0.11,0.91,-0.11,0.00,0.45,0.91,0.11
PIPE,Invesco SteelPath MLP & Energy Infrastructure ETF,North America,29.68,1852,3476,63956930.52,0.75,-0.34,0.91,1.26,2.52,22.79,22.14,22.79
GARA,Guinness Atkinson Real Assets Income ETF,Global,27.60,11,140,408180.00,0.45,0.86,0.90,-2.07,1.38,10.25,8.47,10.25
DFVE,DoubleLine Fortune 500 Equal Weight ETF,North America,35.30,3806,7210,31464034.96,0.20,0.85,0.90,2.34,7.41,8.84,10.30,21.96
QVMT,Invesco S&P 500 Concentrated QVM ETF,North America,66.23,4701,5613,135160266.26,0.13,-0.10,0.90,2.64,9.24,16.36,16.03,30.50
FXU,First Trust Utilities AlphaDEX Fund,North America,48.05,150119,228178,820030595.08,0.61,1.09,0.90,-0.08,-3.36,7.18,6.54,13.78
DBEU,Xtrackers MSCI Europe Hedged Equity ETF,Europe,51.94,17822,59023,731465751.88,0.45,0.29,0.89,2.24,5.50,7.87,6.59,12.69
MNA,NYLI Merger Arbitrage ETF,Global,36.47,10225,25731,250569981.00,0.77,0.11,0.89,0.33,0.77,1.31,1.25,4.35
VTEL,Vanguard Long-Term Tax-Exempt Bond ETF,North America,103.98,38953,37722,282909500.00,0.09,0.23,0.89,0.20,0.40,0.20,0.39,4.84
TEQI,T. Rowe Price Equity Income ETF,North America,49.69,6752,8576,404216074.24,0.54,0.55,0.89,1.39,8.85,10.37,9.62,18.03
HEZU,iShares Currency Hedged MSCI Eurozone ETF,Europe,48.14,19294,75855,550598127.00,0.53,0.43,0.88,2.73,8.71,9.83,8.44,16.39
LSAT,LeaderShares AlphaFactor Tactical Focused ETF,North America,43.08,1583,2392,60633750.00,0.99,1.25,0.88,1.22,10.53,6.71,11.11,10.84
JMEE,JPMorgan Small & Mid Cap Enhanced Equity ETF,North America,74.76,129335,130370,2731945406.46,0.24,0.73,0.88,1.14,11.60,12.68,15.26,27.75
MLPA,Global X MLP ETF,North America,53.69,141872,230474,2167181386.70,0.77,-0.87,0.88,-2.01,0.66,10.36,10.84,6.70
FNX,First Trust Mid Cap Core AlphaDEX Fund,North America,140.79,28960,18688,1344457578.64,0.62,0.96,0.87,0.81,9.10,9.54,10.90,23.97
REFA,Columbia Research Enhanced International Equity ETF,Developed markets,22.38,2,249,5458541.49,0.32,0.47,0.87,0.95,4.09,9.49,7.80,-10.91
DGRO,iShares Core Dividend Growth ETF,North America,75.33,1894829,1403311,40496260666.40,0.08,0.51,0.87,2.74,5.49,7.54,8.31,19.86
CSB,VictoryShares US Small Cap High Div Volatility Wtd ETF,North America,63.79,4067,6155,254010720.16,0.35,0.37,0.87,-0.39,5.10,7.17,8.97,15.39
HUSV,First Trust Horizon Managed Volatility Domestic ETF,North America,39.30,4795,6660,72064977.91,0.70,0.95,0.87,1.32,0.00,1.45,1.55,-1.85
LOPP,Gabelli Love Our Planet & People ETF,North America,37.68,30,392,15334000.00,0.90,0.61,0.86,-0.12,6.55,11.00,13.03,28.97
MLN,VanEck Long Muni ETF,North America,17.64,102930,274562,706768000.00,0.24,0.28,0.86,-0.11,0.80,0.51,0.34,5.76
NUDV,Nuveen ESG Dividend ETF,North America,32.68,2615,3425,45451821.94,0.26,0.68,0.86,2.31,4.24,8.60,9.20,15.77
SPAQ,Horizon Kinetics SPAC Active ETF,North America,94.02,107,139,10088544.98,0.85,0.23,0.85,3.64,3.10,-12.01,3.70,-10.32
PCPP,Porter & Company Porter Portfolio Index ETF,Global,25.18,104008,,2731300.00,0.75,1.78,0.84,-6.81,-6.81,-6.81,-6.81,-6.81
CCOR,Core Alternative ETF,North America,25.57,805,2964,26960302.87,1.29,0.54,0.84,0.19,-3.64,-3.72,-2.39,-5.11
FXD,First Trust Cons. Discret. AlphaDEX,North America,68.11,3701,9414,253653933.50,0.60,2.07,0.84,2.30,4.01,-1.46,-0.57,8.92
LVDS,JPMorgan Fundamental Data Science Large Value ETF,North America,56.10,903,2538,103479843.98,0.30,0.49,0.83,2.49,9.59,5.75,13.13,12.04
WRTH,Worth Charting Options Income ETF,Developed markets,25.41,73590,109963,42496490.00,1.02,0.08,0.83,1.60,1.60,1.60,1.60,1.60
OAKM,Oakmark U.S. Large Cap ETF,North America,28.24,468816,249642,1063673780.21,0.59,0.57,0.82,1.00,3.33,-0.35,-0.56,12.73
DDIV,First Trust Dorsey Wright Momentum & Dividend ETF,North America,44.70,1160,4014,66660088.88,0.60,0.56,0.81,-0.71,10.38,5.97,7.25,18.67
DIVD,Altrius Global Dividend ETF,Global,42.58,855,2653,18646408.00,0.49,0.67,0.81,0.94,3.77,9.64,10.30,20.65
REVS,Columbia Research Enhanced Value ETF,North America,31.52,12723,37199,301687585.65,0.19,0.23,0.80,1.74,9.64,8.69,11.26,22.65
TAIL,Cambria Tail Risk ETF,North America,10.76,161675,245596,147855981.43,0.59,0.37,0.80,-1.51,-7.80,-8.39,-6.23,-10.52
PAYM,TrueShares S&P Autocallable Defensive Income ETF,North America,25.67,34367,39368,115657542.00,0.74,1.74,0.79,0.86,6.74,2.48,2.88,2.48
PRXV,Praxis Impact Large Cap Value ETF,North America,33.91,6340,5339,73486507.50,0.36,0.41,0.79,2.81,7.81,11.39,11.98,22.19
JHSC,John Hancock Multifactor Small Cap ETF,North America,47.13,45430,61632,664776925.00,0.42,0.75,0.79,1.01,8.87,8.97,11.68,21.72
PJFM,PGIM Jennison Focused Mid-Cap ETF,Global,66.74,2,71,16545000.00,0.49,0.79,0.79,-0.85,7.95,5.23,6.83,14.95
AUSF,Global X Adaptive U.S. Factor ETF,North America,49.40,33262,115304,847105177.31,0.27,1.00,0.78,1.50,1.46,5.91,6.53,12.50
FSMD,Fidelity Small-Mid Multifactor ETF,North America,50.29,152541,116705,2414475769.20,0.15,0.70,0.78,0.72,11.43,12.25,13.34,22.27
PGRI,Putnam International Stock ETF,Global Ex-U.S.,26.64,6803,1602,6690750.00,0.55,-0.18,0.78,-2.31,5.68,7.48,5.81,6.40
BTAL,AGF U.S. Market Neutral Anti-Beta Fund,North America,11.68,870420,665656,287838050.00,1.40,-0.17,0.78,-3.31,-17.46,-17.57,-18.61,-36.97
TBG,TBG Dividend Focus ETF,North America,37.13,27526,24438,235918127.00,0.45,0.78,0.78,2.70,4.47,9.71,11.27,15.91
SQLT,iShares MSCI USA Small-Cap Quality Factor ETF,North America,27.87,322,159,6625885.68,0.20,0.95,0.77,0.87,7.56,7.56,7.56,7.56
FTMU,Franklin Municipal Income ETF,North America,7.90,58533,121814,483687275.92,0.30,0.25,0.77,0.38,0.38,1.15,0.89,0.25
TAFL,AB Tax-Aware Long Municipal ETF,North America,25.13,27690,20493,57675343.03,0.28,0.10,0.77,0.36,0.40,0.32,0.50,4.23
TPLC,Timothy Plan US Large/Mid Cap Core ETF,North America,49.27,29777,64303,294847470.72,0.52,0.82,0.76,1.15,3.86,7.27,7.84,10.99
FDL,First Trust Morningstar ETF,North America,50.25,804698,680847,7437268900.37,0.43,0.12,0.76,1.97,1.11,12.39,13.33,19.25
GAID,Guinness Atkinson International Dividend Builder ETF,Global Ex-U.S.,24.62,2,28,366969.00,0.45,0.54,0.76,0.99,2.36,-2.22,-2.80,-2.22
DVXB,WEBs Materials XLB Defined Volatility ETF,North America,27.53,1,402,268586.00,0.89,2.63,0.76,-4.98,-2.16,26.67,2.92,9.27
HIMU,iShares High Yield Muni Active ETF,North America,49.10,287145,429467,2253416889.44,0.39,0.22,0.76,0.53,0.92,0.43,0.72,1.91
SMDX,Intech S&P Small-Mid Cap Diversified Alpha ETF,North America,26.11,7,417,126628740.00,0.35,0.91,0.76,0.97,10.06,11.13,13.37,27.61
MEDX,Horizon Kinetics Medical ETF,Global,34.45,941,1395,18620968.30,0.85,0.79,0.76,5.51,1.46,3.56,3.62,28.69
CSD,Invesco S&P Spin-Off ETF,North America,139.11,11165,15755,195011440.00,0.65,1.25,0.75,4.06,22.50,34.96,39.04,70.42
ACVU,Hartford Alpha Capture Value ETF,North America,30.37,5043,18687,177434738.16,0.45,0.30,0.75,1.54,9.25,8.74,10.77,20.52
FFUT,Fidelity Managed Futures ETF,Global,59.76,9333,16330,258519863.52,0.80,-0.34,0.74,2.26,7.58,10.18,11.39,12.80
DPRE,Virtus Duff & Phelps Real Estate Income ETF,Global,25.68,493,,3818051.81,0.59,-0.31,0.74,0.00,2.88,2.88,2.88,2.88
BRKC,YieldMax BRK.B Option Income Strategy ETF,North America,40.76,2995,3642,7126315.00,1.01,-0.06,0.74,-0.22,-5.21,-9.17,-9.10,-19.29
BFOR,Barron's 400 ETF,North America,90.67,3674,3622,216264000.00,0.65,0.54,0.74,0.98,7.36,8.39,9.51,20.71
BGIG,Bahl & Gaynor Income Growth ETF,North America,35.35,73363,137242,2187641793.32,0.45,0.66,0.74,1.84,4.28,8.24,8.97,17.68
MDIV,Multi-Asset Diversified Income Index Fund,North America,16.62,47057,63462,414877933.06,0.71,0.51,0.73,0.30,1.47,4.99,5.52,4.79
VFVA,Vanguard Wellington Fund ETF,North America,146.96,4008,7371,823530000.00,0.13,0.81,0.73,1.67,7.88,9.21,10.14,26.21
FSCS,First Trust SMID Capital Strength ETF,North America,35.78,3006,4528,56313670.39,0.60,1.58,0.73,-0.75,-0.30,-0.94,0.50,0.19
BNDD,Quadratic Deflation ETF,North America,99.05,8,134,6491807.11,1.02,-0.35,0.72,1.07,1.75,1.59,3.76,-0.08
ZROZ,PIMCO 25 Year Zero Coupon U.S. Treasury Index Exchange-Traded Fund,North America,62.61,431073,551101,1322781300.00,0.15,0.92,0.72,-0.56,-3.82,-6.45,-2.69,-1.70
DUSG,U.S. Small Cap Growth Portfolio: ETF Class Shares,North America,50.55,180,,2501540.00,0.32,1.01,0.72,1.14,0.66,0.66,0.66,0.66
NHYM,Nuveen High Yield Municipal Income ETF,North America,25.10,9773,10228,136391121.76,0.35,0.12,0.72,0.24,0.91,1.13,1.21,3.85
JMSI,JPMorgan Sustainable Municipal Income ETF,North America,50.26,43497,38329,383757963.96,0.18,0.09,0.72,0.06,-0.49,-0.40,-0.26,2.63
PTMC,Pacer Trendpilot US Mid Cap ETF,North America,40.45,21695,20162,393274000.00,0.60,0.82,0.72,0.72,9.71,9.59,12.64,16.17
IWX,iShares Russell Top 200 Value ETF,North America,103.81,90503,117430,3477940032.00,0.20,0.29,0.72,2.41,9.56,13.07,12.74,25.50
JPSE,JPMorgan Diversified Return U.S. Small Cap Equity ETF,North America,57.87,18615,35576,571878500.00,0.29,0.36,0.71,-0.48,9.87,12.24,14.62,28.14
IJH,iShares Core S&P Mid-Cap ETF,North America,74.73,14117356,7500575,118813074669.65,0.05,0.84,0.71,0.66,9.48,10.99,12.75,21.77
FYLD,Cambria Foreign Shareholder Yield ETF,Developed markets,38.33,33780,134001,624146942.91,0.59,-0.13,0.71,0.79,4.78,17.04,17.76,32.91
RWL,Invesco S&P 500 Revenue ETF,North America,127.66,348977,210361,9102196696.80,0.39,0.33,0.71,2.90,8.81,11.06,11.19,25.30
GOVZ,iShares 25 Year Treasury STRIPS Bond ETF,North America,35.86,150882,315413,262747969.64,0.10,0.99,0.70,-0.83,-3.81,-6.32,-3.50,-1.59
BEDY,BNY Mellon Enhanced Dividend and Income ETF,North America,28.61,78352,50534,155140536.91,0.50,0.70,0.70,3.06,5.92,9.53,8.82,9.01
LOTI,Liberty One Tactical Income ETF,North America,25.87,946,5431,44735400.00,1.01,0.65,0.70,0.39,-1.07,2.30,2.78,3.19
GINX,SGI Enhanced Global Income ETF,Global,34.62,3843,7026,95054400.00,1.02,0.42,0.70,0.76,4.75,10.61,9.94,24.76
CVMC,Calvert US Mid-Cap Core Responsible Index ETF,North America,73.11,5941,5708,98158500.00,0.15,0.51,0.70,2.94,11.99,11.89,13.35,21.56
SURE,AdvisorShares Insider Advantage ETF,North America,142.29,315,552,53831286.40,0.90,0.41,0.69,2.93,10.01,9.13,11.95,23.47
RSPE,Invesco ESG S&P 500 Equal Weight ETF,North America,33.23,2891,12082,64318832.98,0.20,0.69,0.69,3.55,9.85,10.76,11.62,22.91
FELV,Fidelity Enhanced Large Cap Value ETF,North America,39.32,123654,133422,3033332979.47,0.18,0.38,0.69,2.99,10.39,12.92,12.99,25.86
FLDZ,RiverNorth Patriot ETF,North America,30.46,105,42,3928847.00,0.70,0.75,0.69,0.89,4.05,1.59,5.51,7.38
BRHY,iShares High Yield Active ETF,Global,50.85,4869,28664,121615920.00,0.45,0.16,0.68,-0.07,0.18,-1.16,-1.20,-0.35
PVAL,Putnam Focused Large Cap Value ETF,North America,50.70,2529879,1703084,11351789058.00,0.55,0.32,0.68,2.55,8.96,11.92,11.04,29.67
REAI,Intelligent Real Estate ETF,North America,21.42,48,210,1056125.00,0.59,1.56,0.68,-1.60,4.17,10.73,12.32,9.27
EMLP,First Trust North American Energy Infrastructure Fund,North America,43.11,223457,296549,3989050800.00,0.95,0.23,0.68,-1.01,-0.53,13.06,13.78,15.79
PCLN,Pictet Cleaner Planet ETF,Global,31.76,19,74,16663237.50,0.70,-0.04,0.68,5.17,20.67,23.03,24.42,25.07
TACK,Fairlead Tactical Sector ETF,Global,31.33,14900,21517,281596000.00,0.69,0.56,0.68,1.26,1.07,4.64,4.04,12.09
AVMV,Avantis U.S. Mid Cap Value ETF,North America,79.45,54770,38857,635639988.00,0.20,0.48,0.67,1.43,7.82,9.54,11.26,23.31
ELCV,Strategy Shares Eventide High Dividend ETF,North America,31.76,54035,61846,239403379.95,0.49,0.28,0.67,3.25,9.37,17.76,18.97,27.19
OSCV,Opus Small Cap Value ETF,North America,40.58,80514,36717,669662997.50,0.79,1.00,0.67,-1.07,3.41,7.27,9.71,12.85
FTMA,Franklin Massachusetts Municipal Income ETF,North America,9.07,170533,141920,291445434.32,0.35,0.11,0.67,0.00,0.78,1.34,0.55,0.67
TLTP,Amplify TLT U.S. Treasury 12% Option Income ETF,North America,20.91,33055,33693,21419159.00,0.39,0.52,0.67,-1.61,-4.35,-6.28,-5.22,-6.03
PKB,Invesco Building & Construction ETF,North America,104.42,10699,13420,432959340.00,0.57,1.83,0.67,-2.87,4.65,8.04,11.89,31.38
MDY,State Street SPDR S&P MIDCAP 400 ETF Trust,North America,681.68,1455462,603220,26512447280.72,0.24,0.80,0.66,0.72,9.36,10.90,12.51,21.61
GHTA,Goose Hollow Tactical Allocation ETF,Global,30.64,4276,4889,41148907.36,1.77,0.50,0.66,-1.26,0.66,-2.57,2.24,2.41
STXV,Strive 1000 Value ETF,North America,37.56,9641,7978,79088708.00,0.18,0.25,0.66,2.92,6.33,11.88,12.30,24.06
SPMD,State Street SPDR Portfolio S&P 400 Mid Cap ETF,North America,65.52,3219965,1681323,17454571826.30,0.03,0.82,0.66,0.66,9.35,10.96,12.67,21.76
VRAI,Virtus Real Asset Income ETF,North America,28.01,3620,1966,18226762.16,0.55,0.06,0.66,1.06,5.59,16.43,20.23,21.64
DFTT,DF Tactical 30 ETF,North America,30.35,561,2056,33744000.00,0.70,-0.08,0.65,2.69,18.73,20.09,19.58,20.90
UMI,USCF Midstream Energy Income Fund ETF,North America,58.55,17807,22291,479334720.00,0.69,-0.20,0.65,0.44,2.69,17.04,19.00,15.91
DURA,VanEck Durable High Dividend ETF,North America,37.58,564,1665,37486600.00,0.30,0.30,0.65,0.36,1.11,10.38,11.72,15.71
FMHI,First Trust Municipal High Income ETF,North America,48.33,109133,97222,975114696.55,0.49,0.10,0.65,0.52,0.19,0.90,0.67,4.61
ONEH,TrueShares Equity Hedge ETF,North America,24.74,2832,3638,14352680.00,0.79,-0.22,0.65,1.02,-0.18,-0.84,-0.84,-0.84
PZA,Invesco National AMT-Free Municipal Bond ETFo,North America,23.42,993450,1120520,4172453200.00,0.28,0.21,0.64,0.26,0.73,0.69,0.77,5.45
AIMS,Acuitas Small Cap Active ETF,North America,27.39,610,2663,84151360.00,0.75,0.81,0.64,1.80,14.43,7.77,7.77,7.77
BAIV,Brown Advisory International Value Select ETF,Global Ex-U.S.,25.54,12024,21658,98670000.00,0.60,0.56,0.64,1.23,7.14,0.71,0.71,0.71
DVY,iShares Select Dividend ETF,North America,155.58,461985,376313,22446895562.10,0.38,0.76,0.64,1.79,2.74,8.73,9.95,17.88
CUT,Invesco MSCI Global Timber ETF,Global,27.52,141,3087,29802300.00,0.76,1.53,0.64,-2.15,-6.28,-5.35,-6.09,-10.49
WEEI,Westwood Salient Enhanced Energy Income ETF,North America,23.65,33596,52750,85585500.00,0.85,-1.33,0.64,2.38,0.13,9.09,9.69,16.73
HOLA,JPMorgan International Hedged Equity Laddered Overlay ETF,Global,54.13,18600,21095,273017363.84,0.50,0.13,0.64,-0.53,2.10,1.35,2.25,8.22
XLE,State Street Energy Select Sector SPDR ETF,North America,57.39,46026298,38133726,38906065883.46,0.08,-1.61,0.64,2.76,3.16,25.03,28.33,37.07
GGM,GGM Macro Alignment ETF,North America,28.90,3,1105,18400000.00,0.94,0.52,0.63,1.83,1.49,3.50,6.71,10.49
SMMV,iShares MSCI USA Small-Cap Min Vol Factor ETF,North America,44.51,10567,9396,277401404.70,0.20,1.09,0.63,-0.59,-0.97,2.79,2.53,5.24
RSBY,Return Stacked Bonds & Futures Yield ETF,Global,18.30,4714,11848,62920755.00,1.01,0.33,0.63,-1.96,2.03,15.42,19.06,17.87
SCNM,Sterling Capital National Municipal Bond ETF,North America,25.10,24635,49599,205672500.00,0.35,0.20,0.63,0.18,-0.28,-0.02,-0.17,-0.02
HRTS,Tema Heart & Health ETF,Global,34.24,3359,5981,51678176.00,0.75,0.91,0.63,2.56,-0.42,-1.34,-2.70,20.16
PCMM,BondBloxx Private Credit CLO ETF,Global,49.66,13469,44510,193660350.00,0.68,-0.10,0.63,0.14,-0.18,-0.56,-0.16,-1.35
GEND,Genter Capital Dividend Income ETF,North America,12.76,1708,3143,4837099.80,0.38,0.16,0.62,0.82,3.10,9.23,9.66,21.10
MUNY,Vanguard New York Tax-Exempt Bond ETF,North America,103.48,29427,59325,420784500.00,0.09,0.06,0.62,0.21,-0.02,0.20,0.02,3.69
EDV,Vanguard Extended Duration Treasury ETF,North America,63.64,862838,1096085,3530150500.00,0.05,0.95,0.62,-0.62,-3.65,-5.65,-2.39,-0.47
FXR,First Trust Industrials AlphaDEX,North America,87.13,18395,23289,669793971.74,0.60,1.43,0.61,-0.65,3.20,8.01,8.44,19.13
CFO,VictoryShares US 500 Enhanced Volatility Wtd ETF,North America,78.47,3402,5402,406909265.52,0.35,0.63,0.61,1.43,4.10,6.18,6.00,11.90
BLCV,iShares Large Cap Value Active ETF,North America,39.96,7453,14973,324090539.12,0.45,0.48,0.61,2.14,8.16,6.37,6.54,18.94
IWS,iShares Russell Mid-Cap Value ETF,North America,160.53,459480,315957,15223958774.15,0.23,0.65,0.61,1.55,8.84,12.10,13.46,23.29
ZVOL,Volatility Premium Plus ETF,North America,8.32,25507,31243,12658761.00,1.45,0.48,0.60,-3.14,-8.97,-24.67,-23.63,-36.27
FMUB,Fidelity Municipal Bond Opportunities ETF,North America,51.28,11172,27254,212736379.81,0.30,0.13,0.60,0.24,0.09,0.48,0.53,3.88
IWD,iShares Russell 1000 Value ETF,North America,238.17,2160372,1726388,75086171748.00,0.18,0.38,0.60,2.14,9.35,12.65,12.87,24.62
IMCB,iShares Morningstar Mid-Cap ETF,North America,93.50,38753,42998,1574715889.50,0.04,0.31,0.60,2.85,9.97,11.63,12.53,19.63
SEIS,SEI Select Small Cap ETF,North America,31.66,57218,43100,530763827.72,0.55,0.71,0.60,-0.19,12.83,10.24,12.75,25.59
AQWA,Global X Clean Water ETF,Global,18.80,6368,8804,22635681.14,0.50,1.43,0.60,-2.43,-3.03,-1.71,-0.36,-0.57
XJH,iShares ESG Select Screened S&P Mid-Cap ETF,North America,50.40,15374,28293,397444278.45,0.12,0.92,0.60,1.00,9.66,10.82,12.67,22.87
DVAL,BrandywineGLOBAL-Dynamic US Large Cap Value ETF,North America,15.46,1662,23595,70788814.19,0.49,0.54,0.60,2.35,4.48,5.19,6.71,11.89
HEDJ,WisdomTree Europe Hedged Equity Fund,Europe,56.72,23557,120648,1827133200.00,0.58,0.56,0.60,2.20,7.02,8.03,6.07,13.53
EIPX,FT Energy Income Partners Strategy ETF,Global,31.79,9319,35238,530485713.72,0.95,-0.19,0.60,-0.53,1.92,18.00,19.87,25.45
SMIN,Ishares MSCI India Small Cap ETF,Asia-Pacific,66.65,62163,151967,635186941.65,0.74,1.46,0.59,-3.08,4.57,-4.32,-4.83,-12.67
IEDI,iShares U.S. Consumer Focused ETF,North America,54.80,1758,2904,27025936.50,0.18,1.34,0.59,-2.41,-1.63,-1.44,-0.39,0.75
QQXT,First Trust NASDAQ-100 Ex-Technology Sector Index Fund,North America,98.07,1732,3437,175581195.09,0.57,0.52,0.59,0.30,-2.52,-1.54,-1.09,-0.10
CGHM,Capital Group Municipal High-Income ETF,North America,25.73,347490,443879,3090502727.40,0.34,0.04,0.59,0.31,0.16,0.82,0.86,5.06
EWQ,iShares MSCI France Index Fund,Europe,45.88,569806,363548,381673387.20,0.50,0.72,0.59,0.61,4.49,2.32,1.28,6.72
CTIF,Castellan Targeted Income ETF,North America,52.15,301,6250,184228632.00,0.45,0.62,0.58,0.97,3.78,-0.49,2.49,4.36
FEX,First Trust Large Cap Core AlphaDEX Fund,North America,134.71,14756,25688,1549790818.36,0.57,0.39,0.58,2.79,9.17,12.22,13.34,25.43
MUST,Columbia Multi-Sector Municipal Income ETF,North America,20.65,162176,118851,599267940.00,0.23,-0.05,0.58,0.39,-0.77,-0.19,0.05,3.30
DFAS,Dimensional U.S. Small Cap ETF,North America,78.64,579891,426072,14370830584.06,0.26,0.78,0.58,0.73,9.74,10.03,12.34,24.73
PWZ,Invesco California AMT-Free Municipal Bond Portfolio,North America,24.40,202002,240044,1136492500.00,0.28,0.16,0.58,0.33,0.74,0.91,0.78,4.90
VUSV,Vanguard Wellington U.S. Value Active ETF,North America,67.68,14425,9659,69349900.00,0.30,0.49,0.57,1.68,6.78,7.66,7.87,13.87
SPRE,SP Funds S&P Global REIT Sharia ETF,Global,21.17,129072,98404,205703565.00,0.50,2.12,0.57,-0.61,3.77,9.07,7.57,8.01
HTAX,Nomura National High-Yield Municipal Bond ETF,North America,24.73,257,4241,57951000.00,0.49,-0.12,0.57,0.49,1.17,1.06,1.66,4.48
XMHQ,Invesco S&P MidCap Quality ETF,North America,110.56,257295,189530,5304032350.00,0.25,0.49,0.57,-0.15,6.64,6.68,7.57,11.96
LYLD,Cambria Large Cap Shareholder Yield ETF,North America,30.27,251,884,6019020.00,0.59,0.55,0.57,2.37,3.68,6.18,7.95,17.15
TMFS,Motley Fool Small-Cap Growth ETF,North America,33.83,7483,7581,56355000.00,0.85,2.08,0.56,-3.93,0.89,-5.82,-3.43,-4.08
IVOO,Vanguard S&P Mid-Cap 400 ETF,North America,126.36,116377,71185,3595848537.88,0.07,0.73,0.56,0.63,9.19,10.93,12.45,21.68
CFA,VictoryShares US 500 Volatility Wtd ETF,North America,96.82,3154,8160,530972300.87,0.35,0.63,0.55,1.40,4.04,6.32,6.15,12.13
IROC,Invesco Rochester High Yield Municipal ETF,North America,51.09,1293,9361,124103330.86,0.39,0.02,0.55,0.47,0.43,0.57,0.67,1.98
EFRA,iShares Environmental Infrastructure and Industrials ETF,Developed markets,34.72,67,611,5474203.68,0.47,1.29,0.55,-3.51,-1.02,0.58,3.30,4.97
RSP,Invesco S&P 500 Equal Weight ETF,North America,209.19,17170259,10023884,89777172838.80,0.20,0.76,0.55,2.32,6.18,8.38,8.83,16.78
GDIV,Harbor Dividend Growth Leaders ETF,Developed markets,18.42,2830,9313,229412305.55,0.50,0.33,0.55,1.77,6.97,9.25,10.43,22.31
RJMI,RJ Eagle Municipal Income ETF,North America,25.68,51324,6379,33283900.00,0.41,0.14,0.55,0.29,-0.17,0.69,0.29,2.45
FENY,Fidelity MSCI Energy Index ETF,North America,31.79,2884247,1822815,1969018800.00,0.08,-1.70,0.54,1.60,3.01,25.01,28.29,37.32
NYF,iShares New York Muni Bond ETF,North America,53.67,124377,161160,1330879820.20,0.09,0.11,0.54,0.11,-0.11,0.22,0.22,3.81
AMLP,Alerian MLP ETF,North America,52.13,1194780,1493666,12395516913.00,1.01,-0.87,0.54,-2.29,0.56,10.33,10.77,6.61
EMCB,WisdomTree Emerging Markets Corporate Bond Fund,Emerging markets,66.10,1757,4978,99277500.00,0.61,-0.05,0.54,-0.40,-0.81,-1.59,-0.83,1.33
INMU,iShares Intermediate Muni Income Active ETF,North America,24.16,128730,186175,486452360.00,0.30,0.12,0.54,0.08,-0.37,0.33,0.29,3.91
DEW,WisdomTree Global High Dividend Fund,Global,68.91,2269,2574,140507000.00,0.58,0.63,0.54,1.46,3.68,11.31,11.28,20.98
NUMI,Nuveen Municipal Income ETF,North America,25.16,1639,4986,81667449.63,0.29,0.14,0.54,0.22,-0.46,0.22,0.08,3.71
BKSE,BNY Mellon US Small Cap Core Equity ETF,North America,127.29,1766,1835,82075500.00,0.04,0.71,0.53,1.50,11.16,8.96,12.49,29.00
HYD,VanEck High Yield Muni ETF,North America,51.34,532691,675231,4385122936.37,0.32,0.12,0.53,0.29,1.20,0.71,0.29,3.78
SCDV,Bahl & Gaynor Small Cap Dividend ETF,North America,26.38,8722,7713,142794900.00,0.70,1.44,0.53,-1.46,2.69,9.83,10.42,13.03
QSML,WisdomTree U.S. SmallCap Quality Growth Fund,North America,31.36,116,830,13211975.00,0.38,0.84,0.53,0.63,11.05,5.21,8.68,19.14
THYM,T. Rowe Price High Income Municipal ETF,North America,50.80,461,2216,25357032.00,0.32,0.10,0.53,0.36,0.82,0.97,1.30,1.30
BGDV,Bahl & Gaynor Dividend ETF,North America,30.42,5794,12180,778253400.00,0.45,1.14,0.53,1.30,7.38,10.26,10.62,23.56
IQSM,IQ Candriam ESG U.S. Mid Cap Equity ETF,North America,38.35,377,5221,321057750.00,0.15,0.89,0.52,1.11,8.64,8.42,10.51,19.85
PTEU,Pacer TrendpilotTM European Index ETF,Europe,32.40,620,1146,35838000.00,0.65,0.47,0.51,-0.15,5.86,5.25,3.80,14.42
PAMC,Pacer Lunt MidCap Multi-Factor Alternator ETF,North America,53.84,1004,10846,53717600.00,0.60,0.26,0.51,0.62,11.26,11.68,14.87,23.29
VTEB,Vanguard Tax-Exempt Bond ETF,North America,50.37,7087147,7681251,44866158499.64,0.03,0.16,0.50,0.16,-0.12,0.18,0.02,3.62
DSMC,Distillate Small/Mid Cash Flow ETF,North America,40.33,2796,5624,125777925.00,0.55,0.60,0.50,2.20,8.76,10.22,13.54,25.05
PMIO,PGIM Municipal Income Opportunities ETF,North America,51.08,1515,5805,48469000.00,0.25,0.12,0.50,0.25,-0.42,-0.03,0.11,2.60
RISN,Inspire Capital Appreciation ETF,North America,30.90,4448,21942,80132000.00,0.72,0.29,0.49,1.15,4.36,3.38,6.58,15.08
CMF,iShares California Muni Bond ETF,North America,57.37,314500,510311,4444932695.70,0.08,0.14,0.49,0.09,-0.33,-0.05,-0.16,3.80
RVNU,Xtrackers Municipal Infrastructure Revenue Bond ETF,North America,25.08,16280,39279,140877124.93,0.15,0.00,0.48,0.40,1.25,1.54,2.01,5.91
RMOP,Rockefeller Opportunistic Municipal Bond ETF,North America,25.38,207653,113828,394957680.00,0.80,0.28,0.48,0.55,1.12,0.95,1.35,4.66
DJD,Invesco Dow Jones Industrial Average Dividend ETF,North America,63.12,17762,35248,453848790.00,0.07,0.51,0.48,4.47,3.20,9.91,10.39,20.64
TAFM,AB Tax-Aware Intermediate Municipal ETF,North America,25.52,163677,214627,625495739.14,0.28,0.13,0.48,0.13,-0.30,0.09,0.17,3.54
IBMU,iShares iBonds Dec 2032 Term Muni Bond ETF,North America,25.38,57695,9682,7583458.50,0.18,0.28,0.48,0.28,1.48,1.48,1.48,1.48
TDVG,T. Rowe Price Dividend Growth ETF,North America,48.06,58802,49911,1334451841.72,0.50,0.42,0.48,1.87,5.00,6.71,6.52,15.06
SCDS,JPMorgan Fundamental Data Science Small Core ETF,North America,73.15,1495,419,8715600.00,0.40,0.69,0.48,2.33,18.27,16.78,21.53,38.14
QVMM,Invesco S&P MidCap 400 QVM Multi-factor ETF,North America,34.98,1399,1106,421051654.68,0.15,0.87,0.47,1.10,9.03,10.52,12.28,22.87
MLPI,NEOS MLP & Energy Infrastructure High Income ETF,North America,55.26,269890,324127,651441252.00,0.68,0.02,0.47,-0.99,-0.65,10.67,9.21,10.67
DIVE,Dana Concentrated Dividend ETF,North America,25.78,501,2440,43692159.00,0.65,1.10,0.47,-0.04,5.14,0.50,1.38,2.71
RBLD,First Trust Alerian US NextGen Infrastructure ETF,North America,88.31,1734,8521,35135375.68,0.65,0.53,0.47,0.18,7.39,15.20,16.43,25.65
FMTM,MarketDesk Focused U.S. Momentum ETF,North America,40.53,208099,173781,176361766.00,0.45,-0.32,0.47,0.32,15.17,24.82,24.61,57.64
BAFE,Brown Advisory Flexible Equity ETF,North America,28.84,166535,60425,1668625990.19,0.54,0.41,0.47,1.25,10.19,5.49,5.36,12.12
TSIC,Truth Social American Icons ETF,North America,25.18,507,1105,2239398.00,0.65,1.12,0.46,-1.04,-2.84,0.90,0.70,0.90
RSPU,Invesco S&P 500 Equal Weight Utilities ETF,North America,78.56,17161,49249,524387250.00,0.40,1.11,0.46,-1.43,-4.34,5.46,4.77,10.68
TFI,State Street SPDR Nuveen ICE Municipal Bond ETF,North America,45.59,570805,446318,3092161354.17,0.23,0.07,0.46,0.07,-0.57,-0.20,-0.28,3.10
BKGI,BNY Mellon Global Infrastructure Income ETF,Global,45.48,130519,229188,1109622844.92,0.55,1.01,0.46,0.15,2.52,14.13,12.97,19.97
BKMI,BNY Mellon Municipal Intermediate ETF,North America,26.38,77395,92719,1718107887.69,0.35,0.34,0.46,0.34,-0.49,-0.43,-0.43,-0.43
LMUB,iShares Long-Term National Muni Bond ETF,North America,50.84,99211,185713,1621937573.55,0.09,0.11,0.46,0.19,0.68,0.88,0.87,5.47
RMNY,Rockefeller New York Municipal Bond ETF,North America,24.67,7,6145,27071990.00,0.55,0.14,0.45,0.27,0.57,0.61,0.73,3.18
YFFI,Indexperts Yield Focused Fixed Income ETF,Global,9.98,4610,1996,22589717.83,0.50,0.19,0.45,-1.92,-1.04,-2.30,-1.87,0.91
FIXP,FolioBeyond Enhanced Fixed Income Premium ETF,North America,19.88,671,3073,9899200.00,1.01,0.56,0.45,-0.58,0.62,-0.65,-0.36,1.17
PSWD,Xtrackers Cybersecurity Select Equity ETF,Global,37.92,823,1938,9400688.37,0.20,-1.48,0.45,9.03,20.27,9.41,14.22,5.51
EWK,iShares MSCI Belgium ETF,Europe,26.98,21283,59270,148579709.60,0.49,1.54,0.45,2.31,9.31,10.72,10.12,21.86
VFQY,Vanguard U.S. Quality Factor ETF,North America,164.72,5206,5403,460505850.00,0.13,0.62,0.44,1.78,7.39,6.19,6.57,16.20
FLMI,Franklin Dynamic Municipal Bond ETF,North America,25.05,594962,761355,2133950100.00,0.30,0.08,0.44,0.24,-0.24,0.80,0.76,4.11
MFLX,First Trust Flexible Municipal High Income ETF,North America,17.28,2839,4655,18934334.43,0.75,0.06,0.44,0.70,0.41,1.78,1.47,0.23
VTEC,Vanguard California Tax-Exempt Bond ETF,North America,100.00,235900,330946,2691496500.00,0.06,0.08,0.44,0.13,-0.44,-0.16,-0.28,3.54
DBEZ,Xtrackers MSCI Eurozone Hedged Equity ETF,Europe,60.57,626,2870,72561660.47,0.45,0.44,0.43,2.86,8.32,9.32,8.46,13.46
FMUN,Fidelity Systematic Municipal Bond Index ETF,North America,50.24,4416,12176,182534864.65,0.05,-0.21,0.43,-0.31,-0.58,-0.03,-0.07,3.98
MHIP,Milliman Healthcare Inflation Plus ETF,Global,19.96,601,611,992350.00,0.55,0.34,0.43,0.63,-0.57,-0.57,-0.57,-0.57
JHMM,John Hancock Multifactor Mid Cap ETF,North America,73.20,222497,223570,5570967990.00,0.41,0.76,0.43,0.92,7.58,9.83,11.35,21.37
FTMH,Franklin Municipal High Yield ETF,North America,11.76,91914,197671,581808438.44,0.35,0.09,0.43,-0.17,0.86,1.38,1.29,0.34
IYE,iShares U.S. Energy ETF,North America,60.79,2455909,1308935,1609104722.75,0.38,-1.57,0.43,2.65,3.54,24.83,27.90,36.48
THTA,SoFi Enhanced Yield ETF,North America,15.54,51824,40811,44667150.00,0.61,0.02,0.42,0.10,1.21,2.27,1.94,3.70
HTAB,Hartford Schroders Tax-Aware Bond ETF,North America,19.15,91041,57495,296364650.00,0.39,0.21,0.42,-0.16,-0.42,-0.67,-0.36,3.12
TMYY,GraniteShares YieldBOOST TSM ETF,Asia-Pacific,25.01,23521,3822,1000025.00,1.07,0.49,0.42,0.42,-0.66,-0.66,-0.66,-0.66
EVIM,Eaton Vance Intermediate Municipal Income ETF,North America,53.08,15750,36012,245310000.00,0.11,0.03,0.42,0.00,-0.54,0.08,-0.04,4.00
FPAA,FPA Global Allocation ETF,Global,24.70,6362,,491600.00,0.49,0.42,0.42,0.42,0.42,0.42,0.42,0.42
XTJL,Innovator U.S. Equity Accelerated Plus ETF - July,North America,40.94,600,13341,26624975.00,0.79,0.05,0.42,0.74,5.06,5.75,5.33,14.90
PJFV,PGIM Jennison Focused Value ETF,Global,94.83,1092,13880,88219800.00,0.75,-0.04,0.42,2.00,11.37,13.07,13.97,32.88
TAXE,Intermediate Municipal Income ETF,North America,51.24,8861,21040,166119853.25,0.24,0.08,0.42,-0.01,-0.44,0.17,0.19,3.56
VDE,Vanguard Energy ETF,North America,161.56,990995,680266,9964148376.07,0.09,-1.75,0.42,1.60,2.94,24.79,28.32,37.50
MMIT,NYLI MacKay Muni Intermediate ETF,North America,24.34,250966,489952,1448489792.00,0.30,0.10,0.41,-0.21,-0.49,0.08,-0.04,3.05
RFDI,First Trust RiverFront Dynamic Developed International ETF,Developed markets,86.31,2236,3697,156162612.75,0.83,0.21,0.41,-0.38,3.47,7.42,6.18,18.41
FTIF,First Trust Bloomberg Inflation Sensitive Equity ETF,North America,28.02,294,2058,5591455.91,0.60,-0.17,0.41,-0.04,7.54,19.50,20.75,30.93
NMB,Simplify National Muni Bond ETF,North America,24.78,359,2040,47605274.73,0.52,0.24,0.41,0.32,1.54,-1.59,-1.06,-0.08
STXK,Strive Small-Cap ETF,North America,36.87,9891,6327,79330860.00,0.18,0.66,0.41,1.10,9.18,7.90,10.65,22.61
IDU,iShares U.S. Utilities ETF,North America,111.52,94008,197902,1393105677.15,0.38,1.23,0.41,-2.49,-5.19,3.26,2.67,6.92
TAXT,Northern Trust Tax-Exempt Bond ETF,North America,51.58,2079,3644,59743364.00,0.05,0.14,0.40,0.24,-0.43,0.28,-0.01,2.88
IBMX,iShares iBonds Dec 2035 Term Muni Bond ETF,North America,25.10,12222,,5005873.80,0.18,0.08,0.40,-0.22,-0.02,-0.02,-0.02,-0.02
HYMB,State Street SPDR Nuveen ICE High Yield Municipal Bond ETF,North America,25.20,776216,955178,2954918642.20,0.35,0.24,0.40,0.20,0.16,0.56,0.88,2.77
ETHO,Amplify Etho Climate Leadership U.S. ETF,North America,76.26,1676,4592,177801000.00,0.45,0.72,0.40,2.23,13.78,12.26,15.86,31.64
SPXD,Xtrackers S&P 500 Diversified Sector Weight ETF,North America,28.23,6049,1042,6740668.09,0.09,0.54,0.40,1.76,5.30,7.43,8.96,13.06
FINY,GraniteShares YieldBOOST Financials ETF,North America,25.24,372,,755125.17,1.07,0.28,0.40,0.96,0.56,0.56,0.56,0.56
TAXF,American Century Diversified Municipal Bond ETF,North America,50.62,25628,48779,659031525.00,0.27,0.08,0.40,0.02,-0.08,0.30,0.36,4.41
APMU,ActivePassive Intermediate Municipal Bond ETF,North America,24.98,28179,26632,231348180.00,0.35,0.21,0.40,0.08,-0.85,-0.40,-0.52,1.65
SCMB,Schwab Municipal Bond ETF,North America,25.68,765760,1255328,3875560000.00,0.03,0.12,0.39,-0.08,-0.50,-0.35,-0.47,3.22
QTJL,Innovator Growth Accelerated Plus ETF - July,North America,42.06,1614,5545,44215500.00,0.79,-0.16,0.39,0.75,6.43,7.41,6.76,19.46
JIII,Janus Henderson Income ETF,Global,49.62,10986,16839,180347646.10,0.54,-0.01,0.39,-0.74,-1.21,-3.51,-1.68,-1.02
FMB,First Trust Managed Municipal ETF,North America,51.32,132665,130867,2039511302.49,0.39,0.12,0.39,0.08,-0.25,0.45,0.23,3.57
TAXM,BondBloxx IR+M Tax-Aware ETF for Massachusetts Residents,North America,50.19,583,6088,35595140.00,0.35,-0.02,0.39,-0.18,-0.30,-0.11,-0.02,3.00
RMCA,Rockefeller California Municipal Bond ETF,North America,24.34,20620,5301,17027220.00,0.55,0.00,0.39,0.06,0.47,0.47,0.52,2.77
ABLS,Abacus FCF Small Cap Leaders ETF,North America,20.99,532,543,1255217.70,0.39,1.25,0.39,-0.04,13.19,-11.03,5.06,-11.50
MUNI,PIMCO Intermediate Municipal Bond Active Exchange-Traded Fund,North America,52.41,340520,328405,3000178500.00,0.35,0.15,0.38,-0.11,-0.59,-0.10,-0.11,3.27
MUB,iShares National Muni Bond ETF,North America,107.04,3156344,3346603,45200249394.00,0.05,0.09,0.38,-0.03,-0.32,0.03,-0.16,3.62
HYZD,WisdomTree Interest Rate Hedged High Yield Bond Fund,North America,22.57,92546,57196,236943000.00,0.43,0.00,0.38,0.25,0.97,-0.02,0.21,1.24
VTEI,Vanguard Tax-Managed Funds Vanguard Intermediate-Term Tax-Exempt Bond ETF,North America,100.74,95468,117260,1474083000.00,0.08,0.13,0.38,0.05,-0.48,-0.02,-0.14,3.14
FLMB,Franklin Municipal Green Bond ETF,North America,23.92,6728,16967,77743250.00,0.30,0.13,0.38,0.04,0.04,0.59,0.57,4.89
SMLL,Harbor Active Small Cap ETF,North America,20.54,547,2812,13143000.00,0.80,1.54,0.38,-0.16,6.63,-2.53,3.57,-3.49
MRGR,ProShares Merger ETF,Developed markets,45.41,1447,1543,15853005.00,0.75,0.53,0.37,0.50,1.44,-0.79,1.35,8.20
FICS,First Trust International Developed Capital Strength ETF,Developed markets,40.65,21759,31582,210355680.91,0.70,0.69,0.37,0.15,1.65,3.25,1.35,2.08
VCRM,Vanguard Core Tax-Exempt Bond ETF,North America,75.97,138938,308835,1647681000.00,0.12,0.09,0.37,0.20,0.15,0.52,0.40,4.38
SCHD,Schwab US Dividend Equity ETF,North America,32.39,23600253,20295755,95442276000.00,0.06,0.31,0.37,2.21,4.99,17.44,17.78,21.77
SDOG,ALPS Sector Dividend Dogs ETF,North America,68.44,23306,60114,1320447684.92,0.36,0.50,0.37,2.98,4.78,11.79,12.94,19.55
MFSM,MFS Active Intermediate Muni Bond ETF,North America,25.13,7788,23440,99119111.70,0.34,0.08,0.36,0.16,-0.44,0.60,0.44,3.55
DEEP,Acquirers Small and Micro Deep Value ETF,North America,40.90,3180,939,26169520.00,0.80,1.35,0.36,0.32,11.55,9.91,12.98,26.34
DJIA,Global X Dow 30 Covered Call ETF,North America,22.00,47926,67989,175328413.10,0.60,0.27,0.36,1.57,0.27,-2.65,-0.50,2.61
VONV,Vanguard Russell 1000 Value ETF,North America,104.49,955089,878602,19332824448.15,0.06,0.35,0.36,1.99,9.32,12.61,12.73,24.54
ABEQ,Absolute Select Value ETF,North America,37.09,4961,13055,139524000.00,0.85,0.26,0.36,-0.34,-3.80,2.67,3.85,8.05
QDIV,Global X S&P 500 Quality Dividend ETF,North America,37.32,234,1833,32260299.24,0.20,0.57,0.36,2.77,1.21,5.20,8.24,11.06
NYM,AB New York Intermediate Municipal ETF,North America,25.06,19451,100053,1295026767.59,0.27,0.08,0.36,0.04,-0.24,0.20,0.12,0.20
SELV,SEI Enhanced Low Volatility U.S. Large Cap ETF,North America,32.98,18245,10715,235143241.04,0.15,0.57,0.36,2.29,-0.43,2.25,2.54,6.48
JHMU,John Hancock Dynamic Municipal Bond ETF,North America,26.25,178,5238,43299630.00,0.39,0.07,0.36,0.13,-0.63,0.09,0.43,3.44
FTPA,Franklin Pennsylvania Municipal Income ETF,North America,8.70,22393,55350,100286891.71,0.35,0.06,0.35,0.00,0.12,0.92,0.80,-14.20
FCAL,First Trust California Municipal High income ETF,North America,49.51,12123,23704,222727598.99,0.49,0.02,0.35,-0.14,-0.42,0.41,0.33,3.17
BILT,iShares Infrastructure Active ETF,Global,29.05,11451,8326,31103028.00,0.60,0.66,0.35,0.07,0.89,11.95,11.58,15.83
MINO,PIMCO Municipal Income Opportunities Active Exchange-Traded Fund,North America,45.45,58515,111269,672364000.00,0.39,0.02,0.35,0.26,-0.35,0.11,0.26,3.98
BILD,Nomura Global Listed Infrastructure ETF,Global,30.11,16,233,7517500.00,0.50,0.37,0.35,-1.19,-2.10,7.42,6.02,12.18
BCUS,Bancreek U.S. Large Cap ETF,North America,35.71,4179,5149,107089200.00,0.70,0.62,0.34,0.59,9.24,10.42,10.52,15.34
RSPD,Invesco S&P 500 Equal Weight Consumer Discretionary ETF,North America,55.40,101764,59282,271885000.00,0.40,1.84,0.34,1.50,-0.95,-3.01,-3.03,6.03
VO,Vanguard Mid-Cap ETF,North America,78.83,3252643,2573634,102656590405.73,0.03,0.42,0.34,1.59,6.78,7.04,8.28,14.80
KWT,iShares MSCI Kuwait ETF,Middle East & Africa,37.88,73568,4537,68658556.05,0.75,1.62,0.34,-2.22,2.93,-6.67,-0.84,-3.86
FTNJ,Franklin New Jersey Municipal Income ETF,North America,8.79,178865,92035,166286320.20,0.35,0.00,0.34,-0.23,0.11,0.46,-0.34,0.25
GSSC,GS ActiveBeta U.S. Small Cap Equity ETF,North America,85.81,35769,29620,975654500.00,0.20,0.59,0.34,1.12,13.76,10.58,12.82,26.56
OMFS,Invesco Russell 2000 Dynamic Multifactor ETF,North America,50.63,14005,9813,279563920.19,0.39,0.70,0.34,-0.10,10.91,9.42,13.37,26.01
ULVM,VictoryShares US Value Momentum ETF,North America,104.27,1488,1388,260539275.05,0.20,0.39,0.33,2.51,8.16,12.87,14.04,25.39
YLDE,Franklin ClearBridge Enhanced Income ETF,Global,55.36,14620,14221,158934010.85,0.48,0.99,0.33,-0.32,0.02,1.49,2.52,6.67
FBCV,Fidelity Blue Chip Value ETF,Global,39.06,5355,11681,162478441.60,0.57,0.26,0.33,1.71,7.04,7.92,9.81,20.62
RSPA,Invesco S&P 500 Equal Weight Income Advantage ETF,North America,52.91,137201,151235,851773667.27,0.29,0.36,0.32,1.07,3.10,2.98,3.36,6.29
TAXI,Northern Trust Intermediate Tax-Exempt Bond ETF,North America,51.26,20736,18737,116533600.00,0.05,0.06,0.32,0.09,-0.42,0.07,-0.20,2.30
QTPI,North Square RCIM Tax-Advantaged Preferred and Income Securities ETF,North America,25.50,1695,8025,77052900.00,0.60,0.18,0.32,-0.48,-0.93,-0.50,-1.04,1.23
AVRE,Avantis Real Estate ETF,Global,47.30,120433,64220,821983600.00,0.17,0.92,0.32,-0.96,3.46,8.19,8.36,6.75
REIT,ALPS Active REIT ETF,North America,30.38,9625,9465,52289659.42,0.68,2.20,0.32,1.97,7.15,15.63,15.81,13.01
VMAX,Hartford US Value ETF,North America,60.88,24,237,47075205.00,0.29,0.15,0.32,2.42,8.76,9.81,10.86,24.13
DVXE,WEBs Energy XLE Defined Volatility ETF,North America,37.70,1037,559,1155324.00,0.89,-1.99,0.32,2.81,2.49,35.70,31.36,47.36
UTHY,US Treasury 30 Year Bond ETF,North America,40.26,777596,84148,39201960.00,0.15,0.57,0.32,-1.01,-2.78,-3.82,-2.42,-0.35
IBMV,iShares iBonds Dec 2033 Term Muni Bond ETF,North America,25.34,16720,3305,3791080.20,0.18,0.11,0.32,0.00,1.38,1.38,1.38,1.38
BDIV,AAM Brentview Dividend Growth ETF,North America,24.12,3089,1782,6470685.00,0.49,0.61,0.31,-0.07,4.16,6.23,5.50,17.91
JANM,FT Vest U.S. Equity Max Buffer ETF - January,North America,33.72,1733,3022,36271642.48,0.85,-0.09,0.31,0.25,2.14,2.65,2.03,7.34
IBMT,iShares iBonds Dec 2031 Term Muni Bond ETF,North America,25.75,89871,18718,95134573.90,0.18,0.00,0.31,0.00,-1.19,-0.89,-0.73,2.39
QLVD,FlexShares Developed Markets ex-US Quality Low Volatility Index Fund,Developed markets,32.81,377,584,52436992.77,0.12,0.43,0.30,-1.07,-5.28,3.46,3.26,4.70
BSR,Beacon Selective Risk ETF,North America,30.03,647,2906,36453600.00,1.43,0.44,0.30,0.20,-0.70,-0.98,2.07,7.59
JXI,iShares Global Utilities ETF,Global,83.54,42364,27964,318409918.75,0.39,1.10,0.30,-2.91,-3.19,6.54,5.64,14.27
TCV,Towle Value ETF,North America,31.65,9477,10550,204374026.70,0.85,-0.31,0.30,4.44,14.61,16.79,20.54,25.51
ITM,VanEck Intermediate Muni ETF,North America,46.84,180615,217219,2181835805.39,0.18,0.13,0.30,0.02,-0.91,-0.38,-0.70,4.00
QJUN,FT Vest Nasdaq-100 Buffer ETF - June,North America,33.74,7418,23551,639354117.48,0.90,-0.00,0.30,0.63,5.50,6.54,5.54,16.55
CGVV,Capital Group U.S. Large Value ETF,North America,29.96,69336,37529,135764095.68,0.33,0.54,0.30,-0.02,8.67,10.11,11.00,18.00
MADE,iShares U.S. Manufacturing ETF,North America,37.45,8431,16587,55978162.50,0.40,0.35,0.30,0.76,7.77,17.66,19.01,44.04
CGMU,Capital Group Municipal Income ETF,North America,27.40,845669,1179364,6154047639.84,0.27,0.00,0.29,-0.04,-0.72,0.04,0.00,3.44
GMUB,Goldman Sachs Municipal Income ETF,North America,51.31,51471,34376,279149000.00,0.18,0.06,0.29,-0.05,-0.29,-0.60,0.25,3.82
KSA,iShares MSCI Saudi Arabia ETF,Middle East & Africa,38.54,1129581,516726,683614270.00,0.75,0.65,0.29,-0.03,0.76,2.36,5.10,-0.03
IBMS,iShares iBonds Dec 2030 Term Muni Bond ETF,North America,25.88,40875,49326,299836800.00,0.18,0.10,0.29,-0.02,-1.01,-0.56,-0.63,1.75
FTOH,Franklin Ohio Municipal Income ETF,North America,8.41,25867,38571,73509535.17,0.35,-0.07,0.29,-0.07,0.41,0.05,0.53,-0.07
FLCV,Federated Hermes MDT Large Cap Value ETF,North America,35.01,12537,13113,95772000.00,0.32,0.76,0.29,2.37,10.55,10.83,12.39,21.73
BMOP,BNY Mellon Municipal Opportunities ETF,North America,25.01,176061,111492,1792933300.74,0.54,0.28,0.28,0.56,-0.87,0.52,0.52,0.52
SYZ,Lazard US Systematic Small Cap Equity ETF,North America,29.49,824,3576,67120824.60,0.61,0.47,0.28,0.07,12.28,14.26,16.34,17.26
SPGP,Invesco S&P 500 GARP ETF,North America,119.96,130338,69602,2166624300.00,0.36,0.18,0.28,1.93,7.55,5.06,4.84,15.04
CTEF,Castellan Targeted Equity ETF,North America,85.75,997,1608,611231964.00,0.45,0.74,0.28,5.03,20.19,27.28,26.73,70.81
MMCA,NYLI MacKay California Muni Intermediate ETF,North America,21.74,35195,30563,88006500.00,0.36,0.12,0.28,0.00,-0.96,-0.32,-0.43,3.08
AGNG,Global X Aging Population ETF,Developed markets,35.04,9292,12435,80525455.34,0.50,1.37,0.28,-0.06,-3.77,-2.83,-2.91,9.98
GMNY,Goldman Sachs Dynamic New York Municipal Income ETF,North America,50.14,5281,3531,38796500.00,0.30,0.07,0.28,0.14,-0.26,0.50,0.30,2.96
OASC,OneAscent Enhanced Small and Mid Cap ETF,North America,33.92,1848,9618,84450000.00,0.69,0.40,0.28,0.86,13.76,13.23,14.49,31.69
NVIR,Horizon Kinetics Energy and Remediation ETF,Global,38.82,351,899,5892755.89,0.85,-1.29,0.27,0.64,0.02,15.39,18.38,30.40
JEPI,JPMorgan Equity Premium Income ETF,North America,55.80,6323890,6289335,43672944500.00,0.35,0.81,0.27,-0.98,-4.14,-2.75,-2.75,-0.53
MFUS,PIMCO RAFI Dynamic Multi-Factor U.S. Equity ETF,North America,64.76,4506,12076,273202800.00,0.29,0.03,0.27,2.44,9.41,13.68,14.02,24.09
TXXI,BondBloxx IR+M Tax-Aware Intermediate Duration ETF,North America,50.59,4327,5208,30322440.00,0.35,0.07,0.27,0.11,-0.19,0.09,-0.05,2.94
DFNM,Dimensional National Municipal Bond ETF,North America,48.31,113570,154843,2166352807.54,0.17,0.04,0.27,-0.02,-0.39,0.04,0.19,2.40
IGHG,ProShares Investment Grade-Interest Rate Hedged,North America,78.30,18135,29848,307485677.50,0.30,-0.13,0.27,0.30,0.71,-0.30,0.16,0.21
FTCA,Franklin California Municipal Income ETF,North America,7.38,117869,193745,610792569.99,0.35,0.07,0.27,0.00,0.41,0.96,0.82,0.00
FTXN,First Trust Nasdaq Oil & Gas ETF,North America,35.84,80001,1326948,977396072.94,0.60,-1.76,0.27,1.49,2.36,23.79,28.50,31.90
IBGK,iShares iBonds Dec 2054 Term Treasury ETF,North America,23.03,38,2203,4576860.00,0.07,0.56,0.26,-1.12,-2.20,-3.36,-2.38,-0.61
EVYM,Eaton Vance High Income Municipal ETF,North America,50.64,8084,4913,57649850.57,0.40,0.15,0.26,0.37,0.74,1.34,1.40,5.19
RUSC,Russell Investments U.S. Small Cap Equity ETF,North America,36.63,4800,5690,58632675.38,0.64,0.71,0.26,0.65,13.04,14.24,17.28,35.30
DFCA,Dimensional California Municipal Bond ETF,North America,50.16,33882,70376,692474884.63,0.19,0.04,0.26,0.06,-0.54,0.02,0.14,2.26
CNQQ,Rayliant-ChinaAMC Transformative China Tech ETF,Asia-Pacific,24.98,4865,18827,30647760.00,0.75,1.81,0.26,0.66,9.49,6.86,4.37,1.77
MMID,MFS Active Mid Cap ETF,North America,25.78,944,1145,33937417.15,0.59,1.00,0.26,1.36,3.10,1.42,2.77,2.98
GNMA,iShares GNMA Bond ETF,North America,43.94,27768,46588,425084070.00,0.10,0.17,0.26,-1.11,-1.95,-1.45,-1.53,2.27
ZIG,The Acquirers Fund,North America,39.47,971,1086,32148765.00,0.75,1.14,0.25,0.58,3.46,1.98,8.83,14.10
USNG,Amplify Samsung U.S. Natural Gas Infrastructure ETF,North America,35.31,905,3190,7799968.00,0.59,-0.45,0.25,-0.87,7.75,26.42,27.47,36.96
BCLO,iShares BBB-B CLO Active ETF,Global,49.72,1273,3632,74219850.00,0.45,0.04,0.25,0.35,2.23,0.03,0.17,0.03
ILS,Brookmont Catastrophic Bond ETF,Global,19.93,8790,42922,77840344.65,1.58,0.15,0.25,0.20,-0.90,-1.92,-0.45,-1.63
NBET,Neuberger Energy Transition & Infrastructure ETF,Global,39.68,1457,4898,44936364.94,0.65,-0.75,0.24,-0.54,0.47,19.24,21.06,22.91
SQMX,FT Vest U.S. Equity Quarterly Max Buffer ETF,North America,34.10,2321,3734,45171968.18,0.85,0.04,0.24,0.53,1.90,2.68,2.03,8.32
BBH,VanEck Biotech ETF,Global,187.49,3885,4979,362113987.25,0.35,0.77,0.24,1.37,-2.40,-1.54,-0.73,22.86
ZECP,Zacks Earnings Consistent Portfolio ETF,North America,37.03,62349,48951,342859050.00,0.55,0.24,0.24,1.04,6.22,5.83,6.22,18.91
AVMU,Avantis Core Municipal Fixed Income ETF,North America,46.42,1337,11045,161775250.00,0.15,0.11,0.24,0.04,-0.12,1.15,0.26,4.80
XTWY,BondBloxx Bloomberg Twenty Year Target Duration US Treasury ETF,North America,36.85,45618,80951,255174488.00,0.13,0.58,0.24,-1.15,-3.29,-4.56,-2.82,-0.41
XLB,State Street Materials Select Sector SPDR ETF,North America,50.77,13510484,11545679,7819483650.90,0.08,1.62,0.24,-2.01,2.09,14.63,11.53,15.40
NCLO,Nuveen AA-BBB CLO ETF,North America,25.00,293441,42142,156761330.51,0.26,-0.16,0.24,0.00,2.71,-0.24,-0.00,-0.32
EDGF,3EDGE Dynamic Fixed Income ETF,Global,24.81,88970,175661,473047836.62,0.79,-0.04,0.24,-0.24,0.08,-0.44,0.40,0.00
CAM,AB California Intermediate Municipal ETF,North America,25.08,50962,149483,1188903944.26,0.27,0.04,0.24,0.08,-0.32,-0.08,-0.08,-62.10
RFCI,ALPS Dynamic Core Income ETF,Global,22.27,218,1048,15582000.00,0.51,0.17,0.24,-0.48,-1.23,-2.31,-1.64,-0.19
ISCB,iShares Morningstar Small-Cap ETF,North America,72.03,4838,3219,271940118.20,0.04,0.63,0.23,0.86,8.62,7.40,10.65,25.34
LFSC,F/m Emerald Life Sciences Innovation ETF,North America,39.06,3252,2906,100955275.86,0.54,3.14,0.23,1.51,11.98,-1.29,8.14,59.38
IHDG,WisdomTree International Hedged Quality Dividend Growth Fund,Developed markets,51.21,335644,159424,2176872750.00,0.58,0.33,0.23,1.65,4.23,6.47,4.23,12.06
HMOP,Hartford Municipal Opportunities ETF,North America,39.13,30271,72469,771859625.00,0.29,0.05,0.23,-0.15,-0.61,-0.05,-0.23,2.54
USDX,SGI Enhanced Core ETF,Global,25.75,31702,58748,311809100.00,1.08,0.04,0.23,-0.04,0.59,-0.69,0.65,0.59
MBSF,Regan Floating Rate MBS ETF,North America,25.69,20140,75138,219649500.00,0.49,0.09,0.23,-0.05,-0.32,0.54,-0.18,1.37
BBSC,JPMorgan BetaBuilders U.S. Small Cap Equity ETF,North America,85.86,8384,6889,691578000.00,0.09,0.48,0.23,0.72,13.15,10.80,14.60,31.78
PIO,Invesco Global Water ETF,Global,43.95,2300,14160,265130400.00,0.75,1.01,0.22,-5.43,-2.30,-1.22,-0.82,0.63
TLT,iShares 20+ Year Treasury Bond ETF,North America,85.12,22617747,25816227,39987490837.80,0.15,0.59,0.22,-1.09,-3.00,-4.03,-2.61,0.09
ICLO,Invesco AAA CLO Floating Rate Note ETF,North America,25.62,95592,103080,473415025.59,0.19,-0.02,0.22,0.04,0.33,0.02,0.25,0.06
EXI,iShares Global Industrials ETF,Global,193.37,91203,39413,1347900064.00,0.39,0.33,0.22,-2.50,2.52,9.94,9.58,18.70
MBOX,Freedom Day Dividend ETF,North America,39.97,4703,3737,141966275.00,0.39,-0.14,0.21,3.00,7.90,12.36,13.07,20.78
DIVN,Horizon Dividend Income ETF,North America,29.06,19905,50991,185628472.00,0.70,0.34,0.21,2.11,1.76,7.68,9.50,16.62
POWA,Invesco Bloomberg Pricing Power ETF,North America,88.18,11180,4810,193279970.00,0.40,0.80,0.21,0.43,-1.85,-3.93,-2.12,2.70
RFDA,ALPS Dynamic US Dividend Advantage ETF,North America,70.19,697,2382,85860390.18,0.52,0.18,0.21,2.26,10.40,9.95,10.50,25.21
XPH,State Street SPDR S&P Pharmaceuticals ETF,North America,58.29,33546,52723,342672995.59,0.35,2.10,0.21,-2.44,5.41,2.84,3.65,38.42
MMIN,NYLI MacKay Muni Insured ETF,North America,24.08,71979,80315,452317096.00,0.30,0.17,0.21,-0.33,0.00,0.42,0.42,4.65
IYM,iShares U.S. Basic Materials ETF,North America,183.04,246295,191636,1235429811.45,0.38,1.48,0.21,-0.91,3.71,22.76,17.95,32.33
NUSC,Nuveen ESG Small-Cap ETF,North America,49.96,1885364,106021,1313096557.08,0.31,0.40,0.20,1.11,9.42,8.87,11.39,23.08
BLUI,Bluemonte Diversified Income ETF,Global,25.67,8821,7939,102339368.37,0.75,0.27,0.20,-0.78,-0.09,0.90,1.61,2.22
RSPG,Invesco S&P 500 Equal Weight Energy ETF,North America,103.54,125766,109991,573416826.07,0.40,-1.62,0.20,1.84,3.85,24.91,30.11,39.94
PVI,Invesco Floating Rate Municipal Income ETF,North America,24.85,3225,11341,33524550.00,0.25,-0.14,0.20,0.32,0.52,0.20,0.12,0.16
GENT,Genter Capital Taxable Quality Intermediate ETF,Global,10.24,175105,32574,94453603.20,0.38,0.49,0.20,-0.49,-1.25,-1.54,-1.44,0.29
HYBX,TCW High Yield Bond ETF,Global,29.66,14955,5518,31905536.16,0.50,0.47,0.20,-0.57,-0.57,-1.30,-1.60,-1.92
CGDG,Capital Group Dividend Growers ETF,Global,37.22,658883,643743,5064670894.42,0.47,0.76,0.19,0.11,2.22,4.32,3.76,12.62
QFHD,Pacer S&P 500 Quality FCF High Dividend ETF,North America,26.36,1,1138,523346.00,0.49,0.67,0.19,0.26,0.73,4.26,4.26,4.26
FEZ,State Street SPDR EURO STOXX 50 ETF,Europe,67.69,2083916,1698097,4473551529.33,0.29,0.58,0.19,1.08,6.28,4.52,3.85,13.06
DVLU,First Trust Dorsey Wright Momentum & Value ETF,North America,39.20,2453,3923,43032078.24,0.60,0.18,0.19,3.88,14.01,7.80,8.79,34.60
KNOW,Fundamentals First ETF,Global,12.76,114,531,6659047.50,1.09,0.42,0.19,0.82,4.45,11.28,11.67,16.67
MUNA,Northern Trust 2030 Tax-Exempt Distributing Ladder ETF,North America,100.60,201,2459,8015352.00,0.18,-0.10,0.19,0.38,0.27,0.72,0.58,0.55
RYLD,Global X Russell 2000 Covered Call ETF,North America,15.73,730503,531034,1341896619.80,0.60,0.00,0.19,0.51,3.15,2.48,2.28,6.36
INTM,Invesco Intermediate Municipal ETF,North America,51.92,1524,462,101538667.79,0.35,0.05,0.19,0.30,-0.43,0.30,0.08,3.88
WTMU,WisdomTree Core Laddered Municipal Fund,North America,25.66,15028,2489,11308000.00,0.25,0.04,0.18,-1.89,-1.25,-0.58,-0.91,2.58
FCLO,Fidelity CLO ETF,Global,50.21,3198,3868,26291790.00,0.00,0.00,0.18,-0.06,0.46,0.16,0.16,0.16
CPRJ,Calamos Russell 2000 Structured Alt Protection ETF July,North America,27.59,1841,1577,22761777.59,0.69,0.11,0.18,0.55,2.21,3.45,3.10,7.98
CPSJ,Calamos S&P 500 Structured Alt Protection ETF July,North America,27.60,224,2526,41415027.61,0.69,0.00,0.18,0.51,2.09,2.90,2.47,7.23
XLU,State Street Utilities Select Sector SPDR ETF,North America,43.98,20424836,20847154,22443739757.71,0.08,1.06,0.18,-3.04,-5.42,3.12,2.54,8.53
UUPP,Principal CLO ETF,North America,25.14,200,,,0.19,0.04,0.18,0.38,0.38,0.38,0.38,0.38
REM,iShares Mortgage Real Estate ETF,North America,21.90,429584,445245,534504648.40,0.48,2.15,0.18,-3.61,-1.13,-4.28,-1.44,1.62
IBMW,iShares iBonds Dec 2034 Term Muni Bond ETF,North America,25.26,16749,2083,3779028.30,0.18,0.10,0.18,-0.26,0.40,0.40,0.40,0.40
ASLV,Allspring Special Large Value ETF,North America,29.44,73,3775,220444466.76,0.35,0.94,0.18,-0.68,4.03,3.19,5.03,15.13
AIVL,WisdomTree U.S. AI Enhanced Value Fund,North America,126.12,714,2050,397033750.00,0.38,0.93,0.18,1.98,6.58,9.24,9.62,13.10
CMAY,Corgi U.S. Equities 15% Structured Buffer ETF - May Series,North America,25.64,17199,,4717167.00,0.30,0.95,0.18,1.77,1.77,1.77,1.77,1.77
FIVA,Fidelity International Value Factor ETF,Developed markets,37.97,64425,80063,548503955.50,0.18,0.24,0.18,1.61,6.60,13.11,9.55,29.46
LDUR,PIMCO Enhanced Low Duration Active Exchange-Traded Fund,Global,95.30,49637,46019,1358742000.00,0.54,0.13,0.17,-0.28,-0.62,-0.54,-0.64,0.01
BUCK,Simplify Treasury Option Income ETF,North America,23.46,127053,138622,440254998.45,0.35,-0.09,0.17,-0.47,-0.38,-1.39,-1.14,0.00
JBBB,Janus Henderson B-BBB CLO ETF,Global,47.38,247927,260368,1207729465.25,0.47,-0.04,0.17,-0.02,0.77,-0.82,-0.40,-1.70
MBS,Angel Oak Mortgage-Backed Securities ETF,North America,8.60,50780,77776,147136168.80,0.49,0.00,0.17,-1.32,-2.55,-2.11,-1.55,1.24
FLBL,Franklin Senior Loan ETF,North America,22.90,158832,157910,846856000.00,0.45,0.04,0.17,-0.61,-0.13,-3.38,-2.35,-5.06
HEDG,Equable Shares Hedged Equity ETF,North America,30.02,19683,34560,406031953.08,0.96,-0.43,0.17,0.57,1.18,1.78,2.18,4.16
VBND,Vident U.S. Bond Strategy ETF,North America,43.46,2836,20051,507386880.00,0.41,0.02,0.16,-0.73,-1.06,-1.74,-1.25,0.91
ILTB,iShares Core 10 Year USD Bond ETF,North America,48.70,64721,50448,598083330.00,0.06,0.56,0.16,-0.88,-1.76,-3.18,-2.15,1.80
BITC,Bitwise Trendwise Bitcoin and Treasuries Rotation Strategy ETF,Global,39.05,1656,3230,15620956.21,0.88,0.11,0.16,-3.62,4.31,-1.08,6.67,-17.75
SCHQ,Schwab Long-Term U.S. Treasury ETF,North America,30.87,822841,797936,751905000.00,0.03,0.55,0.16,-1.18,-2.99,-3.89,-2.77,0.26
JDVL,John Hancock Disciplined Value Select ETF,North America,30.56,40603,38358,873449167.50,0.56,0.02,0.16,3.45,10.64,10.65,12.68,22.66
RTH,VanEck Retail ETF,Global,258.18,16538,6498,246078763.49,0.35,0.84,0.16,-3.50,-0.66,1.53,3.20,8.50
IBMR,iShares iBonds Dec 2029 Term Muni Bond ETF,North America,25.34,87909,55954,451860094.35,0.18,0.00,0.16,-0.02,-0.78,-0.28,-0.35,1.24
GSEW,Goldman Sachs Equal Weight U.S. Large Cap Equity ETF,North America,92.90,45657,63775,1755838500.00,0.09,0.75,0.15,1.94,6.80,8.17,8.62,15.53
HCOW,Amplify COWS Covered Call ETF,North America,24.16,7224,5224,16491483.00,0.65,0.97,0.15,1.20,2.79,-2.28,0.13,7.29
BAB,Invesco Taxable Municipal Bond ETF,North America,26.74,241545,178328,1055558500.00,0.28,0.15,0.15,-0.74,-2.02,-2.09,-1.76,2.77
MBND,State Street Nuveen Municipal Bond ETF,North America,27.27,20799,6548,27374181.00,0.40,0.02,0.15,-0.07,-0.72,-0.39,-0.32,1.76
XIDV,Franklin International Dividend Booster Index ETF,Developed markets,37.98,2603,15242,41642700.00,0.19,0.55,0.15,0.44,6.20,12.26,10.52,20.83
FFIU,UVA Unconstrained Medium-Term Fixed Income ETF,North America,21.88,376,1530,53410539.00,0.54,0.19,0.15,-0.26,-1.43,-3.26,-0.49,1.78
DIVS,Guinness Atkinson Dividend Builder ETF,Global,32.59,2480,2449,38099515.78,0.46,0.52,0.15,0.65,3.66,3.33,5.37,6.05
HELS,Hedgeye 130/30 Equity ETF,North America,23.98,14922,20383,24259000.00,0.70,-0.97,0.15,1.63,1.12,-4.56,-2.89,-4.56
DTD,WisdomTree U.S. Total Dividend Fund,North America,92.53,11176,19619,1595700100.00,0.28,0.33,0.15,1.40,5.28,8.55,8.68,18.63
ARB,AltShares Merger Arbitrage ETF,Developed markets,29.53,2696,14977,103200395.42,0.76,-0.24,0.15,0.50,0.98,1.46,1.89,4.18
MCH,Matthews China Active ETF,Asia-Pacific,28.59,2272,2663,22595200.00,0.79,2.15,0.15,-1.66,2.11,-0.90,-1.68,18.44
MCDS,JPMorgan Fundamental Data Science Mid Core ETF,North America,65.50,81,376,7810800.00,0.35,0.67,0.15,1.79,9.40,9.57,10.84,18.33
JULH,Innovator Premium Income 20 Barrier ETF - July,North America,25.08,1264,5379,15046200.00,0.79,-0.02,0.14,0.34,0.22,-1.05,0.50,-0.40
SIZE,iShares MSCI USA Size Factor ETF,North America,175.38,4958,6672,417566776.80,0.15,0.84,0.14,2.34,7.42,6.61,8.50,15.35
FLOT,iShares Floating Rate Bond ETF,North America,50.95,3347760,1629847,9627233880.00,0.15,0.04,0.14,0.10,0.14,0.00,0.18,0.24
FCBD,Frontier Asset Core Bond ETF,North America,25.38,1008,4531,39559646.60,0.84,0.05,0.14,-0.35,-0.87,-1.76,-0.52,0.03
MARB,First Trust Merger Arbitrage ETF,Global,20.92,3867,10623,19886391.87,1.69,0.00,0.14,0.43,1.11,0.14,1.52,3.31
FLEU,Franklin FTSE Eurozone ETF,Europe,35.33,5185,6197,70482000.00,0.09,0.65,0.14,0.92,7.00,5.94,5.34,14.75
PRIZ,Zacks Preferred Income ETF,Global,25.07,2,,500101.23,0.45,0.04,0.14,0.14,0.14,0.14,0.14,0.14
OCTH,Innovator Premium Income 20 Barrier ETF - October,North America,24.24,3643,3335,18818472.50,0.79,-0.19,0.14,0.37,1.11,0.21,1.36,0.39
VIG,Vanguard Div Appreciation ETF,North America,234.09,1207260,999560,107927650544.59,0.04,0.32,0.14,2.22,5.60,5.34,6.17,16.74
KBFR,Innovator U.S. Small Cap Managed 10 Buffer ETF,North America,25.99,2929,3605,7738410.00,0.79,0.72,0.14,0.60,6.41,4.36,4.36,4.36
PCPI,PIMCO Inflation PLUS Active Exchange-Traded Fund,North America,50.53,2191,24031,56526400.00,0.25,0.02,0.14,0.34,0.98,0.98,0.98,0.98
CATF,American Century California Municipal Bond ETF,North America,50.26,4961,5596,77659960.00,0.27,0.15,0.13,0.07,-0.19,0.17,0.57,4.11
RSBA,Return Stacked Bonds & Merger Arbitrage ETF,North America,20.83,27450,28243,48765790.00,1.01,0.41,0.13,-0.30,0.04,-3.62,-0.20,1.45
VYM,Vanguard High Dividend Yield ETF,North America,158.84,1212976,1059988,78303654224.24,0.04,0.46,0.13,1.85,5.58,8.37,10.30,21.67
PFIG,Invesco Fundamental Investment Grade Corporate Bond ETF,North America,23.88,5464,16345,115614300.00,0.22,0.15,0.13,-0.87,-1.12,-1.77,-1.65,0.67
FMNY,First Trust New York Municipal High Income ETF,North America,26.79,2769,7738,38823803.55,0.49,0.09,0.13,0.22,-0.59,0.30,0.26,3.62
IBDS,iShares iBonds Dec 2027 Term Corporate ETF,North America,24.17,517206,616351,3785794880.00,0.10,0.04,0.12,-0.04,-0.25,-0.49,-0.37,0.29
SPTL,State Street SPDR Portfolio Long Term Treasury ETF,North America,25.85,5279693,6484048,10181316903.50,0.03,0.51,0.12,-1.11,-2.82,-3.62,-2.45,0.74
DJUN,FT Vest U.S. Equity Deep Buffer ETF - June,North America,49.12,27568,8756,323108748.28,0.85,-0.05,0.12,0.45,3.36,4.38,3.65,10.53
FLTR,VanEck IG Floating Rate ETF,North America,25.53,1016092,920453,2779118390.00,0.14,0.00,0.12,0.12,0.08,0.12,0.20,0.47
IBDR,iShares iBonds Dec 2026 Term Corporate ETF,North America,24.20,391251,566900,3565266980.00,0.10,0.00,0.12,0.00,-0.04,-0.12,-0.08,0.25
TVAL,T. Rowe Price Value ETF,North America,40.59,50033,57831,733714857.15,0.33,0.32,0.12,1.48,10.48,14.31,15.08,26.37
YCLO,Franklin BSP CLO ETF,Global,25.10,12,,50084000.00,0.35,0.04,0.12,0.12,0.12,0.12,0.12,0.12
VABS,Virtus Newfleet ABS/MBS ETF,North America,24.19,5249,47259,112306896.61,0.39,0.08,0.12,-0.12,-0.58,-0.82,-0.25,-0.78
TFPN,BLUEPRINT CHESAPEAKE MULTI-ASSET TREND ETF,Global,31.15,16405,9997,157545810.00,1.96,-0.59,0.12,0.37,9.25,21.19,21.05,38.13
QHDG,Innovator Hedged Nasdaq-100 ETF,North America,30.15,406,342,3015090.00,0.79,-0.05,0.12,0.47,1.42,-0.21,1.15,11.16
MYMG,State Street My2027 Municipal Bond ETF,North America,24.71,1,768,9869749.60,0.20,0.00,0.12,0.04,-0.12,0.04,0.02,0.98
IWR,iShares Russell Mid-Cap ETF,North America,106.92,3197466,1868370,54440883473.25,0.18,0.58,0.12,1.45,7.99,9.17,10.56,18.03
MIDE,Xtrackers S&P MidCap 400 Scored & Screened ETF,North America,37.44,218,257,3340567.12,0.15,0.73,0.12,1.26,10.66,10.30,11.93,24.33
HULL,Corgi Shipping & Global Logistics ETF,Global,25.59,11,,2797322.00,0.35,0.58,0.12,-1.37,-0.53,-0.53,-0.53,-0.53
IBMP,iShares iBonds Dec 2027 Term Muni Bond ETF,North America,25.39,82141,81139,646724446.50,0.18,0.04,0.12,0.28,-0.24,-0.04,-0.27,0.62
IBMQ,iShares iBonds Dec 2028 Term Muni Bond ETF,North America,25.52,49665,80739,647599924.00,0.18,0.04,0.12,0.04,-0.47,-0.31,-0.12,0.99
TLTI,NEOS Enhanced Income 20+ Year Treasury Bond ETF,North America,45.13,8514,10742,15267768.00,0.58,0.41,0.11,-1.42,-2.28,-3.78,-2.23,-0.46
MHY,Man Active High Yield ETF,Global,25.48,1952,90,19914854.28,0.69,0.12,0.11,0.52,2.21,-0.39,2.73,0.95
EFAS,Global X MSCI SuperDividend EAFE ETF,Developed markets,21.49,18531,18041,48371701.86,0.55,0.32,0.11,-1.99,4.54,13.48,10.20,21.64
VGLT,Vanguard Long-Term Treasury ETF,North America,54.39,2416072,2217633,10355935485.57,0.03,0.50,0.11,-1.18,-2.95,-3.77,-2.65,0.39
FUTY,Fidelity MSCI Utilities Index ETF,North America,56.86,440353,312300,2297582640.00,0.08,0.96,0.11,-2.99,-5.04,2.64,2.62,8.80
TFJL,Innovator 20 Year Treasury Bond 5 Floor ETF - July,North America,19.31,114,3878,14410800.00,0.79,0.31,0.11,-0.94,-2.65,-3.75,-2.24,-2.64
IOPP,Simplify Tara India Opportunities ETF,Asia-Pacific,24.88,1613,630,6806274.75,0.73,0.52,0.11,-3.43,-0.03,-6.62,-8.43,-8.12
EPMB,Harbor Mid Cap Core ETF,North America,25.69,4,35,4494000.00,0.88,0.01,0.11,-1.21,5.98,11.07,9.08,21.87
IMRA,Bitwise MARA Option Income Strategy ETF,North America,16.58,3867,4385,2676706.92,0.96,-0.79,0.11,3.61,20.17,-15.42,13.23,-68.07
JOET,Virtus Terranova U.S. Quality Momentum ETF,North America,44.51,22686,21105,235341377.62,0.29,0.27,0.10,2.66,7.76,4.18,5.36,11.54
HYEM,VanEck Emerging Markets High Yield Bond ETF,Emerging markets,20.12,108906,156191,513082880.00,0.40,0.20,0.10,-0.15,0.30,1.00,1.00,3.02
UTWY,US Treasury 20 Year Bond ETF,North America,42.29,3287,1644,8412520.00,0.15,0.51,0.10,-1.34,-2.37,-3.77,-2.82,-0.41
RFLR,Innovator U.S. Small Cap Managed Floor ETF,North America,30.89,6608,7154,79685060.00,0.89,0.61,0.10,1.08,6.30,5.91,8.42,23.91
RBUF,Innovator U.S. Small Cap 10 Buffer ETF - Quarterly,North America,30.91,5345,8760,87223287.50,0.79,0.01,0.10,0.63,4.44,4.51,6.16,14.62
IBGA,iShares iBonds Dec 2044 Term Treasury ETF,North America,24.10,43282,16086,95875200.00,0.07,0.50,0.10,-1.29,-2.74,-3.54,-2.57,0.48
MYMI,State Street My2029 Municipal Bond ETF,North America,24.66,1,1056,13540466.50,0.20,0.00,0.10,0.00,-0.58,0.05,0.02,1.71
MTGP,WisdomTree Mortgage Plus Bond Fund,North America,43.95,3411,6542,65691000.00,0.46,0.24,0.10,-0.88,-1.52,-1.96,-1.48,1.56
OGSP,Obra High Grade Structured Products ETF,Global,10.00,89,45,29126277.30,0.91,0.00,0.10,-0.15,-0.25,-0.70,-0.65,-0.53
MYMK,State Street My2031 Municipal Bond ETF,North America,25.00,2,1205,9997004.40,0.20,0.04,0.10,0.04,-0.64,-0.30,-0.42,-0.37
PSQO,Palmer Square Credit Opportunities ETF,Global,20.83,16045,44373,259287885.00,0.52,0.05,0.10,0.39,0.77,-0.10,1.09,1.46
MANI,Man Active Income ETF,Global,25.82,2898,4197,21667645.86,0.85,-0.09,0.10,0.59,2.08,0.75,3.18,2.65
GJUN,FT Vest U.S. Equity Moderate Buffer ETF - June,North America,41.08,16911,16130,369747082.17,0.85,-0.01,0.10,0.34,3.40,4.40,4.00,10.72
RUNN,Running Oak Efficient Growth ETF,North America,32.72,36870,51750,342401160.00,0.58,1.08,0.10,-0.08,-1.32,-3.10,-1.79,-1.38
PSQA,Palmer Square CLO Senior Debt ETF,North America,20.62,115365,120692,140671460.61,0.21,0.01,0.10,0.24,0.44,0.29,1.13,0.88
USFR,WisdomTree Floating Rate Treasury Fund,North America,50.39,5605176,4613736,17537178050.00,0.15,0.00,0.10,0.00,0.00,0.10,0.12,0.04
PFRL,PGIM Floating Rate Income ETF,Global,49.45,48291,11276,116278000.00,0.72,0.02,0.10,-0.00,1.12,-0.64,-0.36,-0.78
ZTWO,F/m 2-Year Investment Grade Corporate Bond ETF,North America,50.41,121,1648,18115992.00,0.15,0.16,0.10,-0.20,-0.53,-0.77,-0.85,0.00
FAAA,Fidelity AAA CLO ETF,Global,50.20,42926,40320,50106325.00,0.00,-0.01,0.10,0.06,0.50,0.24,0.24,0.24
VRIG,Invesco Variable Rate Investment Grade ETF,North America,25.10,419938,340367,1529235525.09,0.30,0.00,0.10,0.06,-0.10,-0.14,-0.02,0.02
PCLO,VIRTUS SEIX AAA Private Credit CLO ETF,Global,24.94,50825,5918,18699099.73,0.29,-0.02,0.10,-0.06,-0.18,-0.31,-0.20,-0.25
MYMJ,State Street My2030 Municipal Bond ETF,North America,24.80,2,1702,12379352.00,0.20,0.00,0.10,0.00,-0.70,-0.18,-0.34,2.08
MGOV,First Trust Intermediate Government Opportunities ETF,North America,20.10,18937,38651,99282190.11,0.50,0.19,0.10,-1.20,-1.88,-2.21,-1.78,1.80
TFLO,iShares Treasury Floating Rate Bond ETF,North America,50.54,1406246,1478382,6618434400.00,0.15,0.02,0.10,0.00,0.02,0.08,0.14,0.02
DANA,Dana Limited Volatility ETF,North America,25.18,638,3598,10059480.00,0.35,0.00,0.10,-0.06,-0.06,-0.47,-0.53,0.38
CBOY,Calamos Bitcoin Structured Alt Protection ETF - July,Global,24.46,6,566,4890024.45,0.69,0.02,0.10,0.16,0.56,-2.26,-0.99,-2.26
AAAC,Columbia AAA CLO ETF,Global,20.04,4,38,10011401.04,0.20,0.05,0.10,-0.05,0.23,0.02,-0.15,0.02
CLOO,NYLI Investment Grade CLO ETF,North America,25.12,5,,25082000.00,0.25,0.10,0.10,0.26,0.28,0.28,0.28,0.28
IG,Principal Investment Grade Corporate Active ETF,Global,20.55,39710,27134,177840200.44,0.19,0.42,0.10,-0.63,-0.92,-2.24,-1.42,1.00
AGZ,iShares Agency Bond ETF,North America,108.77,4783,11647,547501850.40,0.20,0.13,0.09,-0.65,-1.08,-1.46,-1.39,0.31
SMLF,iShares U.S. Small-Cap Equity Factor ETF,North America,85.25,166116,181164,3890128782.00,0.15,0.73,0.09,1.31,12.08,11.19,13.32,27.14
IXC,iShares Global Energy ETF,Global,53.94,1129224,1090565,2469351015.00,0.40,-1.55,0.09,1.05,3.53,24.89,28.34,38.81
SBIL,Simplify Government Money Market ETF,North America,100.17,156694,266168,4945900900.16,0.15,0.00,0.09,0.02,0.02,-0.08,0.06,0.16
BOXX,Alpha Architect 1-3 Month Box ETF,North America,116.99,2321286,2291697,12373199199.00,0.19,0.04,0.09,0.31,0.91,1.96,1.63,4.07
CMBO,Wayfinder Dynamic U.S. Interest Rate ETF,North America,102.42,2,221,3072264.00,0.15,0.01,0.09,0.31,1.11,1.92,1.68,2.22
TBIL,F/m US Treasury 3 Month Bill Fund,North America,49.90,3468003,1866457,7153431813.00,0.15,0.01,0.09,-0.01,0.01,-0.03,0.03,0.05
VBIL,Vanguard 0-3 Month Treasury Bill ETF,North America,75.53,4235867,2674848,8686688000.00,0.06,0.00,0.09,0.01,0.05,0.05,0.11,0.21
CPRO,Calamos Russell 2000 Structured Alt Protection ETF - October,North America,27.95,1186,6196,28689777.99,0.69,-0.03,0.09,0.35,2.81,3.27,3.42,12.22
SRET,Global X SuperDividend REIT ETF,Global,22.37,45949,41106,225100185.12,0.58,1.89,0.09,-1.37,0.99,3.90,2.76,7.81
RCLR,Reckoner BBB-B CLO Reinvesting ETF,North America,50.42,1233,1868,15120000.00,0.60,0.05,0.08,-0.13,3.57,0.72,0.72,0.72
AETH,Bitwise Trendwise Ether and Treasuries Rotation Strategy ETF,Global,32.64,516,717,4894330.51,0.89,0.02,0.08,-2.51,-8.68,-18.25,-9.85,-14.97
AFIF,Anfield Universal Fixed Income ETF,Global,9.41,57213,72462,225130000.00,0.85,0.03,0.08,-0.03,0.19,-0.87,-0.34,1.59
MPRO,Monarch ProCap Index ETF,Global,32.50,28161,17849,254677500.00,1.07,0.47,0.08,0.23,1.45,5.64,5.85,11.02
DFGX,Dimensional International Core Fixed Income ETF,Global Ex-U.S.,53.10,130546,124611,1581879777.88,0.20,0.30,0.08,0.08,0.48,-0.91,0.96,0.39
KJUL,Innovator U.S. Small Cap Power Buffer ETF - July,North America,33.76,6823,4497,271962810.00,0.79,0.02,0.08,0.68,5.33,6.17,6.32,17.17
MMK,State Street Prime Money Market ETF,Global,100.08,167,1327,26016849.30,0.18,0.00,0.08,-0.01,-0.02,0.06,0.06,0.06
PRFD,PIMCO Preferred and Capital Securities Active Exchange-Traded Fund,Global,50.91,5621,19073,218526000.00,0.73,0.06,0.08,-0.67,-1.16,-1.55,-1.34,1.33
TAPR,Innovator Equity Defined Protection ETF - 2 Yr to April 2027,North America,26.37,1733,1639,10553800.00,0.79,-0.00,0.08,-0.41,1.73,2.25,1.87,6.33
CLOI,VanEck CLO ETF,Global,52.83,178527,168790,1351672320.00,0.36,0.04,0.08,0.13,0.40,-0.17,-0.08,0.06
KAMO,Kensington Credit Opportunities ETF,Global,24.73,27118,20571,94283712.00,0.92,0.08,0.08,-0.16,-1.20,-1.12,-1.22,-1.12
AJUL,Innovator Equity Defined Protection ETF - 2 Yr to July 2026,North America,29.94,12415,3629,116852970.00,0.79,-0.04,0.08,0.48,2.69,3.63,2.93,8.80
MUNX,AMG GW&K Muni Income ETF,North America,25.07,1400,4641,20024000.00,0.29,-0.04,0.08,0.04,-0.04,0.32,0.32,0.40
XBIL,US Treasury 6 Month Bill ETF,North America,50.07,134112,115400,743842562.00,0.15,0.02,0.08,-0.04,-0.02,-0.10,-0.02,0.08
MYMF,State Street My2026 Municipal Bond ETF,North America,24.87,2,336,8735431.95,0.20,0.00,0.08,0.16,-0.44,-0.32,-0.28,0.53
IBGC,iShares iBonds Dec 2046 Term Treasury ETF,North America,24.67,161,10005,8583219.05,0.07,0.53,0.08,-1.24,-0.06,-0.06,-0.06,-0.06
SOFR,Amplify Samsung SOFR ETF,North America,100.20,5975,23161,384625536.00,0.20,0.02,0.08,-0.03,-0.06,-0.06,0.02,-0.09
TMNL,T. Rowe Price Long Municipal Income ETF,North America,50.36,1,502,22643082.00,0.26,0.08,0.08,0.05,0.13,0.32,0.52,0.53
DYLD,LeaderShares Dynamic Yield ETF,Global,22.42,6769,3151,40374000.00,0.75,0.02,0.08,-0.27,-0.42,-1.13,-0.64,-0.20
LONZ,PIMCO Senior Loan Active Exchange-Traded Fund,North America,49.26,61856,186245,564175800.00,0.63,0.06,0.08,-0.65,-0.32,-2.73,-1.99,-2.71
EVLN,Eaton Vance Floating-Rate ETF,Global,48.74,37954,86678,1359704000.00,0.60,-0.04,0.08,-0.31,0.85,-1.81,-1.52,-2.15
VLLU,Harbor AlphaEdge Large Cap Value ETF,North America,26.06,6,109,4550000.00,0.25,0.20,0.08,3.39,10.83,8.51,10.36,23.45
JEMB,Janus Henderson Emerging Markets Debt Hard Currency ETF,Emerging markets,53.52,14843,10735,486881583.30,0.52,-0.05,0.08,-0.13,-0.26,-0.99,-0.03,4.52
JA,Janus Henderson AA-A CLO ETF,Global,50.14,34442,21338,142733164.20,0.29,0.01,0.07,0.19,0.33,0.16,0.16,0.16
BILS,State Street SPDR Bloomberg 3-12 Month T-Bill ETF,North America,99.21,304418,357033,3893007168.00,0.14,0.01,0.07,-0.02,-0.05,-0.13,-0.03,0.02
YYYM,Amplify Municipal CEF High Income ETF,North America,19.90,4375,1089,788864.00,2.78,0.74,0.07,-0.34,-0.81,-0.61,-0.61,-0.61
FLRN,State Street SPDR Bloomberg Investment Grade Floating Rate ETF,North America,30.76,1747802,1065684,2942254296.30,0.15,-0.06,0.07,0.03,0.00,-0.03,0.10,0.13
EZU,iShares MSCI Eurozone ETF,Europe,68.50,1306826,1378598,9248750483.40,0.50,0.62,0.07,1.00,7.33,6.83,5.60,15.09
LITL,Simplify Piper Sandler US Small-Cap PLUS Income ETF,North America,31.67,9587,1345,5467031.24,0.91,1.13,0.07,1.89,8.00,4.03,7.31,16.72
BIL,State Street SPDR Bloomberg 1-3 Month T-Bill ETF,North America,91.46,10442622,9907980,47117043211.86,0.14,0.00,0.07,0.00,0.00,-0.11,0.04,-0.05
EQTY,Kovitz Core Equity ETF,Global,27.75,3807,48040,1353927802.84,0.99,1.39,0.07,1.43,7.18,2.78,2.51,14.15
RCLY,Reckoner BBB-B CLO Annual ETF,North America,100.88,1,,17640000.00,0.55,0.07,0.07,-0.06,3.64,0.87,0.87,0.87
CAOS,Alpha Architect Tail Risk ETF,North America,90.54,25501,49314,685254410.71,0.63,0.04,0.07,-0.08,-0.08,0.73,0.78,2.04
SGOV,iShares 0-3 Month Treasury Bond ETF,North America,100.47,25747543,21271947,94093791813.45,0.09,0.01,0.07,-0.01,0.00,-0.02,0.06,0.02
SHV,iShares 0-1 Year Treasury Bond ETF,North America,110.14,3323622,2425248,20718368695.62,0.15,0.01,0.06,-0.02,-0.05,-0.11,-0.03,-0.02
CPHY,F/m Compoundr High Yield Bond ETF,North America,51.34,279,760,3077628.00,0.35,0.03,0.06,-0.04,0.14,0.73,0.41,2.60
PAAA,PGIM AAA CLO ETF,North America,51.36,1255588,1990929,10345741250.00,0.19,0.00,0.06,-0.06,0.25,0.12,0.14,0.10
GBIL,Goldman Sachs Access Treasury 0-1 Year ETF,North America,99.98,721187,849915,7759671400.00,0.12,0.00,0.06,-0.01,-0.04,-0.07,0.03,0.08
FIAX,Nicholas Fixed Income Alternative ETF,North America,17.59,2396,8825,131889000.00,0.97,0.06,0.06,-0.79,-0.40,-2.82,-2.22,-3.19
RAFE,PIMCO RAFI ESG U.S. ETF,North America,46.96,5846,10641,152457500.00,0.29,0.10,0.06,3.68,11.15,11.25,11.81,27.02
SGVT,Schwab Government Money Market ETF,North America,100.55,337927,238750,741985200.00,0.28,0.01,0.06,-0.02,0.00,-0.01,0.03,0.53
TPLS,Thornburg Core Plus Bond ETF,North America,25.06,462,1721,19985396.00,0.45,0.20,0.06,-0.69,-1.65,-2.36,-1.65,0.34
GVUS,Goldman Sachs MarketBeta Russell 1000 Value Equity ETF,North America,61.13,375,1551,409888750.00,0.12,0.29,0.06,1.89,9.27,11.89,12.24,24.77
CLIP,Global X 1-3 Month T-Bill ETF,North America,100.13,268367,429222,2563286048.38,0.07,0.01,0.06,-0.02,-0.04,-0.08,-0.01,-0.03
WTV,WisdomTree U.S. Value Fund,North America,102.74,106512,153480,3065877700.00,0.12,0.47,0.06,2.39,6.83,9.22,9.79,20.96
CBOX,Calamos Tax-Aware Collateral ETF,North America,100.54,811,51118,970018100.52,0.14,-0.03,0.06,0.28,0.51,0.51,0.51,0.51
BALT,Innovator Defined Wealth Shield ETF,North America,34.18,544728,354139,2496481960.00,0.69,0.00,0.06,0.56,1.39,2.61,1.76,6.88
TMB,Thornburg Multi Sector Bond ETF,Global,25.38,397664,55918,197557815.95,0.55,0.13,0.06,-0.49,-1.02,-1.38,-0.72,0.86
CLOC,AAM Crescent CLO ETF,North America,25.04,8241,4321,54791000.00,0.18,0.04,0.06,0.06,0.46,-0.44,-0.16,-0.34
CPRY,Calamos Russell 2000 Structured Alt Protection ETF January,North America,27.79,102,3756,50148027.86,0.69,-0.03,0.06,0.38,2.36,3.68,2.98,11.59
ARCM,Arrow Reserve Capital Management ETF,North America,100.18,74,502,51071400.00,0.50,0.02,0.06,-0.01,-0.07,-0.15,0.12,-0.13
CGOV,Corgi 0-3 Month T-Bill ETF,North America,25.02,40394,,8504454.00,0.05,0.02,0.06,0.06,0.06,0.06,0.06,0.06
GOVI,Invesco Equal Weight 0-30 Year Treasury ETF,North America,26.94,534636,297532,1182181520.00,0.15,0.38,0.06,-1.05,-2.34,-3.04,-2.37,0.47
GAEM,Simplify Gamma Emerging Market Bond ETF,Emerging markets,26.79,4298,11011,40796826.75,0.76,0.04,0.06,-0.05,1.04,0.59,0.62,4.70
BLV,Vanguard Long-Term Bond ETF,North America,68.15,419939,638314,5847688000.00,0.03,0.53,0.06,-0.83,-1.89,-3.25,-2.08,1.44
VBCA,Vanguard Target Maturity 2027 Corporate Bond ETF,North America,75.47,8229,13067,34674800.00,0.08,0.05,0.06,-0.05,0.54,0.54,0.54,0.54
FBDC,FT Confluence BDC & Specialty Finance Income ETF,North America,16.98,9577,12203,33873117.75,12.44,1.01,0.06,-3.79,0.24,-15.48,-12.02,-19.14
XJUN,FT Vest U.S. Equity Enhance & Moderate Buffer ETF - June,North America,44.31,11250,5412,175020638.62,0.85,0.01,0.05,0.45,2.55,3.75,3.09,10.28
APCB,ActivePassive Core Bond ETF,North America,29.26,83309,60463,928863000.00,0.36,0.29,0.05,-0.73,-1.36,-2.02,-1.36,0.50
ZJUL,Innovator Equity Defined Protection ETF - 1 Yr July,North America,29.82,7693,8326,128321460.00,0.79,-0.02,0.05,0.42,2.18,3.06,2.56,6.86
SCIO,First Trust Structured Credit Income Opportunities ETF,North America,20.63,77604,132038,396344841.07,0.70,0.15,0.05,-0.39,-0.77,-0.96,-0.82,0.98
YFYA,Yields for You Income Strategy A ETF,Global,9.78,743,17364,23243064.00,1.25,-0.10,0.05,-0.26,-0.76,-1.16,-1.26,-1.16
PSCJ,Pacer Swan SOS Conservative (July) ETF,North America,31.47,1292,343,41737500.00,0.49,0.05,0.05,0.77,4.21,4.89,4.55,14.77
OBIL,US Treasury 12 Month Bill ETF,North America,50.06,28304,37414,317924180.00,0.15,0.00,0.05,-0.07,-0.21,-0.33,-0.27,0.13
FDLS,Inspire Fidelis Multi Factor ETF,North America,40.34,30079,37083,213159750.00,0.66,0.77,0.05,-2.28,7.54,10.40,11.99,30.09
TRSY,Xtrackers US 0-1 Year Treasury ETF,North America,30.12,49492,40688,66270630.12,0.06,0.00,0.05,-0.05,0.08,0.03,0.15,0.12
RSDE,FT Vest U.S. Equity Equal Weight Buffer ETF - December,North America,23.13,280,34648,66859546.11,0.85,0.20,0.05,1.50,4.34,5.92,5.77,12.90
TCPB,Thrivent Core Plus Bond ETF,Global,50.56,37759,34528,445546639.05,0.39,0.25,0.05,-0.68,-1.45,-2.42,-1.61,1.07
XHLF,BondBloxx Bloomberg Six Month Target Duration US Treasury ETF,North America,50.20,915201,378188,1913011481.00,0.03,0.00,0.05,-0.04,-0.10,-0.22,-0.16,-0.02
DDSQ,Innovator Equity Dual Directional 5 Buffer ETF - Quarterly,North America,20.97,10886,24866,118329645.00,0.79,0.06,0.05,1.72,8.99,9.39,9.39,9.39
DFSB,Dimensional Global Sustainability Fixed Income ETF,Developed markets,52.05,41627,39473,697197282.74,0.24,0.33,0.05,-0.36,0.12,-0.97,0.58,0.87
GSEU,Goldman Sachs ActiveBeta Europe Equity ETF,Europe,48.26,3935,6887,115248000.00,0.25,0.41,0.05,0.09,5.08,6.56,4.85,13.18
IUSV,iShares Core S&P U.S. Value ETF,North America,109.77,610065,645854,26028118947.75,0.04,0.24,0.05,1.11,5.48,6.42,6.85,18.11
TFFI,Chesapeake Trend-Following Fixed Income ETF,Global,20.04,5924,7557,37198320.00,1.01,-0.49,0.05,0.65,1.26,0.30,0.30,0.30
DABS,DoubleLine Asset-Backed Securities ETF,North America,50.40,5334,26881,140756050.27,0.40,0.13,0.05,-0.34,-1.26,-1.08,-0.95,0.79
NUSA,Nuveen ESG 1-5 Year U.S. Aggregate Bond ETF,North America,23.09,9903,5103,33983504.22,0.14,0.04,0.04,-0.52,-1.11,-1.41,-1.26,-0.04
SPAB,State Street SPDR Portfolio Aggregate Bond ETF,North America,25.35,2010507,2835732,9595389211.85,0.03,0.24,0.04,-0.90,-1.63,-2.05,-1.71,1.04
ESML,iShares ESG Aware MSCI USA Small-Cap ETF,North America,52.98,6691628,306674,2389479437.25,0.17,0.70,0.04,1.13,11.05,12.89,14.50,29.92
BENJ,Horizon Landmark ETF,North America,52.66,11621,25635,237474952.00,0.40,0.00,0.04,0.27,0.82,1.74,1.52,3.78
MYCG,State Street My2027 Corporate Bond ETF,North America,24.93,1158,2413,29889012.00,0.15,0.02,0.04,-0.08,-0.32,-0.44,-0.40,0.32
FIYY,GraniteShares YieldBOOST 20Y Treasuries ETF,North America,24.52,6,,734724.49,1.07,0.02,0.04,-2.00,-2.17,-2.17,-2.17,-2.17
IBGB,iShares iBonds Dec 2045 Term Treasury ETF,North America,24.05,945,5728,9565131.60,0.07,0.41,0.04,-1.31,-2.95,-3.41,-2.39,0.17
SMBS,Schwab Mortgage-Backed Securities ETF,North America,25.28,513813,1075052,6360480000.00,0.03,0.32,0.04,-1.02,-1.75,-1.83,-1.75,1.36
SPXT,ProShares S&P 500 Ex-Technology ETF,North America,107.49,6395,30445,265755064.00,0.09,0.67,0.04,-0.49,2.66,3.92,3.40,14.38
DLN,WisdomTree U.S. LargeCap Dividend Fund,North America,95.84,151880,151050,6072202500.00,0.28,0.31,0.04,1.67,5.32,8.63,8.56,18.97
IBDT,iShares iBonds Dec 2028 Term Corporate ETF,North America,25.19,631973,542906,3910265200.00,0.10,0.12,0.04,-0.32,-0.71,-1.06,-1.06,0.12
XONE,BondBloxx Bloomberg One Year Target Duration US Treasury ETF,North America,49.29,141425,90570,758796500.00,0.03,0.03,0.04,-0.18,-0.38,-0.54,-0.52,-0.26
LJUL,Innovator Premium Income 15 Buffer ETF - July,North America,23.90,88,1213,8965575.00,0.79,0.00,0.04,-0.15,0.04,-0.42,-0.34,-0.06
ACII,Innovator Index Autocallable Income Strategy ETF,North America,25.60,49171,74535,105571137.50,0.79,-0.15,0.04,0.67,0.55,0.40,0.87,153.73
WTMY,WisdomTree High Income Laddered Municipal Fund,North America,25.38,110,578,6094800.00,0.35,0.04,0.04,0.10,-0.49,-0.37,-0.26,2.25
FIDI,Fidelity International High Dividend ETF,Developed markets,27.95,66910,70827,331118749.50,0.18,0.43,0.04,-0.50,2.19,8.38,7.21,19.14
FLDR,Fidelity Low Duration Bond Factor ETF,North America,50.09,126899,377488,1629842460.75,0.15,0.04,0.04,-0.08,-0.38,-0.38,-0.32,0.28
PJUL,Innovator U.S. Equity Power Buffer ETF - July,North America,48.50,20670,37851,997702500.00,0.79,-0.13,0.04,0.48,3.92,4.96,4.26,14.60
TYLD,Cambria Tactical Yield ETF,Global,25.33,851,1409,34165800.00,0.59,0.02,0.04,0.30,0.12,-0.71,0.60,-0.59
CPSR,Calamos S&P 500 Structured Alt Protection ETF - March,North America,25.76,607,1688,31032025.86,0.69,-0.10,0.04,0.08,1.30,2.61,2.30,6.93
ICPI,iShares 0-1 Year TIPS Bond ETF,North America,50.66,15010,5159,11125102.34,0.09,0.06,0.04,-0.24,0.44,0.97,1.38,1.18
SYSB,iShares Systematic Bond ETF,North America,88.10,92621,111755,1131931140.00,0.25,0.33,0.03,-0.81,-1.67,-2.21,-1.89,0.78
MMKT,Texas Capital Government Money Market ETF,North America,100.23,15314,10015,75165000.00,0.20,0.02,0.03,0.03,-0.03,-0.04,0.02,0.04
GII,State Street SPDR S&P Global Infrastructure ETF,Global,74.25,25868,62355,951459735.75,0.40,0.73,0.03,-3.11,-2.26,5.54,5.92,11.81
SIXA,ETC 6 Meridian Mega Cap Equity ETF,North America,55.31,4189,6734,482303301.27,0.46,0.32,0.03,1.07,4.04,10.48,10.73,15.92
EUIG,iShares Euro Investment Grade Corporate Bond USD Hedged ETF,Europe,49.95,3,453,20947332.00,0.18,0.20,0.03,0.11,0.00,-0.30,0.04,-0.58
FIGB,Fidelity Investment Grade Bond ETF,Global,42.70,81690,73909,497873855.70,0.36,0.15,0.03,-0.85,-1.90,-2.04,-1.92,0.95
IEZ,iShares U.S. Oil Equipment & Services ETF,North America,30.24,259776,537238,669903632.25,0.38,-1.82,0.03,0.17,10.16,38.08,44.48,75.41
TBJL,Innovator 20 Year Treasury Bond 9 Buffer ETF - July,North America,19.79,6657,16283,18327950.00,0.79,-0.23,0.03,-0.23,-1.37,-1.39,-1.12,-0.53
FEMV,Fidelity Enhanced Mid Cap Value ETF,North America,25.72,1581,,5122837.20,0.23,0.42,0.03,1.73,2.87,2.87,2.87,2.87
PRVS,Parnassus Value Select ETF,North America,31.12,4015,4037,23880934.00,0.59,0.29,0.03,2.03,8.81,11.50,10.91,28.70
HAPS,Harbor Human Capital Factor US Small Cap ETF,North America,35.05,74,39,158935500.00,0.61,0.82,0.03,0.37,12.93,7.40,11.44,25.46
WCEO,Hypatia Women CEO ETF,North America,36.71,1486,1635,9127500.00,0.85,0.49,0.02,2.16,9.21,8.27,11.10,26.92
MUNC,Northern Trust 2045 Tax-Exempt Distributing Ladder ETF,North America,102.42,21,245,8204656.00,0.18,0.03,0.02,-0.12,-0.50,-0.12,-0.35,2.24
CBXY,Calamos Bitcoin 90 Series Structured Alt Protection ETF - July,Global,22.00,106,1141,5497521.99,0.69,0.00,0.02,-0.36,-0.61,-7.82,-5.52,-12.09
CVY,Invesco Zacks Multi-Asset Income ETF,Global,28.92,2174,4133,120200525.60,1.21,0.96,0.02,1.35,6.35,6.11,7.65,12.60
VTC,Vanguard Total Corporate Bond ETF,North America,76.40,60928,114078,1742463900.00,0.03,0.25,0.02,-0.58,-1.26,-2.29,-1.80,0.89
MYCH,State Street My2028 Corporate Bond ETF,North America,24.84,174042,293684,580138345.80,0.15,0.08,0.02,-0.30,-0.68,-0.94,-1.02,0.22
SAUG,FT Vest U.S. Small Cap Moderate Buffer ETF - August,North America,27.41,3631,3836,105709504.91,0.90,-0.12,0.02,0.75,5.98,6.72,6.80,17.82
JAAA,Janus Henderson AAA CLO ETF,Global,50.57,7034746,5565249,27894808372.75,0.20,-0.02,0.02,-0.04,0.22,0.08,-0.02,-0.04
TLH,iShares 10-20 Year Treasury Bond ETF,North America,98.99,862826,1644041,11051273864.40,0.15,0.47,0.02,-1.31,-2.88,-3.56,-2.77,0.64
CAFG,Pacer US Small Cap Cash Cows Growth Leaders ETF,North America,31.75,8510,3627,24495580.00,0.59,0.41,0.02,0.59,17.19,21.97,23.72,28.74
GMMF,iShares Government Money Market ETF,North America,100.31,25843,42244,176519360.16,0.20,0.01,0.02,0.04,-0.03,-0.03,0.06,0.08
CSPF,Cohen & Steers Preferred and Income Opportunities Active ETF,Global,26.01,44918,146275,270748585.72,0.59,-0.02,0.02,-0.17,-0.06,0.13,0.17,2.91
IBTG,iShares iBonds Dec 2026 Term Treasury ETF,North America,22.84,366101,377225,2301726137.75,0.07,0.02,0.02,-0.11,-0.11,-0.28,-0.20,0.07
RCLO,Reckoner BBB-B CLO ETF,North America,24.90,200,8735,29990280.00,0.50,0.06,0.02,-0.52,1.99,-0.84,-0.86,-0.78
SEIX,Virtus Seix Senior Loan ETF,North America,23.24,100117,86785,249787092.94,0.57,-0.06,0.02,-0.54,0.41,-0.92,-0.45,-1.21
GCAL,Goldman Sachs Dynamic California Municipal Income ETF,North America,50.98,55768,17055,171787500.00,0.30,0.19,0.02,0.06,-0.33,0.29,0.10,2.95
LJAN,Innovator Premium Income 15 Buffer ETF - January,North America,24.66,158,1061,12337950.00,0.79,-0.06,0.02,-0.10,1.04,0.14,0.10,0.51
NXUS,Nuveen International Aggregate Bond ETF,Global Ex-U.S.,24.84,976,517352,3829440500.00,0.08,0.20,0.02,-0.30,-0.58,-0.91,-0.75,-0.74
SIHY,Harbor Ares Systematic High Yield ETF,North America,45.34,8142,27316,139765032.50,0.48,0.17,0.02,-0.13,0.58,-2.14,-0.96,0.04
QBUF,Innovator Nasdaq-100 10 Buffer ETF Quarterly,North America,30.64,18715,19100,157926295.00,0.79,-0.06,0.02,0.11,3.74,4.31,4.28,11.72
ZHOG,F/m Opportunistic Income ETF,North America,51.30,115,1864,46112490.00,0.39,0.14,0.01,-0.48,-0.77,-1.37,-1.57,0.20
XISE,FT Vest U.S. Equity Buffer & Premium Income ETF - September,North America,30.36,2398,7952,36435660.73,0.85,-0.05,0.01,-0.15,0.88,0.45,0.35,0.45
FTNY,Franklin New York Municipal Income ETF,North America,7.90,240253,160427,647528444.72,0.36,-0.23,0.00,-0.13,0.25,-0.38,0.89,-0.25
ILOW,AB International Low Volatility Equity ETF,Global Ex-U.S.,44.69,25617,46419,1748628143.06,0.50,0.30,0.00,-0.89,2.88,4.12,4.27,8.95
XJAN,FT Vest U.S. Equity Enhance & Moderate Buffer ETF - January,North America,38.09,1266,6218,41011326.30,0.85,-0.18,0.00,0.34,3.99,3.99,3.37,10.92
VMSB,Voya Multi-Sector Income ETF,Global,49.63,5,4470,309246040.00,0.45,0.00,0.00,0.04,-0.12,-1.21,-0.62,-1.66
SIO,Touchstone Strategic Income Opportunities ETF,Global,25.60,19865,27504,258592500.00,0.50,0.08,0.00,-0.52,-1.46,-1.54,-1.35,-0.62
RSPM,Invesco S&P 500 Equal Weight Materials ETF,North America,38.70,6045,14091,174704580.00,0.40,1.69,0.00,-2.10,1.82,15.70,13.46,19.37
BVAL,Bluemonte Large Cap Value ETF,Global,30.77,41380,38354,267280674.25,0.24,0.33,0.00,2.06,7.74,9.97,10.48,90.64
CBTO,Calamos Bitcoin 80 Series Structured Alt Protection ETF - October,Global,19.76,4339,18300,27664019.76,0.69,0.20,0.00,-2.32,-2.61,-9.98,-8.69,-21.01
MAGG,Madison Aggregate Bond ETF,North America,20.17,568,9365,65399755.41,0.36,0.20,-0.00,-0.74,-1.50,-2.09,-1.59,0.55
JMMF,JPMorgan 100% U.S. Treasury Securities Money Market ETF,North America,100.12,3604,4440,70084000.00,0.16,-0.01,0.00,-0.02,-0.02,-0.04,-0.05,-0.04
CLOA,iShares AAA CLO Active ETF,North America,51.83,291287,419047,2182897630.00,0.20,-0.03,0.00,-0.17,0.35,0.17,0.15,0.17
PMMF,iShares Prime Money Market ETF,North America,100.32,137470,155163,634959135.00,0.20,0.00,0.00,0.02,-0.01,-0.03,0.07,0.07
PCS,PGIM Corporate Bond 0-5 Year ETF,North America,49.91,218,526,618140000.00,0.20,0.10,-0.00,-0.40,-0.75,-0.85,-0.92,-0.66
NSCI,Nuveen Securitized Income ETF,North America,25.14,3604,30372,163842750.00,0.38,0.04,0.00,-0.16,-0.32,-0.28,-0.10,0.44
XEML,Xtrackers Europe Market Leaders ETF,Europe,25.46,2,59,5102025.51,0.35,-1.43,0.00,-0.76,0.51,0.81,0.51,0.81
SHDG,Soundwatch Hedged Equity ETF,North America,32.53,4763,2621,163401392.30,0.91,-0.10,0.00,0.78,1.50,0.03,0.87,10.87
BLTD,Bluemonte Long Term Bond ETF,North America,25.08,7749,17263,159662091.14,0.23,0.44,0.00,-0.83,-1.49,-2.72,-1.22,-0.12
IBHF,iShares iBonds 2026 Term High Yield and Income ETF,North America,22.60,321169,417998,869066125.00,0.35,-0.04,0.00,-0.70,-1.53,-2.38,-2.12,-1.70
TOAO,Twin Oak Active Opportunities III ETF,Global,25.96,4,,,0.95,0.50,0.00,1.43,2.46,2.46,2.46,2.46
JUNM,FT Vest U.S. Equity Max Buffer ETF - June,North America,35.00,2011,3206,63034270.04,0.85,-0.03,0.00,0.26,1.67,2.70,2.25,6.94
EPMV,Harbor Mid Cap Value ETF,North America,26.40,3,121,4620000.00,0.88,0.12,0.00,1.57,12.82,12.60,10.47,24.50
MFSB,MFS Active Core Plus Bond ETF,Global,24.87,75783,98011,445143792.85,0.34,0.20,0.00,-0.72,-1.07,-1.62,-1.39,1.24
TRPA,Hartford AAA CLO ETF,Global,38.91,8643,10361,99201120.00,0.24,-0.02,0.00,0.15,-0.74,0.08,-0.03,-0.10
TROT,Invesco MSCI Treasury Duration Rotation ETF,North America,24.65,1,5,983748.62,0.15,-0.07,0.00,-0.37,-1.05,-1.35,-1.35,-1.35
MFEB,Pacer Swan SOS Moderate (February) ETF,North America,32.63,1,,1620585.00,0.49,0.54,0.00,1.02,2.09,2.09,2.09,2.09
FTBD,Fidelity Tactical Bond ETF,Global,49.04,1967,3579,36695393.25,0.55,0.23,-0.00,-0.66,-1.36,-1.81,-0.62,1.31
PMDE,PGIM S&P 500 Max Buffer ETF - December,North America,25.77,40,4681,4113625.71,0.50,0.31,0.00,0.57,2.36,2.96,2.63,3.08
DVXY,WEBs Consumer Discretionary XLY Defined Volatility ETF,North America,22.46,2,175,225816.00,0.89,-7.41,0.00,-6.42,-5.85,-14.06,-10.25,-10.78
RAAY,Reckoner Yield Enhanced AAA CLO Annual ETF,North America,101.51,1,,15213000.00,0.35,0.03,0.00,0.33,1.90,1.48,1.48,1.48
AQEC,AQE Core ETF,Global,24.23,31797,71483,577422571.28,0.49,1.08,-0.00,0.02,-1.74,-6.38,-6.16,-2.81
CBOO,Calamos Bitcoin Structured Alt Protection ETF - October,Global,24.46,14,871,6115024.46,0.69,0.00,0.00,0.00,0.37,-0.55,-0.10,-2.22
MORT,VanEck Mortgage REIT Income ETF,North America,10.09,1094409,700899,380978140.00,0.43,2.33,0.00,-3.63,-4.27,-6.57,-4.36,-2.61
FCOR,Fidelity Corporate Bond ETF,North America,47.08,16700,35848,351605617.50,0.36,0.38,0.00,-0.61,-1.26,-2.47,-1.71,1.14
INCE,Franklin Income Equity Focus ETF,Global,67.07,23689,16641,127045400.00,0.29,0.36,0.00,0.43,2.84,10.19,9.38,18.79
COPY,"Tweedy, Browne Insider + Value ETF",Global,14.80,64289,127551,341600031.00,0.80,0.00,0.00,0.65,7.95,15.00,13.76,29.03
GCOR,Goldman Sachs Access U.S. Aggregate Bond ETF,North America,40.90,52044,92925,797835500.00,0.08,0.22,0.00,-0.78,-1.54,-1.89,-1.56,0.86
NJNK,Columbia U.S. High Yield ETF,North America,20.04,7682,15179,37885620.00,0.46,0.25,-0.00,-0.25,-0.10,-1.18,-1.13,0.15
NEMD,Neuberger Emerging Markets Debt Hard Currency ETF,Emerging markets,52.90,8348,6846,135359419.25,0.60,0.25,0.00,-0.37,0.38,1.21,1.17,5.78
SLQD,iShares 0-5 Year Investment Grade Corporate Bond ETF,North America,50.20,132535,243496,2346084000.00,0.06,0.10,-0.01,-0.37,-0.76,-1.08,-1.00,0.13
XJUL,FT Vest U.S. Equity Enhance & Moderate Buffer ETF - July,North America,40.51,631,2249,70946831.08,0.85,-0.09,-0.01,0.43,3.41,4.34,3.65,10.08
RJVI,RJ Eagle Vertical Income ETF,North America,25.00,1480,2149,13687025.00,0.51,0.31,-0.01,-0.01,-0.56,-0.29,0.13,-0.29
LQDB,iShares BBB Rated Corporate Bond ETF,North America,86.02,25781,4947,55720064.40,0.15,0.34,-0.01,-0.64,-0.89,-1.94,-1.24,1.06
AVMC,Avantis U.S. Mid Cap Equity ETF,North America,78.28,81705,34694,405199080.00,0.18,0.42,-0.01,1.08,7.61,8.48,10.23,20.38
CPSP,Calamos S&P 500 Structured Alt Protection ETF - April,North America,26.86,2957,1727,18858026.94,0.69,-0.06,-0.01,-0.01,2.08,3.30,2.98,6.88
OCTJ,Innovator Premium Income 30 Barrier ETF - October,North America,24.17,2727,3443,18749730.00,0.79,-0.06,-0.01,0.29,0.56,0.15,0.77,0.50
WDE,Principal Securitized Debt ETF,North America,25.22,1,,20023065.03,0.19,-0.01,-0.01,0.52,0.52,0.52,0.52,0.52
USSH,WisdomTree 1-3 Year Laddered Treasury Fund,North America,50.30,378,1485,23115000.00,0.15,0.09,-0.01,-0.43,-0.83,-1.09,-1.07,-0.37
RSJN,FT Vest U.S. Equity Equal Weight Buffer ETF - June,North America,36.70,145,526,18346073.38,0.85,0.04,-0.01,1.70,5.58,6.64,6.53,12.83
BBSB,JPMorgan BetaBuilders U.S. Treasury Bond 1-3 Year ETF,North America,98.11,799,7411,55141875.00,0.04,0.07,-0.01,-0.37,-0.89,-1.23,-1.03,-0.42
XTWO,BondBloxx Bloomberg Two Year Target Duration US Treasury ETF,North America,48.85,22311,24581,177145815.00,0.05,0.09,-0.01,-0.49,-1.01,-1.29,-1.27,-0.63
DHLX,Diamond Hill Large Cap Concentrated ETF,North America,13.11,3068,50982,89717030.00,0.55,0.79,-0.01,-0.32,-0.24,-0.84,-0.54,-0.01
CMBS,iShares CMBS Bond ETF,North America,48.47,23547,47609,473658500.00,0.25,0.19,-0.02,-1.20,-1.46,-0.96,-1.25,0.39
CBXO,Calamos Bitcoin 90 Series Structured Alt Protection ETF - October,Global,22.04,4268,2910,9922522.05,0.69,-0.02,-0.02,-0.90,-0.88,-5.03,-4.40,-11.89
IBMO,iShares iBonds Dec 2026 Term Muni Bond ETF,North America,25.63,170188,71476,589383165.00,0.18,0.10,-0.02,0.12,0.02,-0.02,-0.14,0.41
JMTG,JPMorgan Mortgage-Backed Securities ETF,North America,50.31,496725,520202,6852167773.20,0.24,0.16,-0.02,-1.12,-1.85,-1.68,-1.47,0.28
XTEN,BondBloxx Bloomberg Ten Year Target Duration US Treasury ETF,North America,45.06,130210,299745,954242344.00,0.08,0.38,-0.02,-1.34,-2.68,-3.24,-2.72,0.36
MMMA,NYLI MacKay Muni Allocation ETF,North America,25.37,1800,1014,27905900.00,0.35,-0.00,-0.02,0.02,-0.02,1.38,1.02,1.38
GXIG,Global X Investment Grade Corporate Bond ETF,Global,24.81,80,7250,172007911.39,0.15,0.23,-0.02,-0.42,-0.90,-3.67,-1.80,-1.13
WCPB,Weitz Core Plus Bond ETF,Global,25.22,32889,31734,198056250.00,0.45,0.18,-0.02,-0.79,-1.23,-1.62,-1.46,0.54
GTOC,Invesco Core Fixed Income ETF,North America,24.99,508,14870,186989224.01,0.26,0.26,-0.02,-0.77,-1.32,-2.17,-1.63,0.06
USFI,BrandywineGLOBAL - U.S. Fixed Income ETF,North America,24.51,743,370,9770800.00,0.39,0.08,-0.02,-0.02,-0.65,-1.09,-0.73,1.74
WEEK,Roundhill Weekly T-Bill ETF,North America,100.01,46255,40762,171097470.00,0.19,-0.09,-0.02,-0.04,-0.02,-0.00,0.00,-0.01
IBTH,iShares iBonds Dec 2027 Term Treasury ETF,North America,22.34,287672,372730,2200259427.30,0.07,-0.02,-0.02,-0.20,-0.47,-0.69,-0.65,0.02
RIGS,ALPS Strategic Income Fund,Global,22.72,2740,8065,63297750.00,0.45,0.03,-0.02,-0.89,-1.79,-1.79,-1.58,-1.09
SMTH,ALPS Smith Core Plus Bond ETF,Global,25.66,260761,373533,2800461000.00,0.59,0.25,-0.02,-0.68,-1.48,-2.00,-1.63,0.77
VPU,Vanguard Utilities ETF,North America,190.60,241189,216674,8354934289.86,0.09,0.98,-0.02,-2.93,-5.00,2.73,2.68,8.79
MYMH,State Street My2028 Municipal Bond ETF,North America,24.50,401,1580,8611860.60,0.20,-0.18,-0.02,-0.10,-0.87,-0.59,-0.63,0.93
FLDB,Fidelity Low Duration Bond ETF,Global,50.31,5578,7793,409504484.35,0.20,-0.02,-0.02,-0.16,-0.24,-0.38,-0.53,-0.63
SKOR,FlexShares Credit-Scored US Corporate Bond Index Fund,North America,48.30,80966,72533,698563648.18,0.15,0.18,-0.02,-0.68,-1.31,-1.89,-1.75,0.56
ACLO,TCW AAA CLO ETF,North America,50.33,1026,31706,495197016.00,0.20,-0.08,-0.02,-0.04,0.12,-0.06,0.06,0.16
DDTL,Innovator Equity Dual Directional 10 Buffer ETF - July,North America,21.82,8695,80400,122382400.00,0.79,-0.25,-0.02,0.58,3.83,4.78,4.33,9.13
CPSA,Calamos S&P 500 Structured Alt Protection ETF August,North America,27.66,863,2835,42227277.69,0.69,-0.05,-0.02,0.45,2.27,2.96,2.69,7.52
BFJL,FT Vest Bitcoin Strategy Floor15 ETF July,Global,16.72,9,141,3343433.43,0.90,-0.06,-0.03,-0.98,-1.45,-11.28,-8.55,-16.62
ZALT,Innovator U.S. Equity 10 Buffer ETF - Quarterly,North America,33.75,29935,70571,629907750.00,0.69,-0.06,-0.03,0.42,3.11,3.75,3.43,10.26
IMCG,iShares Morningstar Mid-Cap Growth ETF,North America,92.89,176074,96561,3749954889.75,0.06,-0.03,-0.03,2.87,14.06,14.31,15.59,17.75
BNDP,Vanguard Core-Plus Bond Index ETF,North America,73.79,9358,13716,126942750.00,0.05,0.22,-0.03,-0.78,-1.46,-1.90,-1.76,-1.86
HCRB,Hartford Core Bond ETF,Global,34.89,31563,34623,375456600.00,0.29,0.17,-0.03,-0.74,-1.47,-2.10,-1.69,1.04
PFLD,AAM Low Duration Preferred and Income Securities ETF,North America,19.58,24328,65319,422524385.00,0.45,0.03,-0.03,-0.63,-0.89,-0.13,-0.28,0.03
OWNS,Quaker Investment Trust CCM Affordable Housing MBS ETF,North America,17.30,3944,11766,103500774.56,0.30,0.17,-0.03,-0.72,-1.79,-1.84,-1.06,2.58
UTWO,US Treasury 2 Year Note ETF,North America,48.00,48828,68053,429807616.00,0.15,0.07,-0.03,-0.45,-0.96,-1.16,-1.16,-0.34
DMX,DoubleLine Multi-Sector Income ETF,North America,50.02,5631,14132,93868449.93,0.50,0.11,-0.03,-0.31,-0.78,-1.00,-1.00,0.07
VDI,Virtus International Dividend ETF,Global Ex-U.S.,35.22,26,128,15793340.38,0.39,0.27,-0.03,0.19,6.05,13.26,10.92,15.55
DEMZ,Democratic Large Cap Core ETF,North America,45.66,3087,5621,63587807.11,0.45,0.51,-0.04,2.59,9.06,6.44,6.42,20.58
FLGV,Franklin U.S. Treasury Bond ETF,North America,20.16,47756,149000,1021334000.00,0.09,0.22,-0.04,-0.96,-1.84,-2.21,-1.85,-0.17
HYDB,iShares High Yield Systematic Bond ETF,North America,46.60,143282,234021,1612377140.00,0.35,0.24,-0.04,-0.41,-0.64,-1.67,-1.75,0.00
TSEC,Touchstone Securitized Income ETF,Global,25.76,16187,21827,154080000.00,0.40,0.04,-0.04,-0.27,-1.11,-1.53,-1.60,-1.15
RMIF,LHA Risk-Managed Income ETF,Global,24.18,5320,3050,25503992.00,1.55,0.08,-0.04,-0.41,-1.23,-2.97,-2.62,-2.23
SPCT,Liberty One Spectrum ETF,North America,27.10,7421,17149,62653700.00,0.85,0.76,-0.04,-0.74,0.22,5.08,6.35,8.14
MYCI,State Street My2029 Corporate Bond ETF,North America,24.68,2874,3936,34496065.80,0.15,0.12,-0.04,-0.52,-1.16,-1.40,-1.40,0.24
IBDU,iShares iBonds Dec 2029 Term Corporate ETF,North America,23.09,589776,735755,3889675280.00,0.10,0.13,-0.04,-0.56,-1.07,-1.45,-1.37,0.26
UFIV,US Treasury 5 Year Note ETF,North America,48.18,717,4358,29338499.00,0.15,0.18,-0.04,-1.11,-2.09,-2.43,-2.25,-0.50
CGHY,Capital Group High Yield Bond ETF,Global,25.29,41046,65285,103024851.12,0.39,0.20,-0.04,-0.43,0.08,-0.47,-0.20,0.40
ZAUG,Innovator Equity Defined Protection ETF - 1 Yr August,North America,27.41,12524,11844,99429762.50,0.79,-0.13,-0.04,0.42,2.00,2.98,2.62,7.49
SHY,iShares 1-3 Year Treasury Bond ETF,North America,81.94,3242449,3340873,25227148818.30,0.15,0.05,-0.04,-0.47,-0.90,-1.15,-1.12,-0.36
PMSE,PGIM S&P 500 Max Buffer ETF - September,North America,26.19,67,206,3931526.21,0.50,-0.06,-0.04,0.44,2.11,3.09,2.43,4.76
CBIL,Corgi 3-12 Month T-Bill ETF,North America,25.02,135632,,5252058.00,0.05,0.02,-0.04,-0.04,-0.04,-0.04,-0.04,-0.04
SCHZ,Schwab US Aggregate Bond ETF,North America,23.01,1579635,2320016,10359704000.00,0.03,0.26,-0.04,-0.78,-1.54,-1.92,-1.62,1.05
CSHI,NEOS Enhanced Income Cash Alternative ETF,North America,49.82,896261,607544,1323678688.00,0.38,-0.04,-0.04,-0.20,0.46,0.06,0.14,-0.02
EUHY,iShares Euro High Yield Corporate Bond USD Hedged ETF,Europe,53.36,10991,28529,212850400.00,0.35,0.22,-0.04,-0.06,0.87,-2.77,-0.06,0.34
FXZ,First Trust Materials AlphaDEX Fund,North America,82.00,28361,57705,424961411.89,0.64,1.35,-0.04,0.97,9.44,27.21,25.40,45.99
IBHH,iShares iBonds 2028 Term High Yield and Income ETF,North America,23.45,79886,102799,451187544.90,0.35,0.09,-0.04,-0.47,-0.21,-1.05,-1.14,-0.15
VEMY,Virtus Stone Harbor Emerging Markets High Yield Bond ETF,Emerging markets,28.73,10244,15375,27161564.36,0.55,0.07,-0.04,-0.38,1.12,1.12,2.97,8.23
CGCP,Capital Group Core Plus Income ETF,Global,22.25,1308697,1597364,7868254592.58,0.34,0.23,-0.04,-0.76,-1.46,-2.11,-1.85,0.54
CGCB,Capital Group Core Bond ETF,Global,26.08,1252269,1285392,5241936969.36,0.27,0.23,-0.04,-0.87,-1.73,-2.03,-1.70,0.85
SCHJ,Schwab 1-5 Year Corporate Bond ETF,North America,24.57,168452,163547,795096000.00,0.03,0.12,-0.04,-0.53,-1.05,-1.33,-1.33,0.12
KHYB,KraneShares Asia Pacific High Income USD Bond ETF,Asia-Pacific,24.11,3408,4299,15665001.24,0.69,0.21,-0.04,-0.41,-1.27,-1.15,-1.83,1.52
FSEV,Fidelity Enhanced Small Cap Value ETF,North America,25.41,1629,,5060485.20,0.28,0.36,-0.04,-0.51,1.11,1.11,1.11,1.11
MYHB,State Street My2028 High Yield Corporate Bond ETF,North America,24.92,1,2479,4980623.40,0.39,0.06,-0.04,-0.42,-0.44,-0.48,-0.48,-0.48
UCON,First Trust Smith Unconstrained Bond ETF,Global,24.86,679217,576625,3262130049.52,0.86,0.20,-0.04,-0.40,-0.80,-1.27,-1.35,0.85
BGRN,iShares USD Green Bond ETF,North America,47.26,18624,28817,477594040.00,0.20,0.22,-0.04,-0.61,-0.92,-1.66,-1.46,0.72
BND,Vanguard Total Bond Market ETF,North America,72.97,8703469,8672813,156798907250.04,0.03,0.22,-0.04,-0.80,-1.51,-1.93,-1.56,1.07
IGSB,iShares 1-5 Year Investment Grade Corporate Bond ETF,North America,52.22,4050607,3402953,22192784320.00,0.04,0.12,-0.04,-0.50,-1.04,-1.36,-1.27,0.08
MUNB,Northern Trust 2035 Tax-Exempt Distributing Ladder ETF,North America,100.88,1,1463,14105840.00,0.18,0.02,-0.04,-0.11,-0.59,0.00,-0.22,0.81
IBD,Inspire Corporate Bond ETF,North America,23.76,139268,62423,469854000.00,0.41,-0.13,-0.04,-0.50,-1.37,-1.98,-1.90,-0.38
PRAB,State Street IG Public & Private ABS ETF,Global,24.94,202,206,24859109.00,0.39,0.14,-0.04,-0.32,-0.52,-0.52,-0.52,-0.52
SPTB,State Street SPDR Portfolio Treasury ETF,North America,29.87,22845,133138,280408815.00,0.03,0.22,-0.05,-0.91,-1.86,-2.31,-1.92,-0.35
EALT,Innovator U.S. Equity 5 to 15 Buffer ETF - Quarterly,North America,35.58,9859,21979,166458985.00,0.69,0.01,-0.05,0.74,1.06,0.49,0.54,10.39
ZINC,Zacks Income ETF,Global,25.19,4,,503094.86,0.55,0.08,-0.05,-0.05,-0.05,-0.05,-0.05,-0.05
FIIG,First Trust Intermediate Duration Investment Grade Corporate ETF,North America,20.66,409448,240384,675108541.23,0.49,0.34,-0.05,-1.01,-1.57,-3.05,-2.50,0.19
ADPV,Adaptiv Select ETF,North America,46.58,2736,10012,182665221.00,1.00,0.18,-0.05,2.59,11.82,6.16,7.69,34.72
FSIG,First Trust Limited Duration Investment Grade Corporate ETF,North America,18.89,187284,302172,1549754537.68,0.44,0.13,-0.05,-0.53,-1.05,-1.82,-1.61,-0.53
IMTB,iShares Core 5-10 Year USD Bond ETF,North America,43.36,14446,31505,276732160.00,0.06,0.23,-0.05,-1.07,-1.90,-1.90,-1.72,1.76
TWOX,iShares Large Cap Accelerated Outcome ETF,North America,28.71,88,2378,13794210.24,0.50,-0.12,-0.05,0.72,2.45,1.80,1.81,14.60
AGGH,Simplify Aggregate Bond ETF,North America,20.16,152228,165572,497598770.10,0.30,0.17,-0.05,-1.03,-1.99,-3.03,-2.80,1.15
IBTI,iShares iBonds Dec 2028 Term Treasury ETF,North America,22.08,168872,397435,1756439670.00,0.07,0.05,-0.05,-0.50,-1.12,-1.34,-1.34,-0.18
GVLU,Gotham 1000 Value ETF,North America,26.45,958,6417,232224000.00,0.50,0.66,-0.05,1.56,4.16,6.08,7.11,10.56
BAMY,Brookstone Yield ETF,Global,27.36,7661,7301,45367800.00,1.46,0.13,-0.05,-1.42,-0.38,-1.71,-1.71,2.18
EWP,iShares MSCI Spain ETF,Europe,56.83,168516,387367,1765934243.10,0.50,0.30,-0.05,-0.85,5.44,6.42,4.33,30.58
DWMF,WisdomTree International Multifactor Fund,Developed markets,33.12,1566,1867,43210700.00,0.38,0.50,-0.05,-1.63,-2.00,2.36,0.56,4.76
FLIA,Franklin International Aggregate Bond ETF,Global Ex-U.S.,20.36,113215,93523,755346000.00,0.25,0.20,-0.05,0.00,0.34,-0.92,0.84,-0.24
RYLG,Global X Russell 2000 Covered Call & Growth ETF,North America,23.91,601,2087,8110534.82,0.35,0.22,-0.05,0.43,7.74,2.72,7.40,13.86
IBDV,iShares iBonds Dec 2030 Term Corporate ETF,North America,21.71,422961,559340,3111722910.00,0.10,0.23,-0.05,-0.64,-1.45,-1.81,-1.72,0.46
FLCB,Franklin U.S. Core Bond ETF,North America,21.27,4370905,545076,2927532000.00,0.15,0.24,-0.05,-0.84,-1.66,-2.03,-1.66,0.85
SPYV,State Street SPDR Portfolio S&P 500 Value ETF,North America,60.68,7344922,2845477,35159107683.19,0.04,0.21,-0.05,1.02,5.20,6.27,6.62,17.87
LDSF,First Trust Low Duration Strategic Focus ETF,North America,18.92,22912,23677,162436837.78,0.77,0.13,-0.05,-0.66,-0.86,-1.18,-0.97,0.24
PTBD,Pacer Trendpilot US Bond ETF,North America,19.13,23759,24609,87932680.00,0.60,-0.05,-0.05,-0.31,0.10,-2.00,-1.49,-2.30
FLCO,Franklin Investment Grade Corporate ETF,North America,21.33,45381,72674,582606200.00,0.35,0.38,-0.05,-0.65,-1.07,-2.25,-1.52,0.90
PREF,Principal Spectrum Preferred Securities Active ETF,Global,18.94,177723,236696,1751769854.59,0.55,0.05,-0.05,-0.37,-0.58,-0.63,-0.73,1.07
HYGM,Amplify HYG High Yield 10% Target Income ETF,North America,24.76,122,506,741822.00,0.79,0.06,-0.06,-1.06,-0.90,-0.90,-0.90,-0.90
XOEF,iShares S&P 500 ex S&P 100 ETF,North America,29.13,1792,2566,20859670.08,0.20,0.60,-0.06,2.30,8.23,11.55,12.15,16.74
ZTRE,F/m 3-Year Investment Grade Corporate Bond ETF,North America,50.56,644,3275,40364720.00,0.15,0.14,-0.06,-0.57,-0.94,-1.23,-1.33,-0.11
IBIC,iShares iBonds Oct 2026 Term TIPS ETF,North America,26.10,8119,11253,86077784.10,0.10,0.00,-0.06,0.25,1.16,1.07,2.10,0.79
ATCL,REX Autocallable Income ETF,North America,25.02,11355,36416,31993344.00,0.65,0.02,-0.06,-0.85,0.17,-0.14,-0.14,-0.14
HYBB,iShares BB Rated Corporate Bond ETF,North America,46.54,16566,121643,399222320.00,0.25,0.14,-0.06,-0.23,-0.50,-1.22,-1.29,0.55
NYNY,Corgi NYC Based ETF,North America,25.97,1,,1412702.50,0.20,1.04,-0.06,2.49,2.05,2.05,2.05,2.05
DFGP,Dimensional Global Core Plus Fixed Income ETF,Global,54.42,186378,175941,2575381739.65,0.22,0.28,-0.06,-0.39,0.17,-0.59,0.62,1.46
TLDR,The Laddered T-Bill ETF,North America,25.00,2131,6629,5504070.00,0.20,-0.06,-0.06,-0.06,-0.02,-0.02,-0.02,-0.02
DCRE,DoubleLine Commercial Real Estate Debt ETF,North America,51.63,38150,35022,450809251.58,0.39,0.03,-0.06,-0.31,-0.71,-0.75,-0.56,0.02
TJUN,FT Vest Emerging Markets Buffer ETF - June,Emerging markets,23.59,335,529,2357947.16,0.95,-0.06,-0.06,0.30,3.33,6.03,4.22,17.60
PBJ,Invesco Food & Beverage ETF,North America,47.53,9403,8552,89510400.00,0.61,0.28,-0.06,-2.95,-1.94,5.95,5.93,-0.25
ISMD,Inspire Small/Mid Cap ETF,North America,46.93,30168,35521,312287000.00,0.53,0.09,-0.06,3.21,17.56,17.68,20.74,33.59
EMHC,State Street SPDR Bloomberg Emerging Markets USD Bond ETF,Emerging markets,25.20,32543,37728,261598604.80,0.23,0.30,-0.06,-0.89,-0.57,-1.43,-0.99,4.59
HMAY,Corgi U.S. Equities 100% Structured Buffer ETF - May Series,North America,25.23,1,,4794574.00,0.30,-0.01,-0.06,0.12,-0.06,-0.06,-0.06,-0.06
NPFE,NPF Core Equity ETF,North America,26.60,5965,5869,621515344.98,0.40,0.40,-0.07,1.42,6.79,6.79,6.79,6.79
SUSC,iShares ESG Aware USD Corporate Bond ETF,North America,23.02,309256,516834,1316589540.00,0.18,0.28,-0.07,-0.71,-1.14,-2.11,-1.60,1.16
AGG,iShares Core U.S. Aggregate Bond ETF,North America,98.37,14475607,8706051,136225781640.00,0.03,0.20,-0.07,-0.85,-1.55,-1.94,-1.63,1.11
GIGL,Goldman Sachs Corporate Bond ETF,Global,50.21,4889,38213,190190000.00,0.29,0.19,-0.07,-0.72,-1.02,-2.00,-1.48,0.08
QVAL,Alpha Architect U.S. Quantitative Value ETF,North America,55.81,29915,21875,528221005.00,0.28,0.90,-0.07,2.59,9.49,14.29,14.39,26.93
VCOB,Voya Core Bond ETF,Global,49.36,102,14264,94502400.00,0.25,0.20,-0.07,-0.56,-1.07,-1.51,-1.45,-1.43
TALV,Transamerica Large Value Active ETF,North America,27.31,88,528,156736440.00,0.49,-0.10,-0.07,1.42,6.55,9.37,8.67,9.37
IQMM,ProShares GENIUS Money Market ETF,North America,100.08,1327147,1572835,21037546900.00,0.15,-0.05,-0.07,-0.04,-0.02,0.06,0.06,0.06
UPGD,Invesco Bloomberg Analyst Rating Improvers ETF,North America,81.46,559,1152,160283896.21,0.40,0.31,-0.07,4.62,8.20,6.99,9.91,15.22
DVND,Touchstone Dividend Select ETF,North America,38.18,1174,9590,52346250.00,0.50,0.33,-0.07,1.56,5.30,6.96,8.20,18.77
XIJN,FT Vest U.S. Equity Buffer & Premium Income ETF - June,North America,30.70,1233,6575,51409161.38,0.85,0.00,-0.07,-0.20,0.07,-0.53,-0.48,0.21
MINN,Mairs & Power Minnesota Municipal Bond ETF,North America,22.40,3301,7960,46777335.00,0.25,0.04,-0.07,0.25,-0.51,-1.04,-0.69,3.92
FBND,Fidelity Total Bond ETF,Global,45.37,2208631,2654380,26132372473.34,0.36,0.24,-0.07,-0.81,-1.54,-2.18,-1.58,0.78
GOVT,iShares U.S. Treasury Bond ETF,North America,22.64,6339123,9244533,42537311054.80,0.05,0.22,-0.07,-0.85,-1.76,-2.06,-1.78,0.29
BNDW,Vanguard Total World Bond ETF,Global,67.98,95915,117475,1877560800.00,0.05,0.14,-0.07,-0.54,-1.14,-2.20,-1.14,-0.75
JULW,AllianzIM U.S. Large Cap Buffer20 Jul ETF,North America,40.60,16482,84684,232578125.00,0.74,-0.04,-0.07,0.47,3.44,4.37,3.67,12.31
SRLN,State Street Blackstone Senior Loan ETF,Global,40.34,1542744,2138936,5182712884.40,0.70,0.02,-0.07,-0.64,0.60,-2.58,-2.32,-2.13
CRUX,Columbia Core Bond ETF,North America,29.74,155416,361099,2154868707.84,0.32,0.24,-0.07,-1.13,-1.23,-1.23,-1.23,-1.23
QIG,WisdomTree U.S. Corporate Bond Fund,North America,44.29,171,831,17675200.00,0.18,0.23,-0.07,-0.66,-0.74,-1.93,-1.62,0.68
AGGY,WisdomTree Yield Enhanced U.S. Aggregate Bond Fund,North America,43.35,147067,94393,868943100.00,0.12,0.22,-0.08,-0.74,-1.35,-2.13,-1.62,1.21
JULJ,Innovator Premium Income 30 Barrier ETF - July,North America,25.03,2791,4328,13788720.00,0.79,-0.08,-0.08,0.14,0.08,-0.86,0.32,-0.36
BOND,PIMCO Active Bond Exchange-Traded Fund Exchange-Traded Fund,Global,91.42,473148,489033,7989367100.00,0.54,0.32,-0.08,-1.01,-1.75,-2.20,-1.97,1.24
BDBT,Bluemonte Core Bond ETF,North America,25.09,28921,46937,466943001.48,0.23,0.26,-0.08,-0.91,-1.26,-1.99,-1.34,0.12
FIXT,TCW Core Plus Bond ETF,Global,37.42,47293,11139,207645974.78,0.40,0.27,-0.08,-0.82,-1.89,-2.65,-2.37,-5.74
FJUN,FT Vest U.S. Equity Buffer ETF - June,North America,59.76,21173,18116,1175660069.51,0.85,-0.04,-0.08,0.56,4.25,5.36,4.60,13.35
VCHY,Vanguard U.S. High-Yield Corporate Bond Index ETF,North America,75.00,51115,,29968000.00,0.05,0.18,-0.08,-0.08,-0.08,-0.08,-0.08,-0.08
BUFT,FT Vest Buffered Allocation Defensive ETF,North America,25.87,8706,17344,146126001.73,1.21,-0.04,-0.08,0.58,4.44,5.62,5.08,11.03
IBID,iShares iBonds Oct 2027 Term TIPS ETF,North America,26.33,40713,29999,113171244.20,0.10,-0.13,-0.08,0.46,1.27,1.01,2.09,1.07
USIG,iShares Broad USD Investment Grade Corporate Bond ETF,North America,50.97,4717121,1837538,17263401100.00,0.04,0.26,-0.08,-0.68,-1.16,-2.09,-1.64,1.13
BAMB,Brookstone Intermediate Bond ETF,North America,25.86,11148,8102,59598000.00,1.03,0.22,-0.08,-1.49,-2.16,-2.38,-2.08,0.04
QLTI,GMO International Quality ETF,Global Ex-U.S.,26.48,14672,30768,281179150.00,0.60,1.18,-0.08,0.30,1.22,0.59,-0.65,1.57
IAGG,iShares International Aggregate Bond Fund,Global Ex-U.S.,50.14,1146138,3214576,11020280040.00,0.07,0.14,-0.08,-0.06,-0.14,-2.70,0.08,-1.26
JBND,JPMorgan Active Bond ETF,North America,53.16,613050,1187708,8161367500.00,0.25,0.25,-0.08,-0.91,-1.86,-1.99,-1.72,1.18
BUFS,FT Vest Laddered Small Cap Moderate Buffer ETF,North America,24.56,13815,38383,160533999.02,1.01,0.18,-0.08,0.82,5.82,6.92,7.30,17.82
LTAX,Nomura Tax-Free USA ETF,North America,25.10,7,520,6277500.00,0.39,-0.34,-0.08,0.06,0.41,0.08,0.08,0.08
IIGD,Invesco Investment Grade Defensive ETF,North America,24.45,1708,5446,30528774.42,0.13,0.11,-0.08,-0.71,-1.45,-1.71,-1.65,-0.16
NGIF,Nuveen Global Infrastructure Fund: ETF Class Shares,Global,12.64,1480,,15060000.00,0.88,0.56,-0.08,-0.08,-0.08,-0.08,-0.08,-0.08
XBJL,Innovator U.S. Equity Accelerated 9 Buffer ETF - July,North America,39.81,1060,3100,147428350.00,0.79,-0.09,-0.08,0.56,3.67,4.80,4.08,11.42
UTRE,US Treasury 3 Year Note ETF,North America,49.04,3145,3187,9796660.00,0.15,0.10,-0.08,-0.78,-1.40,-1.69,-1.63,-0.52
CTMA,Corgi U.S. Equities 30% Structured Buffer ETF - May Series,North America,25.54,781,,4692284.50,0.30,-0.07,-0.08,0.97,0.98,0.98,0.98,0.98
BNDX,Vanguard Total International Bond ETF,Global Ex-U.S.,47.99,3991303,5493906,81454155114.86,0.07,0.08,-0.08,-0.31,-0.64,-2.54,-0.72,-2.44
SUSB,iShares ESG Aware 1-5 Year USD Corporate Bond ETF,North America,24.89,232922,561090,1262420640.00,0.12,0.08,-0.08,-0.56,-1.03,-1.46,-1.35,-0.04
JMHI,JPMorgan High Yield Municipal ETF,North America,50.16,27870,29509,278406057.60,0.35,0.04,-0.08,-0.12,-0.54,-0.58,-0.18,2.03
USVN,US Treasury 7 Year Note ETF,North America,47.42,243,1610,7569504.00,0.15,0.24,-0.09,-1.20,-2.31,-2.82,-2.50,-0.05
RAAR,Reckoner Yield Enhanced AAA CLO Reinvesting ETF,North America,50.74,80,2021,12672500.00,0.40,0.01,-0.09,0.17,1.99,1.43,1.43,1.43
JMBS,Janus Henderson Mortgage-Backed Securities ETF,North America,44.86,541405,586222,6732492816.00,0.21,0.22,-0.09,-1.15,-1.84,-2.14,-1.84,1.89
IBHI,iShares iBonds 2029 Term High Yield and Income ETF,North America,23.34,68706,124386,464815440.00,0.35,0.26,-0.09,-0.34,-0.09,-1.44,-1.23,0.47
CPAG,F/m Compoundr U.S. Aggregate Bond ETF,North America,102.04,3149,4283,140022850.00,0.31,0.20,-0.09,-0.78,-0.58,-0.14,-0.13,2.09
BBCB,JPMorgan BetaBuilders USD Investment Grade Corporate Bond ETF,North America,45.09,3403,4176,44900000.00,0.04,0.29,-0.09,-0.73,-0.79,-2.13,-1.51,0.76
DYFI,IDX Dynamic Fixed Income ETF,Global,22.72,2053,5540,56960312.59,1.13,0.13,-0.09,-0.70,-1.09,-1.98,-1.58,-0.83
LTTI,FT Vest 20+ Year Treasury & Target Income ETF,North America,18.20,2347,8627,16299936.22,0.65,0.20,-0.09,-2.28,-3.93,-5.92,-4.14,-4.89
DIA,State Street SPDR Dow Jones Industrial Average ETF Trust,North America,509.41,6249368,4810642,44078355454.04,0.16,0.10,-0.09,2.19,6.71,5.64,5.72,18.88
IBTJ,iShares iBonds Dec 2029 Term Treasury ETF,North America,21.58,171051,269175,1246433612.45,0.07,0.09,-0.09,-0.76,-1.57,-1.80,-1.75,-0.16
PMJL,PGIM S&P 500 Max Buffer ETF - July,North America,26.53,892,953,2920526.55,0.50,0.23,-0.09,0.61,2.10,3.05,2.30,5.89
JABS,Janus Henderson Asset-Backed Securities ETF,North America,49.82,672,9541,134375571.00,0.33,0.01,-0.09,-0.31,-0.71,-0.61,-0.75,-0.51
CPSF,Calamos S&P 500 Structured Alt Protection ETF February,North America,26.16,125,2695,33405026.20,0.69,0.02,-0.09,0.25,1.77,2.61,2.18,7.48
XDSQ,Innovator U.S. Equity Accelerated ETF - Quarterly,North America,42.72,8919,6556,68373440.00,0.79,-0.06,-0.09,0.93,2.53,3.03,2.29,15.07
BBBS,BondBloxx BBB Rated 1-5 Year Corporate Bond ETF,North America,50.84,19074,48908,180291365.00,0.19,0.08,-0.09,-0.54,-1.08,-1.48,-1.23,0.11
DEED,First Trust Securitized Plus ETF,North America,21.24,7841,10146,64769842.47,0.66,0.09,-0.09,-0.84,-1.98,-1.67,-1.76,2.12
BBBI,BondBloxx BBB Rated 5-10 Year Corporate Bond ETF,North America,51.13,25007,17144,163225600.00,0.19,0.25,-0.09,-0.97,-1.31,-2.20,-2.01,1.17
HYTR,Counterpoint High Yield Trend ETF,North America,21.38,44145,57592,273280000.00,0.88,0.11,-0.09,-0.42,-1.25,-2.33,-1.61,-0.65
CDX,Simplify High Yield ETF,North America,21.10,170654,175297,398506521.08,0.25,0.33,-0.09,-0.89,-2.99,-6.06,-5.21,-8.82
FLSA,Franklin FTSE Saudi Arabia ETF,Middle East & Africa,33.18,1111,940,4969950.00,0.39,0.60,-0.09,-0.70,1.16,2.60,5.13,-0.72
SCHI,Schwab 5-10 Year Corporate Bond ETF,North America,22.50,1816410,3618768,11356884000.00,0.03,0.27,-0.09,-0.92,-1.57,-2.51,-2.17,1.12
SPIB,State Street SPDR Portfolio Intermediate Term Corporate Bond ETF,North America,33.31,13016697,7494253,10865473957.46,0.04,0.18,-0.09,-0.66,-1.16,-1.71,-1.57,0.76
TRBF,Angel Oak Total Return ETF,North America,49.18,2000,2331,28465820.00,0.44,0.03,-0.09,-0.88,-1.59,-2.68,-1.59,-1.73
JUCY,Aptus Enhanced Yield ETF,North America,22.04,53827,48845,248506210.00,0.60,0.16,-0.09,-0.81,-0.23,-0.77,-0.72,-1.17
SCHR,Schwab Intermediate-Term U.S. Treasury ETF,North America,24.52,2373603,3030346,12996432000.00,0.03,0.12,-0.09,-1.13,-2.19,-2.50,-2.27,-0.20
CPST,Calamos S&P 500 Structured Alt Protection ETF September,North America,27.70,34,1716,31901027.74,0.69,-0.07,-0.09,0.47,2.14,2.55,2.48,7.28
IUSB,iShares Core Universal USD Bond ETF,North America,45.87,3619979,8322890,41648406078.80,0.06,0.24,-0.09,-0.78,-1.40,-1.84,-1.58,1.12
VCRB,Vanguard Core Bond ETF,North America,76.75,403942,588887,7101112500.00,0.10,0.26,-0.09,-0.79,-1.48,-2.09,-1.56,0.88
TOTR,T. Rowe Price Total Return ETF,North America,39.95,2728,18187,561510419.40,0.31,0.17,-0.09,-0.98,-1.71,-2.33,-2.03,-0.09
SPLB,State Street SPDR Portfolio Long Term Corporate Bond ETF,North America,22.22,2349980,2970128,1250701486.72,0.04,0.45,-0.09,-0.45,-0.63,-3.05,-1.86,1.74
JULM,FT Vest U.S. Equity Max Buffer ETF - July,North America,34.47,41,1781,24126268.93,0.85,-0.07,-0.09,0.31,2.21,2.94,2.60,6.89
IVE,iShares S&P 500 Value ETF,North America,226.51,1557904,1149173,47376621809.60,0.18,0.20,-0.10,0.94,5.17,6.33,6.60,18.00
CPSY,Calamos S&P 500 Structured Alt Protection ETF January,North America,25.61,31,1099,26332275.69,0.69,-0.06,-0.10,0.16,1.70,2.35,2.10,7.09
PQDI,Principal Spectrum Preferred and Income ETF,Global,19.32,9905,4702,68395384.27,0.60,-0.00,-0.10,-0.92,-1.03,-1.28,-1.53,0.95
IBTK,iShares iBonds Dec 2030 Term Treasury ETF,North America,19.46,149682,220361,874733957.90,0.07,0.18,-0.10,-0.92,-1.87,-2.16,-2.01,-0.05
IBTR,iShares iBonds Dec 2036 Term Treasury ETF,North America,24.66,6304,9035,11061558.45,0.07,0.28,-0.10,-9.88,-0.98,-0.98,-0.98,-0.98
STXD,Strive 1000 Dividend Growth ETF,North America,38.62,4380,5041,65077506.00,0.35,0.29,-0.10,1.42,4.92,3.60,4.04,14.13
VGIT,Vanguard Intermediate-Term Treasury ETF,North America,58.64,11798451,3341275,41045348473.42,0.03,0.19,-0.10,-1.08,-2.10,-2.43,-2.23,-0.15
NCPB,Nuveen Core Plus Bond ETF,North America,24.82,464,6069,57559831.47,0.31,0.20,-0.10,-0.82,-1.51,-2.09,-1.68,0.55
IBHJ,iShares iBonds 2030 Term High Yield and Income ETF,North America,26.24,7219,23112,138653273.50,0.35,0.02,-0.10,-0.70,-0.40,-1.45,-1.37,0.17
XFIV,BondBloxx Bloomberg Five Year Target Duration US Treasury ETF,North America,48.40,59400,95599,423970396.00,0.05,0.21,-0.10,-1.08,-2.14,-2.47,-2.26,-0.18
MUSE,TCW Multisector Credit Income ETF,Global,49.69,8,39,39239300.00,0.56,0.03,-0.10,-0.58,0.18,-1.10,-0.88,-0.10
CPLB,NYLI MacKay Core Plus Bond ETF,Global,20.85,2119,65324,332672000.00,0.30,0.07,-0.10,-0.86,-1.70,-2.10,-1.65,-0.19
GENM,Genter Capital Municipal Quality Intermediate ETF,North America,10.28,17566,22526,28999977.60,0.39,0.10,-0.10,-0.19,-0.77,-0.25,-0.19,1.68
ANGL,VanEck Fallen Angel High Yield Bond ETF,North America,29.00,589924,691771,3056647515.00,0.25,0.17,-0.10,-0.48,-0.34,-1.69,-1.33,1.29
APOC,Innovator Equity Defined Protection ETF - 6 Mo Apr/Oct,North America,26.19,50414,31792,72673087.50,0.79,-0.02,-0.10,0.42,-0.65,0.53,-0.20,3.15
XTRE,BondBloxx Bloomberg Three Year Target Duration US Treasury ETF,North America,48.86,11890,58337,179592832.00,0.05,0.12,-0.10,-0.87,-1.66,-1.93,-1.87,-0.69
BKLN,Invesco Senior Loan ETF,North America,20.47,9642807,9740480,7174699500.00,0.65,0.05,-0.10,-0.87,-0.24,-2.52,-2.52,-2.10
ISTB,iShares Core 1-5 Year USD Bond ETF,North America,48.08,349990,613131,4911433230.00,0.06,0.12,-0.10,-0.60,-1.17,-1.46,-1.41,-0.06
XDQQ,Innovator Growth Accelerated ETF - Quarterly,North America,40.47,6631,3659,109468530.00,0.79,-0.16,-0.10,0.60,2.09,1.99,1.86,16.49
MYHA,State Street My2027 High Yield Corporate Bond ETF,North America,24.94,28,614,4981398.00,0.39,0.00,-0.10,-0.30,-0.30,-0.46,-0.46,-0.46
FTCB,First Trust Core Investment Grade ETF,Global,20.79,618528,553885,2460975041.45,0.56,0.24,-0.10,-1.00,-1.84,-2.76,-1.98,0.58
SECU,iShares Securitized Income Active ETF,North America,49.55,29794,178502,710717664.77,0.40,0.10,-0.10,-0.60,-0.70,-0.84,-0.84,-0.84
FLXR,TCW Flexible Income ETF,Global,39.01,532744,480692,3214166958.01,0.40,0.10,-0.10,-0.56,-1.00,-1.69,-1.56,0.15
IBDW,iShares iBonds Dec 2031 Term Corporate ETF,North America,20.74,534897,488877,2371626970.00,0.10,0.19,-0.10,-0.81,-1.57,-2.22,-1.98,0.83
IGEB,iShares Investment Grade Systematic Bond ETF,North America,44.83,104988,149013,1347870825.00,0.18,0.26,-0.10,-0.69,-1.22,-2.38,-1.91,0.78
VETZ,Academy Veteran Bond ETF,North America,19.66,14388,27734,109819920.00,0.35,0.18,-0.10,-1.10,-1.94,-2.29,-1.70,0.41
TACN,T. Rowe Price Active Core International Equity ETF,Developed markets,27.65,2175,2291,20662656.75,0.00,0.10,-0.10,-0.39,4.08,9.86,6.93,9.86
OACP,OneAscent Core Plus Bond ETF,Global,22.63,19315,50527,265315000.00,0.67,0.22,-0.10,-0.84,-1.49,-1.87,-1.87,0.93
TSES,Truth Social American Energy Security ETF,North America,30.22,909,3658,8210943.00,0.65,-0.65,-0.10,-1.47,3.28,20.30,20.16,20.30
XBB,BondBloxx BB-Rated USD High Yield Corporate Bond ETF,North America,40.85,1319022,330221,413347585.00,0.20,0.27,-0.10,-0.02,0.01,-0.75,-0.80,0.75
JANJ,Innovator Premium Income 30 Barrier ETF - January,North America,24.90,149,2138,15577875.00,0.79,-0.06,-0.10,0.26,1.12,-0.06,1.03,0.38
VBCB,Vanguard Target Maturity 2028 Corporate Bond ETF,North America,75.39,3509,12760,36120000.00,0.08,0.11,-0.10,-0.32,0.46,0.46,0.46,0.46
FRIZ,Franklin Dividend Growth ETF,Global,26.37,110,103,5238200.00,0.49,0.73,-0.10,2.38,4.45,1.74,2.70,5.87
LDRI,iShares iBonds 1-5 Year TIPS Ladder ETF,North America,25.64,4988,8167,20469018.40,0.10,0.00,-0.10,0.02,0.81,0.61,1.85,0.96
AFIX,Allspring Broad Market Core Bond ETF,North America,24.72,1830,10773,214325596.20,0.20,0.20,-0.10,-0.86,-1.65,-2.31,-1.44,0.43
INCO,Columbia India Consumer ETF,Asia-Pacific,57.45,15636,27049,216294480.00,0.75,1.20,-0.10,-4.88,-2.51,-9.63,-11.62,-11.48
VCEB,Vanguard ESG U.S. Corporate Bond ETF,North America,62.50,58392,68925,1225162250.00,0.12,0.26,-0.10,-0.59,-1.19,-2.36,-1.82,0.51
DSTL,Distillate U.S. Fundamental Stability & Value ETF,North America,59.98,40852,87061,1837322895.00,0.39,0.48,-0.10,1.20,0.53,0.92,1.62,9.71
AVLV,Avantis U.S. Large Cap Value ETF,North America,89.94,1175618,930737,12993095364.00,0.15,-0.23,-0.10,2.51,11.12,18.14,18.19,33.90
SFGV,Sequoia Global Value ETF,Global,34.91,11254,15189,1136551473.00,0.33,0.42,-0.11,1.14,4.37,8.25,9.99,20.80
JPIE,JPMorgan Income ETF,Global,45.87,1406785,1480287,9428333400.00,0.39,0.07,-0.11,-0.37,-0.71,-0.91,-0.89,0.22
SCHM,Schwab U.S. Mid Cap ETF,North America,35.12,1294900,1233619,14426557500.00,0.04,0.57,-0.11,1.27,11.56,15.15,16.29,27.11
VMBS,Vanguard Mortgage-Backed Securities ETF,North America,46.51,1127496,1393620,15348840306.91,0.03,0.24,-0.11,-0.94,-1.59,-1.34,-1.23,2.60
CGIB,Capital Group International Bond ETF (USD-Hedged),Global,25.31,186025,103754,254295911.52,0.45,0.16,-0.11,-0.15,-0.35,-0.43,-0.19,-1.58
HEFA,iShares Currency Hedged MSCI EAFE ETF,Developed markets,45.24,664952,536945,7069713459.60,0.35,-0.02,-0.11,1.28,5.80,8.83,8.13,18.77
QLTA,iShares Aaa A Rated Corporate Bond ETF,North America,47.26,139563,297390,1453278715.00,0.15,0.30,-0.11,-0.67,-1.17,-2.36,-1.81,0.83
CPRA,Calamos Russell 2000 Structured Alt Protection ETF - April,North America,27.49,139,4578,13100527.58,0.69,-0.03,-0.11,0.26,2.69,3.86,3.66,8.48
RISR,FolioBeyond Alternative Income and Interest Rate Hedge ETF,North America,36.27,156594,103972,266355915.00,1.04,-0.41,-0.11,-0.11,0.55,1.17,1.26,-1.47
CORP,PIMCO Investment Grade Corporate Bond Index Exchange-Traded Fund,North America,96.28,91818,76706,1597644100.00,0.41,0.27,-0.11,-0.78,-1.28,-2.20,-1.70,1.03
EYEG,AB Corporate Bond ETF,North America,35.13,16,201,26259905.33,0.30,0.24,-0.11,-0.68,-0.47,-2.47,-1.62,0.48
NUBD,Nuveen ESG U.S. Aggregate Bond ETF,North America,22.00,65875,64106,452895208.79,0.12,0.25,-0.11,-0.83,-1.74,-2.11,-1.68,0.80
IEI,iShares 3-7 Year Treasury Bond ETF,North America,116.89,1240124,1254528,18260303564.00,0.15,0.15,-0.11,-1.05,-1.99,-2.28,-2.13,-0.21
FFDI,Fidelity Fundamental Developed International ETF,Developed markets,31.59,1355,2519,22053740.80,0.55,-0.10,-0.11,-0.96,3.96,4.58,3.72,7.05
PSMJ,Pacer Swan SOS Moderate (July) ETF,North America,33.62,10812,686,88317075.00,0.49,-0.07,-0.11,0.59,4.17,5.06,4.41,14.74
EAGG,iShares ESG Aware U.S. Aggregate Bond ETF,North America,47.10,456144,493872,4810383360.00,0.10,0.19,-0.11,-0.86,-1.59,-1.98,-1.65,1.01
BFEW,FT Vest Laddered U.S. Equity Equal Weight Buffer ETF,North America,20.98,94,,1047641.90,0.95,0.12,-0.12,1.43,3.58,3.58,3.58,3.58
IGLB,iShares 10 Year Investment Grade Corporate Bond ETF,North America,49.62,736746,1170159,2636993460.00,0.04,0.49,-0.12,-0.54,-0.86,-3.05,-1.86,2.01
NPFI,Nuveen Preferred and Income ETF,Global,25.96,16992,22206,165794692.99,0.56,0.06,-0.12,-0.42,-0.35,-1.44,-0.99,0.85
SSFI,Day Hagan Smart Sector Fixed Income ETF,Global,21.36,121,12079,28342300.00,0.76,0.24,-0.12,-0.44,-0.67,-1.59,-0.40,0.97
PBJL,PGIM S&P 500 Buffer 20 ETF - July,North America,31.13,4221,9771,45167531.15,0.50,0.04,-0.12,0.49,3.74,4.30,3.95,12.35
IAUG,Innovator International Developed Power Buffer ETF August,Developed markets,29.79,21,7184,41761160.00,0.85,0.04,-0.12,0.68,3.47,5.03,4.05,9.59
JSI,Janus Henderson Securitized Income ETF,North America,51.34,143061,153317,1512904505.10,0.50,0.16,-0.12,-0.72,-1.25,-1.61,-1.52,-1.15
MNBD,ALPS Intermediate Municipal Bond ETF,North America,25.91,2444,6834,55228801.98,0.44,-0.22,-0.12,-0.44,-0.99,-0.23,-0.23,2.56
ADFI,Anfield Dynamic Fixed Income ETF,Global,8.48,18750,15683,50548500.00,1.07,0.12,-0.12,-0.24,-0.76,-1.34,-0.93,-0.59
LOCT,Innovator Premium Income 15 Buffer ETF - October,North America,23.87,425,6478,11355112.50,0.79,-0.10,-0.12,-0.12,0.55,-0.08,0.08,0.17
DFCF,Dimensional Core Fixed Income ETF,Global,42.10,891560,1496873,10594428361.00,0.17,0.26,-0.12,-0.78,-1.34,-1.84,-1.15,1.35
EVTR,Eaton Vance Total Return Bond ETF,North America,50.55,350640,479182,5402020902.99,0.32,0.28,-0.12,-0.86,-1.67,-2.19,-2.00,1.06
IQLT,iShares MSCI Intl Quality Factor ETF,Developed markets,48.82,1862049,1263115,13168318705.00,0.30,0.43,-0.12,-0.99,4.36,7.32,6.32,12.75
VB,Vanguard Small-Cap ETF,North America,291.36,547214,626789,77483605993.56,0.03,0.69,-0.12,0.91,9.59,10.81,12.36,24.25
GVI,iShares Intermediate Government/Credit Bond ETF,North America,105.63,100595,177664,3733761900.00,0.20,0.15,-0.12,-0.82,-1.39,-1.81,-1.63,0.34
RSSE,FT Vest U.S. Equity Equal Weight Buffer ETF September,North America,22.76,817,3058,37524345.48,0.85,0.14,-0.12,1.53,4.85,6.17,6.17,12.69
TFLR,T. Rowe Price Floating Rate ETF,North America,50.67,24128,75696,621492210.60,0.61,0.06,-0.12,-0.51,0.02,-1.57,-1.42,-1.50
EUSA,iShares MSCI USA Equal Weighted ETF,North America,112.24,32078,42601,1671748890.00,0.09,0.72,-0.12,2.45,7.07,7.29,8.17,15.02
PSFM,Pacer Swan SOS Flex (April) ETF,North America,34.49,911,4389,24199000.00,0.49,-0.23,-0.12,0.49,6.98,8.66,8.18,15.89
IBTL,iShares iBonds Dec 2031 Term Treasury ETF,North America,20.08,73396,140242,556918150.60,0.07,0.16,-0.12,-1.11,-2.17,-2.50,-2.31,-0.07
FALN,iShares Fallen Angels USD Bond ETF,North America,26.97,1546749,1153576,1613458330.00,0.25,0.20,-0.12,-0.41,-0.23,-1.97,-1.40,1.73
SECR,NYLI MacKay Securitized Income ETF,North America,25.35,707,11433,164637813.19,0.28,0.20,-0.12,-0.94,-2.09,-2.92,-1.78,-1.21
MILK,Pacer US Cash Cows Bond ETF,North America,24.52,5624,4897,17591112.00,0.49,0.31,-0.12,-0.47,0.35,-2.72,-0.16,1.11
TSMY,YieldMax TSM Option Income Strategy ETF,Asia-Pacific,16.71,162183,158032,119117887.50,1.01,-0.30,-0.12,-1.42,3.66,4.83,6.77,2.64
EUSB,iShares ESG Advanced Universal USD Bond ETF,North America,43.20,37539,81996,715146260.00,0.12,0.19,-0.12,-0.78,-1.44,-1.86,-1.73,1.05
SJLD,SanJac Alpha Low Duration ETF,North America,25.45,5,46,2543290.00,0.35,0.00,-0.12,-0.14,-0.39,-0.27,0.67,0.67
GIGB,Goldman Sachs Access Investment Grade Corporate Bond ETF,North America,45.64,39708,129922,953434500.00,0.08,0.24,-0.12,-0.57,-0.89,-1.98,-1.45,1.24
JAJL,Innovator Equity Defined Protection ETF - 6 Mo Jan/Jul,North America,29.77,19202,31533,248673855.00,0.79,-0.05,-0.13,0.44,1.88,2.66,2.16,7.47
BBAG,JPMorgan BetaBuilders U.S. Aggregate Bond ETF,North America,45.62,43832,169272,1022530736.50,0.03,0.22,-0.13,-0.89,-1.64,-2.08,-1.68,0.71
UTEN,US Treasury 10 Year Note ETF,North America,42.94,69306,38356,281124387.00,0.15,0.31,-0.13,-1.23,-2.62,-3.10,-2.62,0.32
PBTP,Invesco 0-5 Yr US TIPS ETF,North America,26.38,28334,21025,70072406.34,0.07,0.04,-0.13,-0.06,0.71,0.63,1.72,1.44
BIV,Vanguard Intermediate-Term Bond ETF,North America,76.18,1777932,1653728,28659990938.20,0.03,0.22,-0.13,-1.12,-2.06,-2.61,-2.31,0.67
VBCD,Vanguard Target Maturity 2030 Corporate Bond ETF,North America,75.16,8661,9781,36000000.00,0.08,0.12,-0.13,-0.76,0.13,0.13,0.13,0.13
VBCC,Vanguard Target Maturity 2029 Corporate Bond ETF,North America,75.26,4535,11193,36048000.00,0.08,0.12,-0.13,-0.59,0.23,0.23,0.23,0.23
BUFY,FT Vest Laddered International Moderate Buffer ETF,Developed markets,23.20,24801,22199,116988346.33,1.00,-0.08,-0.13,0.04,3.11,5.26,3.90,10.82
FNDX,Schwab Fundamental U.S. Large Company ETF,North America,30.85,3953580,4393920,25463484000.00,0.25,0.10,-0.13,1.82,9.36,12.96,12.96,28.49
GBND,Goldman Sachs Core Bond ETF,Global,50.19,13672,66501,518224500.00,0.25,0.17,-0.13,-0.84,-1.35,-1.66,-1.23,0.17
PMBS,PIMCO Mortgage-Backed Securities Active Exchange-Traded Fund,Global,49.06,119353,135969,1338291559.58,0.71,0.23,-0.13,-2.20,-1.71,-1.55,-1.34,2.20
TAGG,T. Rowe Price QM U.S. Bond ETF,North America,42.27,87605,113054,1914208326.60,0.08,0.16,-0.13,-0.93,-1.67,-2.10,-1.87,0.51
QBQV,AllianzIM Growth-100 Buffer5 ETF,North America,26.87,5088,1966,6722675.00,0.74,-0.11,-0.13,0.30,6.54,6.54,6.54,6.54
VDIG,Vanguard Wellington Dividend Growth Active ETF,North America,61.71,6175,6318,25071500.00,0.40,0.91,-0.13,1.75,4.21,0.66,0.28,3.96
BINC,iShares Flexible Income Active ETF,Global,52.04,1635249,3178657,16073362170.00,0.40,0.15,-0.13,-0.57,-0.78,-1.83,-1.46,-0.29
FOPC,Frontier Asset Opportunistic Credit ETF,Global,25.48,1130,2011,33322567.79,0.87,0.10,-0.14,-0.41,-0.64,-1.75,-0.22,0.45
DFJ,WisdomTree Japan SmallCap Fund,Asia-Pacific,105.64,54931,33153,371496850.00,0.58,0.44,-0.14,-1.78,1.79,10.16,9.00,24.49
IWN,iShares Russell 2000 Value ETF,North America,212.17,973340,733513,13835047484.50,0.24,0.44,-0.14,0.76,11.60,13.37,16.30,36.28
SPBO,State Street SPDR Portfolio Corporate Bond ETF,North America,28.88,804676,694068,1962353324.10,0.03,0.28,-0.14,-0.62,-1.10,-2.20,-1.74,0.94
BHYB,Xtrackers USD High Yield BB-B ex Financials ETF,North America,54.01,12,219681,2369168753.91,0.20,0.12,-0.14,-0.27,-0.31,-1.07,-0.95,0.46
FIXD,First Trust Smith Opportunistic Fixed Income ETF,Global,43.48,372304,456591,3296989586.82,0.65,0.23,-0.14,-0.71,-1.54,-2.34,-1.92,0.83
VTWV,Vanguard Russell 2000 Value ETF,North America,187.18,15783,22002,1186897500.00,0.06,0.45,-0.14,0.60,11.62,13.46,16.55,36.74
IDLV,Invesco S&P International Developed Low Volatility ETF,Developed markets,34.52,35474,43793,335848500.00,0.25,0.46,-0.14,-2.51,-2.10,1.77,1.20,4.57
PSCE,Invesco S&P SmallCap Energy ETF,North America,58.96,28076,45706,118943536.32,0.29,-2.14,-0.14,-1.77,4.43,28.77,37.95,52.12
IBTQ,iShares iBonds Dec 2035 Term Treasury ETF,North America,24.86,41550,130863,226759993.95,0.07,0.26,-0.14,-1.29,-2.47,-2.80,-2.49,0.71
MBBB,VanEck Moody's Analytics BBB Corporate Bond ETF,North America,21.26,238,9797,5305900.00,0.25,0.28,-0.14,-1.21,-1.16,-2.34,-2.30,-0.05
LQD,iShares iBoxx $ Investment Grade Corporate Bond ETF,North America,108.41,37925356,26476128,28865803040.00,0.14,0.32,-0.14,-0.68,-1.12,-2.50,-1.73,1.33
BBIB,JPMorgan BetaBuilders U.S. Treasury Bond 3-10 Year ETF,North America,97.27,894,8421,54348000.00,0.04,0.18,-0.14,-0.90,-1.90,-2.26,-2.07,-0.30
GEMD,Goldman Sachs Access Emerging Markets USD Bond ETF,Emerging markets,42.06,2017,3738,33600000.00,0.30,0.25,-0.14,-0.68,-0.52,-1.26,-0.87,4.68
SPTI,State Street SPDR Portfolio Intermediate Term Treasury ETF,North America,28.22,2148080,2423735,10183419044.30,0.03,0.14,-0.14,-1.12,-2.12,-2.42,-2.18,-0.14
HBDC,Hilton BDC Corporate Bond ETF,North America,24.65,1404,6308,83799460.00,0.39,-0.10,-0.14,-0.42,-0.90,-2.16,-1.85,-1.64
LMBS,First Trust Low Duration Opportunities ETF,North America,49.74,385112,465530,6291942899.24,0.66,0.09,-0.14,-0.56,-1.01,-0.62,-0.60,1.84
NUAG,Nuveen Enhanced Yield U.S. Aggregate Bond ETF,North America,20.89,4959,12262,95207534.25,0.16,0.19,-0.14,-0.74,-1.23,-1.83,-1.42,1.17
AAAD,PGIM AAA CLO Aggregate Duration ETF,North America,49.86,211,,26134500.00,0.19,0.18,-0.14,-0.14,-0.14,-0.14,-0.14,-0.14
NUHY,Nuveen ESG High Yield Corporate Bond ETF,North America,21.28,15557,14752,107234001.39,0.30,0.12,-0.14,-0.33,-0.37,-1.75,-1.71,-0.47
CARY,Angel Oak Income ETF,North America,20.76,196746,413296,1235558600.00,0.80,0.19,-0.14,-0.38,-0.81,-0.86,-0.48,0.78
FISR,State Street Fixed Income Sector Rotation ETF,Global,25.44,155311,243935,407754213.68,0.50,0.26,-0.14,-0.88,-1.83,-2.02,-1.73,0.85
VFMV,Vanguard U.S. Minimum Volatility ETF,North America,140.18,11031,13336,423928000.00,0.13,0.41,-0.14,0.19,2.63,6.11,7.29,9.35
VBCF,Vanguard Target Maturity 2032 Corporate Bond ETF,North America,75.20,5447,9527,35995200.00,0.08,0.21,-0.14,-1.03,0.57,0.57,0.57,0.57
CUST,Corgi 1-3 Year Treasury Bond ETF,North America,25.00,3,,999096.00,0.05,0.10,-0.14,-0.14,-0.14,-0.14,-0.14,-0.14
IEF,iShares 7-10 Year Treasury Bond ETF,North America,93.78,8007261,7569250,47008751847.20,0.15,0.28,-0.14,-1.33,-2.57,-3.00,-2.60,0.28
XSVN,BondBloxx Bloomberg Seven Year Target Duration US Treasury ETF,North America,46.89,17099,75938,352024488.00,0.05,0.30,-0.15,-1.27,-2.54,-2.90,-2.51,0.15
PYLD,PIMCO Multisector Bond Active Exchange-Traded Fund,Global,26.29,3472384,4041848,14062310400.00,0.64,0.19,-0.15,-0.72,-0.83,-1.57,-1.65,0.84
EMHY,iShares J.P. Morgan EM High Yield Bond ETF,Emerging markets,40.36,61236,83666,590756250.00,0.50,0.25,-0.15,-0.42,0.45,0.32,-0.05,5.82
HTRB,Hartford Total Return Bond ETF,Global,33.62,275328,291431,2224542990.00,0.29,0.21,-0.15,-0.86,-1.44,-2.24,-1.64,0.93
BKAG,BNY Mellon Core Bond ETF,North America,41.72,103002,125173,2107040000.00,0.00,0.21,-0.15,-0.81,-1.56,-1.96,-1.79,0.79
DYNB,Hartford Dynamic Bond ETF,Global,39.20,616,5844,56695145.00,0.60,0.14,-0.15,-0.71,-1.01,-1.68,-1.38,-2.00
KDRN,Kingsbarn Tactical Bond ETF,Global,23.31,3,4,1164500.00,0.62,0.11,-0.15,-0.06,-0.15,-0.74,0.52,0.50
AOCT,Innovator Equity Defined Protection ETF - 2 Yr to October 2026,North America,27.20,23554,32864,49726505.00,0.79,-0.07,-0.15,0.44,2.29,2.72,2.45,6.83
MUND,Northern Trust 2055 Tax-Exempt Distributing Ladder ETF,North America,102.78,6,1193,8238144.00,0.18,0.00,-0.15,-0.64,-1.39,-0.40,-0.29,2.70
IBTM,iShares iBonds Dec 2032 Term Treasury ETF,North America,22.56,126889,122923,538957819.10,0.07,0.18,-0.15,-1.20,-2.32,-2.61,-2.36,0.11
VPLS,Vanguard Core Plus Bond ETF,North America,77.08,101833,168504,1573043150.00,0.20,0.25,-0.15,-0.78,-1.31,-1.99,-1.40,0.84
FLRT,Pacer Aristotle Pacific Floating Rate High Income ETF,North America,46.78,95303,103117,624898815.00,0.60,-0.04,-0.15,-0.06,1.39,-1.18,-0.85,-1.27
CPNS,Calamos Nasdaq-100 Structured Alt Protection ETF September,North America,28.00,437,2849,25254028.06,0.69,-0.07,-0.15,0.29,2.30,3.59,2.79,7.41
VGHY,Vanguard High-Yield Active ETF,Global,74.45,41793,56733,278287500.00,0.22,0.13,-0.15,-0.48,-0.65,-1.05,-1.29,-0.97
CAAA,First Trust AAA CMBS ETF,North America,20.24,275,9079,32324840.41,0.30,0.27,-0.15,-0.88,-0.83,-1.74,-1.08,-0.02
PIFI,ClearShares Piton Intermediate Fixed Income ETF,North America,93.98,2253,1724,103198260.00,0.45,0.15,-0.15,-0.50,-1.26,-1.59,-0.84,-0.14
DGCB,Dimensional Global Credit ETF,Global,54.63,84700,83643,1031025262.74,0.20,0.28,-0.15,-0.31,0.40,-0.64,0.75,2.57
VCLT,Vanguard Long-Term Corporate Bond ETF,North America,74.64,10894211,5888055,8965230405.88,0.03,0.46,-0.15,-0.67,-0.85,-3.12,-1.78,1.70
PMMR,PGIM S&P 500 Max Buffer ETF - March,North America,26.99,118,1533,5406027.03,0.50,-0.04,-0.15,0.19,1.43,2.84,2.12,6.86
IBTO,iShares iBonds Dec 2033 Term Treasury ETF,North America,23.96,69731,65716,457520386.60,0.07,0.21,-0.15,-1.22,-2.48,-2.90,-2.58,0.10
USIN,WisdomTree 7-10 Year Laddered Treasury Fund,North America,49.36,30,418,4429710.00,0.15,0.27,-0.15,-1.20,-2.36,-3.00,-2.54,0.07
PDP,Invesco Dorsey Wright Momentum ETF,North America,141.97,26943,30544,1542597630.00,0.62,0.42,-0.15,1.04,14.03,19.12,21.00,32.67
DDFS,Innovator Equity Dual Directional 15 Buffer ETF - September,North America,21.88,11894,20120,49247775.00,0.79,-0.09,-0.15,0.30,3.13,3.82,3.23,6.81
DDFL,Innovator Equity Dual Directional 15 Buffer ETF - July,North America,21.08,14434,11226,144718580.00,0.79,-0.24,-0.15,0.19,2.53,3.28,2.83,5.51
BREM,iShares Emerging Markets Bond Active ETF,Emerging markets,51.23,132,235,38228250.00,0.50,0.30,-0.15,-0.52,0.15,0.50,0.38,1.95
GBHI,Gabelli High Income ETF,North America,25.38,369,721,6063360.00,0.01,-0.15,-0.15,0.11,-0.28,-0.24,0.43,1.25
BIZD,VanEck BDC Income ETF,North America,12.59,3253238,3272033,1549425870.00,9.69,1.12,-0.16,-3.15,-1.25,-16.62,-11.34,-22.14
IBDY,iShares iBonds Dec 2033 Term Corporate ETF,North America,25.61,178569,278468,1105859224.20,0.10,0.22,-0.16,-0.93,-1.65,-2.48,-2.10,1.15
JHCP,John Hancock Core Plus Bond ETF,North America,24.99,3402,52717,128204100.00,0.36,0.14,-0.16,-0.83,-1.72,-2.12,-1.49,1.07
TEXX,Horizon Kinetics Texas ETF,North America,28.64,250,1737,2887350.00,0.85,-1.03,-0.16,3.59,4.26,11.84,11.84,11.84
LCO,LOGIQ Contrarian Opportunities ETF,Global,28.58,2,173,57126094.31,1.13,0.04,-0.16,1.26,6.51,13.02,13.02,13.02
HYDW,Xtrackers Low Beta High Yield Bond ETF,North America,46.54,5194,3597,65167246.55,0.20,0.04,-0.16,-0.44,-0.78,-1.50,-1.39,-0.40
BOXA,Alpha Architect Aggregate Bond ETF,North America,105.10,271,865,14668528.00,0.23,0.15,-0.16,-0.51,-0.78,-0.39,-0.49,3.39
PHYL,PGIM Active High Yield Bond ETF,North America,34.90,320133,138383,1302511000.00,0.39,0.17,-0.16,-0.61,-0.67,-1.57,-1.70,-0.01
USHY,iShares Broad USD High Yield Corporate Bond ETF,North America,36.85,8527540,10050201,27365705790.00,0.08,0.11,-0.16,-0.46,-0.49,-1.68,-1.60,-0.11
IBHG,iShares iBonds 2027 Term High Yield and Income ETF,North America,22.02,65822,177917,499769725.00,0.35,0.05,-0.16,-0.52,-0.47,-1.54,-1.37,-1.41
TJUL,Innovator Equity Defined Protection ETF - 2 Yr to July 2027,North America,30.15,4984,13893,135729000.00,0.79,0.10,-0.16,0.17,1.82,2.06,1.52,5.86
CPSO,Calamos S&P 500 Structured Alt Protection ETF - October,North America,27.73,25,1301,26400527.79,0.69,-0.04,-0.16,0.34,2.27,2.57,2.49,6.84
BKHY,BNY Mellon High Yield ETF,North America,47.38,9431,16714,151168000.00,0.22,0.15,-0.16,-0.26,-0.34,-1.91,-1.65,-0.39
WMSB,Weitz Multisector Bond ETF,Global,24.99,104,1377,14958000.00,0.65,0.19,-0.16,-0.61,-0.83,-0.90,-1.11,-0.16
JHCR,John Hancock Core Bond ETF,North America,25.14,3581,89254,2266342912.50,0.29,0.15,-0.16,-0.95,-1.82,-1.70,-0.95,1.25
RSMR,FT Vest U.S. Equity Equal Weight Buffer ETF - March,North America,23.32,4456,3995,10483246.59,0.85,0.15,-0.16,1.05,4.03,6.13,6.40,13.27
BUL,Pacer US Cash Cows Growth ETF,North America,58.83,28850,9199,128620360.00,0.60,0.55,-0.16,0.04,5.95,6.06,6.43,21.76
ZTEN,F/m 10-Year Investment Grade Corporate Bond ETF,North America,50.23,660,2076,30024540.00,0.15,0.31,-0.16,-1.01,-1.34,-2.62,-2.01,1.50
QBSF,AllianzIM U.S. Equity Buffer15 ETF,North America,26.86,1757,8979,28866975.00,0.64,-0.07,-0.17,0.34,1.97,3.05,2.03,7.25
NVBW,AllianzIM US Large Cap Buffer20 Nov ETF,North America,35.28,2955,5839,98095140.00,0.74,-0.20,-0.17,0.43,4.13,4.66,4.35,11.29
BRTR,iShares Total Return Active ETF,Global,49.96,82590,149586,704171920.00,0.38,0.14,-0.17,-0.74,-1.53,-2.09,-1.78,1.06
CORB,AB Core Bond ETF,Global,29.34,70855,98583,1050070001.31,0.28,0.31,-0.17,-0.91,-1.74,-2.30,-1.81,61.92
EVMO,Eaton Vance Mortgage Opportunities ETF,North America,49.98,46195,55506,886800295.68,0.45,0.25,-0.17,-1.00,-1.85,-1.58,-1.51,-0.15
SHYG,iShares 0-5 Year High Yield Corporate Bond ETF,North America,42.23,1471445,1306278,7492794260.00,0.30,0.09,-0.17,-0.47,-0.38,-1.65,-1.61,-0.61
SSPY,Stratified LargeCap Index ETF,North America,95.52,200,1985,124259050.00,0.45,0.56,-0.17,1.98,6.21,7.57,9.92,18.45
SASS,M.D. Sass Concentrated Value ETF,North America,24.40,4,6754,74950437.60,0.75,1.81,-0.17,0.61,1.28,-2.64,-2.64,-2.64
BNDS,Infrastructure Capital Bond Income ETF,Global,50.72,14184,20733,74714650.00,0.88,0.09,-0.17,-0.72,-0.09,0.23,0.50,3.82
SHUS,Stratified LargeCap Hedged ETF,North America,49.82,2,554,24026900.00,0.79,0.56,-0.17,3.01,4.21,10.34,7.79,16.97
FSYD,Fidelity Sustainable High Yield ETF,Global,48.68,19175,26523,127367509.50,0.55,0.05,-0.18,-0.40,0.48,0.05,0.30,3.01
VCIT,Vanguard Intermediate-Term Corporate Bond ETF,North America,82.08,9415151,8508803,66247596367.93,0.03,0.22,-0.18,-0.97,-1.65,-2.46,-2.13,1.20
DIVB,iShares Core Dividend ETF,North America,61.20,156752,96792,1492800734.75,0.05,-0.20,-0.18,5.34,12.60,13.46,14.67,23.69
LQDM,Amplify LQD Investment Grade 12% Target Income ETF,North America,24.58,10446,4398,2205720.00,0.54,0.12,-0.18,-1.54,-1.56,-1.56,-1.56,-1.56
MYCN,State Street My2034 Corporate Bond ETF,North America,24.36,594,1115,8504057.45,0.15,0.27,-0.18,-0.85,-1.38,-2.33,-1.83,1.46
EVHY,Eaton Vance High Yield ETF,North America,52.19,175,8630,23449500.00,0.48,0.08,-0.18,-0.37,-0.52,-2.27,-1.72,-0.97
ZMAR,Innovator Equity Defined Protection ETF - 1 Yr March,North America,28.14,10004,13626,118891500.00,0.79,-0.04,-0.18,0.20,1.53,2.79,2.38,7.30
MYCJ,State Street My2030 Corporate Bond ETF,North America,24.56,3376,4859,40465337.55,0.15,0.05,-0.18,-0.90,-1.54,-1.85,-1.73,0.29
FSML,Franklin Small Cap Enhanced ETF,North America,28.71,2171,73355,115258950.00,0.45,0.72,-0.18,1.11,15.15,13.65,15.33,13.65
RJDI,RJ Eagle GCM Dividend Select Income ETF,Global,28.49,9746,38356,86070022.50,0.63,0.07,-0.18,-1.01,4.44,10.86,12.25,13.78
ZOCT,Innovator Equity Defined Protection ETF - 1 Yr October,North America,27.50,4383,17278,105218482.50,0.79,-0.05,-0.18,0.31,2.19,2.67,2.48,6.65
PRIV,State Street IG Public & Private Credit ETF,North America,25.04,4182,46939,844537122.30,0.55,0.15,-0.18,-0.97,-1.51,-1.75,-1.44,1.27
MTBA,Simplify MBS ETF,North America,48.99,118221,226666,1555990023.97,0.15,0.12,-0.18,-1.11,-2.27,-2.97,-2.87,-0.95
JHLN,John Hancock Global Senior Loan ETF,Global,24.58,9037,20622,632582370.00,0.59,-0.04,-0.18,-0.53,0.41,-1.46,-1.40,-1.84
LAPR,Innovator Premium Income 15 Buffer ETF - April,North America,25.30,846,6938,11387610.00,0.79,-0.06,-0.18,-0.33,0.88,0.49,0.78,0.86
RAAA,Reckoner Yield Enhanced AAA CLO ETF,North America,25.04,311,5634,35069300.00,0.30,0.02,-0.18,-0.14,0.79,-0.02,0.10,-0.02
DSCO,DoubleLine Securitized Credit ETF,North America,24.78,4683,50923,200120845.66,0.50,0.02,-0.18,-0.38,-0.82,-1.02,-1.02,-1.02
SPMB,State Street SPDR Portfolio Mortgage Backed Bond ETF,North America,22.15,1716851,1480106,6949835894.40,0.04,0.27,-0.18,-0.98,-1.64,-1.73,-1.29,2.50
IAPR,Innovator International Developed Power Buffer ETF April,Developed markets,32.84,14892,20729,195571500.00,0.85,-0.03,-0.18,-0.39,5.12,7.04,5.90,13.40
FPAG,FPA Global Equity ETF,Global,39.79,32486,57597,518265170.21,0.49,0.89,-0.18,0.30,6.59,6.42,6.70,20.68
MDYG,State Street SPDR S&P 400 Mid Cap Growth ETF,North America,107.85,93510,95007,2777784842.00,0.15,0.55,-0.18,0.06,10.08,14.41,15.82,24.99
JPHY,JPMorgan Active High Yield ETF,North America,50.23,14753,35151,2211569691.48,0.45,0.00,-0.18,-0.46,-0.10,-0.95,-0.77,11.14
HYBL,State Street Blackstone High Income ETF,North America,27.94,149664,117209,558906660.00,0.70,0.13,-0.18,-0.68,0.47,-1.96,-1.86,-0.99
SMCF,Themes US Small Cap Cash Flow Champions ETF,North America,37.47,291,324,2989464.00,0.29,0.20,-0.19,-0.33,9.75,7.08,13.68,27.18
RMRC,ARMOR Core Risk-Managed ETF,North America,25.13,279,9164,6994400.00,0.58,0.58,-0.19,0.16,2.79,0.56,0.56,0.56
GTO,Invesco Total Return Bond ETF,Global,46.73,310032,212222,2322423000.00,0.35,0.18,-0.19,-0.74,-1.35,-1.83,-1.58,1.19
CPSD,Calamos S&P 500 Structured Alt Protection ETF December,North America,26.63,76,1355,44689026.68,0.69,0.06,-0.19,0.28,2.23,2.50,2.31,8.61
DMBS,DoubleLine Mortgage ETF,North America,48.72,36513,89638,691092048.60,0.39,0.25,-0.19,-1.24,-2.15,-2.13,-1.93,1.39
BBHY,JPMorgan BetaBuilders USD High Yield Corporate Bond ETF,North America,45.84,54131,74386,607198500.00,0.07,0.15,-0.19,-0.42,-0.40,-1.60,-1.51,-0.01
IGIB,iShares 5-10 Year Investment Grade Corporate Bond ETF,North America,52.80,2809481,2471721,18141182595.00,0.04,0.23,-0.19,-0.98,-1.62,-2.44,-2.15,1.36
NHYB,Nuveen High Yield Corporate Bond ETF,North America,24.65,13,184344,1675193750.00,0.08,0.10,-0.19,-0.47,-0.47,-1.82,-1.50,-1.42
BREW,Corgi Coffee & Energy Drinks ETF,Global,25.89,705,,1507290.00,0.35,2.83,-0.19,-1.06,1.57,1.57,1.57,1.57
JHCB,John Hancock Corporate Bond ETF,North America,21.16,7848,18126,108625345.00,0.29,0.21,-0.19,-0.66,-1.58,-2.65,-1.63,0.47
FEBM,FT Vest U.S. Equity Max Buffer ETF - February,North America,31.12,94,6824,47476362.26,0.85,-0.06,-0.19,0.23,2.00,2.88,2.44,7.23
DBEF,Xtrackers MSCI EAFE Hedged Equity ETF,Developed markets,52.66,445108,415928,8725485102.58,0.35,-0.06,-0.19,1.52,5.87,8.18,8.38,15.91
GTOQ,Invesco High Yield Systematic Bond ETF,North America,22.34,310969,94337,164044672.32,0.39,0.10,-0.19,-0.44,-0.15,-1.47,-1.38,-0.19
IBIE,iShares iBonds Oct 2028 Term TIPS ETF,North America,26.41,12653,23396,155608482.10,0.10,0.04,-0.19,0.11,0.87,0.57,1.69,1.46
RMME,Rareview Government Money Market ETF,North America,100.15,7342,4873,37053576.00,0.30,0.01,-0.19,-0.02,-0.00,0.05,0.05,0.12
EXEQ,Wedbush ReturnOnLeadership U.S. Large-Cap ETF,North America,27.15,1350,151,1063546.59,0.75,0.82,-0.19,5.86,10.32,8.57,8.57,8.57
MARM,FT Vest U.S. Equity Max Buffer ETF - March,North America,34.04,2172,5800,107238668.09,0.85,-0.11,-0.19,0.06,2.30,3.48,3.13,6.96
PMOC,PGIM S&P 500 Max Buffer ETF - October,North America,25.92,1547,1740,3631625.94,0.50,-0.04,-0.19,0.35,2.06,2.86,2.51,3.49
DRLL,Strive U.S. Energy ETF,North America,36.02,13169,16115,290231432.00,0.41,-2.12,-0.19,2.13,1.46,23.19,26.56,34.65
PCI,PGIM Corporate Bond 5-10 Year ETF,North America,49.76,465,8391,530934000.00,0.25,-0.32,-0.19,-0.93,-1.80,-2.20,-1.87,-1.11
HYGV,FlexShares High Yield Value-Scored Bond Index Fund,North America,40.06,111142,122662,1085630799.99,0.37,0.20,-0.20,-0.52,-0.52,-1.91,-1.86,-0.67
OEFA,ALPS O'Shares International Developed Quality Dividend ETF,Developed markets,33.72,10416,7564,34542500.00,0.48,0.07,-0.20,0.07,1.33,1.36,0.16,2.35
BWTG,Brendan Wood TopGun Index ETF,North America,41.07,1337,637,20431992.78,0.95,0.57,-0.20,1.14,6.05,4.22,4.35,15.09
HFSI,Hartford Strategic Income ETF,Global,35.11,115678,139960,810444460.00,0.49,0.09,-0.20,-0.65,-0.71,-1.60,-1.35,2.33
RIZE,Principal Inflation Protection ETF,North America,25.04,1,,10001225.00,0.19,0.02,-0.20,0.06,0.06,0.06,0.06,0.06
BCPL,BNY Mellon Core Plus ETF,Global,24.74,35991,78065,298712779.71,0.40,0.08,-0.20,-0.80,-0.87,-1.39,-1.39,-1.39
VOOV,Vanguard S&P 500 Value ETF,North America,218.63,82993,73304,6408113600.00,0.07,0.16,-0.20,0.94,5.04,6.22,6.49,17.87
MULT,Franklin Multisector Income ETF,Global,25.03,204,149,14974800.00,0.39,-0.16,-0.20,-0.67,-1.73,-0.99,-1.07,-0.60
SCCR,Schwab Core Bond ETF,North America,25.41,171995,334309,1449448000.00,0.16,0.20,-0.20,-0.97,-1.55,-1.85,-1.74,1.24
FNDB,Schwab Fundamental U.S. Broad Market ETF,North America,30.14,176756,142669,1326528000.00,0.25,0.13,-0.20,1.76,9.60,12.76,13.01,28.26
MYHC,State Street My2029 High Yield Corporate Bond ETF,North America,25.02,15740,835,4990615.40,0.39,0.12,-0.20,-0.32,0.16,-0.10,-0.10,-0.10
ODHY,Obra Defensive High Yield ETF,North America,9.96,8,8,5072725.20,0.70,0.10,-0.20,-0.50,-0.50,-1.19,-1.25,-1.68
GHYB,Goldman Sachs Access High Yield Corporate Bond ETF,North America,44.61,37637,10927,124908000.00,0.15,0.12,-0.20,-0.42,-0.73,-1.78,-1.85,-0.15
AINP,Allspring Income Plus ETF,Global,24.96,2416,32397,216451049.70,0.36,0.01,-0.20,-0.42,-0.58,-1.56,-1.09,0.26
PZT,Invesco New York AMT-Free Municipal Bond ETF,North America,22.62,42401,25636,135985850.00,0.28,0.22,-0.20,0.56,1.05,1.00,1.00,6.02
OIH,VanEck Oil Services ETF,Global,420.75,396557,362799,2365176284.35,0.35,-2.11,-0.20,0.43,11.31,37.50,47.14,82.01
JANH,Innovator Premium Income 20 Barrier ETF - January,North America,24.99,5390,7895,15000840.00,0.79,-0.08,-0.20,0.44,1.51,0.00,1.22,0.69
THY,Toews Agility Shares Dynamic Tactical Income ETF,Global,21.86,7046,9975,85643500.00,1.03,0.16,-0.20,-1.29,-0.84,-2.04,-1.73,-1.42
JULP,PGIM S&P 500 Buffer 12 ETF - July,North America,32.37,392,5604,24307532.41,0.50,-0.11,-0.20,0.70,4.77,5.32,4.87,16.24
TNGY,Tortoise Energy ETF,Global,9.99,31516,61447,538982619.46,0.85,-1.19,-0.20,-0.10,-1.28,9.18,10.02,5.16
CBTY,Calamos Bitcoin 80 Series Structured Alt Protection ETF - July,Global,19.54,1318,3535,13664019.52,0.69,0.03,-0.20,-2.15,-2.64,-14.52,-12.34,-21.90
PSC,Principal U.S. Small-Cap ETF,North America,65.59,138632,114402,2140119809.09,0.38,0.55,-0.20,1.45,12.91,11.23,12.35,23.59
STIP,iShares 0-5 Year TIPS Bond ETF,North America,102.33,1262182,1170825,15852514619.70,0.03,0.04,-0.20,-1.20,-1.03,-0.36,-0.06,0.25
DJUL,FT Vest U.S. Equity Deep Buffer ETF - July,North America,49.75,3459,8525,402094724.59,0.85,-0.01,-0.21,0.54,4.55,4.98,4.51,15.28
AUGM,FT Vest U.S. Equity Max Buffer ETF - August,North America,34.88,360,3418,32286269.81,0.85,-0.10,-0.21,0.36,2.30,2.76,2.54,7.27
IGF,iShares Global Infrastructure ETF,Global,65.99,777045,784335,10570130102.00,0.39,0.44,-0.21,-2.22,-1.33,6.97,7.07,10.96
OBND,State Street Loomis Sayles Opportunistic Bond ETF,North America,25.64,3035,5974,57539412.00,0.55,0.06,-0.21,-1.02,-0.75,-2.45,-1.63,-0.02
VOLT,Tema Electrification ETF,Global,38.64,462782,462742,722820668.00,0.75,0.21,-0.21,-5.62,12.55,29.19,32.42,59.34
BFOC,FT Vest Bitcoin Strategy Floor15 ETF - October,Global,16.88,2322,3938,7625283.89,0.90,-0.94,-0.21,-2.46,-2.64,-8.14,-9.37,-16.42
QBKF,AllianzIM U.S. Small Cap Buffer15 ETF,North America,25.96,7540,,5839582.50,0.74,-0.06,-0.21,0.85,3.32,3.32,3.32,3.32
HISF,First Trust High Income Strategic Focus ETF,Global,44.24,3482,8442,94881738.26,0.83,0.16,-0.21,-0.95,-1.50,-2.31,-2.20,0.63
TIPA,Northern Trust 2030 Inflation-Linked Distributing Ladder ETF,North America,100.30,2010,3069,18034344.00,0.10,0.03,-0.21,-0.85,-0.56,0.21,0.36,0.19
CEMB,iShares J.P. Morgan EM Corporate Bond ETF,Emerging markets,45.46,19990,60380,433341755.00,0.50,0.24,-0.21,-0.77,-0.62,-1.01,-0.90,1.71
AUGW,AllianzIM U.S. Large Cap Buffer20 Aug ETF,North America,33.80,1088,9093,137002185.00,0.74,-0.01,-0.21,0.52,3.93,4.41,3.83,12.06
VRP,Invesco Variable Rate Preferred ETF,North America,24.31,314882,840989,2929615200.00,0.50,-0.04,-0.21,-0.25,0.00,-0.65,-0.29,0.25
PUI,Invesco Dorsey Wright Utilities Momentum ETF,North America,45.94,6068,7290,74877480.00,0.60,0.56,-0.21,-3.18,-2.71,2.46,4.11,10.94
XIMR,FT Vest U.S. Equity Buffer & Premium Income ETF - March,North America,31.39,1888,3204,30615062.80,0.85,-0.06,-0.21,-0.51,1.59,1.16,1.29,1.26
ZJAN,Innovator Equity Defined Protection ETF - 1 Yr January,North America,27.90,702,6773,114443300.00,0.79,-0.05,-0.21,0.16,1.73,2.42,1.88,7.12
HYG,iShares iBoxx $ High Yield Corporate Bond ETF,North America,79.62,34705836,36293981,16037348700.00,0.49,0.10,-0.21,-0.49,-0.46,-1.39,-1.36,0.43
MIG,VanEck Moody's Analytics IG Corporate Bond ETF,North America,21.20,392,2832,19028970.00,0.20,0.12,-0.21,-0.89,-1.14,-2.33,-1.69,0.26
AGGS,Harbor Disciplined Bond ETF,North America,40.56,16,1112,38418000.00,0.35,0.19,-0.21,-0.61,-1.27,-2.49,-1.63,0.31
FLHY,Franklin High Yield Corporate ETF,Global,24.19,571677,296264,1153544500.00,0.40,0.17,-0.21,-0.29,-0.33,-0.98,-0.94,0.96
BRIB,FIS Bright Portfolios Core Bond ETF,North America,24.92,534,21899,49793200.00,0.49,0.06,-0.22,-0.74,-0.02,-0.02,-0.02,-0.02
IBTP,iShares iBonds Dec 2034 Term Treasury ETF,North America,25.18,62993,67993,272476050.00,0.07,0.20,-0.22,-1.31,-2.53,-2.99,-2.57,0.26
HDMV,First Trust Horizon Managed Volatility Developed International ETF,Developed markets,36.93,87,690,16530373.47,0.80,0.76,-0.22,-2.26,0.07,5.05,3.96,4.25
STPZ,PIMCO 1-5 Year U.S. TIPS Index Exchange-Traded Fund,North America,53.45,109929,81922,503216400.00,0.20,0.06,-0.22,-1.31,-1.26,-0.63,-0.37,0.32
XCCC,BondBloxx CCC-Rated USD High Yield Corporate Bond ETF,North America,36.59,1700528,425012,263820152.50,0.40,0.37,-0.22,-1.00,-0.35,-4.46,-3.91,-3.84
SCEC,Sterling Capital Enhanced Core Bond ETF,North America,24.86,74088,122934,571179000.00,0.39,0.14,-0.22,-0.92,-1.49,-2.26,-1.94,0.30
MBSD,FlexShares Disciplined Duration MBS Index Fund,North America,20.54,3198,12118,93189480.48,0.20,0.15,-0.22,-0.75,-1.18,-1.42,-1.23,0.91
WTBN,WisdomTree Bianco Total Return Fund,Global,25.06,2732,31091,106275500.00,0.60,0.16,-0.22,-1.01,-1.71,-2.13,-1.63,-0.18
KAPR,Innovator U.S. Small Cap Power Buffer ETF - April,North America,38.85,5274,9868,213259462.50,0.79,-0.01,-0.22,0.53,8.66,10.39,10.45,21.20
CAFX,Congress Intermediate Bond ETF,North America,24.64,3933,35736,324322896.00,0.35,0.04,-0.22,-0.71,-1.38,-1.46,-1.54,-0.18
BBEU,JPMorgan BetaBuilders Europe ETF,Europe,77.07,408209,471684,8976629069.76,0.09,0.40,-0.22,0.20,4.20,6.30,4.22,13.81
CGMS,Capital Group U.S. Multi-Sector Income ETF,North America,27.38,1187862,1028643,4981703833.44,0.39,0.22,-0.22,-0.58,-0.33,-1.30,-1.01,0.59
QHY,WisdomTree U.S. High Yield Corporate Bond Fund,North America,45.85,13337,18397,233641200.00,0.38,0.15,-0.22,-0.38,-0.48,-1.53,-1.19,0.67
XCLR,Global X S&P 500 Collar 95-110 ETF,North America,27.51,2852,1225,3309102.92,0.25,-0.20,-0.22,1.03,3.85,-9.71,2.04,-0.43
VWOB,Vanguard Emerging Markets Government Bond ETF,Emerging markets,66.67,516542,532938,6066050438.78,0.15,0.35,-0.22,-0.67,-0.60,-1.32,-1.24,4.20
APRJ,Innovator Premium Income 30 Barrier ETF - April,North America,25.07,5064,10508,32617000.00,0.79,-0.06,-0.22,0.38,1.25,0.65,1.91,1.06
EJUL,Innovator Emerging Markets Power Buffer ETF July,Emerging markets,31.03,4396,16852,275416987.50,0.89,-0.03,-0.22,0.20,3.15,5.44,4.16,16.31
DIAL,Columbia Diversified Fixed Income Allocation ETF,Global,18.08,31886,71903,392150325.00,0.29,0.23,-0.22,-0.93,-1.36,-1.95,-1.53,1.18
SPSK,SP Funds Dow Jones Global Sukuk ETF,Global,17.96,1148391,428929,606503820.00,0.50,0.17,-0.22,-0.66,-0.66,-3.28,-1.80,-0.50
XOCT,FT Vest U.S. Equity Enhance & Moderate Buffer ETF - October,North America,39.19,414,1644,74578878.50,0.85,-0.15,-0.22,0.44,3.90,4.54,3.71,11.44
FTSL,First Trust Senior Loan Fund,Global,44.91,367809,197533,2304242189.83,0.70,-0.06,-0.22,-0.64,-0.18,-2.45,-2.20,-2.14
MBB,iShares MBS ETF,North America,93.89,3018662,2411356,39041835350.00,0.04,0.20,-0.22,-1.11,-1.70,-1.64,-1.55,2.30
ISEP,Innovator International Developed Power Buffer ETF September,Developed markets,34.08,445,30424,64793230.00,0.85,0.01,-0.23,0.24,2.95,5.42,4.20,11.89
BTR,Beacon Tactical Risk ETF,North America,27.31,601,3567,33975000.00,1.08,0.43,-0.23,0.22,3.94,5.79,7.13,16.54
AAA,Alternative Access First Priority CLO Bond ETF,North America,24.94,7660,10048,39971072.28,0.19,-0.09,-0.23,0.01,-0.31,-0.23,-0.15,-0.15
XLEI,State Street Energy Select Sector SPDR Premium Income ETF,North America,26.57,74624,41057,30319218.84,0.35,-1.35,-0.23,2.54,0.79,6.06,10.15,5.89
MYCO,State Street My2035 Corporate Bond ETF,North America,24.33,712,1351,6058342.50,0.15,0.28,-0.23,-1.02,-1.50,-2.33,-1.94,-2.72
PFM,Invesco Dividend Achievers ETF,North America,55.12,21001,20121,772553300.00,0.52,0.27,-0.23,1.74,5.07,6.35,6.66,16.71
QALT,SEI DBi Multi-Strategy Alternative ETF,Global,26.09,10327,7737,191469564.38,0.80,-0.29,-0.23,1.48,3.57,0.23,4.19,53.11
DWWN,Principal Long Duration ETF,North America,25.85,1,,10210025.52,0.19,-0.48,-0.23,3.07,3.07,3.07,3.07,3.07
JNK,State Street SPDR Bloomberg High Yield Bond ETF,North America,95.92,2888693,2807408,7666230898.55,0.40,0.13,-0.23,-0.42,-0.33,-1.40,-1.44,0.32
EMFI,Pictet Emerging Markets Debt ETF,Emerging markets,50.36,1040,,17509730.00,0.50,-0.29,-0.23,-0.14,0.44,0.44,0.44,0.44
CCFE,Concourse Capital Focused Equity ETF,North America,27.43,10,1158,38706553.20,0.95,0.89,-0.23,-1.63,0.87,-0.63,2.64,10.13
APLU,Allspring Core Plus ETF,Global,24.53,23516,60435,422845562.00,0.31,0.15,-0.23,-1.03,-1.55,-2.68,-1.78,-0.01
AOHY,Angel Oak High Yield Opportunities ETF,Global,11.02,60709,46976,122404211.57,0.55,0.00,-0.23,-1.03,-0.32,-1.03,-0.68,-0.14
HYS,PIMCO 0-5 Year High Yield Corporat Bond Index Exchange-Traded Fund,North America,93.06,81482,128923,1674540000.00,0.56,0.08,-0.23,-0.50,-0.62,-1.97,-2.00,-0.52
HBRD,Invesco U.S. Hybrid Bond ETF,North America,24.61,2,,14694630.96,0.40,-0.20,-0.24,-0.16,-1.12,-1.82,-1.82,-1.82
EFAD,ProShares MSCI EAFE Dividend Growers ETF,Developed markets,42.70,3429,2782,61041838.00,0.50,1.03,-0.24,-0.14,2.35,1.64,2.34,-0.37
IBDX,iShares iBonds Dec 2032 Term Corporate ETF,North America,25.02,225427,220305,1663282608.70,0.10,0.24,-0.24,-0.99,-1.84,-2.38,-2.23,1.05
OCTM,FT Vest U.S. Equity Max Buffer ETF - October,North America,33.46,235,1024,31826967.00,0.85,-0.08,-0.24,0.18,2.39,2.72,2.45,8.08
ZAPR,Innovator Equity Defined Protection ETF - 1 Yr April,North America,26.56,2787,31247,64392965.00,0.79,-0.04,-0.24,0.30,2.31,3.43,3.01,6.82
FLAG,Global X S&P 500 U.S. Market Leaders Top 50 ETF,North America,27.74,527,212,1660120.24,0.29,0.27,-0.24,2.14,2.11,-1.06,0.61,6.50
INKM,State Street Income Allocation ETF,Global,34.51,1837,11016,71991544.35,0.50,0.35,-0.24,-0.16,1.04,2.97,4.61,6.93
INDZ,VanEck India Select ETF,Asia-Pacific,24.09,4134,3311,2854308.00,0.75,1.41,-0.24,-2.84,1.59,-1.77,-1.77,-1.77
MHIG,Milliman Healthcare Inflation Guard ETF,Global,19.86,600,,992765.00,0.55,-0.09,-0.24,-1.19,-2.06,-2.06,-2.06,-2.06
EMOT,First Trust S&P 500 Economic Moat ETF,North America,25.89,1034,663,2580151.60,0.60,0.36,-0.24,2.56,5.36,6.76,8.91,15.69
ZSEP,Innovator Equity Defined Protection ETF - 1 Yr September,North America,27.43,9687,28828,127642500.00,0.79,-0.05,-0.24,0.26,1.93,2.71,2.20,7.23
AGZD,WisdomTree Interest Rate Hedged U.S. Aggregate Bond Fund,North America,22.64,4811,65051,106252900.00,0.23,-0.13,-0.24,-0.07,0.47,0.87,0.56,1.59
CALF,Pacer US Small Cap Cash Cows ETF,North America,50.04,528149,531775,3491801500.00,0.59,0.06,-0.24,4.08,11.80,10.24,12.15,26.05
QMID,WisdomTree U.S. MidCap Quality Growth Fund,North America,28.87,145,1940,2146800.00,0.38,0.85,-0.24,1.08,3.66,-1.54,1.76,9.08
LDRT,iShares iBonds 1-5 Year Treasury Ladder ETF,North America,25.04,14631,76008,127899719.68,0.07,0.06,-0.24,-0.48,-0.91,-1.22,-1.38,-0.19
CPLS,AB Core Plus Bond ETF,North America,34.97,6336,12538,214289692.85,0.30,0.25,-0.24,-0.92,-1.37,-2.38,-1.67,0.45
IVOG,Vanguard S&P Mid-Cap 400 Growth ETF,North America,140.47,15826,29226,1615394400.00,0.10,0.40,-0.25,-0.17,10.24,14.47,15.91,25.55
SRHQ,SRH U.S. Quality GARP ETF,North America,44.84,1139,398,195098521.20,0.35,1.20,-0.25,2.31,10.61,10.28,12.78,22.42
PSFJ,Pacer Swan SOS Flex (July) ETF,North America,34.90,1021,1150,34950000.00,0.49,0.05,-0.25,0.69,5.23,5.46,5.08,16.25
SCYB,Schwab High Yield Bond ETF,North America,26.06,2091922,1167899,2574728000.00,0.03,0.13,-0.25,-0.44,-0.40,-1.60,-1.53,-0.13
HYLB,Xtrackers USD High Yield Corporate Bond ETF,North America,36.34,1127928,1258940,3458257098.83,0.05,0.08,-0.25,-0.52,-0.57,-1.49,-1.46,0.08
KMAR,Innovator U.S. Small Cap Power Buffer ETF - March,North America,31.32,4206,9521,36883250.00,0.79,0.19,-0.25,0.38,7.26,8.41,9.05,21.82
OOSP,Obra Opportunistic Structured Products ETF,Global,10.12,4007,7208,150311129.00,0.91,0.00,-0.25,-0.54,-0.25,-0.05,-0.05,0.34
SCHY,Schwab International Dividend Equity ETF,Global Ex-U.S.,32.09,430192,455896,2256744000.00,0.08,0.72,-0.25,-0.28,0.79,8.82,7.07,17.42
VBCG,Vanguard Target Maturity 2033 Corporate Bond ETF,North America,75.00,3754,2892,8974800.00,0.08,0.23,-0.25,-0.97,0.22,0.22,0.22,0.22
TABD,Transamerica Bond Active ETF,Global,24.90,702,1090,148860000.00,0.39,0.18,-0.25,-0.62,-1.33,-0.82,-0.97,-0.82
FSEC,Fidelity Investment Grade Securitized ETF,Global,43.74,172452,242296,4440325643.32,0.36,0.32,-0.25,-0.86,-1.11,-1.46,-0.84,2.41
XIDE,FT Vest U.S. Equity Buffer & Premium Income ETF - December,North America,30.23,223,2282,24192860.48,0.85,-0.12,-0.25,-0.22,1.48,-0.00,0.23,0.36
DDNQ,Innovator Growth-100 Dual Directional 5 Buffer ETF - Quarterly,North America,20.63,3204,10586,51586000.00,0.79,-0.30,-0.25,10.90,4.28,4.07,4.07,4.07
ZDEK,Innovator Equity Defined Protection ETF - 1 Yr December,North America,26.30,27855,8271,113852597.50,0.79,-0.11,-0.25,0.07,1.92,2.35,2.23,8.52
BKFI,BNY Mellon Active Core Bond ETF,Global,23.71,36962,80941,265536718.38,0.40,0.09,-0.25,-0.92,-1.78,-2.35,-2.35,-2.35
JPMB,JPMorgan USD Emerging Markets Sovereign Bond ETF,Emerging markets,39.93,26856,8456,63648000.00,0.39,0.32,-0.26,-0.60,-0.33,-1.20,-1.17,4.71
DXJ,WisdomTree Japan Hedged Equity Fund,Asia-Pacific,169.55,401624,335627,6834647100.00,0.48,-0.21,-0.26,1.81,7.08,19.33,16.62,49.04
TJAN,Innovator Equity Defined Protection ETF - 2 Yr to January 2027,North America,28.02,115,1237,32239330.00,0.79,0.01,-0.26,0.28,2.67,3.00,2.45,7.85
SPHY,State Street SPDR Portfolio High Yield Bond ETF,North America,23.31,2674190,4710606,11026329508.40,0.05,0.09,-0.26,-0.47,-0.51,-1.77,-1.65,-0.43
IJAN,Innovator International Developed Power Buffer ETF January,Developed markets,37.54,3929,9667,261352700.00,0.85,0.01,-0.26,-0.15,3.57,4.49,2.83,10.94
LQTI,FT Vest Investment Grade & Target Income ETF,North America,19.24,56310,76512,286382238.31,0.65,0.10,-0.26,-1.18,-2.63,-4.23,-3.80,-3.27
KDEC,Innovator U.S. Small Cap Power Buffer ETF - December,North America,27.72,10340,11288,81888165.00,0.79,0.03,-0.26,0.72,7.22,7.14,8.31,16.70
RESM,Columbia Research Enhanced Small Cap ETF,North America,22.96,328,251,3424981.28,0.32,0.51,-0.26,0.43,12.43,11.45,15.49,11.45
TEMD,Templeton Emerging Markets Debt ETF,Emerging markets,24.80,6,778,49566000.00,0.45,-0.12,-0.26,-1.17,-1.21,-1.80,-1.80,-1.80
BTOT,iShares Total USD Fixed Income Market ETF,North America,49.31,533,1594,24575850.00,0.09,0.18,-0.26,-0.86,-1.25,-1.70,-1.62,-1.70
IBGL,iShares iBonds Dec 2055 Term Treasury ETF,North America,23.69,222,896,5884905.75,0.07,0.57,-0.26,-0.92,-2.71,-3.86,-2.11,-0.77
FPEI,First Trust Institutional Preferred Securities and Income ETF,Global,19.20,201176,313539,1883624638.32,0.85,0.00,-0.26,-0.62,-0.47,-1.13,-1.18,2.02
JETS,U.S. Global Jets ETF,Global,28.56,4821742,3867659,831600000.00,0.60,3.10,-0.26,3.25,12.40,2.00,1.13,22.21
QCLR,Global X NASDAQ 100 Collar 95-110 ETF,North America,28.76,49,2331,4034405.15,0.25,-0.07,-0.26,0.65,3.06,-12.64,1.29,-3.70
NDIV,Amplify Natural Resources Dividend Income ETF,Global,33.66,23348,18250,27718231.50,0.59,-1.06,-0.26,-3.99,-1.00,19.58,25.63,20.17
MYCK,State Street My2031 Corporate Bond ETF,North America,24.68,427,1625,18465882.75,0.15,0.19,-0.26,-0.84,-1.38,-1.83,-1.67,0.98
QBSV,AllianzIM U.S Equity Buffer5 ETF,North America,26.48,9096,32319,21850702.50,0.64,-0.11,-0.26,0.38,5.16,5.16,5.16,5.16
NEWZ,StockSnips AI-Powered Sentiment US All Cap ETF,North America,28.71,2334,1176,18385408.00,0.75,-0.07,-0.26,-1.29,2.67,4.40,4.88,2.12
IHY,VanEck International High Yield Bond ETF,Global Ex-U.S.,21.69,3020,23231,43382000.00,0.40,0.17,-0.26,-0.97,-0.47,-1.29,-1.29,0.08
NBIE,Neuberger International Core Equity ETF,Developed markets,25.82,42509,24293,236027935.80,0.29,0.06,-0.26,-0.06,3.44,5.58,5.58,5.58
KNOV,Innovator U.S. Small Cap Power Buffer ETF - November,North America,30.91,15293,10709,109283107.50,0.79,0.06,-0.26,0.42,7.44,7.10,8.53,22.56
FDHY,Fidelity Enhanced High Yield ETF,Global,48.87,66389,81793,525244935.50,0.35,-0.02,-0.27,0.16,-0.18,-1.11,-1.03,0.97
FVC,First Trust Dorsey Wright Dynamic Focus 5 ETF,Global,41.58,1081,2358,110862833.67,0.87,-0.58,-0.27,4.80,15.23,13.09,13.91,17.45
NJUL,Innovator Growth-100 Power Buffer ETF - July,North America,76.90,4813,4254,213756585.00,0.79,-0.16,-0.27,0.54,5.33,6.05,5.41,18.00
INCM,Franklin Income Focus ETF,Global,29.17,289617,381859,1563427050.00,0.38,0.38,-0.27,-0.41,0.41,3.96,3.77,9.21
CPSM,Calamos S&P 500 Structured Alt Protection ETF May,North America,29.20,4405,12473,54712529.18,0.69,-0.03,-0.27,0.07,1.39,2.36,1.96,5.72
GRNB,VanEck Green Bond ETF,Global,23.96,13596,27846,179403750.00,0.20,0.08,-0.27,-0.81,-0.85,-1.86,-1.54,0.36
GENW,Genter Capital International Dividend ETF,Global,14.82,244,1723,4882732.80,0.38,0.16,-0.27,0.88,4.88,11.55,10.02,24.12
VBCH,Vanguard Target Maturity 2034 Corporate Bond ETF,North America,75.08,3295,3070,5986400.00,0.08,0.26,-0.27,-1.05,0.11,0.11,0.11,0.11
SOXX,iShares PHLX SOX Semiconductor Sector Index Fund,North America,562.14,24548093,9502038,40618560660.30,0.34,-1.63,-0.27,11.48,65.09,79.71,82.18,156.30
VBCI,Vanguard Target Maturity 2035 Corporate Bond ETF,North America,75.14,1539,3385,11976000.00,0.08,0.31,-0.27,-1.03,0.31,0.31,0.31,0.31
TCHI,iShares MSCI China Multisector Tech ETF,Asia-Pacific,25.10,19222,16153,44083323.00,0.59,2.42,-0.27,0.65,8.95,4.77,3.77,30.13
IFLN,Invesco Bloomberg Enhanced Fallen Angels ETF,North America,18.21,16220,178584,318342500.00,0.23,0.11,-0.27,-0.65,-0.16,-2.31,-2.31,-0.11
VBCJ,Vanguard Target Maturity 2036 Corporate Bond ETF,North America,75.06,2667,4266,8974800.00,0.08,0.33,-0.27,-1.07,0.21,0.21,0.21,0.21
LGOV,First Trust Long Duration Opportunities ETF,North America,21.29,196304,179493,649301442.44,0.49,0.54,-0.28,-1.93,-2.79,-3.14,-2.56,1.72
TOTL,State Street DoubleLine Total Return Tactical ETF,Global,39.15,514301,399498,4131191961.60,0.55,0.18,-0.28,-1.19,-2.39,-3.14,-2.83,-0.79
IBGM,iShares iBonds Dec 2056 Term Treasury ETF,North America,24.61,10,1059,3669217.05,0.07,0.56,-0.28,-1.11,-0.35,-0.35,-0.35,-0.35
HYHG,ProShares High Yield Interest Rate Hedged,North America,64.53,13751,14704,174361950.00,0.50,-0.65,-0.28,-0.08,0.42,0.22,0.20,0.20
IBHL,iShares iBonds 2032 Term High Yield and Income ETF,North America,25.25,2704,5207,21385833.40,0.35,0.04,-0.28,-0.82,-0.59,-1.87,-1.94,0.24
MLDR,Global X Intermediate-Term Treasury Ladder ETF,North America,48.40,47,446,8689697.89,0.12,0.18,-0.28,-1.09,-2.11,-2.58,-2.45,-0.32
NFLT,Virtus Newfleet Multi-Sector Bond ETF,Global,22.89,155825,93386,429956091.48,0.50,0.18,-0.28,-0.91,-0.78,-0.95,-1.29,1.55
IBHM,iShares iBonds 2033 Term High Yield and Income ETF,North America,25.22,6885,3471,12569840.00,0.35,0.12,-0.28,-0.75,0.92,0.92,0.92,0.92
MYHD,State Street My2030 High Yield Corporate Bond ETF,North America,24.90,737,569,4971989.60,0.39,0.06,-0.28,-0.42,-0.22,-0.46,-0.46,-0.46
KJAN,Innovator U.S. Small Cap Power Buffer ETF - January,North America,44.66,4776,7014,328241445.00,0.79,0.10,-0.28,0.60,6.65,5.37,7.37,20.10
CIEI,Corgi 3-7 Year Treasury Bond ETF,North America,24.98,1,,997148.00,0.05,0.16,-0.28,-0.28,-0.28,-0.28,-0.28,-0.28
ZMAY,Innovator Equity Defined Protection ETF - 1 Yr May,North America,25.88,23640,209359,96978375.00,0.79,-0.07,-0.28,-0.01,1.24,2.28,1.88,5.32
BUFH,FT Vest Laddered Max Buffer ETF,North America,21.31,5605,8553,54373692.65,0.95,-0.09,-0.28,0.16,1.77,2.40,2.16,6.07
CIVG,Corgi 1-5 Year Investment Grade Corporate Bond ETF,North America,24.97,5,,997484.00,0.05,0.12,-0.28,-0.28,-0.28,-0.28,-0.28,-0.28
CGCV,Capital Group Conservative Equity ETF,North America,32.04,242592,265836,1761739650.72,0.33,0.53,-0.28,1.46,3.59,4.91,4.77,14.10
JFLX,JPMorgan Flexible Debt ETF,Global,50.04,54888,94913,1345415200.08,0.45,0.16,-0.28,-0.22,-0.10,-0.40,-0.44,-0.15
PCY,Invesco Emerging Markets Sovereign Debt ETF,Emerging markets,21.51,360547,297096,1389636000.00,0.50,0.51,-0.28,-0.74,-0.23,-1.24,-1.01,8.36
LDRC,iShares iBonds 1-5 Year Corporate Ladder ETF,North America,25.12,20053,26267,83223396.16,0.10,0.04,-0.28,-0.40,-0.83,-0.71,-0.91,0.28
REMC,Columbia Research Enhanced Mid Cap ETF,North America,21.97,200,255,3272635.52,0.32,0.78,-0.28,2.31,9.56,6.95,8.96,6.95
BKMC,BNY Mellon US Mid Cap Core Equity ETF,North America,119.69,7157,9438,642437500.00,0.04,0.82,-0.29,0.57,6.48,7.34,9.40,18.74
IOCT,Innovator International Developed Power Buffer ETF - October,Developed markets,36.42,6503,12238,172028272.50,0.85,-0.05,-0.29,0.07,2.98,5.18,4.07,12.42
HYUP,Xtrackers High Beta High Yield Bond ETF,North America,41.55,5945,7692,43478441.41,0.20,0.15,-0.29,-0.60,-0.63,-1.55,-1.71,-0.24
NBTR,Neuberger Total Return Bond ETF,North America,49.77,2,272,54589969.63,0.38,0.16,-0.29,-0.80,-1.51,-2.16,-1.65,0.12
SEPM,FT Vest U.S. Equity Max Buffer ETF - September,North America,32.66,211,2492,31049865.37,0.85,-0.11,-0.29,0.28,2.43,3.01,2.62,7.14
CBON,VanEck China Bond ETF,Asia-Pacific,23.87,3456,9310,23746800.00,0.50,0.08,-0.29,1.27,2.76,5.39,4.33,7.39
VGK,Vanguard FTSEEuropean ETF,Europe,87.88,4819497,3225633,29434092493.11,0.06,0.41,-0.29,-0.09,4.14,5.91,4.10,13.54
KSTR,KraneShares SSE STAR Market 50 Index ETF,Asia-Pacific,23.80,778800,543974,211620925.86,0.89,3.16,-0.29,-0.21,19.96,30.34,25.79,72.59
INVG,GMO Systematic Investment Grade Credit ETF,Global,25.34,659,8914,27788860.00,0.25,0.30,-0.29,-0.49,-0.57,-2.04,-1.23,1.14
USLN,iShares Broad USD Floating Rate Loan ETF,North America,50.54,2,424,22684140.00,0.40,-0.05,-0.29,-0.37,-0.14,0.18,0.18,0.18
NBFC,Neuberger Flexible Credit Income ETF,Global,50.59,111,906,74380760.43,0.40,0.03,-0.29,-0.43,-0.20,-2.22,-1.44,0.19
CPSL,Calamos Laddered S&P 500 Structured Alt Protection ETF,North America,27.84,28589,22736,112136527.86,0.79,0.00,-0.29,0.09,1.87,2.58,2.05,6.86
ZTOP,F/m High Yield 100 ETF,North America,51.74,12,1065,16527424.00,0.39,0.15,-0.29,-0.57,-0.33,-1.06,-0.89,-0.05
PAUG,Innovator U.S. Equity Power Buffer ETF - August,North America,45.22,14905,23783,885304155.00,0.79,-0.09,-0.29,0.52,4.41,4.99,4.31,14.28
GIND,Goldman Sachs India Equity ETF,Asia-Pacific,23.28,2529,7635,155147500.00,0.75,0.75,-0.30,-4.86,-0.81,-11.35,-12.15,-14.94
EMB,iShares J.P. Morgan USD Emerging Markets Bond ETF,Emerging markets,95.67,6926115,6710158,13882791380.00,0.39,0.41,-0.30,-0.53,-0.46,-0.71,-0.86,5.60
CLOB,VanEck AA-BB CLO ETF,Global,50.39,7758,9550,176396500.00,0.45,-0.08,-0.30,0.11,0.77,-0.53,-0.71,-0.30
PRF,Invesco RAFI US 1000 ETF,North America,53.24,407611,580630,9539169090.00,0.34,0.00,-0.30,1.66,10.14,12.65,13.01,28.75
APXM,FT Vest U.S. Equity Max Buffer ETF - April,North America,31.62,2660,7469,17378963.20,0.85,0.06,-0.30,0.19,1.27,2.25,1.80,5.21
FLXN,Horizon Flexible Income ETF,North America,24.92,4410,17873,49045711.00,0.82,0.06,-0.30,-0.58,-1.85,-4.28,-1.79,-0.66
XAUG,FT Vest U.S. Equity Enhance & Moderate Buffer ETF - August,North America,38.82,838,1855,51504152.74,0.85,-0.13,-0.30,0.36,3.53,4.50,3.80,10.13
FTRB,Federated Hermes Total Return Bond ETF,North America,25.02,32336,166787,582300400.00,0.39,0.18,-0.30,-0.93,-1.52,-1.92,-1.48,1.13
XRMI,Global X S&P 500 Risk Managed Income ETF,North America,17.15,20744,11771,49692609.30,0.60,-0.30,-0.30,-0.35,-2.84,-4.20,-3.93,-3.66
BBLB,JPMorgan BetaBuilders U.S. Treasury Bond 20+ Year ETF,North America,80.51,360,654,31000000.00,0.04,0.54,-0.30,-1.14,-2.10,-3.31,-2.29,-0.54
AGRH,iShares Interest Rate Hedged US Aggregate Bond ETF,North America,26.27,7605,1148,7874760.00,0.13,0.08,-0.30,0.13,0.77,0.23,0.29,1.76
VBCE,Vanguard Target Maturity 2031 Corporate Bond ETF,North America,75.22,4115,11132,37510000.00,0.08,0.17,-0.30,-0.88,0.22,0.22,0.22,0.22
FMDE,Fidelity Enhanced Mid Cap Core ETF,North America,39.46,1562987,816988,6952669689.97,0.23,0.54,-0.30,1.57,7.84,7.40,8.11,16.68
PMJA,PGIM S&P 500 Max Buffer ETF - January,North America,27.32,2,973,5468027.34,0.50,-0.02,-0.30,0.33,1.79,2.69,1.94,7.22
FUSI,American Century Multisector Floating Income ETF,Global,50.48,1457,3116,22671765.00,0.27,-0.09,-0.30,0.24,0.54,0.15,0.27,0.12
FOXY,Simplify Currency Strategy ETF,Global,28.95,47652,54587,312141628.90,0.81,-0.10,-0.31,-0.38,-3.05,2.48,6.79,8.92
IBDZ,iShares iBonds Dec 2034 Term Corporate ETF,North America,25.87,100780,171298,863643400.00,0.10,0.31,-0.31,-0.92,-1.45,-2.27,-2.04,1.37
GMOV,GMO US Value ETF,North America,30.15,11780,12580,96238080.00,0.50,0.26,-0.31,1.64,7.15,8.79,9.62,23.00
PBAU,PGIM S&P 500 Buffer 20 ETF - August,North America,31.16,143,6400,25904331.21,0.50,-0.07,-0.31,0.62,3.94,4.36,4.05,13.00
NOVM,FT Vest U.S. Equity Max Buffer ETF - November,North America,33.60,12,1894,27724192.21,0.85,-0.11,-0.31,0.31,1.94,2.41,2.25,8.14
DDFO,Innovator Equity Dual Directional 15 Buffer ETF - October,North America,22.33,6384,14938,98978400.00,0.79,-0.09,-0.31,0.36,3.14,3.72,3.14,5.28
AIRR,First Trust RBA American Industrial Renaissance ETF,North America,127.72,559920,746941,10581638456.21,0.69,-0.33,-0.31,-2.22,14.09,25.87,28.98,59.65
TOCT,Innovator Equity Defined Protection ETF - 2 Yr to October 2027,North America,26.96,1632,2731,20233425.00,0.79,-0.11,-0.31,-0.11,1.56,1.72,1.45,1.95
FXED,Sound Enhanced Fixed Income ETF,Global,17.43,1828,11606,39519707.50,1.89,0.03,-0.31,-2.11,-0.03,-4.73,-1.94,-2.65
SCOW,Pacer S&P SmallCap 600 Quality FCF Aristocrats ETF,North America,20.89,3015,2109,1558477.50,0.59,0.45,-0.31,2.00,7.34,1.58,5.79,3.81
FXB,Invesco CurrencyShares British Pound Sterling Trust,Europe,128.62,16998,40337,76944000.00,0.40,0.33,-0.31,-1.80,-0.26,-0.29,-0.77,-1.08
BEMB,iShares J.P. Morgan Broad USD Emerging Markets Bond ETF,Emerging markets,53.10,1474,1189,42369920.00,0.15,0.18,-0.32,-0.72,-0.73,-1.51,-1.63,1.99
GOVM,iShares 1-10 Year Treasury Bond ETF,North America,24.96,1,,4989546.60,0.05,-0.30,-0.32,-0.22,-0.22,-0.22,-0.22,-0.22
QCJL,FT Vest Nasdaq-100 Conservative Buffer ETF - July,North America,24.87,66034,8030,66064549.86,0.90,-0.16,-0.32,0.27,4.58,5.25,4.94,14.03
GXPE,Global X PureCap MSCI Energy ETF,North America,33.57,2947,858,1363768.00,0.15,-1.52,-0.32,2.72,2.73,24.79,25.67,32.33
AJAN,Innovator Equity Defined Protection ETF - 2 Yr to January 2028,North America,28.30,3445,3739,44575492.50,0.79,-0.09,-0.32,0.14,1.54,2.01,1.43,5.59
ACYS,FT Vest Laddered Autocallable Barrier & Resilient Income ETF,North America,20.35,218131,174418,83102940.54,0.75,-0.29,-0.32,0.30,1.14,1.14,1.14,1.14
MBBA,iShares Mortgage-Backed Securities Active ETF,North America,49.31,334191,17686,124216855.93,0.25,0.07,-0.32,-1.00,-1.64,-1.42,-1.42,-1.42
IJK,iShares S&P Mid-Cap 400 Growth ETF,North America,113.09,213794,294009,10802459444.70,0.17,0.60,-0.32,0.01,10.31,14.68,16.00,25.29
GVLE,Goldman Sachs Value Opportunities ETF,North America,45.36,696,1779,39083683.32,0.45,0.31,-0.32,2.85,11.33,10.01,10.98,14.67
SPCZ,RiverNorth Enhanced Pre-Merger SPAC ETF,North America,25.81,2288,1332,6354908.00,0.90,-0.29,-0.32,-0.00,1.00,-9.66,0.66,-7.21
LODI,AAM SLC Low Duration Income ETF,North America,25.17,80801,15591,85953457.50,0.15,-0.10,-0.32,-0.36,-0.47,-0.44,-0.28,0.56
SJCP,SanJac Alpha Core Plus Bond ETF,North America,25.04,254,6291,7525590.00,0.65,-0.02,-0.32,-0.67,-1.13,-1.13,-0.46,-0.02
BJUL,Innovator U.S. Equity Buffer ETF - July,North America,53.74,6319,23268,274482000.00,0.79,-0.11,-0.32,0.82,5.69,6.26,5.59,18.02
HYFI,AB High Yield ETF,Global,37.23,28979,37086,339901760.29,0.40,0.23,-0.32,-0.51,-0.29,-1.36,-1.12,0.73
YLD,Principal Active High Yield ETF,Global,18.94,98006,198547,561566950.00,0.39,0.11,-0.32,-0.37,-0.21,-0.79,-0.37,-0.21
SCMC,Sterling Capital Multi-Strategy Income ETF,Global,24.94,151272,22933,200203500.00,0.55,0.00,-0.32,-0.60,-0.64,-0.48,-0.42,-0.48
ICPY,"Tweedy, Browne International Insider + Value ETF",Global,12.21,5002,7528,69698460.00,0.80,-0.33,-0.33,0.46,6.92,15.95,12.22,22.34
MMAX,iShares Large Cap Max Buffer Mar ETF,North America,26.98,1092,6575,72308820.04,0.50,-0.11,-0.33,0.04,1.98,2.01,2.98,5.80
PBDC,Putnam BDC Income ETF,North America,27.21,64860,151957,279822600.00,13.49,0.55,-0.33,-2.82,0.55,-15.50,-11.17,-19.04
NFTY,First Trust India Nifty 50 Equal Weight ETF,Asia-Pacific,52.46,24873,36579,130675104.54,0.80,0.48,-0.33,-3.47,-3.58,-9.56,-10.71,-11.66
GCAD,Gabelli Commercial Aerospace and Defense ETF,North America,54.26,33836,7676,33354375.00,0.10,1.48,-0.33,4.26,-2.13,17.12,16.39,32.34
TMFM,Motley Fool Mid-Cap Growth ETF,North America,21.35,33986,13415,113134786.60,0.85,1.33,-0.33,1.14,0.57,-11.26,-9.26,-19.80
TDTT,FlexShares iBoxx 3 Year Target Duration TIPS Index Fund,North America,23.95,306568,197044,2551214946.80,0.18,0.00,-0.33,-1.48,-1.40,-0.75,-0.46,-0.04
DECM,FT Vest U.S. Equity Max Buffer ETF - December,North America,33.58,3,1649,53764867.21,0.85,-0.06,-0.33,0.13,2.05,2.71,2.17,7.57
DDFD,Innovator Equity Dual Directional 15 Buffer ETF - December,North America,19.83,8496,24847,110223555.00,0.79,-0.13,-0.33,0.38,3.63,3.96,3.36,4.37
IGCB,TCW Corporate Bond ETF,Global,45.58,9,136,39118768.72,0.35,0.18,-0.33,-0.70,-1.14,-2.30,-1.78,0.41
SUPP,TCW Transform Supply Chain ETF,Global,83.30,358,273,12461580.00,0.75,0.45,-0.33,0.47,13.00,15.76,16.88,28.31
SIXO,AllianzIM U.S. Large Cap 6 Month Buffer10 Apr/Oct ETF,North America,35.60,6603,288917,125543227.50,0.74,-0.03,-0.33,0.56,2.62,3.43,2.21,8.73
IQHI,IQ MacKay ESG High Income ETF,Global,25.84,424,9214,117740350.00,0.41,-0.08,-0.33,-0.48,-0.48,-1.90,-1.43,-0.60
KFEB,Innovator U.S. Small Cap Power Buffer ETF - February,North America,30.27,7219,19880,43216972.50,0.79,0.05,-0.33,0.56,6.88,8.45,10.67,22.78
LLDR,Global X Long-Term Treasury Ladder ETF,North America,44.34,561,379,36572246.13,0.12,0.37,-0.34,-1.15,-2.34,-3.30,-2.67,-0.05
MAUG,Pacer Swan SOS Moderate (August) ETF,North America,32.33,1,,1616030.00,0.49,-0.34,-0.34,0.45,1.05,1.05,1.05,1.05
MYHE,State Street My2031 High Yield Corporate Bond ETF,North America,24.80,766,929,4952940.40,0.39,0.07,-0.34,-0.54,-0.44,-0.85,-0.85,-0.85
CLOZ,Eldridge BBB-B CLO ETF,North America,26.31,185514,270858,683298000.00,0.50,-0.08,-0.34,-0.53,2.77,-0.72,-0.94,-1.64
DGOC,FT Vest U.S. Equity Buffer & Digital Return ETF - October,North America,32.30,402,803,4844464.59,0.85,0.05,-0.34,0.34,3.48,4.15,3.76,5.21
FLAO,AllianzIM U.S. Equity 6 Month Floor5 Apr/Oct ETF,North America,28.10,3,556,8437020.00,0.74,-0.02,-0.34,0.37,-1.35,-1.04,-1.25,3.74
WABF,Western Asset Bond ETF,Global,24.78,302,962,16083600.00,0.35,0.14,-0.34,-1.33,-2.38,-2.66,-2.13,0.30
ZCBB,Global X Zero Coupon Bond 2031 ETF,North America,49.03,242,21,977942.00,0.07,0.17,-0.34,-1.20,-2.18,-1.95,-1.95,-1.95
GJUL,FT Vest U.S. Equity Moderate Buffer ETF - July,North America,43.13,5936,19239,382258136.39,0.85,-0.02,-0.34,0.40,4.20,5.09,4.23,14.19
CPSN,Calamos S&P 500 Structured Alt Protection ETF November,North America,27.54,2211,3007,34550027.64,0.69,-0.02,-0.34,0.24,2.17,2.47,2.44,6.80
IEV,iShares Europe ETF,Europe,72.26,84887,166477,1714985956.80,0.60,0.47,-0.34,-0.01,4.67,5.74,4.25,13.43
KAUG,Innovator US Small Cap Power Buffer ETF - August,North America,28.39,1280,28448,59679270.00,0.79,0.11,-0.34,0.86,5.70,6.33,6.22,14.95
FEIG,FlexShares ESG & Climate Investment Grade Corporate Core Index Fund,North America,40.66,113,3313,46598575.00,0.12,0.24,-0.34,-0.66,-0.92,-1.97,-1.51,0.53
PMFB,PGIM S&P 500 Max Buffer ETF - February,North America,27.16,78,1205,5981827.19,0.50,-0.30,-0.34,0.20,1.68,3.40,1.96,7.90
SIFI,Harbor Ares Systematic Multi-Sector Income ETF,Global,43.39,365,180,32475000.00,0.50,0.12,-0.34,-0.69,-0.45,-2.35,-1.05,0.44
WOOD,iShares Global Timber & Forestry ETF,Global,66.96,13959,21399,246981714.48,0.40,0.91,-0.35,-3.31,-8.36,-6.53,-7.57,-11.88
EMBX,VanEck Emerging Markets Bond ETF,Emerging markets,51.07,13932,59388,239543248.82,0.75,0.56,-0.35,-1.44,-0.06,0.87,0.75,2.25
SLNZ,TCW Senior Loan ETF,Global,45.59,74,8200,221698755.12,0.65,-0.01,-0.35,0.40,1.22,-1.51,-1.34,-3.23
ONEO,State Street SPDR Russell 1000 Momentum Focus ETF,North America,149.71,164,445,28242854.76,0.20,0.35,-0.35,3.23,10.52,13.40,14.37,23.64
JHPI,John Hancock Preferred Income ETF,North America,22.79,59769,57268,203142625.00,0.54,0.11,-0.35,-1.13,-1.13,-0.78,-0.22,1.88
UNIY,WisdomTree Voya Yield Enhanced USD Universal Bond Fund,North America,48.24,16739,85855,1342031680.00,0.15,0.18,-0.35,-0.78,-1.22,-1.99,-1.62,0.35
ROUS,Hartford Multifactor U.S. Equity ETF,North America,65.91,35254,39365,642864605.00,0.19,0.15,-0.35,2.46,9.32,12.40,13.42,24.57
DBND,DoubleLine Opportunistic Bond ETF,Global,45.22,30719,74787,722925180.00,0.45,0.13,-0.35,-1.20,-2.18,-2.63,-2.56,-0.18
XAGG,Eaton Vance Income Opportunities ETF,Global,49.78,268078,195511,1124614950.75,0.50,0.14,-0.36,-1.11,-1.43,-1.29,-1.45,-0.54
JLQD,Janus Henderson Corporate Bond ETF,North America,41.03,673,533,14338557.82,0.20,-0.00,-0.36,-0.96,-1.39,-2.67,-2.12,0.18
OILK,ProShares K-1 Free Crude Oil ETF,Global,55.38,271898,198063,290144892.32,0.69,-1.72,-0.36,0.33,10.47,48.35,49.64,38.28
CRXP,Columbia Core Plus Bond ETF,Global,19.77,2,803,10823003.82,0.38,0.14,-0.36,-0.86,-1.40,-1.80,-1.31,-1.80
BNDC,FlexShares Core Select Bond Fund,North America,21.96,6567,13962,168238324.42,0.35,0.21,-0.36,-0.92,-2.10,-3.00,-1.75,0.55
LEND,SEI High Yield Bond & Alternative Credit ETF,North America,25.03,35157,,1027396789.30,0.65,0.04,-0.36,-0.44,-0.44,-0.44,-0.44,-0.44
PFIX,Simplify Interest Rate Hedge ETF,North America,46.50,306485,509454,230902747.12,0.50,-2.35,-0.36,-1.29,4.64,-6.10,-3.73,-21.85
MYCL,State Street My2032 Corporate Bond ETF,North America,24.54,102,1356,9792963.60,0.15,0.21,-0.36,-0.90,-1.58,-2.03,-1.77,1.33
EQAL,Invesco Russell 1000 Equal Weight ETF,North America,58.46,47817,29438,797614708.11,0.20,0.57,-0.36,0.88,5.01,9.76,10.53,20.14
JULT,AllianzIM U.S. Large Cap Buffer10 Jul ETF,North America,47.35,2425,22666,52156170.00,0.74,-0.11,-0.36,0.68,5.31,6.19,5.27,17.20
DIV,Global X Super Dividend ETF,North America,19.00,193244,225661,737541191.06,0.45,0.42,-0.37,-1.66,-0.94,8.20,9.57,7.65
RNWZ,TrueShares Eagle Global Renewable Energy Income ETF,Global,31.50,94,3598,5963682.00,0.75,0.36,-0.37,-2.70,2.40,16.41,20.22,33.61
TPZ,Tortoise Electrification Infrastructure ETF,North America,21.57,12190,10377,128012768.51,0.85,-0.28,-0.37,-2.71,-2.62,4.96,5.58,7.69
KNRG,Simplify Kayne Anderson Energy and Infrastructure Credit ETF,Developed markets,25.74,11348,15324,146661025.73,0.76,0.02,-0.37,-0.33,-0.60,-0.83,-0.48,1.92
XB,BondBloxx B-Rated USD High Yield Corporate Bond ETF,North America,39.05,432,21905,58445250.00,0.30,0.16,-0.37,-0.32,-0.22,-1.22,-1.10,-0.01
HYTI,FT Vest High Yield & Target Income ETF,North America,19.07,8202,32833,89582038.12,0.65,0.10,-0.37,-1.24,-1.40,-3.25,-2.85,-3.74
DDFN,Innovator Equity Dual Directional 15 Buffer ETF - November,North America,19.95,30591,21465,111303202.50,0.79,-0.15,-0.37,0.43,3.67,4.26,3.60,4.81
HYXF,iShares ESG Advanced High Yield Corporate Bond ETF,North America,46.42,5971,18337,203813280.00,0.35,0.12,-0.37,-0.71,-0.69,-1.94,-1.67,-0.39
HYBI,NEOS Enhanced Income Credit Select ETF,North America,49.28,53300,34517,219772839.50,0.68,0.02,-0.37,-0.85,-0.63,-2.38,-2.21,-1.44
TMSF,T. Rowe Price Multi-Sector Income ETF,Global,49.97,848,474,28704357.65,0.37,0.15,-0.37,-0.52,0.24,-1.03,-0.69,-0.24
HIGH,Simplify Enhanced Income ETF,North America,21.49,43541,28844,73066021.49,0.50,0.14,-0.37,-0.37,-0.32,-4.87,-3.93,-10.50
EUDG,WisdomTree Europe Quality Dividend Growth Fund,Europe,38.29,7522,3559,67070500.00,0.58,0.51,-0.37,-0.37,1.99,3.21,1.24,8.87
PMAP,PGIM S&P 500 Max Buffer ETF - April,North America,27.18,55,4466,4894227.19,0.50,-0.06,-0.38,0.54,2.16,3.66,2.95,7.01
IMTG,Invesco Agency MBS ETF,North America,48.91,1,,14646521.94,0.22,-0.38,-0.38,-0.82,-1.84,-2.37,-2.37,-2.37
PSFF,Pacer Swan SOS Fund of Funds ETF,North America,33.99,240088,61919,578280500.00,0.66,-0.18,-0.38,0.59,4.88,5.69,4.84,14.21
SFLO,VictoryShares Small Cap Free Cash Flow ETF,North America,33.43,36539,56988,585045436.65,0.49,-0.16,-0.38,0.70,12.60,11.03,12.91,28.04
BRLN,BlackRock Floating Rate Loan ETF,Global,50.84,7253,6099,53544855.00,0.55,-0.16,-0.38,-0.34,-0.25,-1.60,-1.62,-1.62
ZFEB,Innovator Equity Defined Protection ETF - 1 Yr February,North America,25.91,705,22984,157569705.00,0.79,-0.08,-0.38,0.04,1.45,2.53,2.09,7.47
EVPF,Eaton Vance Preferred Securities and Income ETF,Global,50.11,1500,7901,33013200.00,0.39,0.11,-0.38,-0.55,0.48,-0.11,-0.11,-0.11
GGOV,iShares Global Government Bond USD Hedged Active ETF,Global,49.92,383964,1931283,2627280112.00,0.39,0.12,-0.38,-0.23,1.92,-2.52,2.18,27.12
ZCBC,Global X Zero Coupon Bond 2032 ETF,North America,49.10,2,6,979078.00,0.07,0.20,-0.39,-1.29,-2.40,-2.19,-2.19,-2.19
OVM,Overlay Shares Municipal Bond ETF,North America,21.70,8262,18128,40644562.50,0.81,-0.02,-0.39,-0.94,-0.25,-0.07,0.35,4.71
USL,United States 12 Month Oil,Global,52.72,12638,30309,53584000.00,0.85,-1.64,-0.39,2.99,18.85,58.31,59.52,51.50
BDVG,IMGP Berkshire Dividend Growth ETF,North America,14.29,1964,3395,10003000.00,0.55,-0.12,-0.39,5.09,7.96,10.04,10.90,20.32
EMTL,State Street DoubleLine Emerging Markets Fixed Income ETF,Emerging markets,42.61,11624,24117,80038303.12,0.65,-0.01,-0.39,-0.62,-0.99,-1.76,-1.67,0.05
IBUF,Innovator International Developed 10 Buffer ETF - Quarterly,Developed markets,30.65,15626,19243,103414387.50,0.85,0.02,-0.39,0.29,3.83,5.87,4.82,10.97
MUSI,American Century Multisector Income ETF,Global,43.45,4193,21012,231917685.00,0.38,0.23,-0.39,-0.82,-1.18,-1.85,-1.63,0.21
DMAX,iShares Large Cap Max Buffer Dec ETF,North America,27.22,13899,12273,136262105.00,0.50,-0.13,-0.39,0.13,1.78,1.36,1.89,6.73
TIPX,State Street SPDR Bloomberg 1a??10 Year TIPS ETF,North America,18.92,204408,380978,1878233979.90,0.15,0.08,-0.39,-1.69,-1.94,-1.23,-0.81,0.34
XFLX,FundX Flexible ETF,Global,22.57,6697,3723,50108494.08,0.97,0.13,-0.39,-0.29,0.92,-7.76,0.80,-4.65
RTAI,Rareview Tax Advantaged Income ETF,North America,21.25,3611,1971,17770350.00,4.59,0.92,-0.39,-0.86,-0.21,-0.35,2.24,5.44
MYCM,State Street My2033 Corporate Bond ETF,North America,24.52,2,3331,8566450.20,0.15,0.21,-0.39,-0.91,-1.27,-2.10,-1.68,1.38
FGSM,Frontier Asset Global Small Cap Equity ETF,Global,34.06,533,14304,49554481.18,0.82,0.33,-0.39,-0.30,8.46,10.93,12.21,27.89
JHHY,John Hancock High Yield ETF,North America,25.58,15716,21722,84930475.00,0.52,0.17,-0.40,-0.43,-0.24,-1.81,-0.98,0.19
TRUI,VanEck Industrials TruSector ETF,North America,25.09,144,,248882.50,0.10,1.13,-0.40,-0.40,-0.40,-0.40,-0.40,-0.40
JELM,Janus Henderson Equity Linked Moderate Income ETF,North America,25.16,1283,2924,11532200.00,0.59,-0.03,-0.40,-0.26,0.10,0.10,0.10,0.10
UITB,VictoryShares Core Intermediate Bond ETF,North America,46.51,149621,150539,2634023156.84,0.25,-0.13,-0.40,-0.82,-1.64,-1.78,-1.81,0.86
ZCBA,Global X Zero Coupon Bond 2030 ETF,North America,49.08,2,359,979138.00,0.07,0.14,-0.40,-1.13,-2.20,-2.08,-2.08,-2.08
PMMY,PGIM S&P 500 Max Buffer ETF - May,North America,26.69,137,5010,5342026.71,0.50,-0.07,-0.40,-0.07,1.11,3.02,2.15,5.53
LVIG,Longview Advantage Fixed Income ETF,North America,98.16,606,2953,102320130.00,0.34,0.22,-0.40,-0.69,-1.04,-1.76,-1.76,-1.76
GHYG,iShares US & Intl High Yield Corp Bond ETF,Developed markets,45.12,5388,24675,198290840.00,0.40,0.21,-0.41,-0.93,-0.47,-2.05,-2.15,-0.43
GLRY,Inspire Growth ETF,North America,41.00,89390,26687,161160000.00,0.80,0.42,-0.41,-1.11,7.08,11.35,13.76,25.92
CGMM,Capital Group U.S. Small and Mid Cap ETF,North America,31.55,1415581,1138376,2790425471.65,0.51,0.73,-0.41,-0.38,5.34,7.28,8.76,19.87
VGVT,Vanguard Government Securities Active ETF,North America,74.69,146,4629,44351300.00,0.10,0.22,-0.41,-1.06,-1.82,-2.22,-1.55,-0.58
DDFM,Innovator Equity Dual Directional 15 Buffer ETF - March,North America,19.64,5455,6134,46682762.50,0.79,0.05,-0.41,0.10,3.26,2.29,2.29,2.29
IBHK,iShares iBonds 2031 Term High Yield and Income ETF,North America,25.54,9419,9802,58521200.00,0.35,0.02,-0.41,-0.49,-0.29,-1.64,-1.41,0.14
PBSE,PGIM S&P 500 Buffer 20 ETF - September,North America,30.60,237,4635,26972030.65,0.50,-0.16,-0.41,0.44,3.82,4.17,3.85,12.03
FDEV,Fidelity International Multifactor ETF,Developed markets,35.67,11639,24285,260805778.70,0.18,0.29,-0.41,-2.82,-0.96,4.13,2.07,10.62
PQJL,PGIM Nasdaq-100 Buffer 12 ETF - July,North America,30.96,200,3979,17066500.00,0.50,-0.24,-0.42,0.44,6.40,7.02,6.84,19.35
IBIF,iShares iBonds Oct 2029 Term TIPS ETF,North America,26.36,10223,15546,99987435.40,0.10,0.09,-0.42,-0.25,0.27,-0.04,1.19,1.03
PMNV,PGIM S&P 500 Max Buffer ETF - November,North America,25.79,2017,370,5428525.85,0.50,-0.42,-0.42,0.42,2.06,2.60,2.48,2.97
JADB,Aptus January Deep Buffer ETF,North America,25.47,5000,,1531152.00,0.25,-0.15,-0.42,0.40,0.40,0.40,0.40,0.40
DIVO,Amplify CWP Enhanced Dividend Income ETF,North America,45.97,1079709,837935,7116795000.00,0.56,0.11,-0.42,0.94,0.37,1.21,3.09,10.27
XSEP,FT Vest U.S. Equity Enhance & Moderate Buffer ETF - September,North America,44.02,400,2867,123499688.21,0.85,-0.19,-0.42,0.46,3.79,4.52,4.00,9.87
KWIN,KraneShares Wahed Alternative Income Index ETF,North America,25.58,13751,17384,54978290.67,0.51,-0.02,-0.43,0.08,0.59,1.43,0.87,1.99
TIPZ,PIMCO Broad U.S. TIPS Index Exchange-Traded Fund,North America,52.25,19493,33151,90254100.00,0.20,0.13,-0.43,-1.76,-2.46,-1.97,-1.34,-0.07
AKRE,Akre Focus ETF,North America,55.19,582568,1011209,5668595690.50,0.98,0.97,-0.43,1.10,-2.59,-15.20,-15.98,-18.33
IMAR,Innovator International Developed Power Buffer ETF March,Developed markets,30.12,6279,279027,110921560.00,0.85,0.20,-0.43,-0.26,2.62,1.72,0.54,8.27
SPIP,State Street SPDR Portfolio TIPS ETF,North America,25.65,606836,429829,1015349518.73,0.12,0.20,-0.43,-1.76,-2.25,-1.84,-1.19,0.23
HDEF,Xtrackers MSCI EAFE High Dividend Yield Equity ETF,Developed markets,32.30,130095,166824,2197854782.20,0.09,0.44,-0.43,-1.43,0.19,4.87,3.49,11.42
NULV,Nuveen ESG Large-Cap Value ETF,North America,50.49,57408,74605,2097439686.29,0.26,0.34,-0.43,0.88,8.67,9.83,11.59,22.91
ABI,VictoryShares Pioneer Asset-Based Income ETF,Global,24.80,98,305,56548807.93,0.65,-0.42,-0.44,-0.04,-0.36,0.22,-0.12,-1.00
FLEE,Franklin FTSE Europe ETF,Europe,38.58,2847,18624,115827000.00,0.09,0.49,-0.44,-0.04,4.38,5.52,4.21,13.16
CHYG,Corgi 0-5 Year High Yield Corporate Bond ETF,North America,24.93,41001,,996708.00,0.15,0.06,-0.44,-0.44,-0.44,-0.44,-0.44,-0.44
GNMX,Corgi Genomics & Precision Medicine ETF,Global,26.56,132,,1425682.50,0.35,2.46,-0.44,4.81,3.91,3.91,3.91,3.91
EBUF,Innovator Emerging Markets 10 Buffer ETF - Quarterly,Emerging markets,31.41,5171,6941,64371640.00,0.89,0.08,-0.44,0.00,5.05,10.44,8.72,15.10
FMAT,Fidelity MSCI Materials Index ETF,North America,58.55,59273,42658,596889675.00,0.08,1.46,-0.44,-2.24,1.19,12.60,9.66,17.43
ZCBG,Global X Zero Coupon Bond 2035 ETF,North America,49.05,530,53,976406.00,0.07,0.33,-0.44,-1.05,-2.62,-2.10,-2.10,-2.10
ZCBE,Global X Zero Coupon Bond 2033 ETF,North America,49.07,2,29,977874.00,0.07,0.25,-0.44,-1.10,-2.58,-2.10,-2.10,-2.10
FLTB,Fidelity Limited Term Bond ETF,Global,50.07,35650,55607,407537881.20,0.25,0.07,-0.45,-0.56,-1.37,-1.44,-1.05,-0.13
SPDG,State Street SPDR Portfolio S&P Sector Neutral Dividend ETF,North America,46.37,504,811,12516102.99,0.05,-0.11,-0.45,3.38,8.87,10.61,13.48,20.87
XEMD,BondBloxx JP Morgan USD Emerging Markets 1-10 Year Bond ETF,Emerging markets,44.70,15265,150434,947847750.00,0.29,0.29,-0.45,-0.49,0.11,0.20,0.27,5.20
DDTA,Innovator Equity Dual Directional 10 Buffer ETF - April,North America,20.23,1630,2656,14676900.00,0.79,-0.19,-0.45,0.14,5.80,5.80,5.80,5.80
BLES,Inspire Global Hope ETF,Global,47.56,7459,12033,153790000.00,0.60,-0.12,-0.45,-0.66,5.98,9.57,9.84,18.43
ZCBF,Global X Zero Coupon Bond 2034 ETF,North America,49.01,2,7,976254.00,0.07,0.28,-0.45,-1.10,-2.61,-2.12,-2.12,-2.12
IND,Xtrackers Nifty 500 India ETF,Asia-Pacific,22.02,1013,1139,4343821.72,0.19,1.09,-0.45,-4.59,-2.13,-10.85,-12.15,-11.94
DDFF,Innovator Equity Dual Directional 15 Buffer ETF - February,North America,19.79,34224,16910,70450105.00,0.79,-0.20,-0.45,0.18,3.18,2.54,2.54,2.54
BFIX,Build Bond Innovation ETF,Global,25.16,4872,1952,11947342.50,0.45,-0.02,-0.45,-0.93,-1.20,-0.45,-0.93,0.90
QBQF,AllianzIM Growth-100 Buffer15 ETF,North America,25.88,8770,981,5819197.50,0.74,-0.04,-0.46,0.60,2.90,2.90,2.90,2.90
XBOC,Innovator U.S. Equity Accelerated 9 Buffer ETF - October,North America,35.18,1121,2496,64304240.00,0.79,-0.16,-0.46,0.52,5.11,5.33,4.82,12.61
GAUG,FT Vest U.S. Equity Moderate Buffer ETF - August,North America,41.03,6897,14495,294914107.21,0.85,-0.13,-0.46,0.27,4.38,4.96,4.06,13.15
IFEB,Innovator International Developed Power Buffer ETF February,Developed markets,30.87,287,30523,65909325.00,0.85,-0.09,-0.46,0.22,2.72,2.69,1.74,8.81
MNVR,Pacer Swan SOS Moderate (November) ETF,North America,32.37,308,,1619260.00,0.49,0.35,-0.46,0.35,1.22,1.22,1.22,1.22
KSEP,Innovator U.S. Small Cap Power Buffer ETF - September,North America,30.24,2800,3649,24240000.00,0.79,-0.13,-0.46,0.57,6.59,6.89,7.83,19.01
BFJA,FT Vest Bitcoin Strategy Floor15 ETF - January,Global,17.77,395,,872784.91,0.90,-8.74,-0.46,-8.74,-4.32,-12.89,-12.89,-12.89
FPFD,Fidelity Preferred Securities & Income ETF,Global,21.44,8288,15464,82600437.15,0.59,-0.05,-0.46,-1.47,-2.06,-2.01,-1.79,0.61
USMF,WisdomTree U.S. Multifactor Fund,North America,52.29,12707,18061,422451700.00,0.28,-0.08,-0.46,0.56,3.40,1.24,2.61,2.63
THYF,T. Rowe Price U.S. High Yield ETF,North America,51.60,7871,10065,813750602.20,0.50,0.21,-0.46,-0.36,-0.21,-1.92,-1.41,-0.24
ZNOV,Innovator Equity Defined Protection ETF - 1 Yr November,North America,27.34,46097,53626,112133360.00,0.79,0.06,-0.46,0.21,2.29,2.60,2.41,6.89
RFG,Invesco S&P MidCap 400 Pure Growth ETF,North America,62.34,3010,6962,348634365.12,0.35,0.34,-0.46,0.28,10.97,17.18,18.18,28.04
SPBW,AllianzIM Buffer20 Allocation ETF,North America,28.49,8344,14456,76236697.50,0.79,-0.13,-0.46,0.21,3.44,4.28,3.69,11.41
PCL,PGIM Corporate Bond 10+ Year ETF,North America,49.61,25,20005,75182500.00,0.25,0.50,-0.47,-0.51,-1.55,-2.31,-1.38,-1.51
PBOG,Portfolio Building Block Integrated Oil and Gas and Exploration and Production Index ETF,Developed markets,32.31,33162,228263,526184660.00,0.13,-1.84,-0.47,1.38,2.96,26.84,26.01,29.49
CCRP,Columbia Corporate Bond ETF,Global,19.66,5,77536,54835619.19,0.35,-0.46,-0.47,-0.81,-0.77,-2.12,-1.70,-2.12
FXY,Invesco CurrencyShares Japanese Yen Trust,Asia-Pacific,57.23,110779,212103,438651000.00,0.40,-0.09,-0.47,-2.44,-1.28,-3.57,-2.37,-10.09
HYSA,BondBloxx USD High Yield Bond Sector Rotation ETF,North America,14.94,51650,39756,37857300.00,0.55,0.40,-0.47,0.00,-0.13,-1.65,-1.13,-0.60
SMAY,FT Vest U.S. Small Cap Moderate Buffer ETF - May,North America,27.58,9613,24808,100831305.25,0.90,0.15,-0.47,1.51,5.05,6.33,6.04,16.18
IBIG,iShares iBonds Oct 2030 Term TIPS ETF,North America,26.32,11797,21863,132618221.70,0.10,0.06,-0.47,-0.73,-0.17,-0.55,0.90,1.06
AVIG,Avantis Core Fixed Income ETF,Global,41.14,147028,399481,1883045745.00,0.15,0.24,-0.47,-1.00,-1.68,-2.27,-1.99,0.97
BUYW,Main BuyWrite ETF,Global,14.42,244668,340208,1216995307.20,0.99,0.00,-0.48,0.07,1.48,1.05,0.63,3.37
UBND,VictoryShares Core Plus Bond ETF,North America,21.56,120004,242152,1901208902.27,0.40,-0.16,-0.48,-0.85,-1.75,-1.80,-1.95,0.55
IDEC,Innovator International Developed Power Buffer ETF December,Developed markets,33.77,83,2320,41165880.00,0.85,0.40,-0.48,-0.47,2.86,4.71,3.74,13.74
OMAH,VistaShares Target 15 Berkshire Select Income ETF,North America,18.55,742508,751596,794396390.00,0.95,0.49,-0.48,-1.22,2.26,-2.11,-1.12,-4.04
FLGB,Franklin FTSE,Europe,35.41,25492,149283,865666850.00,0.09,-0.12,-0.48,-1.03,0.25,6.46,3.99,14.78
SMAX,iShares Large Cap Max Buffer Sep ETF,North America,27.70,4359,16506,90937508.00,0.50,-0.14,-0.48,0.28,2.50,2.05,2.58,7.68
HNDL,Strategy Shares Nasdaq 7HANDL Index ETF,North America,22.64,62237,65905,636413700.00,0.95,0.27,-0.48,-0.61,0.44,2.26,3.10,6.69
XNOV,FT Vest U.S. Equity Enhance & Moderate Buffer ETF - November,North America,39.29,1332,500,22623453.69,0.85,-0.08,-0.48,0.38,3.99,4.08,3.69,12.06
AIOO,AllianzIM U.S. Equity Buffer100 Protection ETF,North America,26.19,11580,13235,38645295.00,0.64,-0.11,-0.48,0.23,1.77,2.03,1.83,4.59
IALT,iShares Systematic Alternatives Active ETF,Global,28.21,2942227,6419218,4446625600.00,0.99,-0.21,-0.49,0.50,5.50,12.39,11.06,12.26
TRIO,MC Trio Equity Buffered ETF,Developed markets,64.13,548,1073,118157440.00,0.70,-0.08,-0.49,0.37,4.62,-3.39,4.94,4.11
LDRH,iShares iBonds 1-5 Year High Yield and Income Ladder ETF,North America,24.59,4587,3465,8836390.08,0.35,0.12,-0.49,-0.24,-0.36,-1.40,-1.36,-0.85
SCHP,Schwab U.S. TIPS ETF,North America,26.48,3461378,3693845,15625416000.00,0.03,0.23,-0.49,-1.38,-1.23,-1.01,-0.08,1.03
LQDH,iShares Interest Rate Hedged Corporate Bond ETF,North America,93.17,37894,32290,521605840.00,0.24,0.08,-0.49,0.18,1.06,-0.34,-0.33,1.27
GPRF,Goldman Sachs Access U.S. Preferred Stock and Hybrid Securities ETF,North America,49.96,110,14417,87255000.00,0.45,0.10,-0.49,-1.08,-1.93,-1.61,-1.62,0.37
KORP,American Century Diversified Corporate Bond ETF,North America,46.50,368876,95520,821795070.00,0.29,0.17,-0.49,-0.64,-1.15,-2.15,-1.75,0.98
SIXJ,AllianzIM U.S. Large Cap 6 Month Buffer10 Jan/Jul ETF,North America,36.06,3109,11619,148900950.00,0.74,-0.12,-0.50,0.69,5.22,5.94,4.91,15.68
DWX,State Street SPDR S&P International Dividend ETF,Global Ex-U.S.,46.38,9341,12886,509341014.19,0.45,0.10,-0.50,-0.88,1.09,6.45,5.24,10.64
GMAR,FT Vest U.S. Equity Moderate Buffer ETF - March,North America,43.96,3971,10739,393522637.94,0.85,-0.08,-0.50,0.27,6.12,7.93,7.32,14.44
FPE,First Trust Preferred Securities and Income ETF,Global,17.90,1044959,1042017,6313281660.00,0.83,0.00,-0.50,-1.38,-1.16,-2.13,-1.92,1.53
HAPI,Harbor Corporate Culture ETF,North America,43.86,1719,1519,480690000.00,0.35,-0.43,-0.50,0.99,7.10,6.40,6.35,18.41
TIPD,Northern Trust 2055 Inflation-Linked Distributing Ladder ETF,North America,98.69,39,123,3929344.00,0.10,0.32,-0.50,-2.20,-2.61,-2.60,-1.69,-1.67
DDFJ,Innovator Equity Dual Directional 15 Buffer ETF - January,North America,19.63,796,24463,73188800.00,0.79,0.03,-0.50,0.13,3.62,3.19,3.19,3.19
FCTR,First Trust Lunt U.S. Factor Rotation ETF,North America,40.01,2184,2448,56271680.39,0.65,-0.42,-0.50,5.26,10.71,9.92,11.48,20.00
PINK,Simplify Health Care ETF,North America,37.55,53819,80551,270729537.34,0.51,0.54,-0.50,4.92,7.59,1.76,2.34,28.55
AGGA,EA Astoria Dynamic Core US Fixed Income ETF,North America,25.02,17697,17061,83672950.00,0.55,0.12,-0.50,-0.58,-0.69,-1.28,-1.13,0.38
JVAL,JPMorgan U.S. Value Factor ETF,North America,57.14,24192,60192,784850000.00,0.12,0.04,-0.50,3.61,14.59,14.05,15.90,32.24
TIP,iShares TIPS Bond ETF,North America,109.32,2372808,2041518,14853490533.00,0.18,0.17,-0.50,-1.87,-1.74,-1.18,-0.62,1.09
DAUG,FT Vest U.S. Equity Deep Buffer ETF - August,North America,46.36,1958,7108,361164392.90,0.85,-0.18,-0.50,0.38,4.50,5.00,4.26,13.79
MAMB,Monarch Ambassador Income Index ETF,Global,24.12,18593,19543,185570000.00,1.26,-0.01,-0.50,-0.79,-1.40,0.03,0.91,6.20
CPNQ,Calamos Nasdaq-100 Structured Alt Protection ETF December,North America,27.25,2827,4372,32148027.36,0.69,-0.14,-0.50,0.03,2.41,2.82,2.65,8.23
IGRO,iShares International Dividend Growth ETF,Global Ex-U.S.,87.60,60763,40371,1228391816.70,0.15,0.54,-0.50,-0.93,3.22,6.47,4.81,10.65
APRW,AllianzIM U.S. Large Cap Buffer20 Apr ETF,North America,36.88,8357,7897,197646122.40,0.74,-0.08,-0.50,0.19,4.79,6.30,5.73,11.86
GMAY,FT Vest U.S. Equity Moderate Buffer ETF - May,North America,42.66,75492,180518,457828885.38,0.85,-0.12,-0.51,-0.02,2.70,3.94,3.07,10.72
PMJN,PGIM S&P 500 Max Buffer ETF - June,North America,26.58,423,3405,5054026.60,0.50,-0.09,-0.51,-0.21,1.08,2.31,1.80,5.87
XFEB,FT Vest U.S. Equity Enhance & Moderate Buffer ETF - February,North America,37.11,441,809,30645524.29,0.85,-0.10,-0.51,0.19,3.89,4.45,3.75,11.14
HYLS,First Trust Tactical High Yield ETF,Global,40.79,91567,132063,1646057681.49,0.69,0.12,-0.51,-0.58,-0.51,-2.60,-2.70,-1.57
SPEU,State Street SPDR Portfolio Europe ETF,Europe,54.60,20320,42368,712357679.22,0.07,0.25,-0.51,-0.19,4.08,5.54,3.84,12.13
CLOX,Eldridge AAA CLO ETF,North America,25.48,116911,128982,283056660.00,0.20,-0.16,-0.51,-0.35,0.04,-0.12,-0.27,-0.23
BNDI,NEOS Enhanced Income Aggregate Bond ETF,North America,46.86,42430,31849,174151428.00,0.58,0.11,-0.51,-0.99,-0.93,-2.21,-1.55,0.77
VTP,Vanguard Total Inflation-Protected Securities ETF,North America,76.55,9465,25145,150791250.00,0.05,0.12,-0.51,-0.80,-0.13,-0.17,1.04,1.93
NSEP,Innovator Growth-100 Power Buffer ETF - September,North America,30.92,3112,8059,36483750.00,0.79,-0.29,-0.51,0.29,5.60,5.82,5.24,15.63
YOKE,YOKE Core ETF,Global,31.36,5859,5856,232303408.00,0.31,0.32,-0.51,0.26,10.03,14.29,14.41,23.12
PRCS,Parnassus Core Select ETF,North America,27.57,13031,19845,155146826.00,0.58,0.51,-0.51,-0.90,5.23,2.38,2.07,10.63
LEMB,iShares J.P. Morgan EM Local Currency Bond,Emerging markets,41.85,124390,135391,708541300.00,0.30,0.48,-0.52,-1.09,0.41,-0.62,0.58,6.27
DINE,Simplify Tax Aware Diversified Income Strategy ETF,Global,25.07,202,,2506025.06,0.15,-0.22,-0.52,-0.31,0.24,0.24,0.24,0.24
IAI,iShares U.S. Broker-Dealers & Securities Exchanges ETF,North America,180.17,90359,127292,1394393810.50,0.38,0.09,-0.52,1.63,8.26,-0.40,0.09,14.68
DYTA,SGI Dynamic Tactical ETF,Global,31.08,3158,8932,100358361.00,1.32,-0.07,-0.52,0.91,6.95,5.14,6.62,12.08
JANI,AllianzIM International Equity Buffer15 Uncapped Jan ETF,Developed markets,25.32,1329,3466,11957412.50,0.79,0.02,-0.52,-0.84,2.54,0.86,0.86,0.86
JANW,AllianzIM U.S. Large Cap Buffer20 Jan ETF,North America,38.42,47476,18527,346026600.00,0.74,-0.03,-0.52,0.39,3.95,4.37,3.45,11.78
VEGI,iShares MSCI Agriculture Producers ETF,Global,43.58,87516,63317,161291162.20,0.39,0.32,-0.52,-4.22,-3.48,12.00,12.61,7.23
DUSA,Davis Select U.S. Equity ETF,North America,55.44,84721,49495,1179764979.73,0.59,0.45,-0.52,-0.96,9.76,7.67,8.24,24.50
VAW,Vanguard Materials ETF,North America,229.01,67835,56362,2965760863.85,0.09,1.53,-0.53,-2.13,1.23,12.83,9.75,17.56
USAF,Atlas America Fund,North America,27.36,3420,1544,18012720.00,0.89,0.26,-0.53,-0.74,-2.76,-0.07,1.88,4.41
EFAA,Invesco MSCI EAFE Income Advantage ETF,Developed markets,54.79,55340,70270,499890243.87,0.39,-0.07,-0.53,-0.72,1.99,1.97,1.03,6.87
VLU,State Street SPDR S&P 1500 Value Tilt ETF,North America,236.65,5823,7064,709453562.58,0.12,0.22,-0.53,1.69,8.55,11.51,12.21,25.84
VXF,Vanguard Extended Market ETF,North America,234.17,660345,397011,29930125506.46,0.05,0.29,-0.53,1.86,11.56,8.81,11.31,23.53
BBMC,JPMorgan BetaBuilders U.S. Mid Cap Equity ETF,North America,121.91,24993,38692,2033633250.00,0.07,0.50,-0.53,1.18,10.70,11.36,13.68,27.17
CBOL,Calamos Laddered Bitcoin Structured Alt Protection ETF,Global,23.40,2,345,2340023.40,0.79,-0.06,-0.53,-0.97,-0.28,-4.31,-2.40,-5.85
SHRY,First Trust Bloomberg Shareholder Yield ETF,North America,43.63,7,973,15199536.85,0.60,0.47,-0.53,0.35,-0.28,2.16,3.25,4.43
MTUM,iShares MSCI USA Momentum Factor ETF,North America,311.63,2051893,1375546,26223973152.00,0.15,-1.09,-0.53,4.56,25.45,22.86,23.32,34.16
PSEP,Innovator U.S. Equity Power Buffer ETF - September,North America,45.64,16523,25569,847148250.00,0.79,-0.11,-0.53,0.35,4.34,4.87,4.22,13.82
XMAR,FT Vest U.S. Equity Enhance & Moderate Buffer ETF - March,North America,42.40,2104,5623,128459734.93,0.85,-0.10,-0.53,0.26,5.12,6.70,5.94,12.28
KPRO,KraneShares 100% KWEB Defined Outcome January 2027 ETF,Asia-Pacific,26.75,5,8291,5310038.09,1.04,0.26,-0.54,-2.99,-3.63,-13.50,-6.57,-5.38
CLCV,Crossmark Large Cap Value ETF,North America,29.86,1249,2075,16407804.16,0.50,-0.00,-0.54,4.40,13.44,11.58,12.42,17.74
DDV,Defined Duration 5 ETF,North America,25.30,6200,4320,15677506.00,0.25,0.03,-0.54,-0.26,0.01,0.77,0.81,1.09
ABXB,Abacus Flexible Bond Leaders ETF,Global,19.45,9,1145,2423125.00,0.62,0.29,-0.54,-0.42,-1.03,-1.87,-0.76,-0.32
HALX,Tuttle Capital Heavy Assets Low Obsolescence ETF,North America,25.32,1023,,1508689.14,0.75,0.64,-0.54,2.15,2.15,2.15,2.15,2.15
IEUR,iShares Core MSCI Europe ETF,Europe,74.94,1214370,987085,8493270597.60,0.09,0.36,-0.54,-0.09,4.69,6.13,4.61,12.69
IBND,State Street SPDR Bloomberg International Corporate Bond ETF,Global Ex-U.S.,31.29,40377,114851,463154160.00,0.50,0.22,-0.54,-1.85,-0.67,-2.55,-2.58,-0.16
BNDY,Horizon Core Bond ETF,North America,25.12,18755,93967,247854620.00,0.66,0.10,-0.54,-1.17,-3.19,-3.70,-2.74,0.69
ILCV,iShares Morningstar Large-Cap Value ETF,North America,100.90,46206,29639,1255946712.30,0.04,-0.01,-0.55,1.12,5.92,5.74,6.60,23.32
EMBD,Global X Emerging Markets Bond ETF,Emerging markets,23.71,6932,18031,254441958.96,0.39,0.08,-0.55,-0.96,-0.92,-1.06,-1.50,0.64
GTIP,Goldman Sachs Access Inflation Protected USD Bond ETF,North America,48.78,14069,47702,289586500.00,0.12,0.12,-0.55,-1.78,-1.92,-1.53,-0.78,0.28
QUAL,iShares MSCI USA Quality Factor ETF,North America,214.12,1869561,2261476,45284775382.00,0.15,0.14,-0.55,1.71,7.03,7.50,7.12,18.53
LKOR,FlexShares Credit-Scored US Long Corporate Bond Index Fund,North America,41.59,44179,4433,33098201.37,0.15,0.45,-0.55,-0.67,-0.76,-3.50,-2.02,1.32
XMPT,VanEck CEF Muni Income ETF,North America,21.85,56631,39443,211352117.50,1.97,1.06,-0.55,-0.41,-1.75,-0.14,-0.32,5.50
DDFA,Innovator Equity Dual Directional 15 Buffer ETF - April,North America,20.03,3218,17989,103532085.00,0.79,-0.13,-0.55,0.30,4.26,4.26,4.26,4.26
BBBL,BondBloxx BBB Rated 10+ Year Corporate Bond ETF,North America,47.65,1784,481,4743760.00,0.19,0.47,-0.56,-0.46,-0.38,-2.38,-1.26,1.54
OCTW,AllianzIM U.S. Large Cap Buffer20 Oct ETF,North America,40.61,5387,222702,321093130.00,0.74,-0.02,-0.56,0.43,4.13,4.61,3.94,11.54
INDA,iShares MSCI India ETF,Asia-Pacific,47.54,12114883,6229614,6596480307.90,0.61,0.70,-0.56,-4.50,-3.77,-10.94,-12.90,-13.72
TYA,Simplify Intermediate Term Treasury Futures Strategy ETF,North America,12.57,22278,59240,72876587.51,0.15,0.63,-0.56,-3.61,-6.90,-8.46,-7.24,-1.03
RODM,Hartford Multifactor Developed Markets (ex-US) ETF,Developed markets,40.86,101871,113648,1530331280.00,0.29,0.15,-0.56,-0.80,3.84,10.31,9.66,20.32
MAYM,FT Vest U.S. Equity Max Buffer ETF - May,North America,32.82,8628,27120,36115265.66,0.85,-0.08,-0.56,-0.00,1.59,2.39,1.88,5.79
INOV,Innovator International Developed Power Buffer ETF November,Developed markets,36.08,4486,3158,53013270.00,0.85,0.05,-0.56,-0.61,3.17,5.18,4.14,12.96
CVGD,CresAlta Global Dividend ETF,Global,25.13,369,,131345682.40,0.50,0.49,-0.56,-0.18,-0.18,-0.18,-0.18,-0.18
FLXI,Invesco Flexible Income ETF,Global,48.90,1,,14547638.24,0.39,-0.57,-0.57,-0.99,-1.21,-2.65,-2.65,-2.65
GOCT,FT Vest U.S. Equity Moderate Buffer ETF - October,North America,41.13,2826,8226,304961482.42,0.85,-0.16,-0.57,0.29,4.53,5.12,4.16,14.77
AAPR,Innovator Equity Defined Protection ETF - 2 Yr to April 2028,North America,29.37,24968,27616,72000845.00,0.79,-0.05,-0.57,-0.40,2.70,3.93,3.35,9.05
DFIP,Dimensional Inflation-Protected Securities ETF,North America,41.65,71933,91181,1103321022.14,0.11,0.10,-0.57,-1.49,-1.21,-0.76,0.14,1.19
ALTY,Global X Alternative Income ETF,Global,12.24,24106,11320,44167404.41,0.50,0.08,-0.57,-1.13,-0.89,2.09,2.60,6.62
DDTS,Innovator Equity Dual Directional 10 Buffer ETF - September,North America,22.33,2581,9873,20693360.00,0.79,0.01,-0.57,0.19,4.51,5.02,4.60,9.37
AVGB,Avantis Credit ETF,Developed markets,50.87,130,5886,20414120.00,0.19,-0.36,-0.57,-0.49,-0.03,-1.71,0.08,0.45
WDIV,State Street SPDR S&P Global Dividend ETF,Global,81.31,14624,5507,268784514.90,0.40,0.39,-0.57,0.25,4.25,8.36,7.23,15.49
CBLS,Clough Hedged Equity ETF,North America,32.58,7607,3982,57807552.00,1.89,-0.81,-0.57,2.56,11.81,14.36,17.92,16.07
IFLR,Innovator International Developed Managed Floor ETF,Developed markets,52.19,8836,8268,67791490.00,0.89,0.15,-0.58,0.18,2.00,4.47,2.74,6.54
EWU,iShares MSCI United Kingdom ETF,Europe,46.28,2417169,1525108,3600012330.80,0.50,-0.32,-0.58,-0.86,0.37,6.39,4.16,15.07
TIPB,Northern Trust 2035 Inflation-Linked Distributing Ladder ETF,North America,99.40,11,715,8932050.00,0.10,0.08,-0.58,-1.69,-1.77,-0.84,-0.46,-0.73
ACYN,FT Vest Laddered Autocallable Barrier & Income ETF,North America,20.61,1586376,1269005,673326490.99,0.75,0.05,-0.58,-0.43,0.34,2.44,2.44,2.44
EVUS,iShares ESG Aware MSCI USA Value ETF,North America,35.02,55024,25897,319333657.48,0.18,0.43,-0.58,1.60,7.13,9.06,8.72,18.79
QBIF,AllianzIM International Equity Buffer15 ETF,Developed markets,25.72,7637,,5781465.00,0.74,-0.02,-0.58,0.15,1.98,1.98,1.98,1.98
CQQQ,Invesco China Technology ETF,Asia-Pacific,51.70,1309696,1436617,3016624350.00,0.65,2.25,-0.58,-4.17,2.19,-1.97,-4.08,19.12
PBFB,PGIM S&P 500 Buffer 20 ETF - February,North America,31.67,1919,5003,35527915.71,0.50,-0.12,-0.58,0.30,3.99,4.59,4.05,12.63
LST,Leuthold Select Industries ETF,North America,45.91,23115,24455,173296378.62,0.65,-0.63,-0.58,2.00,11.05,14.26,14.30,29.73
MYCF,State Street My2026 Corporate Bond ETF,North America,25.02,32075,12811,44989846.20,0.15,0.00,-0.58,-0.02,-0.02,-0.22,-0.50,0.08
QWLD,State Street SPDR MSCI World StrategicFactors ETF,Developed markets,150.17,2501,12126,168800895.00,0.30,0.12,-0.58,-0.45,2.76,4.92,4.36,13.44
VGMS,Vanguard Multi-Sector Income Bond ETF,Global,50.99,20013,33547,225132600.00,0.30,0.17,-0.59,-0.47,-0.67,-1.45,-1.24,1.27
JHMB,John Hancock Mortgage-Backed Securities ETF,North America,21.85,14561,50924,202041962.50,0.39,0.18,-0.59,-1.04,-2.02,-1.89,-1.53,1.39
FTHI,First Trust BuyWrite Income ETF,North America,23.54,1037924,622114,2279344292.00,0.75,-0.38,-0.59,-1.05,0.30,-0.97,-0.97,4.44
PSMR,Pacer Swan SOS Moderate (April) ETF,North America,31.94,119,6547,89516000.00,0.49,-0.06,-0.59,0.29,6.22,7.55,7.01,14.16
IMAY,Innovator International Developed Power Buffer ETF - May,Developed markets,31.30,8969,80067,54109825.00,0.85,-0.03,-0.59,-0.71,3.73,5.51,4.56,11.60
BESO,GSR Crypto Core3 ETF,Global,23.11,260,4436,7803147.00,1.00,-2.21,-0.59,-9.89,-11.58,-11.58,-11.58,-11.58
XMAG,Defiance Large Cap ex-Mag 7 ETF,North America,24.94,41874,26878,142197900.00,0.35,0.05,-0.59,2.94,9.54,10.12,10.36,20.90
AUGT,AllianzIM U.S. Large Cap Buffer10 Aug ETF,North America,37.63,296,6585,29214555.00,0.74,-0.18,-0.59,0.53,5.65,5.91,5.34,18.01
AOM,iShares Core 40/60 Moderate Allocation ETF,Global,49.30,138520,146538,1755075809.70,0.15,-0.20,-0.60,-0.16,2.35,2.41,3.03,9.68
PGHY,Invesco Global ex-US High Yield Corporate Bond ETF,Global Ex-U.S.,19.73,37584,52653,219822250.00,0.35,-0.10,-0.60,-1.00,-0.50,-0.95,-0.85,0.16
QUS,State Street SPDR MSCI USA StrategicFactors ETF,North America,184.04,9826,13737,1506734174.00,0.15,0.21,-0.60,0.82,4.36,6.14,5.46,15.03
MSSM,Morgan Stanley Pathway Small-Mid Cap Equity ETF,North America,58.71,8405,24498,718260456.34,0.62,0.52,-0.60,0.91,11.68,12.92,15.19,28.24
OAKG,Oakmark Global Large Cap ETF,Global,25.34,47355,3044,33133734.50,0.62,0.48,-0.60,-0.18,1.36,-0.63,-1.71,-0.63
JSMD,Janus Henderson Small/Mid Cap Growth Alpha ETF,North America,94.00,164506,103802,1035556751.38,0.30,0.01,-0.60,1.89,16.78,10.95,14.27,22.34
RWIN,Rayliant NxtGen Multifactor International Equity ETF,Developed markets,25.90,600,,1940250.00,0.42,0.49,-0.60,-1.43,-0.51,-0.51,-0.51,-0.51
ITA,iShares U.S. Aerospace & Defense ETF,North America,230.45,866666,915512,13757240225.40,0.38,1.40,-0.60,2.58,-3.37,12.76,6.93,25.93
ACTS,FIS Tactical Equity ETF,Global,27.26,19174,4261,8910231.00,0.69,0.94,-0.60,-2.62,11.70,11.70,11.70,11.70
BUFC,AB Conservative Buffer ETF,North America,42.29,195819,50289,1040101483.85,0.69,-0.05,-0.61,0.31,3.40,2.48,2.27,7.86
IGBH,iShares Interest Rate Hedged Long-Term Corporate Bond ETF,North America,24.63,28470,76086,194571470.00,0.14,0.02,-0.61,0.53,2.24,-0.08,0.00,2.93
DLAG,FT Vest U.S. Equity Dual Directional Buffer ETF - August,North America,32.74,152,7417,16386065.54,0.85,-0.13,-0.61,0.40,4.68,5.25,4.68,7.11
XAPR,FT Vest U.S. Equity Enhance & Moderate Buffer ETF - April,North America,37.43,3416,12754,30943350.01,0.85,-0.16,-0.61,0.08,2.04,3.19,2.63,7.65
CEW,WisdomTree Emerging Currency Strategy Fund,Emerging markets,19.33,726,2930,15405600.00,0.55,0.73,-0.61,-1.32,0.89,0.37,2.06,5.00
IQSI,NYLI Candriam International Equity ETF,Developed markets,37.71,4251,29618,240558138.75,0.15,-0.04,-0.61,0.11,3.23,7.56,6.27,13.04
QQQA,ProShares Nasdaq-100 Dorsey Wright Momentum ETF,North America,76.49,54912,36385,52671920.00,0.58,-2.25,-0.61,8.40,44.70,51.91,50.45,74.47
DHSB,Day Hagan Smart Buffer ETF,North America,26.87,7250,14210,36778977.14,0.68,-0.23,-0.62,0.01,3.58,2.88,3.28,7.71
GSEP,FT Vest U.S. Equity Moderate Buffer ETF - September,North America,40.57,72198,150701,326055831.26,0.85,-0.12,-0.62,0.30,4.45,5.10,4.24,12.94
PRFZ,Invesco RAFI US 1500 Small-Mid ETF,North America,51.49,114180,224442,2670353540.00,0.34,0.65,-0.62,0.41,10.21,8.88,11.40,27.83
PHEQ,Parametric Hedged Equity ETF,North America,34.17,17214,15657,136880000.00,0.29,-0.13,-0.62,0.46,5.16,4.32,4.70,13.41
BYLD,iShares Yield Optimized Bond ETF,North America,22.50,58963,183694,449105080.00,0.13,0.09,-0.62,-0.62,-0.88,-1.57,-1.21,1.31
XDEC,FT Vest U.S. Equity Enhance & Moderate Buffer ETF - December,North America,42.49,4196,4105,174463285.10,0.85,-0.21,-0.62,0.37,3.88,4.36,3.90,11.31
AUGP,PGIM S&P 500 Buffer 12 ETF - August,North America,32.71,417,4413,21621632.76,0.50,-0.12,-0.62,0.54,5.15,5.31,5.00,17.18
RTRE,Rareview Total Return Bond ETF,Global,24.75,852,25936,55341940.33,0.70,0.20,-0.63,-1.20,-2.08,-2.49,-1.85,0.54
BUFX,FT Vest Laddered Enhance & Moderate Buffer ETF,North America,22.01,5418,4041,12122044.08,0.96,-0.23,-0.63,0.30,3.36,4.02,3.58,9.23
AHYB,American Century Select High Yield ETF,Global,46.08,1181,2227,59817160.00,0.45,0.12,-0.63,-0.40,-0.48,-1.46,-1.29,0.21
TLTW,iShares 20+ Year Treasury Bond BuyWrite Strategy ETF,North America,22.03,1696804,1770590,1926611995.00,0.35,0.46,-0.63,-1.39,-3.38,-4.59,-2.95,-1.65
HYGH,iShares Interest Rate Hedged High Yield Bond ETF,North America,86.31,35070,61367,530540820.00,0.52,-0.09,-0.63,0.20,0.86,-0.06,-0.08,0.54
GNOV,FT Vest U.S. Equity Moderate Buffer ETF - November,North America,41.43,5307,18865,302825982.97,0.85,-0.18,-0.63,0.11,4.69,4.77,4.22,16.10
ABNY,YieldMax ABNB Option Income Strategy ETF,North America,39.40,1349,4861,5411968.71,1.02,-1.74,-0.63,-6.75,-9.11,-12.58,-16.14,-36.34
DMAR,FT Vest U.S. Equity Deep Buffer ETF - March,North America,44.43,12723,9190,418027488.94,0.85,-0.21,-0.63,0.10,5.61,7.44,6.66,13.91
XES,State Street SPDR S&P Oil & Gas Equipment & Services ETF,North America,120.55,141625,115409,565873640.84,0.35,-2.20,-0.63,-1.50,9.11,38.60,46.58,85.09
IDOG,ALPS International Sector Dividend Dogs ETF,Developed markets,43.32,20100,24404,541000000.00,0.50,-0.07,-0.64,0.98,5.99,11.85,11.22,28.62
SMCO,Hilton Small-MidCap Opportunity ETF,North America,29.72,23436,13246,134281420.00,0.55,0.63,-0.64,0.43,9.29,6.74,10.76,19.01
PAPR,Innovator U.S. Equity Power Buffer ETF - April,North America,41.91,28634,36523,947657865.00,0.79,-0.05,-0.64,0.23,5.99,7.70,7.08,14.01
BAMV,Brookstone Value Stock ETF,North America,35.10,12932,10400,101145600.00,0.91,-0.02,-0.64,1.31,6.92,7.18,7.31,11.86
YDEC,FT Vest International Equity Moderate Buffer ETF - December,Developed markets,27.21,7843,9028,157156854.19,0.90,0.08,-0.64,0.06,2.70,4.60,3.28,9.17
FJUL,FT Vest U.S. Equity Buffer ETF - July,North America,58.90,8096,25023,1171229518.01,0.85,-0.12,-0.64,0.53,5.16,5.94,5.20,17.31
XYLD,Global X S&P 500 Covered Call ETF,North America,40.34,1156454,637050,3153996922.57,0.60,-0.49,-0.64,-0.64,-0.44,-0.35,-1.05,4.10
XLUI,State Street Utilities Select Sector SPDR Premium Income ETF,North America,23.80,15676,27696,18679619.40,0.35,0.91,-0.64,-2.75,-5.12,-1.55,-0.52,-6.42
UCRD,VictoryShares Corporate Bond ETF,North America,21.40,118,171,150378795.68,0.40,-0.05,-0.65,-0.74,-0.60,-1.29,-1.34,1.64
SOXQ,Invesco PHLX Semiconductor ETF,North America,99.62,6456696,2590108,2554802321.62,0.19,-1.96,-0.65,10.63,59.96,71.14,74.19,148.93
THRV,Prospera Income ETF,Global,24.30,185,3177,6671005.00,1.80,-0.01,-0.65,-0.90,-1.82,-2.16,-1.42,-2.80
BAUG,Innovator U.S. Equity Buffer ETF - August,North America,52.96,4178,4056,193627755.00,0.79,-0.08,-0.65,0.68,5.70,6.12,5.47,18.50
PBAP,PGIM S&P 500 Buffer 20 ETF - April,North America,30.78,801,5721,31446630.83,0.50,-0.08,-0.65,0.09,5.23,6.72,6.28,12.51
IBIJ,iShares iBonds Oct 2033 Term TIPS ETF,North America,26.04,7995,7203,46721156.40,0.10,0.13,-0.65,-1.18,-0.86,-0.80,0.62,2.04
DNL,WisdomTree Global ex-U.S. Quality Growth Fund,Global Ex-U.S.,44.53,15675,27062,472102800.00,0.42,-0.24,-0.65,-1.15,6.25,7.56,6.51,12.82
POCT,Innovator U.S. Equity Power Buffer ETF - October,North America,45.94,191533,100297,974897000.00,0.79,-0.16,-0.65,0.44,4.60,4.98,4.50,13.24
FTHB,FIS Faith Income ETF,Global,25.22,14749,2066,6031656.00,0.65,0.25,-0.66,-0.60,0.95,0.95,0.95,0.95
QEFA,State Street SPDR MSCI EAFE StrategicFactors ETF,Developed markets,95.07,67691,50198,1021558503.50,0.30,0.37,-0.66,-2.48,1.11,5.94,3.94,12.10
DEFR,Aptus Deferred Income ETF,North America,26.45,20760,32805,136019225.00,0.79,0.01,-0.66,-1.07,-1.66,-1.00,-1.04,5.22
MAXJ,iShares Large Cap Max Buffer Jun ETF,North America,29.02,26428,25831,136920171.92,0.50,0.03,-0.66,0.58,2.32,2.30,2.77,7.88
ISWN,Amplify BlackSwan ISWN ETF,Developed markets,21.96,1517,2690,36256770.00,0.49,0.18,-0.66,-1.66,-0.35,1.78,1.90,8.09
GOLS,Gabelli Opportunities in Live and Sports ETF,Global,26.26,4177,2071,29124876.00,0.00,0.87,-0.66,2.42,5.33,4.81,4.81,4.81
JULB,Aptus July Buffer ETF,North America,27.07,286,4372,36563670.00,0.25,-0.06,-0.66,0.85,5.62,5.99,5.16,8.32
GVAL,Cambria Global Value ETF,Global,35.35,112713,324035,436796552.26,0.66,0.68,-0.67,-1.24,6.03,12.90,11.62,31.12
THLV,THOR Equal Weight Low Volatility ETF,North America,32.39,36256,10719,58731400.00,0.64,0.37,-0.67,-0.40,0.90,6.51,8.36,15.18
EBND,State Street SPDR Bloomberg Emerging Markets Local Bond ETF,Emerging markets,20.71,416413,313180,2238441912.00,0.30,0.51,-0.67,-2.17,-2.31,-2.63,-3.27,-0.91
TDTF,FlexShares iBoxx 5 Year Target Duration TIPS Index Fund,North America,23.74,320335,187873,1028818723.71,0.18,0.08,-0.67,-2.18,-2.30,-1.62,-0.96,0.21
BUFD,FT Vest Laddered Deep Buffer ETF,North America,29.50,354262,260758,1871901959.00,0.95,-0.10,-0.67,0.51,4.42,4.80,4.17,13.64
INTF,iShares International Equity Factor ETF,Developed markets,40.96,550416,300410,3408797858.40,0.16,0.05,-0.68,-0.97,4.49,8.56,7.39,19.80
NAUG,Innovator Growth-100 Power Buffer ETF - August,North America,31.35,1279,48919,41663962.50,0.79,-0.31,-0.68,0.50,5.52,6.49,6.37,16.73
IVSI,Applied Finance IVS International Large ETF,Developed markets,28.13,920,1199,7702117.50,0.65,1.21,-0.68,0.27,5.68,10.08,8.73,10.08
FTKI,First Trust Small Cap BuyWrite Income ETF,North America,19.55,16511,4174,23401239.00,0.86,0.22,-0.68,-1.87,-0.27,1.97,2.86,4.97
KJUN,Innovator U.S. Small Cap Power Buffer ETF - June,North America,29.02,23834,49270,43493400.00,0.79,0.17,-0.68,-0.38,2.62,3.87,3.68,13.09
SIXF,AllianzIM U.S. Large Cap 6 Month Buffer10 Feb/Aug ETF,North America,33.71,873,8392,45580185.00,0.74,-0.07,-0.68,0.47,5.30,6.22,5.63,15.98
CGDV,Capital Group Dividend Value ETF,North America,48.12,3994734,3591582,34940926314.11,0.33,0.38,-0.68,1.78,7.92,10.27,9.76,26.17
DDDD,YieldMax U.S. Stocks Target Double Distribution ETF,North America,32.35,6940,4026,4844280.00,1.01,0.14,-0.69,2.01,4.82,4.82,4.82,4.82
EWUS,iShares MSCI United Kingdom Small-Cap ETF,Europe,42.31,4360,5689,42163620.00,0.59,0.70,-0.69,-1.43,1.87,2.88,1.30,3.48
PSCW,Pacer Swan SOS Conservative (April) ETF,North America,29.81,268,1420,59660000.00,0.49,0.01,-0.70,0.22,5.67,7.00,6.84,13.43
SMMD,iShares Russell 2500 ETF,North America,87.33,146983,312545,3383413873.60,0.15,0.55,-0.70,0.91,12.84,13.93,16.01,30.25
DGJA,FT Vest U.S. Equity Buffer & Digital Return ETF - January,North America,31.33,69,788,4707362.76,0.85,-0.03,-0.70,0.93,3.64,3.23,3.23,3.23
JOJO,ATAC Credit Rotation ETF,North America,15.51,3315,5327,5782762.50,1.24,0.51,-0.70,-0.70,-1.52,-0.38,-0.13,3.95
SSCP,SMART Small Cap ETF,North America,24.83,352,,3195062.00,0.79,0.76,-0.70,0.71,0.71,0.71,0.71,0.71
HEQT,Simplify Hedged Equity ETF,North America,33.28,81841,45137,314486583.28,0.43,0.03,-0.70,0.21,3.33,3.45,3.64,12.05
VTG,Vanguard Total Treasury ETF,North America,74.82,12791,35686,134334000.00,0.03,0.18,-0.70,-0.84,-1.86,-2.11,-1.87,-0.39
BBHM,BBH Select Mid Cap ETF,Global,11.37,184371,131327,470607373.27,0.81,1.34,-0.70,-4.05,0.98,-1.56,-0.09,1.88
FXE,Invesco CurrencyShares Euro Currency Trust,Europe,106.53,766235,213100,388761500.00,0.40,0.10,-0.70,-1.95,-0.36,-1.67,-1.53,1.30
MSSS,Monarch Select Subsector Index ETF,North America,34.25,20055,10416,134798400.00,1.43,0.59,-0.70,3.22,10.23,12.74,13.06,19.05
DSEP,FT Vest U.S. Equity Deep Buffer ETF - September,North America,46.97,4219,10269,348177494.10,0.85,-0.15,-0.70,0.32,4.70,4.84,4.42,13.26
DMXF,iShares ESG Advanced MSCI EAFE ETF,Developed markets,82.64,45872,90796,1159903929.00,0.12,0.23,-0.71,0.58,7.28,6.60,8.50,11.12
PBDE,PGIM S&P 500 Buffer 20 ETF - December,North America,30.69,5364,6144,39014430.72,0.50,-0.08,-0.71,0.40,4.39,4.32,4.14,13.92
QBKV,AllianzIM U.S. Small Cap Buffer5 ETF,North America,27.10,8,,6115567.50,0.74,-0.73,-0.71,0.71,7.52,7.52,7.52,7.52
TIPC,Northern Trust 2045 Inflation-Linked Distributing Ladder ETF,North America,98.85,452,403,3949196.00,0.10,-0.17,-0.71,-2.26,-2.76,-1.91,-1.46,-1.43
SCHA,Schwab U.S. Small-Cap ETF,North America,33.65,2773965,2237872,22443318000.00,0.04,0.45,-0.71,1.11,14.61,15.12,17.62,34.22
EDOW,First Trust Dow 30 Equal Weight ETF,North America,43.63,4735,12070,306760627.66,0.50,0.19,-0.71,2.03,3.86,5.39,5.83,16.66
IYLD,iShares Morningstar Multi-Asset Income ETF,Global,22.04,11505,19133,126549363.75,0.50,0.13,-0.71,-1.08,0.68,2.36,2.69,8.19
EFAV,iShares MSCI EAFE Min Vol Factor ETF,Developed markets,89.70,656809,505238,5188478972.00,0.20,0.22,-0.71,-1.63,-0.93,4.08,3.42,5.89
MRNY,YieldMax MRNA Option Income Strategy ETF,North America,15.29,78445,166871,83691018.73,1.00,0.39,-0.71,-5.85,-24.90,-1.35,3.73,-38.84
RINF,ProShares Inflation Expectations ETF,North America,32.72,2952,2682,18358536.00,0.30,-0.11,-0.71,0.52,1.77,0.60,1.35,-1.01
JIRE,JPMorgan International Research Enhanced Equity ETF,Developed markets,80.04,588187,523466,10745896665.92,0.24,0.28,-0.71,-0.85,3.72,5.07,5.58,14.60
PJAN,Innovator U.S. Equity Power Buffer ETF - January,North America,49.12,32581,142639,1492293250.00,0.79,-0.14,-0.71,0.43,4.73,5.18,4.16,13.84
INDQ,Pacer ActiveAlpha India Quality ETF,Asia-Pacific,26.24,73,2256,1036244.00,0.88,0.78,-0.71,-4.16,3.40,3.40,3.40,3.40
APRB,Aptus April Buffer ETF,North America,26.65,1837,1606,22415400.00,0.25,-0.05,-0.71,0.23,4.30,4.35,4.02,6.73
JELH,Janus Henderson Equity Linked High Income ETF,North America,25.26,2921,6751,13805000.00,0.59,-0.06,-0.71,0.04,0.48,0.48,0.48,0.48
ABUF,Aptus Laddered Buffer ETF,North America,26.78,1525,3014,1607526.00,0.30,0.05,-0.71,0.52,6.60,6.60,6.60,6.60
BBCA,JPMorgan BetaBuilders Canada ETF,North America,99.93,259806,345694,10437351230.68,0.19,-0.01,-0.72,0.54,3.04,8.25,7.26,25.73
IBIH,iShares iBonds Oct 2031 Term TIPS ETF,North America,26.25,9848,11536,55016091.90,0.10,0.10,-0.72,-0.98,-0.64,-0.57,0.77,1.51
BKIE,BNY Mellon International Equity ETF,Developed markets,98.54,89592,45052,1214375500.00,0.04,0.06,-0.72,-0.56,3.31,6.46,5.24,16.41
NDIA,Global X India Active ETF,Asia-Pacific,25.91,59568,26473,58152496.29,0.75,0.44,-0.72,-5.74,-5.60,-12.90,-13.48,-18.84
EUDV,ProShares MSCI Europe Dividend Growers ETF,Europe,53.50,34,636,8295615.50,0.55,0.91,-0.72,-0.61,3.26,2.89,2.35,-1.38
RW,Rainwater Equity ETF,Developed markets,24.71,1177,2185,17643168.00,1.27,0.92,-0.72,0.28,3.04,-1.24,0.24,-1.00
BBP,Virtus Biotech ETF,North America,85.37,3383,11508,75651636.23,0.34,1.52,-0.73,-2.99,1.54,9.86,6.41,39.29
OAKI,Oakmark International Large Cap ETF,Global Ex-U.S.,25.39,8922,7690,77209601.08,0.65,0.61,-0.73,-1.35,1.61,-0.57,-1.88,-0.57
PPI,Astoria Real Assets ETF,Global,21.16,47673,32927,154304332.01,0.58,-0.31,-0.73,-4.45,0.17,14.17,12.17,33.05
DJAN,FT Vest U.S. Equity Deep Buffer ETF - January,North America,45.12,6404,18287,466824315.43,0.85,-0.11,-0.73,0.49,4.44,4.69,3.63,14.26
QUSA,VistaShares Target 15 USA Quality Income ETF,North America,18.38,15022,12788,18891877.50,0.95,-0.27,-0.73,-0.57,2.14,0.79,0.57,-10.58
FESM,Fidelity Enhanced Small Cap Core ETF,North America,44.94,1051067,665885,5222269224.40,0.28,0.72,-0.73,0.92,16.76,15.68,17.95,42.67
LTPZ,Pimco 15 Year U.S. TIPS Index Exchange-Traded Fund,North America,50.40,77927,113653,700036700.00,0.20,0.60,-0.73,-2.25,-3.37,-4.15,-2.76,-0.40
IBII,iShares iBonds Oct 2032 Term TIPS ETF,North America,25.94,96514,12828,41412304.00,0.10,0.05,-0.73,-1.18,-0.77,-0.77,0.74,1.53
XV,Simplify Target 15 Distribution ETF,North America,24.41,24054,25319,62191974.39,0.75,-0.12,-0.73,-0.77,-0.16,-9.09,-4.12,-6.97
GRW,TCW Durable Growth ETF,Global,31.28,1548,5382,69787150.71,0.75,0.88,-0.73,2.69,5.46,0.03,0.32,-8.99
DYLG,Global X Dow 30 Covered Call & Growth ETF,North America,27.38,9189,3425,6019266.91,0.35,0.08,-0.73,2.35,3.89,-2.22,2.93,6.37
LFBE,LifeX 2065 Longevity Income ETF,North America,183.17,4,5,3143326.10,0.25,0.46,-0.74,-1.12,-4.37,-3.38,-2.98,-3.43
ATTR,Arin Tactical Tail Risk ETF,North America,93.74,860,771,93857776.95,0.63,-0.16,-0.74,-0.18,2.54,3.62,3.63,4.20
USOY,Defiance Oil Enhanced Options Income ETF,Global,8.10,408268,426185,65771145.00,1.12,-2.41,-0.74,-3.80,5.33,21.62,24.62,-17.09
FKU,First Trust,Europe,52.82,1137,10318,36967105.62,0.80,0.04,-0.74,-2.21,0.81,7.06,3.70,14.58
NUDM,Nuveen ESG International Developed Markets Equity ETF,Developed markets,38.56,39843,48815,672582832.25,0.27,0.28,-0.74,-1.01,4.03,-0.48,5.19,10.53
CGIE,Capital Group International Equity ETF,Developed markets,36.00,624269,484954,2224823847.14,0.54,0.00,-0.74,-0.96,3.39,3.84,2.19,10.16
VIGI,Vanguard International Dividend Appreciation ETF,Global Ex-U.S.,93.25,576896,309556,8682897656.63,0.07,0.15,-0.74,0.44,3.05,2.17,1.44,3.13
PBOC,PGIM S&P 500 Buffer 20 ETF - October,North America,30.34,709,10621,41965830.41,0.50,-0.22,-0.74,0.21,3.85,4.31,4.13,11.77
FEBW,AllianzIM U.S. Large Cap Buffer20 Feb ETF,North America,35.31,6203,83995,193452007.50,0.74,-0.14,-0.74,0.28,4.06,4.68,4.09,12.48
DFIV,Dimensional International Value ETF,Developed markets,54.79,1097151,1189760,19833387401.28,0.27,-0.15,-0.74,-0.58,3.81,10.80,8.88,28.43
HSCZ,iShares Currency Hedged MSCI EAFE Small-Cap ETF,Developed markets,42.69,51598,22614,222432145.81,0.43,0.33,-0.74,-0.14,6.15,9.71,8.91,22.68
BUFZ,FT Vest Laddered Moderate Buffer ETF,North America,27.69,244640,164508,962540305.40,0.95,-0.07,-0.75,0.25,4.14,4.89,4.18,13.02
LFDR,LifeX Durable Income ETF,North America,183.22,10,14,843788.37,0.25,0.46,-0.75,-1.13,-2.46,-3.65,-3.03,-3.94
GMOD,GMO Dynamic Allocation ETF,Global,27.25,1987,8373,40233504.00,0.50,0.19,-0.75,-0.02,3.51,5.44,5.48,9.91
MARW,AllianzIM U.S. Large Cap Buffer20 Mar ETF,North America,35.84,290,4171,86124480.00,0.74,-0.07,-0.75,0.27,3.36,4.87,4.37,12.09
ACWV,iShares MSCI Global Min Vol Factor ETF,Global,121.02,75647,93462,3244316975.10,0.20,0.31,-0.75,-0.06,-0.57,1.45,1.68,2.02
QCOC,FT Vest Nasdaq-100 Conservative Buffer ETF - October,North America,23.66,6768,19383,68840247.48,0.90,-0.24,-0.75,0.18,5.35,5.49,4.89,13.43
TIIV,AAM Todd International Intrinsic Value ETF,Global Ex-U.S.,29.12,121,4612,31465626.05,0.54,0.11,-0.75,-1.05,3.51,6.07,6.55,16.98
MFUL,Mindful Conservative ETF,Global,22.26,995,432,7786801.02,1.48,0.05,-0.75,-0.09,1.97,0.36,2.30,2.82
AWAY,Amplify Travel Tech ETF,Global,17.22,9370,10155,23289120.00,0.75,-0.69,-0.75,-4.76,2.56,-17.78,-17.73,-20.39
GDEC,FT Vest U.S. Equity Moderate Buffer ETF - December,North America,39.45,10586,10121,433786954.05,0.85,-0.10,-0.75,0.38,4.48,5.06,4.06,14.51
DHDG,FT Vest U.S. Equity Quarterly 2.5 to 15 Buffer ETF,North America,36.12,4803,37528,142918972.36,0.85,-0.16,-0.76,0.37,5.32,6.34,5.93,14.07
SPBX,AllianzIM 6 Month Buffer10 Allocation ETF,North America,28.86,8286,7421,55566472.50,0.79,-0.14,-0.76,0.20,2.81,5.40,4.90,13.41
TOS,Twin Oak Strategic Solutions ETF,North America,29.08,23379,1811,152373217.50,0.36,-1.20,-0.76,0.73,13.88,15.09,15.09,15.09
NMAY,Innovator Growth-100 Power Buffer ETF - May,North America,29.07,22419,91663,62104400.00,0.79,-0.57,-0.76,-0.46,3.62,5.08,4.40,12.18
BEEZ,Honeytree U.S. Equity ETF,North America,33.09,95,152,5574334.00,0.64,0.89,-0.76,0.76,0.04,-1.04,1.23,1.48
BBIN,JPMorgan BetaBuilders International Equity ETF,Developed markets,77.45,33609,118173,6383328000.00,0.07,0.07,-0.76,-0.72,3.67,6.08,5.83,14.86
FLIN,Franklin FTSE India ETF,Asia-Pacific,34.11,419740,350081,2461126500.00,0.19,0.65,-0.76,-4.56,-3.29,-10.80,-12.20,-13.60
TPFI,Timothy Plan Fixed Income ETF,North America,24.81,1355,,20478393.44,0.55,-0.26,-0.76,-0.90,-0.88,-0.88,-0.88,-0.88
KROP,Global X AgTech & Food Innovation ETF,Global,33.86,3274,2750,8987964.63,0.50,-1.23,-0.77,-3.98,-3.62,7.43,10.83,4.50
IEO,iShares U.S. Oil & Gas Exploration & Production ETF,North America,115.05,96362,90802,553208268.90,0.38,-2.27,-0.77,1.10,3.65,21.13,28.85,31.71
GSIE,Goldman Sachs ActiveBeta International Equity ETF,Developed markets,45.20,620504,392882,5718680000.00,0.25,0.16,-0.77,-1.22,3.06,6.00,4.41,14.43
XBAP,Innovator U.S. Equity Accelerated 9 Buffer ETF - April,North America,41.54,5320,8616,133050240.00,0.79,-0.19,-0.77,0.41,6.53,8.08,7.50,14.62
MID,American Century Mid Cap Growth Impact ETF,North America,66.63,478,3874,97245381.50,0.45,0.47,-0.77,1.86,5.93,-1.52,2.05,3.47
NBOS,Neuberger Option Strategy ETF,North America,27.69,15787,66585,459350941.96,0.57,-0.18,-0.77,-1.12,0.71,1.82,0.75,8.06
CBOJ,Calamos Bitcoin Structured Alt Protection ETF - January,Global,23.65,1757,7574,20204523.77,0.69,-0.16,-0.77,-2.00,-0.58,-5.18,-1.88,-7.16
BLDX,Impax Global Sustainable Infrastructure ETF,Global,26.14,87,13474,113158219.87,0.60,0.94,-0.77,-2.67,-0.01,3.42,3.42,3.42
CXSE,WisdomTree China ex-State-Owned Enterprises Fund,Asia-Pacific,39.07,90539,32106,498417000.00,0.32,1.39,-0.77,-5.20,-0.75,-4.60,-5.20,13.60
ESUM,Eventide US Market ETF,North America,29.55,36521,26481,168009788.18,0.39,0.24,-0.77,2.36,9.20,7.93,8.92,16.06
OVB,Overlay Shares Core Bond ETF,North America,20.39,9671,15326,46915509.00,0.79,0.05,-0.78,-1.35,-1.54,-2.49,-0.89,1.49
APRT,AllianzIM U.S. Large Cap Buffer10 Apr ETF,North America,45.41,1574,1287,47754000.00,0.74,-0.11,-0.78,0.29,8.12,9.69,9.07,17.71
OPTZ,Optimize Strategy Index ETF,North America,45.41,3626,4996,262848960.00,0.25,-0.45,-0.78,3.58,22.04,23.00,25.41,55.14
FAUG,FT Vest U.S. Equity Buffer ETF - August,North America,55.81,13707,18904,1175823236.85,0.85,-0.14,-0.78,0.43,5.38,5.73,5.12,16.76
SMIZ,Zacks Small/Mid Cap ETF,North America,42.09,30174,23318,256928549.36,0.55,-0.14,-0.78,0.12,11.85,11.08,12.93,26.92
DDTM,Innovator Equity Dual Directional 10 Buffer ETF - March,North America,19.87,224,2157,12942280.00,0.79,-0.02,-0.78,0.37,4.87,3.45,3.45,3.45
IBIL,iShares iBonds Oct 2035 Term TIPS ETF,North America,25.54,5665,7709,38186820.00,0.10,0.18,-0.78,-1.37,-0.91,-1.10,0.47,2.63
DLNV,FT Vest U.S. Equity Dual Directional Buffer ETF - November,North America,32.60,267,3361,19588865.30,0.85,-0.15,-0.78,0.42,5.97,5.15,4.44,6.57
DDFZ,Innovator Equity Dual Directional 15 Buffer ETF - June,North America,19.20,219825,,105074010.00,0.79,-0.10,-0.78,-0.78,-0.78,-0.78,-0.78,-0.78
QARP,Xtrackers Russell 1000 US Quality at a Reasonable Price ETF,North America,64.41,2330,3652,74198064.52,0.19,-0.18,-0.79,-0.22,6.02,8.44,9.14,21.80
DDX,Defined Duration 10 ETF,Global,25.06,3178,4018,68119408.00,0.25,0.07,-0.79,-0.24,1.91,2.41,3.43,7.88
PABD,iShares Paris-Aligned Climate Optimized MSCI World ex USA ETF,Developed markets,68.25,544,7772,317390065.20,0.12,0.23,-0.79,-0.59,4.17,4.80,4.93,13.47
VNIE,Vontobel International Equity Active ETF,Global Ex-U.S.,25.66,103,151,8933036.84,0.60,0.18,-0.79,-3.95,2.03,2.91,0.82,-1.85
MCHS,Matthews China Innovators Active ETF,Asia-Pacific,45.36,562,17107,21293280.00,0.89,2.21,-0.79,0.68,17.26,35.40,36.34,59.60
DOCT,FT Vest U.S. Equity Deep Buffer ETF - October,North America,46.22,5865,9681,386571692.59,0.85,-0.08,-0.79,0.22,4.55,4.69,4.39,15.15
IVOL,Quadratic Interest Rate Volatility and Inflation Hedge ETF,North America,17.60,99508,121336,309055368.15,0.98,0.06,-0.79,-3.93,-6.88,-8.24,-7.95,-8.19
DECW,AllianzIM U.S. Large Cap Buffer20 Dec ETF,North America,35.34,203327,20888,232758945.00,0.74,-0.20,-0.79,0.35,4.23,4.39,4.02,13.36
PBEU,Portfolio Building Block European Banks Index ETF,Europe,30.52,45408,54594,538518980.00,0.13,0.35,-0.79,0.38,8.41,9.18,4.19,18.05
EQL,ALPS Equal Sector Weight ETF,North America,50.21,22053,54173,730518750.00,0.19,0.48,-0.79,-0.06,3.44,7.86,7.70,16.36
PBJA,PGIM S&P 500 Buffer 20 ETF - January,North America,32.01,769,4749,59989632.08,0.50,-0.21,-0.79,0.33,3.74,4.12,3.48,11.71
KSPY,KraneShares Hedgeye Hedged Equity Index ETF,North America,28.69,25123,14083,96335146.48,0.88,-0.30,-0.79,0.28,2.72,-0.76,4.14,9.78
PSMO,Pacer Swan SOS Moderate (October) ETF,North America,32.20,140,437,99192427.50,0.49,-0.18,-0.79,0.29,4.93,5.06,4.64,13.59
DGAP,FT Vest U.S. Equity Buffer & Digital Return ETF - April,North America,30.23,723,4846,6050260.50,0.85,-0.58,-0.80,0.11,1.29,1.29,1.29,1.29
LFAW,LifeX 2060 Longevity Income ETF,North America,173.61,5,35,3392623.42,0.25,0.41,-0.80,-1.19,-2.55,-3.47,-3.23,-1.60
DDEC,FT Vest U.S. Equity Deep Buffer ETF - December,North America,46.94,3453,9765,423297094.07,0.85,-0.18,-0.80,0.54,4.48,4.88,3.93,14.86
ZJUN,Innovator Equity Defined Protection ETF - 1 Yr June,North America,27.31,210331,142559,119955880.00,0.79,-0.07,-0.80,-0.18,1.30,2.17,1.75,5.61
GAUD,Guinness Atkinson US Dividend Builder ETF,North America,24.60,20,28,245784.00,0.35,-0.80,-0.80,1.38,1.38,-2.01,-0.26,-2.01
QRMI,Global X NASDAQ 100 Risk Managed Income ETF,North America,15.45,7137,9716,15834576.96,0.60,-0.48,-0.80,-0.73,-1.43,-3.70,-3.64,-3.82
DDTO,Innovator Equity Dual Directional 10 Buffer ETF - October,North America,22.71,14487,8101,31291975.00,0.79,-0.09,-0.81,0.78,5.11,5.26,4.97,7.25
ZAP,Global X U.S. Electrification ETF,North America,33.08,58206,120015,433804636.86,0.50,0.82,-0.81,-2.65,1.66,12.52,13.13,26.31
RCGE,RockCreek Global Equality ETF,Global,29.11,1,21,93446136.00,0.95,0.74,-0.81,-0.16,3.37,1.28,2.71,10.01
AQLG,HCM Large Cap Growth ETF,North America,24.98,1270,,73243931.40,0.65,-0.07,-0.82,-0.82,-0.82,-0.82,-0.82,-0.82
MCVT,Miller Convertible Total Return ETF,North America,27.13,10058,8235,10820000.00,0.85,0.23,-0.82,1.33,8.07,8.07,8.07,8.07
FDD,First Trust STOXX European Select Dividend Index Fund,Europe,19.34,169122,112472,857490239.51,0.56,0.47,-0.82,0.00,8.65,13.17,9.33,25.83
PFEB,Innovator U.S. Equity Power Buffer ETF - February,North America,42.66,29039,30036,921777545.00,0.79,-0.16,-0.82,0.31,4.69,5.41,4.58,14.52
ISCG,iShares Morningstar Small-Cap Growth ETF,North America,61.69,20810,34607,946503049.80,0.06,0.31,-0.82,-0.61,9.32,8.08,10.30,25.34
BBHL,BBH Select Large Cap ETF,Global,16.87,67855,36546,525700220.17,0.71,0.24,-0.82,1.26,8.00,5.50,4.14,6.44
BSEP,Innovator U.S. Equity Buffer ETF - September,North America,52.10,3422,5492,212834805.00,0.79,-0.22,-0.82,0.37,5.64,6.15,5.75,18.55
PMAR,Innovator U.S. Equity Power Buffer ETF - March,North America,47.37,38027,27065,756157220.00,0.79,-0.16,-0.82,0.15,4.27,5.90,5.20,14.12
PMAY,Innovator U.S. Equity Power Buffer ETF - May,North America,40.99,48249,459343,817873430.00,0.79,-0.17,-0.82,0.15,2.74,4.14,3.41,10.25
TMSL,T. Rowe Price Small-Mid Cap ETF,North America,41.16,270662,444292,2328371737.95,0.55,0.24,-0.82,-0.07,10.82,12.18,14.08,27.00
SEPP,PGIM S&P 500 Buffer 12 ETF - September,North America,32.13,531,4860,22547032.21,0.50,-0.24,-0.83,0.41,5.09,5.41,4.79,16.46
WNDR,Corgi Travel & Leisure ETF,Global,26.46,2,,1435775.00,0.35,1.26,-0.83,2.08,1.03,1.03,1.03,1.03
VYMI,Vanguard International High Dividend Yield ETF,Global Ex-U.S.,98.73,1008200,953306,19231582595.88,0.07,0.45,-0.83,-0.98,3.70,10.41,8.73,23.53
SEPT,AllianzIM U.S. Large Cap Buffer10 Sep ETF,North America,37.09,6673,78086,32515612.50,0.74,-0.11,-0.83,0.56,5.32,5.66,5.11,18.03
PIEQ,Principal International Equity ETF,Global Ex-U.S.,35.40,29542,192082,1305869047.07,0.48,0.11,-0.83,-0.73,2.82,7.96,5.96,23.65
CZAR,Themes Natural Monopoly ETF,Developed markets,31.43,19,121,1564065.00,0.35,0.49,-0.83,-0.20,0.86,-3.72,-1.22,0.28
ISMF,iShares Managed Futures Active ETF,Global,27.99,8952,10323,58901430.00,0.80,-0.25,-0.83,-0.07,3.06,2.87,5.03,13.46
HFND,Unlimited HFND Multi-Strategy Return Tracker ETF,Global,24.16,6122,11911,33981000.00,1.07,0.12,-0.84,-0.44,1.75,1.36,6.64,10.80
PSCQ,Pacer Swan SOS Conservative (October) ETF,North America,30.85,100,151,47951730.00,0.49,-0.95,-0.84,0.28,4.78,4.58,4.44,13.92
SBAR,Simplify Barrier Income ETF,North America,25.32,102851,193144,358263875.32,0.75,-0.30,-0.84,-1.07,0.42,-4.11,-3.38,-3.01
APRP,PGIM S&P 500 Buffer 12 ETF - April,North America,32.28,521,4350,26179232.32,0.50,-0.13,-0.84,0.17,7.51,9.20,8.60,16.56
HYIN,WisdomTree Private Credit and Alternative Income Fund,North America,14.24,32899,23398,50181760.00,4.34,1.03,-0.84,-4.37,-2.60,-11.50,-10.44,-16.38
EQWL,Invesco S&P 100 Equal Weight ETF,North America,126.86,111561,82319,2574015680.00,0.25,0.12,-0.84,1.83,6.27,7.19,7.21,18.48
GFEB,FT Vest U.S. Equity Moderate Buffer ETF - February,North America,43.68,3588,7823,379166987.42,0.85,-0.06,-0.84,0.18,4.02,5.28,4.94,14.38
HEWJ,iShares Currency Hedged MSCI Japan ETF,Asia-Pacific,61.66,24740,131952,681158010.45,0.49,-0.84,-0.84,1.26,8.69,14.19,16.03,43.23
VALQ,American Century U.S. Quality Value ETF,North America,68.57,6229,6276,317723625.00,0.29,-0.22,-0.85,2.37,2.91,2.13,3.86,11.31
LQDI,iShares Inflation Hedged Corporate Bond ETF,North America,26.28,12311,6736,69546865.00,0.18,0.11,-0.85,-0.74,-0.40,-1.15,-0.66,2.39
BNGE,First Trust S-Network Streaming and Gaming ETF,Global,30.67,11,538,4590211.20,0.70,0.09,-0.85,-0.60,-4.62,-20.15,-19.30,-10.86
TXUE,Thornburg International Equity ETF,Developed markets,34.32,58227,74399,498125121.40,0.65,0.24,-0.85,-0.01,5.04,9.45,8.92,18.33
PFOE,Pathfinder Focused Opportunities ETF,North America,23.05,21176,77627,78970694.00,0.59,0.93,-0.85,-1.40,-1.74,-8.70,-8.05,-8.70
LFAO,LifeX 2055 Longevity Income ETF,North America,162.54,3,18,4253155.35,0.25,0.39,-0.85,-1.25,-2.64,-3.82,-3.24,-6.29
HJUN,Corgi U.S. Equities 100% Structured Buffer ETF - June Series,North America,24.92,500,,997300.00,0.30,-0.04,-0.85,-0.85,-0.85,-0.85,-0.85,-0.85
EFAX,State Street SPDR MSCI EAFE Fossil Fuel Reserves Free ETF,Developed markets,52.54,13065,25414,491379701.10,0.20,0.02,-0.85,-2.03,3.00,5.27,3.14,12.75
DFEB,FT Vest U.S. Equity Deep Buffer ETF - February,North America,50.07,4503,14600,455338225.35,0.85,-0.14,-0.85,0.06,3.92,5.54,4.73,14.32
HIDE,Alpha Architect High Inflation and Deflation ETF,Global,24.18,13734,58656,139380933.00,0.29,0.34,-0.85,-1.29,0.39,3.35,6.55,7.62
FLSW,Franklin FTSE Switzerland ETF,Europe,42.53,3212,6049,80434600.00,0.09,0.76,-0.85,-0.78,2.37,4.82,1.11,10.45
SMH,VanEck Semiconductor ETF,Global,591.01,20329715,10767004,68837508684.64,0.35,-1.20,-0.85,7.15,47.75,59.83,60.19,131.77
CSMD,Congress SMid Growth ETF,North America,34.44,45444,62515,456321380.00,0.68,0.61,-0.86,1.00,6.72,5.68,7.96,11.85
IBFR,Innovator International Developed Managed 10 Buffer ETF,Developed markets,49.73,1146,2665,14845620.00,0.85,-0.02,-0.86,0.70,-0.20,-1.80,-1.80,-1.80
PBMR,PGIM S&P 500 Buffer 20 ETF - March,North America,31.82,2319,14959,31890031.89,0.50,-0.22,-0.86,0.32,3.55,4.86,4.40,12.24
CPNJ,Calamos Nasdaq - 100 Structured Alt Protection ETF -June,North America,27.46,6554,13879,32441777.61,0.60,-0.19,-0.86,-0.47,1.11,1.97,1.71,5.86
SEA,US Global Sea to Sky Cargo ETF,Global,17.09,10604,10178,18586750.00,0.60,-1.30,-0.87,-3.66,2.27,12.58,20.01,21.72
IBIK,iShares iBonds Oct 2034 Term TIPS ETF,North America,25.78,8699,10007,83547100.00,0.10,0.14,-0.87,-1.25,-1.09,-0.94,0.52,2.16
JSML,Janus Henderson Small Cap Growth Alpha ETF,North America,86.49,6490,16095,337679678.72,0.30,0.55,-0.87,2.04,20.12,14.58,16.40,29.30
XBJA,Innovator U.S. Equity Accelerated 9 Buffer ETF - January,North America,33.47,2499,5523,94701910.00,0.79,-0.14,-0.87,0.44,4.78,4.81,4.52,13.03
XSMO,Invesco S&P SmallCap Momentum ETF,North America,86.59,379409,227874,2865158040.00,0.36,-0.08,-0.87,-0.77,12.88,15.75,19.88,28.59
FMAR,FT Vest U.S. Equity Buffer ETF - March,North America,51.80,11193,14469,1168642153.76,0.85,-0.08,-0.87,0.19,7.71,9.88,9.02,17.72
GSIB,Themes Global Systemically Important Banks ETF,Global,58.06,15713,6328,26121105.00,0.35,0.08,-0.87,1.75,15.73,10.91,9.73,38.53
FXC,Invesco CurrencyShares Canadian Dollar Trust,North America,70.05,13418,10338,73605000.00,0.40,0.03,-0.87,-1.84,-2.59,-1.33,-1.49,-1.95
WAGN,Pabrai Wagons ETF,Global,14.89,222996,167528,213403466.98,0.90,-1.39,-0.87,-0.33,4.86,5.60,5.60,5.60
PGF,Invesco Financial Preferred ETF,North America,13.69,48510,120880,686820900.00,0.55,-0.11,-0.87,-2.49,-3.73,-3.32,-3.46,-2.07
IMTM,iShares MSCI Intl Momentum Factor ETF,Developed markets,51.98,827401,512047,4031089949.30,0.30,-0.52,-0.88,-1.18,5.41,5.29,7.11,14.59
APDB,Aptus April Deep Buffer ETF,North America,25.47,2175,,3828570.00,0.25,-0.28,-0.88,0.47,0.27,0.27,0.27,0.27
BDVL,iShares Disciplined Volatility Equity Active ETF,Global,25.76,174755,253486,1697868417.73,0.40,0.20,-0.88,-1.30,1.78,1.82,3.66,3.25
IDVO,Amplify International Enhanced Dividend Income ETF,Global Ex-U.S.,41.87,233044,301365,1243806787.50,0.65,0.43,-0.88,-2.40,2.51,9.18,8.02,24.61
KMAY,Innovator U.S. Small Cap Power Buffer ETF - May,North America,29.57,27535,79664,52572482.50,0.79,0.09,-0.88,0.12,3.27,4.98,4.35,13.94
TDSB,ETC Cabana Target Beta ETF,Global,24.62,2322,3365,48723250.00,0.91,-0.14,-0.88,-1.23,-1.73,2.52,2.89,11.21
USFE,First Eagle US Equity ETF,North America,34.60,463,612,2068200.00,0.45,-0.25,-0.88,-0.07,1.13,-1.20,-1.20,-1.20
STXT,Strive Total Return Bond ETF,Global,19.64,20140,13181,121497320.00,0.49,0.11,-0.88,-1.94,-2.28,-2.74,-2.53,-0.50
PCEB,Polen Euro High Yield Bond ETF,Europe,24.65,29671,,9826400.00,0.55,-0.06,-0.88,-2.45,-1.71,-1.71,-1.71,-1.71
DDTJ,Innovator Equity Dual Directional 10 Buffer ETF - January,North America,19.89,3997,5066,23401182.50,0.79,-0.19,-0.88,0.70,4.95,4.40,4.40,4.40
SCJ,iShares MSCI Japan Sm Cap,Asia-Pacific,104.06,61101,56142,239518796.10,0.50,0.28,-0.88,-0.82,5.32,11.68,12.50,25.75
DNOV,FT Vest U.S. Equity Deep Buffer ETF - November,North America,50.83,6184,12933,387166901.89,0.85,-0.16,-0.89,0.12,4.25,4.31,3.90,16.34
TAOZ,Thornburg American Opportunities Fund,North America,85.23,251,2419,5103468.00,0.79,-0.05,-0.89,-0.12,5.02,5.02,5.02,5.02
MIVL,MFS Active International Value ETF,Global Ex-U.S.,24.97,7721,,14858289.00,0.57,0.29,-0.89,-0.89,-0.89,-0.89,-0.89,-0.89
GNOM,Global X Genomics & Biotechnology ETF,Global,48.90,9236,10230,57065637.59,0.50,2.34,-0.89,5.75,7.88,3.08,6.84,44.67
LIBD,LifeX 2065 Inflation-Protected Longevity Income ETF,North America,276.93,11,11,4225854.62,0.25,0.43,-0.89,-0.89,-1.06,-2.24,-1.63,-8.17
IBB,iShares Biotechnology ETF,North America,169.36,2357522,1453836,7761136486.50,0.44,1.46,-0.89,-0.11,-1.51,0.24,-0.17,32.12
APIE,ActivePassive International Equity ETF,Global Ex-U.S.,37.93,60763,57390,1029983085.00,0.45,0.69,-0.89,-0.73,5.07,4.20,5.92,16.67
GAA,Cambria Global Asset Allocation ETF,Global,34.77,12858,5282,71073534.67,0.40,-0.06,-0.89,-1.45,0.58,7.58,6.95,15.05
DDWM,WisdomTree Dynamic International Equity Fund,Developed markets,45.83,78122,133371,1406020000.00,0.40,0.23,-0.90,-0.47,2.21,6.76,4.23,15.27
MFVL,Motley Fool Value Factor ETF,North America,20.33,2836,6205,7297740.00,0.50,0.21,-0.90,0.53,-1.95,0.53,-0.41,1.33
SMOM,Symmetry Panoramic Sector Momentum ETF,North America,27.65,1665,5405,66989614.88,0.63,-0.15,-0.90,1.65,6.88,6.75,6.67,9.94
DUKH,Ocean Park High Income ETF,Global,23.91,10146,15426,19076040.48,1.07,0.20,-0.90,-0.78,-0.90,-1.60,-1.92,-0.53
PY,Principal Value ETF,North America,54.08,15310,14736,221045740.05,0.15,0.03,-0.90,1.23,3.48,1.96,3.56,11.07
INDY,iShares India 50 ETF,Asia-Pacific,41.82,235258,142609,549083062.90,0.65,0.45,-0.90,-4.52,-6.15,-20.35,-15.58,-22.35
EAGL,Eagle Capital Select Equity ETF,Global,33.03,552122,271621,4256301297.71,0.80,0.33,-0.90,0.70,5.53,2.07,1.27,12.23
IBCA,iShares iBonds Dec 2035 Term Corporate ETF,North America,25.42,46627,72094,350550244.95,0.10,0.28,-0.90,-1.01,-1.47,-2.53,-2.08,1.72
XTAP,Innovator U.S. Equity Accelerated Plus ETF - April,North America,44.73,2315,1098,22434250.00,0.79,-0.28,-0.91,0.04,8.73,10.65,10.04,19.09
GMOI,GMO International Value ETF,Global,37.62,81919,60304,458181980.00,0.60,0.13,-0.92,-0.50,3.95,11.76,11.27,30.62
DDTN,Innovator Equity Dual Directional 10 Buffer ETF - November,North America,20.18,30249,7036,48020362.50,0.79,-0.17,-0.92,0.56,5.28,5.67,5.11,6.17
UNL,United States 12 Month Natural Gas Fund,Global,6.45,35835,89464,18144000.00,0.90,-0.31,-0.92,-1.07,-12.01,-19.17,-11.03,-28.57
VFMO,Vanguard U.S. Momentum Factor ETF,North America,229.78,48276,63618,1730078700.00,0.13,-0.14,-0.92,0.78,13.80,17.06,19.06,35.95
IRVH,Global X Interest Rate Volatility & Inflation Hedge ETF,North America,19.41,128,271,1355482.89,0.45,0.16,-0.92,-2.12,-3.84,-6.14,-4.90,-5.64
NOCT,Innovator Growth-100 Power Buffer ETF- October,North America,61.71,5875,8734,233339640.00,0.79,-0.44,-0.92,0.24,6.74,6.74,6.26,15.94
DLFE,FT Vest U.S. Equity Dual Directional Buffer ETF - February,North America,31.43,5640,7785,64515612.94,0.85,-0.15,-0.92,0.25,4.65,3.72,3.72,3.72
NIHI,NEOS MSCI EAFE High Income ETF,Developed markets,50.88,44452,46428,167675310.00,0.68,0.08,-0.93,-1.05,1.66,0.34,-0.39,1.56
LFAI,LifeX 2050 Longevity Income ETF,North America,148.92,6,490,4431411.26,0.25,0.34,-0.93,-1.33,-2.78,-3.81,-3.75,-8.47
DUKZ,Ocean Park Diversified Income ETF,Global,25.38,59916,24883,39752083.06,1.03,0.18,-0.93,-0.45,0.54,0.32,0.36,3.03
LVHI,Franklin International Low Volatility High Dividend Index ETF,Developed markets,40.27,1076184,647640,4885543646.74,0.40,0.05,-0.93,-0.81,1.74,10.75,8.34,22.92
MMAY,Pacer Swan SOS Moderate (May) ETF,North America,32.36,765,,2431807.50,0.49,-0.07,-0.93,0.29,0.95,0.95,0.95,0.95
XMMO,Invesco S&P MidCap Momentum ETF,North America,165.33,560692,352044,7452696000.00,0.35,-0.03,-0.93,-0.78,13.76,18.02,18.75,29.77
DDFY,Innovator Equity Dual Directional 15 Buffer ETF - May,North America,19.88,21524,,74076840.00,0.79,-0.03,-0.93,0.12,0.37,0.37,0.37,0.37
BUFR,FT Vest Laddered Buffer ETF,North America,36.17,2050526,1284971,9611148222.41,0.95,-0.11,-0.93,0.36,5.27,6.01,5.45,16.19
FTBI,First Trust Balanced Income ETF,Global,21.61,9668,4578,20545693.25,0.97,-0.08,-0.93,-0.70,0.83,0.33,1.40,6.76
EMLC,VanEck J. P. Morgan EM Local Currency Bond ET,Emerging markets,25.22,4011723,2775530,4789321075.58,0.30,0.44,-0.94,-2.13,-1.83,-1.75,-2.55,1.90
EWL,iShares MSCI Switzerland ETF,Europe,61.43,668240,520083,1832782255.62,0.50,0.82,-0.94,-0.52,2.38,5.06,1.72,10.41
BUFP,PGIM Laddered S&P 500 Buffer 12 ETF,North America,31.74,31181,56058,199327200.00,0.50,-0.16,-0.94,-2.37,5.00,5.99,5.13,15.89
PFFA,Virtus InfraCap U.S. Preferred Stock ETF,North America,21.18,856382,879138,2403776084.64,2.11,-0.24,-0.94,-2.40,-1.03,-2.58,-2.04,2.32
RNEM,Emerging Markets Equity Select ETF,Emerging markets,54.08,1840,1446,16172207.81,0.76,0.63,-0.94,-4.93,-2.53,-2.47,-3.21,-1.75
PICB,Invesco International Corporate Bond ETF,Developed markets,23.29,87168,79773,354760750.00,0.50,0.34,-0.94,-1.98,-1.31,-2.39,-2.39,-0.94
CFIT,Cambria Fixed Income Trend ETF,Global,25.95,1786,10405,24703515.00,0.50,-0.23,-0.95,-0.04,1.25,2.53,2.94,6.22
NAPR,Innovator Growth-100 Power Buffer ETF - April,North America,58.68,4020,18206,213467187.50,0.79,-0.37,-0.95,-0.14,7.90,9.69,9.00,17.00
HF,DGA Core Plus Absolute Return ETF,Global,21.97,470,1134,26735542.80,1.70,-0.02,-0.95,0.92,3.00,3.40,4.17,9.58
SIXZ,AllianzIM U.S. Large Cap 6 Month Buffer10 May/Nov ETF,North America,31.20,15760,686358,63270315.00,0.74,-0.06,-0.95,0.26,5.62,5.48,4.80,11.27
XTOC,Innovator U.S. Equity Accelerated Plus ETF - October,North America,35.64,601,5959,25900552.50,0.79,-0.24,-0.95,0.83,7.20,6.94,14.98,16.57
BWX,State Street SPDR Bloomberg International Treasury Bond ETF,Global Ex-U.S.,21.78,543892,588375,1428248082.07,0.35,0.37,-0.95,-2.81,-2.46,-3.50,-3.24,-4.93
IBCB,iShares iBonds Dec 2036 Term Corporate ETF,North America,24.95,13240,59670,65886494.20,0.10,0.16,-0.95,-1.11,0.12,0.12,0.12,0.12
JHID,John Hancock International High Dividend ETF,Developed markets,42.50,715,397,11010584.00,0.46,0.21,-0.96,-1.13,5.07,11.53,10.62,25.89
JDIV,JPMorgan Dividend Leaders ETF,Global,55.94,3060,2113,11100000.00,0.47,0.40,-0.96,-0.11,2.74,2.18,3.68,10.29
JANB,Aptus January Buffer ETF,North America,26.96,4120,36876,87220982.00,0.25,-0.15,-0.96,0.24,4.90,5.86,4.72,7.99
DXUV,Dimensional US Vector Equity ETF,North America,65.57,19789,14824,418590029.50,0.25,0.10,-0.96,1.16,8.41,8.51,9.33,23.35
XMAY,FT Vest U.S. Equity Enhance & Moderate Buffer ETF - May,North America,35.77,4210,6235,17908571.63,0.85,-0.18,-0.97,0.07,2.04,2.99,2.51,8.81
BUYO,KraneShares Man Buyout Beta Index ETF,North America,31.52,325,840,15657993.32,0.89,0.49,-0.97,0.67,12.82,10.60,12.46,28.14
FTXL,First Trust Nasdaq Semiconductor ETF,North America,253.15,427805,306331,2530899516.51,0.60,-1.93,-0.97,8.22,67.41,88.10,90.93,186.50
EPI,WisdomTree India Earnings Fund,Asia-Pacific,41.66,701685,607437,2097774800.00,0.84,0.51,-0.97,-4.45,-3.09,-8.02,-10.52,-11.17
AVMA,Avantis Moderate Allocation ETF,Global,72.18,5431,5103,68902104.00,0.21,0.11,-0.97,-0.09,5.85,6.76,8.61,18.68
VOT,Vanguard Mid-Cap Growth ETF,North America,293.87,262207,201566,18906956572.97,0.05,-0.00,-0.97,0.79,8.16,3.21,4.56,6.73
HVAC,AdvisorShares HVAC and Industrials ETF,North America,39.51,18202,11040,13099350.00,1.00,-0.46,-0.98,-4.52,12.98,23.31,25.43,46.06
PSMD,Pacer Swan SOS Moderate (January) ETF,North America,33.98,1146,1903,92756002.50,0.49,-0.23,-0.98,0.19,4.75,5.22,3.99,13.93
APRH,Innovator Premium Income 20 Barrier ETF - April,North America,25.30,5456,9212,25350000.00,0.79,-0.20,-0.98,0.24,1.48,1.20,2.48,1.61
JHML,John Hancock Multifactor Large Cap ETF,North America,87.74,13786,20829,1135146495.00,0.29,0.08,-0.98,1.15,8.91,8.98,9.43,22.39
IQDG,WisdomTree International Quality Dividend Growth Fund,Developed markets,42.51,44279,64515,703591000.00,0.42,0.35,-0.99,-0.93,2.58,3.33,1.77,8.44
OCTB,Aptus October Buffer ETF,North America,26.88,276,1493,41203971.00,0.25,-0.22,-0.99,0.34,5.25,5.49,5.36,7.70
PFFV,Global X Variable Rate Preferred ETF,North America,22.10,41256,56928,304879167.73,0.25,-0.14,-0.99,-0.67,-1.03,-2.00,-0.76,-3.28
EELV,Invesco S&P Emerging Markets Low Volatility ETF,Emerging markets,28.11,54744,43594,424806000.00,0.29,0.82,-0.99,-4.06,-1.47,2.88,1.77,9.08
EASG,Xtrackers MSCI EAFE Selection Equity ETF,Developed markets,37.75,720,2479,67888837.72,0.14,0.21,-0.99,0.09,5.31,5.87,6.08,11.73
PNOV,Innovator U.S. Equity Power Buffer ETF - November,North America,43.87,31860,68821,907623750.00,0.79,-0.20,-0.99,0.23,5.20,4.93,4.70,13.07
QLV,FlexShares US Quality Low Volatility Index Fund,North America,75.26,6188,11443,159688300.15,0.08,0.14,-0.99,0.70,1.96,4.44,4.83,11.84
EUFN,iShares MSCI Europe Financials ETF,Europe,37.70,627389,971790,3528081537.75,0.48,0.56,-1.00,-1.28,7.53,4.52,0.72,16.72
ENDW,Cambria Endowment Style ETF,Global,33.61,8777,10372,141789046.00,0.22,-0.02,-1.00,-0.62,3.83,7.38,8.07,23.30
BOUT,CapForce IBD Breakout Opportunities ETF,North America,45.75,1060,2104,16103500.00,0.80,-0.46,-1.00,-1.07,18.55,22.34,26.06,27.18
EFV,iShares MSCI EAFE Value ETF,Developed markets,77.32,3165460,5778073,25171340006.40,0.33,0.19,-1.00,-0.91,3.87,7.67,7.17,20.86
CHGX,Stance Sustainable Beta ETF,North America,32.41,7468,9648,163540117.71,0.49,-0.45,-1.00,4.83,16.55,17.01,18.21,27.81
DIHP,Dimensional International High Profitability ETF,Developed markets,33.74,671970,587554,5985407079.15,0.27,0.06,-1.00,-1.06,2.00,6.98,5.54,14.80
PZIV,Pzena International Value ETF,Global Ex-U.S.,28.08,4508,10468,11144680.00,0.70,0.24,-1.00,2.39,9.46,9.46,9.46,9.46
FMCE,FM Compounders Equity ETF,North America,27.74,8,262,66534338.61,0.72,0.26,-1.01,-0.76,8.02,1.05,5.49,6.36
LCTD,iShares World ex U.S. Carbon Transition Readiness Aware Active ETF,Developed markets,57.46,7159,13624,232779420.00,0.22,-0.01,-1.01,-2.14,1.56,4.29,3.98,12.69
ZTAX,X-Square Municipal Income ETF,Frontier markets,25.11,9,986,4577030.00,0.92,-0.24,-1.01,-1.01,-3.39,3.10,-2.32,1.27
TENM,iShares Large Cap 10% Target Buffer Mar ETF,North America,26.70,425,5641,47114870.88,0.50,-0.17,-1.01,0.03,5.40,4.76,4.99,7.03
SNOV,FT Vest U.S. Small Cap Moderate Buffer ETF - November,North America,26.53,4860,10310,111825053.25,0.90,-0.06,-1.01,0.47,6.20,6.55,6.85,16.00
USMV,iShares MSCI USA Min Vol Factor ETF,North America,95.58,2453227,2304875,22832399140.80,0.15,0.37,-1.01,1.33,-0.21,1.76,1.34,1.83
HDG,ProShares Hedge Replication ETF,Global,54.14,352,2596,21316293.50,0.95,0.08,-1.02,-0.15,3.77,3.87,4.56,9.09
EWC,iShares MSCI Canada Index Fund,North America,58.03,2151278,2230576,5730290943.30,0.50,-0.05,-1.02,0.07,2.89,7.88,7.28,27.68
MDPL,Monarch Dividend Plus Index ETF,North America,26.34,4467,10263,60122000.00,1.24,0.74,-1.02,0.64,1.73,-3.31,-1.87,2.84
EWJV,iShares MSCI Japan Value ETF,Asia-Pacific,44.76,312445,187674,714362752.50,0.15,-0.44,-1.02,1.27,5.57,8.83,11.90,27.81
GSID,Goldman Sachs MarketBeta International Equity ETF,Developed markets,74.16,5033,31060,1021476000.00,0.20,-0.25,-1.02,-1.26,3.77,7.55,6.06,15.75
WBIY,WBI Power Factor High Dividend ETF,North America,34.98,5047,4272,59296000.00,0.97,0.17,-1.02,2.70,2.67,7.96,9.31,17.66
FSEP,FT Vest U.S. Equity Buffer ETF - September,North America,54.44,69499,35112,1277055109.15,0.85,-0.22,-1.02,0.52,5.77,5.94,5.21,16.05
FEBP,PGIM S&P 500 Buffer 12 ETF - February,North America,33.69,335,5254,23307937.76,0.50,-0.18,-1.02,0.27,5.32,6.12,5.59,16.66
WEEL,Peerless Option Income Wheel ETF,Global,20.23,9257,14533,36941467.50,0.99,0.07,-1.03,-0.64,-0.64,-2.51,0.55,3.43
IVLU,iShares MSCI Intl Value Factor ETF,Developed markets,42.16,1914758,1002382,4210955900.00,0.30,-0.17,-1.03,0.12,5.80,10.02,9.56,27.33
ESGD,iShares ESG Aware MSCI EAFE ETF,Developed markets,101.72,597883,298237,11435229696.40,0.20,0.03,-1.03,-0.66,4.41,5.88,5.86,13.77
LNGX,Global X U.S. Natural Gas ETF,North America,41.68,35521,18152,53000375.00,0.45,-1.76,-1.03,-2.42,-1.96,13.09,16.64,22.57
LIAU,LifeX 2060 Inflation-Protected Longevity Income ETF,North America,260.54,2,206,4541700.03,0.25,0.37,-1.03,-1.08,-2.75,-2.30,-1.70,-5.00
DAPR,FT Vest U.S. Equity Deep Buffer ETF - April,North America,40.55,2765,28821,305748356.26,0.85,-0.19,-1.03,-0.05,2.57,3.68,3.02,8.97
DECP,PGIM S&P 500 Buffer 12 ETF - December,North America,32.14,1432,5879,33166032.20,0.50,-0.18,-1.04,0.26,5.67,5.70,5.53,19.40
VSMV,VictoryShares US Multi-Factor Minimum Volatility ETF,North America,59.31,2486,4082,154629711.13,0.35,-0.34,-1.04,-0.36,3.13,7.10,6.71,20.89
ABIG,Argent Large Cap ETF,North America,33.57,239,5821,54447198.40,0.49,0.13,-1.04,-0.06,9.85,3.99,4.12,15.28
DRGN,Themes China Generative Artificial Intelligence ETF,Global,36.25,17750,18112,24705100.00,0.39,2.37,-1.04,-5.18,8.53,8.70,6.71,39.42
OPPE,WisdomTree European Opportunities Fund,Europe,56.90,22404,37784,301071750.00,0.58,-0.25,-1.04,0.41,6.79,12.43,9.80,21.95
DFAI,Dimensional International Core Equity Market ETF,Developed markets,41.05,1613658,1292900,16241652819.06,0.18,0.05,-1.04,-1.39,3.45,8.23,6.62,19.44
OCTP,PGIM S&P 500 Buffer 12 ETF - October,North America,31.94,484,7955,25920032.00,0.50,-0.15,-1.04,0.45,5.60,5.74,5.29,16.20
JSTC,Adasina Social Justice All Cap Global ETF,Global,22.11,18770,24414,293235740.00,0.89,0.12,-1.04,1.27,10.21,7.84,8.74,13.49
IWMI,NEOS Russell 2000 High Income ETF,North America,51.53,329071,312994,912752925.00,0.68,0.12,-1.04,-0.52,6.18,2.85,5.49,13.85
FTQI,First Trust Nasdaq BuyWrite Income ETF,North America,21.64,203694,218700,883283893.46,0.75,-0.32,-1.05,0.46,5.66,3.15,3.39,11.95
FTC,First Trust Large Cap Growth AlphaDEX Fund,North America,180.32,10586,13904,1328946511.62,0.58,-0.22,-1.05,2.50,13.18,11.72,11.89,23.16
FNOV,FT Vest U.S. Equity Buffer ETF - November,North America,57.78,19059,15419,1250596915.80,0.85,-0.21,-1.05,0.27,5.48,5.59,5.29,18.03
DBJP,Xtrackers MSCI Japan Hedged Equity ETF,Asia-Pacific,110.78,69003,26059,648893909.98,0.45,-1.06,-1.05,1.22,8.59,17.90,16.51,42.65
PBNV,PGIM S&P 500 Buffer 20 ETF - November,North America,30.64,1941,3772,31047430.74,0.50,-0.25,-1.05,0.41,4.41,4.45,3.99,11.56
DVGR,DAC 3D Dividend Growth ETF,Global,26.47,968,847,15285378.00,0.65,0.39,-1.05,0.79,4.93,5.16,5.73,5.74
KMLM,KraneShares Mount Lucas Managed Futures Index Strategy ETF,Global,28.34,81065,247198,309543813.59,0.90,-0.56,-1.05,-1.94,2.90,5.55,7.76,6.42
PBP,Invesco S&P 500 BuyWrite ETF,North America,22.63,45645,35336,342981400.00,0.29,-0.53,-1.05,-0.88,-0.22,-1.44,-0.96,4.05
EFA,iShares MSCI EAFE ETF,Developed markets,102.90,21878015,14127737,75853168398.00,0.32,0.02,-1.05,-0.83,4.32,6.40,6.05,14.82
AGOX,Adaptive Alpha Opportunities ETF,Global,34.08,23257,112594,382957142.15,1.33,-1.42,-1.05,1.97,20.51,13.33,17.43,19.66
ACVT,Advent Convertible Bond ETF,North America,27.83,8,909,32259252.00,0.65,0.13,-1.06,1.08,4.45,3.16,3.84,7.71
IMVP,Invesco India ETF,Asia-Pacific,20.48,67935,56912,130617600.00,0.78,0.20,-1.06,-5.75,-7.41,-20.37,-16.44,-23.84
PDEC,Innovator U.S. Equity Power Buffer ETF - December,North America,45.46,18158,41451,1007995087.50,0.79,-0.12,-1.06,0.43,4.93,4.95,4.64,16.13
BAPR,Innovator U.S. Equity Buffer ETF - April,North America,52.67,7226,8599,401238200.00,0.79,-0.25,-1.06,0.06,8.62,10.44,9.51,18.84
XTJA,Innovator U.S. Equity Accelerated Plus ETF - January,North America,33.56,7712,2679,20183520.00,0.79,-0.24,-1.06,0.66,6.84,6.57,5.88,17.34
TSCM,TimesSquare Quality Mid Cap Growth ETF,North America,20.06,1174,1853,43384829.99,0.55,0.24,-1.06,2.40,6.91,0.08,1.70,0.08
SOVF,Sovereign's Capital Flourish Fund,North America,28.38,6390,6960,89136346.18,0.75,0.83,-1.06,-2.02,3.01,-2.56,-2.29,-6.14
RINT,Russell Investments International Developed Equity ETF,Developed markets,31.20,17595,17231,136697837.07,0.49,-0.11,-1.06,-0.56,5.32,7.24,6.25,18.21
BAMO,Brookstone Opportunities ETF,Global,34.06,5851,5040,47058000.00,1.06,-0.10,-1.07,0.29,4.99,4.13,3.97,11.12
KNGZ,First Trust S&P 500 Diversified Dividend Aristocrats ETF,North America,40.82,3398,5046,63286581.66,0.50,-0.11,-1.07,3.94,11.04,11.07,13.62,24.41
PBJN,PGIM S&P 500 Buffer 20 ETF - June,North America,30.56,12570,27195,43158270.60,0.50,-0.20,-1.07,-0.75,1.56,2.58,2.07,9.46
LDDR,LifeX 2035 Income Bucket ETF,North America,78.77,490,1754,42011980.88,0.25,0.13,-1.07,-1.64,-3.86,-6.19,-7.25,-8.03
SSMG,Virtus Silvant Small/Mid Growth ETF,North America,26.64,268,458,3322856.33,0.39,0.24,-1.07,1.30,6.19,6.19,6.19,6.19
DDTD,Innovator Equity Dual Directional 10 Buffer ETF - December,North America,20.10,4854,7142,29205465.00,0.79,-0.14,-1.07,0.77,5.58,5.27,5.09,5.99
ASMF,Virtus AlphaSimplex Managed Futures ETF,Global,25.78,6798,2809,31779053.77,0.80,-0.60,-1.07,-0.62,-0.62,8.91,6.48,14.73
SHPP,Pacer Industrials and Logistics ETF,Global,34.24,24,66,2062374.00,0.60,-0.26,-1.07,2.19,10.35,13.83,15.84,23.13
JUNW,AllianzIM U.S. Large Cap Buffer20 Jun ETF,North America,34.05,266384,292678,336522225.00,0.74,-0.18,-1.07,-0.99,1.52,2.50,1.85,8.30
FEBT,AllianzIM U.S. Large Cap Buffer10 Feb ETF,North America,40.65,13421,62596,158813460.00,0.74,-0.15,-1.07,0.24,5.63,7.34,6.63,19.13
SDG,iShares MSCI Global Sustainable Development Goals ETF,Global,89.92,722,5607,172015783.70,0.50,-0.71,-1.07,-1.59,5.87,5.89,5.72,17.63
QAI,NYLI Hedge Multi-Strategy Tracker ETF,Global,36.01,174043,173313,995525928.00,0.88,-0.11,-1.07,-0.06,4.47,5.57,6.95,12.25
FOCT,FT Vest U.S. Equity Buffer ETF - October,North America,51.71,12567,16198,1206087328.64,0.85,-0.22,-1.08,0.32,5.92,5.80,5.28,18.37
JIDE,JPMorgan International Dynamic ETF,Developed markets,49.04,106,1023,11709600.00,0.55,0.28,-1.08,-1.79,0.52,-0.56,-0.56,-0.56
AOK,iShares Core 30/70 Conservative Allocation ETF,Global,41.06,339193,219858,787019097.60,0.15,0.12,-1.08,-0.34,1.43,1.36,1.76,7.35
BFLB,BufferLABS US Equity Dynamic Buffer ETF,North America,53.74,2994,7727,71185884.00,0.79,-0.34,-1.08,0.29,5.55,5.53,5.29,7.21
MAYC,Corgi U.S. Equities 10% Structured Buffer ETF - May Series,North America,25.46,8,,4732059.50,0.30,-0.98,-1.08,0.05,1.49,1.49,1.49,1.49
PSI,Invesco Semiconductors ETF,North America,151.94,586057,451251,2579470920.00,0.56,-0.37,-1.08,3.28,61.16,82.01,87.81,179.10
PGX,Invesco Preferred ETF,North America,10.88,2026707,2101076,3807922800.00,0.50,0.09,-1.09,-2.42,-3.55,-3.37,-3.46,-0.91
OSEA,Harbor International Compounders ETF,Global Ex-U.S.,30.01,30661,38640,479195750.00,0.55,0.63,-1.09,-2.88,-0.23,-1.44,-1.35,3.16
PSET,Principal Quality ETF,North America,75.30,12709,3289,28450902.87,0.15,0.60,-1.09,0.42,3.26,-2.07,-1.46,4.98
IBUY,Amplify Online Retail ETF,Global,66.45,18325,11998,115220000.00,0.65,1.08,-1.09,0.48,2.50,-11.80,-11.40,-4.84
SAGP,Strategas Global Policy Opportunities ETF,Global,34.85,2817,5376,75002909.85,0.65,0.23,-1.09,-0.47,-1.23,0.07,2.01,8.82
PSCX,Pacer Swan SOS Conservative (January) ETF,North America,32.31,2141,1816,46986380.00,0.49,-0.32,-1.10,0.03,4.16,4.80,3.86,14.57
OCDB,Aptus October Deep Buffer ETF,North America,25.50,2000,,1533282.00,0.25,-0.19,-1.10,0.50,0.30,0.30,0.30,0.30
JAPN,Horizon Kinetics Japan Owner Operator ETF,Asia-Pacific,22.44,2621,5818,23093660.00,0.85,-0.50,-1.10,-5.51,-6.67,-12.06,-13.49,-17.22
QDEF,FlexShares Quality Dividend Defensive Index Fund,North America,86.44,6289,7653,538645601.53,0.39,-0.11,-1.10,0.62,4.97,5.35,6.45,18.53
CTA,Simplify Managed Futures Strategy ETF,Global,28.88,496747,545920,1583310329.17,0.75,-1.06,-1.10,-5.28,-4.94,7.96,5.71,2.74
DIM,WisdomTree International MidCap Dividend Fund,Developed markets,85.52,5306,3354,163101700.00,0.58,0.24,-1.10,-3.17,2.03,7.61,5.30,14.73
QLTY,GMO U.S. Quality ETF,North America,40.96,630333,576683,4447980860.60,0.50,0.33,-1.10,1.20,8.80,6.18,5.99,24.14
MRCP,PGIM S&P 500 Buffer 12 ETF - March,North America,34.04,429,4033,23529034.10,0.50,-0.16,-1.10,0.21,5.19,6.98,6.18,16.86
QCJA,FT Vest Nasdaq-100 Conservative Buffer ETF - January,North America,23.12,1754,8222,84694646.41,0.90,-0.43,-1.11,-0.06,4.98,5.55,4.88,13.98
DSPY,Tema S&P 500 Historical Weight ETF Strategy,North America,64.29,11084,57544,960195869.98,0.18,0.00,-1.11,1.48,9.47,6.58,10.12,23.07
PSFO,Pacer Swan SOS Flex (October) ETF,North America,34.18,456,1115,45420072.50,0.49,-0.31,-1.11,0.66,5.54,5.74,5.46,16.87
NJAN,Innovator Growth-100 Power Buffer ETF - January,North America,58.20,3425,12404,369758867.50,0.79,-0.35,-1.11,0.08,6.12,6.88,5.60,17.42
BUFF,Innovator Laddered Allocation Power Buffer ETF,North America,52.13,619540,67482,869463000.00,0.89,-0.31,-1.12,0.21,3.97,4.85,3.99,13.20
LEXI,Alexis Practical Tactical ETF,Global,39.76,19302,11677,178704183.16,1.00,-0.36,-1.12,1.19,10.00,10.68,11.02,25.97
IUS,Invesco RAFI Strategic US ETF,North America,64.98,41477,54602,867324315.09,0.19,-0.19,-1.12,1.65,9.94,12.82,13.33,28.68
COWS,Amplify Cash Flow Dividend Leaders ETF,North America,36.05,830,4410,35328546.00,0.19,0.99,-1.12,2.69,8.68,6.16,8.06,26.18
LQDW,iShares Investment Grade Corporate Bond BuyWrite Strategy ETF,North America,23.80,85028,58786,269539800.00,0.34,0.13,-1.12,-0.71,-2.06,-3.68,-3.05,-5.93
LBO,WHITEWOLF Publicly Listed Private Equity ETF,North America,25.26,8,2824,6922188.00,6.53,2.18,-1.12,-3.54,7.51,-17.44,-13.50,-17.70
TLTD,FlexShares Morningstar Developed Markets ex-US Factor Tilt Index Fund,Developed markets,99.12,4449,21935,653924139.08,0.39,-0.07,-1.12,-1.61,3.03,7.14,5.76,20.15
BOCT,Innovator U.S. Equity Buffer ETF - October,North America,52.36,10501,10419,292631750.00,0.79,-0.13,-1.13,0.50,6.22,6.27,5.80,18.44
RLY,State Street Multi-Asset Real Return ETF,Global,35.84,277600,230715,1192344643.04,0.50,-0.25,-1.13,-2.21,0.14,12.78,13.17,23.46
WUGI,AXS Esoterica NextG Economy ETF,Global,86.59,32,3331,33109789.16,0.76,-1.69,-1.13,4.52,24.61,-3.17,18.49,9.85
IEFA,iShares Core MSCI EAFE ETF,Developed markets,96.17,12479490,9250300,182491705346.20,0.07,0.01,-1.13,-1.10,4.52,6.77,6.44,15.41
NTSI,WisdomTree International Efficient Core Fund,Developed markets,46.32,10359,20470,489550400.00,0.26,-0.08,-1.13,-0.81,2.73,4.28,4.35,13.95
PSK,State Street SPDR ICE Preferred Securities ETF,North America,30.54,70056,65144,708487160.55,0.45,-0.10,-1.13,-2.89,-3.99,-4.26,-3.87,-3.20
AGQI,First Trust Active Global Quality Income ETF,Global,17.93,3339,13280,55132252.21,0.85,0.29,-1.13,0.48,3.20,8.51,7.99,18.32
HYGW,iShares High Yield Corporate Bond BuyWrite Strategy ETF,North America,28.92,7036,36492,107555650.00,0.69,0.16,-1.13,-0.24,-2.49,-3.28,-3.34,-4.93
EPOL,iShares MSCI Poland ETF,Europe,39.55,202549,375774,683498122.60,0.59,0.36,-1.13,1.33,10.69,12.94,9.86,32.85
FYC,First Trust Small Cap Growth AlphaDEX Fund,North America,114.64,67566,52490,1143240228.65,0.70,0.17,-1.13,0.52,16.90,16.15,18.22,47.50
PSFD,Pacer Swan SOS Flex (January) ETF,North America,39.38,1172,1966,58208957.50,0.49,-0.33,-1.13,0.51,5.60,5.63,4.87,16.03
DDTF,Innovator Equity Dual Directional 10 Buffer ETF - February,North America,20.04,213,7608,18061380.00,0.79,-0.18,-1.14,0.40,5.14,4.10,4.10,4.10
BFEB,Innovator U.S. Equity Buffer ETF - February,North America,52.03,6445,17980,252824680.00,0.79,-0.21,-1.14,0.10,6.16,7.59,6.94,19.33
AKAF,The Frontier Economic Fund,North America,32.34,12,63,2904732.00,0.20,0.21,-1.14,0.94,2.92,7.35,10.23,27.32
SPFF,Global X SuperIncome Preferred ETF,North America,9.55,18934,85314,141586169.04,0.48,0.38,-1.14,0.84,5.06,1.49,2.25,8.28
WOMN,Impact Shares YWCA Womenas Empowerment ETF,North America,42.67,749,3151,56459513.36,0.75,0.08,-1.14,1.26,5.07,2.94,3.21,8.41
AVGV,Avantis All Equity Markets Value ETF,Global,84.45,37302,32273,349329408.50,0.26,0.14,-1.14,0.30,8.35,14.34,15.05,30.91
JANT,AllianzIM U.S. Large Cap Buffer10 Jan ETF,North America,43.50,1745,8278,61035240.00,0.74,-0.20,-1.15,0.31,5.93,6.76,5.06,17.86
BUFM,AB Moderate Buffer ETF,North America,40.10,123061,32881,412293718.52,0.69,-0.18,-1.15,0.31,2.80,2.41,2.15,10.81
VTWO,Vanguard Russell 2000 ETF,North America,115.16,4374944,2109347,16491015406.31,0.06,0.31,-1.15,0.33,12.89,11.85,15.06,33.23
EFG,iShares MSCI EAFE Growth ETF,Developed markets,121.02,1211689,958311,16259278425.60,0.36,-0.20,-1.15,-0.89,4.82,4.92,4.95,8.96
BESF,Bastion Energy ETF,North America,38.94,362,3544,33531650.00,0.80,-1.30,-1.15,-0.41,0.42,11.33,12.36,52.53
HAWX,iShares Currency Hedged MSCI ACWI ex U.S. ETF,Global Ex-U.S.,44.82,18487,20495,338789596.80,0.35,0.07,-1.15,2.80,8.31,13.04,12.02,27.77
LIAM,LifeX 2055 Inflation-Protected Longevity Income ETF,North America,235.27,2,386,6814352.49,0.25,0.31,-1.15,-1.28,-1.56,-2.80,-1.37,-2.90
JANP,PGIM S&P 500 Buffer 12 ETF - January,North America,34.37,426,14708,41660300.00,0.50,-0.26,-1.15,0.20,5.53,5.75,4.28,17.10
IWM,iShares Russell 2000 Index Fund,North America,285.02,41761260,26845055,77408224200.75,0.19,0.32,-1.16,0.35,12.95,11.93,15.10,33.27
LIAE,LifeX 2050 Inflation-Protected Longevity Income ETF,North America,207.28,6,72,3352759.36,0.25,0.26,-1.16,-1.23,-1.88,-2.26,-1.89,-4.64
DFAC,Dimensional U.S. Core Equity 2 ETF,North America,43.57,2081088,1865841,46180215896.89,0.17,0.07,-1.16,1.09,9.06,9.39,9.55,24.41
DFVX,Dimensional US Large Cap Vector ETF,North America,81.64,8319,12109,509354726.25,0.19,0.17,-1.16,1.03,6.56,8.72,9.66,21.25
HELO,JPMorgan Hedged Equity Laddered Overlay ETF,North America,67.37,360609,304256,4027905000.00,0.50,0.06,-1.16,-0.69,1.83,1.61,1.08,8.82
ACSG,American Century Small Cap Growth Insights ETF,North America,46.15,3385,3185,18291800.00,0.49,0.92,-1.16,-0.02,13.25,8.87,11.88,12.04
SCMY,Corgi U.S. Small-Cap 15% Structured Buffer ETF - May Series,North America,25.10,6000,,4657356.50,0.30,0.44,-1.16,0.06,-0.53,-0.53,-0.53,-0.53
DGRW,WisdomTree U.S. Quality Dividend Growth Fund,North America,95.98,710828,575155,16720076100.00,0.28,0.05,-1.16,0.97,5.36,6.88,6.92,16.74
FJAN,FT Vest U.S. Equity Buffer ETF - January,North America,54.58,19745,16703,1388059309.30,0.85,-0.18,-1.16,0.26,5.86,6.48,5.22,17.28
EGGS,NestYield Total Return Guard ETF,North America,39.54,5775,14968,55856220.00,0.93,-1.26,-1.16,1.66,11.80,-2.55,1.24,3.21
CVAR,Opportunities Trust Cultivar ETF,North America,28.65,9,1722,38711400.00,0.87,0.98,-1.16,-0.24,-1.01,-1.11,0.77,9.97
SCJN,Corgi U.S. Small-Cap 15% Structured Buffer ETF - June Series,North America,24.88,100,,994664.00,0.30,0.09,-1.16,-1.16,-1.16,-1.16,-1.16,-1.16
FHDG,FT Vest U.S. Equity Quarterly Dynamic Buffer ETF,North America,35.84,6718,141444,64666871.85,0.85,-0.21,-1.16,0.40,4.35,6.39,5.54,14.19
RFFC,ALPS Active Equity Opportunity ETF,Global,73.56,64,1723,29360146.80,0.48,0.23,-1.17,0.99,7.43,9.47,9.29,25.60
GAL,State Street Global Allocation ETF,Global,52.73,4569,15880,300115156.12,0.35,-0.05,-1.17,-0.98,4.08,4.93,5.79,13.36
PTRB,PGIM Total Return Bond ETF,Global,41.34,150681,167288,1012981500.00,0.49,0.24,-1.17,-0.82,-1.62,-2.11,-1.67,0.88
FB,ProShares S&P 500 Dynamic Buffer ETF,North America,44.01,6255,1909,1753820.00,0.58,0.25,-1.17,-0.60,4.12,4.66,4.17,9.64
SEIE,SEI Select International Equity ETF,Developed markets,34.71,108339,79049,1068251895.11,0.50,-0.04,-1.17,-1.25,4.17,8.03,5.95,20.10
SCOP,Sprott Physical Copper Trust,Global,11.86,60402,,147310866.08,1.61,-1.58,-1.17,-3.66,-1.17,-1.17,-1.17,-1.17
BKCI,BNY Mellon Concentrated International ETF,Developed markets,52.86,59418,6936,131852552.74,0.65,0.14,-1.17,0.07,4.08,2.25,1.45,3.63
YLDW,Westwood Enhanced Income Opportunity ETF,Global,25.60,8513,11369,29472845.85,0.79,-0.31,-1.17,0.22,2.10,2.39,1.98,2.39
MART,AllianzIM U.S. Large Cap Buffer10 Mar ETF,North America,41.45,1513,1052,30117152.50,0.74,-0.24,-1.17,0.27,5.47,7.64,7.22,18.19
QDF,FlexShares Quality Dividend Index Fund,North America,87.82,30220,26277,2151482673.56,0.39,-0.03,-1.17,1.19,7.46,7.07,8.15,22.29
FLCA,Franklin FTSE Canada ETF,North America,51.83,17205,51020,741998400.00,0.09,-0.07,-1.18,-0.23,2.69,7.84,6.51,25.37
DFSU,Dimensional US Sustainability Core 1 ETF,North America,45.99,101204,85249,2147691224.95,0.15,0.16,-1.18,0.59,7.86,5.00,5.38,19.89
PWRD,TCW Transform Systems ETF,North America,110.49,88640,125562,1406109876.80,0.75,-0.71,-1.18,-2.37,5.88,12.32,13.20,30.93
IRTR,iShares LifePath Retirement ETF,Global,31.74,25100,11705,53935796.07,0.08,0.10,-1.18,-0.38,1.96,2.52,2.72,9.22
BCGS,Bancreek Global Select ETF,Global,26.79,618,1494,39595424.10,0.80,0.62,-1.19,-2.67,5.78,5.65,5.65,5.65
KBA,KraneShares Bosera MSCI China A 50 Connect Index ETF,Asia-Pacific,33.30,75842,97241,153018905.89,0.56,1.34,-1.19,-1.22,8.12,8.61,6.56,39.97
GIEQ,Goldman Sachs Data Enhanced International Equity ETF,Global Ex-U.S.,40.46,46,,10090000.00,0.30,0.10,-1.19,0.18,0.18,0.18,0.18,0.18
OCTT,AllianzIM U.S. Large Cap Buffer10 Oct ETF,North America,46.02,836,4011,57667000.00,0.74,-0.21,-1.19,0.47,5.93,6.31,5.60,17.54
IDEV,iShares Core MSCI International Developed Markets ETF,Developed markets,88.75,1642903,1179631,29975821650.30,0.04,0.07,-1.19,-0.94,4.20,6.81,6.59,16.78
TOUS,T. Rowe Price International Equity ETF,Developed markets,37.21,127113,188061,1462575217.50,0.50,0.00,-1.19,0.13,5.23,7.36,6.59,17.09
KBWD,Invesco KBW High Dividend Yield Financial ETF,North America,12.36,374048,357054,415196640.00,5.39,1.44,-1.20,-6.79,-4.26,-11.40,-9.78,-10.11
VICE,AdvisorShares Vice ETF,North America,32.85,1599,446,7209650.80,0.99,0.30,-1.20,-0.12,1.12,3.47,2.82,-3.78
RDYY,YieldMax RDDT Option Income Strategy ETF,North America,21.50,49730,42705,13472095.00,1.01,3.41,-1.20,1.08,4.37,-45.68,-43.27,-57.54
GFGF,Guru Favorite Stocks ETF,North America,35.46,24,174,36802896.00,0.66,0.23,-1.20,0.67,7.93,1.15,-0.44,10.37
QMNV,FT Vest Nasdaq-100 Moderate Buffer ETF - November,North America,24.78,6252,4713,63469549.78,0.90,-0.43,-1.20,-0.07,6.16,5.71,5.35,18.10
IVAL,Alpha Architect International Quantitative Value ETF,Developed markets,34.98,8415,17445,213317000.00,0.38,-0.20,-1.21,-1.27,2.31,11.94,10.04,26.97
FLJH,Franklin FTSE Japan Hedged ETF,Asia-Pacific,44.16,16734,26094,161701100.00,0.09,-0.68,-1.21,1.72,8.92,11.73,16.30,36.92
MOAT,VanEck Morningstar Wide Moat ETF,North America,102.61,1151623,900374,11486561385.00,0.46,0.84,-1.21,0.93,0.92,-2.83,-1.35,12.12
FFEB,FT Vest U.S. Equity Buffer ETF - February,North America,60.37,12078,22708,1348949420.98,0.85,-0.18,-1.21,0.17,5.46,7.29,6.50,17.80
ASEA,Global X FTSE Southeast Asia ETF,Asia-Pacific,19.61,48507,32588,91029968.09,0.65,0.80,-1.21,-0.76,1.13,7.75,6.17,17.88
ALDB,Aptus Laddered Deep Buffer ETF,North America,25.02,1585,,1503684.00,0.30,-0.31,-1.21,-0.09,-0.09,-0.09,-0.09,-0.09
PID,Invesco International Dividend Achievers ETF,Global Ex-U.S.,22.87,53932,48618,915660900.00,0.53,0.26,-1.21,0.35,0.26,3.72,3.44,11.13
TLTX,Global X Treasury Bond Enhanced Income ETF,North America,22.75,5802,14692,11283365.73,0.29,0.29,-1.22,-2.32,-5.41,-8.34,-6.79,-8.42
FGD,First Trust DJ Global Select Dividend,Developed markets,33.29,132050,179831,1423706666.30,0.55,0.21,-1.22,-1.19,4.26,8.58,9.08,22.89
DMAY,FT Vest U.S. Equity Deep Buffer ETF - May,North America,46.71,22951,60374,359105668.58,0.85,-0.23,-1.22,-0.06,2.86,3.87,3.25,10.82
WIP,State Street SPDR FTSE International Government Inflation-Protected Bond ETF,Global Ex-U.S.,39.68,100170,123461,533700369.91,0.50,0.30,-1.22,-2.75,-1.95,0.74,0.84,3.09
NDOW,Anydrus Advantage ETF,Global,29.07,9894,12516,67741420.01,2.15,-0.24,-1.22,0.41,3.45,4.57,4.79,14.45
IDMY,Corgi International Developed Equities 15% Structured Buffer ETF - May Series,Developed markets,24.76,5086,,4719353.00,0.30,-1.38,-1.23,-0.69,-3.12,-3.12,-3.12,-3.12
OMFL,Invesco Russell 1000 Dynamic Multifactor ETF,North America,67.55,205102,143545,4658647687.55,0.29,0.00,-1.23,0.72,9.41,9.52,9.86,18.40
TENJ,iShares Large Cap 10% Target Buffer Jun ETF,North America,27.04,12400,1114,13012699.68,0.50,-0.14,-1.23,0.53,6.23,6.65,6.34,8.47
JHDG,John Hancock Hedged Equity ETF,North America,27.15,4417,42666,97734600.00,0.49,-0.24,-1.23,0.91,5.86,5.86,5.86,5.86
CPII,Ionic Inflation Protection ETF,North America,19.26,330,2319,11508000.00,0.70,-0.23,-1.23,-0.47,0.71,1.53,2.04,0.10
CBOA,Calamos Bitcoin Structured Alt Protection ETF - April,Global,24.08,4,903,4846024.23,0.69,-0.21,-1.23,-2.21,-1.57,-8.67,-6.94,-7.48
DIVI,Franklin International Core Dividend Tilt Index ETF,Developed markets,42.52,126311,146524,2486532000.00,0.09,-0.02,-1.23,-0.77,5.51,8.66,7.86,19.00
DUHP,Dimensional US High Profitability ETF,North America,40.79,860611,877195,11957580629.66,0.20,0.10,-1.23,2.20,5.98,7.57,6.86,16.44
PXI,Invesco Dorsey Wright Energy Momentum ETF,North America,57.14,4362,9512,80843160.00,0.60,-2.54,-1.23,-1.36,4.21,20.59,24.94,36.46
SCEP,Sterling Capital Hedged Equity Premium Income ETF,North America,24.64,183654,31962,231760750.00,0.65,0.16,-1.24,-1.12,1.23,-1.48,-0.48,-1.48
QYLD,Global X NASDAQ 100 Covered Call ETF,North America,17.85,12322981,5488301,8287211633.25,0.60,-0.78,-1.24,-1.38,0.90,1.65,0.56,7.72
EAOK,iShares ESG Aware 30/70 Conservative Allocation ETF,Global,28.01,111,765,9092845.78,0.18,0.10,-1.24,-0.65,1.66,1.17,1.59,7.35
TEXN,iShares Texas Equity ETF,North America,32.87,2313,2406,17260079.20,0.20,-0.98,-1.24,1.89,8.80,18.92,21.06,30.33
SEIV,SEI Enhanced U.S. Large Cap Value Factor ETF,North America,47.80,96019,94473,1428861519.01,0.15,-0.10,-1.24,5.10,13.86,15.35,14.44,38.03
QUIZ,Zacks Quality International ETF,Developed markets,28.54,8505,20085,80724842.12,0.55,-0.18,-1.24,-1.69,3.03,10.03,6.57,13.88
FDEC,FT Vest U.S. Equity Buffer ETF - December,North America,53.84,7617,15504,1372085657.93,0.85,-0.23,-1.24,0.16,5.52,6.10,5.08,18.11
DDTZ,Innovator Equity Dual Directional 10 Buffer ETF - June,North America,19.14,47403,,56541765.00,0.79,0.08,-1.24,-1.24,-1.24,-1.24,-1.24,-1.24
TBFC,The Brinsmere Fund Conservative ETF,Global,29.25,796,4067,359353262.40,0.44,-0.09,-1.24,-0.49,2.03,2.39,3.49,9.91
SNPE,Xtrackers S&P 500 Scored & Screened ETF,North America,67.71,381322,213285,2727383167.68,0.10,0.03,-1.25,0.83,9.28,8.60,7.85,26.00
BBYY,GraniteShares YieldBOOST BABA ETF,Asia-Pacific,11.08,1532,3705,667211.12,1.07,-0.20,-1.25,-10.34,-23.37,-47.76,-43.65,-55.34
PEX,ProShares Global Listed Private Equity ETF,Global,21.82,1370,2477,10873550.00,2.95,1.04,-1.25,-3.43,0.39,-15.15,-10.92,-22.75
SVOL,Simplify Volatility Premium ETF,North America,15.84,417654,332787,548238915.97,0.66,-0.69,-1.25,0.64,-1.61,-9.59,-9.90,-10.96
ENHI,iShares Enhanced International Active ETF,Developed markets,26.22,55,449,11530552.00,0.27,-0.08,-1.25,-0.88,6.62,6.62,6.62,6.62
DDTY,Innovator Equity Dual Directional 10 Buffer ETF - May,North America,19.97,65833,,28498147.50,0.79,-0.21,-1.25,-0.06,0.90,0.90,0.90,0.90
ESSC,Eventide Small Cap ETF,North America,29.59,3583,3341,27258601.99,0.49,0.86,-1.25,-0.05,13.35,10.60,14.47,18.87
WSML,iShares MSCI World Small-Cap ETF,Developed markets,34.28,18102,7443,648844813.00,0.30,0.39,-1.26,-0.55,7.72,8.17,11.81,25.62
XLII,State Street Industrial Select Sector SPDR Premium Income ETF,North America,25.25,4013,5914,6772674.60,0.35,0.75,-1.26,0.51,0.91,1.27,1.36,2.22
GPZ,VanEck Alternative Asset Manager ETF,Developed markets,22.75,272982,238322,232602300.00,0.40,2.82,-1.26,-4.11,7.11,-19.04,-16.82,-10.36
GQI,Natixis Gateway Quality Income ETF,North America,58.21,55905,49288,250535630.00,0.34,-0.12,-1.26,-0.07,2.36,1.48,1.55,11.02
FAPR,FT Vest U.S. Equity Buffer ETF - April,North America,46.25,102358,42998,1135262342.58,0.85,-0.15,-1.26,0.26,3.22,4.82,4.03,11.08
FDVV,Fidelity High Dividend ETF,North America,60.76,561098,682018,9642747187.40,0.15,0.41,-1.27,2.08,5.80,6.28,6.82,18.95
MAYP,PGIM S&P 500 Buffer 12 ETF - May,North America,32.11,1530,13530,24456832.18,0.50,-0.17,-1.27,0.09,3.01,4.49,3.84,11.18
QSPT,FT Vest Nasdaq-100 Buffer ETF - September,North America,34.22,9435,11108,619560068.84,0.90,-0.59,-1.27,0.52,7.92,7.84,7.88,19.06
NNOV,Innovator Growth-100 Power Buffer ETF - November,North America,30.91,42122,34073,93284100.00,0.79,-0.41,-1.27,0.21,8.09,7.00,6.89,15.48
DWM,WisdomTree International Equity Fund,Developed markets,72.97,9838,11513,660152250.00,0.48,0.11,-1.27,-1.67,2.72,6.72,5.01,15.41
FENI,Fidelity Enhanced International ETF,Developed markets,39.48,1640969,1359978,9693925870.43,0.28,-0.13,-1.28,-0.83,3.30,8.02,6.65,19.96
CNYA,iShares MSCI China A ETF,Asia-Pacific,36.36,49785,168405,230198579.20,0.60,1.00,-1.28,-3.25,1.42,6.57,3.97,28.39
VPX,Variant Perception Cycle Aware US Equity ETF,North America,28.63,1737,1786,42274363.50,0.75,-0.22,-1.28,3.29,15.60,15.60,15.60,15.60
FNY,First Trust Mid Cap Growth AlphaDEX Fund,North America,103.12,9269,21622,552555204.65,0.73,0.73,-1.28,-0.80,10.78,10.51,12.06,26.49
TRTY,Cambria Trinity ETF,Global,30.63,8277,186340,143475811.38,0.46,-0.24,-1.29,-1.67,0.69,8.77,8.62,17.54
BMAR,Innovator U.S. Equity Buffer ETF - March,North America,56.93,2592,12913,246810882.50,0.79,-0.25,-1.29,0.30,5.79,7.88,7.11,19.45
DTH,WisdomTree International High Dividend Fund,Developed markets,55.30,70675,42356,676319200.00,0.58,0.45,-1.29,-1.71,2.12,8.54,6.61,19.77
DECT,AllianzIM U.S. Large Cap Buffer10 Dec ETF,North America,38.78,11684,12103,123397327.50,0.74,-0.24,-1.29,0.24,6.22,6.34,5.84,19.11
EOCT,Innovator Emerging Markets Power Buffer ETF - October,Emerging markets,33.62,8603,7187,108312270.00,0.89,-0.11,-1.29,-1.32,3.96,7.48,5.40,21.86
YALL,God Bless America ETF,North America,42.40,5118,7367,93694198.50,0.65,-0.19,-1.30,-3.20,-3.00,-3.83,-2.48,4.87
ARLI,AllianzIM International Equity Buffer15 Uncapped Apr ETF,Developed markets,25.73,102,1194,6391900.00,0.79,-0.10,-1.30,-1.46,2.49,2.49,2.49,2.49
PXE,Invesco Energy Exploration & Production ETF,North America,35.78,28645,41587,132129610.00,0.61,-2.32,-1.30,-0.39,4.01,18.99,28.06,28.61
ASHR,Xtrackers Harvest CSI 300 China A-Shares ETF,Asia-Pacific,34.95,7620126,4524647,1816500884.63,0.65,1.27,-1.30,-2.16,2.92,5.97,5.08,29.97
KHPI,Kensington Hedged Premium Income ETF,North America,25.74,99805,95617,392134344.00,0.98,-0.16,-1.30,-0.81,1.14,-1.27,-0.16,3.25
DBMF,iMGP DBi Managed Futures Strategy ETF,Global,30.78,903021,1437950,3989154000.00,0.85,-0.29,-1.31,0.88,0.56,6.54,9.03,21.85
ROE,Astoria US Equal Weight Quality Kings ETF,North America,41.38,52559,15741,256680730.00,0.49,-0.20,-1.31,4.23,13.01,15.52,16.46,31.74
XUDV,Franklin U.S. Dividend Booster Index ETF,North America,31.29,9838,5774,65549400.00,0.09,0.22,-1.31,3.53,10.20,14.85,17.40,24.35
GTR,WisdomTree Target Range Fund,Global,26.86,3123,6265,68643450.00,0.70,-0.00,-1.31,0.02,4.12,5.10,5.35,11.01
FEGE,First Eagle Global Equity ETF,Global,49.40,406524,323869,1971549650.00,0.50,0.49,-1.32,-1.18,2.32,6.67,6.72,24.43
TEND,iShares Large Cap 10% Target Buffer Dec ETF,North America,26.92,3711,215043,63610793.36,0.50,-0.09,-1.32,0.56,5.94,5.41,5.36,7.34
JOYT,JPMorgan Equity and Options Total Return ETF,North America,56.19,9861,10328,90016000.00,0.35,-0.15,-1.32,0.60,2.51,4.07,2.78,12.38
NDEC,Innovator Growth-100 Power Buffer ETF - December,North America,29.61,18136,14771,81797650.00,0.79,-0.41,-1.32,0.01,6.75,6.41,6.29,17.20
JQUA,JPMorgan U.S. Quality Factor ETF,North America,70.11,1091446,630473,7941998500.00,0.12,-0.10,-1.32,3.32,10.83,9.96,10.46,17.26
FQAL,Fidelity Quality Factor ETF,North America,80.00,36926,42559,1392435435.00,0.15,-0.04,-1.32,0.65,5.79,5.53,5.19,16.79
GXC,State Street SPDR S&P China ETF,Asia-Pacific,90.92,11544,28466,464857575.25,0.59,0.60,-1.32,-7.29,-6.73,-8.00,-8.46,4.02
SHOC,Strive U.S. Semiconductor ETF,North America,109.54,18713,22268,253863446.00,0.40,-0.88,-1.32,6.11,45.37,54.00,54.11,124.88
PSCM,Invesco S&P SmallCap Materials ETF,North America,103.60,1219,2983,20440800.00,0.29,1.55,-1.33,-1.49,10.62,21.31,21.53,48.96
EVNT,AltShares Event-Driven ETF,Global,11.96,3566,4338,12216119.62,1.33,0.83,-1.33,0.58,2.49,-1.73,3.68,6.78
ASEC,American Century Securitized Credit ETF,North America,49.98,2,,19983600.00,0.29,0.03,-1.33,-0.43,-0.43,-0.43,-0.43,-0.43
BJAN,Innovator U.S. Equity Buffer ETF - January,North America,58.19,7516,25831,381996000.00,0.79,-0.23,-1.33,0.35,6.01,7.02,5.53,18.82
FEDM,FlexShares ESG & Climate Developed Markets ex-US Core Index Fund,Developed markets,61.96,1499,1815,75910800.00,0.12,0.15,-1.33,-0.29,3.33,4.76,4.11,10.97
QAT,iShares MSCI Qatar ETF,Middle East & Africa,18.58,162118,93369,64774006.45,0.60,1.81,-1.33,-3.28,-1.17,-3.38,-1.06,-1.43
PQNT,Pictet AI Enhanced International Equity ETF,Developed markets,22.10,1283,1189,11042850.00,0.30,-0.09,-1.34,-1.93,2.79,5.92,4.15,9.03
GAPR,FT Vest U.S. Equity Moderate Buffer ETF - April,North America,41.29,11329,50899,284405082.74,0.85,-0.17,-1.34,0.49,2.51,3.85,3.19,9.13
LRGC,AB US Large Cap Strategic Equities ETF,North America,82.46,50303,58376,1222982357.95,0.39,0.21,-1.34,-0.12,8.29,5.38,5.67,19.68
USSE,Segall Bryant & Hamill Trust Segall Bryant & Hamill Select Equity ETF,North America,39.09,38640,21711,357080000.00,0.65,-1.02,-1.34,2.70,12.42,16.40,16.58,23.46
EAOM,iShares ESG Aware 40/60 Moderate Allocation ETF,Global,31.02,172,1129,8522452.12,0.18,0.11,-1.34,-0.35,2.84,2.21,3.17,9.71
USEW,Cambria US EW ETF,North America,54.30,143,218,184863820.00,0.30,0.12,-1.35,1.20,7.35,7.40,6.99,7.40
ELM,Elm Market Navigator ETF,Global,28.87,17409,20925,565515210.00,0.24,0.26,-1.35,-0.50,3.86,3.57,5.26,14.31
EFIV,State Street SPDR S&P 500 ESG ETF,North America,71.73,79712,34699,1073640542.10,0.10,0.06,-1.35,0.79,9.23,8.62,7.85,25.97
NFEB,Innovator Growth-100 Power Buffer ETF - February,North America,29.94,2910,5007,82682325.00,0.79,-0.45,-1.35,-0.05,6.62,7.58,6.70,17.83
CJUN,Corgi U.S. Equities 15% Structured Buffer ETF - June Series,North America,24.80,1,,1364594.00,0.30,0.42,-1.36,-1.36,-1.36,-1.36,-1.36,-1.36
TILT,FlexShares Mornigstar US Market Factors Tilt Index Fund ETF,North America,270.66,4695,17380,2165773870.72,0.25,-0.01,-1.36,0.73,8.96,7.70,8.49,23.92
JGRW,Jensen Quality Growth ETF,North America,26.85,38114,28178,100825634.00,0.57,0.47,-1.37,0.17,4.14,-0.46,-0.97,1.77
KEAT,Keating Active ETF,Global,32.73,6691,2735,115754348.00,0.85,-0.32,-1.37,-3.26,-3.52,5.98,6.77,20.10
AIVI,WisdomTree International AI Enhanced Value Fund,Developed markets,56.22,2431,1110,62136800.00,0.58,0.12,-1.37,-1.65,3.61,7.97,7.60,15.63
CHPY,YieldMax Semiconductor Portfolio Option Income ETF,North America,79.40,1165116,780003,1061940000.00,1.03,-1.10,-1.38,8.28,39.30,35.89,40.41,50.98
CCEF,Calamos CEF Income & Arbitrage ETF,Global,29.10,6781,3348,31988029.08,3.19,0.05,-1.38,-0.93,1.35,1.42,0.61,5.12
QMFE,FT Vest Nasdaq-100 Moderate Buffer ETF - February,North America,24.01,17465,12240,49407098.20,0.90,-0.27,-1.38,-0.12,5.56,8.32,7.74,18.71
XOEX,Xtrackers S&P 100 Ex Top 20 ETF,North America,39.63,281,30310,227297679.67,0.15,-0.09,-1.38,2.73,9.00,7.04,7.97,23.24
MKTN,Federated Hermes MDT Market Neutral ETF,North America,25.72,6933,27558,102445200.00,1.94,-0.19,-1.38,0.70,-0.54,0.80,0.04,2.96
IBBQ,Invesco Nasdaq Biotechnology ETF,North America,29.25,5442,17804,65088028.80,0.19,1.67,-1.38,-0.71,-0.75,3.07,2.45,36.81
EMTY,ProShares Decline of the Retail Store ETF,North America,24.19,615,3670,3082090.91,0.65,-1.12,-1.39,1.12,3.11,1.98,8.86,-4.39
GEQ,Cambria Global EW 2 ETF,Global,50.05,244,,,0.29,,-1.39,,,,-1.39,
GEW,Cambria Global EW ETF,Global,54.16,562,5504,138386944.00,0.30,0.20,-1.39,0.00,4.68,4.96,5.99,8.78
QMAG,FT Vest Nasdaq-100 Moderate Buffer ETF - August,North America,25.06,3042,10690,60391250.33,0.90,-0.41,-1.39,0.30,5.68,6.25,5.19,15.36
NUDG,Nuveen Dividend Growth Fund: ETF Class Shares,Global,62.01,300,,14781600.00,0.61,0.64,-1.39,-1.39,-1.39,-1.39,-1.39,-1.39
RB,ProShares Russell 2000 Dynamic Buffer ETF,North America,45.94,889,2758,1147165.00,0.58,-0.12,-1.39,-1.02,2.59,4.74,4.83,14.39
GSJY,Goldman Sachs ActiveBeta Japan Equity ETF,Asia-Pacific,51.28,3547,6168,81664000.00,0.25,-0.84,-1.39,-2.16,4.67,8.34,9.13,23.89
FLQL,Franklin U.S. Large Cap Multifactor Index ETF,North America,76.33,50894,83569,1990506550.00,0.15,-0.09,-1.40,0.17,8.75,9.17,9.29,24.54
FEUZ,First Trust Eurozone AlphaDEX ETF,Europe,67.17,879,4377,138805635.42,0.80,-0.39,-1.40,-1.64,7.35,10.22,8.56,24.21
HIPS,GraniteShares HIPS US High Income ETF,North America,11.51,36986,70194,108775000.00,1.17,0.14,-1.41,-3.39,-1.66,-4.04,-2.49,-5.53
NOVP,PGIM S&P 500 Buffer 12 ETF - November,North America,32.16,505,5014,29320232.22,0.50,-0.20,-1.41,0.21,5.99,5.85,5.51,15.95
KVLE,KraneShares Value Line Dynamic Dividend Equity Index ETF,North America,27.86,417,2387,38899181.56,0.56,0.26,-1.42,2.46,7.98,0.61,8.89,8.40
IMF,Invesco Managed Futures Strategy ETF,Global,51.30,1145,12883,307647226.00,0.65,-1.21,-1.42,-0.43,2.20,12.80,10.74,15.76
IYC,iShares U.S. Consumer Discretionary ETF,North America,100.48,448309,124504,1167052711.50,0.38,0.74,-1.42,-2.62,-0.36,-2.89,-2.78,3.66
ESMV,iShares ESG Optimized MSCI USA Min Vol Factor ETF,North America,29.95,651,116,7473518.50,0.18,0.26,-1.42,2.54,2.80,3.11,4.41,4.36
BDEC,Innovator U.S. Equity Buffer ETF - December,North America,52.55,14621,17637,263364000.00,0.79,-0.19,-1.42,0.25,6.32,6.14,5.62,19.19
BUFI,AB International Buffer ETF,Developed markets,41.86,60676,10583,127286208.52,0.69,-0.13,-1.42,-0.08,2.79,4.93,3.97,11.61
MVFG,Monarch Volume Factor Global Unconstrained Index ETF,Global,34.38,29570,13122,157800300.00,1.42,0.45,-1.43,0.38,3.87,9.07,8.22,23.05
MAYT,AllianzIM U.S. Large Cap Buffer10 May ETF,North America,38.55,26055,200982,233680645.00,0.74,-0.26,-1.43,0.17,3.69,4.82,4.36,12.69
JMOM,JPMorgan U.S. Momentum Factor ETF,North America,80.83,73893,94595,2393550000.00,0.12,-0.26,-1.43,2.90,15.37,17.01,17.83,30.71
TMH,Toyota Motor Corporation,Asia-Pacific,49.33,114,375,998889.94,0.19,-1.20,-1.43,-1.79,-18.29,-14.25,-15.21,-2.45
EBI,Longview Advantage ETF,North America,63.86,1159,5651,650734159.16,0.24,0.06,-1.44,1.06,9.18,11.31,12.39,28.46
QTOC,Innovator Growth Accelerated Plus ETF - October,North America,37.33,8172,6500,22535100.00,0.79,-0.60,-1.44,0.55,9.23,9.04,9.48,20.55
MKAM,MKAM ETF,North America,31.70,7,422,13017500.00,0.53,-0.16,-1.44,0.06,3.41,1.87,2.98,9.11
EBIZ,Global X E-commerce ETF,Global,27.38,2441,3305,25585854.32,0.50,0.85,-1.44,-4.10,-2.67,-16.83,-16.60,-12.88
OPPJ,WisdomTree Japan Opportunities Fund,Asia-Pacific,57.28,82616,90482,284470000.00,0.58,-0.66,-1.44,-3.09,6.44,23.91,22.46,56.13
STEN,iShares Large Cap 10% Target Buffer Sep ETF,North America,27.14,12004,5825,38131314.20,0.50,-0.30,-1.44,0.50,6.53,6.28,6.24,8.40
BRES,Burney U.S. Equity Select ETF,North America,26.11,4751,23829,645108912.00,0.79,-0.01,-1.45,-1.53,5.22,4.63,4.63,4.63
PCFI,Polen Floating Rate Income ETF,North America,22.38,6,2641,8459288.31,0.49,0.25,-1.45,-2.31,-2.61,-4.77,-5.37,-9.87
AOR,iShares Core 60/40 Balanced Allocation ETF,Global,68.47,455595,347377,3586578155.20,0.15,0.00,-1.45,-0.54,4.06,4.50,4.95,13.78
ABLG,Abacus FCF International Leaders ETF,Global Ex-U.S.,31.41,381,638,16401000.00,0.54,0.12,-1.45,-3.74,1.49,-2.17,-1.11,1.12
ISHG,iShares 1-3 Year International Treasury Bond ETF,Developed markets,74.84,54692,113959,892889660.00,0.35,0.15,-1.46,-2.28,-0.09,-1.63,-0.53,0.34
TDSC,ETC Cabana Target Drawdown 10 ETF,Global,27.53,3817,7865,102148370.55,0.90,-0.44,-1.46,0.45,3.74,8.02,8.50,14.67
VNSE,Natixis Vaughan Nelson Select ETF,Global,41.22,2,355,13642447.28,0.80,-0.18,-1.46,0.42,9.63,5.69,6.46,19.61
FAD,First Trust Multi Cap Growth AlphaDEX Fund,North America,184.82,11067,13914,526104669.20,0.63,0.13,-1.46,0.97,12.74,11.85,13.07,28.68
BPH,BP plc,Europe,66.86,235,1359,2061308.71,0.19,-2.72,-1.46,0.54,5.21,18.67,22.72,47.49
AOA,iShares Core 80/20 Aggressive Allocation ETF,Global,96.36,168798,113310,3124308232.50,0.15,0.21,-1.46,-0.23,6.28,6.83,6.84,18.79
MFDX,PIMCO RAFI Dynamic Multi-Factor International Equity ETF,Developed markets,41.28,6971,15773,445824000.00,0.39,0.07,-1.46,-2.28,2.10,7.94,6.50,16.97
JHMD,John Hancock Multifactor Developed International ETF,Developed markets,44.24,46387,124069,930674580.00,0.39,0.11,-1.47,-1.80,3.41,6.24,5.56,15.42
JPY,Lazard Japanese Equity ETF,Asia-Pacific,36.49,7352,5543,77959000.00,0.60,-0.70,-1.47,0.10,9.51,12.82,13.31,27.31
IJUN,Innovator International Developed Power Buffer ETF June,Developed markets,30.79,20815,58993,85765022.50,0.85,0.00,-1.47,0.36,4.09,6.28,4.94,12.05
LCR,Leuthold Core ETF,Global,39.20,7607,6284,68699400.00,0.83,-0.09,-1.47,0.37,3.36,3.14,2.28,10.68
SIXD,AllianzIM U.S. Large Cap 6 Month Buffer10 Jun/Dec ETF,North America,30.48,220062,375967,364321867.50,0.74,-0.33,-1.47,0.11,5.51,5.81,5.29,12.61
IDJN,Corgi International Developed Equities 15% Structured Buffer ETF - June Series,Developed markets,24.79,4,,1475718.00,0.30,1.08,-1.48,-1.48,-1.48,-1.48,-1.48,-1.48
BCFN,Baron Financials ETF,Global,20.92,564,5025,45684643.28,0.80,0.77,-1.48,-2.04,-2.63,-16.33,-16.13,-16.33
SCLZ,Swan Enhanced Dividend Income ETF,North America,55.60,228,1144,18099250.00,0.79,-0.21,-1.48,-0.74,3.64,1.94,1.60,4.54
QMAR,FT Vest Nasdaq-100 Buffer ETF - March,North America,36.74,5276,17251,552193273.87,0.90,-0.51,-1.48,-0.26,9.88,11.89,11.23,21.22
IDNA,iShares Genomics Immunology and Healthcare ETF,Global,29.20,5389,47934,159571659.50,0.47,0.48,-1.48,-1.22,-1.91,9.69,11.07,37.22
JUNP,PGIM S&P 500 Buffer 12 ETF - June,North America,31.30,7294,19271,38597679.37,0.50,-0.23,-1.49,-1.15,2.01,2.92,2.41,11.02
RPHS,Regents Park Hedged Market Strategy ETF,North America,10.63,9860,10145,55320750.00,0.75,-0.47,-1.49,0.18,7.15,-5.93,3.80,4.21
RNIN,Bushido Capital US SMID Cap Equity ETF,North America,32.01,6020,3611,157491642.00,0.68,0.14,-1.49,1.61,12.66,12.81,15.34,27.31
ITDB,iShares LifePath Target Date 2030 ETF,Global,34.59,11684,28538,71886414.08,0.10,0.05,-1.49,-0.53,3.77,3.18,4.84,12.33
CEFS,Saba Closed-End Funds ETF,Global,25.12,81523,93011,417166024.98,4.29,0.32,-1.49,1.47,10.51,9.89,9.69,12.75
BULD,Pacer BlueStar Engineering the Future ETF,Global,33.85,1617,5608,8733400.00,0.49,0.11,-1.49,4.53,17.36,23.53,27.26,52.26
IWP,iShares Russell Midcap Growth ETF,North America,139.78,997166,740194,20042597267.60,0.23,0.45,-1.49,0.97,4.76,0.18,1.49,2.79
RXI,iShares Global Consumer Discretionary ETF,Global,196.01,12199,8314,263230150.95,0.39,0.53,-1.50,-2.61,-0.16,-5.27,-5.01,4.75
KLIP,KraneShares KWEB Covered Call Strategy ETF,Asia-Pacific,24.33,61518,39935,110104862.19,0.95,0.16,-1.50,-8.08,-11.08,-21.52,-20.33,-23.49
PQOC,PGIM Nasdaq-100 Buffer 12 ETF - October,North America,30.78,79,3683,18248700.00,0.50,-0.50,-1.50,0.36,7.87,7.44,7.47,31.60
FSZ,First Trust Switzerland AlphaDEX Fund,Europe,80.85,550,725,40364161.46,0.80,0.34,-1.51,-1.73,-0.52,3.32,0.32,5.81
CGBL,Capital Group Core Balanced ETF,North America,37.19,4955396,1901571,6607740166.56,0.33,0.24,-1.51,-0.05,3.97,4.76,4.70,13.94
FXF,Invesco CurrencyShares Swiss Franc Trust,Europe,110.42,44872,51993,470475000.00,0.40,-0.09,-1.51,-2.69,-2.60,-0.82,-1.05,2.35
TSEP,FT Vest Emerging Market Buffer ETF - September,Emerging markets,25.51,31771,2648,16628351.16,0.95,-0.06,-1.52,-1.60,4.00,8.27,5.89,19.49
SFLR,Innovator Equity Managed Floor ETF,North America,38.17,374364,447725,1985094800.00,0.89,-0.52,-1.52,1.33,4.60,3.00,3.02,15.67
SPCK,SPAC and New Issue ETF,Global,22.23,21466,5976,8242249.77,2.32,-0.61,-1.52,0.76,0.62,-11.76,1.91,-12.39
CEFA,Global X S&P Catholic Values Developed ex-U.S. ETF,Developed markets,39.27,7216,7541,49403226.15,0.35,0.03,-1.52,-0.60,4.28,4.90,4.84,14.40
HOYY,GraniteShares YieldBOOST HOOD ETF,North America,5.91,20002,34956,8392205.91,1.07,-0.09,-1.53,-4.25,-28.90,-65.57,-56.46,-76.72
FXI,iShares China Large-Cap ETF,Asia-Pacific,34.69,25563039,29794383,5461635132.90,0.74,0.03,-1.53,-7.49,-4.78,-11.05,-12.07,-5.96
PSTR,PeakShares Sector Rotation ETF,North America,30.77,12508,5026,60825600.00,1.07,-0.05,-1.53,2.13,5.09,5.30,6.22,3.40
PFF,iShares Preferred and Income Securities ETF,North America,30.89,3769295,2741145,13494485964.75,0.45,-0.26,-1.53,-2.09,-0.87,-0.23,-0.39,2.12
DDXX,Defined Duration 20 ETF,Global,27.48,101,3750,16744256.00,0.25,0.10,-1.54,-0.26,5.69,8.06,8.79,9.48
BFRZ,Innovator Equity Managed 100 Buffer ETF,North America,26.85,34733,32543,135674815.00,0.89,-0.17,-1.54,1.13,-0.01,-0.11,0.00,6.00
SPDV,AAM S&P 500 High Dividend Value ETF,North America,38.91,11294,7231,94065750.00,0.29,0.13,-1.54,2.08,4.77,11.12,11.98,21.95
SUSL,iShares ESG MSCI USA Leaders ETF,North America,130.88,59317,27031,1118416351.50,0.10,0.03,-1.54,0.19,9.76,8.07,7.33,24.29
EJAN,Innovator Emerging Markets Power Buffer ETF January,Emerging markets,35.37,4026,11425,153763365.00,0.89,-0.07,-1.54,-2.16,3.17,5.29,3.56,12.27
VEGA,AdvisorShares STAR Global Buy-Write ETF,Global,51.72,1681,6964,87145588.25,1.25,-0.08,-1.54,-0.58,4.02,4.06,4.87,14.85
BLUX,Bluemonte Dynamic Total Market ETF,North America,31.17,64903,64552,547605056.69,0.25,0.10,-1.55,0.71,10.42,9.45,10.89,24.24
JOUL,Corgi High Voltage Grid Equipment ETF,Global,24.61,4214,,6982808.00,0.35,-1.36,-1.55,-2.80,-6.42,-6.42,-6.42,-6.42
OALC,OneAscent Large Cap Core ETF,North America,39.84,7295,17605,238000000.00,0.49,-0.37,-1.55,1.10,12.08,11.64,11.67,27.52
DFIC,Dimensional International Core Equity 2 ETF,Developed markets,37.40,1362144,1091883,13968981042.06,0.22,0.11,-1.55,-1.40,3.54,9.48,7.56,21.55
PCHI,Polen High Income ETF,North America,24.11,1245,6382,19783440.00,0.56,0.17,-1.55,-2.01,-2.23,-3.41,-3.52,-4.31
FV,First Trust Dorsey Wright Focus 5 ETF,Global,72.15,162677,83580,3782043345.18,0.89,-0.58,-1.55,6.02,15.51,14.12,14.10,23.88
DCOR,Dimensional US Core Equity 1 ETF,North America,80.72,104509,90203,3111768966.78,0.14,0.04,-1.55,0.94,8.88,8.66,9.15,23.56
RECS,Columbia Research Enhanced Core ETF,North America,43.05,455311,479740,5683774800.00,0.15,-0.09,-1.55,0.80,7.36,3.96,4.95,20.76
BMAY,Innovator U.S. Equity Buffer ETF - May,North America,46.84,5176,91305,225289440.00,0.79,-0.20,-1.55,0.16,3.76,5.10,4.52,13.15
PRAY,FIS Biblically Responsible Risk Managed ETF,Global,35.00,7196,7279,79756223.00,0.69,-0.39,-1.56,-1.45,5.19,10.92,11.78,16.73
TUR,iShares MSCI Turkey ETF,Europe,38.45,116291,352407,177146478.60,0.59,-0.31,-1.56,-12.27,-1.49,11.03,10.58,21.52
FMAY,FT Vest U.S. Equity Buffer ETF - May,North America,55.50,88419,76693,1226021736.33,0.85,-0.31,-1.56,-0.16,3.33,4.68,3.74,13.24
FEP,First Trust Europe AlphaDEX Fund,Europe,57.94,19306,18675,511482516.25,0.80,-0.47,-1.56,-1.90,5.12,9.16,6.62,22.73
RONB,Baron First Principles ETF,North America,23.95,574055,881051,1713680858.10,1.00,0.04,-1.56,2.05,0.17,-4.96,-4.77,-4.96
DFSI,Dimensional International Sustainability Core 1 ETF,Developed markets,44.63,69959,59865,1071560911.68,0.24,-0.53,-1.57,-2.11,1.96,4.40,3.29,14.08
BSTP,Innovator Buffer Step-Up Strategy ETF,North America,38.84,4619,4879,59398750.00,0.89,-0.21,-1.57,-0.28,4.92,4.70,4.70,14.72
MFSI,MFS Active International ETF,Global Ex-U.S.,31.89,549894,220239,1083648925.60,0.59,0.25,-1.57,0.00,4.45,5.60,3.71,13.81
DISO,YieldMax DIS Option Income Strategy ETF,North America,9.40,2950,10294,4222710.00,1.21,0.17,-1.57,-11.24,-9.61,-20.20,-21.34,-33.09
RDTE,Roundhill Russell 2000 0DTE Covered Call Strategy ETF,North America,28.18,109750,120524,159832036.00,0.97,0.57,-1.57,-3.39,0.79,-11.08,-4.34,-18.15
FLJJ,AllianzIM U.S. Equity 6 Month Floor5 Jan/Jul ETF,North America,33.46,1015,17103,8376400.00,0.74,-0.17,-1.57,0.66,4.23,4.90,4.36,14.27
KCAI,KraneShares China Alpha Index ETF,Asia-Pacific,32.20,756,820,11319143.66,0.79,-0.16,-1.57,-1.09,-0.43,-20.39,4.02,12.73
EDIV,State Street SPDR S&P Emerging Markets Dividend ETF,Emerging markets,40.78,81408,103057,1246250332.20,0.49,0.67,-1.57,-2.58,1.09,4.70,3.71,6.64
EFFI,Harbor Osmosis International Resource Efficient ETF,Developed markets,25.07,653,634,141645500.00,0.55,-0.12,-1.57,-0.71,3.68,0.23,3.17,12.42
CRAK,VanEck Oil Refiners ETF,Global,47.58,297801,108162,172739095.00,0.61,-2.20,-1.57,-3.75,4.18,19.19,25.50,55.69
DTCR,Global X Data Center & Digital Infrastructure ETF,Global,30.91,1893668,1375963,2251769463.07,0.50,-0.23,-1.58,2.62,21.79,43.57,43.10,70.02
PSTP,Innovator Power Buffer Step-Up Strategy ETF,North America,36.42,10443,8276,129575000.00,0.89,-0.17,-1.58,0.19,3.33,4.07,3.04,11.39
IVSX,Applied Finance IVS International SMID ETF,Developed markets,24.34,261,1000,4629445.00,0.75,-2.12,-1.58,-1.76,2.22,-3.08,-3.08,-3.08
PFFD,Global X U.S. Preferred ETF,North America,18.66,700701,543056,2146167039.67,0.23,-0.16,-1.58,-1.89,-1.06,-1.84,-1.63,-0.48
FXA,Invesco CurrencyShares Australian Dollar Trust,Asia-Pacific,69.59,6503,9873,104835000.00,0.40,-0.25,-1.58,-3.00,-1.77,5.29,5.06,7.93
RSSL,Global X Russell 2000 ETF,North America,111.66,9182,5248,1459373720.79,0.08,0.43,-1.58,0.69,13.07,11.10,14.85,33.19
NVBT,AllianzIM US Large Cap Buffer10 Nov ETF,North America,39.07,61,2056,30363957.50,0.74,-0.22,-1.58,0.57,6.52,6.35,6.06,16.35
AVTM,Avantis Total Equity Markets ETF,North America,53.27,4211,2554,766223304.60,0.22,-0.50,-1.58,0.76,9.99,6.62,6.62,6.62
MCHI,iShares MSCI China ETF,Asia-Pacific,54.30,3394852,2989356,6241719875.00,0.59,0.69,-1.59,-7.49,-6.94,-11.57,-12.18,-1.79
GREK,Global X MSCI Greece ETF,Europe,72.99,63192,106690,270653100.04,0.56,0.19,-1.60,0.93,9.35,8.96,8.34,31.47
AVUS,Avantis U.S. Equity ETF,North America,125.19,341996,289647,13087068624.00,0.15,-0.39,-1.60,0.72,10.11,11.22,11.48,27.36
BNOV,Innovator U.S. Equity Buffer ETF - November,North America,47.19,6671,43859,212969700.00,0.79,-0.22,-1.60,0.39,6.65,6.29,5.72,17.36
FMF,First Trust Managed Futures Strategy Fund,Global,50.87,25587,40700,268030568.00,0.95,-0.56,-1.60,-0.58,0.55,5.04,7.62,12.23
BBJP,JPMorgan BetaBuilders Japan ETF,Asia-Pacific,73.89,2432850,1688947,17156073178.88,0.19,-1.02,-1.60,-1.19,6.19,6.44,11.08,22.15
XOP,State Street SPDR S&P Oil & Gas Exploration & Production ETF,North America,164.05,6145906,3672124,3179767112.00,0.35,-2.58,-1.60,-0.86,2.98,22.99,29.80,32.52
NULG,Nuveen ESG Large-Cap Growth ETF,North America,110.83,276949,103751,2663602445.28,0.26,-0.06,-1.60,2.21,15.82,12.03,12.28,21.70
SDIV,Global X SuperDividend ETF,Global,24.54,856324,452032,1214118555.14,0.58,0.53,-1.60,-5.58,-3.27,2.08,1.61,12.52
GENZ,VanEck Digital Native Economy ETF,North America,35.19,4141,2482,16577547.50,0.51,1.36,-1.61,-2.38,-0.51,-16.30,-13.51,-11.46
UTES,Virtus Reaves Utilities ETF,North America,78.19,222833,222743,1322995060.38,0.49,0.80,-1.62,-5.40,-4.61,-0.94,-1.55,7.17
DGT,State Street SPDR Global Dow ETF,Global,184.43,10537,17412,619152017.00,0.50,-0.16,-1.62,0.67,6.39,10.15,9.59,24.11
PCEF,Invesco CEF Income Composite ETF,Global,19.90,80113,144408,814334750.00,2.71,-0.15,-1.63,-1.00,2.58,-0.40,0.15,3.75
PQAP,PGIM Nasdaq-100 Buffer 12 ETF - April,North America,31.63,2801,4464,22246000.00,0.50,-0.47,-1.63,-0.40,9.30,11.44,10.51,19.72
FEMB,First Trust Emerging Markets Local Currency Bond ETF,Emerging markets,29.05,29557,72637,347353357.65,0.85,0.59,-1.63,-2.32,-3.14,-1.83,-2.62,2.50
ABLD,Abacus FCF Real Assets Leaders ETF,North America,30.30,7502,14665,88139410.00,0.39,-0.66,-1.63,-5.33,-4.96,3.16,4.12,6.80
CTJN,Corgi U.S. Equities 30% Structured Buffer ETF - June Series,North America,24.73,111,,991224.00,0.30,-0.15,-1.63,-1.63,-1.63,-1.63,-1.63,-1.63
CANE,Teucrium Sugar Fund ETV,Global,9.58,287263,620485,74151000.00,2.80,-0.62,-1.64,-2.15,-1.34,-0.52,-0.73,-14.62
PLGI,PL Growth and Income ETF,North America,24.61,100,15040,52060463.55,1.25,0.10,-1.64,-1.79,0.41,-2.82,-2.22,-1.85
KAT,Scharf ETF,Global,55.17,29193,12891,663228225.65,0.75,0.61,-1.64,0.20,-1.30,2.30,0.40,1.16
MOO,VanEck Agribusiness ETF,Global,77.87,178323,383910,917909020.00,0.56,0.35,-1.64,-5.22,-5.71,6.03,6.38,6.61
NIXT,Research Affiliates Deletions ETF,North America,31.40,1364,2149,37574493.00,0.19,1.02,-1.64,2.44,14.50,13.76,18.00,30.44
EWS,iShares MSCI Singapore ETF,Asia-Pacific,28.87,2065392,994708,859821090.00,0.50,0.63,-1.64,0.45,4.34,4.68,4.22,9.73
NFRA,FlexShares STOXX Global Broad Infrastructure Index Fund,Global,64.95,43110,58135,3008237344.83,0.47,-0.06,-1.65,-1.26,0.06,4.17,6.97,5.95
PALC,Pacer Lunt Large Cap Multi-Factor Alternator ETF,North America,56.41,5331,20540,218102500.00,0.60,-0.48,-1.65,2.65,5.31,7.73,7.52,17.32
DECU,AllianzIM U.S. Equity Buffer15 Uncapped Dec ETF,North America,28.92,1382,312840,49253760.00,0.74,-0.14,-1.65,-0.07,6.16,5.62,5.38,16.14
AVGE,Avantis All Equity Markets ETF,Global,97.58,93506,53682,988793709.75,0.23,-0.14,-1.65,0.13,8.82,12.52,12.77,26.88
JIVE,JPMorgan International Value ETF,Global Ex-U.S.,91.20,571228,393135,2870338500.00,0.55,0.22,-1.66,-0.45,6.26,12.85,12.36,34.82
FARX,Frontier Asset Absolute Return ETF,Global,28.88,1866,1184,12769070.73,0.95,-0.49,-1.66,-1.15,0.95,5.37,6.97,13.76
DOL,WisdomTree True Developed International Fund,Global,73.45,22969,14886,805541000.00,0.48,-0.14,-1.67,-0.51,6.20,13.24,10.47,22.66
MRSK,Toews Agility Shares Managed Risk ETF,North America,38.02,31425,18784,299722500.00,0.98,0.21,-1.67,0.69,4.22,2.88,2.76,15.88
PTL,Inspire 500 ETF,North America,280.12,123413,38355,838710000.00,0.09,0.13,-1.67,0.58,8.68,8.91,12.24,25.04
SEIQ,SEI Enhanced U.S. Large Cap Quality Factor ETF,North America,39.38,40490,36961,637565555.31,0.15,0.05,-1.67,0.48,3.06,1.48,1.23,6.15
INDH,WisdomTree India Hedged Equity Fund,Asia-Pacific,38.40,1014,798,5700000.00,0.64,0.11,-1.67,-3.75,-2.56,-9.12,-9.91,-11.10
HEGD,Swan Hedged Equity US Large Cap ETF,North America,26.45,126914,86012,682694096.00,0.87,-0.19,-1.67,0.00,4.79,3.85,4.42,15.25
XC,WisdomTree True Emerging Markets Fund,Emerging markets,30.93,14254,20224,76617500.00,0.32,0.42,-1.68,-5.12,-2.61,-4.21,-5.30,-6.67
LCLG,Logan Capital Broad Innovative Growth ETF,North America,72.41,353,1897,110007311.66,0.90,-0.01,-1.68,3.22,17.26,12.19,14.22,33.15
BDGS,Bridges Capital Tactical ETF,North America,36.27,1115,3744,43635480.00,0.87,-0.27,-1.68,-0.35,3.63,4.02,4.65,12.19
BRSM,MFS Blended Research Small-Mid Cap ETF,North America,24.55,14684,,19846760.13,0.38,0.08,-1.68,-1.68,-1.68,-1.68,-1.68,-1.68
AVSU,Avantis Responsible U.S. Equity ETF,North America,85.54,8781,8945,458338074.00,0.15,-0.35,-1.68,1.47,12.02,11.45,11.59,28.41
QBIV,AllianzIM International Equity Buffer5 ETF,Developed markets,26.00,8,8023,5866087.50,0.74,-2.40,-1.68,-1.25,2.49,2.49,2.49,2.49
WTPI,WisdomTree Equity Premium Income Fund,North America,32.66,90130,93767,478296000.00,0.44,-0.46,-1.69,-0.82,-1.66,-0.76,-2.13,3.06
FCG,First Trust Natural Gas ETF,North America,28.47,1035958,962378,739803575.72,0.59,-2.30,-1.69,-2.50,0.64,15.87,21.72,23.19
FTAG,First Trust Indxx Global Agriculture ETF,Global,28.16,2632,9687,15195733.63,0.70,0.07,-1.69,-5.69,-2.34,6.77,6.44,7.30
XLBI,State Street Materials Select Sector SPDR Premium Income ETF,North America,23.64,1662,7309,6608899.92,0.35,1.17,-1.69,-1.89,0.69,-1.11,-0.82,-5.20
BUFG,FT Vest Buffered Allocation Growth ETF,North America,29.00,41686,40918,319704058.13,1.13,-0.20,-1.70,0.20,5.72,5.60,4.80,15.99
DGIN,VanEck Digital India ETF,Asia-Pacific,33.66,1472,2932,15076080.00,0.70,0.70,-1.70,-3.01,1.93,-19.67,-18.23,-23.47
VEFA,VanEck MSCI EAFE Analyst Sentiment ETF,Developed markets,78.74,1,,3923830.00,0.30,-0.13,-1.70,5.93,8.81,8.81,8.81,8.81
QTAP,Innovator Growth Accelerated Plus ETF - April,North America,50.55,12072,4118,19042500.00,0.79,-0.49,-1.70,-0.29,11.32,13.30,12.67,22.91
DDLS,WisdomTree Dynamic International SmallCap Equity Fund,Developed markets,44.92,24124,19410,435956800.00,0.48,0.35,-1.70,-1.70,1.43,6.23,4.11,15.55
LOWV,AB US Low Volatility Equity ETF,North America,79.62,3172,9746,199781778.87,0.39,0.05,-1.70,-0.47,3.16,1.46,2.14,8.42
FXN,First Trust Energy AlphaDEX Fund,North America,21.34,625542,807538,1240655793.57,0.63,-2.07,-1.70,0.66,5.70,24.14,29.49,40.77
HEQQ,JPMorgan Nasdaq Hedged Equity Laddered Overlay ETF,North America,60.28,250,1661,31731000.00,0.50,-0.28,-1.70,-1.16,4.18,2.45,3.25,14.72
FLCE,Frontier Asset U.S. Large Cap Equity ETF,North America,30.51,2295,10444,78865075.58,0.86,-0.15,-1.71,0.49,8.21,6.20,6.36,19.37
WIMA,WisdomTree International Adaptive Moving Average Fund,Developed markets,41.63,789,2539,66326859.44,0.42,-0.03,-1.71,-0.65,6.05,6.05,6.05,6.05
TAX,Cambria Tax Aware ETF,North America,30.32,12,143,25126448.40,0.54,0.28,-1.71,0.34,9.64,3.42,6.21,21.07
FDLO,Fidelity Low Volatility Factor ETF,North America,69.17,27546,60487,1384507284.68,0.15,0.19,-1.71,-0.13,3.15,2.98,3.32,11.82
ITDC,iShares LifePath Target Date 2035 ETF,Global,36.10,22956,23482,98861049.50,0.10,0.05,-1.71,-0.13,4.74,4.13,5.50,14.72
MAVF,Matrix Advisors Value ETF,North America,133.13,151,315,89261877.48,0.75,-0.17,-1.71,-0.63,10.21,7.38,9.40,29.24
RPAR,RPAR Risk Parity ETF,Global,22.50,17263,18561,596217600.00,0.52,0.12,-1.71,-2.10,-1.41,3.73,3.96,15.14
NULC,Nuveen ESG Large-Cap ETF,North America,53.08,20540,3915,63770590.43,0.21,-0.09,-1.72,1.20,11.19,-0.30,9.81,10.50
JPAN,Matthews Japan Active ETF,Asia-Pacific,40.83,271,1868,8059800.00,0.79,-0.42,-1.72,-1.71,9.20,8.01,15.63,20.05
GLOW,VictoryShares WestEnd Global Equity ETF,Global,33.59,6732,10328,55096067.88,0.72,0.08,-1.72,0.81,8.10,8.88,8.23,21.90
ACEP,ARS Core Equity Portfolio ETF,North America,19.61,2411,1400,98175873.84,0.45,0.10,-1.72,1.53,12.52,20.80,19.04,29.76
ACSI,American Customer Satisfaction ETF,North America,73.18,428,244,111645250.00,0.65,-0.02,-1.72,2.82,10.62,8.18,9.71,17.50
RWX,State Street SPDR Dow Jones International Real Estate ETF,Global Ex-U.S.,26.84,282521,43590,258909357.72,0.59,1.02,-1.72,-5.16,-5.33,-3.14,-4.96,-0.04
FLJP,Franklin FTSE Japan ETF,Asia-Pacific,38.93,1110766,1133690,3671604000.00,0.09,-0.84,-1.72,-1.24,6.60,8.11,11.90,22.96
CGIC,Capital Group International Core Equity ETF,Global Ex-U.S.,35.91,591192,567445,1943771996.78,0.54,0.39,-1.72,-0.72,5.80,11.38,9.08,24.90
SEIM,SEI Enhanced U.S. Large Cap Momentum Factor ETF,North America,53.12,85632,74649,1408729603.36,0.15,-0.02,-1.72,1.94,12.93,14.36,13.94,31.29
BRIE,MFS Blended Research International Equity ETF,Global Ex-U.S.,29.46,108991,151086,326399348.80,0.34,0.37,-1.73,-0.57,6.47,12.23,9.60,18.12
USSG,Xtrackers MSCI USA Selection Equity ETF,North America,68.65,5944,12146,564407793.62,0.09,0.05,-1.73,0.34,9.77,8.38,7.38,24.27
WWJD,Inspire International ETF,Global Ex-U.S.,38.65,105038,58301,505560000.00,0.61,0.60,-1.73,-2.62,3.04,6.97,5.17,13.81
IGE,iShares North American Natural Resources ETF,North America,59.21,157547,177912,784853081.90,0.39,-1.18,-1.73,-2.05,-2.07,17.06,17.57,35.21
JUNT,AllianzIM U.S. Large Cap Buffer10 Jun ETF,North America,37.30,277745,85252,96299077.50,0.74,-0.31,-1.73,-1.37,2.24,3.23,2.66,11.74
SWP,SWP Growth & Income ETF,North America,28.73,530,15379,151547391.00,0.99,0.18,-1.73,0.19,2.52,-0.26,2.77,13.25
ESN,Essential 40 Stock ETF,North America,19.47,58499,75206,276686156.88,0.70,0.10,-1.73,1.24,8.51,13.45,13.45,24.23
IPKW,Invesco International BuyBack Achievers ETF,Global Ex-U.S.,57.33,24739,44806,521612000.00,0.55,-0.20,-1.74,-3.23,0.78,3.89,2.13,17.93
DBE,Invesco DB Energy Fund,Global,30.62,36469,66239,107661948.24,0.77,-1.80,-1.74,-0.72,18.63,66.23,76.38,67.13
IGOV,iShares International Treasury Bond ETF,Developed markets,41.15,685447,801390,1427940050.00,0.35,0.17,-1.74,-2.58,-0.82,-2.44,-1.15,-1.83
IWMY,Defiance R2000 Weekly Distribution ETF,North America,19.21,47581,59924,97607910.49,1.05,0.16,-1.74,-3.03,2.51,-6.93,-2.68,-20.59
NELS,Nelson Select ETF,Global,28.23,1096,10118,52691782.10,1.69,-0.34,-1.74,1.74,9.81,9.81,9.17,11.59
GEOA,WisdomTree GeoAlpha Opportunities Fund,Global,35.96,126,240,895675.00,0.58,-0.11,-1.74,-1.15,5.28,7.34,7.76,20.19
TOPC,iShares S&P 500 3% Capped ETF,North America,33.79,4567,11827,30415895.10,0.09,-0.03,-1.74,1.72,8.79,8.61,8.96,21.72
COLO,Global X MSCI Colombia ETF,Latin America,40.73,477804,221234,166982231.95,0.62,1.07,-1.74,7.87,5.52,8.61,14.25,37.60
PQJA,PGIM Nasdaq-100 Buffer 12 ETF - January,North America,31.23,9,3510,25739800.00,0.50,-0.52,-1.74,-0.04,6.83,7.90,6.36,22.03
GBF,iShares Government/Credit Bond ETF,North America,103.16,2037,6971,123481080.00,0.20,0.24,-1.75,-0.86,-1.57,-2.02,-1.58,0.46
EAOR,iShares ESG Aware 60/40 Balanced Allocation ETF,Global,37.23,637,1902,31639267.80,0.18,0.01,-1.75,-0.25,4.77,4.16,5.18,13.81
QDEC,FT Vest Nasdaq-100 Buffer ETF - December,North America,35.03,37085,29240,687160570.48,0.90,-0.55,-1.75,0.36,8.07,8.21,7.20,23.03
EDGE,MRBL Enhanced Equity ETF,North America,48.71,3198,2566,9759620.00,0.74,-0.25,-1.75,0.74,7.63,8.13,7.03,25.95
CHPS,Xtrackers Semiconductor Select Equity ETF,Global,89.01,80731,39461,100758464.56,0.15,-1.90,-1.75,9.96,60.18,87.79,82.89,177.48
DEEF,Xtrackers FTSE Developed ex US Multifactor ETF,Developed markets,38.81,1221,911,54486638.92,0.24,-0.00,-1.76,-3.10,1.29,8.76,7.67,16.70
OEI,Optimized Equity Income ETF,North America,25.47,5536,7273,43312260.00,0.75,-0.01,-1.76,-1.34,0.02,-0.88,-0.57,1.77
ACVF,American Conservative Values ETF,North America,53.27,2572,5752,150742000.00,0.75,-0.20,-1.76,1.84,7.97,7.73,7.73,15.89
BJUN,Innovator U.S. Equity Buffer ETF - June,North America,48.08,17405,85639,244312530.00,0.79,-0.17,-1.76,-1.34,2.54,3.28,2.61,12.21
CGUS,Capital Group Core Equity ETF,North America,43.43,1367669,1086992,10626595290.69,0.33,0.18,-1.76,0.58,7.98,7.79,7.42,21.01
SEPI,Shelton Equity Premium Income ETF,North America,27.70,102279,36801,134110392.50,0.54,-0.36,-1.77,0.62,6.66,4.61,4.61,10.36
PAYH,TrueShares S&P Autocallable High Income ETF,North America,24.66,11234,21451,29099772.00,0.74,-1.03,-1.77,-3.77,6.20,-1.56,-1.67,-1.56
QLC,FlexShares US Quality Large Cap Index Fund,North America,88.37,38331,34423,954192066.06,0.25,-0.18,-1.78,0.96,9.45,8.43,8.47,28.15
RGLO,Russell Investments Global Equity ETF,Global,31.99,35063,35163,328333673.64,0.49,-0.05,-1.78,-0.62,7.39,7.86,7.48,23.51
FID,First Trust S&P International Dividend Aristocrats ETF,Global Ex-U.S.,22.05,22087,14193,161266393.88,0.60,0.16,-1.78,0.00,3.81,8.09,6.66,15.93
CBXL,Calamos Laddered Bitcoin 90 Series Structured Alt Protection ETF,Global,19.86,59,90,1493269.91,0.79,-0.22,-1.78,-3.82,-3.19,-13.67,-11.22,-19.54
TXS,Texas Capital Texas Equity Index ETF,North America,39.50,1696,2128,34136640.00,0.49,-0.02,-1.79,0.64,3.16,8.24,10.80,16.59
GUSE,Goldman Sachs Enhanced U.S. Equity ETF,North America,44.16,3161,6927,347863035.20,0.30,-0.23,-1.79,1.27,8.91,8.06,9.15,10.94
PBMY,PGIM S&P 500 Buffer 20 ETF - May,North America,30.92,2303,26304,33137930.97,0.50,-0.12,-1.79,0.08,2.23,3.43,3.26,8.90
ITDD,iShares LifePath Target Date 2040 ETF,Global,37.82,16215,23173,97539041.40,0.11,0.05,-1.79,-0.42,5.47,5.67,6.54,17.27
QTJA,Innovator Growth Accelerated Plus ETF - January,North America,32.38,11113,4228,20368875.00,0.79,-0.68,-1.79,0.24,9.48,9.13,7.57,22.54
SPYH,NEOS S&P 500 Hedged Equity Income ETF,North America,55.44,13718,8819,28891200.00,0.68,-0.30,-1.80,-0.62,1.24,0.09,0.35,7.05
MOTG,VanEck Morningstar Global Wide Moat ETF,Global,38.04,1586,1149,17079750.00,0.52,0.41,-1.80,-2.71,-1.52,-16.72,-2.83,-9.17
DSI,iShares ESG MSCI KLD 400 ETF,North America,140.45,83723,122259,5251544796.15,0.25,-0.12,-1.80,0.42,10.75,9.01,8.37,24.88
PCR,Simplify VettaFi Private Credit Strategy ETF,North America,19.62,122,831,2427894.42,0.76,0.94,-1.80,-4.43,-1.60,-17.63,-14.00,-21.49
DRSK,Aptus Defined Risk ETF,North America,29.05,103596,102268,1514727500.00,0.78,0.10,-1.80,-0.45,3.82,-0.38,1.72,3.23
FTGS,First Trust Growth Strength ETF,North America,36.90,317538,94259,1249156373.59,0.60,0.29,-1.80,2.12,3.70,3.23,3.99,10.04
HBMX,Tuttle Capital Concentrated Memory Stack ETF,Global,25.33,107843,,4072336.00,0.95,-0.39,-1.81,-1.81,-1.81,-1.81,-1.81,-1.81
VPC,Virtus Private Credit Strategy ETF,North America,15.47,7602,11126,31678711.81,10.60,0.10,-1.81,-4.54,-0.74,-18.09,-13.21,-25.47
XXV,Simplify Ancorato Target 25 Distribution ETF,North America,23.78,8909,24646,49405773.81,0.85,-0.63,-1.81,-0.56,-1.85,-8.00,-6.99,-35.72
ITDE,iShares LifePath Target Date 2045 ETF,Global,39.25,4885,13854,79270952.92,0.11,0.02,-1.81,-0.36,6.42,6.50,7.88,19.91
WR,Corgi U.S. War Machine ETF,Global,25.22,656,,3429081.00,0.35,-0.71,-1.82,2.04,1.05,1.05,1.05,1.05
THD,iShares MSCI Thailand ETF,Asia-Pacific,72.68,187278,111878,323091560.25,0.59,-0.21,-1.82,1.38,8.43,21.78,20.87,36.59
WCMI,First Trust WCM International Equity ETF,Global Ex-U.S.,18.87,1005816,608112,1458345130.15,0.85,-0.19,-1.82,-0.26,7.83,11.72,9.20,20.34
SECT,Main Sector Rotation ETF,North America,69.69,73222,90862,2716780500.00,0.69,-0.40,-1.82,1.68,10.94,7.65,7.76,25.09
DAK,Dakota Active Equity ETF,North America,28.70,5,178,42170223.00,0.43,-0.29,-1.82,0.22,8.67,7.86,7.95,14.52
ESG,FlexShares STOXX US ESG Select Index Fund,North America,172.65,129,1123,130022798.36,0.32,-0.39,-1.83,1.82,10.21,9.78,8.81,21.12
NRSH,Aztlan North America Nearshoring Stock Selection ETF,North America,32.33,302,1350,31765500.00,0.76,-0.71,-1.83,2.63,30.70,34.08,36.94,45.88
ESIM,Eventide International ETF,Global Ex-U.S.,28.92,2675,3626,17176930.72,0.59,0.69,-1.83,1.94,10.26,15.31,13.28,15.31
RDFI,Rareview Dynamic Fixed Income ETF,North America,23.15,31913,13140,78376800.00,4.23,0.13,-1.83,-2.12,-1.87,-2.78,-3.67,-0.67
AVOS,Avos Global Equities ETF,Global,26.48,2650,5932,105283420.80,0.64,-0.07,-1.84,-1.98,5.73,6.19,6.19,6.19
TSPX,Twin Oak Active Opportunities ETF,Global,29.43,1,104,268490971.50,1.01,-0.25,-1.84,-0.29,7.11,3.81,6.45,17.04
LQ,Simplify Tax Aware Alternatives ETF,Global,24.19,856,,2433024.33,0.15,-0.78,-1.84,-3.32,-2.93,-2.93,-2.93,-2.93
ISVL,iShares International Developed Small Cap Value Factor ETF,Developed markets,51.51,26037,13946,319660015.40,0.31,0.25,-1.84,-1.40,5.10,9.46,7.69,23.58
IDV,iShares International Select Dividend ETF,Developed markets,43.63,947976,917373,8441152307.55,0.50,0.25,-1.84,-1.76,3.88,10.71,9.51,27.16
JUNZ,TrueShares Structured Outcome (June) ETF,North America,34.80,2064,7948,31249820.00,0.79,-0.20,-1.84,0.14,8.07,3.66,6.42,15.75
TMFX,Motley Fool Next Index ETF,North America,22.14,7080,5321,31382632.50,0.50,0.51,-1.84,3.90,6.49,1.61,2.48,9.60
FFND,One Global ETF,Global,31.78,4981,6931,101216000.00,1.00,0.53,-1.85,0.74,5.99,4.90,4.94,17.81
JUDB,Aptus July Deep Buffer ETF,North America,25.57,400,,1538640.00,0.25,-0.30,-1.85,0.60,0.35,0.35,0.35,0.35
RHRX,RH Tactical Rotation ETF,North America,21.66,11569,8367,35729620.15,1.38,-0.38,-1.85,0.38,14.16,16.82,18.50,35.57
DBAW,Xtrackers MSCI All World ex US Hedged Equity ETF,Global Ex-U.S.,46.64,22286,17040,259117646.27,0.40,-0.03,-1.85,0.80,7.86,12.52,11.68,26.32
NOVZ,TrueShares Structured Outcome (November) ETF,North America,46.55,2067,6708,37339040.00,0.79,-0.27,-1.85,-0.12,7.09,1.84,5.95,13.66
SIOO,VistaShares Target 15 S&P 100 Distribution ETF,North America,19.54,10555,15570,15195735.00,0.59,-0.56,-1.86,-0.41,1.18,-2.07,-1.94,-2.07
FLCH,Franklin FTSE China ETF,Asia-Pacific,21.62,67586,141649,268199600.00,0.19,0.37,-1.86,-7.96,-7.61,-11.14,-11.68,-0.46
DFAW,Dimensional World Equity ETF,Global,81.79,58253,73560,1389263608.80,0.24,0.20,-1.86,0.36,8.36,10.65,9.77,24.30
CAIE,Calamos Autocallable Income ETF,North America,26.95,373784,369479,972534026.94,0.74,-0.07,-1.86,-1.61,3.65,-0.92,0.75,7.76
GSWO,Goldman Sachs ActiveBeta World Equity ETF,Developed markets,62.58,49133,67501,1677499200.00,0.15,-0.26,-1.86,-0.06,7.18,8.27,8.01,15.02
SPMO,Invesco S&P 500 Momentum ETF,North America,147.51,3286795,2209684,19909222977.90,0.13,-0.25,-1.86,4.46,23.66,22.50,22.66,38.00
AFLG,First Trust Active Factor Large Cap ETF,North America,43.04,46971,51991,649919186.08,0.55,-0.07,-1.87,0.19,8.77,8.80,9.32,20.70
MILN,Global X Millennial Consumer ETF,North America,42.53,3197,7430,94488146.00,0.50,0.70,-1.87,-3.45,-0.12,-9.45,-9.28,-10.95
BEEX,The Beehive ETF,North America,26.72,157,5054,193491945.99,0.84,0.22,-1.87,-0.85,7.87,3.01,3.85,14.34
SWAN,Amplify BlackSwan Growth & Treasury Core ETF,North America,33.25,3634,88793,160313200.00,0.49,0.23,-1.87,-1.08,2.77,1.42,2.11,12.27
QVML,Invesco S&P 500 QVM Multi-factor ETF,North America,43.57,4849,3543,1613126193.66,0.11,-0.23,-1.87,0.46,9.25,8.65,8.17,22.80
SUSA,iShares ESG Optimized MSCI USA ETF,North America,151.09,21516,33598,3943144553.65,0.25,-0.17,-1.87,1.30,9.89,7.57,7.83,21.65
CAS,Simplify China A Shares PLUS Income ETF,Asia-Pacific,26.55,283,4058,12444076.20,0.88,1.29,-1.87,-5.49,0.59,-21.93,4.66,-9.05
ITDI,iShares LifePath Target Date 2065 ETF,Global,41.21,1222,3984,25581147.30,0.12,-0.17,-1.88,-0.53,8.22,8.16,8.91,22.69
DUKQ,Ocean Park Domestic ETF,North America,30.70,489,1431,13222171.01,0.98,-0.13,-1.88,1.29,10.08,8.72,9.62,22.17
SNSR,Global X Internet of Things ETF,Developed markets,50.05,17248,26176,248318469.15,0.68,-1.33,-1.88,6.51,30.14,29.06,33.97,37.16
ITDF,iShares LifePath Target Date 2050 ETF,Global,40.60,21771,16055,75543055.56,0.11,-0.02,-1.89,-0.49,7.38,7.43,8.55,21.59
CGGE,Capital Group Global Equity ETF,Global,33.80,858897,621737,2726338950.87,0.47,0.00,-1.89,-0.09,6.52,6.96,5.92,18.68
UNG,United States Natural Gas Fund LP,Global,11.39,4161217,9440271,436464527.44,1.24,0.18,-1.89,4.78,-9.24,-15.63,-4.12,-30.72
HFXI,NYLI FTSE International Equity Currency Neutral ETF,Developed markets,36.93,243012,280496,1782051341.00,0.20,-0.05,-1.89,0.35,8.08,12.39,12.01,25.23
DLS,WisdomTree International SmallCap Fund,Developed markets,85.45,26200,19201,1052584800.00,0.58,0.26,-1.89,-3.60,1.81,6.67,4.98,16.05
MARZ,TrueShares Structured Outcome (March) ETF,North America,36.30,933,6897,34217128.00,0.79,-0.21,-1.90,0.10,7.17,1.76,5.89,13.61
IPAC,iShares Core MSCI Pacific ETF,Asia-Pacific,80.93,308160,212228,2526396837.50,0.09,-0.31,-1.90,-2.18,3.84,7.52,9.51,18.74
QQQE,Direxion NASDAQ-100 Equal Weighted Index ETF,North America,116.68,466874,184360,1330010235.40,0.35,-0.84,-1.90,3.30,13.98,12.18,13.28,21.50
JPEM,JPMorgan Diversified Return Emerging Markets Equity ETF,Emerging markets,63.51,12474,14579,381300000.00,0.44,0.43,-1.90,-4.40,0.11,4.70,3.72,12.96
FEMG,Fidelity Enhanced Mid Cap Growth ETF,North America,25.70,2767,,6402355.00,0.23,0.35,-1.90,1.47,2.73,2.73,2.73,2.73
FEBZ,TrueShares Structured Outcome (February) ETF,North America,39.97,4842,9151,27207276.00,0.79,-0.08,-1.91,0.18,7.16,2.11,5.97,14.02
GPT,Intelligent Alpha Atlas ETF,Global,32.68,487,2647,22957900.00,0.69,-0.38,-1.91,-2.08,4.23,8.18,7.17,18.82
CAIQ,Calamos Nasdaq Autocallable Income ETF,North America,26.49,311981,179995,217464026.52,0.74,-0.23,-1.91,-1.14,6.96,0.51,3.05,5.93
HERD,Pacer Cash Cows Fund of Funds ETF,Developed markets,47.82,1710,5239,98291350.00,0.74,-0.19,-1.91,0.55,4.68,6.34,10.03,21.65
GQGU,GQG US Equity ETF,North America,25.98,143078,166441,560702088.14,0.49,-0.29,-1.91,0.06,-2.64,6.67,5.89,3.57
BRNY,Burney U.S. Factor Rotation ETF,North America,55.92,7148,22264,549099054.00,0.79,-0.10,-1.91,1.05,13.45,10.78,10.17,28.32
QQMY,Corgi Growth & Technology 15% Structured Buffer ETF - May Series,North America,25.48,410,,4884729.00,0.30,-0.52,-1.91,0.34,1.34,1.34,1.34,1.34
TRND,Pacer Trendpilot Fund of Funds ETF,Developed markets,36.22,18419,6765,61686880.00,0.77,-0.20,-1.91,-0.18,6.35,4.62,7.29,16.21
INEQ,Columbia International Equity Income ETF,Developed markets,39.15,15668,16480,84122835.00,0.45,-0.32,-1.92,-3.28,0.29,-1.28,4.83,11.64
SPIN,State Street US Equity Premium Income ETF,North America,31.77,969,20204,45332298.44,0.25,-0.08,-1.93,-0.80,0.62,-2.08,-2.41,9.42
YJUN,FT Vest International Equity Moderate Buffer ETF - June,Developed markets,26.88,9248,18166,127513803.69,0.90,0.22,-1.93,1.05,3.70,5.70,4.55,9.14
SAMT,Strategas Macro Thematic Opportunities ETF,North America,44.79,137630,196249,721638014.33,0.65,-0.56,-1.93,2.59,13.94,16.79,16.28,35.97
PCIG,Polen Capital International Growth ETF,Global Ex-U.S.,8.38,6715,7020,26762057.23,0.85,-0.71,-1.93,-1.70,0.06,-9.07,-8.97,-15.06
NOEQ,Northern Trust US Equity ETF,North America,28.32,1,128,861238626.14,0.12,-0.06,-1.94,0.47,11.80,11.80,11.80,11.80
WSGE,Warren Street Global Equity ETF,Global,27.40,1623,2313,59371249.30,0.80,-0.01,-1.94,-0.08,8.19,8.42,9.06,9.51
COWZ,Pacer US Cash Cows 100 ETF,North America,63.66,1057659,938975,18084295500.00,0.49,-0.09,-1.94,0.49,1.37,4.21,5.49,16.51
ROCY,JPMorgan Equity Premium Yield ETF,North America,53.44,178430,131790,240795000.00,0.35,-0.20,-1.94,-0.18,7.21,7.21,7.21,7.21
SOXY,YieldMax Target 12 Semiconductor Option Income ETF,North America,98.07,17478,19219,67723965.00,1.06,-2.26,-1.94,12.13,49.18,61.48,61.35,101.33
BCSM,Baron SMID Cap ETF,North America,23.68,3578,6903,31449998.99,0.75,-1.42,-1.95,2.51,3.63,-2.95,-2.27,-2.95
GMF,State Street SPDR S&P Emerging Asia Pacific ETF,Asia-Pacific,153.12,6805,8750,404395352.40,0.49,0.51,-1.95,-1.11,7.56,9.59,7.81,23.36
URTH,iShares MSCI World ETF,Developed markets,200.38,911291,1296849,8051722789.20,0.24,-0.33,-1.95,0.14,7.70,7.14,7.03,20.69
BDYN,iShares Dynamic Equity Active ETF,Global,27.07,262107,358613,2871849726.42,0.40,-0.32,-1.95,0.30,7.08,3.80,5.29,7.17
EWJ,iShares MSCI Japan Index Fund,Asia-Pacific,90.95,8716570,6117580,21403466246.40,0.49,-1.09,-1.96,-1.36,6.62,8.35,11.58,22.91
USXF,iShares ESG Advanced MSCI USA ETF,North America,66.38,72666,67978,1398231618.00,0.10,-0.25,-1.96,1.54,15.09,13.96,14.16,27.32
ABFL,Abacus FCF Leaders ETF,North America,80.63,14332,16821,509467250.00,0.49,-0.76,-1.96,0.47,10.65,11.48,12.44,14.37
PBQQ,PGIM Laddered Nasdaq-100 Buffer 12 ETF,North America,31.08,6260,30743,61191200.00,0.50,-0.50,-1.96,0.13,7.51,8.48,6.88,18.94
ITDH,iShares LifePath Target Date 2060 ETF,Global,41.28,2894,5808,35503814.30,0.12,0.00,-1.97,-0.39,8.01,8.20,8.69,22.86
SCZ,iShares MSCI EAFE Small-Cap ETF,Developed markets,83.82,1574062,1401590,14365947367.20,0.40,0.14,-1.98,-2.56,4.33,7.59,7.10,17.59
MAYZ,TrueShares Structured Outcome (May) ETF,North America,35.61,1684,7381,34326336.00,0.79,-0.31,-1.98,0.06,7.81,3.43,6.40,16.13
FLRG,Fidelity U.S. Multifactor ETF,North America,40.31,21223,20785,284563640.85,0.15,-0.09,-1.98,-0.26,6.45,5.23,5.81,13.91
DWAS,Invesco Dorsey Wright SmallCap Momentum ETF,North America,113.09,6386,9574,401803500.00,0.60,0.49,-1.98,-0.16,13.93,13.58,16.25,35.87
FFTY,CapForce IBD 50 ETF,North America,39.51,99589,49531,85946465.00,0.80,-1.15,-1.98,-3.00,3.46,11.11,11.67,26.88
BFLX,iShares Flexible Equity Active ETF,Global,25.13,53,,10558800.00,0.40,-0.10,-1.98,-0.57,-0.57,-0.57,-0.57,-0.57
ISPY,ProShares S&P 500 High Income ETF,North America,47.53,93218,110681,1265789720.00,0.56,-0.17,-1.98,0.01,5.53,3.73,3.57,16.35
NVBU,AllianzIM U.S. Equity Buffer15 Uncapped Nov ETF,North America,30.52,1862,12194,35945952.50,0.74,-0.28,-1.98,-0.36,5.91,5.07,5.47,17.79
GKAT,Scharf Global Opportunity ETF,Global,44.13,4870,3477,162359517.46,0.59,0.36,-1.99,1.71,5.08,9.29,7.72,13.92
IDHQ,Invesco S&P International Developed Quality ETF,Developed markets,40.45,100834,90300,814488400.00,0.29,0.25,-1.99,0.10,9.65,15.54,12.99,23.36
HGRO,Hedgeye Quality Growth ETF,North America,30.61,170650,88618,122693298.00,0.70,-0.43,-1.99,-0.48,7.62,6.80,7.28,22.24
VFLO,VictoryShares Free Cash Flow ETF,North America,45.91,1337675,749310,7524847863.94,0.39,-0.52,-1.99,6.57,16.35,15.85,16.08,32.04
AESR,Anfield U.S. Equity Sector Rotation ETF,North America,19.72,26230,24959,166656000.00,0.97,-0.65,-1.99,0.36,12.69,-5.92,15.46,8.11
BASG,Brown Advisory Sustainable Growth ETF,North America,26.37,15803,16509,490602981.73,0.61,-0.04,-2.00,2.85,10.71,0.31,1.44,3.90
DFE,WisdomTree Europe SmallCap Dividend Fund,Europe,74.84,1649,5685,165363000.00,0.58,0.07,-2.00,-2.87,1.95,5.84,3.66,7.27
ACLC,American Century Large Cap Equity ETF,North America,82.85,3311,13859,310987500.00,0.39,-0.57,-2.00,0.79,7.65,4.98,5.22,17.70
FEOE,First Eagle Overseas Equity ETF,Global Ex-U.S.,52.87,193221,252523,1345852935.00,0.50,0.05,-2.00,-1.86,2.44,9.39,8.25,26.85
JNEU,AllianzIM U.S. Equity Buffer15 Uncapped June ETF,North America,32.77,4216,6195,35305580.00,0.74,-0.31,-2.00,0.52,9.11,7.05,7.94,19.78
BUFE,FT Vest Laddered Emerging Markets Buffer ETF,Emerging markets,21.14,477,1246,1056992.28,1.05,-0.02,-2.01,-1.69,2.33,2.33,2.33,2.33
GPIX,Goldman Sachs S&P 500 Premium Income ETF,North America,54.60,1243430,869521,4308959600.00,0.29,-0.24,-2.01,-0.36,5.36,3.55,3.72,12.46
ANV,GraniteShares Autocallable NVDA ETF,North America,24.82,3590,2634,2481024.81,1.07,0.18,-2.01,-1.70,-0.04,-0.44,-0.44,-0.44
BIDD,iShares International Dividend Active ETF,Global Ex-U.S.,31.24,17376,35101,434746606.37,0.59,0.00,-2.01,-0.19,6.22,8.70,7.32,13.56
NBJP,Neuberger Japan Equity ETF,Asia-Pacific,35.59,819,23100,132112955.00,0.50,-0.06,-2.02,-1.83,7.61,14.24,14.95,28.78
IQDF,FlexShares International Quality Dividend Index Fund,Global Ex-U.S.,34.20,50066,52734,1115504143.91,0.47,0.28,-2.02,-1.05,6.36,13.23,11.02,27.12
DECZ,TrueShares Structured Outcome (December) ETF,North America,42.69,4262,34474,35982156.00,0.79,-0.27,-2.02,-0.00,6.99,2.47,6.14,13.81
CRBN,iShares Low Carbon Optimized MSCI ACWI ETF,Global,249.60,4575,9650,1122308019.00,0.20,-0.10,-2.02,-0.16,7.66,7.49,7.83,20.47
GOP,Unusual Whales Subversive Republican Trading ETF,Global,42.87,14142,12460,82728415.00,0.73,-0.15,-2.02,-1.32,11.40,15.76,16.65,31.01
ENZL,iShares MSCI New Zealand ETF,Asia-Pacific,45.06,34968,35168,64741005.05,0.50,1.17,-2.02,-1.77,-0.02,-2.78,-1.05,-0.55
BRCE,MFS Blended Research Core Equity ETF,North America,28.44,10292,1587,33352622.92,0.24,0.14,-2.02,0.67,9.22,9.43,8.43,11.92
JGLO,JPMorgan Global Select Equity ETF,Global,69.91,59801,276585,6749442000.00,0.47,0.10,-2.02,-1.35,3.97,2.87,2.69,11.57
JUNC,Corgi U.S. Equities 10% Structured Buffer ETF - June Series,North America,24.62,500,,987624.00,0.30,-0.30,-2.02,-2.02,-2.02,-2.02,-2.02,-2.02
ONEZ,TrueShares Seasonality Laddered Buffered ETF,North America,27.36,38636,259963,333743995.00,0.96,-0.25,-2.03,-0.03,6.58,1.73,4.93,11.02
IFGL,iShares International Developed Real Estate ETF,Developed markets,22.31,8546,9179,82039907.60,0.48,0.60,-2.03,-6.27,-6.55,-2.38,-3.85,0.80
JMID,Janus Henderson Mid Cap Growth Alpha ETF,North America,31.32,3327,7239,24200311.98,0.30,0.28,-2.03,1.16,7.92,4.50,7.26,11.18
CWI,State Street SPDR MSCI ACWI ex-US ETF,Global Ex-U.S.,39.55,97818,221605,2707311447.51,0.30,0.05,-2.03,-1.93,5.75,11.22,8.77,24.02
XLYI,State Street Consumer Discretionary Select Sector SPDR Premium Income ETF,North America,22.63,1218,2829,2018398.68,0.35,0.35,-2.03,-3.82,-3.74,-9.42,-6.91,-8.78
FDTX,Fidelity Disruptive Technology ETF,Global,53.30,65045,46836,271377632.23,0.50,-2.42,-2.03,9.23,36.40,29.03,29.13,43.02
TBFG,The Brinsmere Fund Growth ETF,Global,32.23,203,8478,380250855.90,0.46,-0.15,-2.03,-0.21,5.54,6.18,7.10,17.64
OVLH,Overlay Shares Hedged Large Cap Equity ETF,North America,41.45,7951,14538,113404200.00,0.80,-0.20,-2.04,-0.24,5.96,4.88,4.99,15.46
GSLC,Goldman Sachs ActiveBeta U.S. Large Cap Equity ETF,North America,140.37,341234,230401,15220833350.00,0.09,-0.10,-2.04,0.55,7.83,5.69,5.52,18.69
BCKT,LifeX 2030 Income Bucket ETF,North America,41.74,1015,121,2419098.80,0.25,0.07,-2.04,-2.17,-5.79,-10.17,-10.45,-14.11
MSLC,Morgan Stanley Pathway Large Cap Equity ETF,North America,58.04,69417,74135,3931142696.56,0.39,-0.02,-2.04,0.02,8.08,6.51,6.34,17.25
NISM,NYLI International Small-Mid Cap Equity ETF,Global Ex-U.S.,24.19,12,,24832675.00,0.70,0.00,-2.04,-3.30,-3.30,-3.30,-3.30,-3.30
IWO,iShares Russell 2000 Growth Fund,North America,370.61,610595,368099,14258974945.60,0.24,0.25,-2.04,0.22,14.44,10.77,13.75,30.70
QMY,Corgi Growth & Technology 10% Structured Buffer ETF - May Series,North America,25.68,3558,,4762547.50,0.30,-1.76,-2.04,-0.06,1.05,1.05,1.05,1.05
JANZ,TrueShares Structured Outcome (January) ETF,North America,40.42,9652,50084,40552400.00,0.80,-0.29,-2.05,0.11,7.08,4.61,5.54,15.73
FSCC,Federated Hermes MDT Small Cap Core ETF,North America,34.34,158955,73980,271174500.00,0.36,0.63,-2.05,-0.72,13.86,10.99,14.05,33.88
SGRW,Harbor Active Small Cap Growth ETF,North America,23.18,12,294,4025000.00,0.80,1.84,-2.05,5.94,22.36,13.98,13.98,13.98
EWO,iShares MSCI Austria ETF,Europe,40.24,30469,23525,131808349.20,0.49,0.69,-2.05,1.07,13.57,18.07,12.52,37.33
GMMA,GammaRoad Market Navigation ETF,North America,21.38,181,270,6434520.00,0.77,-0.32,-2.05,-0.04,0.50,-0.74,1.19,4.45
EDGU,3EDGE Dynamic US Equity ETF,North America,31.10,18816,44775,147126574.12,0.91,-0.49,-2.06,1.32,8.88,8.16,9.19,22.18
RSSY,Return Stacked U.S. Stocks & Futures Yield ETF,Global,24.97,28241,30796,93868125.00,0.99,-0.19,-2.06,-1.25,12.04,25.62,28.72,42.54
ITWO,ProShares Russell 2000 High Income ETF,North America,44.28,10191,30033,181276565.00,0.55,0.39,-2.06,0.43,9.52,2.98,11.26,24.24
VTHR,Vanguard Russell 3000 ETF,North America,325.07,28274,34484,4612676209.80,0.06,-0.27,-2.06,0.41,8.71,7.35,7.54,22.52
JUDO,Janus Henderson U.S. Equity Enhanced Income ETF,North America,27.60,1506,593,6897621.50,0.55,0.09,-2.06,0.84,10.42,10.42,10.42,10.42
JCHI,JPMorgan Active China ETF,Asia-Pacific,53.40,568,1098,14707000.00,0.65,0.62,-2.06,-4.63,-2.44,-4.70,-5.05,9.71
OCTZ,TrueShares Structured Outcome (October) ETF,North America,45.15,2747,37033,42116631.00,0.79,-0.26,-2.07,-0.10,6.96,1.84,6.23,13.29
ANEW,ProShares MSCI Transformational Changes ETF,Global,50.39,59,165,7567770.00,0.45,0.19,-2.07,1.50,5.52,-1.03,-0.06,2.24
RAAX,VanEck Real Assets ETF,Global,40.25,234049,245696,1243017637.50,0.69,-0.32,-2.07,-4.60,-2.35,11.16,14.35,29.63
IDEQ,Lazard International Dynamic Equity ETF,Global Ex-U.S.,34.51,317160,319543,1385662007.66,0.40,0.03,-2.07,-1.29,5.37,14.80,12.23,24.77
VTWG,Vanguard Russell 2000 Growth ETF,North America,270.40,17304,19195,1424069270.70,0.06,0.23,-2.07,-0.06,14.23,10.47,13.60,30.65
FAAR,First Trust Alternative Absolute Return Strategy ETF,Global,33.13,42702,28873,181419666.58,0.98,-0.60,-2.07,-1.63,0.45,10.40,22.21,21.09
TIER,T. Rowe Price International Equity Research ETF,Global Ex-U.S.,31.45,1246,4406,29667263.10,0.38,0.07,-2.07,-1.03,6.95,11.47,8.84,9.98
WTMF,WisdomTree Managed Futures Strategy Fund,Global,40.46,49043,29657,233444250.00,0.66,-0.49,-2.08,-0.98,2.12,5.34,6.06,15.34
MSMR,McElhenny Sheffield Managed Risk ETF,North America,36.29,6573,21896,181120500.00,1.06,-0.81,-2.08,-0.25,1.88,3.92,5.49,19.32
BBLU,EA Bridgeway Blue Chip ETF,North America,16.47,81796,90421,429575123.88,0.15,-0.48,-2.08,1.73,8.86,6.81,7.58,24.40
INRO,iShares U.S. Industry Rotation Active ETF,North America,35.46,1903,2802,33464940.00,0.42,-0.39,-2.09,0.57,11.48,10.23,9.65,26.61
WLTG,Opportunities Trust WealthTrust DBS Long Term Growth ETF,Global,36.79,4625,12818,80819900.00,0.74,-0.44,-2.09,-1.54,4.41,1.40,5.06,19.30
EUAD,Select STOXX Europe Aerospace & Defense ETF,Europe,40.38,518942,487762,1136748518.40,0.50,0.35,-2.09,-2.27,-8.81,-2.91,-5.74,-0.83
SPBU,AllianzIM Buffer15 Uncapped Allocation ETF,North America,29.90,30143,26064,157725137.50,0.79,-0.23,-2.10,0.57,7.25,6.03,5.58,17.90
COWG,Pacer US Large Cap Cash Cows Growth Leaders ETF,North America,38.13,463606,291466,2275763295.00,0.49,-0.36,-2.10,2.40,10.24,6.90,7.48,8.18
GTPE,Goldman Sachs MSCI World Private Equity Return Tracker ETF,Global,59.09,499,1188,29765000.00,0.50,-0.78,-2.10,2.04,12.48,13.77,14.01,17.99
AQLT,iShares MSCI Global Quality Factor ETF,Global,30.91,37448,22198,256088092.10,0.20,-0.09,-2.10,-0.39,7.02,9.37,9.18,22.89
DFAU,Dimensional US Core Equity Market ETF,North America,50.92,957945,618892,11981445776.71,0.12,-0.14,-2.10,0.55,8.92,8.02,8.16,23.53
SPYI,NEOS S&P 500 High Income ETF,North America,52.77,4828700,2878133,9993432470.00,0.68,-0.30,-2.10,-0.99,2.41,-0.26,0.06,6.09
IEUS,iShares MSCI Europe Small-Cap ETF,Europe,71.47,2677,11946,178832125.00,0.41,-0.19,-2.10,-2.59,4.52,5.63,3.78,7.76
ACIO,Aptus Collared Income Opportunity ETF,North America,46.01,151271,118152,2343358462.50,0.79,-0.13,-2.11,0.33,6.31,4.71,4.76,13.21
GSPY,Gotham Enhanced 500 ETF,North America,40.10,1402,4428,709011450.00,0.50,-0.25,-2.11,0.49,9.61,8.77,8.77,22.20
MODL,VictoryShares WestEnd U.S. Sector ETF,North America,49.97,45641,66616,994069249.29,0.46,-0.18,-2.12,0.28,7.30,5.36,4.76,20.00
KBUF,KraneShares 90% KWEB Defined Outcome January 2027 ETF,Asia-Pacific,26.73,11281,6021,3324610.10,1.01,0.11,-2.12,-6.42,-7.57,-19.49,-14.41,-12.71
FJP,First Trust Japan AlphaDEX Fund,Asia-Pacific,74.46,12984,9224,243457647.55,0.80,-0.53,-2.12,-4.96,0.22,8.25,10.14,26.66
AAAA,Amplius Aggressive Asset Allocation ETF,Global,29.94,6187,5074,275832378.00,0.49,-0.33,-2.12,-0.37,8.91,8.56,8.68,19.62
LGDX,Intech S&P Large Cap Diversified Alpha ETF,North America,24.63,9,2899,139882050.12,0.25,-0.20,-2.13,0.51,8.54,6.75,7.38,19.08
NBCR,Neuberger Core Equity ETF,North America,33.12,15034,64145,825653178.11,0.29,0.15,-2.13,-0.45,7.08,4.31,4.51,19.14
ISCF,iShares International Small-Cap Equity Factor ETF,Developed markets,43.88,48502,51893,631012766.40,0.23,-0.06,-2.13,-3.06,1.84,5.75,5.01,14.55
THEQ,T. Rowe Price Hedged Equity ETF,North America,29.42,4250,7263,35352570.00,0.46,-0.22,-2.14,-0.44,5.30,4.11,5.08,14.48
SPGM,State Street SPDR Portfolio MSCI Global Stock Market ETF,Global,84.03,124798,162918,1695758472.20,0.09,-0.15,-2.14,-0.99,7.48,9.57,8.71,25.29
ICAP,InfraCap Equity Income Fund ETF,Global,28.30,19829,33802,108222730.00,2.47,0.68,-2.14,-1.46,3.97,-0.35,2.31,11.46
SEPZ,TrueShares Structured Outcome (September) ETF,North America,44.85,9795,14565,124847527.50,0.79,-0.24,-2.14,-0.29,7.25,3.68,6.30,15.35
DFIS,Dimensional International Small Cap ETF,Developed markets,35.65,1059741,486474,5770487479.45,0.39,-0.08,-2.14,-2.19,2.92,10.13,7.22,21.67
HIDV,AB US High Dividend ETF,North America,87.79,3196,15750,196879613.84,0.35,-0.11,-2.14,0.51,8.73,7.98,7.80,22.17
QCAP,FT Vest Nasdaq-100 Conservative Buffer ETF - April,North America,24.62,35550,25228,122418499.46,0.90,-0.42,-2.14,-0.09,2.92,4.33,3.89,9.48
EAFG,Pacer Developed Markets Cash Cows Growth Leaders ETF,Developed markets,25.24,160,642,2514200.00,0.65,0.20,-2.14,-5.02,3.45,7.15,6.73,18.31
DISV,Dimensional International Small Cap Value ETF,Developed markets,41.45,248865,263321,4738737305.77,0.42,-0.14,-2.15,-1.73,3.16,11.19,7.91,27.50
GURU,Global X Guru Index ETF,North America,65.74,898,1617,59439789.13,0.75,0.60,-2.15,1.17,9.19,3.56,4.50,24.94
JHAC,John Hancock Fundamental All Cap Core ETF,North America,14.98,6,630,3578304.00,0.72,0.37,-2.15,-0.95,6.08,-4.79,-0.79,5.85
DYNF,iShares U.S. Equity Factor Rotation Active ETF,North America,65.92,2883549,2606872,36229818982.50,0.26,-0.50,-2.15,0.50,9.01,7.98,7.71,24.82
CPER,United States Copper Index Fund ETV,Global,38.60,936770,814979,794278050.00,0.97,0.13,-2.15,1.15,7.55,15.99,9.91,25.73
FXL,First Trust Technology AlphaDEX,North America,207.63,13915,18577,1696938795.00,0.60,-1.49,-2.15,6.62,26.67,18.98,21.78,35.59
SMCP,SMART Mid Cap ETF,North America,23.42,428,,3275860.00,0.79,0.06,-2.15,-5.31,-5.31,-5.31,-5.31,-5.31
IFLO,VictoryShares International Free Cash Flow ETF,Developed markets,33.05,40570,7626,177166909.38,0.56,-1.03,-2.16,0.30,8.22,16.58,15.56,30.27
PPA,Invesco Aerospace & Defense ETF,North America,171.75,305349,258308,7988673330.00,0.58,1.17,-2.16,2.29,-3.40,12.60,9.20,25.46
IWV,iShares Russell 3000 Fund,North America,418.99,227373,264782,19163432946.90,0.20,-0.22,-2.16,0.53,8.87,7.60,7.76,22.69
FINT,Frontier Asset Total International Equity ETF,Global Ex-U.S.,35.47,1255,10171,76265429.50,0.87,0.01,-2.16,-1.29,6.61,12.06,11.15,23.93
PAB,PGIM Active Aggregate Bond ETF,North America,41.99,4161,44446,70132250.00,0.19,0.25,-2.16,-1.23,-1.67,-2.20,-1.74,0.76
SPTM,State Street SPDR Portfolio S&P 1500 Composite Stock Market ETF,North America,89.51,780420,515045,13312397158.34,0.03,-0.20,-2.16,0.36,8.88,7.84,7.92,22.95
KONG,Opportunities Trust Formidable Fortress ETF,Global,30.96,1161,1172,21665000.00,0.89,0.02,-2.17,-0.12,0.23,0.39,2.08,4.49
TACU,T. Rowe Price Active Core U.S. Equity ETF,North America,26.84,1345,2796,14115305.92,0.00,-0.22,-2.17,0.34,8.71,7.10,7.58,7.10
LRGF,iShares U.S. Equity Factor ETF,North America,74.76,107806,134227,3416931473.55,0.08,-0.37,-2.17,1.55,9.33,6.78,7.17,19.81
GCOW,Pacer Global Cash Cows Dividend ETF,Developed markets,45.02,447000,256367,3281834220.00,0.60,-0.13,-2.17,-1.51,-0.53,7.45,8.43,19.70
SFTY,Horizon Managed Risk ETF,North America,30.22,33284,126534,463139856.00,0.77,-0.31,-2.17,-0.20,7.58,7.09,7.89,20.16
IBRN,iShares Neuroscience and Healthcare ETF,Global,34.73,443,1312,5096262.00,0.47,2.19,-2.17,-2.74,5.75,6.02,4.70,42.94
CCOM,Simplify Chinese Commodities Strategy No K-1 ETF,Global,23.90,10,385,100555023.80,0.99,-0.25,-2.17,-4.38,-5.55,-4.44,-4.44,-4.44
ARLU,AllianzIM U.S. Equity Buffer15 Uncapped Apr ETF,North America,31.56,444,2371,53790720.00,0.74,-0.31,-2.17,-0.03,5.27,3.82,3.92,16.24
ITOT,iShares Core S&P Total U.S. Stock Market ETF,North America,161.51,3350841,2074550,91816572329.50,0.03,-0.21,-2.17,0.55,9.19,7.78,8.01,23.06
VDG,Vanguard Developed Markets ex-US Growth Index ETF,Developed markets,77.84,3073,7697,30908000.00,0.08,-0.07,-2.17,-0.21,3.19,3.19,3.19,3.19
XBFR,Innovator Equity Managed 10 Buffer ETF,North America,26.17,17448,20529,38066850.00,0.79,-0.57,-2.17,0.93,4.55,4.30,4.30,4.30
JHDV,John Hancock U.S. High Dividend ETF,North America,46.15,119,127,10621561.00,0.34,-0.09,-2.18,2.51,11.93,13.90,15.26,26.92
CNXT,VanEck ChiNext Innovators ETF,Asia-Pacific,55.21,215092,188504,141409840.00,0.65,2.39,-2.18,1.69,18.73,26.48,22.72,101.35
RSMV,Relative Strength Managed Volatility Strategy ETF,North America,28.90,678,13833,,0.95,-0.79,-2.18,1.39,7.11,4.30,5.70,20.26
APRZ,TrueShares Structured Outcome (April) ETF,North America,39.40,1203,2260,32414354.00,0.79,-0.25,-2.18,0.00,6.88,1.33,5.10,13.53
QQQH,NEOS Nasdaq-100 Hedged Equity Income ETF,North America,54.82,28337,28946,373913911.38,0.68,-0.64,-2.18,-0.64,2.69,-0.39,0.80,6.09
SGLC,SGI U.S. Large Cap Core ETF,North America,42.87,8466,11805,191158650.00,0.85,-0.15,-2.18,0.24,11.04,12.09,10.95,29.37
QGRO,American Century U.S. Quality Growth ETF,North America,114.13,161331,130244,2121374650.00,0.29,-0.41,-2.18,0.57,4.50,-0.88,-1.13,6.37
FHEQ,Fidelity Hedged Equity ETF,Global,32.82,41136,79435,858975906.05,0.48,-0.21,-2.18,0.64,7.54,5.62,5.53,16.84
PBL,PGIM Portfolio Ballast ETF,North America,32.57,14948,4315,78867800.00,0.45,-0.85,-2.19,-0.67,5.96,3.37,4.89,14.01
QOWZ,Invesco Nasdaq Free Cash Flow Achievers ETF,North America,34.16,3194,3749,11613074.16,0.39,-0.02,-2.19,1.62,2.96,-6.53,-4.70,-1.32
TOK,iShares MSCI Kokusai ETF,Developed markets,148.56,1926,1088,246353372.10,0.25,-0.21,-2.20,0.09,7.87,7.09,7.04,20.45
ELD,WisdomTree Emerging Markets Local Debt Fund,Emerging markets,28.48,33200,54885,132939500.00,0.55,0.49,-2.20,-1.96,-1.83,-1.28,-2.86,3.26
VLUE,iShares MSCI USA Value Factor ETF,North America,194.81,1502137,1078729,14220632316.90,0.15,-0.39,-2.20,9.99,33.47,41.24,41.44,77.76
IYY,iShares Dow Jones U.S. ETF,North America,179.57,27677,19875,2942375773.35,0.20,-0.23,-2.20,0.48,8.96,7.57,7.76,22.68
PJUS,PGIM Jennison U.S. Core Equity ETF,North America,50.27,408,,6546800.00,0.19,-0.18,-2.20,0.60,0.60,0.60,0.60,0.60
BALI,iShares U.S. Large Cap Premium Income Active ETF,North America,33.35,328709,292592,1196047996.56,0.35,-0.18,-2.20,-0.18,4.97,4.94,4.84,13.55
SCHB,Schwab U.S. Broad Market ETF,North America,28.49,16295534,9417053,42424710000.00,0.03,-0.21,-2.20,0.60,9.16,8.12,8.04,23.01
APUE,ActivePassive U.S. Equity ETF,North America,45.28,128441,96031,2490900840.00,0.31,-0.25,-2.21,0.61,9.28,7.54,8.21,24.62
HDUS,Hartford Disciplined US Equity ETF,North America,70.59,4955,8361,189007207.50,0.19,-0.09,-2.21,0.19,7.50,7.28,8.31,21.53
FYEE,Fidelity Yield Enhanced Equity ETF,Global,29.17,57144,85547,187610417.62,0.28,-0.24,-2.21,-0.07,1.71,0.42,1.28,11.00
SMRI,Bushido Capital US Equity ETF,North America,41.62,8995,8674,598526388.00,0.71,-0.37,-2.21,7.02,16.90,13.43,15.74,28.97
OCTU,AllianzIM U.S. Equity Buffer15 Uncapped Oct ETF,North America,30.07,2446,23462,60286600.00,0.74,-0.24,-2.21,-0.19,6.19,5.37,5.08,17.19
IWB,iShares Russell 1000 ETF,North America,403.11,607013,628724,47708465144.20,0.15,-0.24,-2.21,0.48,8.60,7.33,7.37,22.18
FFLC,Fidelity Fundamental Large Cap Core ETF,Global,57.78,87801,92850,1161314714.88,0.38,0.02,-2.22,-0.43,8.57,7.88,7.72,21.98
CRDT,Simplify Opportunistic Income ETF,Developed markets,23.23,10140,8100,35950723.19,0.99,0.91,-2.22,-1.23,1.31,0.52,-0.21,-4.83
CVLC,Calvert US Large-Cap Core Responsible Index ETF,North America,92.48,16274,31464,838396240.00,0.15,-0.15,-2.22,1.07,11.05,9.23,9.36,24.57
FDRR,Fidelity Dividend ETF for Rising Rates,Developed markets,65.63,17240,15053,713663122.55,0.15,-0.33,-2.22,2.17,7.88,6.12,7.07,24.73
XCHG,AB US Equity ETF,North America,26.33,16205,2224,687800202.99,0.50,0.03,-2.22,-0.77,6.70,5.51,5.08,5.51
SCHK,Schwab 1000 Index ETF,North America,35.53,1209813,843523,5585216000.00,0.03,-0.22,-2.23,0.48,9.02,7.93,7.76,22.60
FDMO,Fidelity Momentum Factor ETF,North America,93.02,45806,48741,884983437.45,0.15,-0.77,-2.23,0.08,12.00,10.07,9.79,26.59
QDPL,Pacer Metaurus US Large Cap Dividend Multiplier 400 ETF,North America,45.08,110947,153824,1638483990.00,0.60,-0.13,-2.23,0.38,7.90,5.67,5.70,16.25
FEBU,AllianzIM U.S. Equity Buffer15 Uncapped Feb ETF,North America,29.37,625,3920,51522975.00,0.74,-0.24,-2.23,-0.21,6.53,5.68,5.95,17.06
AVLC,Avantis U.S. Large Cap Equity ETF,North America,87.84,208935,65567,1247709358.00,0.15,-0.40,-2.23,0.77,10.32,10.78,10.94,27.32
BOBP,CORE16 Best of Breed Premier Index ETF,North America,30.77,3285,2791,617833.17,0.70,-0.49,-2.23,-0.59,16.64,13.04,17.45,23.67
FLAU,Franklin FTSE Australia ETF,Asia-Pacific,33.78,1882,14811,86587800.00,0.09,0.83,-2.23,-4.04,-1.77,5.62,6.51,8.47
AHLT,AHL Trend ETF,Global,28.70,16471,116212,130770029.06,0.96,-1.29,-2.23,-0.85,-0.36,9.82,7.59,30.20
JUST,Goldman Sachs JUST U.S. Large Cap Equity ETF,North America,105.31,8103,8979,552282500.00,0.20,-0.36,-2.24,0.38,9.35,8.23,8.39,23.65
FMAG,Fidelity Magellan ETF,Global,35.85,14606,20419,250940390.30,0.57,0.36,-2.24,-0.88,7.59,4.92,4.46,7.82
ESGG,FlexShares STOXX Global ESG Select Index Fund,Developed markets,227.92,76,1052,108829569.11,0.42,-0.52,-2.24,1.95,10.63,11.11,10.57,24.29
ARKG,ARK Genomic Revolution ETF,Global,33.56,3505351,2759508,1242975000.00,0.75,1.24,-2.24,11.42,20.42,8.05,14.81,41.16
OILT,Texas Capital Texas Oil Index ETF,North America,29.63,1319,4096,14378280.27,0.35,-2.07,-2.24,-0.65,1.88,23.19,28.87,24.06
GRNY,Fundstrat Granny Shots US Large Cap ETF,North America,26.90,3899877,1610591,4302477455.00,0.75,-0.52,-2.25,0.11,9.00,6.11,7.60,25.82
FVAL,Fidelity Value Factor ETF,North America,78.26,23711,32640,1257860793.45,0.15,-0.17,-2.25,1.31,8.86,8.42,7.77,25.30
LSVD,LSV Disciplined Value ETF,North America,34.23,520,1249,662319625.76,0.40,-0.45,-2.25,2.03,14.07,14.55,13.80,37.65
EWD,iShares MSCI Sweden ETF,Europe,50.89,140800,159939,296706361.88,0.51,-0.95,-2.25,-1.28,-0.86,2.81,2.31,10.46
YYY,Amplify CEF High Income ETF,North America,11.24,1099987,455964,700959900.00,3.23,0.00,-2.26,-3.02,-0.79,-3.27,-3.10,-2.52
SURI,Simplify Propel Opportunities ETF,Global,17.20,1575,10230,73573517.15,2.56,1.17,-2.26,-3.14,-1.58,-3.35,3.07,6.78
MARU,AllianzIM U.S. Equity Buffer15 Uncapped Mar ETF,North America,29.33,82,1386,32347040.00,0.74,-0.30,-2.26,-0.23,6.68,5.32,5.40,16.72
ASCI,abrdn International Small Cap Active ETF,Global Ex-U.S.,36.35,916,2886,79290010.40,0.70,-0.35,-2.26,-3.09,6.41,4.54,5.57,5.98
DRKY,VistaShares Target 15 DRUKMacro Distribution ETF,North America,19.76,2885,15574,15093900.00,0.95,1.45,-2.26,-3.04,2.24,-9.76,-9.35,-1.73
SOLR,Guinness Atkinson Sustainable Energy ETF,Global,35.11,28,522,4595903.00,0.79,-0.19,-2.26,-0.04,10.91,10.21,11.05,32.20
JULZ,TrueShares Structured Outcome (July) ETF,North America,44.85,1764,4302,32841532.00,0.79,-0.22,-2.27,-0.34,7.88,-5.70,6.32,6.50
AIEQ,Amplify AI Powered Equity ETF,North America,48.84,5367,4740,121200750.00,0.75,-0.21,-2.27,-0.21,8.79,8.07,8.17,19.06
EPS,WisdomTree U.S. LargeCap Fund,North America,77.15,35937,44176,1531708200.00,0.08,-0.30,-2.27,0.64,9.53,8.51,8.34,23.48
RDTY,YieldMax R2000 0DTE Covered Strategy ETF,North America,37.10,14185,7164,18406750.00,1.73,0.11,-2.27,-3.89,-0.62,-9.41,-5.92,-19.11
XRLX,FundX Conservative ETF,Global,48.56,221,468,51144921.48,1.20,-0.22,-2.27,-0.03,6.39,2.87,5.55,12.00
FCPI,Fidelity Stocks for Inflation ETF,North America,53.31,11673,14115,272813626.80,0.15,-0.29,-2.27,-0.59,5.85,5.82,7.42,15.75
OAIM,OneAscent International Equity ETF,Global Ex-U.S.,46.06,13268,23620,352160000.00,0.89,0.46,-2.27,-2.46,5.16,11.93,10.24,23.88
ITAN,Sparkline Intangible Value ETF,North America,41.70,2759,9548,91344900.00,0.50,-0.06,-2.28,3.86,13.13,11.14,12.64,32.42
TXUG,Thornburg International Growth Fund ETF,Developed markets,26.30,405,23,4193752.80,0.70,0.15,-2.28,-0.44,8.00,7.25,6.20,2.43
VUSE,Vident Core US Equity ETF,North America,70.46,1978,7870,674221405.00,0.50,-0.16,-2.28,0.61,7.70,5.68,6.51,14.05
MMTM,State Street SPDR S&P 1500 Momentum Tilt ETF,North America,315.49,589,1183,167837698.06,0.12,0.07,-2.28,0.52,7.81,7.39,7.84,22.14
IBOT,VanEck Robotics ETF,Global,64.49,31681,24330,90827660.00,0.47,-0.69,-2.29,-2.43,14.71,20.68,21.02,47.88
TOT,LionShares U.S. Equity Total Return ETF,North America,23.18,2237,1802,9354220.75,0.07,-0.29,-2.29,0.37,9.40,7.54,8.35,-52.46
LCTU,iShares U.S. Carbon Transition Readiness Aware Active ETF,North America,78.87,30220,41154,1463461000.00,0.15,-0.30,-2.29,0.56,7.85,5.91,5.95,20.84
VEU,Vanguard FTSE All World Ex US ETF,Global Ex-U.S.,81.95,2340669,2511453,64928797953.16,0.04,0.11,-2.29,-1.27,6.61,10.89,9.94,23.55
CVRD,Madison Covered Call ETF,North America,18.48,30032,1082,34105563.00,0.92,-0.02,-2.29,-0.55,0.16,-3.06,0.19,-0.40
JPXN,iShares JPX-Nikkei 400 ETF,Asia-Pacific,97.17,18204,15807,132270078.60,0.48,-0.83,-2.29,-2.34,5.26,8.95,11.32,23.20
OCIO,Clearshares Ocio Etf,Global,36.97,2563,17387,166786650.00,0.65,-0.31,-2.29,-0.40,5.69,-2.22,5.69,6.52
CTWO,Common,Global,17.08,268,194,1736990.00,0.79,-0.87,-2.29,1.94,-1.73,-12.88,-14.52,-10.18
VTI,Vanguard Total Stock Market ETF,North America,363.67,4687865,3471241,649372640848.26,0.03,-0.22,-2.29,0.46,8.91,7.63,7.87,23.09
MAYU,AllianzIM U.S. Equity Buffer15 Uncapped May ETF,North America,33.76,34973,28954,43989790.00,0.74,-0.34,-2.29,0.00,8.52,6.26,7.31,19.79
FEAC,Fidelity Enhanced U.S. All-Cap Equity ETF,North America,31.75,2169,17585,24670955.52,0.18,0.02,-2.29,0.97,9.58,9.01,8.64,24.52
MMSC,First Trust Multi-Manager Small Cap Opportunities ETF,North America,27.23,5890,4453,50484704.58,0.95,-0.09,-2.30,-1.77,11.41,9.70,12.24,34.93
PQUS,Pictet AI Enhanced US Equity ETF,North America,27.29,687,4776,88926825.00,0.22,-0.29,-2.30,0.29,8.98,8.00,8.00,8.00
ESGU,iShares ESG Aware MSCI USA ETF,North America,161.24,570595,446603,17279834358.10,0.15,-0.22,-2.30,0.80,9.35,7.50,7.67,22.71
EAOA,iShares ESG Aware 80/20 Aggressive Allocation ETF,Global,44.43,324,2199,36679229.40,0.18,-0.12,-2.31,-0.03,6.71,6.40,7.05,18.46
HFSP,TradersAI Large Cap Equity & Cash ETF,North America,13.98,7,29,702245.00,1.25,-3.02,-2.31,-4.25,-11.83,-7.54,-9.22,-14.32
ROMO,Strategy Shares Newfound/ReSolve Robust Momentum ETF,Global,33.11,4031,926,25571700.00,0.87,-0.20,-2.31,-0.83,3.15,-4.00,3.80,5.25
ACWX,iShares MSCI ACWI ex U.S. ETF,Global Ex-U.S.,74.73,1619290,1741659,11262863656.80,0.32,0.11,-2.31,-1.10,6.57,10.83,9.88,23.36
DFUS,Dimensional U.S. Equity Market ETF,North America,80.46,1990638,702631,20292184436.52,0.09,-0.27,-2.31,0.57,9.19,7.84,7.93,23.50
TPIF,Timothy Plan International ETF,Developed markets,36.77,28239,52380,238875000.00,0.62,-0.27,-2.31,-3.24,0.82,7.36,5.03,12.69
MAAY,GraniteShares YieldBOOST MARA ETF,North America,6.83,11023,12859,2698806.92,1.07,-1.22,-2.31,-5.02,-21.69,-62.91,-49.75,-72.51
TDEC,FT Vest Emerging Markets Buffer ETF - December,Emerging markets,25.74,7539,5670,10344451.72,0.95,-0.02,-2.31,-2.51,4.07,8.35,5.65,18.88
SEPU,AllianzIM U.S. Equity Buffer15 Uncapped Sep ETF,North America,30.67,19300,43239,153041945.00,0.74,-0.28,-2.32,0.14,6.65,5.80,5.38,17.77
FELC,Fidelity Enhanced Large Cap Core ETF,North America,41.30,1956441,859980,7808371123.97,0.18,-0.29,-2.32,0.66,9.29,7.89,7.61,23.14
JDVI,John Hancock Disciplined Value International Select ETF,Global Ex-U.S.,38.35,2191,23557,705470720.00,0.69,-0.45,-2.32,-1.34,4.27,7.36,8.26,22.99
GSUS,Goldman Sachs MarketBeta U.S. Equity ETF,North America,101.74,44794,97144,3093327000.00,0.07,-0.34,-2.32,0.16,8.71,7.25,7.57,22.76
THMZ,Lazard Equity Megatrends ETF,Global,32.85,3268,3787,54219000.00,0.50,-0.09,-2.32,-1.32,6.87,-0.42,-0.21,10.15
SDMF,Simplify DBi CTA Managed Futures Index ETF,Global,25.55,12093,35517,30115275.63,0.35,-0.43,-2.33,0.71,0.32,1.10,1.10,1.10
JPEF,JPMorgan Equity Focus ETF,North America,78.73,251868,89032,1911271155.68,0.44,-0.21,-2.33,-1.06,5.18,3.95,4.99,14.76
SPDW,State Street SPDR Portfolio Developed World ex-US ETF,Developed markets,49.80,4007082,3514578,40063406982.50,0.03,-0.04,-2.33,-0.86,6.75,11.58,10.99,23.42
TSPA,T. Rowe Price U.S. Equity Research ETF,North America,46.53,137920,601970,3491876084.67,0.34,-0.24,-2.33,0.02,9.30,7.93,8.21,23.16
PBUS,Invesco MSCI USA ETF,North America,73.88,275741,251057,11118352824.11,0.04,-0.32,-2.33,0.22,8.82,7.40,7.24,22.44
SRVR,Pacer Data & Infrastructure Real Estate ETF,Developed markets,33.56,82383,103384,394748940.00,0.49,0.15,-2.33,-4.93,3.39,13.69,16.41,5.70
GRID,First Trust NASDAQ Clean Edge Smart Grid Infrastructure Index Fund,Global,187.62,1121379,823457,11260526377.87,0.56,-0.90,-2.34,-4.35,11.20,21.17,21.23,41.73
SIMS,State Street SPDR S&P Kensho Intelligent Structures ETF,North America,45.76,107,623,8709277.00,0.45,-0.10,-2.34,-1.58,6.28,1.86,7.73,31.36
HAUZ,Xtrackers International Real Estate ETF,Global Ex-U.S.,22.46,96980,94114,1007948722.37,0.10,0.70,-2.34,-6.91,-5.74,-3.64,-3.76,-0.12
VXUS,Vanguard Total International Stock ETF,Global Ex-U.S.,83.82,6615117,6270086,149577909936.32,0.05,0.10,-2.34,-1.54,6.25,10.43,9.78,23.08
VOTE,TCW Transform 500 ETF,North America,86.74,83789,28845,1071296421.00,0.05,-0.40,-2.35,0.38,8.93,7.72,7.58,22.97
SCHX,Schwab U.S. Large-Cap ETF,North America,29.05,18791919,14711235,71055712000.00,0.03,-0.27,-2.35,0.52,8.84,7.63,7.35,22.32
SPEM,State Street SPDR Portfolio Emerging Markets ETF,Emerging markets,51.19,2610756,2493156,17551852266.00,0.07,0.61,-2.35,-2.68,6.14,8.78,7.59,21.42
VT,Vanguard Total World Stock Index ETF,Global,154.30,5115577,2938550,74360935340.17,0.06,-0.12,-2.36,-0.41,7.82,8.73,8.46,22.74
VONE,Vanguard Russell 1000 ETF,North America,333.37,69973,75699,7953484000.00,0.06,-0.25,-2.36,0.38,8.56,7.33,7.35,22.13
LCAP,Principal Capital Appreciation Select ETF,North America,32.26,22090,43577,317088832.36,0.29,-0.32,-2.37,-0.66,7.70,8.86,8.68,23.25
MCOW,Pacer S&P MidCap 400 Quality FCF Aristocrats ETF,North America,20.80,9,1349,1039910.00,0.49,-0.03,-2.37,0.95,11.32,2.28,5.25,1.92
IQSU,NYLI Candriam U.S. Large Cap Equity ETF,North America,60.32,2027,4922,324107868.50,0.09,-0.43,-2.37,0.43,13.04,2.41,9.73,24.21
FCEF,First Trust Income Opportunities ETF,Global,23.47,6096,19419,76446930.00,3.69,-0.17,-2.37,-1.75,2.13,2.94,2.18,6.58
SNAV,Mohr Sector Nav ETF,North America,37.92,641,3795,28542760.98,1.59,-0.33,-2.37,1.23,7.09,7.36,8.66,20.73
JPIN,JPMorgan Diversified Return International Equity ETF,Developed markets,73.12,9041,7403,357798000.00,0.37,0.05,-2.37,-2.33,1.51,6.07,6.63,15.33
LALT,First Trust Multi-Strategy Alternative ETF,Global,24.25,100879,77061,97652048.83,1.18,-0.88,-2.38,-1.34,-2.88,5.36,5.94,14.60
FDIS,Fidelity MSCI Consumer Discretionary Index ETF,North America,100.87,52390,103823,1653375900.00,0.08,0.63,-2.38,-2.42,3.18,-2.07,-1.86,10.01
SCHF,Schwab International Equity ETF,Developed markets,27.07,9685641,7858255,64234170000.00,0.03,0.00,-2.38,-0.62,7.00,14.12,11.26,23.89
VCR,Vanguard Consumer Discretion ETF,North America,388.50,54471,63688,6069059052.45,0.09,0.65,-2.38,-2.43,3.23,-1.95,-1.90,10.07
BKLC,BNY Mellon US Large Cap Core Equity ETF,North America,141.32,107648,181767,5372984300.00,0.00,-0.32,-2.38,0.47,9.02,7.54,7.48,22.84
RTYY,GraniteShares YieldBoost RIOT ETF,North America,11.90,11665,9358,3594011.98,1.07,-0.66,-2.38,-6.45,-17.93,-50.31,-36.23,-52.44
AUGZ,TrueShares Structured Outcome (August) ETF,North America,44.76,517,41591,40660564.00,0.79,-0.34,-2.38,-0.07,6.95,1.89,5.71,13.57
VNQI,Vanguard Global ex-U.S. Real Estate ETF,Global Ex-U.S.,44.36,554672,278930,3318303190.70,0.12,0.73,-2.38,-7.22,-5.54,-6.20,-3.73,-0.96
YSPY,GraniteShares YieldBOOST SPY ETF,North America,15.20,12784,35087,14011615.23,1.15,-0.06,-2.39,-1.95,-8.78,-18.21,-16.31,-23.82
USPX,Franklin U.S. Equity Index ETF,North America,64.49,66386,81107,1939380000.00,0.03,-0.31,-2.39,0.48,8.86,7.22,7.14,22.44
FNDC,Schwab Fundamental International Small Equity ETF,Developed markets,48.68,106837,304083,2983980000.00,0.39,0.19,-2.39,-3.98,3.40,10.71,8.39,19.31
VEA,Vanguard FTSE Developed Markets ETF,Developed markets,69.84,11879920,10904308,223933578789.35,0.03,-0.03,-2.39,-0.82,6.30,11.49,10.59,24.23
DVDN,Kingsbarn Dividend Opportunity ETF,North America,16.46,2276,1565,3255612.17,0.90,0.71,-2.39,-6.39,-6.79,-17.93,-13.02,-28.29
TINS,Templeton International Insights ETF,Global Ex-U.S.,28.77,3,156,5757600.00,0.55,0.42,-2.40,1.69,6.18,12.04,9.60,14.45
IVV,iShares Core S&P 500 ETF,North America,740.75,19904546,6659565,830003874945.00,0.03,-0.26,-2.40,0.32,8.83,7.58,7.55,22.92
VBK,Vanguard Small-Cap Growth ETF,North America,344.43,271341,234560,23199522285.75,0.05,0.10,-2.40,0.13,11.21,11.59,13.34,26.05
HFMF,Unlimited HFMF Managed Futures ETF,Global,22.00,12434,14034,22942816.00,0.97,-0.41,-2.40,-2.48,-10.61,2.95,5.31,9.45
HECA,Hedgeye Capital Allocation ETF,Global,27.14,137578,207941,321422955.00,1.30,0.37,-2.41,-0.59,-7.72,-4.60,-2.20,8.56
PSCT,Invesco S&P SmallCap Information Technology ETF,North America,82.05,60365,44266,525788880.00,0.29,-1.06,-2.41,4.18,35.44,36.91,43.04,83.56
KLMT,Invesco MSCI Global Climate 500 ETF,Global,33.69,821,1847,1530181203.83,0.10,-0.26,-2.41,-0.43,8.07,7.90,8.58,21.00
FGSI,FT Vest Growth Strength & Target Income ETF,North America,20.22,7,979,3025240.34,0.85,0.20,-2.41,1.52,1.71,-1.70,0.75,0.90
RPG,Invesco S&P 500 Pure Growth ETF,North America,58.38,1215362,597843,2091435865.34,0.35,-0.29,-2.42,2.33,19.90,24.74,23.92,32.59
CDEI,"Calvert US Large-Cap Diversity, Equity and Inclusion Index ETF",North America,88.56,424,989,17766000.00,0.14,-0.43,-2.42,0.48,9.70,6.80,7.18,22.13
SEMY,GraniteShares YieldBOOST Semiconductor ETF,North America,16.10,193923,319140,102841216.17,1.07,-0.25,-2.42,-4.56,-11.34,-33.00,-22.67,-34.47
SPY,SPDR S&P 500 ETF TRUST,North America,737.05,87683517,50162813,777088815338.50,0.09,-0.29,-2.42,0.29,8.78,7.58,7.49,22.90
NTSX,WisdomTree U.S. Efficient Core Fund,North America,58.13,35072,42543,1355544750.00,0.20,-0.40,-2.42,-0.14,6.71,5.36,5.40,20.67
SPHB,Invesco S&P 500 High Beta ETF,North America,144.92,684234,369798,1003097120.00,0.25,-0.66,-2.42,3.48,20.93,20.98,22.47,57.37
VOO,Vanguard S&P 500 ETF,North America,677.70,16197168,6702503,991277498093.47,0.03,-0.29,-2.42,0.30,8.75,7.57,7.46,22.93
PTLC,Pacer Trendpilot US Large Cap ETF,North America,57.33,97017,106738,3272888000.00,0.60,-0.35,-2.43,0.21,3.75,1.70,2.50,16.76
KOOL,North Shore Equity Rotation ETF,Global,14.16,178,4693,58749497.80,0.94,-0.58,-2.43,-2.66,5.97,10.95,10.87,24.08
NACP,Impact Shares NAACP Minority Empowerment ETF,North America,58.12,688,2224,73019783.22,0.49,-0.45,-2.43,2.09,15.96,16.74,16.10,37.17
VUS,Virtus US Dividend ETF,North America,29.30,57,284,17612517.42,0.25,-0.19,-2.43,-0.21,8.08,16.04,14.87,16.92
VV,Vanguard Large-Cap ETF,North America,339.40,380131,335342,51886929709.70,0.03,-0.35,-2.43,0.46,8.89,7.28,7.21,22.56
IDUB,Aptus International Enhanced Yield ETF,Global Ex-U.S.,27.07,39619,32148,481609260.00,0.44,0.07,-2.43,-1.53,6.20,10.85,10.08,21.66
MOOD,Relative Sentiment Tactical Allocation ETF,Global,43.25,8781,13852,120714930.00,0.73,-0.09,-2.44,0.34,2.34,13.06,11.60,32.46
POWR,iShares U.S. Power Infrastructure ETF,North America,26.82,469309,299765,380988976.40,0.40,-0.52,-2.44,-3.28,2.56,5.18,13.40,15.31
DXIV,Dimensional International Vector Equity ETF,Developed markets,70.67,10954,7308,161021697.66,0.30,0.18,-2.44,-2.02,2.98,10.44,7.95,23.38
STXF,Strive 500 ETF,North America,47.56,86955,48852,1099027746.00,0.05,-0.48,-2.44,0.44,8.73,7.43,7.14,22.77
BBUS,JPMorgan BetaBuilders U.S. Equity ETF,North America,132.95,355246,255980,8362926000.00,0.02,-0.34,-2.44,0.35,8.96,7.25,7.18,22.31
ILCB,iShares Morningstar Large-Cap ETF,North America,102.14,19151,11751,1250397398.00,0.03,-0.33,-2.44,0.45,9.18,7.73,7.64,22.79
BAMA,Brookstone Active ETF,Global,35.98,6859,4989,51580100.00,0.99,-0.22,-2.44,-0.96,5.70,5.76,5.76,15.65
PHDG,Invesco S&P 500 Downside Hedged ETF,North America,41.59,208977,27963,81213600.00,0.39,0.38,-2.44,0.29,7.80,8.78,10.64,19.54
GRNI,Fundstrat Granny Shots US Large Cap & Income ETF,North America,20.78,56947,42060,50698505.00,0.99,-0.91,-2.44,-0.62,4.79,-0.57,1.71,3.90
SPYM,State Street SPDR Portfolio S&P 500 ETF,North America,86.76,22392789,9196862,144397093661.85,0.02,-0.30,-2.44,0.28,8.82,7.62,7.52,22.98
INQQ,INQQ The India Internet ETF,Asia-Pacific,11.95,16904,25544,41980688.38,0.86,0.93,-2.45,-7.72,-1.89,-21.02,-18.93,-27.53
IDVY,First Trust International Rising Dividend Achievers ETF,Developed markets,24.92,8,269,1239299.57,0.60,-0.32,-2.45,-3.43,3.94,-1.87,-1.87,-1.87
EDGI,3EDGE Dynamic International Equity ETF,Global Ex-U.S.,30.39,9199,43964,83171063.40,0.97,-0.24,-2.45,-2.19,4.18,6.85,5.77,17.78
ESLG,Eventide Large Cap Growth ETF,North America,27.32,3572,4575,21586962.53,0.39,-0.03,-2.45,3.06,11.34,8.25,9.10,9.12
WCAP,WarCap Unconstrained Equity ETF,Global,9.34,1179,5094,62849338.96,1.00,-0.07,-2.45,1.92,2.48,-6.83,-4.93,-7.01
UDIV,Franklin U.S. Core Dividend Tilt Index ETF,North America,59.38,4314,13176,119230000.00,0.06,-0.43,-2.46,1.00,10.85,10.45,11.34,27.06
STOX,Horizon Core Equity ETF,North America,30.38,24040,30208,151791396.00,0.70,-0.27,-2.46,-0.48,7.13,6.42,6.12,20.95
DEM,WisdomTree Emerging Markets High Dividend Fund,Emerging markets,54.30,241547,191068,3904459600.00,0.63,0.50,-2.46,-0.06,9.34,16.25,15.02,21.80
RAUS,RACWI US ETF,North America,28.82,8560,7465,52620204.00,0.00,-0.29,-2.46,0.15,9.67,8.81,8.60,14.06
SHE,State Street SPDR MSCI USA Gender Diversity ETF,North America,152.95,1146,3114,320154720.90,0.20,-0.30,-2.46,2.57,16.01,16.36,15.68,25.50
SAWG,AAM Sawgrass US Large Cap Quality Growth ETF,North America,23.62,254,763,2829864.00,0.49,0.12,-2.47,0.02,9.27,5.41,6.89,17.91
BRIF,FIS Bright Portfolios Focused Equity ETF,North America,35.41,4555,13793,149929509.60,0.65,-0.48,-2.48,5.54,13.82,16.47,16.97,33.89
CHRI,Global X S&P 500 Christian Values ETF,North America,87.51,259,852,6143494.00,0.29,-0.31,-2.48,-0.32,8.72,6.33,7.39,10.32
IQDY,FlexShares International Quality Dividend Dynamic Index Fund,Global Ex-U.S.,41.82,2672,4501,104097041.64,0.47,0.05,-2.48,-0.89,8.44,14.48,12.71,30.88
IDYN,iShares International Equity Factor Rotation Active ETF,Global Ex-U.S.,29.86,2205,12016,104259408.00,0.45,-0.66,-2.48,-3.09,1.19,6.42,4.78,17.20
TCAF,T. Rowe Price Capital Appreciation Equity ETF,North America,40.04,664477,716320,7030083175.50,0.31,0.23,-2.48,-0.10,7.55,4.68,4.38,16.73
SPYT,Defiance S&P 500 Target Income ETF,North America,17.26,142697,149859,146114865.00,0.92,-0.29,-2.49,-1.93,2.31,-3.63,-1.93,-2.21
SSXU,Day Hagan Smart Sector International ETF,Global Ex-U.S.,35.32,3054,14438,41366583.18,1.22,-0.07,-2.49,-3.37,0.71,0.94,1.93,11.98
SPDF,Defender Risk Adaptive 500 ETF,North America,27.02,1527,19519,17177766.00,0.69,-0.11,-2.49,0.11,6.13,6.13,6.13,6.13
XPAY,Roundhill S&P 500 Target 20 Managed Distribution ETF,North America,53.62,182570,84986,161573188.00,0.49,-0.07,-2.49,-1.42,5.28,-0.91,-1.32,0.22
FCA,First Trust China AlphaDEX Fund,Asia-Pacific,30.10,17270,34079,100221060.74,0.80,-0.40,-2.49,-10.71,-9.53,7.89,-0.17,31.33
AEMS,Anfield Enhanced Market ETF,North America,11.56,16624,56683,163817100.00,0.79,-0.55,-2.49,0.74,10.77,3.23,11.31,16.11
UEVM,VictoryShares Emerging Markets Value Momentum ETF,Emerging markets,58.91,1560,5836,250619478.06,0.45,0.49,-2.49,-4.16,1.63,6.56,4.50,15.87
ITDG,iShares LifePath Target Date 2055 ETF,Global,41.23,11052,9880,52834274.56,0.12,-0.16,-2.50,-0.04,7.80,7.91,8.85,22.57
SPYX,State Street SPDR S&P 500 Fossil Fuel Reserves Free ETF,North America,60.36,69727,165428,2699908742.52,0.20,-0.21,-2.50,0.22,8.72,6.95,6.83,22.29
SNPG,Xtrackers S&P 500 Growth ESG ETF,North America,57.56,330,897,13297047.81,0.15,-0.41,-2.50,3.52,12.99,7.94,8.29,23.85
CVIE,Calvert International Responsible Index ETF,Developed markets,82.23,13976,19455,391536000.00,0.18,-0.01,-2.50,0.81,9.99,15.09,13.81,27.65
PRN,Invesco Dorsey Wright Industrials Momentum ETF,North America,236.09,82129,32429,430453660.00,0.60,-0.14,-2.50,-1.59,19.58,33.27,32.66,53.65
IQSZ,Invesco Global Equity Net Zero ETF,Global,31.10,2,62,168514795.06,0.19,-0.22,-2.50,0.04,9.19,10.73,9.37,24.56
RSSB,Return Stacked Global Stocks & Bonds ETF,Global,30.07,76334,58137,495446719.90,0.39,0.03,-2.50,-1.25,5.69,3.33,6.03,20.57
KOKU,Xtrackers MSCI Kokusai Equity ETF,Developed markets,128.73,25,239,787937129.17,0.09,-0.26,-2.50,-0.08,7.47,6.52,7.22,19.64
BAMG,Brookstone Growth Stock ETF,North America,43.03,17454,12734,136543600.00,0.89,-0.44,-2.51,2.58,10.93,6.46,6.62,22.63
TDV,ProShares S&P Technology Dividend Aristocrats ETF,North America,101.18,3536,6078,276315875.00,0.45,-0.43,-2.51,2.32,16.63,13.28,16.21,25.99
MSTB,LHA Market State Tactical Beta ETF,North America,42.39,2887,5430,193707150.00,1.38,-0.46,-2.51,-0.70,6.48,5.65,5.74,16.35
TOV,JLens 500 Jewish Advocacy U.S. ETF,North America,31.07,3073,30214,262317429.00,0.18,-0.31,-2.51,0.36,9.23,7.77,7.74,23.00
DBO,Invesco DB Oil Fund,Global,21.37,855269,875487,285103877.24,0.77,-2.64,-2.51,1.52,15.33,70.14,76.76,62.76
ACWI,iShares MSCI ACWI ETF,Global,154.60,3306093,3282245,32142931585.20,0.32,-0.21,-2.52,-0.21,8.22,8.55,8.29,22.90
QINT,American Century Quality Diversified International ETF,Global Ex-U.S.,68.53,18106,46358,661479795.00,0.34,-1.41,-2.52,-2.82,3.47,6.39,5.94,18.54
CORO,iShares International Country Rotation Active ETF,Global Ex-U.S.,35.55,917146,3994095,7221987804.00,0.55,-0.11,-2.52,-0.45,8.19,13.71,12.86,27.28
LCDS,JPMorgan Fundamental Data Science Large Core ETF,North America,70.43,14,123,15871500.00,0.30,-0.13,-2.52,0.32,8.64,7.08,7.13,22.63
CATH,Global X S&P 500 Catholic Values ETF,North America,87.88,55811,42134,1232218195.12,0.29,-0.29,-2.52,-0.45,8.28,6.02,6.25,20.16
SCHE,Schwab Emerging Markets Equity ETF,Emerging markets,35.54,4565222,3026282,12319200000.00,0.07,0.34,-2.52,-3.37,5.05,9.29,6.69,20.47
EGGY,NestYield Dynamic Income ETF,North America,39.00,57391,57530,126457280.00,0.92,-1.39,-2.52,0.00,21.69,5.98,9.92,4.60
EGLE,Global X S&P 500 U.S. Revenue Leaders ETF,North America,30.54,189,149,2143137.52,0.19,-0.25,-2.52,2.73,7.81,3.73,5.41,11.99
FRGN,Horizon International Equity ETF,Global Ex-U.S.,30.76,2661,14525,106962450.00,0.75,-0.18,-2.53,-1.45,10.76,20.10,17.89,21.47
DTAN,Sparkline International Intangible Value ETF,Global Ex-U.S.,32.27,1097,1998,21716308.00,0.55,-0.56,-2.53,-0.12,4.10,3.04,2.48,13.08
QMMY,FT Vest Nasdaq-100 Moderate Buffer ETF - May,North America,25.94,63315,88786,118796002.22,0.90,-0.74,-2.53,-0.38,3.00,4.16,3.33,12.62
PRTO,RCN Pareto Strategic Allocation ETF,Global,27.23,9047,1761,16032522.43,0.82,-0.45,-2.53,-2.11,7.23,7.23,7.23,7.23
ELFY,ALPS Electrification Infrastructure ETF,North America,43.07,51491,44915,201013782.27,0.50,-1.10,-2.53,-2.82,5.10,18.85,22.15,38.00
AVNM,Avantis All International Markets Equity ETF,Global Ex-U.S.,82.05,54807,51991,653474646.00,0.31,-0.06,-2.54,-1.95,5.37,11.92,10.70,26.87
KLMN,Invesco MSCI North America Climate ETF,North America,30.21,207,317152,2498615230.32,0.09,-0.52,-2.54,-0.01,8.91,6.55,7.63,22.07
IXUS,iShares Core MSCI Total International Stock ETF,Global Ex-U.S.,94.18,2140786,1843106,56916213264.00,0.07,0.01,-2.54,-1.58,6.60,10.49,9.92,22.63
THRO,iShares U.S. Thematic Rotation Active ETF,North America,42.26,1828289,2875684,6480920778.00,0.57,-0.47,-2.54,0.64,11.65,9.11,8.86,21.82
PTIN,Pacer Trendpilot International ETF,Developed markets,35.67,7984,11062,183154085.00,0.67,-0.13,-2.54,-0.40,6.67,11.75,11.30,24.90
AADR,AdvisorShares Dorsey Wright,Global Ex-U.S.,82.36,3027,2077,42063351.60,1.09,-0.18,-2.54,-3.86,-4.79,-4.69,-5.56,4.13
ADME,Aptus Drawdown Managed Equity ETF,North America,54.90,14482,18514,284546631.41,0.79,-0.19,-2.55,-0.41,6.69,6.18,5.93,16.67
GARY,Mango Growth ETF,North America,25.63,2247,6247,278047176.11,0.77,-0.42,-2.55,4.27,15.74,26.88,23.25,26.88
DFAX,Dimensional World ex U.S. Core Equity 2 ETF,Global Ex-U.S.,36.61,1270163,715891,11670863812.12,0.28,0.04,-2.56,-2.48,5.35,12.99,10.47,26.20
JEPQ,JPMorgan Nasdaq Equity Premium Income ETF,North America,59.08,11313864,7465475,39178672500.00,0.35,-0.92,-2.56,-0.67,2.28,0.42,0.89,12.00
GNR,State Street SPDR S&P Global Natural Resources ETF,Global,70.82,173622,274561,4760116217.50,0.40,-0.55,-2.56,-4.32,-2.44,14.30,13.13,32.80
NTSD,WisdomTree Efficient U.S. Plus International Equity Fund,Global,44.81,4089,7938,31448900.00,0.35,-0.38,-2.57,0.60,14.86,14.86,14.86,14.86
BROL,Baron Risk Optimized Large Cap ETF,North America,24.68,8296,,3702303.30,0.45,-0.16,-2.57,-1.67,-1.67,-1.67,-1.67,-1.67
AAUM,Tema Alternative Asset Managers ETF,North America,20.55,35,446,1201296.00,0.75,2.25,-2.57,-5.45,7.22,-17.08,-17.03,-16.59
LCOW,Pacer S&P 500 Quality FCF Aristocrats ETF,North America,24.85,2947,7203,24889400.00,0.49,-0.26,-2.57,1.02,6.20,3.33,4.13,16.50
ITDJ,iShares LifePath Target Date 2070 ETF,Global,32.04,3924,3591,13474400.94,0.12,-0.10,-2.57,-0.67,7.60,8.07,8.55,23.10
ASHS,Xtrackers Harvest CSI 500 China A-Shares Small Cap ETF,Asia-Pacific,42.98,26382,19303,34195242.74,0.65,0.95,-2.58,-7.31,-2.54,17.56,9.98,48.52
FDIF,Fidelity Disruptors ETF,Global,38.15,9336,4937,104216810.59,0.50,-0.20,-2.58,0.29,10.90,5.65,5.76,16.10
LFEQ,VanEck Long/Flat Trend ETF,North America,58.51,1463,782,29354150.00,0.58,-0.33,-2.58,0.10,8.47,6.71,8.31,22.54
UAE,iShares MSCI UAE ETF,Middle East & Africa,18.51,542954,403771,300446153.55,0.59,-1.02,-2.58,-5.51,-1.96,-5.13,-3.94,-1.23
RAA,SMI 3Fourteen REAL Asset Allocation ETF,Global,29.67,99015,60451,593892520.00,0.90,-0.48,-2.58,-1.11,5.57,6.67,7.25,17.72
SPXE,ProShares S&P 500 Ex-Energy ETF,North America,79.34,1755,945,82583488.00,0.09,-0.29,-2.59,-0.23,9.66,6.62,7.10,22.45
QQQG,Pacer Nasdaq 100 Top 50 Cash Cows Growth Leaders ETF,North America,30.17,7146,12324,16454772.00,0.49,-0.97,-2.59,4.90,29.04,23.14,23.69,33.89
PFXF,VanEck Preferred Securities ex Financials ETF,North America,18.36,841887,1049437,2468164798.00,0.40,-0.43,-2.60,-2.08,1.77,3.32,3.90,8.57
VSLU,Applied Finance Valuation Large Cap ETF,North America,46.10,38509,45112,539721000.00,0.49,-0.06,-2.60,0.11,5.93,4.34,4.56,21.16
GLOF,iShares Global Equity Factor ETF,Global,58.22,4518,15394,207050437.85,0.20,-0.40,-2.60,-0.37,8.34,9.28,9.49,23.70
EZMO,AlphaDroid Broad Markets Momentum ETF,Global,25.75,864,6087,15329793.00,0.83,-0.90,-2.61,-3.66,-4.63,-2.35,-2.63,1.78
SPUC,Simplify US Equity PLUS Upside Convexity ETF,North America,48.66,18331,18183,94026673.84,0.53,-0.36,-2.61,-0.89,6.09,-3.60,3.89,14.10
SPLS,PIMCO US Stocks PLUS Active Bond Exchange-Traded Fund,Global,53.23,1926,4439,54519000.00,0.18,-0.39,-2.61,-0.20,9.17,6.47,6.47,6.47
ENHU,iShares Enhanced Large Cap Core Active ETF,North America,27.33,400,380,9316544.00,0.22,-0.24,-2.61,-0.06,8.65,7.71,8.15,9.53
VSGX,Vanguard ESG International Stock ETF,Global Ex-U.S.,80.09,130220,170288,6446790000.00,0.10,0.36,-2.61,-0.61,8.13,11.76,10.26,23.44
VWO,Vanguard FTSE Emerging Markets ETF,Emerging markets,58.45,10154817,8238842,118925162138.10,0.06,0.21,-2.62,-3.40,5.28,7.82,6.88,20.61
GRIN,VictoryShares International Free Cash Flow Growth ETF,Developed markets,31.17,56577,10390,272430617.68,0.56,-1.47,-2.62,-1.75,7.95,12.47,11.59,119.17
GFLW,VictoryShares Free Cash Flow Growth ETF,North America,31.58,109805,130321,771994068.86,0.39,-0.14,-2.62,2.91,15.35,9.47,11.05,22.55
FBUF,Fidelity Dynamic Buffered Equity ETF,Global,31.82,9147,9938,20737029.95,0.48,-0.31,-2.63,0.79,2.88,3.58,2.55,15.54
QEW,Invesco QQQ Equal Weight ETF,North America,28.89,19025,51638,20409472.87,0.25,-0.91,-2.63,3.55,15.38,15.38,15.38,15.38
GMOM,Cambria Global Momentum ETF,Global,36.16,4311,77165,67581461.53,1.01,-0.93,-2.63,-3.05,-1.12,8.27,7.28,23.89
FMCX,FM Focus Equity ETF,North America,36.14,42,1359,116358000.00,0.71,0.07,-2.63,-1.72,8.20,2.57,4.99,13.54
BCIL,Bancreek International Large Cap ETF,Developed markets,29.02,2100,3889,90425700.00,0.80,-0.51,-2.63,-6.02,6.71,4.04,3.37,-4.33
XDIV,Roundhill S&P 500 No Dividend Target ETF,North America,29.99,21815,20295,56240998.00,0.08,-0.33,-2.63,0.13,9.33,8.09,7.49,18.91
DWAW,AdvisorShares Dorsey Wright FSM All Cap World ETF,Global,49.75,862,1793,93207139.30,1.23,-0.19,-2.63,1.21,12.55,11.15,11.79,23.19
FLGR,Franklin FTSE Germany ETF,Europe,33.17,818,6383,38334100.00,0.09,-0.07,-2.63,-0.74,3.15,-0.71,-1.22,-0.94
SPD,Simplify US Equity PLUS Downside Convexity ETF,North America,40.74,15264,13947,105245440.87,0.53,-0.31,-2.63,0.12,7.18,2.67,3.40,9.75
OWN,Inside Ownership 100 ETF,North America,24.20,788,,3137615.00,0.49,0.17,-2.63,-2.63,-2.63,-2.63,-2.63,-2.63
EDOG,ALPS Emerging Sector Dividend Dogs ETF,Emerging markets,24.06,742,2187,28560000.00,0.60,0.72,-2.64,-4.49,-6.68,0.44,-0.71,8.08
CSM,ProShares Large Cap Core Plus,North America,84.56,6793,5436,509612866.00,0.45,-0.26,-2.65,0.09,8.42,6.16,5.74,23.57
HEFT,Hedgeye Fourth Turning ETF,Global,26.32,39047,32860,101852339.00,0.70,-0.85,-2.66,-1.86,-2.59,3.28,3.65,5.24
XYLG,Global X S&P 500 Covered Call & Growth ETF,North America,28.44,12538,18163,66282209.76,0.35,-0.66,-2.67,-0.21,4.07,-3.85,3.20,5.14
INFO,Harbor PanAgora Dynamic Large Cap Core ETF,North America,26.61,7362,29489,809727750.00,0.35,-0.63,-2.67,0.38,10.25,8.26,8.21,25.22
JUSA,JPMorgan U.S. Research Enhanced Large Cap ETF,North America,66.22,14353,213140,404613000.00,0.12,-0.15,-2.67,-0.21,8.42,6.94,7.31,21.80
GUSA,Goldman Sachs MarketBeta U.S. 1000 Equity ETF,North America,63.77,672,479,2312079681.24,0.10,-0.23,-2.67,0.21,8.83,7.26,7.79,22.54
MNZL,Manzil Russell Halal USA Broad Market ETF,North America,59.00,4188,3413,18972320.00,0.40,-0.53,-2.67,3.51,13.01,11.38,12.88,18.19
PIT,VanEck Commodity Strategy ETF,Global,71.12,52522,45564,270890250.00,0.55,-1.30,-2.68,-4.52,5.60,25.81,34.26,40.19
GDMA,Gadsden Dynamic Multi-Asset ETF,Global,41.00,2639,12936,202032000.00,0.75,-0.91,-2.68,-1.01,-0.46,5.24,5.24,21.63
FTWO,Strive Natural Resources and Security ETF,North America,43.27,7640,7317,75302402.00,0.49,-0.55,-2.68,-5.48,-7.62,8.66,6.00,24.81
BINT,Bluemonte Global Equity ETF,Global,31.84,48075,65687,394823725.99,0.23,-0.09,-2.69,-1.00,8.37,12.19,11.06,26.90
AZTD,Aztlan Global Stock Selection DM SMID ETF,Developed markets,31.46,28,69,35595787.50,0.75,-0.68,-2.69,-3.83,5.52,9.44,9.75,19.85
DAX,Global X DAX Germany ETF,Europe,44.68,41303,49532,245783442.34,0.20,-0.05,-2.69,-1.59,2.56,-1.14,-2.58,-0.05
ALLW,State Street Bridgewater All Weather ETF,Global,29.29,572719,838317,1492649643.90,0.85,-0.14,-2.69,-3.05,-1.11,1.70,5.85,14.82
EWA,iShares MSCI Australia Index Fund,Asia-Pacific,28.25,4279003,2288258,1397719120.20,0.50,0.64,-2.69,-4.63,-2.35,6.12,6.64,6.93
KRBN,KraneShares Global Carbon Strategy ETF,Global,32.40,14216,17541,135034610.08,0.90,-0.38,-2.69,2.71,10.64,-7.44,-9.13,9.26
MAPP,Harbor Multi-Asset Explorer ETF,Global,27.42,15,317,10996000.00,0.80,-0.32,-2.69,-2.26,2.09,1.82,4.50,14.36
IPOS,Renaissance Capital Greenwich Fund,Global Ex-U.S.,22.25,3390,4474,11115272.23,0.80,-2.20,-2.70,0.16,16.69,32.86,29.10,52.94
CMCI,VanEck CMCI Commodity Strategy ETF,Global,28.64,103,575,2883880.00,0.67,-0.79,-2.70,-1.79,4.17,9.05,19.62,14.50
ICVT,iShares Convertible Bond ETF,North America,117.37,1174993,845205,6985331080.00,0.20,-0.74,-2.70,0.22,13.07,17.16,18.51,32.61
MXI,iShares Global Materials ETF,Global,108.55,26305,32536,344896988.80,0.39,0.79,-2.70,-3.36,1.84,14.65,11.57,26.10
SEMG,Suncoast Select Growth ETF,North America,26.34,20692,7695,62624702.00,0.60,0.10,-2.71,-0.73,3.40,-3.21,-4.02,1.02
VEXC,Vanguard Emerging Markets Ex-China ETF,Emerging markets,92.43,26673,29616,230425000.00,0.07,0.08,-2.71,-1.50,9.94,17.43,14.39,20.70
AVIV,Avantis International Large Cap Value ETF,Developed markets,77.14,70107,261122,1760600448.00,0.25,-1.34,-2.71,-2.38,2.10,8.16,7.44,23.46
PDN,Invesco RAFI Developed Markets ex-U.S. Small-Mid ETF,Developed markets,45.24,7756,28884,350982000.00,0.47,-0.05,-2.71,-4.57,1.71,7.61,6.17,19.46
WAMA,WisdomTree US Adaptive Moving Average Fund,North America,25.90,926,7130,185103955.72,0.32,-0.39,-2.72,0.06,5.25,5.25,5.25,5.25
PTH,Invesco Dorsey Wright Healthcare Momentum ETF,North America,49.96,6970,10728,112596500.00,0.60,2.07,-2.72,-2.84,2.07,-4.45,0.00,26.49
USMC,Principal U.S. Mega-Cap ETF,North America,72.56,65590,108979,3427927828.81,0.12,-0.32,-2.72,0.80,7.88,6.20,5.58,19.26
FLOW,Global X U.S. Cash Flow Kings 100 ETF,North America,38.63,2400,919,28185648.61,0.25,-0.02,-2.72,4.57,8.83,5.14,7.33,22.98
SOCL,Global X Social Media ETF,Global,46.29,11978,9687,92676926.41,0.65,-1.03,-2.72,-2.63,-3.13,-16.63,-17.84,-7.41
ALRG,Allspring LT Large Core ETF,North America,29.52,202,309,7453947.06,0.28,-0.20,-2.72,-1.01,8.12,5.59,6.68,18.93
QQJN,Corgi Growth & Technology 15% Structured Buffer ETF - June Series,North America,24.46,202,,985376.00,0.30,-2.26,-2.73,-2.73,-2.73,-2.73,-2.73,-2.73
FORH,Formidable ETF,Global,24.64,5,903,19736000.00,1.19,-0.17,-2.73,-2.54,-2.06,-3.30,1.94,7.96
NZAC,State Street SPDR MSCI ACWI Climate Paris Aligned ETF,Global,45.11,7226,5530,190238668.20,0.12,-0.35,-2.73,-1.60,7.00,5.55,4.30,17.26
ESGV,Vanguard ESG U.S. Stock ETF,North America,130.12,179557,212096,13037145000.00,0.09,-0.34,-2.73,0.39,10.64,7.06,7.01,22.26
KNO,AXS Knowledge Leaders ETF,Developed markets,61.58,82,611,43279395.80,0.78,-0.15,-2.73,4.13,13.84,18.54,18.82,28.68
XLSR,State Street US Sector Rotation ETF,North America,64.35,59908,78653,982186385.08,0.70,-0.67,-2.73,-0.43,6.44,2.74,2.75,20.49
RISE,Pictet Emerging Markets Rising Economies ETF,Emerging markets,17.94,2,2698,20912415.00,0.73,0.66,-2.73,-8.30,-8.34,-8.34,-8.34,-8.34
MEMS,Matthews Emerging Markets Discovery Active ETF,Emerging markets,30.57,406,1761,21602160.00,0.89,1.61,-2.73,-4.43,12.53,17.86,19.24,20.27
FLCC,Federated Hermes MDT Large Cap Core ETF,North America,34.69,33895,16289,118954050.00,0.29,0.23,-2.74,0.13,8.59,5.26,7.09,17.69
ORO,Arrow Valtoro ETF,Global,18.90,12,203,3340750.00,1.25,-0.84,-2.74,-7.07,-1.74,4.25,3.34,-5.00
QQQJ,Invesco NASDAQ Next Gen 100 ETF,North America,43.73,207712,138652,1086804663.72,0.15,-0.02,-2.74,4.59,17.68,17.19,17.62,38.61
BKF,iShares MSCI BIC ETF,Emerging markets,39.34,33167,15418,79031194.00,0.72,0.33,-2.74,-8.49,-7.17,-10.87,-11.79,-4.42
MOTI,VanEck Morningstar International Moat ETF,Global Ex-U.S.,33.84,5156,108334,79583220.00,0.58,0.42,-2.75,-4.84,-5.57,-10.44,-8.87,-1.66
EDGX,Global X U.S. 500 Income Edge ETF,North America,26.35,10161,5841,3165504.00,0.00,-0.32,-2.75,-0.45,-3.49,4.59,4.59,4.59
OVF,Overlay Shares Foreign Equity ETF,Global Ex-U.S.,31.15,14428,12141,40460030.00,0.83,0.00,-2.75,-2.72,3.39,3.74,5.46,14.90
PSCU,Invesco S&P SmallCap Utilities & Communication Services ETF,North America,64.16,293,2038,17351010.00,0.29,-0.21,-2.76,-1.08,8.77,10.03,11.19,16.37
MAGC,Roundhill China Magnificent Seven ETF,Asia-Pacific,18.72,4042,7928,13270468.00,0.60,0.21,-2.77,-9.61,-11.13,-25.95,-23.74,-28.19
EWM,iShares MSCI Malaysia Index Fund,Asia-Pacific,27.71,247463,261680,349864419.68,0.50,-0.43,-2.77,-8.34,-3.88,3.71,1.28,14.27
IDMO,Invesco S&P International Developed Momentum ETF,Developed markets,57.93,416241,418549,3706320800.00,0.25,-0.53,-2.77,-4.30,2.21,3.34,3.23,14.31
YSEP,FT Vest International Equity Buffer ETF - September,Developed markets,27.16,5420,11105,123491604.28,0.90,-0.01,-2.77,-0.15,3.10,5.34,3.66,12.40
PCCE,Polen Capital China Growth ETF,Asia-Pacific,12.47,18,243,1547435.27,1.00,0.94,-2.77,-6.49,-2.88,-7.49,-7.22,-1.96
GVIP,Goldman Sachs Hedge Industry VIP ETF,North America,173.47,15017,14284,548562500.00,0.45,-1.09,-2.78,0.39,14.19,11.10,11.21,29.90
KOID,KraneShares Global Humanoid Robotics and Physical AI Index ETF,Global,40.89,192606,165789,251949441.84,0.69,-1.26,-2.78,2.66,21.05,30.18,26.59,61.68
KWEB,KraneShares CSI China Internet ETF,Asia-Pacific,26.20,19843762,29651680,5879847099.95,0.70,0.31,-2.78,-12.40,-14.77,-29.02,-25.78,-24.63
QRFT,QRAFT AI-Enhanced U.S. Large Cap ETF,North America,67.89,967,1822,15383318.37,0.75,-0.68,-2.78,0.01,10.01,8.49,8.15,23.14
IGGY,AB International Growth ETF,Global Ex-U.S.,28.06,12,82,4174668.22,0.55,0.25,-2.79,-0.96,1.50,-5.03,-6.46,-6.82
YMAR,FT Vest International Equity Moderate Buffer ETF - March,Developed markets,28.32,2291,30017,150468806.25,0.90,0.00,-2.80,-0.02,3.09,5.89,4.37,11.61
CPAI,Counterpoint Quantitative Equity ETF,North America,49.61,108448,53618,321343200.00,0.75,-0.04,-2.80,4.71,15.69,21.53,23.22,38.46
ISHP,First Trust S-Network E-Commerce ETF,Global,33.90,18,74,5078467.71,0.60,0.19,-2.80,-3.48,-2.33,-15.08,-13.98,-13.53
SPUT,Innovator Equity Premium Income - Daily PutWrite ETF,North America,27.92,1266,4117,16749360.00,0.79,-0.30,-2.80,-1.05,3.89,1.92,2.14,9.13
INTL,Main International ETF,Global Ex-U.S.,30.16,16912,23470,226051200.00,0.84,-0.10,-2.80,-2.71,4.65,6.80,6.76,18.28
HEMI,Hartford Equity Premium Income ETF,North America,41.06,2000,1107,32976240.00,0.49,-0.48,-2.81,-1.53,3.17,2.63,1.31,2.63
XVV,iShares ESG Select Screened S&P 500 ETF,North America,56.10,10774,58851,636716613.90,0.08,-0.37,-2.81,-0.43,8.57,6.05,5.87,21.45
EFNL,iShares MSCI Finland ETF,Europe,54.75,9737,88978,188760853.20,0.53,-1.21,-2.81,2.01,12.01,15.97,12.93,32.60
EDEN,iShares MSCI Denmark ETF,Europe,108.06,5526,11167,194251950.00,0.53,0.25,-2.81,-2.31,4.50,-5.68,-6.62,-8.62
NVYY,GraniteShares YieldBOOST NVDA ETF,North America,13.28,58622,116342,48847713.31,1.15,-0.03,-2.81,-5.58,-16.92,-34.60,-29.57,-50.41
ALTL,Pacer Lunt Large Cap Alternator ETF,North America,47.58,3127,4549,98343830.00,0.60,-0.75,-2.81,3.47,6.29,11.05,10.89,33.93
CDIG,City Different Investments Global Equity ETF,Global,25.58,13660,9643,44779248.00,0.75,-0.72,-2.82,-2.97,1.13,0.69,1.82,2.26
HAP,VanEck Natural Resources ETF,Global,69.90,19673,28665,327207015.00,0.41,-0.77,-2.82,-3.89,-1.41,15.50,15.31,36.34
RSPC,Invesco S&P 500 Equal Weight Communication Services ETF,North America,36.68,7935,18801,60780936.62,0.40,0.25,-2.82,-4.10,-4.33,-7.48,-7.68,-0.23
NDAA,Ned Davis Research 360 Dynamic Allocation ETF,Global,23.51,1048,1063,4476514.00,0.65,-0.30,-2.83,-1.69,5.40,6.02,6.16,18.40
WDAI,Pacer S&P World 3AI Top 300 ETF,Developed markets,26.54,1353,,1069868.00,0.60,-1.27,-2.83,1.64,3.16,3.16,3.16,3.16
IWL,iShares Russell Top 200 ETF,North America,182.85,67049,52967,2167042340.80,0.15,-0.45,-2.84,0.18,8.84,6.84,6.59,23.32
SROI,Calamos Antetokounmpo Global Sustainable Equities ETF,Global,36.43,3456,553,18214560.00,0.95,0.13,-2.84,-0.86,7.78,7.64,7.98,16.17
FDAT,Tactical Advantage ETF,North America,21.93,704,580,35413200.00,0.78,0.09,-2.84,-0.30,-1.39,-3.18,1.20,4.23
XDTE,Roundhill S&P 500 0DTE Covered Call Strategy ETF,North America,38.84,209529,197972,317354770.50,0.97,-0.22,-2.84,-1.73,1.24,-10.45,-2.72,-10.78
GXLC,Global X U.S. 500 ETF,North America,88.62,69,200,4448375.00,0.02,-0.39,-2.85,0.06,9.14,7.67,7.78,11.46
IBIM,iShares iBonds Oct 2036 Term TIPS ETF,North America,25.20,7222,12024,10048506.80,0.10,0.02,-2.85,-1.18,0.80,0.80,0.80,0.80
BTYB,VistaShares BitBonds 5 Yr Enhanced Weekly Distribution ETF,North America,23.43,431,2385,2580941.00,0.52,-0.18,-2.86,-5.49,-4.82,-6.64,-6.64,-6.64
ODTE,VegaShares SPX NDX RTY Premium Income ETF,North America,26.90,4937,4936,1617828.00,0.76,-0.32,-2.86,-0.49,7.08,7.08,7.08,7.08
AUGU,AllianzIM U.S. Equity Buffer15 Uncapped Aug ETF,North America,31.25,6347,7348,39199500.00,0.74,-0.36,-2.86,-0.07,7.11,5.60,5.93,19.34
DUBS,Aptus Large Cap Enhanced Yield ETF,North America,41.07,35791,20991,373617750.00,0.41,-0.36,-2.86,0.12,9.84,8.54,8.94,24.83
UBEW,Roundhill UBER WeeklyPay ETF,North America,27.44,4295,5912,3543553.00,0.99,0.40,-2.86,-11.74,-15.69,-34.47,-32.40,-46.48
PXH,Invesco RAFI Emerging Markets ETF,Emerging markets,28.45,238128,244414,1954521300.00,0.47,0.21,-2.87,-2.97,4.71,10.10,8.42,24.24
BBAX,JPMorgan BetaBuilders Developed Asia Pacific-ex Japan ETF,Asia-Pacific,59.66,462366,256419,6170239370.53,0.19,0.51,-2.87,-4.65,-3.01,5.61,4.80,10.17
AVSD,Avantis Responsible International Equity ETF,Developed markets,77.98,12304,13064,457383940.00,0.23,-1.27,-2.87,-2.35,2.91,5.32,4.17,15.86
PVEX,TrueShares ConVex Protect ETF,North America,30.23,1605,7097,57363768.00,0.82,-0.29,-2.87,-0.88,7.44,4.97,6.60,20.99
TGLB,T. Rowe Price Global Equity ETF,Global,28.49,194,570,22768322.40,0.46,-0.24,-2.87,1.40,11.91,7.00,8.91,13.29
SDCI,USCF SummerHaven Dynamic Commodity Strategy No K-1 Fund,Global,27.46,296220,201087,603598400.00,0.60,-0.76,-2.87,-2.52,6.23,18.31,24.37,28.08
SPYA,Twin Oak Endure ETF,North America,29.61,1293,282,130404511.00,0.49,-0.44,-2.88,-0.19,8.04,4.44,5.70,16.12
ADVE,Matthews Asia Dividend Active ETF,Asia-Pacific,45.48,1220,636,9006000.00,0.79,-0.05,-2.88,-3.79,6.63,15.76,13.76,29.64
IVVM,iShares Large Cap Moderate Quarterly Laddered ETF,North America,36.54,21316,20167,165488084.16,0.50,-0.25,-2.89,-0.56,5.47,4.53,4.68,13.81
QNXT,iShares Nasdaq-100 ex Top 30 ETF,North America,30.71,3148,1327,18599953.20,0.20,-0.98,-2.89,4.85,12.19,9.25,11.05,19.02
QPX,AdvisorShares Q Dynamic Growth ETF,North America,47.77,624,3957,32696440.00,1.74,-0.57,-2.89,-0.24,7.36,7.21,6.62,27.50
GGRW,Gabelli Growth Innovators ETF,North America,36.72,15,656,8444450.00,0.00,-0.06,-2.89,0.09,7.55,2.51,3.14,14.28
KRMA,Global X Conscious Companies ETF,North America,47.25,3258,2868,117235238.24,0.43,-0.40,-2.90,1.46,10.52,6.42,8.22,19.55
USCA,Xtrackers MSCI USA Climate Action Equity ETF,North America,43.51,708,34941,3170140318.71,0.07,-0.45,-2.90,-0.14,7.33,2.71,4.47,15.38
DBB,Invesco DB Base Metals Fund,Global,25.42,1001640,457591,392583726.36,0.75,-0.97,-2.90,0.36,4.27,13.53,10.23,36.45
VOXP,Vox Populi ETF,North America,38.08,96,34,5734275.00,0.30,-0.37,-2.91,-0.09,8.74,5.51,7.49,21.47
PDBC,Invesco Optimum Yield Diversified Commodity Strategy No K-1 ETF,Global,17.38,9241342,6465536,6082726944.00,0.59,-1.36,-2.91,-3.44,5.27,27.14,30.87,33.90
TPAY,Roundhill S&P 500 Target 10 Managed Distribution ETF,North America,53.28,3383,889,1603428.00,0.49,-0.38,-2.91,-0.85,7.39,4.68,4.68,4.68
DUKX,Ocean Park International ETF,Global Ex-U.S.,27.83,228,385,3613044.90,1.03,0.11,-2.92,-2.58,1.25,6.39,5.68,18.31
TMAR,FT Vest Emerging Markets Buffer ETF - March,Emerging markets,25.41,12030,6330,6354550.84,0.95,0.04,-2.92,-3.60,10.29,11.99,10.46,23.05
SXQG,ETC 6 Meridian Quality Growth ETF,North America,31.85,4666,1689,66330004.22,0.55,-0.50,-2.92,0.80,0.79,-3.72,-2.36,-1.12
CGGO,Capital Group Global Growth Equity ETF,Global,39.83,2015663,1237018,11017698369.11,0.47,0.08,-2.92,1.32,12.48,13.77,13.57,27.54
IVVB,iShares Large Cap Deep Quarterly Laddered ETF,North America,34.26,228392,32406,126281168.80,0.51,-0.27,-2.92,-0.03,3.77,2.11,2.97,11.48
MGC,Vanguard Mega Cap ETF,North America,270.31,162347,108778,9944541287.88,0.05,-0.50,-2.93,0.23,9.21,7.33,6.89,24.07
WCMG,First Trust WCM Global Equity ETF,Global,20.77,2407,,1033641.34,0.85,0.11,-2.93,1.26,4.10,4.10,4.10,4.10
XOVR,ERShares Private-Public Crossover ETF,North America,19.87,12384178,5275156,2209531250.00,1.81,-1.92,-2.93,4.97,12.77,-2.12,-2.21,8.46
UXJA,FT Vest U.S. Equity Uncapped Accelerator ETF - January,North America,37.36,105,1443,13132425.04,0.85,-0.48,-2.94,-0.25,10.36,7.84,8.88,25.53
FEUS,FlexShares ESG & Climate US Large Cap Core Index Fund,North America,80.05,4519,1768,114717772.50,0.09,-0.50,-2.94,0.16,10.36,7.14,7.24,21.02
ESPO,VanEck Video Gaming and eSports ETF,Global,87.83,21603,19831,238329540.00,0.55,-0.42,-2.94,-3.66,-5.63,-18.84,-16.47,-16.69
DINT,Davis Select International ETF,Global Ex-U.S.,28.69,10736,14911,281540719.61,0.66,-0.27,-2.94,-3.48,3.57,1.34,-1.34,12.60
LRGG,Nomura Focused Large Growth ETF,North America,27.80,13287,40161,237262500.00,0.45,0.21,-2.94,-1.63,3.15,-5.16,-6.62,-1.07
EWG,iShares MSCI Germany Index Fund,Europe,42.04,2291844,1346654,1475163144.00,0.49,-0.24,-2.95,-1.71,2.74,-0.43,-1.57,-0.47
BELT,iShares U.S. Select Equity Active ETF,North America,38.25,1417,2327,9568925.00,0.75,-0.14,-2.95,-3.90,11.54,11.87,12.49,21.11
VDV,Vanguard Developed Markets ex-US Value Index ETF,Developed markets,75.78,5446,6985,22683000.00,0.08,-0.21,-2.95,-1.33,0.62,0.62,0.62,0.62
FNDF,Schwab Fundamental International Equity ETF,Developed markets,52.88,1605857,1589503,23742114000.00,0.25,-0.32,-2.95,-0.30,7.79,18.59,15.38,34.11
FFGX,Fidelity Fundamental Global ex-U.S. ETF,Global Ex-U.S.,33.43,2463,4345,43190637.10,0.55,-0.17,-2.95,-2.21,6.34,10.20,8.20,17.43
ONOF,Global X Adaptive U.S. Risk Management ETF,North America,39.35,21771,18445,140838352.96,0.39,-0.51,-2.96,0.17,7.02,3.72,4.39,17.99
EMXF,iShares ESG Advanced MSCI EM ETF,Emerging markets,56.07,7320,6460,154311942.40,0.16,1.03,-2.96,-0.42,13.42,19.30,18.62,33.44
COAL,Range Global Coal Index ETF,Global,26.22,50600,64271,66685944.20,0.85,-2.02,-2.96,2.62,-0.68,14.75,13.51,51.82
HOLD,Harbor Alpha Layering ETF,Global,33.51,64,524,8492500.00,0.70,-1.36,-2.96,-0.42,5.16,1.92,9.54,-65.70
RHTX,RH Tactical Outlook ETF,Global,19.78,28,257,8019108.53,1.51,-0.49,-2.97,-2.86,2.08,5.26,5.50,20.69
CWB,State Street SPDR Bloomberg Convertible Securities ETF,North America,104.68,2305941,1057284,6173664293.80,0.40,-0.83,-2.98,-0.24,12.52,15.25,16.41,29.23
NANC,Unusual Whales Subversive Democratic Trading ETF,Global,48.68,34458,23484,270000120.00,0.72,-0.53,-2.99,0.72,10.09,5.94,5.85,20.88
ATFV,Alger 35 ETF,Global,38.72,49728,51383,178882500.00,0.56,-0.86,-2.99,0.69,16.51,9.96,9.74,37.92
AAVM,Alpha Architect Global Factor Equity ETF,Developed markets,33.59,1057,2978,25239525.00,0.38,-0.15,-2.99,-1.78,5.04,11.47,12.84,26.90
EPP,iShares MSCI Pacific Ex-Japan Index Fund,Asia-Pacific,53.40,597690,395485,2026313905.20,0.47,0.53,-3.00,-4.80,-2.32,4.28,4.52,7.73
QB,ProShares Nasdaq-100 Dynamic Buffer ETF,North America,45.33,36175,4418,2254620.00,0.58,0.17,-3.01,-2.09,4.26,6.95,7.07,13.14
FTRI,First Trust Indxx Global Natural Resources Income ETF,Global,16.60,150387,39727,129262283.36,0.70,-0.30,-3.01,-4.98,-8.06,8.75,5.15,18.79
UMMA,Wahed Dow Jones Islamic World ETF,Global Ex-U.S.,37.35,51372,50688,275745000.00,0.65,0.30,-3.01,3.21,16.54,27.13,24.09,42.94
QYLG,Global X Nasdaq 100 Covered Call & Growth ETF,North America,29.29,48732,39160,149069716.05,0.35,-1.11,-3.01,-0.54,8.25,-3.10,5.71,7.65
IWMW,iShares Russell 2000 BuyWrite ETF,North America,38.11,10682,12814,50247780.00,0.39,-0.02,-3.02,-0.75,0.72,-3.54,-2.33,-2.15
BCDF,Horizon Kinetics Blockchain Development ETF,Global,31.14,1061,2073,21591780.00,0.85,0.90,-3.02,-4.50,0.23,0.01,3.22,3.73
AFOS,ARS Focused Opportunity Strategy ETF,North America,43.39,5436,17639,287711492.00,0.45,-0.63,-3.02,0.39,14.97,26.09,23.72,72.52
PXF,Invesco RAFI Developed Markets ex-U.S. ETF,Developed markets,75.59,46228,92043,2852570500.00,0.43,-0.34,-3.02,-0.46,7.11,15.90,14.05,32.61
XLCI,State Street Communication Services Select Sector SPDR Premium Income ETF,North America,23.82,846,2693,2378868.80,0.35,0.47,-3.02,-4.21,-4.72,-4.80,-5.63,-4.23
DVYE,iShares Emerging Markets Dividend Index Fund Exchange Traded Fund,Emerging markets,33.39,1134078,212136,1251790193.65,0.50,0.48,-3.02,-6.05,-2.34,7.54,6.13,17.12
TSYY,GraniteShares YieldBOOST TSLA ETF,North America,23.35,83491,111131,88851262.50,1.15,-0.68,-3.03,-9.07,-25.92,-52.77,-46.84,-71.85
WTRE,WisdomTree New Economy Real Estate Fund,Global,25.52,6276,4146,16562000.00,0.58,0.08,-3.03,0.84,12.19,15.96,19.41,34.30
DVYA,iShares Asia / Pacific Dividend 30 Index Fund Exchange Traded Fund,Asia-Pacific,48.62,8531,4942,68124653.80,0.49,0.14,-3.03,-4.28,-1.34,8.43,8.31,27.14
SPWO,SP Funds S&P World (ex-US) ETF,Global Ex-U.S.,33.24,94127,59836,180952037.50,0.55,0.42,-3.03,0.18,13.91,22.39,20.43,39.04
AVNV,Avantis All International Markets Value ETF,Global Ex-U.S.,82.95,2530,7086,60240395.00,0.34,-0.33,-3.04,-2.47,3.84,10.89,9.90,26.54
SFY,SoFi Select 500 ETF,North America,146.31,24702,19927,654324474.92,0.05,-0.49,-3.04,0.95,11.65,9.82,9.80,28.55
YBST,GraniteShares YieldBoost Single Stock Universe ETF,Global,14.31,3160,2354,1875914.43,1.38,-0.82,-3.04,-8.26,-18.31,-43.03,-38.69,-43.03
FCVT,First Trust SSI Strategic Convertible Securities ETF,Global,51.66,56953,22513,116903353.91,0.95,-0.40,-3.05,1.33,14.31,18.34,19.11,36.05
AVDE,Avantis International Equity ETF,Developed markets,88.17,1812821,1099876,16673593820.00,0.23,-1.36,-3.05,-3.12,2.18,7.20,6.05,19.34
EMIF,iShares Emerging Markets Infrastructure ETF,Emerging markets,26.20,2681,3651,13077514.50,0.60,0.49,-3.05,-9.89,-8.82,-4.33,-1.30,11.49
XNTK,State Street SPDR NYSE Technology ETF,North America,359.18,71583,66292,2101508163.48,0.35,-1.82,-3.05,8.00,31.79,26.08,27.31,60.50
ZHDG,ZEGA Buy and Hedge ETF,North America,23.19,6120,2464,35016750.00,0.97,-0.49,-3.05,-0.56,3.99,0.22,3.34,11.85
PRMR,PeakShares RMR Prime Equity ETF,North America,26.69,8529,8092,67955800.00,1.05,-0.67,-3.05,3.13,9.47,6.80,6.93,6.42
PIEL,Pacer International Export Leaders ETF,Global Ex-U.S.,28.22,20,524,1108004.00,0.60,0.62,-3.06,1.74,10.19,11.22,7.58,11.22
EPRF,Innovator S&P Investment Grade Preferred ETF,North America,16.75,22290,12220,70359660.00,0.47,-0.18,-3.07,-2.33,-2.05,-6.48,-5.26,-4.29
JULU,AllianzIM U.S. Equity Buffer15 Uncapped Jul ETF,North America,31.55,240008,109266,64942360.00,0.74,-0.32,-3.07,-0.25,6.99,5.94,5.70,18.30
QFLR,Innovator Nasdaq-100 Managed Floor ETF,North America,35.34,55128,62125,512745120.00,0.89,-0.87,-3.07,-1.28,2.43,2.02,2.61,21.99
THNR,Amplify Weight Loss Drug & Treatment ETF,Developed markets,24.03,3999,1880,4062660.00,0.59,0.38,-3.07,-2.76,-3.89,-5.29,-5.96,3.75
RFEM,First Trust RiverFront Dynamic Emerging Markets ETF,Emerging markets,93.32,1183,3142,78084583.73,0.99,0.67,-3.07,-1.59,10.53,18.00,16.14,34.83
FNDE,Schwab Fundamental Emerging Markets Equity ETF,Emerging markets,40.15,1824429,877841,9332550000.00,0.39,-0.17,-3.07,-3.23,4.39,12.84,9.58,24.50
BKCG,BNY Mellon Concentrated Growth ETF,North America,37.25,3618,1612,117922884.48,0.50,-0.01,-3.08,-1.49,4.71,3.20,2.21,10.16
SDEM,Global X MSCI SuperDividend Emerging Markets ETF,Emerging markets,31.71,4004,3974,42894601.76,0.66,0.35,-3.08,-3.47,-1.52,6.88,4.31,19.93
RKSG,Ruk Strategic Growth ETF,North America,27.11,2,1835,2173000.00,0.50,-0.19,-3.08,-1.17,8.87,8.87,8.87,8.87
FDFF,Fidelity Disruptive Finance ETF,Global,32.31,661,3733,39886816.34,0.50,1.06,-3.09,-3.95,0.84,-9.37,-9.90,-15.02
USNZ,Xtrackers Net Zero Pathway Paris Aligned US Equity ETF,North America,46.56,257,8600,287733946.79,0.10,-0.48,-3.09,-0.01,10.50,6.51,7.89,22.85
FDNI,First Trust Dow Jones International Internet ETF,Global Ex-U.S.,26.83,3029,17868,43200054.00,0.65,-0.52,-3.09,-5.15,-8.23,-22.40,-22.04,-19.52
TMFE,Motley Fool Capital Efficiency 100 Index ETF,North America,29.27,15960,17562,81940880.00,0.50,0.06,-3.09,-1.22,2.55,-0.11,-0.08,4.64
RVER,Trenchless Fund ETF,North America,34.76,7249,7487,142380180.00,0.66,-1.08,-3.11,13.03,16.98,6.84,11.90,14.55
MJSC,MUFG Japan Small Cap Active ETF,Asia-Pacific,60.07,1016,1652,22646974.00,1.01,-0.12,-3.11,-0.87,7.10,18.78,19.54,19.59
GTEK,Goldman Sachs Future Tech Leaders Equity ETF,Global,57.59,22314,19261,234848000.00,0.75,-0.76,-3.12,5.86,37.31,42.01,41.56,66.51
GXUS,Goldman Sachs MarketBeta Total International Equity ETF,Global Ex-U.S.,61.85,763,605,615800543.05,0.18,-0.02,-3.12,-1.77,6.12,11.54,9.76,22.89
SPYC,Simplify US Equity PLUS Convexity ETF,North America,44.63,7607,13650,108608519.79,0.53,-0.34,-3.12,-0.41,7.86,3.70,4.55,12.14
XBI,State Street SPDR S&P Biotech ETF,North America,131.38,11868495,8462092,7860329746.50,0.35,2.30,-3.13,-1.86,3.72,7.68,7.45,54.49
SPXN,ProShares S&P 500 Ex-Financials ETF,North America,81.13,8088,2273,76369454.00,0.09,-0.58,-3.13,0.00,9.38,8.56,9.64,26.63
AAEQ,Alpha Architect US Equity 2 ETF,North America,52.49,492,685,492638638.30,0.09,-0.42,-3.14,-0.19,8.83,4.08,6.49,5.12
UGA,United States Gasoline Fund LP,Global,104.68,21103,50811,116699000.00,0.97,-1.14,-3.15,-8.02,19.95,65.50,71.33,74.03
SDTY,YieldMax S&P 500 0DTE Covered Call Strategy ETF,North America,41.61,31047,11195,28101532.50,1.08,-0.36,-3.15,-2.24,-0.06,-7.38,-6.21,-5.44
TLA,GraniteShares Autocallable TSLA ETF,North America,24.29,6430,2338,1951224.39,1.07,-0.82,-3.15,-3.57,-1.26,-3.27,-3.27,-3.27
DWLD,Davis Select Worldwide ETF,Global,46.67,5738,14248,574815443.42,0.62,-0.34,-3.16,-2.63,3.34,0.02,-2.24,14.47
BLUC,Bluemonte Large Cap Core ETF,Global,30.71,53166,42877,325677695.64,0.23,-0.52,-3.16,-0.20,9.07,6.70,6.66,22.30
LGH,HCM Defender 500 Index ETF,North America,62.69,43014,22928,573391000.00,1.00,-0.49,-3.17,-0.24,3.53,0.18,0.21,20.40
BGLD,FT Vest Gold Strategy Quarterly Buffer ETF,Global,16.78,14812,23006,49884533.82,0.91,-0.59,-3.17,-3.34,-7.70,-30.92,-2.44,-21.92
EMDV,ProShares MSCI Emerging Markets Dividend Growers ETF,Emerging markets,46.07,17,144,7252558.50,0.60,-0.24,-3.17,-3.71,-0.36,-2.19,-1.95,0.85
ARKT,ARK DIET Q4 Buffer ETF,Global,18.56,189,595,1866718.67,0.89,-0.56,-3.17,-1.53,1.38,-5.17,-1.81,-9.58
SPIT,F/m Emerald Special Situations ETF,North America,31.86,3808,4150,30057692.86,0.89,0.10,-3.18,0.90,16.50,20.33,21.48,20.56
GUNR,FlexShares Global Upstream Natural Resources Index Fund ETF,Global,52.01,419898,353590,7170459032.51,0.46,-0.71,-3.18,-4.20,-3.35,14.76,12.65,30.88
CVRT,Calamos Convertible Equity Alternative ETF,North America,50.27,12650,8116,27813550.57,0.69,-0.81,-3.18,-0.61,19.61,29.57,30.61,61.38
USCI,United States Commodity Index Fund ETV,Global,96.22,43328,24534,364027500.00,1.07,-0.82,-3.19,-2.44,6.04,22.31,24.41,32.30
COM,Direxion Auspice Broad Commodity Strategy ETF,Global,33.08,637309,211111,268008683.29,0.72,-0.45,-3.19,-3.73,-0.51,11.56,11.34,17.30
PEPS,Parametric Equity Plus ETF,North America,31.55,1074,314,26928031.68,0.10,-0.54,-3.19,1.15,8.01,6.47,7.07,25.35
XLY,State Street Consumer Discretionary Select Sector SPDR ETF,North America,115.87,8203595,8055500,22172228277.32,0.08,0.42,-3.19,-3.64,0.91,-3.22,-3.51,9.60
MOTO,Guinness Atkinson Smart Transportation & Technology ETF,Global,66.07,375,308,9935217.47,0.68,-0.45,-3.19,-0.71,17.75,20.91,21.72,44.99
SSUS,Day Hagan Smart Sector ETF,North America,54.07,86140,38470,575778300.00,0.77,-0.33,-3.20,1.18,10.98,9.81,10.44,24.70
USO,United States Oil Fund,Global,131.30,9321526,8575913,1964549683.40,0.60,-2.85,-3.21,-0.81,25.01,91.43,91.87,83.89
UIVM,VictoryShares International Value Momentum ETF,Developed markets,71.33,1774,1635,327174742.21,0.35,-0.97,-3.21,-2.35,3.69,12.54,9.44,25.93
QQHG,Invesco QQQ Hedged Advantage ETF,North America,64.99,897,467,13016668.08,0.45,-0.24,-3.21,0.26,8.26,6.87,8.28,22.62
GTOP,Goldman Sachs Technology Opportunities ETF,North America,47.56,8288,10292,727946906.40,0.65,-1.28,-3.21,5.02,24.58,19.18,18.85,19.15
GOOY,YieldMax GOOGL Option Income Strategy ETF,North America,13.85,446094,682242,292352220.00,1.14,0.22,-3.21,-10.65,1.61,-8.40,-5.65,10.80
MVPA,Miller Value Partners Appreciation ETF,Global,32.31,54,964,63384942.40,0.60,0.57,-3.22,-3.85,2.40,-6.36,-2.55,-4.59
AAUS,Alpha Architect US Equity ETF,North America,58.91,2572,1272,513389455.90,0.09,-0.42,-3.22,-0.08,8.58,5.96,6.90,17.28
QQA,Invesco QQQ Income Advantage ETF,North America,56.00,150383,120179,739420109.12,0.29,-1.11,-3.23,-0.57,6.89,3.90,4.69,13.91
XCNY,State Street SPDR S&P Emerging Markets ex-China ETF,Emerging markets,32.51,3200,554,9903933.60,0.19,0.42,-3.23,-1.57,11.01,15.22,14.05,27.02
DBC,Invesco DB Commodity Index Tracking Fund,Global,29.07,2689262,1451905,1836518381.04,0.84,-1.36,-3.23,-3.52,5.06,26.67,29.83,34.33
THIR,THOR Index Rotation ETF,North America,33.53,22836,55309,213363200.00,0.69,-0.74,-3.23,0.63,4.75,3.01,3.87,18.69
JIG,JPMorgan International Growth ETF,Global Ex-U.S.,81.72,68355,36214,454378500.00,0.55,-0.57,-3.23,-2.36,5.26,8.80,9.94,16.28
KTEC,KraneShares Hang Seng TECH Index ETF,Asia-Pacific,13.28,32449,95952,54497668.64,0.69,0.20,-3.23,-7.80,-7.61,-19.68,-18.50,-19.09
MFMO,Motley Fool Momentum Factor ETF,North America,23.56,11646,11661,11225950.00,0.50,-1.37,-3.24,0.78,18.40,18.69,18.22,17.63
QVOY,Q3 All-Season Active Rotation ETF,Global,30.30,8323,9013,59402800.00,1.10,-1.06,-3.24,3.01,6.64,4.98,11.88,18.86
NANR,State Street SPDR S&P North American Natural Resources ETF,North America,79.10,12809,29634,745520669.85,0.35,-1.21,-3.24,-4.15,-2.89,16.60,15.97,42.89
QTUM,Defiance Quantum ETF,Global,154.75,1739227,877959,5868409000.00,0.40,-1.90,-3.24,8.16,38.01,35.27,38.45,73.64
QEMM,State Street SPDR MSCI Emerging Markets StrategicFactors ETF,Emerging markets,78.70,1489,4938,55603074.80,0.30,0.63,-3.25,-2.27,11.44,19.79,17.37,28.38
VEGN,US Vegan Climate ETF,North America,75.94,5187,5344,178481182.50,0.60,-1.05,-3.25,6.93,27.69,23.96,23.94,40.50
PYZ,Invesco Dorsey Wright Basic Materials Momentum ETF,North America,127.00,1018,9229,80698240.00,0.60,0.75,-3.25,-1.24,3.34,17.45,14.29,37.00
CAML,Congress Large Cap Growth ETF,North America,39.17,40223,22403,378072776.00,0.65,-0.38,-3.26,0.18,6.21,1.06,1.98,11.09
EPU,iShares MSCI Peru and Global Exposure ETF,Latin America,82.50,353684,95906,480298646.30,0.59,5.53,-3.26,-0.24,-4.37,20.99,12.69,68.92
GTND,Goaltender ETF,North America,24.78,919,,54656049.00,0.46,-0.71,-3.26,-1.22,-1.22,-1.22,-1.22,-1.22
QJN,Corgi Growth & Technology 10% Structured Buffer ETF - June Series,North America,24.34,6000,,981812.00,0.30,-0.48,-3.26,-3.26,-3.26,-3.26,-3.26,-3.26
BCGD,Baron Global Durable Advantage ETF,Global,25.56,1757,3000,9534158.76,0.75,-1.06,-3.26,-2.74,3.27,2.20,0.00,2.20
SCHC,Schwab International Small-Cap Equity ETF,Developed markets,48.63,376384,356763,5351961000.00,0.08,0.00,-3.26,-5.09,1.08,8.52,5.83,18.55
EXUS,Nomura Focused International Core ETF,Global Ex-U.S.,26.92,4143,21332,78824000.00,0.59,-0.70,-3.27,-2.85,7.51,4.42,2.16,7.51
AMAX,Adaptive Hedged Multi-Asset Income ETF,Global,7.68,46753,63013,66066050.19,1.36,-0.39,-3.27,-4.95,-4.36,-4.36,-2.91,-1.66
EWX,State Street SPDR S&P Emerging Markets Small Cap ETF,Emerging markets,72.62,48813,20962,737348475.60,0.65,0.51,-3.28,-2.84,8.29,10.45,9.71,18.74
UXAP,FT Vest U.S. Equity Uncapped Accelerator ETF - April,North America,42.27,77,2279,8483484.83,0.85,-0.39,-3.28,0.09,10.41,7.69,8.91,25.10
RSBT,Return Stacked Bonds & Managed Futures ETF,Global,18.87,24315,44423,127011010.00,1.01,-1.46,-3.28,-2.63,-1.21,3.62,3.97,19.51
AAUA,Alpha Architect US Equity 3 ETF,North America,55.93,460,869,364365950.00,0.09,-0.21,-3.28,0.16,12.90,12.90,12.90,12.90
RGEF,Rockefeller Global Equity ETF,Global,33.79,1002,8733,801288150.00,0.55,-0.25,-3.28,-0.98,8.63,10.62,9.30,24.52
STRN,SMART Trend 25 ETF,North America,26.94,30802,9575,19148710.00,0.59,-1.41,-3.28,3.52,23.25,21.44,21.68,35.02
GPIQ,Goldman Sachs Nasdaq-100 Premium Income ETF,North America,57.01,2596964,1447865,4562712000.00,0.29,-1.06,-3.29,0.19,10.21,7.00,7.99,18.20
AIYY,YieldMax AI Option Income Strategy ETF,North America,9.98,57012,95286,29087922.10,0.99,0.81,-3.29,1.01,-8.10,-49.77,-42.41,-77.67
VSS,Vanguard FTSE All-Wld ex-US SmCp Idx ETF,Global Ex-U.S.,154.50,163849,322077,11474239026.98,0.06,0.05,-3.29,-4.56,2.68,7.08,6.76,18.39
XCOR,FundX ETF,Global,87.98,1100,1779,187741269.31,1.15,-0.52,-3.29,0.25,10.57,9.09,8.98,24.00
COMT,iShares GSCI Commodity Dynamic Roll Strategy ETF,Global,33.24,317832,532116,1246301190.00,0.48,-1.45,-3.29,-3.37,6.03,24.35,33.76,28.94
EQLT,iShares MSCI Emerging Markets Quality Factor ETF,Emerging markets,38.80,8783,4340,12144884.80,0.35,0.98,-3.29,-0.97,18.44,25.65,24.52,47.07
CHIQ,Global X MSCI China Consumer Discretionary ETF,Asia-Pacific,17.62,37142,41611,130106386.20,0.65,-1.18,-3.30,-12.34,-12.12,-18.62,-19.03,-18.73
PEXL,Pacer US Export Leaders ETF,North America,71.44,4019,2754,51661368.00,0.60,-0.46,-3.31,1.41,16.62,16.40,16.19,43.72
DLMY,FT Vest U.S. Equity Dual Directional Buffer ETF - May,North America,29.55,4194,,60743609.26,0.85,-0.22,-3.31,-1.50,-1.50,-1.50,-1.50,-1.50
HTUS,Hull Tactical US ETF,North America,42.93,23922,13594,150077941.32,0.96,-1.18,-3.31,-0.35,8.19,-2.80,8.58,11.12
OVL,Overlay Shares Large Cap Equity ETF,North America,56.11,94984,90303,273949675.00,0.79,-0.32,-3.31,-1.08,6.79,4.86,5.04,20.30
VAIE,VegaShares US Equity Autocallable Income ETF,North America,24.47,12358,,5646500.00,0.74,-0.32,-3.31,-1.99,-1.99,-1.99,-1.99,-1.99
CBTL,Calamos Laddered Bitcoin 80 Series Structured Alt Protection ETF,Global,17.59,543,3611,5298017.66,0.79,-0.56,-3.32,-6.81,-5.10,-18.62,-17.63,-28.22
QDVO,Amplify CWP Growth & Income ETF,North America,29.68,338974,298795,718896352.50,0.56,-0.57,-3.32,-1.07,6.00,0.88,1.47,10.46
JPFP,JPMorgan Managed Futures Plus ETF,Global,49.06,2272,,16110250.00,0.59,-1.12,-3.33,-2.34,-2.34,-2.34,-2.34,-2.34
NORW,Global X MSCI Norway ETF,Europe,36.83,148233,85152,139316585.32,0.50,-0.81,-3.33,-2.69,3.86,24.26,21.39,25.91
EYLD,Cambria Emerging Shareholder Yield ETF,Emerging markets,45.55,147114,165822,760939408.41,0.65,0.18,-3.34,-1.45,8.32,17.55,16.76,27.56
IVEP,Dan IVES Wedbush AI Power & Infrastructure ETF,Developed markets,26.92,32117,40873,19570347.18,0.75,-0.77,-3.34,-5.51,2.75,2.75,2.75,2.75
AIFD,TCW Artificial Intelligence ETF,Global,52.04,24806,25437,130629662.07,0.75,-1.93,-3.34,5.16,29.07,34.62,36.24,80.02
NATO,Themes Transatlantic Defense ETF,Global,39.12,31868,36329,96654280.00,0.35,0.69,-3.34,-0.03,-6.88,6.30,2.41,13.72
PRAE,PlanRock Alternative Growth ETF,Global,39.60,1471,92,443078179.38,1.49,-0.84,-3.35,-1.73,2.42,6.80,7.16,28.37
SMHX,VanEck Fabless Semiconductor ETF,North America,60.37,412499,141793,280521040.00,0.35,-2.74,-3.35,10.22,57.58,49.93,55.75,110.20
GLCR,GlacierShares Nasdaq Iceland ETF,Europe,23.64,979,888,1417824.00,0.95,0.36,-3.35,-11.84,-10.13,-10.92,-11.61,-9.29
LEGR,First Trust Indxx Innovative Transaction & Process ETF,Global,64.79,4804,3527,133451030.20,0.65,-0.45,-3.36,0.78,9.64,10.46,7.30,23.42
PWB,Invesco Large Cap Growth ETF,North America,155.78,114059,94250,2164630110.00,0.55,-0.51,-3.36,1.88,17.01,21.53,21.14,37.79
LOGO,Alpha Brands Consumption Leaders ETF,Global,20.65,523,1552,32962240.00,0.69,0.19,-3.36,-0.15,3.60,-3.38,-1.30,2.04
GOOP,Kurv Yield Premium Strategy Google (GOOGL) ETF,North America,41.99,21778,20730,30132000.00,0.99,0.24,-3.36,-10.20,15.13,5.73,6.81,63.44
EMQQ,EMQQ The Emerging Markets Internet ETF,Emerging markets,31.39,54912,59460,256682613.16,0.86,0.29,-3.36,-8.94,-9.25,-24.78,-23.87,-23.31
USCL,iShares Climate Conscious & Transition MSCI USA ETF,North America,82.65,162,36241,2540510654.40,0.08,-0.45,-3.36,-0.22,7.17,3.18,4.35,15.05
CLSM,ETC Cabana Target Leading Sector Moderate ETF,Global,26.86,2639,9962,94325781.69,0.82,-0.82,-3.37,0.23,13.08,14.06,14.95,27.85
SFTX,Horizon International Managed Risk ETF,Global,30.13,28257,220369,487660500.00,0.82,-0.62,-3.37,-2.07,9.21,17.56,15.31,19.02
DWUS,AdvisorShares Dorsey Wright FSM US Core ETF,North America,59.39,168,1224,126482229.85,1.23,-1.20,-3.38,0.44,11.61,7.98,8.96,19.66
CSNR,Cohen & Steers Natural Resources Active ETF,Global,35.63,12246,28959,107146349.42,0.50,-1.09,-3.39,-2.94,-1.38,16.42,14.61,36.16
SPXV,ProShares S&P 500 Ex-Health Care ETF,North America,81.06,2591,1012,38965968.00,0.09,-0.49,-3.39,-0.75,9.26,8.19,8.80,23.35
LDEM,iShares ESG MSCI EM Leaders ETF,Emerging markets,59.73,1422,1374,32656487.05,0.16,0.42,-3.39,-6.47,0.53,0.86,0.48,13.42
NJUN,Innovator Growth-100 Power Buffer ETF - June,North America,32.19,178604,123635,139863580.00,0.79,-0.46,-3.39,-1.68,1.51,2.73,2.03,11.00
OTGL,OTG Latin America ETF,Latin America,10.39,10345,3734,27004639.83,0.95,1.37,-3.39,-6.27,-3.84,3.21,2.62,15.33
BUFB,Innovator Laddered Allocation Buffer ETF,North America,38.76,92895,55932,310800000.00,0.89,-0.16,-3.40,-0.03,5.75,6.80,5.70,17.45
INFL,Horizon Kinetics Inflation Beneficiaries ETF,Global,50.16,685198,365564,1541762670.00,0.85,-0.83,-3.41,-4.53,-4.80,11.74,12.24,18.16
BGIA,Baillie Gifford International Alpha ETF,Global Ex-U.S.,24.34,22,,,0.59,-0.07,-3.41,-3.41,-3.41,-3.41,-3.41,-3.41
CMDT,PIMCO Commodity Strategy Active Exchange-Traded Fund,Global,32.77,46147,82105,795360000.00,0.65,-1.24,-3.42,-2.69,4.23,18.09,19.29,25.70
CANQ,Calamos Nasdaq Equity & Income ETF,North America,30.34,623,3546,24568030.71,0.94,-0.56,-3.42,-2.05,4.53,-0.33,1.61,6.97
XLC,State Street Communication Services Select Sector SPDR ETF,North America,111.48,6589252,5389468,23912246622.45,0.08,0.35,-3.42,-4.73,-5.09,-4.60,-5.65,7.11
DADS,Digital Asset Debt Strategy ETF,Global,21.06,1777,1865,9494100.00,1.04,-0.15,-3.42,0.26,9.54,4.30,8.97,5.80
RWLC,Rayliant Wilshire NxtGen US Large Cap Equity ETF,North America,36.09,11920,8410,70526475.68,0.32,-2.17,-3.43,0.42,8.70,-7.01,8.05,2.50
FCFY,First Trust S&P 500 Diversified Free Cash Flow ETF,North America,27.96,15,106,1398605.94,0.60,-0.08,-3.43,3.02,8.85,-0.86,0.71,14.90
QSIX,Pacer Metaurus Nasdaq 100 Dividend Multiplier 600 ETF,North America,42.17,4144,1842,19196460.00,0.60,-1.11,-3.43,0.55,13.98,10.31,11.42,25.18
GRNJ,Fundstrat Granny Shots US Small- & Mid-Cap ETF,North America,30.73,197170,160021,480212418.00,0.75,-0.58,-3.43,1.02,19.11,14.58,18.56,27.51
DCMT,DoubleLine Commodity Strategy ETF,Global,33.61,3053,5114,38203234.11,0.66,-1.34,-3.44,-2.91,7.09,23.69,29.15,29.25
CERY,State Street SPDR Bloomberg Enhanced Roll Yield Commodity Strategy No K-1 ETF,Global,35.64,286522,121934,1029181534.43,0.28,-1.30,-3.44,-3.41,3.97,19.64,23.84,30.87
GSGO,Goldman Sachs Growth Opportunities ETF,North America,43.48,4525,5032,171087757.22,0.45,-1.01,-3.44,1.68,12.77,8.82,8.17,9.14
BFXU,FT Vest Laddered U.S. Equity Uncapped Accelerator ETF,North America,22.77,356,616,1143945.76,0.95,-0.51,-3.44,0.34,9.99,9.99,9.99,9.99
LCF,Touchstone US Large Cap Focused ETF,North America,43.23,3077,7630,65010000.00,0.56,-0.29,-3.44,-1.88,5.72,2.39,2.42,15.87
WDTE,Defiance S&P 500 Weekly Distribution ETF,North America,30.05,63256,22544,65422498.33,1.03,-0.40,-3.44,-2.91,0.54,-6.82,-5.35,-11.23
LIFT,LifeX 2028 Income Bucket ETF,North America,24.16,17,754,2244387.60,0.25,0.02,-3.45,-3.15,-9.03,-16.36,-16.76,-22.38
PCGG,Polen Capital Global Growth ETF,Global,10.93,356,3474,6709650.00,0.85,0.21,-3.45,-0.55,1.39,-8.15,-8.69,-8.57
AMOM,QRAFT AI-Enhanced U.S. Large Cap Momentum ETF,North America,57.93,7827,4469,32428058.96,0.75,-1.66,-3.45,0.52,16.09,18.30,17.24,32.53
FRTY,Alger Mid Cap 40 ETF,North America,22.41,16740,23311,139930312.50,0.60,-1.15,-3.45,2.52,12.22,4.43,5.36,22.58
HIS,Humilis US Focused Opportunities ETF,North America,25.03,62572,,16371550.00,0.54,-0.62,-3.45,0.22,0.22,0.22,0.22,0.22
PFDE,Pathfinder Disciplined US Equity ETF,North America,27.19,15674,27960,136696347.00,0.59,-0.38,-3.45,-0.19,10.57,8.10,9.10,8.10
NVDY,YieldMax NVDA Option Income Strategy ETF,North America,13.16,4413002,3562296,1442204467.50,1.09,-0.23,-3.45,-6.00,-5.05,-8.80,-10.29,-18.87
UXOC,FT Vest U.S. Equity Uncapped Accelerator ETF - October,North America,38.50,1160,3040,21265827.33,0.85,-0.39,-3.45,-0.17,10.29,8.02,8.49,24.20
FOWF,Pacer Solactive Whitney Future of Warfare ETF,Developed markets,33.69,1604,2826,15153345.00,0.49,0.19,-3.46,1.23,-0.91,9.15,7.99,19.31
LDRX,SGI Enhanced Market Leaders ETF,North America,35.05,3504,5295,241056234.20,0.59,-0.65,-3.46,-1.32,9.13,5.71,6.87,23.68
QQQI,NEOS Nasdaq 100 High Income ETF,North America,55.22,14287522,6475282,12273297309.00,0.68,-1.06,-3.46,-1.37,5.02,0.58,1.81,7.94
NRES,Xtrackers RREEF Global Natural Resources ETF,Global,32.63,211,774,36460613.00,0.45,-0.77,-3.46,-4.84,-4.84,11.38,10.74,29.12
TPFC,Timothy Plan Free Cash Flow ETF,North America,25.40,1379,,40148415.42,0.59,-0.38,-3.47,2.83,0.99,0.99,0.99,0.99
UXJL,FT Vest U.S. Equity Uncapped Accelerator ETF - July,North America,35.73,1348,1555,5384921.80,0.85,-0.36,-3.47,-0.07,10.53,7.65,8.85,17.86
EEMV,iShares MSCI Emerging Markets Min Vol Factor ETF,Emerging markets,73.07,333488,226026,3552862208.00,0.25,0.59,-3.47,0.19,11.18,13.01,12.95,17.99
PSP,Invesco Global Listed Private Equity ETF,Global,58.57,13354,52639,256603221.62,1.80,1.49,-3.48,-4.72,2.06,-14.45,-12.93,-13.65
BGCG,Baillie Gifford International Concentrated Growth ETF,Global Ex-U.S.,25.43,6789,,,0.72,0.20,-3.49,-3.49,-3.49,-3.49,-3.49,-3.49
JFLI,JPMorgan Flexible Income ETF,Global,53.06,4581,5919,45092500.00,0.35,-0.17,-3.50,-0.43,2.86,3.10,4.37,9.96
EMMY,Corgi Emerging Markets Equities 15% Structured Buffer ETF - May Series,Emerging markets,24.24,9929,,4614682.00,0.30,-0.02,-3.51,-3.85,-5.61,-5.61,-5.61,-5.61
QMOM,Alpha Architect U.S. Quantitative Momentum ETF,North America,76.46,17299,29373,452848500.00,0.28,-1.18,-3.51,-2.97,9.95,15.50,16.43,20.58
ZSC,USCF Sustainable Commodity Strategy Fund,Global,29.80,107,289,2974900.00,0.59,-0.55,-3.51,-3.53,1.97,9.38,6.76,26.95
CGV,Conductor Global Equity Value ETF,Global,15.75,9908,26326,130262804.10,1.25,-0.33,-3.55,-6.52,-0.19,6.06,6.42,16.24
FDTS,First Trust Developed Markets ex-US Small Cap AlphaDEX Fund,Developed markets,66.24,1857,1982,13177131.77,0.80,-0.50,-3.56,-8.50,-0.77,13.65,12.43,35.25
CGNG,Capital Group New Geography Equity ETF,Global,35.53,1012196,755530,2426305588.81,0.64,0.20,-3.56,-2.18,8.22,11.27,9.46,26.85
DARP,Grizzle Growth ETF,Global,56.03,11509,11541,31416660.00,0.75,-1.84,-3.57,-1.65,11.72,23.16,20.85,66.50
TRUC,VanEck Communication Services TruSector ETF,North America,25.72,86581,57488,49465514.00,0.14,0.18,-3.57,-6.08,-0.31,2.34,2.34,2.34
OEF,iShares S&P 100 Fund,North America,363.62,481529,354223,20029725403.30,0.20,-0.80,-3.58,-0.44,8.84,5.75,5.51,23.95
NMBL,NovaTide Flexible Allocation ETF,Global,20.31,739,5141,20961205.48,1.99,-0.53,-3.58,-3.74,1.65,0.42,1.91,62.61
PBFR,PGIM Laddered S&P 500 Buffer 20 ETF,North America,30.38,24567,54970,167946100.00,0.50,-0.10,-3.59,-0.46,3.93,4.44,3.69,11.77
GOOW,Roundhill GOOGL WeeklyPay ETF,North America,71.03,27420,37603,87694412.00,1.00,0.37,-3.59,-13.42,10.77,-4.80,-1.13,36.59
HGER,Harbor All-Weather Inflation Focus ETF,Global,30.61,758075,1036781,3222714250.00,0.68,-1.13,-3.59,-5.17,0.76,15.51,23.38,26.49
DSTX,Distillate International Fundamental Stability & Value ETF,Global Ex-U.S.,33.08,1480,2485,48046765.00,0.55,-0.50,-3.60,-3.88,0.59,3.71,3.67,19.48
BIGY,YieldMax Target 12 Big 50 Option Income ETF,North America,52.09,10099,12528,36637930.00,1.09,-0.44,-3.60,-1.08,3.93,-1.25,-1.36,8.37
IQM,Franklin Intelligent Machines ETF,Global,112.19,3702,3785,85188000.00,0.50,-1.45,-3.62,0.48,20.93,24.75,26.27,60.34
DGS,WisdomTree Emerging Market SmallCap Fund,Emerging markets,63.44,64278,46004,1747980800.00,0.58,0.73,-3.62,-3.25,3.78,11.75,10.08,17.26
TFGZ,Thornburg Focus Growth Fund,North America,35.07,2,3156,5593792.00,0.79,0.34,-3.63,-1.53,15.17,15.17,15.17,15.17
XAR,State Street SPDR S&P Aerospace & Defense ETF,North America,273.38,246427,224398,6097681674.25,0.35,0.84,-3.63,2.88,-1.06,17.19,12.58,35.83
GRN,iPath Series B Carbon Exchange-Traded Notes,Global,30.22,2001,862,11375195.57,0.75,-0.86,-3.63,1.74,7.08,-10.13,-12.54,3.75
CBXJ,Calamos Bitcoin 90 Series Structured Alt Protection ETF - January,Global,20.13,6120,10753,19332520.35,0.69,-0.51,-3.63,-7.27,-3.73,-15.91,-11.94,-23.28
QXQ,SGI Enhanced Nasdaq-100 ETF,North America,31.51,9364,8886,90498020.00,0.98,-1.27,-3.63,0.74,16.28,-1.99,14.13,15.13
ACGO,Hartford Alpha Capture Growth ETF,North America,38.00,5111,,28677563.24,0.42,-0.60,-3.63,-3.63,-3.63,-3.63,-3.63,-3.63
CRTC,Xtrackers US National Critical Technologies ETF,Developed markets,38.38,3815,9069,126971008.59,0.35,-0.73,-3.64,0.52,4.12,4.46,3.84,16.48
SLX,VanEck Steel ETF,Global,106.41,70427,67047,234433980.00,0.55,0.07,-3.64,-0.74,14.75,26.84,24.14,62.86
UPSD,Aptus Large Cap Upside ETF,North America,27.59,20306,15645,109628512.50,0.79,-0.05,-3.64,-0.44,0.87,3.62,3.24,15.23
FBYY,GraniteShares YieldBOOST META ETF,North America,12.67,245,983,379812.66,1.07,0.13,-3.65,-3.06,-23.22,-38.49,-36.68,-49.18
ROCQ,JPMorgan Nasdaq Equity Premium Yield ETF,North America,55.38,151959,221818,325384500.00,0.35,-0.84,-3.65,-1.00,11.46,11.46,11.46,11.46
CGRO,CoreValues Alpha Greater China Growth ETF,Asia-Pacific,21.82,4698,1875,2190820.00,0.89,-0.55,-3.66,-10.54,-11.66,-21.53,-20.29,-17.30
HQGO,Hartford US Quality Growth ETF,North America,64.26,14,111,49999667.50,0.34,-0.39,-3.66,0.59,9.32,5.06,7.08,21.14
JGRO,JPMorgan Active Growth ETF,North America,95.03,1044358,602740,9669940000.00,0.44,-0.58,-3.67,-1.41,7.77,0.89,1.58,15.15
GROZ,Zacks Focus Growth ETF,North America,31.36,28998,34446,94500000.00,0.55,-0.41,-3.67,-0.87,8.03,4.79,4.17,24.07
MUYY,GraniteShares YieldBOOST MU ETF,North America,24.17,53466,45790,11359924.17,1.07,-0.10,-3.67,-7.11,-3.71,-3.71,-3.71,-3.71
FWD,AB Disruptors ETF,Global,136.49,313046,249830,2943850582.19,0.65,-0.73,-3.67,2.34,20.72,27.70,28.74,62.60
GINN,Goldman Sachs Innovate Equity ETF,Global,77.08,6607,3432,205587000.00,0.50,-0.53,-3.67,0.48,8.56,2.83,4.54,18.31
NVIT,YieldMax NVDA Performance & Distribution Target 25 ETF,North America,50.00,5757,5687,11361195.00,1.08,-0.90,-3.67,-4.04,1.74,2.83,-0.66,1.10
ARP,PMV Adaptive Risk Parity ETF,Global,32.34,4307,8219,66612085.00,1.42,-0.96,-3.68,-2.88,-0.78,1.04,6.70,15.58
IOO,iShares Global 100 ETF,Global,138.01,774324,245497,8691086166.00,0.40,-0.68,-3.68,-0.92,9.95,8.43,8.18,31.36
NUMG,Nuveen ESG Mid-Cap Growth ETF,North America,45.51,9000,21598,362949022.94,0.31,-0.24,-3.68,-1.79,5.67,-5.74,-5.31,-5.70
TOGA,Managed Portfolio Series Tremblant Global ETF,Global,29.53,406,7498,168107000.00,0.69,1.01,-3.69,1.23,0.47,-13.94,-13.49,-12.17
MFSG,MFS Active Growth ETF,Global,29.48,67282,140135,340054896.50,0.49,-0.41,-3.69,-1.24,9.14,3.88,3.37,15.61
CCSO,Carbon Collective Climate Solutions U.S. Equity ETF,North America,27.92,2841,4178,47038690.00,0.35,-0.62,-3.69,-2.55,4.89,10.91,12.27,26.05
EAPR,Innovator Emerging Markets Power Buffer ETF April,Emerging markets,32.13,16823,15622,98861250.00,0.89,-0.33,-3.69,-3.05,6.78,8.62,7.71,16.88
RILA,Indexperts Gorilla Aggressive Growth ETF,North America,11.82,3902,4168,42964784.74,0.50,-0.11,-3.69,2.84,6.94,1.00,1.34,9.21
IFV,First Trust Dorsey Wright International Focus 5 ETF,Global Ex-U.S.,27.06,62995,43372,247507554.10,1.14,0.18,-3.69,-3.03,4.17,9.88,8.08,21.20
STXG,Strive 1000 Growth ETF,North America,54.16,4834,6140,147071160.00,0.18,-0.96,-3.70,-0.44,9.70,6.13,5.84,22.40
IVVW,iShares S&P 500 BuyWrite ETF,North America,43.72,85910,50366,289508488.00,0.25,-0.21,-3.70,-1.71,-2.34,-4.04,-4.06,-2.54
TRUD,VanEck Consumer Discretionary TruSector ETF,North America,25.67,51358,58673,34584840.00,0.16,0.12,-3.70,-5.58,2.77,-2.24,-2.27,4.40
EPIN,Harbor International Equity ETF,Developed markets,27.36,2181,473,7449750.00,0.80,0.30,-3.71,3.02,14.36,24.41,14.23,35.86
WLDR,Simplify Affinity World Leaders Equity ETF,Developed markets,44.57,5810,9752,82880000.00,0.67,-0.53,-3.72,4.82,17.25,16.04,23.81,38.80
CVNY,YieldMax CVNA Option Income Strategy ETF,North America,23.13,51216,46500,25434090.00,1.09,-0.44,-3.72,-16.84,-11.19,-44.94,-37.16,-48.61
COMD,Global X Commodity Strategy ETF,Global,27.26,141,1691,3310404.00,0.55,-1.16,-3.72,-4.26,2.20,9.55,9.55,9.55
BTCK,7RCC Spot Bitcoin and Carbon Credit Futures ETF,Global,23.88,21158,,1448868.00,0.44,-2.55,-3.73,-3.73,-3.73,-3.73,-3.73,-3.73
TDI,Touchstone Dynamic International ETF,Global Ex-U.S.,44.17,204293,104612,331809992.08,0.65,-0.34,-3.73,-1.92,5.61,13.45,12.84,32.38
EZA,iShares MSCI South Africa Index Fund,Middle East & Africa,65.09,105016,227735,622832064.00,0.59,0.40,-3.73,-8.85,-7.71,-4.64,-6.13,20.14
ENOR,iShares MSCI Norway ETF,Europe,35.75,40213,93754,91825579.05,0.53,-0.94,-3.74,-2.62,5.02,26.33,22.68,27.27
DALI,First Trust Dorsey Wright DALI Equity ETF,Global,29.78,8337,5546,110422859.69,0.91,-0.16,-3.75,-4.31,4.63,2.58,2.98,15.64
AIPI,REX AI Equity Premium Income ETF,North America,37.74,216619,192651,424085000.00,0.65,-1.23,-3.75,2.72,3.48,-10.51,-6.45,-11.18
XT,iShares Future Exponential Technologies ETF,Global,80.44,95560,166251,3881190827.80,0.46,-0.33,-3.75,2.28,13.84,6.35,14.13,27.22
RULE,Adaptive Core ETF,Global,30.97,574,1115,15768223.33,1.84,-1.71,-3.75,3.92,25.63,33.65,33.01,41.40
SPBC,Simplify US Equity PLUS Bitcoin Strategy ETF,Global,46.73,1902,2229,43453771.98,0.59,-0.47,-3.76,-2.37,7.34,4.04,4.16,16.43
TPRY,VistaShares Target 15 TEPRTantrum Contrarian Distribution ETF,North America,19.55,2132,3425,2941425.00,0.95,-0.24,-3.77,-5.63,3.68,-1.39,-1.39,-1.39
AMYY,GraniteShares YieldBOOST AMD ETF,North America,15.76,32123,22286,8553615.84,1.07,-0.59,-3.78,-4.65,-3.48,-32.18,-30.04,-36.88
SPUS,SP Funds S&P 500 Sharia Industry Exclusions ETF,North America,56.51,1030251,514976,2707323407.50,0.45,-0.82,-3.78,1.22,11.99,9.60,9.83,32.34
FBOT,Fidelity Disruptive Automation ETF,Global,38.17,23460,26805,203220626.50,0.50,-1.03,-3.78,-4.19,8.25,13.91,13.06,30.23
MTRA,Invesco International Growth Focus ETF,Global Ex-U.S.,26.08,650,6087,151757347.15,0.54,0.06,-3.78,-1.26,4.52,-0.32,-1.26,2.95
EDGH,3EDGE Dynamic Hard Assets ETF,Global,32.99,15968,49055,155037522.51,1.01,-1.03,-3.79,-6.29,-5.65,8.41,7.42,24.54
ACKY,VistaShares Target 15 ACKtivist Distribution ETF,North America,17.86,12480,35309,45590375.00,0.95,0.67,-3.80,-7.05,-2.48,-10.59,-9.82,-10.01
FCUS,Pinnacle Focused Opportunities ETF,North America,42.84,12754,30681,89835510.00,0.80,-2.65,-3.81,-0.37,16.74,28.16,33.89,70.83
SEMI,I Columbia Seligman Semiconductor and Technology ETF,North America,37.90,5643,19330,36268625.00,0.75,-0.65,-3.81,3.52,23.13,16.19,22.14,44.77
JHAI,Janus Henderson Global Artificial Intelligence ETF,Global,33.62,12654,7322,24596045.50,0.59,-0.90,-3.81,3.63,22.83,21.59,21.47,36.55
BLCR,iShares Large Cap Core Active ETF,Global,48.87,942138,799155,6014177026.00,0.36,-0.06,-3.82,-0.83,14.75,14.61,14.18,40.58
XDEF,Xtrackers Europe Defense Technologies ETF,Europe,21.66,377,1345,4334221.67,0.35,-0.33,-3.82,-2.08,-9.29,-12.32,-12.32,-12.32
FDCF,Fidelity Disruptive Communications ETF,Global,48.92,8559,9525,103710631.18,0.50,-0.67,-3.83,-0.99,7.90,1.73,0.66,16.34
WDGF,WisdomTree Global Defense Fund,Global,31.34,205560,8743,11734804.05,0.45,-0.00,-3.84,-2.37,-10.64,4.78,0.79,2.02
LRGE,ClearBridge Large Cap Growth Select ETF,North America,84.34,21416,14347,433706918.21,0.48,-0.56,-3.84,-0.62,6.18,3.55,1.50,9.27
IDGT,iShares U.S. Digital Infrastructure and Real Estate ETF,North America,123.42,50638,79991,450903726.00,0.39,-1.52,-3.84,3.11,25.98,39.66,44.21,51.66
XPND,First Trust Expanded Technology ETF,North America,39.46,2163,2356,42078830.15,0.65,-1.52,-3.85,2.89,14.81,7.93,9.92,22.26
OBOR,KraneShares MSCI One Belt One Road Index ETF,Global,26.28,1532,722,3985186.25,0.79,0.22,-3.86,-7.61,-8.44,0.22,-1.80,13.02
RND,First Trust Bloomberg R&D Leaders ETF,North America,31.25,250,629,4723112.97,0.60,-0.68,-3.88,-1.05,8.01,2.92,1.85,21.25
NBGX,Neuberger Growth ETF,Global,28.90,216,359,14474328.95,0.44,-0.14,-3.88,-1.21,8.15,1.75,3.54,14.36
BCHP,Principal Focused Blue Chip ETF,Global,36.88,20399,24294,220130366.57,0.58,0.68,-3.88,-2.54,7.23,-2.18,-2.05,2.56
BOTT,Themes Humanoid Robotics ETF,Global,51.59,24373,35430,62871358.00,0.35,-2.17,-3.89,-5.94,-3.79,26.57,18.24,75.52
TIME,Clockwise U.S. Core Equity ETF,North America,26.20,30345,5397,13888245.00,0.96,-0.96,-3.89,-1.91,9.21,4.43,5.18,7.20
FLTW,Franklin FTSE Taiwan ETF,Asia-Pacific,99.15,615070,930168,2674485000.00,0.19,0.77,-3.89,7.72,42.89,61.01,60.72,99.86
FLN,First Trust Latin America AlphaDEX Fund,Latin America,24.55,4953,14587,33923448.46,0.80,1.31,-3.89,-9.86,-3.32,7.05,7.33,26.21
INYY,YieldMax INTC Option Income Strategy ETF,North America,49.90,3573,,2549235.00,0.99,-2.21,-3.90,-3.90,-3.90,-3.90,-3.90,-3.90
NBCM,Neuberger Berman Commodity Strategy ETF,Global,28.18,29332,60741,426352108.54,0.65,-1.04,-3.91,-4.50,2.37,15.22,24.05,26.43
EMSF,Matthews Emerging Markets Sustainable Future Active ETF,Emerging markets,38.95,2586,6617,43995550.00,0.79,0.60,-3.91,-3.56,20.16,29.11,34.14,45.57
ILCG,iShares Morningstar Large-Cap Growth ETF,North America,114.13,154009,90021,3146066986.20,0.04,-0.61,-3.91,0.09,12.60,9.55,8.71,22.65
ECNS,iShares MSCI China Small-Cap ETF,Asia-Pacific,30.37,14014,18973,68175859.50,0.59,0.61,-3.91,-11.29,-12.01,-11.78,-8.29,-0.93
HLAL,Wahed FTSE USA Shariah ETF,North America,70.27,83895,68353,901118340.00,0.50,-0.94,-3.92,1.43,13.78,12.02,12.70,35.37
FMKT,The Free Markets ETF,North America,21.62,13401,4663,14354340.00,0.76,-0.54,-3.93,-3.93,2.15,-3.03,-0.16,8.01
TOPT,iShares Top 20 U.S. Stocks ETF,North America,32.95,416773,324358,647585853.96,0.20,-0.90,-3.94,-0.87,9.21,5.64,4.84,25.76
GWX,State Street SPDR S&P International Small Cap ETF,Developed markets,44.39,103376,73254,883424057.60,0.40,-0.27,-3.94,-5.33,1.70,8.53,7.85,22.93
TMFC,Motley Fool 100 Index ETF,North America,75.27,92141,89318,2012717000.00,0.50,-0.76,-3.94,-1.67,8.65,4.60,4.27,20.78
FFLG,Fidelity Fundamental Large Cap Growth ETF,Global,33.39,95231,95435,659738711.02,0.38,-1.13,-3.94,-0.51,14.19,10.38,10.56,31.15
QQQM,Invesco NASDAQ 100 ETF,North America,291.52,9420159,4415188,95546402364.87,0.15,-1.12,-3.94,1.16,16.26,13.50,14.19,33.55
QQMG,Invesco ESG NASDAQ 100 ETF,North America,49.06,14019,18297,206201099.69,0.20,-1.25,-3.95,1.62,17.76,13.78,14.76,35.60
QQQ,"Invesco QQQ Trust, Series 1",North America,707.83,91932171,42598084,472816094200.00,0.18,-1.15,-3.96,1.13,16.24,13.47,14.16,33.52
TSPY,TappAlpha S&P 500 Growth & Daily Income ETF,North America,25.22,207565,260924,286694190.00,0.71,-0.08,-3.96,-0.63,4.09,-1.18,-1.68,7.18
CBSE,Clough Select Equity ETF,North America,48.42,8926,4869,52193423.00,0.85,-0.73,-3.97,1.08,18.26,16.96,21.38,37.90
TDAQ,TappAlpha Innovation 100 Growth & Daily Income ETF,North America,27.84,223321,215199,222963315.00,0.83,-0.93,-3.97,0.07,11.27,4.00,5.45,12.12
GGUS,Goldman Sachs MarketBeta Russell 1000 Growth Equity ETF,North America,66.20,10186,27505,419769000.00,0.12,-0.70,-3.97,-0.08,7.70,3.67,3.43,18.95
GSG,iShares GSCI Commodity-Indexed Trust Fund,Global,31.24,1167516,1037813,1042209800.00,0.75,-1.61,-3.97,-4.38,5.97,35.71,35.77,42.13
QTEC,First Trust NASDAQ-100-Technology Sector Index Fund,North America,306.94,437896,151990,3555138426.46,0.55,-1.97,-3.97,6.61,36.10,28.15,31.54,51.32
HARD,Simplify Commodities Strategy No K-1 ETF,Global,32.44,20839,47547,111455432.78,0.78,-0.78,-3.97,-7.06,-8.04,9.99,8.73,9.65
TYLG,Global X Information Technology Covered Call & Growth ETF,North America,41.00,8308,3343,14568660.16,0.60,-1.45,-3.98,2.27,15.36,11.47,12.63,27.01
PTNQ,Pacer Trendpilot 100 ETF,North America,85.26,23190,38694,1277536000.00,0.65,-1.21,-3.98,0.52,9.42,5.90,7.42,24.70
GQQQ,Astoria US Quality Growth Kings ETF,North America,34.79,29650,14412,145607730.00,0.35,-0.83,-3.99,-0.25,14.62,15.67,15.09,34.03
TAGS,Teucrium Agricultural Fund ETV,Global,23.82,5748,36887,17626250.00,0.13,-0.25,-3.99,-3.95,-4.41,2.19,4.39,-3.56
FEM,First Trust Emerging Markets AlphaDEX Fund,Emerging markets,31.64,183698,112157,737193663.01,0.80,0.07,-3.99,-4.86,4.16,17.38,13.75,31.58
MPLY,Monopoly ETF,Global,32.03,10373,5959,16456127.94,0.79,-0.71,-3.99,-1.54,9.69,5.95,5.53,25.21
PDBA,Invesco Agriculture Commodity Strategy No K-1 ETF,Global,35.02,166390,413189,477645635.12,0.59,-0.19,-4.00,-5.76,-2.01,-0.96,2.88,-4.32
DECO,State Street Galaxy Digital Asset Ecosystem ETF,Global,75.75,2335,1409,23895853.76,0.65,-1.43,-4.00,16.20,55.36,48.04,56.22,132.38
IWC,iShares Microcap ETF,North America,183.01,127449,163917,1398030875.60,0.60,-0.45,-4.01,-1.45,10.72,11.08,14.84,44.65
PABU,iShares Paris-Aligned Climate Optimized MSCI USA ETF,North America,76.40,33790,46130,2420927412.75,0.10,-0.99,-4.01,0.51,9.84,4.46,4.27,17.27
NSI,National Security Emerging Markets Index ETF,Emerging markets,37.47,3597,1494,40646100.00,0.75,0.33,-4.02,-4.47,4.17,12.34,9.85,30.37
SPTE,SP Funds S&P Global Technology ETF,Global,47.09,58222,62124,191963470.00,0.55,-0.76,-4.02,4.95,28.77,30.84,31.46,62.38
GARP,iShares MSCI USA Quality GARP ETF,North America,79.00,341033,275722,2290579344.00,0.15,-0.79,-4.02,3.22,16.86,15.33,14.83,35.53
FLMX,Franklin FTSE Mexico ETF,Latin America,36.63,14745,13297,84518100.00,0.19,0.14,-4.03,-6.20,0.44,8.31,7.32,21.33
YBTY,GraniteShares YieldBoost TopYielders ETF,Global,13.10,1196,3818,2648013.24,1.38,-1.02,-4.03,-7.29,-20.65,-47.97,-42.94,-47.97
XUSP,Innovator Uncapped Accelerated U.S. Equity ETF,North America,51.53,4227,6330,95976890.00,0.79,-0.68,-4.03,0.25,10.67,7.52,8.14,28.53
QVOL,Infrastructure Capital Nasdaq Option Income ETF,North America,99.79,88834,,12643300.00,0.82,-1.40,-4.07,1.23,1.23,1.23,1.23,1.23
IUSG,iShares Core S&P U.S. Growth ETF,North America,184.08,730260,588264,31495581930.00,0.04,-0.65,-4.08,-0.12,11.93,9.12,8.74,27.21
CEPI,REX Crypto Equity Premium Income ETF,North America,33.94,57867,54324,108268953.00,0.85,-0.89,-4.08,-0.45,9.54,-5.58,-0.16,-13.95
XNAV,FundX Aggressive ETF,Global,94.90,895,597,32476844.01,1.27,-0.93,-4.08,-1.41,11.95,15.81,16.13,35.24
CMDY,iShares Bloomberg Roll Select Commodity Strategy ETF,Global,58.59,59580,73106,555893030.00,0.28,-1.30,-4.08,-4.19,1.24,6.35,19.60,15.29
AVUQ,Avantis U.S. Quality ETF,North America,64.59,33821,23815,260858585.46,0.15,-0.67,-4.08,-1.31,8.21,6.45,6.80,23.86
BIOY,GraniteShares YieldBOOST Biotech ETF,North America,23.02,851,,685222.84,1.07,0.70,-4.10,-7.57,-8.38,-8.38,-8.38,-8.38
DBEM,Xtrackers MSCI Emerging Markets Hedged Equity ETF,Emerging markets,39.53,5047,7452,101043838.86,0.66,0.53,-4.10,-1.07,12.98,23.92,21.97,46.57
CNAV,Mohr Company Nav ETF,North America,41.41,6557,6262,49237449.60,1.31,-2.35,-4.10,4.15,28.44,31.42,32.47,56.44
HAKY,Amplify HACK Cybersecurity Covered Call ETF,North America,27.26,5352,4531,2500722.00,0.65,-1.91,-4.10,8.43,11.90,8.39,8.39,8.39
FBCG,Fidelity Blue Chip Growth ETF,Global,60.55,714662,698040,6763289577.45,0.57,-1.06,-4.12,-0.13,14.46,9.51,9.61,31.34
GK,AdvisorShares Gerber Kawasaki ETF,North America,28.76,150,1587,31164250.00,0.77,-0.61,-4.12,0.89,14.60,10.89,11.79,27.74
TUGN,STF Tactical Growth & Income ETF,North America,27.33,35058,31881,76072425.00,0.65,-0.27,-4.12,0.65,12.14,4.46,6.20,14.86
MFUT,Cambria Chesapeake Pure Trend ETF,Global,19.06,9742,15877,40955125.00,1.18,-1.42,-4.12,-1.19,4.84,18.68,15.80,31.63
HBTA,Horizon Expedition Plus ETF,North America,31.71,10062,18314,150896040.00,0.86,-0.63,-4.14,-0.38,10.99,8.63,10.26,30.98
BABO,YieldMax BABA Option Income Strategy ETF,Asia-Pacific,9.08,57977,43519,16381980.00,1.00,-0.02,-4.14,-15.24,-19.22,-35.39,-33.35,-43.68
IQQQ,ProShares Nasdaq-100 High Income ETF,North America,48.83,58070,62459,409494912.00,0.55,-1.17,-4.15,0.01,10.69,8.14,8.74,24.94
TPFG,Timothy Plan Free Cash Flow Growth ETF,North America,25.63,1525,,32957075.66,0.59,-0.89,-4.15,1.14,0.43,0.43,0.43,0.43
ECOW,Pacer Emerging Markets Cash Cows 100 ETF,Emerging markets,26.54,26671,57403,210834000.00,0.70,-0.11,-4.15,-6.75,-0.23,5.74,7.75,22.98
ARWG,Archer Growth ETF,North America,24.87,1092,999,12746124.00,0.85,-0.85,-4.16,0.79,5.69,0.30,1.74,0.30
DBA,Invesco DB Agriculture Fund,Global,26.28,759433,1680362,1181484603.72,0.93,-0.19,-4.16,-5.77,-1.83,-1.02,3.06,-4.23
NBFR,Innovator Nasdaq-100 Managed 10 Buffer ETF,North America,26.13,1791,15068,14499980.00,0.79,-0.94,-4.16,0.60,4.71,3.51,3.51,3.51
BALQ,iShares Nasdaq Premium Income Active ETF,North America,55.33,7238,2163,14542044.14,0.35,-1.11,-4.16,-0.57,14.00,10.12,9.06,11.16
EWT,iShares MSCI Taiwan ETF,Asia-Pacific,100.80,12955029,6444890,10616647125.00,0.59,0.37,-4.16,6.32,40.80,53.14,56.59,85.53
HECO,State Street Galaxy Hedged Digital Asset Ecosystem ETF,Global,64.62,1800,13239,93802584.54,0.90,-0.73,-4.17,13.02,50.62,47.90,52.84,112.27
MFIG,Motley Fool Innovative Growth ETF,North America,20.27,12574,11142,10169100.00,0.50,-0.39,-4.18,1.43,7.22,1.02,1.58,1.22
CEFZ,RiverNorth Active Income ETF,Global,8.14,3999,13637,39474000.83,2.82,-0.25,-4.18,-2.11,-0.31,-1.48,-3.50,127.23
QQEW,First Trust Nasdaq-100 Select Equal Weight ETF,North America,151.37,27715,45207,1768409256.22,0.55,-1.13,-4.18,5.14,13.29,4.97,5.55,13.60
USG,USCF Gold Strategy Plus Income Fund,Global,34.16,985,2983,11266775.00,0.45,-1.10,-4.18,-8.81,-17.03,-20.72,-4.04,-2.56
TUG,STF Tactical Growth ETF,North America,45.41,2178,3481,43751110.00,0.65,-0.49,-4.18,0.25,16.34,11.10,13.40,30.86
ACEI,Innovator Equity Autocallable Income Strategy ETF,North America,23.94,26716,19416,38829050.00,0.79,-0.78,-4.20,-2.32,-1.52,-3.77,-3.31,-4.23
AVDS,Avantis International Small Cap Equity ETF,Global Ex-U.S.,75.43,36225,21148,306254000.00,0.30,-1.71,-4.20,-4.64,1.59,8.77,7.27,20.30
BTRN,Global X Bitcoin Trend Strategy ETF,Global,25.17,117,2240,1510509.38,0.95,-0.04,-4.20,-11.84,-7.69,-28.85,-9.47,-36.73
CGXU,Capital Group International Focus Equity ETF,Global Ex-U.S.,33.74,1471301,877766,6059623645.33,0.54,-0.68,-4.20,0.87,12.54,11.76,12.13,26.32
FGM,First Trust Germany AlphaDEX Fund,Europe,62.93,1238,9213,98420476.99,0.80,-0.66,-4.21,-4.78,1.58,1.79,0.19,14.60
AHD,GraniteShares Autocallable HOOD ETF,North America,24.60,39,,988024.70,1.07,-0.36,-4.22,-1.34,-1.34,-1.34,-1.34,-1.34
KIQQ,KraneShares InspereX Nasdaq Dynamic Buffered High Income Index ETF,North America,25.48,44,174,2569792.78,0.79,-0.67,-4.22,-1.54,6.60,1.46,1.46,1.46
MATE,Man Active Trend Enhanced ETF,Global,29.62,32428,5789,38320144.72,0.97,-0.98,-4.22,-0.55,8.40,17.62,13.08,17.62
WDEF,WisdomTree Europe Defense Fund,Europe,29.11,17566,54476,94050675.00,0.45,-0.25,-4.23,-2.63,-11.21,0.36,-2.60,-2.73
IAUI,NEOS Gold High Income ETF,Global,51.88,316674,218811,466702146.00,0.79,-1.43,-4.23,-9.28,-17.77,-6.54,-7.90,4.81
IXP,iShares Global Comm Services ETF,Global,118.53,25161,21400,583621580.50,0.40,-0.20,-4.23,-5.28,-2.26,-4.22,-2.88,8.91
OAEM,OneAscent Emerging Markets ETF,Emerging markets,46.87,3245,54584,122324000.00,1.25,0.86,-4.24,-3.34,11.07,31.37,25.43,50.43
AFGR,First Trust Multi-Manager Large Growth ETF,North America,36.01,1578,3725,90547572.44,0.65,-0.57,-4.24,-0.86,8.13,-0.45,0.58,11.24
AIVC,Amplify Bloomberg AI Equal Weight ETF,Global,110.08,45153,25378,100617030.00,0.59,-2.14,-4.25,10.41,53.22,57.96,59.79,119.84
BLGR,Bluemonte Large Cap Growth ETF,Global,31.15,33252,38103,266467704.78,0.24,-0.68,-4.26,-0.85,9.78,6.22,5.75,23.87
AIUP,FINQ FIRST U.S. Large Cap AI-Managed Equity ETF,North America,26.92,413,2258,4024395.00,0.70,0.18,-4.26,-1.65,7.14,9.71,9.71,9.71
TNXT,T. Rowe Price Innovation Leaders ETF,Developed markets,26.50,2552,3440,17924177.48,0.49,-0.28,-4.26,-0.07,12.82,6.47,6.47,6.47
ASGM,Virtus AlphaSimplex Global Macro ETF,Global,31.16,582,853,7862625.80,0.86,-1.38,-4.26,-0.61,7.22,12.64,16.29,24.31
QTR,Global X NASDAQ 100 Tail Risk ETF,North America,34.01,1177,5239,7571673.44,0.25,-1.18,-4.26,0.20,13.69,-7.27,12.12,6.47
BUYZ,Franklin Disruptive Commerce ETF,Global,33.62,876,532,5056500.00,0.50,-0.32,-4.27,-2.95,-0.28,-17.60,-15.06,-15.36
NXTI,Simplify Next Intangible Core Index ETF,North America,33.90,1843,1867,40208534.22,0.25,-0.94,-4.27,4.97,11.48,1.28,4.15,11.66
FTGC,First Trust Global Tactical Commodity Strategy Fund,Global,27.99,768822,787954,2560552978.87,0.98,-1.01,-4.27,-4.96,0.25,3.71,20.34,12.64
SPYG,State Street SPDR Portfolio S&P 500 Growth ETF,North America,116.56,6382670,2845839,51377304920.27,0.04,-0.65,-4.28,-0.21,12.13,8.76,8.37,27.33
SAMM,Strategas Macro Momentum ETF,North America,32.10,3534,3131,29240972.52,0.66,-1.18,-4.28,1.96,7.09,5.47,5.31,22.57
BCI,abrdn Bloomberg All Commodity Strategy K-1 Free ETF,Global,23.64,1171392,1256501,2442057450.00,0.26,-1.25,-4.29,-4.68,0.68,4.10,20.43,13.27
BCD,abrdn Bloomberg All Commodity Longer Dated Strategy K-1 Free ETF,Global,36.03,194380,76331,417288380.00,0.30,-0.83,-4.30,-2.73,0.31,-0.19,15.81,8.10
XLG,Invesco S&P 500 Top 50 ETF,North America,61.71,3064277,1514905,10728797384.00,0.20,-0.87,-4.30,-1.47,7.83,3.87,3.51,22.98
CTAP,Simplify US Equity PLUS Managed Futures Strategy ETF,North America,29.12,51235,62688,180499029.59,0.10,-1.59,-4.30,-4.49,3.56,15.38,13.09,16.21
VOOG,Vanguard S&P 500 Growth ETF,North America,80.90,2892652,1640469,25780121030.34,0.07,-0.70,-4.31,-0.16,12.07,8.73,8.31,27.32
XSD,State Street SPDR S&P Semiconductor ETF,North America,577.40,246065,166414,3215624490.00,0.35,-3.19,-4.31,7.65,73.65,68.64,75.83,142.76
AVEE,Avantis Emerging Markets Small Cap Equity ETF,Emerging markets,68.20,33396,9273,115559370.00,0.42,-0.13,-4.31,-6.33,5.31,8.17,8.29,15.95
SEEM,SEI Select Emerging Markets Equity ETF,Emerging markets,38.45,45609,42243,570288744.12,0.60,0.18,-4.32,-1.55,13.85,23.10,21.09,44.10
ARGT,Global X MSCI Argentina ETF,Latin America,93.40,138699,246668,825263868.53,0.59,1.65,-4.32,1.81,6.69,3.34,1.13,6.63
FFOG,Franklin Focused Growth ETF,Global,49.34,55948,44031,282300217.18,0.55,-0.58,-4.32,-1.20,12.93,3.83,4.73,16.78
RNRG,Global X Renewable Energy Producers ETF,Global,37.75,2190,8221,28928333.41,0.65,0.01,-4.33,-2.56,4.25,13.24,12.42,34.08
OZEM,Roundhill GLP-1 & Weight Loss ETF,Global,30.08,83551,23818,46934690.00,0.59,0.96,-4.33,-4.91,-6.53,-12.97,-13.12,16.31
IVW,iShares S&P 500 Growth ETF,North America,134.59,4012079,2431551,73496765258.30,0.18,-0.66,-4.33,-0.22,12.08,8.74,8.30,27.36
HERO,Global X Video Games & Esports ETF,Global,24.67,15190,35876,62711920.21,0.50,-1.04,-4.34,-6.77,-7.64,-19.72,-17.10,-18.69
GLBL,Pacer MSCI World Industry Advantage ETF,Developed markets,27.42,15,191,1103112.00,0.65,-0.69,-4.34,-1.07,11.56,6.69,8.95,24.40
MSTQ,LHA Market State Tactical Q ETF,North America,38.62,877,1330,38110897.50,1.55,-1.21,-4.34,-1.26,13.12,-2.77,12.46,9.71
CGGR,Capital Group Growth ETF,North America,45.67,3814997,2442110,23503798199.51,0.39,-0.22,-4.34,-0.76,6.31,2.63,1.81,17.13
FLLA,Franklin FTSE Latin America ETF,Latin America,26.48,12321,57459,105096000.00,0.19,0.76,-4.34,-10.08,-4.65,6.86,8.48,23.68
TMAT,Main Thematic Innovation ETF,Global,28.54,10948,17010,234297900.00,0.82,-1.22,-4.35,2.56,17.61,9.32,12.51,29.56
NERD,Roundhill Video Games ETF,Global,19.80,476,1636,14478032.50,0.50,-0.78,-4.35,-5.67,-7.64,-21.15,-19.32,-21.83
BCTK,Baron Technology ETF,Global,29.73,34129,22461,186247208.32,0.75,-1.57,-4.35,3.44,18.73,19.35,16.95,19.35
EWW,iShares MSCI Mexico ETF,Latin America,74.76,1530989,1293258,1925525751.70,0.50,-0.19,-4.36,-6.53,0.24,8.22,6.94,21.38
FEMS,First Trust Emerging Markets Small Cap AlphaDEX Fund,Emerging markets,45.19,21798,43519,250488240.27,0.80,0.09,-4.36,-6.73,-1.70,5.39,6.45,12.13
ONLN,ProShares Online Retail ETF,Global,54.79,9073,7894,63080336.00,0.58,1.18,-4.36,-6.82,0.94,-9.21,-8.70,7.60
WRND,NYLI Global Equity R&D Leaders ETF,Global,41.35,106,436,10397250.00,0.18,-0.87,-4.38,-2.34,9.20,11.09,10.66,29.92
FMQQ,FMQQ The Next Frontier Internet ETF,Global,11.10,4186,5124,18623690.97,0.86,0.12,-4.38,-6.55,-5.36,-20.70,-20.13,-23.81
EMCS,Xtrackers MSCI Emerging Markets Select ETF,Emerging markets,44.89,2255,1743,977042043.91,0.15,0.27,-4.38,-0.66,16.00,26.89,22.63,48.36
TLTE,FlexShares Morningstar Emerging Markets Factor Tilt Index Fund,Emerging markets,75.38,3950,5456,343516114.68,0.57,0.19,-4.38,-3.38,8.22,16.39,16.28,31.89
FLBR,Franklin FTSE Brazil ETF,Latin America,21.36,167432,262142,529504800.00,0.19,0.42,-4.39,-13.59,-8.33,6.27,10.39,23.33
IWLG,IQ Winslow Large Cap Growth ETF,North America,54.85,29083,274702,308037710.00,0.50,-0.80,-4.39,-1.03,7.68,0.88,0.46,11.14
FCOM,Fidelity MSCI Communication Services Index ETF,North America,70.78,98016,130885,1738865760.00,0.08,0.18,-4.39,-5.40,-1.95,-3.08,-3.88,13.56
PATN,Pacer Nasdaq International Patent Leaders ETF,Global Ex-U.S.,35.56,144545,77773,141497768.00,0.65,-0.14,-4.40,3.29,20.10,30.36,30.98,56.80
FTCE,First Trust New Constructs Core Earnings Leaders ETF,North America,27.07,5347,11248,80532104.60,0.60,-0.77,-4.41,3.76,10.00,8.71,8.37,27.57
EMC,Global X Emerging Markets Great Consumer ETF,Emerging markets,36.53,12347,7291,64512822.42,0.65,-0.29,-4.41,-2.16,13.21,19.31,15.94,28.19
GXPC,Global X PureCap MSCI Communication Services ETF,North America,30.74,166529,101805,79709500.00,0.15,0.29,-4.42,-6.88,4.13,3.47,2.30,23.05
CANC,Tema Oncology ETF,Global,36.79,16851,20532,170717052.00,0.75,1.86,-4.42,-1.14,-1.61,6.14,5.44,43.59
EMEM,Sophus Capital Emerging Market ETF,Emerging markets,25.73,4254,,53176410.00,0.65,0.29,-4.43,2.50,2.50,2.50,2.50,2.50
BNO,"United States Brent Oil Fund, LP ETV",Global,50.46,4973341,3829959,872289600.00,1.00,-2.76,-4.43,-4.25,17.24,78.05,80.02,76.68
LGRO,Level Four Large Cap Growth Active ETF,North America,42.75,340,7271,131557076.00,0.50,-0.50,-4.43,2.14,11.04,3.95,3.17,19.59
EVMT,Invesco Electric Vehicle Metals Commodity Strategy No K-1 ETF,Global,18.61,4557,5713,7510818.78,0.59,-0.98,-4.44,-2.28,1.99,5.23,8.92,22.23
XSPI,NEOS Boosted S&P 500 High Income ETF,North America,48.55,59337,62426,61942980.00,0.98,-0.39,-4.45,-1.30,2.36,-3.17,-3.17,-3.17
COMB,GraniteShares Bloomberg Commodity Broad Strategy No K-1 ETF,Global,25.54,137122,50958,157990000.00,0.25,-1.28,-4.45,-4.88,0.67,11.24,20.36,20.99
VOX,Vanguard Communication Services ETF,North America,187.50,216563,237570,5681447196.37,0.09,0.18,-4.45,-5.26,-1.62,-3.01,-3.60,14.14
AVDV,Avantis International Small Cap Value ETF,Developed markets,104.40,784725,683866,19435169250.00,0.36,-1.76,-4.46,-4.52,1.65,11.66,10.24,32.76
ZSB,USCF Sustainable Battery Metals Strategy Fund,Global,22.82,25,731,2288500.00,0.59,-0.31,-4.46,-4.54,-0.26,19.00,7.72,66.48
TRFM,AAM Transformers ETF,North America,57.99,29292,42860,214729500.00,0.49,-1.49,-4.46,1.51,19.81,18.44,20.19,40.38
GCC,WisdomTree EnhancedContinuous Commodity Index Fund,Global,23.96,85865,46943,273948750.00,0.57,-1.52,-4.47,-5.71,-1.03,13.66,12.59,21.07
NUEM,Nuveen ESG Emerging Markets Equity ETF,Emerging markets,40.53,41473,25783,368841860.35,0.36,0.02,-4.48,-4.46,8.75,10.69,11.53,26.42
QGRW,WisdomTree U.S. Quality Growth Fund,North America,64.84,192674,404496,2803260600.00,0.28,-0.67,-4.48,0.51,13.54,10.01,9.51,28.37
EEMS,iShares MSCI Emerging Markets Small Cap ETF,Emerging markets,74.22,28941,84724,370356240.00,0.72,0.37,-4.49,-5.81,5.43,9.34,9.03,18.07
IMFL,Invesco International Developed Dynamic Multifactor ETF,Developed markets,33.72,28390,65505,984165033.48,0.34,0.27,-4.49,-0.81,3.69,13.97,12.28,23.35
OND,ProShares On-Demand ETF,Global,34.10,4,543,3462920.00,0.58,-0.67,-4.51,-2.45,-2.11,-18.48,-18.15,-14.88
GDT,WisdomTree Efficient TIPS Plus Gold Fund,North America,35.78,4645,2766,10007085.38,0.30,-1.34,-4.51,-10.55,-17.60,-12.61,-12.61,-12.61
FSEG,Fidelity Enhanced Small Cap Growth ETF,North America,26.18,3603,,5211814.40,0.28,0.46,-4.52,-1.39,4.41,4.41,4.41,4.41
SQS,Sapient Quality Select ETF,Global,27.20,86410,21382,1364903460.00,0.80,-0.76,-4.52,-2.29,6.46,6.46,6.46,6.46
IOYY,GraniteShares YieldBOOST IONQ ETF,North America,8.69,21962,31570,6879608.82,1.07,-1.60,-4.52,-3.57,-21.44,-59.02,-49.28,-64.90
TSYX,TSPY Lift ETF,North America,23.27,24399,14064,12140960.00,0.98,-0.46,-4.53,-2.45,3.67,-3.02,-3.02,-3.02
MIGO,MIG Core ETF,North America,28.72,11,42188,740742740.10,0.45,-0.41,-4.54,2.45,18.98,15.68,15.68,15.68
EWZS,iShares MSCI Brazil Small-Cap ETF,Latin America,13.25,97396,603160,223652782.00,0.59,0.76,-4.54,-14.35,-10.35,-2.39,1.22,4.74
ICOW,Pacer Developed Markets International Cash Cows 100 ETF,Developed markets,43.26,300009,205510,1794623280.00,0.65,-1.57,-4.55,-3.91,3.30,9.38,10.92,29.21
IMOM,Alpha Architect International Quantitative Momentum ETF,Developed markets,43.02,11678,18872,158227492.50,0.38,-0.26,-4.55,-3.65,3.29,11.80,12.71,32.45
MAKX,ProShares S&P Kensho Smart Factories ETF,North America,68.16,3092,3649,5055607.50,0.58,-1.29,-4.55,6.43,26.13,28.07,34.31,61.67
PJBF,PGIM Jennison Better Future ETF,Global,66.17,95,55,11299900.00,0.59,-0.57,-4.55,-2.13,12.54,3.33,4.81,11.22
LSGR,Natixis Loomis Sayles Focused Growth ETF,North America,43.55,64262,75844,864480813.00,0.59,-0.46,-4.56,-3.54,3.25,-1.18,-3.24,9.50
RSEE,Rareview Systematic Equity ETF,Global,37.82,14732,10095,70737300.00,2.71,-1.39,-4.56,-1.81,8.85,10.27,10.08,29.20
IVRS,iShares Future Metaverse Tech and Communications ETF,Global,31.64,40,606,7939459.75,0.47,-0.41,-4.56,-4.29,2.78,-17.55,-9.57,-12.47
TILL,Teucrium Agricultural Strategy No K-1 ETF,Global,17.34,43031,159101,41338062.50,0.89,-0.34,-4.57,-4.67,-3.45,-1.98,4.90,-6.87
PJIO,PGIM Jennison International Opportunities ETF,Global Ex-U.S.,64.34,1120,3574,24843000.00,0.90,0.14,-4.57,-0.07,8.39,2.96,3.57,4.48
CBXA,Calamos Bitcoin 90 Series Structured Alt Protection ETF - April,Global,21.17,8976,2837,5357521.43,0.69,-0.69,-4.57,-7.19,-8.23,-24.23,-22.25,-24.73
PGJ,Invesco Golden Dragon China ETF,Asia-Pacific,24.35,16587,27988,97519590.00,0.70,-0.41,-4.58,-10.90,-11.84,-18.18,-18.29,-15.48
ILF,iShares Latin America 40 ETF,Latin America,33.22,2437428,3066307,3984742297.50,0.47,1.31,-4.59,-9.43,-4.72,7.37,7.51,30.02
SOYB,Teucrium Soybean Fund ETV,Global,24.09,129952,155924,54895750.00,2.73,-0.17,-4.59,-3.06,-2.63,5.70,10.20,9.80
OUNZ,VanEck Merk Gold ETF,Global,40.94,1028161,625361,2675799269.39,0.25,-1.59,-4.59,-9.92,-17.89,0.54,-2.64,28.22
QDTE,Roundhill Innovation-100 0DTE Covered Call Strategy ETF,North America,30.46,779056,605353,864877080.00,0.97,-0.94,-4.60,-2.15,3.82,-12.72,-2.15,-11.71
AAAU,Goldman Sachs Physical Gold ETF Shares,Global,42.00,3014101,1486803,2646324814.42,0.18,-1.56,-4.60,-9.88,-17.83,0.56,-2.61,28.31
CCNR,ALPS/CoreCommodity Natural Resources ETF,Global,39.22,7291,11636,381465026.54,0.39,-1.82,-4.60,-4.72,0.22,21.19,17.78,50.58
SPRX,Spear Alpha ETF,Global,51.99,620212,166474,239443820.00,0.75,-3.42,-4.61,14.77,36.35,26.99,32.26,88.03
DIEM,Franklin Emerging Market Core Dividend Tilt Index ETF,Emerging markets,42.16,4467,14908,58133600.00,0.19,0.10,-4.61,0.45,14.88,26.42,23.31,43.70
PSAI,Pacer S&P 500 3AI Top 100 ETF,North America,26.89,1893,,3248016.00,0.49,-0.67,-4.61,3.82,4.90,4.90,4.90,4.90
NVOH,Novo Nordisk A/S B Shares,Europe,23.61,2023,2879,4133362.96,0.19,2.44,-4.61,-5.29,11.00,-13.42,-14.92,-42.39
HEEM,iShares Currency Hedged MSCI Emerging Markets ETF,Emerging markets,42.49,17612,34357,269862131.70,0.72,-0.19,-4.62,-1.09,12.86,21.75,19.72,44.38
FELG,Fidelity Enhanced Large Cap Growth ETF,North America,43.12,605939,427863,5586493107.40,0.18,-0.76,-4.62,-1.10,8.56,2.81,2.74,20.78
FPX,First Trust US Equity Opportunities ETF,North America,185.49,70089,44394,1421607521.66,0.57,-0.13,-4.63,-0.34,12.88,8.18,12.07,32.54
FDEM,Fidelity Emerging Markets Multifactor ETF,Emerging markets,35.87,132281,163752,581453012.80,0.25,-0.11,-4.63,-2.18,9.19,16.35,14.27,30.29
SBIO,ALPS Medical Breakthroughs ETF,North America,51.50,22996,23510,147039750.00,0.50,2.31,-4.63,-6.84,-0.38,1.82,0.14,61.19
IWFG,IQ Winslow Focused Large Cap Growth ETF,North America,52.89,79,4195,60614940.00,0.46,-0.70,-4.63,-1.23,7.40,-1.46,-1.02,7.03
SCHG,Schwab U.S. Large-Cap Growth ETF,North America,33.53,13967967,12223896,58996759500.00,0.04,-0.80,-4.64,-1.30,8.62,2.09,2.05,19.20
GLDM,SPDR Gold MiniShares Trust,Global,84.26,5554339,3650424,29351618100.00,0.10,-1.60,-4.64,-9.92,-17.84,0.62,-2.54,28.37
DRAI,Draco Evolution AI ETF,Global,34.01,1865,5076,22532136.00,1.34,-0.43,-4.64,-2.84,14.00,9.52,11.68,30.79
QDTY,YieldMax Nasdaq 100 0DTE Covered Call Strategy ETF,North America,41.38,71908,17182,35485885.00,1.17,-1.52,-4.64,-1.02,4.72,-6.58,-4.64,-3.55
WEAT,Teucrium Wheat Fund ETV,Global,22.38,515431,906450,296055427.40,2.80,0.13,-4.64,-3.33,-2.91,8.69,12.12,-3.33
DGRE,WisdomTree Emerging Markets Quality Dividend Growth Fund,Emerging markets,38.88,7220,9602,141809900.00,0.32,-0.25,-4.64,-2.78,13.71,26.78,22.07,46.33
IAUM,iShares Gold Trust Micro Shares,Global,42.43,2855453,2141859,6770556000.00,0.09,-1.58,-4.65,-9.92,-17.84,0.64,-2.57,28.34
CAGE,Calamos Autocallable Growth ETF,North America,27.06,95529,82640,48209027.16,0.74,-0.55,-4.65,-1.10,8.15,8.15,8.15,8.15
CGGG,Capital Group U.S. Large Growth ETF,North America,28.21,160496,36375,79105006.40,0.39,-0.13,-4.65,-3.25,4.22,-1.76,-1.97,9.44
SGOL,abrdn Physical Gold Shares ETF,Global,40.55,3775563,2450883,7303415000.00,0.17,-1.60,-4.66,-9.91,-17.87,0.60,-2.58,28.24
VONG,Vanguard Russell 1000 Growth ETF,North America,125.57,1619705,1562902,44306694745.08,0.06,-0.81,-4.66,-0.98,7.72,2.31,2.31,19.65
GLD,SPDR Gold Shares,Global,390.78,9567251,6334284,141190312000.00,0.40,-1.63,-4.66,-9.97,-17.93,0.45,-2.70,27.96
TURF,T. Rowe Price Natural Resources ETF,Global,32.60,7598,11078,115559185.00,0.44,-1.35,-4.67,-5.86,-5.20,12.23,11.88,30.46
BBB,CYBER HORNET S&P 500 and Bitcoin 75/25 Strategy ETF,Global,28.91,423,698,7284125.00,0.98,-0.78,-4.67,-5.45,3.89,-3.62,-2.29,-2.58
EVLU,iShares MSCI Emerging Markets Value Factor ETF,Emerging markets,40.95,1383,2712,14631918.84,0.35,-0.04,-4.67,1.60,19.30,25.01,25.19,50.43
BAR,GraniteShares Gold Trust Shares of Beneficial Interest,Global,41.92,213217,248272,1454970600.00,0.17,-1.64,-4.68,-9.89,-17.88,0.53,-2.62,28.20
NFLY,YieldMax NFLX Option Income Strategy ETF,North America,8.97,56506,94881,50502810.00,1.01,-0.94,-4.68,-6.95,-24.24,-25.06,-25.31,-52.03
KYLD,Kurv High Income ETF,Global,21.58,22643,30403,40377438.00,1.00,-0.78,-4.68,-2.35,6.52,-8.13,-1.10,-16.11
PEMX,Putnam Emerging Markets ex-China ETF,Emerging markets,85.06,2311,719,20846750.00,0.69,0.13,-4.69,-1.11,18.16,26.31,29.58,51.21
IAU,iShares Gold Trust Shares,Global,80.07,9209950,5775132,66426034500.00,0.25,-1.61,-4.69,-9.97,-17.89,0.50,-2.65,28.15
THMR,THOR AdaptiveRisk Dynamic ETF,Global,25.79,1372,53798,,1.10,-1.07,-4.69,-3.08,2.54,2.54,2.54,2.54
EEMA,iShares MSCI Emerging Markets Asia ETF,Asia-Pacific,113.48,93927,125956,1295434519.80,0.49,0.08,-4.70,-2.12,13.10,21.29,18.10,41.67
ESGE,iShares ESG Aware MSCI EM ETF,Emerging markets,52.95,4506649,1259307,6603326695.20,0.25,0.23,-4.70,-1.73,12.73,19.28,17.28,38.76
ARTY,iShares Future AI & Tech ETF,Global,71.99,2167996,1022190,3742581643.60,0.47,-2.57,-4.71,7.51,44.50,44.85,46.47,88.16
CLCG,Crossmark Large Cap Growth ETF,North America,28.23,1492,2563,27984194.00,0.50,-1.15,-4.71,-1.65,10.08,3.39,4.65,13.26
XCEM,Columbia EM Core ex-China ETF,Emerging markets,50.20,232867,207763,1897626105.00,0.16,0.44,-4.71,0.46,18.96,30.36,28.52,52.44
VIDI,Vident International Equity Strategy ETF,Global Ex-U.S.,39.45,8055,11470,442936480.00,0.61,-0.20,-4.71,-0.59,8.54,16.44,15.55,34.87
IWF,iShares Russell 1000 Growth Fund,North America,122.02,6288034,5091101,126993633729.60,0.18,-0.78,-4.72,-0.82,7.85,2.46,2.40,19.60
QTOP,iShares Nasdaq Top 30 Stocks ETF,North America,37.16,238011,222210,294649120.64,0.20,-1.01,-4.72,0.35,17.74,15.30,15.19,37.63
RSIT,Return Stacked International Stocks & Managed Futures ETF,Global,20.04,55354,,39947930.00,0.98,-1.20,-4.73,-1.35,-2.88,-2.88,-2.88,-2.88
LATR,Corgi Buy Now Pay Later ETF,Global,24.51,2749,,1455594.00,0.35,0.99,-4.73,0.23,0.32,0.32,0.32,0.32
EMKT,Lazard Emerging Markets Opportunities ETF,Emerging markets,30.91,20074,20587,175204199.06,0.74,-0.28,-4.74,-0.28,14.62,24.50,20.52,22.33
NUGY,GraniteShares YieldBOOST Gold Miners ETF,Global,14.48,12847,25710,9324814.57,1.07,-0.58,-4.74,-9.16,-28.67,-40.83,-36.32,-42.08
JHEM,John Hancock Multifactor Emerging Markets ETF,Emerging markets,39.29,46736,31575,977442730.00,0.49,0.05,-4.75,-1.68,11.52,20.12,17.04,37.04
EGUS,iShares ESG Aware MSCI USA Growth ETF,North America,56.77,2810,3076,25233930.48,0.18,-0.97,-4.76,-0.08,13.44,7.31,7.42,25.75
NXTG,First Trust Indxx NextG ETF,Global,152.94,63717,13847,570925108.61,0.70,-1.38,-4.76,7.34,32.32,39.99,40.37,63.48
QQQY,Defiance Nasdaq 100 Weekly Distribution ETF,North America,23.54,216450,132938,184622127.98,1.01,-1.05,-4.77,-1.92,6.37,-2.81,-0.72,-8.94
EWZ,iShares MSCI Brazil ETF,Latin America,33.92,32699739,28233841,9274831939.80,0.59,0.68,-4.77,-14.06,-9.74,3.04,5.03,23.80
ECON,Columbia Research Enhanced Emerging Economies ETF,Emerging markets,34.73,10156,26603,333110700.00,0.47,0.04,-4.78,0.21,17.68,26.88,24.47,49.30
FGDL,Franklin Responsibly Sourced Gold ETF,Global,56.61,27519,25908,445756750.00,0.15,-1.86,-4.78,-10.24,-17.94,0.11,-2.92,28.13
JEMA,JPMorgan ActiveBuilders Emerging Markets Equity ETF,Emerging markets,60.84,152238,113349,1585100000.00,0.33,-0.09,-4.78,-1.55,13.18,21.67,21.62,45.99
EDGQ,Global X Nasdaq-100 Income Edge ETF,North America,27.57,10231,11151,5311184.00,0.00,-1.62,-4.79,-0.74,8.81,9.20,9.20,9.20
ONEQ,Fidelity Nasdaq Composite Index ETF,North America,101.16,1127022,401397,10537792344.05,0.21,-0.96,-4.79,-1.08,13.05,9.17,9.84,31.10
FRWD,Nomura Transformational Technologies ETF,Global,31.34,1147364,139699,216958508.24,0.65,-1.29,-4.79,3.86,29.68,25.28,25.28,25.28
PTNT,Corgi IP Licensing & Royalties ETF,Global,26.44,206,,1470953.00,0.35,-1.17,-4.80,2.70,3.34,3.34,3.34,3.34
XXX,CYBER HORNET S&P 500 and XRP 75/25 Strategy ETF,Global,19.87,21,587,501275.00,0.95,-0.97,-4.80,-4.20,2.76,-3.85,-3.85,-3.85
VPL,Vanguard FTSE Pacific ETF,Asia-Pacific,111.17,548860,716000,8201008411.13,0.07,-0.39,-4.80,-1.60,10.84,20.76,21.22,38.50
PGRO,Putnam Focused Large Cap Growth ETF,North America,46.78,6874,5807,113155200.00,0.49,-0.83,-4.81,-1.14,9.89,4.21,4.00,19.26
IYZ,iShares U.S. Telecommunications ETF,North America,41.99,2274016,1517862,1017328786.60,0.38,-1.78,-4.81,1.82,6.82,23.25,23.07,46.03
GGTL,Gabelli Global Technology Leaders ETF,Global,38.53,80,524,12762090.00,0.00,-0.95,-4.81,2.95,20.71,18.92,19.24,35.74
GXPD,Global X PureCap MSCI Consumer Discretionary ETF,North America,25.85,95124,60713,48061284.00,0.15,0.08,-4.82,-5.48,3.01,-2.67,-3.00,2.70
WTIP,WisdomTree Inflation Plus Fund,Global,36.42,9908,9869,22091400.00,0.65,-0.75,-4.82,-7.10,-2.66,8.73,7.80,21.26
DFAE,Dimensional Emerging Core Equity Market ETF,Emerging markets,38.87,1343372,1347308,9152134620.86,0.29,0.05,-4.82,-2.46,11.15,20.38,16.94,37.79
EGGQ,NestYield Visionary ETF,North America,56.76,3553,6614,86851500.00,0.93,-1.92,-4.83,-8.52,31.42,19.00,20.69,36.68
BREE,MFS Blended Research Emerging Markets Equity ETF,Emerging markets,26.18,2270,2435,25987436.00,0.44,-0.65,-4.83,-1.95,11.82,5.78,5.78,5.78
ERTH,Invesco MSCI Sustainable Future ETF,Global,48.46,2102,3223,141531600.00,0.66,-0.47,-4.83,-3.35,1.23,2.82,1.66,13.62
ARKI,ARK DIET Q2 Buffer ETF,Global,21.28,3,705,1070321.41,0.89,-0.66,-4.83,-2.08,4.56,4.56,4.56,4.56
IWY,iShares Russell Top 200 Growth ETF,North America,286.09,449217,407889,16864543663.80,0.20,-0.85,-4.84,-0.80,8.18,2.81,2.58,20.78
IPAV,Global X Infrastructure Development ex-U.S. ETF,Global Ex-U.S.,32.33,224,1435,5479800.64,0.55,-0.42,-4.84,-7.96,3.85,10.12,8.63,20.81
XSOE,WisdomTree Emerging Markets Ex-State Owned Enterprises Fund,Emerging markets,46.99,224020,176539,2095607600.00,0.32,0.13,-4.84,-1.51,12.90,21.45,18.07,39.77
EMJN,Corgi Emerging Markets Equities 15% Structured Buffer ETF - June Series,Emerging markets,23.99,10500,,1434810.00,0.30,0.59,-4.84,-4.84,-4.84,-4.84,-4.84,-4.84
BDRY,Breakwave Dry Bulk Shipping ETF,Global,12.37,25952,99996,36845999.60,3.50,0.00,-4.85,4.04,19.51,39.62,45.53,128.23
RSPT,Invesco S&P 500 Equal Weight Technology ETF,North America,61.46,2308852,492923,5549133200.00,0.40,-2.10,-4.85,7.67,32.09,30.71,33.64,57.79
GGME,Invesco Next Gen Media and Gaming ETF,Global,60.04,2575,1704,44766520.00,0.62,-1.82,-4.86,1.73,11.21,-0.91,1.20,4.11
WINN,Harbor Long-Term Growers ETF,North America,32.13,85743,105171,1118383500.00,0.57,-0.86,-4.86,-0.56,8.62,2.03,2.72,14.55
EMM,Global X Emerging Markets ex-China ETF,Emerging markets,43.11,9556,11912,60449479.90,0.66,0.02,-4.87,-1.82,17.02,28.67,24.71,49.13
FAN,First Trust Global Wind Energy ETF,Global,24.92,42589,132943,307013050.33,0.60,-0.70,-4.87,-6.89,5.30,22.00,19.03,41.38
TCHP,T. Rowe Price Blue Chip Growth ETF,North America,50.20,757440,220165,2143920358.80,0.57,-0.46,-4.87,-2.39,7.01,0.32,-0.10,15.14
QBY,GraniteShares YieldBoost QBTS ETF,North America,8.48,12284,12330,2066408.61,1.07,-1.54,-4.88,-8.86,-27.11,-62.34,-55.39,-65.33
QQWZ,Pacer Cash COWZ 100-Nasdaq 100 Rotator ETF,North America,28.25,83980,11020,34283520.00,0.49,-1.14,-4.89,0.27,6.41,10.77,10.86,29.22
PCSG,Polen 5Perspectives Small-Mid Growth ETF,North America,24.31,403,,2392768.00,0.60,-0.33,-4.89,0.09,0.09,0.09,0.09,0.09
NITE,The Nightview Fund NITE,North America,37.89,512,380,32818841.92,1.25,-1.46,-4.89,0.38,6.34,1.86,3.10,27.66
NVII,REX NVDA Growth & Income ETF,North America,25.42,178632,175011,105101616.00,1.49,-1.40,-4.90,-9.21,-2.38,-10.43,-11.27,-5.47
VUG,Vanguard Growth ETF,North America,85.37,9162728,6951681,222790900438.54,0.03,-0.97,-4.91,-1.20,10.26,4.28,4.12,21.26
PJFG,PGIM Jennison Focused Growth ETF,Global,114.45,1936,2365,148737000.00,0.75,-0.68,-4.92,-0.50,9.54,2.66,3.02,14.56
FEAT,YieldMax Dorsey Wright Featured 5 Income ETF,Global,17.77,45828,26600,11105359.26,0.93,0.42,-4.92,-9.98,-8.21,-33.67,-29.74,-51.76
GLDY,Defiance Gold Enhanced Options Income ETF,Global,13.51,44968,35599,30114260.00,1.04,-1.24,-4.93,-10.23,-21.82,-19.34,-18.37,-25.61
QLDY,Defiance Nasdaq 100 LightningSpread Income ETF,North America,45.82,119500,39839,41714460.00,1.04,-1.30,-4.94,-1.40,6.73,-6.49,-3.03,-9.29
NVDW,Roundhill NVDA WeeklyPay ETF,North America,38.32,97734,102861,123059520.00,1.00,-0.51,-4.94,-7.15,1.11,-7.82,-10.05,-12.43
REGS,Columbia Large Cap Growth ETF,North America,11.14,5430,18275,65315856.47,0.35,-0.93,-4.95,-0.80,10.19,10.19,10.19,10.19
AZYY,GraniteShares YieldBoost AMZN ETF,North America,15.80,2192,3936,3484815.84,1.07,-0.08,-4.96,-8.54,-8.64,-24.78,-23.13,-37.42
PCLG,Polen Focus Growth ETF,Global,22.45,1491,29824,103606376.28,0.49,-0.24,-4.96,0.12,3.45,-9.15,-8.46,-9.74
PRXG,Praxis Impact Large Cap Growth ETF,North America,38.45,17193,6358,85413020.00,0.36,-0.93,-4.97,-1.46,10.02,4.81,4.61,21.76
FDT,First Trust Developed Markets Ex-US AlphaDEX Fund,Developed markets,95.09,139984,123149,1275644394.06,0.80,-0.22,-4.97,-3.48,6.00,18.77,18.67,41.80
QQQT,Defiance Nasdaq 100 Income Target ETF,North America,18.16,34557,45586,43316845.00,1.20,-1.92,-4.97,-1.36,9.99,0.50,4.07,3.53
TDAX,TDAQ Lift ETF,North America,25.05,58017,37018,33716830.00,0.98,-1.65,-4.97,0.08,13.71,4.64,4.64,4.64
JXX,Janus Henderson Transformational Growth ETF,North America,31.64,1170,1938,26924340.75,0.57,-0.04,-4.97,2.13,21.62,12.32,13.06,30.91
INVN,Alger Russell Innovation ETF,North America,21.34,2303,4513,10226275.00,0.55,-0.90,-4.97,3.61,11.49,-3.16,-0.59,10.82
ACGR,American Century Large Cap Growth ETF,North America,68.33,530,430,11017920.00,0.39,-0.62,-4.98,-1.00,8.93,3.30,3.03,18.44
TSSD,Truth Social American Security & Defense ETF,North America,26.68,4389,5096,7806742.00,0.65,-0.82,-4.99,7.36,2.93,6.98,7.23,6.98
TYYY,xETFs TSLA Daily Income ETF,North America,44.52,510,,458900.00,0.99,-2.70,-4.99,-7.93,-7.93,-7.93,-7.93,-7.93
IYW,iShares U.S. Technology ETF,North America,241.08,1941952,987510,24290199133.30,0.38,-1.65,-5.00,3.00,25.02,18.96,19.48,46.88
DFEV,Dimensional Emerging Markets Value ETF,Emerging markets,41.41,198574,198502,1904545876.65,0.43,0.02,-5.00,-1.03,13.58,24.39,21.01,41.62
MGK,Vanguard Mega Cap Growth ETF,North America,86.88,4258938,1653440,33515599128.75,0.05,-1.12,-5.00,-0.59,11.06,4.74,4.40,23.23
BGGG,Baillie Gifford Long Term Global Growth ETF,Global Ex-U.S.,34.48,30396,,,0.70,-0.97,-5.00,-5.00,-5.00,-5.00,-5.00,-5.00
TQQY,GraniteShares YieldBOOST QQQ ETF,North America,13.06,13989,34449,8422413.16,1.15,-0.77,-5.01,-4.60,-8.73,-21.79,-18.01,-30.97
CORN,Teucrium Corn Fund ETV,Global,17.04,346426,661448,221186000.00,2.71,0.12,-5.02,-7.44,-7.54,-4.96,-3.84,-7.69
KEMQ,KraneShares Emerging Markets Consumer Technology Index ETF,Emerging markets,24.88,3509,7987,38438322.80,0.50,-0.50,-5.02,-2.49,5.40,-3.17,-2.03,16.88
CPSU,Calamos S&P 500 Structured Alt Protection ETF June,North America,27.55,14726,11952,21436527.66,0.69,-0.14,-5.03,-0.24,1.18,2.09,1.72,5.75
CRY,GraniteShares YieldBOOST CRCL ETF,North America,22.13,1790,3678,1109522.19,1.07,-0.78,-5.04,-9.61,-11.34,-11.34,-11.34,-11.34
LQAI,LG QRAFT AI-Powered U.S. Large Cap Core ETF,North America,45.39,1528,340,2289545.79,0.75,-0.83,-5.05,1.70,15.45,14.60,16.15,34.68
LRND,NYLI U.S. Large Cap R&D Leaders ETF,North America,43.80,935,23920,333199475.00,0.14,-1.09,-5.05,-0.25,10.92,6.60,7.70,25.46
TGRT,T. Rowe Price Growth ETF,North America,44.87,61274,90256,1222350818.50,0.38,-0.68,-5.06,-2.00,7.31,0.89,0.76,15.64
BRAZ,Global X Brazil Active ETF,Latin America,28.74,383,2211,9696189.17,0.75,0.73,-5.07,-13.50,-10.69,1.25,4.50,22.70
DFEM,Dimensional Emerging Markets Core Equity 2 ETF,Emerging markets,39.36,1842353,917852,8814855371.63,0.39,0.00,-5.07,-2.81,10.72,20.11,17.00,35.82
FIVY,YieldMax Dorsey Wright Hybrid 5 Income ETF,Global,24.04,10705,8457,4818941.15,0.70,-0.10,-5.07,-9.10,-3.20,-26.16,-22.59,-39.15
BBEM,JPMorgan BetaBuilders Emerging Markets Equity ETF,Emerging markets,75.90,15534,49852,788112000.00,0.15,-0.04,-5.08,-2.51,11.70,15.89,16.87,33.08
USE,USCF Energy Commodity Strategy Absolute Return Fund,Global,31.63,1937,1468,2430075.00,0.79,-2.34,-5.08,-2.60,12.71,35.51,37.45,23.98
EEE,CYBER HORNET S&P 500 and Ethereum 75/25 Strategy ETF,Global,19.70,6,269,495122.50,0.95,-0.70,-5.10,-6.66,1.76,-3.08,-3.08,-3.08
AIS,VistaShares Artificial Intelligence Supercycle ETF,Global,72.87,1459108,614344,765762120.00,0.75,-1.57,-5.10,11.58,64.90,89.27,88.29,180.38
EMGF,iShares Emerging Markets Equity Factor ETF,Emerging markets,70.84,141723,160860,1843647702.30,0.26,-0.03,-5.10,-1.98,13.53,22.41,20.23,38.39
EPEM,Harbor Emerging Markets Equity ETF,Emerging markets,28.75,29,77,7785250.00,0.84,0.46,-5.10,-2.98,12.30,20.24,19.92,41.59
TGRW,T. Rowe Price Growth Stock ETF,North America,46.80,21903,5412,1003536041.40,0.52,-0.77,-5.11,-0.99,7.86,1.39,0.89,15.30
WTAI,WisdomTree Artificial Intelligence and Innovation Fund,Global,42.50,722747,265922,615284950.00,0.45,-1.82,-5.11,7.42,43.48,40.78,43.44,83.98
AVSE,Avantis Responsible Emerging Markets Equity ETF,Emerging markets,77.79,14075,13897,197817525.00,0.33,-0.45,-5.11,-1.85,12.81,18.93,17.60,35.55
FPXE,First Trust IPOX Europe Equity Opportunities ETF,Europe,34.52,601,941,5234769.80,0.70,-1.19,-5.13,-0.98,9.96,9.92,9.28,13.63
EEM,iShares MSCI Emerging Index Fund,Emerging markets,65.82,42106665,29188019,29026048777.20,0.72,0.11,-5.13,-2.24,12.13,20.33,17.77,39.54
BFAP,FT Vest Bitcoin Strategy Floor15 ETF April,Global,14.07,1004,1725,2130928.41,0.90,-0.82,-5.13,-9.09,-7.93,-36.08,-24.65,-38.54
AFK,VanEck Africa Index ETF,Middle East & Africa,26.10,41547,88681,108837780.00,0.76,-1.06,-5.13,-7.61,-3.23,2.43,-3.26,32.09
TEST,YieldMax TSLA Performance & Distribution Target 25 ETF,North America,43.87,1759,2025,3399795.00,1.01,-3.25,-5.14,-6.79,-7.20,-18.99,-17.53,-12.13
FFEM,Fidelity Fundamental Emerging Markets ETF,Emerging markets,41.55,29879,17639,40941094.00,0.60,0.05,-5.15,-3.22,13.67,26.13,19.21,50.64
ESBG,"First Trust Enhanced Stocks, Bonds & Gold ETF",Global,21.14,43,1091,2142842.86,0.95,-1.02,-5.15,-7.88,-10.79,0.30,-1.11,5.13
AIPO,Defiance AI & Power Infrastructure ETF,North America,30.93,2264936,1450705,738532150.00,0.69,-1.62,-5.15,-4.92,18.78,29.63,37.59,53.04
MBCE,Monarch Blue Chips Elite Index ETF,North America,37.83,29779,16173,179975250.00,1.14,-0.57,-5.16,-1.36,4.63,3.37,2.78,6.06
PIE,Invesco Dorsey Wright Emerging Markets Momentum ETF,Emerging markets,31.08,21269,64818,237264400.00,0.90,-0.16,-5.16,-2.02,16.43,27.12,30.31,54.40
GEM,Goldman Sachs ActiveBeta Emerging Markets Equity ETF,Emerging markets,49.84,156337,90850,1594917500.00,0.35,-0.18,-5.16,-1.97,12.18,19.01,17.41,38.98
TSNF,Truth Social American Next Frontiers ETF,North America,31.52,8044,5659,9620400.00,0.65,-1.62,-5.17,4.93,27.41,25.73,24.88,25.73
EEMX,State Street SPDR MSCI Emerging Markets Fossil Fuel Reserves Free ETF,Emerging markets,51.68,8762,7514,179532131.20,0.30,0.16,-5.18,-2.10,11.83,23.25,18.23,42.24
MEMX,Matthews Emerging Markets ex China Active ETF,Emerging markets,46.87,15406,3076,46866960.00,0.79,0.20,-5.18,-2.66,14.01,25.35,22.44,48.97
QLVE,FlexShares Emerging Markets Quality Low Volatility Index Fund,Emerging markets,33.16,1019,925,16472382.94,0.18,-0.11,-5.19,-2.06,8.09,12.23,11.02,22.21
IEMG,iShares Core MSCI Emerging Markets ETF,Emerging markets,80.04,11671159,13201112,154671776841.00,0.09,0.09,-5.19,-2.77,11.03,18.72,16.64,36.24
NUGO,Nuveen Growth Opportunities ETF,North America,41.93,4799,208346,2690868875.06,0.50,-0.82,-5.20,-1.95,9.97,4.09,5.24,20.93
KCOP,Kurv Copper & Mining Enhanced Income ETF,Global,23.50,41095,25117,28873374.00,0.99,-0.61,-5.20,-3.45,-1.22,-5.77,-5.77,-5.77
VGRO,Virtus Silvant Growth Opportunities ETF,North America,25.55,54,1001,3857652.87,0.35,-0.65,-5.20,-1.93,7.60,1.07,2.16,1.07
QIS,Simplify Multi-QIS Alternative ETF,Global,11.38,244,2105,45325811.62,1.21,-2.19,-5.20,-10.43,-18.19,-22.99,-22.19,-48.50
SGRT,SMART Earnings Growth 30 ETF,North America,34.22,122898,70833,58621817.50,0.59,-2.13,-5.21,-0.93,22.70,34.03,35.56,73.27
VUSG,Vanguard Wellington U.S. Growth Active ETF,North America,62.91,24580,17671,27931200.00,0.35,-0.83,-5.21,-2.37,7.72,2.05,2.61,6.11
TSEL,Touchstone Sands Capital US Select Growth ETF,North America,28.31,12573,67175,92041500.00,0.67,-0.82,-5.21,-1.42,7.04,-2.91,-1.04,4.25
ARVR,First Trust Indxx Metaverse ETF,Global,54.76,909,732,2760810.43,0.70,-1.54,-5.22,-0.85,18.12,9.44,10.03,23.07
TINT,ProShares Smart Materials ETF,Global,39.80,1935,1149,2019910.00,0.58,-0.10,-5.24,-2.53,11.82,17.73,17.53,33.30
VEM,Virtus Emerging Markets Dividend ETF,Emerging markets,27.17,76,155,6696357.14,0.49,0.05,-5.24,-2.17,10.52,7.76,7.76,7.76
AAXJ,iShares MSCI All Country Asia ex Japan ETF,Asia-Pacific,114.42,689114,713007,3785279208.80,0.72,0.00,-5.26,-1.58,14.18,23.10,20.16,41.75
ASIA,Matthews Pacific Tiger Active ETF,Asia-Pacific,42.90,4163,5027,53063750.00,0.79,0.07,-5.27,-1.05,17.48,27.25,23.22,50.65
PLYY,GraniteShares YieldBOOST PLTR ETF,North America,9.52,2145,7795,3767409.66,1.70,-1.45,-5.28,-10.28,-29.33,-53.92,-48.54,-62.40
PTF,Invesco Dorsey Wright Technology Momentum ETF,North America,121.89,87290,98671,706357260.00,0.60,-2.11,-5.30,3.15,36.18,51.21,56.41,82.04
MISL,First Trust Indxx Aerospace & Defense ETF,North America,45.86,74166,770254,800297641.20,0.65,0.61,-5.31,3.15,-5.44,10.56,6.87,28.21
GEME,Pacific North of South EM Equity Active ETF,Emerging markets,41.86,59734,72465,341794000.00,0.75,0.29,-5.32,-1.67,15.95,24.24,27.81,54.43
MEMA,Man Active Emerging Markets Alternative ETF,Emerging markets,30.61,2675,2492,12084165.51,0.85,-1.01,-5.33,-5.14,9.70,22.14,15.97,22.14
FLCG,Federated Hermes MDT Large Cap Growth ETF,North America,33.24,163797,83236,548904600.00,0.39,-0.76,-5.33,-2.46,5.26,-0.27,-0.03,13.76
BRF,VanEck Brazil Small-Cap ETF,Latin America,16.61,5912,8392,22192380.00,0.60,1.34,-5.33,-14.66,-9.55,-2.84,3.78,14.15
JADE,JPMorgan Active Developing Markets Equity ETF,Emerging markets,76.30,17043,2649,30236000.00,0.65,-0.03,-5.34,-2.35,10.38,20.33,18.56,43.48
MVPL,Miller Value Partners Leverage ETF,North America,41.28,1095,338,24105844.00,1.72,-0.68,-5.34,-0.01,17.42,10.70,13.68,37.89
RSST,Return Stacked U.S. Stocks & Managed Futures ETF,Global,32.17,77349,117026,460055450.00,0.99,-1.42,-5.34,-1.69,8.01,13.58,12.55,44.18
AVEM,Avantis Emerging Markets Equity ETF,Emerging markets,92.69,2102894,2110440,24946817900.00,0.33,-0.58,-5.34,-2.31,11.63,20.25,18.17,38.16
DEXC,Dimensional Emerging Markets ex China Core Equity ETF,Emerging markets,78.03,23796,19354,307045326.32,0.43,-0.15,-5.35,-1.00,17.53,31.32,27.13,47.09
ROAM,Hartford Multifactor Emerging Markets ETF,Emerging markets,35.35,10020,25218,113817275.00,0.44,0.38,-5.37,-0.49,12.02,20.62,19.64,37.89
CWY,GraniteShares YieldBOOST CRWV ETF,North America,20.63,715,2245,624320.81,1.07,-1.01,-5.37,-11.42,-18.26,-18.26,-18.26,-18.26
EFFE,Harbor Osmosis Emerging Markets Resource Efficient ETF,Emerging markets,27.44,79,486,141381000.00,0.69,-0.20,-5.38,0.67,13.97,11.32,16.67,25.15
SHLD,Global X Defense Tech ETF,Global,63.11,1435719,2020346,7509139892.30,0.50,0.06,-5.38,-3.77,-16.32,-2.31,-3.77,8.49
ITEQ,Amplify BlueStar Israel Technology ETF,Middle East & Africa,64.59,3759,7673,117792000.00,0.75,-0.99,-5.39,2.10,10.82,9.84,9.84,18.23
NTSE,WisdomTree Emerging Markets Efficient Core Fund,Emerging markets,46.54,1105,3929,54835200.00,0.32,-0.17,-5.39,-1.87,12.66,24.17,20.11,44.58
STXE,Strive Emerging Markets Ex-China ETF,Emerging markets,49.12,9397,9608,139921230.00,0.32,0.43,-5.39,0.33,20.01,39.11,34.06,62.81
HFGM,Unlimited HFGM Global Macro ETF,Global,31.55,36852,52683,153328056.00,0.99,-0.41,-5.40,-5.71,-10.50,-1.44,7.39,17.94
FITZ,Fitz-Gerald Must Have Portfolio ETF,Global,24.01,450902,,63706086.00,0.75,-1.40,-5.40,-4.08,-4.08,-4.08,-4.08,-4.08
COYY,GraniteShares YieldBOOST COIN ETF,North America,19.52,24030,42281,24948000.00,1.07,-1.42,-5.41,-13.00,-30.32,-67.62,-57.85,-87.09
CLUB,Billionaires Club ETF,Global,25.48,8984,,12013200.00,0.75,-0.65,-5.42,-0.55,0.16,0.16,0.16,0.16
LOUP,Innovator Deepwater Frontier Tech ETF,Global,91.85,16726,19785,210060093.36,0.70,-1.78,-5.43,4.49,24.77,16.81,18.15,61.17
EMCR,Xtrackers Emerging Markets Carbon Reduction and Climate Improvers ETF,Emerging markets,43.08,2092,1747,55298142.54,0.15,-0.02,-5.43,-2.65,9.31,17.15,14.06,34.09
TECY,GraniteShares YieldBOOST Technology ETF,North America,23.51,166,,709823.66,1.07,-0.62,-5.45,-6.21,-6.62,-6.62,-6.62,-6.62
APLY,YieldMax AAPL Option Income Strategy ETF,North America,11.94,247401,140749,124824037.50,1.04,-3.08,-5.46,-4.56,-0.91,-12.85,-10.70,-7.30
FEMR,Fidelity Enhanced Emerging Markets ETF,Emerging markets,40.71,29577,40703,144649548.00,0.38,-0.13,-5.48,-0.88,14.58,27.06,22.47,46.12
ILDR,First Trust Innovation Leaders ETF,Global,37.66,101402,43302,283279476.56,0.75,-1.82,-5.50,2.67,19.67,12.82,12.65,35.91
CARK,CastleArk Large Growth ETF,North America,45.84,14,1106,316347308.82,0.54,-0.86,-5.50,-0.91,8.07,3.51,3.91,15.82
GAMR,Amplify Video Game Leaders ETF,Global,88.27,2037,1406,39661600.00,0.59,-2.06,-5.51,1.17,11.26,-4.39,-2.65,10.42
IGLD,FT Vest Gold Strategy Target Income ETF,Global,22.26,313571,336047,560083245.17,0.85,-1.68,-5.52,-10.64,-20.59,-11.21,-12.22,3.06
PLA,GraniteShares Autocallable PLTR ETF,North America,24.40,1184,,2212224.58,1.07,-0.89,-5.52,-2.77,-2.77,-2.77,-2.77,-2.77
HACK,Amplify Cybersecurity ETF,Global,95.09,151111,142441,2400888000.00,0.60,-1.75,-5.53,13.38,22.16,11.77,17.71,12.04
TLG,Touchstone Large Company Growth ETF,North America,26.48,416,14516,137832778.98,0.67,-0.45,-5.54,-3.43,8.04,8.04,8.04,8.04
FEPI,REX FANG & Innovation Equity Premium Income ETF,North America,44.02,273605,219778,698781172.53,0.65,-1.32,-5.54,-1.39,2.85,-5.39,-4.24,0.14
BAY,Corgi Bay Area Based ETF,North America,27.69,3,,1969457.00,0.20,-1.64,-5.56,3.11,4.64,4.64,4.64,4.64
FTEC,Fidelity MSCI Information Technology Index ETF,North America,274.63,1026500,384384,20499850320.00,0.08,-1.95,-5.56,4.16,25.33,19.36,20.96,46.66
PWER,Nomura Energy Transition ETF,Global,42.74,336,981,12080700.00,0.80,-1.54,-5.60,-1.10,6.72,21.45,20.59,53.83
AVES,Avantis Emerging Markets Value ETF,Emerging markets,64.52,91085,70301,1404080712.00,0.36,-0.55,-5.60,-4.03,4.79,10.63,9.60,22.31
BCEM,Baron Emerging Markets Select ETF,Emerging markets,26.49,8739,6680,41083125.30,0.80,0.00,-5.60,-5.39,6.81,6.81,6.81,6.81
FPXI,First Trust International Equity Opportunities ETF,Global Ex-U.S.,73.85,12462,20813,211678198.55,0.70,-1.80,-5.61,0.44,14.32,21.71,22.88,36.25
HFGO,Hartford Large Cap Growth ETF,North America,28.87,12353,28039,204955780.00,0.59,-1.16,-5.62,-0.72,11.55,3.37,4.45,21.40
FLAX,Franklin FTSE Asia ex Japan ETF,Asia-Pacific,35.88,11145,12232,49469000.00,0.19,-0.23,-5.63,-2.05,12.62,20.40,18.26,40.93
VGT,Vanguard Information Tech ETF,North America,114.99,9603226,5248060,143188679793.47,0.09,-1.93,-5.63,3.99,24.93,19.21,20.74,46.12
MDAA,Myriad Dynamic Asset Allocation ETF,Global,114.43,535,1071,443265416.00,0.97,-0.55,-5.64,-2.10,8.43,14.02,11.25,14.42
GOLY,Strategy Shares Gold Enhanced Yield ETF,Global,26.53,28802,51352,99603800.00,0.90,-1.76,-5.65,-10.82,-28.24,-23.17,-25.67,-7.17
MEM,Matthews Emerging Markets Equity Active ETF,Emerging markets,43.10,22167,3442,53349760.00,0.79,-0.64,-5.65,-3.56,12.12,16.81,16.77,36.17
DTEC,ALPS Disruptive Technologies ETF,Global,47.91,73539,8287,72615096.82,0.50,-1.02,-5.65,1.82,6.25,-3.93,-1.16,-1.16
KQQQ,Kurv Technology Titans Select ETF,Global,29.78,54473,55575,122816160.00,0.99,-1.02,-5.66,-1.51,13.76,2.66,5.05,16.02
IGM,iShares Expanded Tech Sector ETF,North America,156.87,1094382,625189,10529187174.00,0.39,-1.64,-5.66,3.56,24.88,18.02,20.12,47.19
FDG,American Century Focused Dynamic Growth ETF,North America,132.29,15113,22801,394810424.00,0.45,-1.41,-5.67,-2.26,10.10,5.16,3.58,26.17
MUSQ,MUSQ Global Music Industry Index ETF,Global,24.99,43,1068,21537901.54,0.76,-0.76,-5.68,-4.79,-4.82,-10.51,-11.54,-10.46
SMYY,GraniteShares YieldBOOST SMCI ETF,North America,7.84,49753,41176,9686807.94,1.07,-1.65,-5.68,-10.93,-23.60,-53.92,-39.33,-69.17
REMG,Russell Investments Emerging Markets Equity ETF,Emerging markets,35.89,13029,11016,100578969.61,0.64,0.11,-5.69,-2.60,12.26,22.29,19.36,43.42
LRNZ,"TrueShares Technology, AI & Deep Learning ETF",North America,57.27,10520,5930,38741477.00,0.69,-0.88,-5.69,15.93,35.51,15.79,19.26,32.81
XEY,GraniteShares YieldBOOST Ether ETF,Global,22.06,12,183,663322.11,1.07,-0.72,-5.69,-9.03,-12.17,-12.17,-12.17,-12.17
PRNT,3D Printing (The) ETF,Global,24.50,23554,16568,63429600.00,0.66,0.58,-5.70,3.19,12.33,8.93,9.08,13.79
EMMF,WisdomTree Emerging Markets Multifactor Fund,Emerging markets,37.97,12152,14432,175596700.00,0.48,0.04,-5.70,0.25,11.29,20.09,18.59,34.61
ARMY,Tema International Defense ETF,Global,24.78,1823,5463,5948208.00,0.68,-0.69,-5.71,0.56,-9.40,8.73,1.01,-2.48
GSEE,Goldman Sachs MarketBeta Emerging Markets Equity ETF,Emerging markets,67.48,2437,4407,136591500.00,0.36,-0.17,-5.71,-2.34,10.85,18.10,18.37,34.96
SFYF,SoFi Social 50 ETF,North America,61.24,2242,4094,41618792.00,0.29,-1.39,-5.71,0.76,13.77,9.01,8.56,38.21
DVSP,WEBs SPY Defined Volatility ETF,North America,28.38,253,394,1283805.00,0.89,-0.53,-5.72,0.58,7.39,3.41,4.55,27.72
JTEK,JPMorgan U.S. Tech Leaders ETF,North America,101.60,496373,266999,4162990000.00,0.65,-1.59,-5.73,0.40,21.39,10.03,11.16,27.48
KOMP,State Street SPDR S&P Kensho New Economies Composite ETF,Global,69.36,67687,117390,2766998261.30,0.20,-1.40,-5.73,2.37,13.43,11.30,14.78,31.92
EMDM,First Trust Bloomberg Emerging Market Democracies ETF,Emerging markets,40.99,4340,11207,32078480.20,0.75,0.37,-5.73,-1.78,13.26,30.78,27.93,69.09
THNQ,ROBO Global Artificial Intelligence ETF,Global,84.41,45157,33896,421485341.16,0.68,-1.88,-5.73,7.79,36.43,27.01,31.25,61.58
TEKX,State Street Galaxy Transformative Tech Accelerators ETF,Global,65.96,7191,6600,15706579.92,0.65,-1.48,-5.76,12.78,50.50,53.91,64.91,129.82
DRUP,GraniteShares Nasdaq Select Disruptors ETF,North America,62.27,867,2934,47220000.00,0.60,-1.11,-5.76,3.99,6.66,-8.66,-5.41,2.99
TRFK,Pacer Data and Digital Revolution ETF,Global,97.04,317754,185864,920048964.00,0.49,-2.17,-5.77,11.48,50.03,44.45,49.45,80.27
QFRD,Pacer S&P 500 Quality FCF R&D Leaders,North America,27.28,18,94,1104312.00,0.49,-1.20,-5.77,1.98,13.40,11.02,11.02,11.02
FDN,First Trust DJ Internet Index Fund,North America,267.62,521560,513175,5169129041.27,0.49,-1.09,-5.79,0.13,8.78,-1.97,-1.12,2.37
EWH,iShares MSCI Hong Kong Index Fund,Asia-Pacific,21.59,5113494,2767752,1156022667.75,0.50,-1.19,-5.80,-11.12,-7.89,-1.05,-0.60,9.84
TDVI,FT Vest Technology Dividend Target Income ETF,North America,32.29,177240,118132,495011165.35,0.75,-1.25,-5.81,3.03,16.36,10.89,15.36,28.39
IDEF,iShares Defense Industrials Active ETF,Global,31.88,1063214,1106740,3885336436.00,0.55,-0.22,-5.82,-3.66,-9.74,5.56,2.51,18.96
AGEM,abrdn Emerging Markets Dividend Active ETF,Emerging markets,47.22,7354,21357,326719573.39,0.70,-0.02,-5.82,-1.63,11.03,23.84,21.95,46.37
PJUN,Innovator U.S. Equity Power Buffer ETF - June,North America,42.82,250454,254906,818331860.00,0.79,-0.19,-5.83,-0.93,1.73,2.74,1.95,9.40
NXTE,AXS Green Alpha ETF,Global,49.00,1328,1910,53926620.00,1.00,-0.87,-5.85,2.46,19.12,23.41,23.38,47.63
FRDM,Freedom 100 Emerging Markets ETF,Emerging markets,69.15,381598,390899,3328239360.00,0.49,1.44,-5.85,1.50,20.64,39.92,32.04,77.44
EMXC,iShares MSCI Emerging Markets ex China ETF,Emerging markets,96.38,4796671,2585529,23392433451.90,0.25,0.21,-5.87,-0.52,18.78,33.18,30.14,57.55
HCMT,Direxion HCM Tactical Enhanced US ETF,North America,39.92,107229,39251,599370440.50,1.18,-1.42,-5.87,0.92,6.77,0.81,2.33,31.36
WGMI,CoinShares Bitcoin Mining ETF,Global,63.13,1000110,682075,346936750.00,0.75,-3.98,-5.87,5.80,66.31,40.41,61.29,211.75
NYSX,Global X NYSE 100 ETF,North America,123.07,617,2470,18740205.00,0.09,-1.47,-5.87,0.94,27.07,27.07,27.07,27.07
ALAI,Alger AI Enablers & Adopters ETF,Global,43.22,84164,71688,432144425.87,0.58,-0.73,-5.88,3.08,25.49,15.87,18.15,49.40
EMOP,AB Emerging Markets Opportunities ETF,Emerging markets,50.45,90799,131943,2114800992.28,0.70,-0.14,-5.88,-2.54,12.14,24.38,17.43,43.92
DFSE,Dimensional Emerging Markets Sustainability Core 1 ETF,Emerging markets,47.53,48925,23187,599808290.22,0.41,-0.61,-5.88,-3.92,8.42,15.20,12.63,28.42
IGPT,Invesco AI and Next Gen Software ETF,Global,93.99,284464,209402,1163208830.00,0.56,-1.21,-5.88,7.66,50.29,57.91,55.18,100.96
ROBT,First Trust Nasdaq Artificial Intelligence and Robotics ETF,Global,55.23,69077,57451,735224512.25,0.65,-1.97,-5.89,1.87,12.01,2.38,5.00,19.32
ISRA,VanEck Israel ETF,Middle East & Africa,64.93,15290,8730,155857237.50,0.59,-1.23,-5.90,-5.91,2.83,7.86,9.70,31.30
RCTR,First Trust Bloomberg Nuclear Power ETF,Global,33.38,8626,6819,21884267.34,0.70,-1.33,-5.93,-11.82,-8.36,0.63,0.17,9.36
TEMR,T. Rowe Price Emerging Markets Equity Research ETF,Emerging markets,27.92,3,1008,23609028.80,0.40,-0.18,-5.93,-3.02,12.99,12.99,12.99,12.99
TTEQ,T. Rowe Price Technology ETF,Global,41.63,171476,162545,339656011.80,0.63,-1.27,-5.94,3.15,29.17,25.32,25.89,51.17
CHPX,Global X AI Semiconductor & Quantum ETF,Global,97.76,194872,143102,247702750.00,0.50,-1.79,-5.94,12.21,61.19,69.75,72.78,91.42
AVXC,Avantis Emerging Markets ex-China Equity ETF,Emerging markets,80.46,45193,44378,390267720.00,0.33,-0.48,-5.95,-2.00,15.32,27.04,24.20,46.02
PYPY,YieldMax PYPL Option Income Strategy ETF,North America,25.01,7097,11735,11445975.67,1.31,0.51,-5.97,-10.19,-18.42,-40.12,-38.42,-62.04
IHAK,iShares Cybersecurity and Tech ETF,Global,55.64,262022,168685,870128304.05,0.47,-1.77,-5.98,8.80,24.25,10.48,15.03,6.39
TEC,Harbor Transformative Technologies ETF,North America,31.90,809,386,6462000.00,0.69,-1.24,-5.98,1.58,17.14,10.54,13.21,31.81
ROBO,ROBO Global Robotics and Automation Index ETF,Global,82.99,442617,267247,1971207878.09,0.95,-1.59,-5.98,-3.32,14.60,16.15,18.03,44.88
PICK,iShares MSCI Global Select Metals & Mining Producers Fund,Global,61.84,346651,699964,2138386337.50,0.39,-0.31,-5.99,-4.26,5.76,24.18,18.35,62.99
CNEQ,Alger Concentrated Equity ETF,North America,38.98,162161,263409,656004674.61,0.56,-0.84,-6.00,2.34,17.91,11.82,12.01,38.67
XLK,State Street Technology Select Sector SPDR ETF,North America,180.77,29884444,13263551,117711263467.82,0.08,-1.85,-6.01,5.35,28.59,22.92,24.13,51.09
CARZ,First Trust S-Network Future Vehicles & Technology ETF,Global,111.53,1366,4116,51126077.23,0.70,-2.01,-6.01,0.07,32.94,41.36,39.42,87.32
IPAY,Amplify Digital Payments ETF,Global,43.27,27913,32414,151095000.00,0.75,0.38,-6.02,-7.76,-3.78,-17.49,-17.19,-25.46
EMSC,Sophus Capital Emerging Market Small Cap ETF,Emerging markets,25.46,10065,,41708994.00,0.85,-0.03,-6.02,0.73,0.73,0.73,0.73,0.73
JANU,AllianzIM U.S. Equity Buffer15 Uncapped Jan ETF,North America,29.79,95594,8143,88048650.00,0.74,-0.25,-6.03,-0.07,6.43,5.71,5.65,17.19
NFLP,Kurv Yield Premium Strategy Netflix (NFLX) ETF,North America,20.86,3508,3381,5710851.00,0.99,-1.49,-6.04,-9.66,-23.39,-24.83,-24.09,-48.72
SCA,GraniteShares Autocallable SMCI ETF,North America,24.83,64,,1264025.28,1.07,-2.39,-6.04,-1.99,-1.99,-1.99,-1.99,-1.99
BAI,iShares A.I. Innovation and Tech Active ETF,Global,46.81,10570020,4680193,14789793504.00,0.55,-2.15,-6.04,1.81,36.91,32.31,37.88,74.27
PNQI,Invesco Nasdaq Internet ETF,North America,46.45,46181,50161,522555840.00,0.60,-0.79,-6.06,-5.17,-2.16,-14.54,-14.37,-7.97
IDX,VanEck Indonesia Index ETF,Asia-Pacific,10.23,113153,108276,26375440.00,0.57,7.01,-6.06,-20.57,-27.91,-40.25,-38.67,-30.88
FMET,Fidelity Metaverse ETF,Global,37.26,1579,3968,45533433.60,0.39,-2.12,-6.07,-2.02,13.15,1.53,2.14,15.75
RGYY,GraniteShares YieldBoost RGTI ETF,North America,8.18,5168,12754,2246408.32,1.07,-1.57,-6.08,-12.61,-33.28,-62.63,-56.05,-66.63
IXN,iShares Global Tech ETF,Global,136.40,693914,582496,9149057996.60,0.39,-1.59,-6.09,4.94,28.53,27.57,28.11,56.93
NGHT,Nicholas Bitcoin and Treasuries AfterDark ETF,Global,22.30,758,26839,26384780.00,0.97,-1.72,-6.11,-18.14,-15.18,-15.18,-15.18,-15.18
TDIV,First Trust NASDAQ Technology Dividend Index Fund,Global,116.28,174985,103401,4469871315.00,0.50,-1.40,-6.11,3.60,19.28,15.51,18.78,38.11
GLDW,Roundhill Gold WeeklyPay ETF,Global,44.53,19145,13714,20913256.00,0.99,-1.84,-6.12,-14.24,-27.64,-16.02,-17.45,-11.78
DRIV,Global X Autonomous & Electric Vehicles ETF,Global,38.65,227226,94353,452237574.55,0.68,-1.23,-6.12,-1.75,24.36,27.39,28.45,71.85
BABW,Roundhill BABA WeeklyPay ETF,Asia-Pacific,24.89,561,1889,1500048.00,1.00,-0.37,-6.14,-20.77,-23.42,-43.19,-39.79,-51.71
KGRN,KraneShares MSCI China Clean Technology Index ETF,Asia-Pacific,25.77,19562,22135,58247734.54,0.79,-0.52,-6.14,-10.10,-11.09,-7.16,-6.85,-1.63
YNOT,Horizon Digital Frontier ETF,Global,32.04,15363,25931,119630544.00,0.75,-1.51,-6.15,-2.09,13.61,11.36,12.65,27.75
KEMX,KraneShares MSCI Emerging Markets ex China Index ETF,Emerging markets,49.26,16998,13252,125887954.42,0.24,-0.40,-6.15,-1.08,18.10,32.21,30.04,58.90
TNUK,Tortoise Nuclear Renaissance ETF,Global,24.25,3046,1601,1967288.00,0.75,-1.63,-6.18,-12.58,-8.85,-2.29,-5.89,-2.29
IPO,Renaissance IPO ETF,North America,53.85,26079,32634,162552300.00,0.60,-0.57,-6.18,7.36,23.96,12.68,16.43,22.50
BCHI,GMO Beyond China ETF,Emerging markets,39.04,737,1025,18448656.00,0.65,0.23,-6.18,-3.17,18.45,27.36,25.50,46.50
PIZ,Invesco Dorsey Wright Developed Markets Momentum ETF,Developed markets,53.84,153445,77962,743820000.00,0.80,-1.00,-6.19,-8.24,4.35,9.75,8.60,18.92
NYYY,xETFs NVDA Daily Income ETF,North America,43.78,275,,439600.00,0.99,-0.40,-6.19,-8.60,-8.60,-8.60,-8.60,-8.60
TECB,iShares U.S. Tech Breakthrough Multisector ETF,North America,68.91,12419,20949,468768930.40,0.30,-1.48,-6.20,2.40,18.75,12.18,12.47,24.82
CBTJ,Calamos Bitcoin 80 Series Structured Alt Protection ETF - January,Global,17.84,10911,16167,21756018.13,0.69,-0.89,-6.23,-11.97,-7.01,-22.62,-19.70,-33.30
QQQS,Invesco NASDAQ Future Gen 200 ETF,North America,40.94,5631,9414,18589991.31,0.20,-1.01,-6.23,-2.29,16.05,13.96,18.60,57.53
UX,Roundhill Uranium ETF,Global,27.62,1053,5944,4465328.00,0.77,-0.58,-6.24,-8.11,-10.03,-4.09,-8.05,2.80
XBTY,GraniteShares YieldBOOST Bitcoin ETF,Global,5.93,28684,58058,14363906.01,1.15,-1.34,-6.25,-12.73,-24.01,-50.00,-46.73,-76.71
CMAG,Corgi Mag 7 ETF,North America,24.86,81,,4525002.00,0.20,-1.09,-6.28,-5.60,-3.06,-3.06,-3.06,-3.06
AOTS,AOT Software Platform ETF,North America,22.71,653,1531,2292140.00,0.49,-0.92,-6.29,-1.97,1.36,-9.94,-9.72,-9.94
DEHP,Dimensional Emerging Markets High Profitability ETF,Emerging markets,40.75,21001,31163,420864662.26,0.41,-0.03,-6.33,-1.72,16.32,28.71,23.59,49.65
MBSX,Regan Fixed Rate MBS ETF,North America,26.93,2518,2570,16554875.00,0.40,2.59,-6.33,-0.15,-1.50,2.20,1.34,6.19
QQH,HCM Defender 100 Index ETF,North America,82.49,100036,72159,759295000.00,0.98,-1.67,-6.34,-0.11,9.65,4.83,5.45,29.25
XLKI,State Street Technology Select Sector SPDR Premium Income ETF,North America,26.10,10955,11693,9634849.21,0.35,-1.94,-6.35,-3.27,5.07,-0.46,1.95,4.15
LENS,Sarmaya Thematic ETF,Global,40.96,4858,11646,51643272.00,0.79,-1.66,-6.35,-9.43,-11.81,4.68,4.42,47.56
AGRW,Allspring LT Large Growth ETF,North America,31.57,657,310,110828651.51,0.35,-0.68,-6.36,-0.27,9.38,3.12,4.86,16.51
XME,State Street SPDR S&P Metals & Mining ETF,North America,116.10,2097956,2333452,5093018436.88,0.35,-2.10,-6.37,-4.71,2.71,16.23,10.32,78.42
AIA,iShares Asia 50 ETF,Asia-Pacific,136.56,457107,590106,4952676565.20,0.50,-0.30,-6.39,0.70,23.40,40.99,35.70,72.89
POW,VistaShares Electrification Supercycle ETF,Global,29.46,62129,134866,63743377.50,0.75,0.14,-6.39,-9.88,22.44,45.34,48.11,190.96
MFEM,PIMCO RAFI Dynamic Multi-Factor Emerging Markets Equity ETF,Emerging markets,28.19,19250,10756,150236800.00,0.50,-0.19,-6.41,-2.42,10.29,23.37,20.21,37.31
FDRV,Fidelity Electric Vehicles and Future Transportation ETF,Global,19.39,26301,11394,28568205.95,0.39,-1.97,-6.42,-2.44,16.32,15.14,16.18,35.59
PCLC,Polen 5Perspectives Large Growth ETF,North America,24.30,1562,,1721510.00,0.50,-1.18,-6.43,-0.23,-0.23,-0.23,-0.23,-0.23
AAPY,Kurv Yield Premium Strategy Apple (AAPL) ETF,North America,25.12,4345,4204,6014960.00,0.99,-3.60,-6.43,-2.09,9.09,-2.36,0.45,16.20
GIAX,Nicholas Global Equity and Income ETF,Global,17.10,200185,86301,99925300.00,1.03,-1.95,-6.46,0.29,11.15,-0.41,3.57,-2.56
FOTO,Tuttle Capital Pure Play Photonics ETF,Global,22.72,1793942,,135569199.05,0.75,-6.81,-6.46,-6.46,-6.46,-6.46,-6.46,-6.46
KGLD,Kurv Gold Enhanced Income ETF,Global,27.93,282746,89820,98610807.00,1.00,-1.89,-6.46,-11.89,-22.99,-6.65,-9.84,12.87
QTAC,Q3 All-Season Tactical Advantage ETF,North America,24.08,4516,14054,56219500.00,1.78,-1.93,-6.47,-0.10,-0.93,-2.96,-5.89,-2.96
SAPH,SAP SE,Europe,33.88,630,661,343704.37,0.19,-1.72,-6.50,5.04,-5.82,-25.00,-22.02,-40.32
MGNR,American Beacon Select Funds American Beacon GLG Natural Resources ETF,Global,51.38,58762,97853,844998051.92,0.75,-1.15,-6.50,-4.43,1.46,16.98,15.30,57.98
USMD,CoreValues America First Technology ETF,North America,30.96,7,32,315604.00,0.87,-1.86,-6.50,6.68,24.94,22.63,22.63,22.63
NFLW,Roundhill NFLX WeeklyPay ETF,North America,19.45,5073,10377,13829480.00,1.00,-1.64,-6.52,-11.39,-26.59,-30.83,-29.23,-61.33
FTHF,First Trust Emerging Markets Human Flourishing ETF,Emerging markets,46.65,4901,10571,115558440.63,0.75,0.66,-6.54,-0.75,20.10,42.28,37.81,81.33
CBOT,Corgi Robots & Humanoids ETF,Global,25.23,280,,3719235.50,0.35,-1.68,-6.54,-4.78,-5.21,-5.21,-5.21,-5.21
XTL,State Street SPDR S&P Telecom ETF,North America,220.91,160027,108547,871511987.50,0.35,-3.33,-6.55,-0.78,15.82,40.77,42.38,105.90
BPAY,BlackRock Future Financial and Technology ETF,Global,23.56,342,1334,8457156.00,0.55,0.44,-6.55,-5.11,0.90,-20.97,-13.57,-24.00
SSS,CYBER HORNET S&P 500 and Solana 75/25 Strategy ETF,Global,19.23,6,268,484930.00,0.95,-1.08,-6.55,-6.51,0.41,-5.93,-5.93,-5.93
DBP,Invesco DB Precious Metals Fund,Global,99.04,11093,12869,258688807.80,0.77,-2.18,-6.55,-12.48,-19.44,-1.66,-5.82,31.15
TCAI,Tortoise AI Infrastructure ETF,Global,50.96,169418,156696,246984976.00,0.65,-1.64,-6.56,4.83,41.67,62.50,68.83,101.18
FBY,YieldMax META Option Income Strategy ETF,North America,9.46,117690,170226,95310507.50,1.06,-0.05,-6.57,-6.76,-19.74,-23.75,-25.26,-43.72
GPTY,YieldMax AI & Tech Portfolio Option Income ETF,North America,45.57,77058,58198,124922325.00,1.06,-3.47,-6.58,0.31,19.48,1.72,5.80,-0.42
AMDY,Yieldmax AMD Option Income Strategy ETF,North America,51.85,531632,439100,385293466.80,1.00,-2.90,-6.58,2.51,64.97,33.43,34.90,35.38
BBC,Virtus Biotech Clinical Trials ETF,North America,41.41,53037,27030,40915163.66,0.65,1.25,-6.60,-6.57,-4.80,3.84,5.83,101.42
SNOY,YieldMax SNOW Option Income Strategy ETF,North America,10.47,52367,71418,32424951.29,1.00,-0.19,-6.60,42.45,13.43,-13.11,-14.32,-41.01
ICOP,iShares Copper and Metals Mining ETF,Global,51.18,134527,126516,448012424.70,0.47,-0.14,-6.61,-3.26,2.32,20.50,13.13,71.97
PEVC,Pacer PE/VC ETF,North America,29.34,2043,684,2368736.00,0.85,-0.84,-6.61,-0.34,8.67,-0.96,4.67,14.10
HUMN,Roundhill Humanoid Robotics ETF,Global,35.43,132577,108545,86085314.00,0.75,-2.90,-6.62,-2.10,13.47,19.62,16.35,42.17
AOTG,AOT Growth and Innovation ETF,North America,61.20,5170,7151,99856386.00,0.75,-1.35,-6.63,4.02,20.16,8.12,7.95,30.23
CIBR,First Trust NASDAQ Cybersecurity ETF,Global,84.34,2443923,1738689,13143743372.26,0.58,-2.08,-6.64,15.27,28.29,11.31,17.19,14.62
BGEG,Baillie Gifford Emerging Markets ETF,Emerging markets,23.61,640,,,0.79,0.02,-6.64,-6.64,-6.64,-6.64,-6.64,-6.64
TRUT,VanEck Technology TruSector ETF,North America,30.60,767663,166259,167207344.00,0.14,-1.94,-6.65,2.24,20.22,14.11,13.84,26.71
BLCN,Siren NexGen Economy ETF,Global,25.16,20269,27008,37315050.00,0.68,-4.39,-6.66,-0.57,11.65,-6.35,3.73,13.31
COPP,Sprott Copper Miners ETF,Global,39.40,154553,166238,301523921.40,0.66,-1.08,-6.66,-0.98,2.66,19.76,11.43,74.57
TKNQ,Amplify Tokenization Technology Leaders ETF,Global,21.83,4910,916,873944.00,0.69,-0.54,-6.66,-8.54,-3.43,-14.14,-14.86,-14.14
AGIQ,SoFi Agentic AI ETF,North America,23.53,8733,12103,10757475.00,0.69,-1.51,-6.67,0.77,9.34,0.42,2.08,17.35
MAGY,Roundhill Magnificent Seven Covered Call ETF,North America,44.31,96705,67260,147966720.00,0.99,-1.09,-6.70,-5.80,-8.18,-18.14,-16.91,-20.61
BOTZ,Global X Robotics & Artificial Intelligence ETF,Developed markets,37.62,1660357,1129683,3559035251.26,0.68,-1.83,-6.70,-8.79,3.98,2.09,2.65,19.87
BGRO,iShares Large Cap Growth Active ETF,North America,41.51,405,1117,9852187.00,0.55,-1.01,-6.70,-0.96,12.48,7.20,8.10,18.87
GDE,WisdomTree Efficient Gold Plus Equity Strategy Fund,Global,63.64,202559,159511,551134350.00,0.20,-2.33,-6.73,-9.77,-10.91,4.60,1.43,37.27
CBTA,Calamos Bitcoin 80 Series Structured Alt Protection ETF - April,Global,20.58,115,1682,4194020.97,0.69,-1.06,-6.74,-11.51,-9.00,-27.95,-27.40,-31.34
HOOY,YieldMax HOOD Option Income Strategy ETF,North America,28.21,112468,125714,97972410.00,0.99,-0.46,-6.74,1.51,-10.30,-48.66,-41.07,-53.78
EZRO,AlphaDroid Defensive Sector Rotation ETF,Global,24.75,13116,14138,32495874.00,1.01,-1.63,-6.75,-4.07,-4.33,0.36,-0.28,-2.02
OARK,YieldMax Innovation Option Income Strategy ETF,Global,30.38,11077,13323,50678975.44,1.00,-0.72,-6.76,-7.21,-7.33,-20.81,-17.05,-27.84
FCLD,Fidelity Cloud Computing ETF,Global,36.97,24197,24366,107900943.00,0.39,-2.60,-6.77,6.49,30.51,20.77,23.29,31.11
NUKZ,Range Nuclear Renaissance Index ETF,Global,67.10,148035,140684,835129580.23,0.85,-1.90,-6.78,-9.52,-4.31,0.75,4.00,25.73
TEK,iShares Technology Opportunities Active ETF,Global,39.02,6916,5336,41110576.00,0.75,-1.65,-6.79,1.58,30.82,26.14,29.38,46.51
CLOU,Global X Cloud Computing ETF,Global,23.20,200212,275337,259832056.68,0.68,-1.69,-6.79,3.20,17.53,0.22,2.02,-1.65
DVQQ,WEBs QQQ Defined Volatility ETF,North America,30.83,765,2419,2026810.50,0.94,-1.11,-6.80,-0.95,14.91,10.39,12.32,38.48
COPA,Themes Copper Miners ETF,Global,48.95,7431,4401,13356900.00,0.35,-0.13,-6.80,-3.49,2.15,17.11,11.07,86.47
STCE,Schwab Crypto Thematic ETF,Global,73.48,351343,156570,306544500.00,0.30,-2.78,-6.82,-0.50,31.19,3.68,19.62,57.75
XQQI,NEOS Boosted Nasdaq-100 High Income ETF,North America,50.24,358787,284038,216379728.00,0.98,-1.93,-6.82,-2.48,6.15,0.08,0.08,0.08
NBDS,Neuberger Berman Disrupters ETF,Global,38.92,1578,4832,36662334.70,0.55,-1.43,-6.83,3.80,21.12,6.74,8.80,22.81
NODE,VanEck Onchain Economy ETF,Global,43.04,17737,15084,76235391.00,0.69,-2.29,-6.84,-4.86,24.14,11.18,21.75,49.39
SMOG,VanEck Low Carbon Energy ETF,Global,143.09,2221,2631,141834050.07,0.64,-0.78,-6.84,-7.65,3.57,8.44,8.54,31.72
YMAG,YieldMax Magnificent 7 Fund of Option Income ETFs,North America,11.99,1340528,1246474,320171400.00,1.34,-1.24,-6.84,-8.33,-6.14,-17.31,-16.39,-20.91
DUNK,Dana Unconstrained Equity ETF,North America,24.50,6550,12764,147543410.00,0.75,-1.08,-6.87,6.65,11.27,-0.15,-0.96,-2.07
DAT,ProShares Big Data Refiners ETF,Global,41.90,17107,1981,5338312.50,0.58,-1.76,-6.90,6.71,14.48,-10.44,-7.52,-8.62
GXPT,Global X PureCap MSCI Information Technology ETF,North America,31.80,1325314,120432,112997774.00,0.15,-2.39,-6.92,1.63,20.77,14.35,15.89,29.11
MAGS,Roundhill Magnificent Seven ETF,North America,65.66,3969091,3308210,3757755600.00,0.30,-1.31,-6.96,-4.98,5.90,-1.72,-1.26,24.64
FPA,First Trust Asia Pacific Ex-Japan AlphaDEX Fund,Asia-Pacific,52.37,4561,8683,129369251.47,0.80,1.22,-6.96,-2.04,15.05,35.46,38.54,56.75
DUTY,U.S. Defense ETF,North America,25.62,1787,2703,2066352.00,0.45,-0.76,-6.97,6.13,2.11,2.11,2.11,2.11
USRD,Themes US R&D Champions ETF,North America,37.55,297,91,1147617.00,0.29,-1.86,-6.98,3.63,14.31,10.01,12.79,21.91
WCME,First Trust WCM Developing World Equity ETF,Emerging markets,18.51,3161,9469,34353254.34,0.95,-0.06,-6.99,-4.93,6.01,8.12,4.99,20.11
XTR,Global X S&P 500 Tail Risk ETF,North America,28.11,2419,2017,3944269.76,0.25,-0.13,-7.07,0.27,7.95,-9.61,6.24,1.42
WAR,U.S. Global Technology and Aerospace & Defense ETF,Global,32.50,27777,37740,39769320.00,0.60,-2.05,-7.09,6.07,25.00,23.81,38.95,38.83
QBIG,Invesco Top QQQ ETF,North America,39.80,2763,5179,36343347.25,0.29,-1.61,-7.10,-5.17,9.31,1.25,1.88,28.97
ARKK,ARK Innovation ETF,Global,75.00,10623709,7640058,6720841600.00,0.75,-1.16,-7.14,-4.29,2.56,-8.55,-4.02,20.48
EIS,iShares MSCI Israel ETF,Middle East & Africa,124.53,270868,95833,960937904.80,0.59,-1.16,-7.15,-8.95,2.92,11.76,10.48,43.57
EMES,Harbor Emerging Markets Select ETF,Emerging markets,27.09,17,245,11381500.00,0.65,-0.55,-7.15,-4.91,10.58,21.68,17.64,34.25
ECH,iShares MSCI Chile ETF,Latin America,39.15,294308,468298,959293303.50,0.59,2.97,-7.16,-7.62,-3.93,0.98,-3.38,22.84
AIQ,Global X Artificial Intelligence & Technology ETF,Developed markets,63.16,5697189,2394710,10563557361.40,0.68,-1.99,-7.16,4.01,26.57,22.57,21.93,51.50
TEMX,Touchstone Sands Capital Emerging Markets ex-China Growth ETF,Emerging markets,35.57,465,548,12194000.00,0.80,0.02,-7.17,-3.11,15.56,19.71,17.23,30.88
FDND,FT Vest Dow Jones Internet & Target Income ETF,North America,21.34,8548,2518,9699343.11,0.75,-0.96,-7.22,-0.62,4.51,-7.06,-5.58,-7.38
AVRY,Avory Foundational ETF,North America,23.17,11982,15274,56118835.38,0.89,-0.70,-7.25,-3.26,3.82,-8.64,-8.64,-8.64
BLOK,Amplify Blockchain Technology ETF,Global,62.31,785105,420843,1304667000.00,0.70,-1.25,-7.28,-3.26,16.69,-0.24,7.58,18.19
KARS,KraneShares Electric Vehicles and Future Mobility Index ETF,Global,33.02,24812,43716,97345919.72,0.72,-0.03,-7.30,-11.76,1.35,5.83,6.00,54.88
PBOT,Pictet AI & Automation ETF,Global,31.29,3214,591,13391792.50,0.70,-1.00,-7.34,7.02,25.41,21.04,23.43,24.46
IGTR,Innovator Gradient Tactical Rotation Strategy ETF,Global,31.19,3721,2998,53176375.00,0.80,0.40,-7.37,-0.90,7.58,11.76,9.74,29.19
KNCT,Invesco Next Gen Connectivity ETF,Global,196.12,5030,3591,163667080.00,0.40,-2.01,-7.41,6.26,34.91,43.55,43.35,74.46
METV,Roundhill Ball Metaverse ETF,Global,17.88,38864,45374,213241350.00,0.59,-1.49,-7.45,-4.23,8.23,-8.31,-6.19,10.64
TSLY,YieldMax TSLA Option Income Strategy ETF,North America,27.95,478043,779069,848249866.32,1.07,-2.48,-7.45,-8.75,-13.47,-27.57,-26.13,-28.29
BITQ,Bitwise Crypto Industry Innovators ETF,Global,25.80,109209,151397,455817600.00,0.85,-3.19,-7.46,-6.49,26.04,12.37,26.53,38.12
FAI,First Trust Bloomberg Artificial Intelligence ETF,Global,52.11,51396,43448,89761805.60,0.65,-1.90,-7.47,4.96,30.74,24.50,25.46,57.17
KYC,Corgi Digital Banking & Fintech Infrastructure ETF,Global,23.10,105,,1373976.00,0.35,0.81,-7.49,-5.51,-6.14,-6.14,-6.14,-6.14
UFOD,Tuttle Capital UFO Disclosure ETF,North America,25.25,1307,4596,2830960.00,0.99,-1.84,-7.56,-2.66,-0.11,1.78,1.78,1.78
BPRO,Bitwise Proficio Currency Debasement ETF,Global,19.76,943,13616,101625600.00,0.96,-7.29,-7.56,-13.39,-19.33,-20.74,-20.74,-20.74
SNTH,MRP SynthEquity ETF,North America,29.67,35323,44698,178343745.00,0.96,-0.24,-7.57,-0.34,7.77,-4.93,7.33,11.33
HBTC,Fortuna Hedged Bitcoin ETF,Global,17.53,7,571,708368.00,1.97,-0.73,-7.58,-16.04,-14.11,-32.80,-25.36,-40.87
CABZ,"Roundhill Robotaxi, Autonomous Vehicles & Technology ETF",Global,23.20,3769,6132,2619573.00,0.59,-2.63,-7.59,-2.38,5.66,-7.22,-7.22,-7.22
UPGR,Xtrackers US Green Infrastructure Select Equity ETF,North America,27.05,592,1621,6147477.32,0.35,-0.99,-7.59,-0.31,10.23,5.23,10.45,52.67
ISTM,iShares Strategic Metals ETF,Global,30.37,26083,,31069800.00,0.47,-1.73,-7.61,-5.45,-5.45,-5.45,-5.45,-5.45
MAGO,Tuttle Capital Magnificent 7 Income Blast ETF,North America,22.80,1177,1584,2083986.00,0.99,-1.53,-7.62,-6.00,0.93,-9.04,-7.97,-9.04
RAYJ,Rayliant SMDAM Japan Equity ETF,Asia-Pacific,37.62,4247,3825,24456396.22,0.72,-2.34,-7.65,-7.26,3.51,9.69,14.02,22.72
TEKY,Lazard Next Gen Technologies ETF,Global,43.92,25,759,57265000.00,0.50,-1.14,-7.65,-0.39,22.25,13.65,17.12,31.93
SKYY,First Trust Cloud Computing ETF,North America,136.30,1111284,388917,3135104279.92,0.60,-2.61,-7.66,6.36,20.61,1.53,4.13,14.48
YMAX,YieldMax Universe Fund of Option Income ETFs,North America,8.03,3413736,1912674,433446952.50,1.33,-2.19,-7.70,-7.06,-4.97,-24.53,-20.10,-41.22
XSW,State Street SPDR S&P Software & Services ETF,North America,165.73,55316,84286,405585378.08,0.35,-1.96,-7.70,2.32,7.74,-14.76,-12.19,-11.99
FFF,Founders 100 ETF,Global,24.21,7108,3967,5031426.40,0.75,-0.91,-7.70,3.82,9.20,-3.74,-2.38,-3.74
XITK,State Street SPDR FactSet Innovative Technology ETF,North America,188.84,1466,1228,67010118.35,0.45,-2.94,-7.70,0.88,21.70,3.42,4.75,1.32
MINV,Matthews Asia Innovators Active ETF,Asia-Pacific,52.27,7172,18902,166419500.00,0.79,0.52,-7.70,2.81,33.09,46.17,44.33,72.51
FDIG,Fidelity Crypto Industry and Digital Payments ETF,Global,42.98,50166,55592,274840650.00,0.39,-1.87,-7.73,-4.23,18.79,-2.94,9.98,29.19
EMEQ,Nomura Focused Emerging Markets Equity ETF,Emerging markets,63.95,221557,194048,594774000.00,0.86,-0.37,-7.74,-0.32,34.28,61.64,53.46,120.08
QCLN,First Trust NASDAQ Clean Edge Green Energy Index Fund,North America,60.14,193980,254216,839843673.05,0.59,-2.26,-7.76,0.42,26.85,31.63,32.99,90.92
GLTR,abrdn Physical Precious Metals Basket Shares ETF,Global,194.53,87478,61687,2696404000.00,0.60,-2.45,-7.77,-13.81,-20.66,0.82,-7.90,40.91
IZRL,ARK Israel Innovative Technology ETF,Middle East & Africa,29.58,17114,16831,139504650.00,0.49,-1.53,-7.79,-5.25,4.84,-2.79,-3.46,19.57
FMTL,First Trust Indxx Critical Metals ETF,Global,34.37,11172,7447,27981669.95,0.65,-1.47,-7.83,-8.52,-2.14,20.68,16.00,43.51
XAIX,Xtrackers Artificial Intelligence and Big Data ETF,Global,54.83,73432,31910,152033805.28,0.35,-1.84,-7.83,5.46,29.29,27.48,26.08,50.43
BLOX,Nicholas Crypto Income ETF,Global,16.20,377061,396592,316357880.00,0.99,-1.82,-7.85,-9.29,11.26,-18.39,-8.99,-16.32
MTYY,GraniteShares YieldBOOST MSTR ETF,North America,21.94,2473,4030,1913350.00,1.07,-2.55,-7.89,-20.33,-34.59,-65.17,-56.26,-85.37
IETC,iShares U.S. Tech Independence Focused ETF,North America,106.83,42524,44997,786540602.75,0.18,-1.53,-7.91,0.77,13.72,2.02,4.02,19.38
WCLD,WisdomTree Cloud Computing Fund,North America,31.16,730075,1063677,270436000.00,0.45,-2.09,-7.92,6.28,7.78,-13.37,-11.60,-15.16
MRA,GraniteShares Autocallable MARA ETF,North America,23.36,840,,945223.63,1.07,-2.49,-7.98,-7.16,-7.16,-7.16,-7.16,-7.16
AGIX,KraneShares Public-Private AI & Technology ETF,Global,44.53,691034,542574,1031169006.73,0.45,-1.96,-7.98,2.46,28.59,19.19,21.93,46.53
ABOT,Abacus FCF Innovation Leaders ETF,North America,38.59,229,309,4863175.00,0.39,-0.82,-7.99,3.60,10.38,-4.45,-1.13,1.53
CLOD,Themes Cloud Computing ETF,Developed markets,31.49,964,2291,2579384.00,0.35,-2.42,-8.02,3.71,14.01,-7.02,-1.04,-6.51
AAPW,Roundhill AAPL WeeklyPay ETF,North America,38.15,64481,16927,44150250.00,1.00,-4.11,-8.13,-2.91,4.68,-10.44,-5.65,4.54
WCBR,WisdomTree Cybersecurity Fund,Developed markets,32.33,56458,41119,93497100.00,0.45,-2.58,-8.13,12.45,23.26,9.89,15.14,2.80
CHAT,Roundhill Generative AI & Technology ETF,Global,91.06,1176284,831593,2336421260.00,0.75,-2.71,-8.16,7.75,39.75,47.37,50.79,103.12
SPAM,Themes Cybersecurity ETF,Developed markets,38.13,563,4217,4639200.00,0.35,-1.46,-8.23,10.28,26.75,16.14,25.98,17.41
RACK,VanEck Data Center Supply Chain ETF,Global,48.32,31960,,12435987.20,0.50,-1.45,-8.24,-8.24,-8.24,-8.24,-8.24,-8.24
AMDW,Roundhill AMD WeeklyPay ETF,North America,95.22,93909,76938,84974622.00,1.00,-3.48,-8.24,6.53,123.01,77.13,84.01,87.82
MARO,YieldMax MARA Option Income Strategy ETF,North America,6.12,421488,463616,82468455.00,1.00,-2.55,-8.25,-6.13,1.83,-36.12,-19.69,-74.11
ARKX,ARK Space & Defense Innovation ETF,Global,33.70,3620312,1275727,1021496000.00,0.75,-1.95,-8.25,1.20,7.39,17.22,14.98,51.80
YGLD,Simplify Gold Strategy PLUS Income ETF,Global,34.40,29451,16368,40802035.48,0.53,-2.60,-8.27,-15.91,-32.04,-20.19,-18.98,-1.18
EART,Global X Rare Earth & Critical Materials ETF,Global,29.36,33029,20144,41944675.25,0.59,-0.21,-8.28,-14.38,-9.47,12.88,3.45,70.70
HYP,Golden Eagle Dynamic Hypergrowth ETF,North America,28.00,3748,10739,36971400.00,0.85,-2.25,-8.29,-4.21,9.98,14.85,17.99,11.33
DVXK,WEBs Technology XLK Defined Volatility ETF,North America,36.30,1619,7080,2401256.00,0.89,-1.67,-8.29,3.71,33.81,18.97,27.97,44.50
DVXC,WEBs Communication Services XLC Defined Volatility ETF,North America,24.81,1,97,246133.00,0.89,-0.30,-8.34,-9.93,-11.79,-13.29,-14.23,-0.67
BUG,Global X Cybersecurity ETF,Global,33.91,1821682,1157285,1122801016.55,0.50,-2.36,-8.35,13.54,27.00,4.89,10.67,-6.43
QTUP,Defiance Long Pure Quantum ETF,Global,18.56,16680,,1000000.00,0.77,,-8.35,,,,-8.35,
COPX,Global X Copper Miners ETF,Global,80.14,4314303,4364305,7621811912.72,0.65,-1.41,-8.37,-5.73,-2.22,17.42,8.97,85.04
XDAT,Franklin Exponential Data ETF,Global,24.30,2783,756,3728850.00,0.50,-2.30,-8.38,2.97,7.66,-8.65,-5.82,-9.11
EMET,VanEck Copper and Electrification Metals ETF,Global,41.69,5650,12868,40042500.00,0.62,-0.97,-8.41,-8.79,-1.91,18.37,10.11,82.53
BATT,Amplify Lithium & Battery Technology ETF,Global,15.74,71316,114699,129259000.00,0.59,-0.44,-8.44,-9.80,3.28,13.16,11.55,74.89
ARKQ,ARK Autonomous Technology & Robotics ETF,Global,128.87,241926,237590,2219532550.00,0.75,-2.13,-8.44,-2.29,7.18,11.79,10.58,56.60
PALL,abrdn Physical Palladium Shares ETF,Global,22.30,988054,879093,643282200.00,0.60,1.13,-8.49,-17.01,-25.17,-16.72,-25.77,14.16
HAIL,State Street SPDR S&P Kensho Smart Mobility ETF,North America,39.65,351,2796,22539632.64,0.45,-2.89,-8.50,4.17,16.64,13.50,17.19,36.86
WDAF,WisdomTree Asia Defense Fund,Asia-Pacific,30.38,3892,23100,22084760.70,0.45,-0.96,-8.50,-16.80,-15.13,9.94,5.29,-1.79
ARKW,ARK Next Generation Internet ETF,Global,138.68,90159,111424,1670636700.00,0.76,-1.67,-8.55,-4.55,6.49,-12.57,-7.34,5.48
LIT,Global X Lithium & Battery Tech ETF,Global,78.61,771579,583769,1937767036.93,0.75,1.97,-8.57,-11.70,8.89,21.24,19.32,112.98
SATO,Invesco Alerian Galaxy Crypto Economy ETF,Global,17.14,70365,5986,7950617.67,0.66,-2.51,-8.66,-9.17,5.54,-18.92,-6.45,-8.93
BUZZ,VanEck Social Sentiment ETF,North America,36.87,187020,123425,110364930.00,0.76,-2.23,-8.67,1.29,16.75,7.27,11.96,32.53
AMZY,YieldMax AMZN Option Income Strategy ETF,North America,11.12,366202,545772,253888150.00,1.09,-0.63,-8.70,-11.32,-2.97,-16.70,-16.20,-30.06
RKNG,Defiance Retail Kings ETF,North America,26.38,20507,12041,6817425.00,0.79,-3.20,-8.75,-0.19,29.76,4.68,4.68,4.68
IBLC,iShares Blockchain and Tech ETF,Global,49.68,28699,17097,94720954.60,0.47,-3.12,-8.78,-4.64,22.30,-0.70,18.43,38.46
MINY,YieldMax Strategic Metals & Mining Portfolio Option Income ETF,North America,39.40,4033,7088,6014100.00,1.01,-1.86,-8.79,-14.99,-16.40,-21.87,-21.87,-21.87
PBD,Invesco Global Clean Energy ETF,Global,20.20,43929,60333,217876250.00,0.75,-1.42,-8.80,-6.78,14.25,23.62,23.85,67.08
VCLN,Virtus Duff & Phelps Clean Energy ETF,Global,31.88,451,1906,6537130.74,0.59,-2.54,-8.80,-4.74,14.60,25.03,18.52,68.24
BKEM,BNY Mellon Emerging Markets Equity ETF,Emerging markets,91.68,1218,1776,85034500.00,0.11,0.33,-8.81,-2.72,11.62,23.91,19.44,40.47
IBAT,iShares Energy Storage & Materials ETF,Global,43.27,31298,63463,81190625.64,0.47,-0.09,-8.83,-1.75,28.55,43.23,48.69,102.20
FINX,Global X FinTech ETF,Developed markets,23.81,268084,81255,174351423.33,0.68,-0.79,-8.91,-8.28,-4.49,-21.57,-19.62,-24.00
FITE,State Street SPDR S&P Kensho Future Security ETF,North America,106.55,11615,9094,145130723.85,0.45,-2.34,-8.93,8.85,19.12,22.34,23.44,46.16
DRAM,Roundhill Memory ETF,Global,59.86,69995852,37704035,15573487294.00,0.65,-1.09,-8.94,22.16,104.44,104.44,104.44,104.44
KURE,KraneShares MSCI All China Health Care Index ETF,Asia-Pacific,14.52,49408,19389,66814275.20,0.65,-0.51,-8.99,-17.38,-15.56,-22.28,-16.62,-16.05
TSL,GraniteShares 1.25x Long TSLA Daily ETF,North America,15.60,1016070,980319,12798016.20,1.15,-3.78,-9.00,-6.66,-3.36,-16.73,-18.30,40.77
UFOX,Defiance Connective Technologies ETF,North America,92.95,79750,55057,1032203175.00,0.30,-3.09,-9.03,5.80,36.31,38.36,43.80,92.32
NLR,VanEck Uranium and Nuclear ETF,Global,119.55,849399,526762,4561452274.89,0.52,-2.98,-9.04,-17.48,-16.17,-10.62,-4.50,18.25
IVES,Dan IVES Wedbush AI Revolution ETF,Global,36.94,1112774,567342,1110922120.00,0.75,-2.12,-9.04,3.27,21.08,12.62,14.86,43.96
WQTM,WisdomTree Quantum Computing Fund,Global,35.74,1075281,489006,274836000.00,0.45,-4.04,-9.07,6.07,35.09,31.22,35.65,19.68
RWEM,Rayliant Wilshire NxtGen Emerging Markets Equity ETF,Emerging markets,33.98,5241,31813,67859680.68,0.52,-5.51,-9.17,-4.76,10.04,13.27,12.93,35.81
AUAU,Global X Gold Miners ETF,Global,33.59,1665,2976,5483232.00,0.35,-1.32,-9.18,-18.04,-21.95,-4.91,-10.58,-4.87
FDRS,Founder-Led ETF,North America,23.31,290477,80291,90834432.00,0.49,-1.40,-9.19,0.95,7.32,-5.86,-6.27,-5.86
EIDO,iShares MSCI Indonesia ETF,Asia-Pacific,11.60,3327710,1502133,266593194.05,0.59,7.41,-9.23,-22.10,-28.04,-37.73,-38.40,-37.37
AMZP,Kurv Yield Premium Strategy Amazon (AMZN) ETF,North America,26.94,28744,17134,20009600.00,0.99,-0.34,-9.30,-12.29,11.22,-4.31,-4.85,-6.24
BKCH,Global X Blockchain ETF,Global,80.86,90481,117748,327617748.67,0.50,-3.06,-9.30,-8.04,30.99,2.43,23.70,61.72
WEPN,Nicholas Defense and Rare Earth Income ETF,Global,43.20,3235,3690,6574275.00,1.11,-1.54,-9.31,-2.56,-11.07,-11.84,-11.84,-11.84
ARKD,ARK DIET Q1 Buffer ETF,Global,19.59,14,325,1481119.75,0.89,-0.66,-9.37,-2.71,1.68,-3.24,-3.24,-3.24
DAPP,VanEck Digital Transformation ETF,Global,20.35,662987,1043142,418918000.00,0.52,-2.86,-9.39,-6.22,23.86,4.95,20.49,33.79
GLDN,Nicholas Gold Income ETF,Global,15.13,1785,5776,2315940.00,1.07,-1.99,-9.40,-17.36,-26.23,-25.76,-25.76,-25.76
VERS,ProShares Metaverse ETF,Global,75.25,2161,657,6890994.00,0.58,-2.92,-9.45,3.95,34.47,18.26,20.36,46.01
LFGY,YieldMax Crypto Industry & Tech Portfolio Option Income ETF,North America,22.17,79678,71744,127023750.00,1.02,-1.90,-9.51,-9.51,1.79,-20.82,-12.30,-44.63
GXDW,Global X Dorsey Wright Thematic ETF,Global,26.96,6107,6430,7696354.09,0.50,-1.99,-9.51,-5.68,14.65,5.62,11.10,6.96
TOPW,Roundhill Top WeeklyPay ETF,North America,35.47,93719,73747,169115594.00,0.32,-2.21,-9.52,-9.12,-1.69,-23.01,-16.66,-30.04
XA,Corgi AI Cybersecurity ETF,Global,32.37,2617,,2639712.00,0.35,-1.95,-9.54,16.17,24.37,24.37,24.37,24.37
EEMO,Invesco S&P Emerging Markets Momentum ETF,Emerging markets,22.26,10958,16687,16368000.00,0.29,0.13,-9.64,-1.87,24.75,25.59,25.03,35.25
ION,ProShares S&P Global Core Battery Metals ETF,Global,54.39,2494,6335,15332735.00,0.58,2.62,-9.68,-18.75,-7.50,13.63,2.26,89.65
LIMI,Themes Lithium & Battery Metal Miners ETF,Global,50.52,1010,1331,2543000.00,0.35,0.94,-9.71,-18.75,-0.78,17.50,6.77,118.25
TSLW,Roundhill TSLA WeeklyPay ETF,North America,22.84,122833,152151,101427612.00,0.99,-3.55,-9.76,-10.54,-13.75,-34.37,-32.80,-27.05
WISE,Themes Generative Artificial Intelligence ETF,Developed markets,39.39,6001,13377,35816000.00,0.35,-3.39,-9.91,0.96,12.53,-7.80,-0.69,15.47
FRNW,Fidelity Clean Energy ETF,Global,24.78,94587,88640,154543402.40,0.39,-2.56,-9.92,-3.47,9.79,20.35,19.42,63.24
STBQ,Amplify Stablecoin Technology Leaders ETF,Global,19.40,398,1492,1754064.00,0.69,-0.86,-9.97,-12.57,-10.76,-24.11,-23.86,-24.11
ARKF,ARK Blockchain & Fintech Innovation ETF,Global,38.52,277525,189420,741748500.00,0.75,-0.63,-9.99,-8.30,-6.61,-23.49,-20.34,-13.76
METW,Roundhill META WeeklyPay ETF,North America,25.93,11979,24071,24879456.00,1.00,0.03,-10.00,-8.83,-21.40,-27.31,-27.15,-48.51
MNVT,Moonvest ETF,Global,30.05,109449,47444,68763411.20,0.75,-3.16,-10.03,1.01,20.20,20.20,20.20,20.20
HOOW,Roundhill HOOD WeeklyPay ETF,North America,24.09,225890,226994,127501400.00,0.99,-1.71,-10.04,4.02,-10.65,-60.00,-50.42,-52.45
TSII,REX TSLA Growth & Income ETF,North America,17.13,74173,52869,42621369.00,1.52,-4.81,-10.08,-11.34,-18.39,-35.70,-33.58,-16.93
TSLP,Kurv Yield Premium Strategy Tesla (TSLA) ETF,North America,17.90,10324,16952,21712041.00,1.00,-3.31,-10.13,-7.77,-9.54,-24.72,-26.75,-1.23
PLTM,GraniteShares Platinum Shares ETF,Global,16.57,300923,248557,191184700.00,0.50,-1.66,-10.14,-14.89,-21.62,3.11,-20.13,43.71
GDX,VanEck Gold Miners ETF,Global,77.59,24897096,21417520,23979913006.50,0.51,-1.37,-10.25,-16.69,-23.97,-6.74,-10.94,50.16
URAN,Themes Uranium & Nuclear ETF,Global,38.86,14196,10383,29506600.00,0.35,-3.44,-10.27,-16.43,-18.16,-13.30,-9.14,10.40
AINT,FINQ DOLLAR NEUTRAL U.S. Large Cap AI-Managed Equity ETF,North America,28.73,2805,3469,6562867.50,1.25,-1.61,-10.28,-2.55,13.55,11.70,11.70,11.70
RSSX,Return Stacked U.S. Stocks & Gold/Bitcoin ETF,Global,23.98,16739,19597,59558000.00,0.67,-2.13,-10.29,-14.36,-9.86,-6.88,-6.95,18.19
GLDB,IDX Alternative FIAT ETF,Global,20.82,6955,4326,37096909.00,0.96,-2.63,-10.34,-17.19,-16.59,-13.61,-15.65,2.36
RBLY,YieldMax RBLX Option Income Strategy ETF,North America,11.93,1646,9643,1762590.00,0.99,1.02,-10.37,-12.48,-40.41,-64.43,-58.40,-76.33
ETEC,iShares Breakthrough Environmental Solutions ETF,Global,29.04,2269,847,4755057.60,0.47,-2.49,-10.38,-3.60,6.71,14.32,15.13,45.82
PPLT,abrdn Physical Platinum Shares ETF,Global,15.63,2693130,2400047,2059151850.00,0.60,-1.82,-10.38,-15.16,-21.77,2.91,-20.38,43.03
METL,Sprott Active Metals & Miners ETF,Global,26.61,31512,19351,91112742.04,0.99,-2.06,-10.40,-12.24,-9.70,8.52,0.34,33.58
GOAU,US Global GO Gold and Precious Metal Miners ETF,Global,37.67,37311,34290,170984400.00,0.60,-1.67,-10.46,-15.59,-24.72,-11.36,-13.54,25.90
ETFT,Fundsmith Equity ETF,Global,9.79,269,1601,7801938.70,1.00,0.24,-10.47,0.57,5.10,-2.44,-1.95,-1.76
EYES,Corgi Data & Surveillance ETF,Global,25.79,105,,3272725.00,0.35,-1.52,-10.48,2.05,2.58,2.58,2.58,2.58
CNRG,State Street SPDR S&P Kensho Clean Power ETF,North America,107.65,46407,15030,248211305.68,0.45,-3.53,-10.48,0.38,16.86,12.15,18.66,84.49
IDRV,iShares Self-Driving EV and Tech ETF,Global,40.10,24153,29622,147012429.60,0.47,-1.79,-10.49,-9.83,4.56,3.72,4.45,31.26
GDXY,YieldMax Gold Miners Option Income Strategy ETF,Global,10.83,680570,872741,240194865.00,1.00,-1.37,-10.50,-18.14,-32.35,-32.44,-32.71,-30.40
SMRF,"ALPS Nautilus SMR, Nuclear & Technology ETF",Global,25.44,10116,13666,12720053.00,0.65,-3.77,-10.55,-10.30,1.60,0.43,0.43,0.43
REMX,VanEck Rare Earth and Strategic Metals ETF,Global,88.03,1110103,1250225,2743368962.98,0.53,0.70,-10.57,-17.87,-8.30,19.88,17.36,123.71
IGV,iShares Expanded Tech-Software Sector ETF,North America,92.95,25503684,21290823,14494624478.75,0.39,-2.82,-10.64,3.47,7.37,-14.37,-12.71,-12.31
QBF,Innovator Uncapped Bitcoin 20 Floor ETF - Quarterly,Global,15.67,12023,10604,14357610.00,0.79,-1.75,-10.65,-17.48,-12.89,-30.18,-27.45,-40.03
ROKT,State Street SPDR S&P Kensho Final Frontiers ETF,North America,117.90,88491,61631,240133895.32,0.45,-1.89,-10.68,6.50,16.00,42.27,37.20,91.86
BZZ,Corgi Drones & Urban Air Mobility ETF,Global,25.90,416,,4672482.50,0.35,-2.85,-10.76,4.12,1.69,1.69,1.69,1.69
RING,iShares MSCI Global Gold Miners ETF,Global,67.38,607299,401051,2383359191.00,0.39,-1.66,-10.81,-16.71,-22.85,-5.10,-10.16,54.93
CLNK,BITWISE CHAINLINK ETF,Global,14.34,6618,27631,20955220.00,0.00,-2.48,-10.90,-19.64,-13.38,-43.56,-43.56,-43.56
PSIL,AdvisorShares Psychedelics ETF,Global,19.51,19554,35851,32850336.22,1.00,1.61,-10.99,-4.27,9.61,0.10,10.92,37.39
COPJ,Sprott Junior Copper Miners ETF,Global,39.81,128454,101986,160843625.04,0.75,-1.51,-11.04,-6.55,-8.06,-2.78,-0.77,64.50
MKOR,Matthews Korea Active ETF,Asia-Pacific,60.99,18696,29051,135873462.75,0.79,-0.48,-11.04,-4.64,33.46,77.55,71.42,134.58
SMCY,YieldMax SMCI Option Income Strategy ETF,North America,7.03,905332,1154049,182854700.00,1.01,-6.89,-11.13,5.56,-10.10,-24.89,-13.85,-62.53
BCOR,Grayscale Bitcoin Adopters ETF,Global,23.56,408,600,2670360.00,0.59,-2.88,-11.15,-12.61,-0.25,-14.66,-8.71,-26.99
MEMY,Tuttle Capital Meme Stock Income Blast ETF,North America,22.04,576,1052,918568.00,0.99,-3.43,-11.19,6.28,5.01,-11.23,-11.23,-11.23
NIKL,Sprott Nickel Miners ETF,Global,13.64,92370,168692,66865971.73,0.75,1.72,-11.20,-20.47,-22.28,-2.50,-16.98,14.62
SGDM,Sprott Gold Miners ETF,Global,64.18,83409,54486,591686700.00,0.46,-1.96,-11.38,-15.27,-23.91,-5.59,-10.01,44.06
URNM,Sprott Uranium Miners ETF,Global,53.75,809399,800234,2060034600.00,0.75,-3.64,-11.39,-20.57,-21.65,-7.10,-4.10,25.55
AMZW,Roundhill AMZN WeeklyPay ETF,North America,37.69,15663,21177,36327840.00,1.00,-0.39,-11.40,-15.44,4.11,-13.38,-11.09,-23.88
TESL,Simplify Volt TSLA Revolution ETF,North America,15.93,9012,18826,19378116.49,0.97,-3.19,-11.47,-13.91,6.18,-32.66,-9.46,-25.92
FDIQ,Invesco Bloomberg Financial Data Providers ETF,Developed markets,67.75,867,4447,49347270.00,0.35,0.70,-11.49,-3.99,-4.79,5.76,10.08,17.91
BLCK,Corgi Crypto Infrastructure ETF,Global,25.19,71,,1291535.00,0.35,-2.45,-11.60,-8.99,-8.40,-8.40,-8.40,-8.40
ACES,ALPS Clean Energy ETF,North America,36.71,12389,77611,139723576.04,0.55,-3.37,-11.63,0.88,10.24,9.58,11.41,47.19
AUMI,Themes Gold Miners ETF,Global,78.39,6068,5309,25914240.00,0.35,-2.26,-11.66,-21.31,-28.08,-12.90,-15.45,38.01
GOEX,Global X Gold Explorers ETF,Global,69.23,13445,11012,108929847.66,0.65,-1.74,-11.69,-19.29,-28.68,-11.66,-16.68,46.26
URA,Global X Uranium ETF,Global,44.12,6646714,4141090,6400489552.93,0.69,-3.92,-11.72,-21.97,-15.14,-6.98,1.50,28.70
MSFO,YieldMax MSFT Option Income Strategy ETF,North America,11.43,98148,104627,87962785.00,1.03,-1.97,-11.74,-7.07,-10.07,-25.54,-25.78,-34.42
ICLN,iShares Global Clean Energy ETF,Global,20.63,6861757,6960216,3057483747.00,0.39,-1.76,-11.76,-2.13,12.30,23.87,23.53,59.06
BITS,Global X Blockchain & Bitcoin Strategy ETF,Global,60.50,738,3738,27850413.48,0.65,-2.88,-11.77,-15.27,7.82,-27.98,-5.89,-12.44
XRPR,REX-Osprey XRP ETF,Global,9.36,7634,29248,46915050.00,0.75,-3.31,-11.86,-17.17,-18.18,-43.27,-39.50,-63.75
GBUG,Sprott Active Gold & Silver Miners ETF,Global,38.49,42435,43656,146677500.00,0.90,-1.96,-11.88,-16.42,-25.71,-9.24,-12.44,43.57
XRPZ,Franklin XRP ETF,Global,12.39,204023,285835,251095600.00,0.00,-3.28,-12.00,-17.73,-18.27,-43.27,-40.09,-45.18
GXRP,Grayscale XRP Trust ETF,Global,22.12,33839,37804,62611285.00,0.00,-3.25,-12.01,-17.62,-18.32,-43.19,-40.04,-44.81
SGDJ,Sprott Junior Gold Miners ETF,Global,77.26,71007,68989,286841000.00,0.50,-1.70,-12.03,-17.62,-23.39,-10.40,-10.16,51.19
TOXR,21Shares XRP ETF,Global,11.14,1708,8596,127709450.00,0.30,-2.82,-12.03,-17.63,-17.99,-42.83,-40.38,-42.83
CRPT,First Trust SkyBridge Crypto Industry and Digital Economy ETF,Global,12.86,56817,109129,102202126.55,0.85,-2.94,-12.04,-15.51,-2.13,-27.10,-15.89,-40.16
XRP,Bitwise XRP ETF,Global,12.75,587723,616171,303914250.00,0.00,-3.41,-12.07,-17.69,-18.32,-43.21,-40.08,-47.20
WDRN,"WisdomTree Physical AI, Humanoids and Drones Fund",Global,29.90,37509,,12227600.00,0.45,-3.09,-12.07,-1.75,-1.75,-1.75,-1.75,-1.75
XRPC,Canary XRP ETF,Global,12.11,141739,216220,263453325.00,0.50,-3.43,-12.12,-17.84,-18.45,-43.23,-40.17,-54.52
GDMN,WisdomTree Efficient Gold Plus Gold Miners Strategy Fund,Global,79.27,63450,41734,176661200.00,0.45,-2.60,-12.21,-23.23,-35.69,-11.69,-16.79,59.21
GLNK,Grayscale Chainlink Trust ETF,Global,6.97,189957,278873,80308871.50,0.00,-2.52,-12.22,-20.71,-13.42,-42.40,-39.39,-59.24
SETM,Sprott Critical Materials ETF,Global,32.17,232364,270927,614866152.24,0.65,-1.68,-12.22,-16.14,-9.99,12.36,8.87,92.98
CONY,YieldMax COIN Option Income Strategy ETF,North America,20.72,529196,518200,370410605.56,1.04,-3.40,-12.24,-19.85,-32.18,-54.99,-47.62,-74.16
PBW,Invesco WilderHill Clean Energy ETF,Global,39.25,568825,1024000,576718053.61,0.64,-4.10,-12.31,-1.60,20.73,22.58,26.00,106.58
TKNS,21Shares Active Crypto ETF,Global,20.81,138,,212295.00,1.05,-2.15,-12.32,-17.92,-17.92,-17.92,-17.92,-17.92
XRPI,Volatility Shares Trust XRP ETF,Global,6.31,179277,194365,92005828.00,0.94,-3.66,-12.36,-18.69,-20.43,-45.93,-42.64,-57.07
OWNB,Bitwise Bitcoin Standard Corporations ETF,Global,19.41,4878,9454,19341212.87,0.85,-3.32,-12.38,-13.81,2.42,-23.13,-11.58,-38.64
XRPM,Amplify XRP 3% Monthly Option Income ETF,Global,11.40,18999,22488,10743642.00,0.75,-2.91,-12.47,-18.95,-24.43,-52.06,-49.13,-55.42
ATC,GraniteShares Autocallable COIN ETF,North America,20.78,6,,854021.35,1.07,-4.74,-12.47,22.24,22.24,22.24,-14.95,22.24
SLV,iShares Silver Trust,Global,59.01,34115093,22509218,32442696000.00,0.50,-4.17,-12.56,-19.48,-24.38,3.95,-12.32,78.28
SIVR,abrdn Physical Silver Shares ETF,Global,61.98,3549192,1658185,4600412600.00,0.30,-4.19,-12.63,-19.52,-24.37,3.96,-12.35,78.46
BTCC,Grayscale Bitcoin Covered Call ETF,Global,13.37,12122,20984,14988820.00,0.65,-1.63,-12.75,-22.73,-16.46,-41.93,-38.54,-64.01
BTCI,NEOS Bitcoin High Income ETF,Global,28.97,900734,875499,1080984660.00,0.99,-1.90,-12.77,-21.70,-15.09,-37.14,-34.87,-52.15
WATS,Corgi Battery Energy Storage Systems ETF,Global,26.87,1532,,2238288.00,0.35,-3.97,-12.82,-0.21,1.99,1.99,1.99,1.99
XYZY,YieldMax XYZ Option Income Strategy ETF,North America,24.26,23665,22189,35901326.93,1.36,-2.30,-12.83,-15.62,-17.60,-28.02,-29.07,-49.72
OBTC,Osprey Bitcoin Trust,Global,19.94,858,7906,59961625.40,0.49,-2.16,-12.84,-22.55,-12.48,-31.14,-30.15,-32.40
NUKX,Nicholas Nuclear Income ETF,Global,38.45,5716,6554,5961705.00,1.07,-3.35,-12.92,-22.11,-18.61,-19.23,-19.23,-19.23
EWY,iShares MSCI South Korea ETF,Asia-Pacific,184.05,32951621,19481453,21304172471.15,0.59,-0.86,-12.97,0.17,40.27,93.69,82.23,178.15
KSLV,Kurv Silver Enhanced Income ETF,Global,28.49,245334,86549,98197110.00,1.00,-4.27,-12.98,-22.41,-31.11,-8.39,-22.26,15.11
FLKR,Franklin FTSE South Korea ETF,Asia-Pacific,59.36,979783,717401,943228600.00,0.09,-0.65,-12.99,-0.27,39.51,86.78,79.82,161.96
YBIT,YieldMax Bitcoin Option Income Strategy ETF,Global,19.14,21214,31783,46998821.11,1.02,-2.20,-13.00,-22.16,-22.98,-45.61,-43.46,-64.59
DEFI,Hashdex Bitcoin ETF,Global,70.47,110,3444,8626476.00,0.94,-1.83,-13.08,-22.42,-11.63,-30.92,-30.95,-42.73
MEME,Roundhill Meme Stock ETF,North America,9.56,295297,251286,26182000.00,0.69,-5.25,-13.09,1.92,43.33,37.75,50.55,-4.40
CHNL,Chainlink ETF,Global,18.07,127,104,926105.00,1.15,-2.29,-13.14,-24.26,-12.82,-12.82,-12.82,-12.82
BCCC,Global X Bitcoin Covered Call ETF,Global,11.77,14945,15391,8229464.61,0.75,-1.31,-13.26,-21.48,-16.76,-37.33,-37.23,-54.15
TTOP,21Shares FTSE Crypto 10 Index ETF,Global,14.51,229,227,590952.00,1.57,-2.14,-13.29,-22.39,-13.38,-36.57,-33.94,-41.95
SUIS,Canary Staked SUI ETF,Global,19.53,1189,3749,22311285.00,0.75,-0.74,-13.31,-19.56,-24.18,-21.25,-21.25,-21.25
BPI,Grayscale Bitcoin Premium Income ETF,Global,20.55,240,1844,2717871.00,0.65,-1.87,-13.32,-22.65,-14.65,-35.14,-33.12,-50.23
EZBC,Franklin Templeton Digital Holdings Trust Shares of Franklin Bitcoin ETF,Global,35.88,184380,213771,368533500.00,0.19,-2.05,-13.38,-22.02,-11.63,-31.25,-30.25,-42.43
GSUI,Grayscale Sui Staking ETF,Global,10.92,21616,74846,21877900.00,0.00,-0.92,-13.42,-23.00,-22.68,-31.89,-42.02,-68.26
FBTC,Fidelity Wise Origin Bitcoin Fund,Global,54.01,5855468,4124062,11416743330.36,0.25,-2.10,-13.45,-22.07,-11.71,-31.29,-30.23,-42.51
AGMI,Themes Silver Miners ETF,Global,61.60,2384,3267,11994244.00,0.35,-2.26,-13.45,-18.83,-18.52,-3.93,-5.68,71.59
BITB,Bitwise Bitcoin ETF,Global,33.68,2402329,1649806,2342051530.00,0.20,-2.09,-13.46,-22.02,-11.79,-31.27,-30.21,-42.48
BTCO,Invesco Galaxy Bitcoin ETF,Global,61.75,167014,102631,401603020.00,0.25,-2.09,-13.47,-22.06,-11.72,-31.31,-30.21,-42.51
BTC,Grayscale Bitcoin Mini Trust (BTC),Global,27.44,4393619,2044347,3348949363.26,0.15,-2.10,-13.47,-22.11,-11.68,-31.28,-30.21,-42.44
IBIT,iShares Bitcoin Trust,Global,35.14,52492198,44738614,48674778806.64,0.25,-2.09,-13.48,-22.06,-11.78,-31.31,-30.25,-42.52
ARKB,ARK 21Shares Bitcoin ETF,Global,20.58,2327292,1992194,2109435575.00,0.21,-2.09,-13.49,-22.07,-11.71,-31.26,-30.26,-42.50
DFII,FT Vest Bitcoin Strategy & Target Income ETF,Global,11.63,17608,14611,17195573.72,0.85,-1.94,-13.50,-22.54,-15.39,-36.18,-34.53,-50.85
GBTC,Grayscale Bitcoin Trust (BTC),Global,48.14,3067475,2109967,9122403118.00,1.50,-2.09,-13.51,-22.15,-12.02,-31.76,-30.62,-43.24
MSBT,Common,Global,17.78,594055,564977,258991730.02,0.14,-2.09,-13.52,-22.15,-14.52,-14.52,-14.52,-14.52
TSUI,21Shares Sui ETF,Global,15.07,4819,9183,13846560.00,0.30,-0.72,-13.52,-24.22,-23.64,-13.12,-13.12,-13.12
BTCW,WisdomTree Bitcoin Fund,Global,65.64,19113,14180,142182040.00,0.25,-2.04,-13.54,-21.99,-12.07,-31.26,-30.25,-42.45
ILIT,iShares Lithium Miners and Producers ETF,Global,17.93,69159,45495,21457796.40,0.47,2.08,-13.55,-21.36,4.30,15.16,12.20,133.62
HODL,VanEck Bitcoin Trust,Global,17.54,1183856,1192780,1060933087.50,0.00,-2.12,-13.55,-22.08,-11.64,-31.24,-30.23,-42.38
BRRR,Coinshares Bitcoin ETF,Global,17.50,374627,240287,376899193.00,0.25,-2.13,-13.58,-22.19,-11.71,-31.21,-30.20,-42.51
BITO,ProShares Bitcoin ETF,Global,8.44,252401836,151357438,1394936645.00,0.95,-2.09,-13.61,-22.50,-12.90,-36.59,-31.66,-60.91
BITK,Tuttle Capital IBIT 0DTE Covered Call ETF,Global,9.77,903,4298,1997840.00,0.99,-1.92,-13.63,-22.35,-15.68,-41.51,-38.68,-61.47
BETH,ProShares Bitcoin & Ether Market Cap Weight ETF,Global,34.10,2265,2502,9936450.00,0.95,-2.09,-13.73,-23.03,-14.01,-39.05,-35.05,-58.02
MNRS,Grayscale Bitcoin Miners ETF,Global,43.70,17375,16894,18346000.00,0.59,-4.24,-13.77,0.46,53.12,23.13,42.48,70.17
ULTI,REX IncomeMax Option Strategy ETF,North America,12.94,184160,100331,40546572.50,1.32,-5.82,-13.79,-4.85,3.03,-28.35,-11.07,-50.21
VBNB,VanEck BNB ETF,Global,23.15,3132,,1968239.70,0.39,-1.79,-13.81,-7.10,-7.10,-7.10,-7.10,-7.10
SLJY,Amplify SILJ Junior Silver Miners Covered Call ETF,Global,28.32,136194,45341,42048840.00,0.76,-3.15,-13.84,-17.51,-27.38,-13.29,-15.74,14.94
MAXI,Simplify Bitcoin Strategy PLUS Income ETF,Global,8.80,61978,32190,25346209.02,1.31,-2.55,-13.89,-24.43,-12.96,-45.88,-39.44,-72.35
GDLC,Grayscale CoinDesk Crypto 5 ETF,Global,27.78,72704,51484,335495986.00,0.59,-2.01,-13.94,-22.08,-13.48,-35.52,-33.87,-39.34
ICOI,Bitwise COIN Option Income Strategy ETF,North America,10.06,43781,55704,19081781.04,0.96,-1.76,-13.94,-12.75,-21.89,-51.52,-38.47,-81.21
BWOW,Bitwise Dogecoin ETF,Global,13.98,133,342,570080.00,0.00,-1.83,-13.97,-21.68,-9.22,-38.22,-34.52,-43.47
GDXJ,VanEck Junior Gold Miners ETF,Global,99.54,7326342,5774812,7510394934.97,0.52,-2.04,-13.97,-19.93,-27.34,-10.17,-14.38,43.59
MSFY,Kurv Yield Premium Strategy Microsoft (MSFT) ETF,North America,18.10,25382,16577,11118000.00,0.99,-2.43,-14.01,-4.03,-4.84,-24.24,-25.27,-29.60
URNJ,Sprott Junior Uranium Miners ETF,Global,23.85,517646,318790,381026416.40,0.80,-3.79,-14.02,-25.21,-26.50,-10.14,-8.45,25.53
HBR,Canary HBAR ETF,Global,10.93,54552,58680,52567112.00,0.95,-1.84,-14.04,-11.25,-16.59,-38.40,-32.54,-62.19
BITW,BITWISE 10 CRYPTO INDEX ETF,Global,39.56,135840,68250,585722044.48,0.75,-2.25,-14.08,-22.87,-13.85,-35.83,-34.13,-35.69
LITP,Sprott Lithium Miners ETF,Global,13.72,76040,102677,54461666.56,0.65,2.54,-14.09,-24.12,6.27,11.36,8.89,145.44
GDXW,Roundhill Gold Miners WeeklyPay ETF,Global,38.87,54827,59455,70788772.00,0.99,-1.71,-14.09,-24.33,-37.97,-32.22,-34.28,-22.33
NCIQ,Hashdex Nasdaq CME Crypto Index ETF,Global,15.31,67883,65404,92714307.00,0.25,-2.67,-14.09,-23.03,-14.33,-35.10,-33.43,-44.19
BITY,Amplify Bitcoin 2% Monthly Option Income ETF,Global,25.67,10737,6742,12624480.00,0.65,-2.25,-14.18,-24.24,-18.41,-37.62,-35.52,-54.25
TAN,Invesco Solar ETF,Global,61.83,1522447,1656248,1960867584.00,0.70,-2.75,-14.26,1.56,11.53,28.73,22.80,81.91
YBTC,Roundhill Bitcoin Covered Call Strategy ETF,Global,17.57,81062,94416,128926025.00,0.95,-1.30,-14.29,-24.07,-18.92,-44.22,-39.20,-62.05
DOJE,REX-Osprey DOGE ETF,Global,7.91,11235,54217,16349445.00,1.50,-1.98,-14.30,-20.42,-10.01,-38.97,-35.22,-70.16
EZPZ,Franklin Crypto Index ETF,Global,15.34,12528,16600,9415200.00,0.19,-2.26,-14.33,-22.35,-13.65,-35.59,-34.04,-43.29
KRYP,ProShares CoinDesk 20 Crypto ETF,Global,17.61,284,7784,3935568.50,0.58,-2.45,-14.36,-22.71,-18.94,-26.02,-26.02,-26.02
REXC,Sprott Rare Earths Ex-China ETF,Global,19.18,165434,137807,49449013.50,0.65,-3.57,-14.37,-18.38,-5.52,-5.52,-5.52,-5.52
GDOG,Grayscale Dogecoin Trust ETF,Global,10.01,13976,42622,8913193.00,0.00,-1.86,-14.38,-20.05,-9.09,-38.25,-34.83,-41.67
TDOG,21shares Dogecoin ETF,Global,17.17,1092,2922,3325190.00,0.50,-1.74,-14.42,-20.04,-8.63,-32.04,-32.04,-32.04
ARMW,Roundhill ARM WeeklyPay ETF,Europe,70.19,41299,30391,17516340.00,1.00,-7.81,-14.43,44.41,161.20,90.88,150.84,36.15
CTEX,ProShares S&P Kensho Cleantech ETF,North America,42.18,2256,1583,6651825.00,0.58,-3.83,-14.43,0.42,15.18,11.52,13.02,106.32
YBMN,Defiance BMNR Option Income ETF,North America,11.77,6278,6611,2452660.00,0.85,-4.12,-14.45,-26.59,-26.86,-61.24,-46.23,-51.82
ETCO,Grayscale Ethereum Covered Call ETF,Global,8.67,20138,8041,3717462.00,0.65,-1.50,-14.46,-27.11,-28.32,-60.29,-54.32,-75.13
BAGY,Amplify Bitcoin Max Income Covered Call ETF,Global,23.24,14251,8997,11440128.00,0.65,-2.35,-14.55,-25.12,-20.97,-39.60,-37.47,-58.51
TXBC,21Shares FTSE Crypto 10 ex-BTC Index ETF,Global,12.61,2422,2528,768540.00,1.34,-2.12,-14.65,-20.82,-17.93,-43.90,-42.83,-50.33
DRNZ,REX Drone ETF,Global,24.64,146980,188898,115247446.00,0.65,-2.42,-14.76,-1.99,-9.08,20.14,9.46,-1.44
BETE,ProShares Bitcoin & Ether Equal Weight ETF,Global,28.26,9857,3486,6799275.00,0.95,-1.76,-14.77,-25.05,-16.70,-46.10,-39.73,-58.50
BTF,CoinShares Bitcoin and Ether ETF,Global,16.18,4070,6688,12280664.34,1.27,-1.97,-14.78,-24.87,-17.72,-75.84,-39.30,-75.71
SIL,Global X Silver Miners ETF,Global,77.79,2089215,1891115,4360546817.01,0.65,-2.25,-14.83,-19.25,-24.81,-3.34,-9.18,58.63
KMCA,PLUS Korea Manufacturing Core Alliance Index ETF,Asia-Pacific,20.33,4112,,2905500.00,0.65,-0.87,-14.85,-10.10,-10.14,-10.14,-10.14,-10.14
WDIG,WisdomTree Efficient Rare Earth Plus Strategic Metals Fund,Global,45.70,472,,5900125.00,0.55,-2.50,-14.86,-13.98,-16.80,-16.80,-16.80,-16.80
SLVP,iShares MSCI Global Silver and Metals Miners ETF,Global,30.77,505845,414649,852595688.30,0.39,-2.75,-14.91,-19.99,-25.19,-4.29,-12.41,71.90
SILJ,Amplify Junior Silver Miners ETF,Global,25.68,7073229,5051142,3466312500.00,0.69,-2.51,-15.00,-19.12,-26.22,-4.18,-9.29,69.56
LTCC,Canary Litecoin ETF,Global,10.59,15267,13113,5191991.00,0.95,-0.00,-15.01,-23.55,-20.70,-46.49,-45.89,-58.22
TDOT,21shares Polkadot ETF,Global,11.63,953,1949,8965500.00,0.30,-2.61,-15.23,-26.71,-37.24,-35.85,-35.85,-35.85
NEHI,NEOS Ethereum High Income ETF,Global,25.39,51545,98226,63598054.00,0.98,-1.78,-15.34,-27.44,-23.43,-52.52,-49.14,-50.41
DIPR,Corgi Space & Satellite Communications ETF,Global,27.20,1779,,3928582.00,0.35,-2.98,-15.40,0.15,5.18,5.18,5.18,5.18
PLTY,YieldMax PLTR Option Income Strategy ETF,North America,32.46,204016,227460,342935317.50,1.07,-2.67,-15.64,-5.36,-21.71,-41.56,-37.95,-49.20
DIME,CoinShares Altcoins ETF,Global,8.10,2167,4227,1529506.00,0.00,-2.36,-15.71,-14.74,-7.93,-36.72,-34.89,-70.99
KDEF,PLUS Korea Defense Industry Index ETF,Asia-Pacific,41.95,83984,164388,131184672.96,0.65,-1.53,-15.80,-29.22,-29.64,-3.03,-6.84,14.96
IETH,Bitwise Ethereum Option Income Strategy ETF,Global,17.01,135,344,510698.08,0.96,-1.51,-15.86,-24.88,-16.23,-52.01,-47.39,-66.48
UFO,Procure Space ETF,Global,53.11,2115067,1559153,1119221520.00,0.75,-3.17,-15.91,1.65,18.00,38.96,35.52,105.85
TETH,21Shares Ethereum ETF,Global,8.28,773281,634874,16174080.00,0.00,-1.66,-15.94,-27.05,-19.02,-47.86,-45.35,-34.75
ETHW,Bitwise Ethereum ETF,Global,11.85,1027157,747530,183116340.00,0.00,-1.74,-16.02,-27.12,-19.17,-48.09,-45.47,-34.93
QETH,Invesco Galaxy Ethereum ETF,Global,16.50,115760,19126,16481736.84,0.25,-1.55,-16.03,-27.02,-19.00,-47.70,-45.47,-34.83
EZET,Franklin Ethereum ETF,Global,12.56,50572,57365,34506000.00,0.00,-1.64,-16.04,-27.19,-19.02,-48.08,-45.39,-34.89
ETH,Grayscale Ethereum Staking Mini ETF Shares,Global,15.74,4771197,2912632,1494546115.88,0.00,-1.69,-16.05,-27.03,-18.82,-47.63,-45.02,-34.22
ARMH,Arm Holdings PLC,Europe,136.38,5768,5926,7307646.15,0.19,-6.64,-16.10,53.88,161.24,126.13,175.63,132.61
FETH,Fidelity Ethereum Fund,Global,16.50,3663940,2011918,846934704.00,0.25,-1.67,-16.12,-27.22,-19.20,-48.13,-45.44,-34.99
ETHV,VanEck Ethereum ETF,Global,24.19,101497,71613,83193412.50,0.00,-1.79,-16.12,-27.18,-19.15,-48.15,-45.52,-34.99
ETHE,Grayscale Ethereum Staking ETF Shares,Global,13.41,2877128,2549873,1330949055.00,2.50,-1.61,-16.14,-27.28,-19.53,-48.70,-46.10,-36.29
EETH,ProShares Ether ETF,Global,20.26,45147,38944,49243560.00,0.95,-1.79,-16.21,-27.51,-20.39,-51.89,-46.67,-56.64
ETHA,iShares Ethereum Trust ETF,Global,12.48,34554903,26796443,4825941129.60,0.25,-1.89,-16.24,-27.27,-19.33,-48.17,-45.55,-35.03
ETHB,iShares Staked Ethereum Trust ETF,Global,21.30,389684,415915,527533607.68,0.25,-1.75,-16.27,-27.20,-19.59,-19.59,-19.59,-19.59
WTIB,USCF Oil Plus Bitcoin Strategy Fund,Global,24.16,8925,2236,635925.00,0.93,-4.98,-16.30,-24.56,10.68,26.98,30.90,26.98
AVGW,Roundhill AVGO WeeklyPay ETF,North America,42.86,60462,36218,49790400.00,1.00,-0.92,-16.48,-11.63,0.97,-27.48,-12.60,-17.58
MSFW,Roundhill MSFT WeeklyPay ETF,North America,27.45,60726,23069,30352644.00,1.00,-2.20,-16.56,-6.62,-9.96,-30.64,-30.18,-45.88
YETH,Roundhill Ether Covered Call Strategy ETF,Global,8.33,66509,103870,55854264.00,0.96,-1.19,-16.87,-28.50,-25.02,-54.92,-53.36,-66.04
ESK,REX-Osprey ETH + Staking ETF,Global,9.99,371,1139,1324921.00,0.75,-1.74,-17.37,-27.82,-21.49,-48.45,-46.84,-57.99
SLVR,Sprott Silver Miners & Physical Silver ETF,Global,50.81,254490,181159,695417828.00,0.65,-3.42,-17.40,-22.34,-28.71,-7.04,-12.09,67.03
EHCC,Global X Ethereum Covered Call ETF,Global,18.89,29,395,571659.00,0.75,-1.08,-17.55,-27.68,-25.67,-25.67,-25.67,-25.67
ETTY,Amplify Ethereum 3% Monthly Option Income ETF,Global,7.96,5046,9434,2512457.00,0.75,-1.91,-17.77,-31.67,-28.48,-53.89,-52.13,-66.86
BTGD,STKd 100% Bitcoin & 100% Gold ETF,Global,22.19,34545,37559,43906720.00,1.05,-3.81,-17.91,-30.68,-29.98,-38.41,-37.01,-38.70
CQTM,Corgi Quantum Computing ETF,Global,27.72,88077,,9665337.50,0.35,-6.92,-17.94,7.82,1.32,1.32,1.32,1.32
COIW,Roundhill COIN WeeklyPay ETF,North America,9.07,224042,182557,39027900.00,0.99,-4.73,-17.99,-25.84,-39.61,-64.39,-55.50,-76.54
SLVX,Nicholas Silver Income ETF,Global,14.82,12623,11039,3099140.00,1.16,-5.26,-18.02,-23.99,-33.09,-29.22,-29.22,-29.22
BSOL,Bitwise Solana Staking ETF,Global,8.85,3915605,2586972,542718680.00,0.00,-3.17,-18.28,-25.76,-23.18,-48.64,-47.57,-66.60
VSOL,VanEck Solana ETF,Global,8.71,20982,29762,12360287.50,0.00,-2.72,-18.33,-25.65,-23.29,-48.77,-47.57,-51.99
GSOL,Grayscale Solana Staking ETF,Global,4.90,4220239,2695982,93041881.75,0.35,-3.16,-18.33,-25.64,-23.44,-48.80,-47.76,-60.45
SOEZ,Franklin Solana ETF,Global,11.40,8964,19728,7637500.00,0.00,-2.67,-18.36,-25.78,-23.51,-48.97,-47.93,-52.51
SSK,REX-Osprey SOL + Staking ETF,Global,8.83,79085,77818,63507375.00,0.75,-3.18,-18.39,-26.29,-24.66,-56.11,-55.09,-65.33
TSOL,21Shares Solana ETF,Global,6.36,1755,8538,2623600.00,0.21,-2.75,-18.41,-25.70,-23.83,-51.63,-50.47,-53.23
FSOL,Fidelity Solana Fund,Global,7.69,366200,361457,,0.00,-3.39,-18.54,-26.48,-24.39,-49.97,-48.77,-52.91
SOLZ,Solana ETF,Global,6.56,897505,1280796,78730632.00,0.95,-3.06,-18.58,-26.26,-25.08,-51.24,-49.83,-62.30
NASA,Tema Space Innovators ETF,Global,31.60,11554354,7428382,2663724253.00,0.75,-5.19,-18.62,3.78,31.12,31.12,31.12,31.12
QSOL,Invesco Galaxy Solana ETF,Global,6.60,6175,16044,4596088.17,0.25,-2.87,-18.62,-25.76,-22.99,-49.11,-48.99,-49.11
EHY,Amplify Ethereum Max Income Covered Call ETF,Global,7.46,12748,12024,3882069.00,0.75,-2.05,-18.92,-33.45,-31.56,-56.40,-55.38,-68.92
IMST,Bitwise MSTR Option Income Strategy ETF,North America,8.42,36832,27949,11675435.38,0.96,-4.86,-18.92,-31.44,-24.11,-47.37,-34.04,-83.66
SOLC,Canary Marinade Solana ETF,Global,13.04,5376,2805,1075208.00,0.50,-2.68,-19.09,-25.46,-23.82,-50.53,-47.18,-50.94
BHYP,BITWISE HYPERLIQUID ETF,Global,32.92,855251,,99318350.00,0.00,-7.92,-19.57,35.53,35.53,35.53,35.53,35.53
THYP,21shares Hyperliquid ETF,Global,33.96,186206,,72882120.00,3.00,-8.02,-19.79,35.84,35.84,35.84,35.84,35.84
ISSB,IncomeSTKd 1x US Stocks & 1x Bitcoin Premium ETF,Global,17.26,3284,4575,1766900.00,1.14,-2.40,-19.88,-26.41,-13.59,-31.30,-31.30,-31.30
MARS,Roundhill Space & Technology ETF,Global,33.05,148760,224084,93551744.00,0.75,-4.95,-19.90,4.79,32.15,29.71,29.71,29.71
HYPG,Grayscale Hyperliquid Staking ETF,Global,20.69,82366,,5627500.00,,-8.15,-20.29,-20.29,-20.29,-20.29,-20.29,-20.29
MSTY,YieldMax MSTR Option Income Strategy ETF,North America,16.66,1939195,1908025,1037559185.44,1.03,-6.61,-20.70,-35.80,-31.24,-52.09,-43.80,-84.02
CTEC,Global X ClimateTech ETF,Global,65.66,13856,5197,29799236.15,0.50,-3.13,-20.90,-4.43,10.04,17.77,19.67,93.68
SOLM,Amplify Solana 3% Monthly Option Income ETF,Global,7.83,5734,8154,1382270.00,0.75,-3.34,-20.97,-31.84,-32.66,-60.70,-58.53,-68.07
JEDI,Defiance Drone and Modern Warfare ETF,Developed markets,32.24,309843,258317,173783225.00,0.69,-6.03,-20.98,17.41,20.98,34.67,31.54,28.29
WARP,VanEck Space ETF,Global,27.54,162416,,49314552.00,0.50,-6.23,-20.98,7.16,5.80,5.80,5.80,5.80
ICRC,Bitwise CRCL Option Income Strategy ETF,North America,21.37,13,602,431606.30,0.96,-0.74,-21.08,-23.38,-28.43,-37.60,-31.81,-58.62
ORBX,Global X Space Tech ETF,Global,56.82,144535,105084,53802990.00,0.50,-4.97,-21.08,6.90,9.90,9.90,9.90,9.90
PLTW,Roundhill PLTR WeeklyPay ETF,North America,19.85,275496,205650,127217379.00,0.99,-3.45,-22.16,-9.67,-27.55,-52.05,-48.04,-51.76
WZRD,Opportunistic Trader ETF,Global,6.75,5940,5115,2250728.89,1.00,-0.79,-22.46,-30.09,-60.46,-75.11,-70.20,-75.24
HYDR,Global X Hydrogen ETF,Global,53.58,162964,131842,140386908.62,0.50,-6.69,-23.03,-15.99,37.49,49.92,64.71,152.86
MSR,GraniteShares Autocallable MSTR ETF,North America,17.26,16,,554118.47,1.07,-6.42,-23.06,-28.68,-28.68,-28.68,-28.68,-28.68
XBCI,NEOS Boosted Bitcoin High Income ETF,Global,31.94,110466,169125,75254359.00,0.98,-3.88,-23.13,-32.33,-23.95,-36.23,-36.23,-36.23
GAVA,Grayscale Avalanche Staking ETF,Global,16.10,1491,3307,4254090.20,0.00,-1.99,-24.35,-30.66,-30.25,-30.25,-30.25,-30.25
BAVA,BITWISE AVALANCHE ETF,Global,17.93,888,1360,17281900.00,0.00,-2.09,-24.40,-31.50,-28.64,-28.64,-28.64,-28.64
VAVX,VanEck Avalanche ETF,Global,13.90,2552,3673,11491260.00,0.00,-2.26,-24.50,-30.06,-31.57,-43.43,-43.43,-43.43
CRCO,YieldMax CRCL Option Income Strategy ETF,North America,17.03,269492,76469,29286580.00,1.01,-1.79,-24.61,-30.49,-43.87,-34.53,-30.23,-65.97
CRDD,Cardano ETF,Global,13.69,889,1347,839478.00,1.15,-1.84,-26.09,-37.55,-32.70,-32.70,-32.70,-32.70
STLR,Stellar ETF,Global,23.48,534,1153,1218135.00,1.15,-3.22,-26.11,19.26,13.11,13.11,13.11,13.11
MSTW,Roundhill MSTR WeeklyPay ETF,North America,4.85,439060,601860,50282335.00,1.00,-9.35,-26.96,-44.95,-35.68,-61.96,-51.50,-90.38
SPCI,Tuttle Capital Space Industry Income Blast ETF,Global,33.84,25028,21058,13563164.00,0.99,-8.00,-28.30,5.53,32.67,32.67,32.67,32.67
ISBG,IncomeSTKd 1x Bitcoin & 1x Gold Premium ETF,Global,13.16,3865,10803,4126290.00,1.14,-4.84,-28.86,-39.13,-41.56,-48.39,-48.39,-48.39
MSST,YieldMax MSTR Performance & Distribution Target 25 ETF,North America,27.60,1491,2114,2989300.00,0.99,-7.35,-30.83,-35.19,-24.41,-39.61,-31.97,-49.17
