Ticker,Symbol,ETF Name,Last Price,Change %,Volume,Average Volume 30D,AUM,Expense Ratio %,MTD %,1M %,3M %,6M %,YTD %,1Y %,Theme Option,Exchange,Type,Type Specs,Subtype
AMEX:VEA,VEA,Vanguard FTSE Developed Markets ETF,71.685,-0.8780420353982176,5596365,10832166.366666667,231840278314.261,0.03,,4.680198598130838,8.073270013568528,15.230670310239512,13.515439429928747,28.58295964125561,Developed markets,AMEX,fund,['etf'],etf
CBOE:IEFA,IEFA,iShares Core MSCI EAFE ETF,97.45,-0.7131940906775373,4640427,9230561.1,185923178238.4,0.07,,2.7736764395697215,4.5825284395793044,8.773300591583881,7.858328721638085,17.878311358412965,Developed markets,CBOE,fund,['etf'],etf
AMEX:IEMG,IEMG,iShares Core MSCI Emerging Markets ETF,84.64,-1.5699499941853639,6381149,12997963.833333334,165552498124.8,0.09,,7.193515704154011,18.54341736694677,25.059101654846323,23.345963276012817,48.12740637031852,Emerging markets,AMEX,fund,['etf'],etf
AMEX:VWO,VWO,Vanguard FTSE Emerging Markets ETF,60.34,-1.3891158686059721,2480613,7714283.333333333,122734452817.2,0.06,,2.28852347855569,9.828904259191857,10.614115490375815,10.330956299140622,27.55522672021986,Emerging markets,AMEX,fund,['etf'],etf
AMEX:EFA,EFA,iShares MSCI EAFE ETF,104.245,-0.7379546752999347,6205021,13526046.1,77203876662.0,0.32,,2.7651813880126253,4.474844658248149,8.475546305931333,7.435844584149236,17.313751969390058,Developed markets,AMEX,fund,['etf'],etf
AMEX:SCHF,SCHF,Schwab International Equity ETF,27.785,-0.8386866523911471,4448270,7735216.033333333,66239250000.0,0.03,,4.967888175292789,8.875391849529782,14.766625361420898,14.200575421290596,28.515263644773352,Developed markets,AMEX,fund,['etf'],etf
AMEX:SPDW,SPDW,State Street SPDR Portfolio Developed World ex-US ETF,51.085,-0.8443322981366503,1630135,3327786.8666666667,40763803382.5,0.03,,4.897330595482542,8.460721868365178,15.316027088036126,13.85112547359038,27.90435653480221,Developed markets,AMEX,fund,['etf'],etf
AMEX:EEM,EEM,iShares MSCI Emerging Index Fund,69.73,-1.511299435028239,11605959,27013907.166666586,31069025247.6,0.72,,8.158833565999696,20.18269562219924,26.943382486801394,24.762927178386125,52.116055846422334,Emerging markets,AMEX,fund,['etf'],etf
AMEX:IDEV,IDEV,iShares Core MSCI International Developed Markets ETF,89.9601,-0.7720052945069485,478246,1181615.8333333333,30531819268.35,0.04,,2.6824563406003854,4.386284520770468,9.016117304895785,8.04720153735286,19.342133191828076,Developed markets,AMEX,fund,['etf'],etf
CBOE:EFV,EFV,iShares MSCI EAFE Value ETF,78.01,-0.6748153806977351,2852770,5485383.3,27646099979.2,0.33,,1.6416938110749253,3.888666933013719,9.966168593177343,8.121968121968122,22.715117193644808,Developed markets,CBOE,fund,['etf'],etf
AMEX:AVEM,AVEM,Avantis Emerging Markets Equity ETF,98.07,-1.516368748744733,1338060,2002587.1666666667,26552365625.0,0.33,,8.054208902600251,18.700072621641233,26.49297046304655,25.02549719530851,51.13268608414238,Emerging markets,AMEX,fund,['etf'],etf
NASDAQ:EMXC,EMXC,iShares MSCI Emerging Markets ex China ETF,102.66,-1.3264129181084292,1504651,2415059.3333333335,25333479496.9,0.25,,11.60515301407838,26.740740740740733,42.425083240843506,38.61733729408587,72.53781512605042,Emerging markets,NASDAQ,fund,['etf'],etf
AMEX:FNDF,FNDF,Schwab Fundamental International Equity ETF,54.815,-0.6434656516222657,1798123,1562298.9333333333,24589242000.0,0.25,,6.3749272268581345,10.871763754045308,20.31387181738366,19.605062186340824,40.04854368932038,Developed markets,AMEX,fund,['etf'],etf
AMEX:DFIV,DFIV,Dimensional International Value ETF,55.665,-0.49159814086521025,786460,1210131.8,19876903395.6345,0.27,,2.025293255131959,4.59413754227734,14.254926108374384,10.62201907790143,31.44037780401416,Developed markets,AMEX,fund,['etf'],etf
AMEX:AVDV,AVDV,Avantis International Small Cap Value ETF,109.0199,-0.6290219670039074,568079,671305.0,19841460732.0,0.36,,3.2678791323292735,3.9968520461699977,17.062063781810387,15.121330517423447,39.62589651639345,Developed markets,AMEX,fund,['etf'],etf
AMEX:SPEM,SPEM,State Street SPDR Portfolio Emerging Markets ETF,52.663467,-1.360803521258669,852734,2398539.1666666665,18012760572.8,0.07,,2.71789935634873,10.013509504909129,11.268681597295581,10.68404161412358,28.04149525893507,Emerging markets,AMEX,fund,['etf'],etf
AMEX:AVDE,AVDE,Avantis International Equity ETF,91.035,-0.7251908396946634,544205,1067558.0333333334,16926077350.0,0.23,,2.5515376816492066,3.8264142335766302,11.658285293756894,9.496030791436127,24.381746140183086,Developed markets,AMEX,fund,['etf'],etf
AMEX:DFAI,DFAI,Dimensional International Core Equity Market ETF,41.565,-0.6572657743785986,737957,1323543.6666666667,16383301795.155,0.18,,2.2257747171667517,3.3698085053469207,10.310509554140122,7.961038961038955,21.89149560117301,Developed markets,AMEX,fund,['etf'],etf
CBOE:EFG,EFG,iShares MSCI EAFE Growth ETF,123.035,-0.6981436642453664,603276,905254.3333333334,16358763886.4,0.36,,4.0817189747060345,5.374272010962651,6.73635811572829,6.699332234845195,11.880512867145583,Developed markets,CBOE,fund,['etf'],etf
NASDAQ:SCZ,SCZ,iShares MSCI EAFE Small-Cap ETF,85.085,-0.5551659654044045,704302,1337953.6666666667,14728400544.0,0.4,,2.008152499700272,3.8762055915028655,9.78709677419354,8.720930232558125,20.14261508048574,Developed markets,NASDAQ,fund,['etf'],etf
NASDAQ:EMB,EMB,iShares J.P. Morgan USD Emerging Markets Bond ETF,95.85,-0.42592977353003403,3550253,6739169.533333333,14196953120.0,0.39,,0.2929789682954914,-0.5086153207390586,-0.6426868456515026,-0.6735751295336847,6.040491204779282,Emerging markets,NASDAQ,fund,['etf'],etf
CBOE:DFIC,DFIC,Dimensional International Core Equity 2 ETF,37.975,-0.5890052356020979,421255,1042210.8333333334,14132887046.076,0.22,,2.2757877726905433,3.4741144414168894,11.724036481318032,9.217716422203043,24.18247220405495,Developed markets,CBOE,fund,['etf'],etf
AMEX:IQLT,IQLT,iShares MSCI Intl Quality Factor ETF,48.9601,-0.749847962700185,607226,1254929.3,13301397052.3,0.3,,1.1154481619165537,3.444115782801603,8.079690949227373,6.620426829268283,14.312631333177677,Developed markets,AMEX,fund,['etf'],etf
AMEX:SCHE,SCHE,Schwab Emerging Markets Equity ETF,36.6402,-1.45185583647122,1979082,2692085.566666667,12766251000.0,0.07,,2.1756832124930305,9.439068100358433,8.789192399049883,9.997598318823169,27.046463245492372,Emerging markets,AMEX,fund,['etf'],etf
NASDAQ:ESGD,ESGD,iShares ESG Aware MSCI EAFE ETF,103.06,-0.7415968409900762,103613,279484.43333333335,11633210448.0,0.2,,3.008495752123943,4.523326572008122,7.9614498219149485,7.253616401290455,16.33367197200587,Developed markets,NASDAQ,fund,['etf'],etf
NASDAQ:AIQ,AIQ,Global X Artificial Intelligence & Technology ETF,69.115,-1.4613629883091042,2428628,2019552.8333333333,11193474367.9573,0.68,,20.598499389286324,40.06484952882764,35.148611654282355,33.42664092664092,69.69064571568869,Developed markets,NASDAQ,fund,['etf'],etf
AMEX:JIRE,JIRE,JPMorgan International Research Enhanced Equity ETF,80.82,-0.6270748801180439,248009,504115.1,10896759252.0,0.24,,2.4984147114774875,3.6021022945776027,6.608626830233466,6.608626830233466,16.808787397022684,Developed markets,AMEX,fund,['etf'],etf
AMEX:FENI,FENI,Fidelity Enhanced International ETF,40.185,-0.6059856542171591,641357,1269696.5,9779421337.21297,0.28,,3.303341902313634,4.214211618257261,11.100359413878905,8.549432739059963,23.380411421553585,Developed markets,AMEX,fund,['etf'],etf
AMEX:DFAE,DFAE,Dimensional Emerging Core Equity Market ETF,41.015,-1.406250000000002,561631,1328748.0,9723114301.824,0.29,,7.172720146328711,18.1307603686636,26.589506172839513,23.390493381468104,49.254002911208154,Emerging markets,AMEX,fund,['etf'],etf
AMEX:FNDE,FNDE,Schwab Fundamental Emerging Markets Equity ETF,41.72,-1.48760330578513,452487,815038.8333333334,9665025000.0,0.39,,2.7333169170155123,9.357798165137615,11.25333333333333,13.864628820960693,31.85840707964601,Emerging markets,AMEX,fund,['etf'],etf
AMEX:DFEM,DFEM,Dimensional Emerging Markets Core Equity 2 ETF,41.425,-1.4394480133238257,314916,832986.7333333333,9398401514.352,0.39,,6.327002053388081,17.684659090909072,25.720789074355064,23.14209274673007,47.053603123890646,Emerging markets,AMEX,fund,['etf'],etf
AMEX:DBEF,DBEF,Xtrackers MSCI EAFE Hedged Equity ETF,53.11,-0.3377744417339083,462928,410116.1666666667,8769003802.905,0.35000000000000003,,4.0964327714621644,5.649492739208268,9.03305276123999,9.30232558139534,17.943593160115473,Developed markets,AMEX,fund,['etf'],etf
CBOE:IDV,IDV,iShares International Select Dividend ETF,44.09,-1.1102388695749634,701512,886664.6333333333,8611939585.95,0.5,,0.22732439190725487,4.108618654073204,12.733316287394539,10.667670682730924,30.058997050147507,Developed markets,CBOE,fund,['etf'],etf
AMEX:URTH,URTH,iShares MSCI World ETF,204.93,-0.6062663691919682,151998,1354715.1,8112314001.0,0.24,,4.406969635215002,9.360157959336156,9.729064039408875,9.465306340473266,24.95731707317074,Developed markets,AMEX,fund,['etf'],etf
CBOE:HEFA,HEFA,iShares Currency Hedged MSCI EAFE ETF,45.595,-0.4475982532751055,207934,523204.5,7125197740.2,0.35000000000000003,,4.264806768808603,5.5684186154202395,9.946949602122016,8.974665391969396,20.84548104956269,Developed markets,CBOE,fund,['etf'],etf
NASDAQ:ESGE,ESGE,iShares ESG Aware MSCI EM ETF,55.84,-1.568834831658723,467258,1117174.6333333333,7113103340.4,0.25,,8.490382747231406,20.344827586206907,25.39860768021559,23.676633444075314,50.878141042961374,Emerging markets,NASDAQ,fund,['etf'],etf
CBOE:BBIN,BBIN,JPMorgan BetaBuilders International Equity ETF,78.315,-0.6154822335025374,22442,128565.2,6490708000.0,0.07,,2.5736738703339928,3.673550436854635,8.005792304509713,7.016944520360741,17.20293325351692,Developed markets,CBOE,fund,['etf'],etf
NASDAQ:VWOB,VWOB,Vanguard Emerging Markets Government Bond ETF,66.785,-0.380369928400969,349838,524174.7,6097036409.14224,0.15,,0.14245014245014076,-0.9565475307726682,-1.2348417627920851,-1.073914975559189,4.6130952380952275,Emerging markets,NASDAQ,fund,['etf'],etf
CBOE:DIHP,DIHP,Dimensional International High Profitability ETF,34.116517,-0.43333722457317614,354211,566632.3333333334,5991267721.2765,0.27,,2.5135727163461556,1.7492305398150927,8.34079707843761,6.714160150140766,16.677554719562256,Developed markets,CBOE,fund,['etf'],etf
CBOE:DFIS,DFIS,Dimensional International Small Cap ETF,36.34,-0.9809264305177096,300400,474679.13333333336,5897007687.078,0.39,,2.6263767297373817,2.9461756373937855,12.472918601052308,9.293233082706777,25.35357019661954,Developed markets,CBOE,fund,['etf'],etf
AMEX:GSIE,GSIE,Goldman Sachs ActiveBeta International Equity ETF,45.65,-0.6744995648389954,336662,386856.8,5752196000.0,0.25,,1.693027400311869,2.9776674937965266,8.124111795357651,5.451605451605451,16.335372069317014,Developed markets,AMEX,fund,['etf'],etf
AMEX:SCHC,SCHC,Schwab International Small-Cap Equity ETF,49.85,-1.2675777381659745,170614,345680.93333333335,5534727000.0,0.08,,-0.14022435897435953,1.7970185828058047,7.877082882492968,8.487486398258975,23.05603554677858,Developed markets,AMEX,fund,['etf'],etf
CBOE:EFAV,EFAV,iShares MSCI EAFE Min Vol Factor ETF,89.665,-0.5490239574090399,281050,488257.13333333336,5259540984.0,0.2,,-1.0756840247131447,-1.445372609364693,4.0438616848456705,3.384065490603023,5.649817367738897,Developed markets,CBOE,fund,['etf'],etf
CBOE:LVHI,LVHI,Franklin International Low Volatility High Dividend Index ETF,40.99,-0.12183235867445702,256061,636679.3333333334,4971092900.87801,0.4,,0.7372818874416424,2.475000000000005,12.795817281232797,10.277105192359429,23.72472079686085,Developed markets,CBOE,fund,['etf'],etf
AMEX:EMLC,EMLC,VanEck J. P. Morgan EM Local Currency Bond ET,25.39,-0.5873140172278724,1787710,2842222.2333333334,4852784180.9538,0.3,,0.2368732727990615,-1.3597513597513515,-1.2062256809338472,-1.8933539412673819,3.002028397565931,Emerging markets,AMEX,fund,['etf'],etf
CBOE:DISV,DISV,Dimensional International Small Cap Value ETF,42.21,-0.7990599294947035,121590,265057.26666666666,4825960750.624,0.42,,3.0391797876235747,3.253424657534242,13.95788336933046,9.893256964332219,30.883720930232563,Developed markets,CBOE,fund,['etf'],etf
AMEX:IVLU,IVLU,iShares MSCI Intl Value Factor ETF,42.925,-0.590551181102368,445563,931159.8,4283221500.0,0.3,,3.934624697336562,6.38166047087979,13.859416445623326,11.551455301455302,30.59020383328263,Developed markets,AMEX,fund,['etf'],etf
AMEX:IMTM,IMTM,iShares MSCI Intl Momentum Factor ETF,53.395,-0.15893792071801374,224623,492100.5333333333,4027278777.2,0.3,,3.921759439470612,6.790000000000007,9.259259259259272,10.024726973006393,18.497558810474924,Developed markets,AMEX,fund,['etf'],etf
AMEX:DEM,DEM,WisdomTree Emerging Markets High Dividend Fund,55.7,-1.3111268603826982,81783,183396.86666666667,3999665600.0,0.63,,6.135670731707329,12.36635061529151,18.38469713071202,17.983478076678676,26.648476580263775,Emerging markets,AMEX,fund,['etf'],etf
NASDAQ:BOTZ,BOTZ,Global X Robotics & Artificial Intelligence ETF,40.3,-0.8366141732283549,485040,1069342.3666666667,3781250150.52423,0.68,,4.634557964429434,9.243697478991587,9.510869565217392,9.959072305593448,30.083925112976104,Developed markets,NASDAQ,fund,['etf'],etf
AMEX:IDMO,IDMO,Invesco S&P International Developed Momentum ETF,59.68,-0.9789281566285106,278241,396046.73333333334,3774760000.0,0.25,,1.6868291020616835,3.990242202474297,8.489365569896385,6.3435495367070605,18.789808917197448,Developed markets,AMEX,fund,['etf'],etf
CBOE:EEMV,EEMV,iShares MSCI Emerging Markets Min Vol Factor ETF,75.24,-1.24688279301746,124750,213585.5,3746806560.0,0.25,,6.226175349428204,14.852694245153394,15.664873174481166,16.30854846189519,23.223059285948235,Emerging markets,CBOE,fund,['etf'],etf
CBOE:FRDM,FRDM,Freedom 100 Emerging Markets ETF,73.425,-1.8382352941176472,262551,363960.63333333336,3614477895.0,0.49,,15.01409774436089,27.56254343293953,49.23780487804877,40.20431544777544,92.21204188481674,Emerging markets,CBOE,fund,['etf'],etf
AMEX:INTF,INTF,iShares International Equity Factor ETF,41.345,-0.803742802303265,96921,285286.5333333333,3459156029.4,0.16,,1.8349753694581217,4.380207018429688,10.54812834224599,8.403251179863656,21.710332646452752,Developed markets,AMEX,fund,['etf'],etf
CBOE:GCOW,GCOW,Pacer Global Cash Cows Dividend ETF,45.91,-0.3689236111111148,98106,249718.56666666668,3344652775.0,0.6,,-0.1956521739130509,0.7903402854006574,10.254562920268963,10.5732177263969,21.61589403973509,Developed markets,CBOE,fund,['etf'],etf
AMEX:FNDC,FNDC,Schwab Fundamental International Small Equity ETF,49.6001,-0.6607250150210335,44766,302758.0,3073155000.0,0.39,,0.48642625607779216,4.048877700860071,9.468329287133072,10.443331106657762,22.802921515226537,Developed markets,AMEX,fund,['etf'],etf
AMEX:PXF,PXF,Invesco RAFI Developed Markets ex-U.S. ETF,78.3048,-0.7669496895197015,42059,85373.4,2958696000.0,0.43,,6.233618233618243,9.916900617630551,21.139851485148515,18.142426071213034,38.61710037174721,Developed markets,AMEX,fund,['etf'],etf
AMEX:DIVI,DIVI,Franklin International Core Dividend Tilt Index ETF,43.04,-0.6922011998154228,90218,144786.83333333334,2521634600.0,0.09,,2.9172644667623118,5.853418593212009,10.756562017498714,9.183155758498218,21.891815349759263,Developed markets,AMEX,fund,['etf'],etf
AMEX:EBND,EBND,State Street SPDR Bloomberg Emerging Markets Local Bond ETF,20.81,-0.6208213944603751,132667,293679.5333333333,2257613208.0,0.3,,-0.28749401054145796,-1.9321394910461835,-2.2086466165413645,-2.8024287716020617,-0.09601536245799124,Emerging markets,AMEX,fund,['etf'],etf
AMEX:HDEF,HDEF,Xtrackers MSCI EAFE High Dividend Yield Equity ETF,32.1505,-0.7394257486878654,89092,153633.1,2234112782.355,0.09,,-1.5600122473974147,-0.8618563058896045,5.307893874877169,3.013457225248318,11.905673512008356,Developed markets,AMEX,fund,['etf'],etf
AMEX:CGIE,CGIE,Capital Group International Equity ETF,36.45,-0.6811989100817438,236411,468532.4,2232496877.26,0.54,,3.1117397454031157,4.023972602739737,5.346820809248559,3.462957706500159,12.500000000000014,Developed markets,AMEX,fund,['etf'],etf
AMEX:IHDG,IHDG,WisdomTree International Hedged Quality Dividend Growth Fund,51.19,-0.6405279503105694,52886,156026.9,2222972850.0,0.58,,3.896894662066155,3.164046755340589,6.623620079150177,4.192957459800519,13.528498558438665,Developed markets,AMEX,fund,['etf'],etf
AMEX:XSOE,XSOE,WisdomTree Emerging Markets Ex-State Owned Enterprises Fund,49.74,-1.5829046299960372,84557,170012.93333333332,2214302800.0,0.32,,8.959474260679087,21.139795421334632,28.427575522850518,24.97487437185931,52.1566228204344,Emerging markets,AMEX,fund,['etf'],etf
AMEX:EMOP,EMOP,AB Emerging Markets Opportunities ETF,53.45,-0.9818451278251095,62163,124718.5,2166830215.627,0.7000000000000001,,7.523637095151885,18.173778465620178,32.262694249232915,24.418063314711365,52.48077230298742,Emerging markets,AMEX,fund,['etf'],etf
AMEX:XCEM,XCEM,Columbia EM Core ex-China ETF,52.875,-1.5912897822445502,80015,186589.86666666667,2042795505.0,0.16,,11.08193277310924,24.911410347271445,37.659463681333,35.368663594470036,65.54477144646211,Emerging markets,AMEX,fund,['etf'],etf
AMEX:DFEV,DFEV,Dimensional Emerging Markets Value ETF,43.6305,-1.377712477396031,118527,190033.3,2034470065.406,0.43,,8.641683266932274,20.39321192052979,30.24029850746268,27.5,53.08947368421052,Emerging markets,AMEX,fund,['etf'],etf
AMEX:PXH,PXH,Invesco RAFI Emerging Markets ETF,29.54,-1.434768101434767,110872,215776.43333333332,2018864300.0,0.47000000000000003,,3.034530868503653,9.447943682845501,12.576219512195125,12.576219512195125,31.757359500446018,Emerging markets,AMEX,fund,['etf'],etf
CBOE:EMGF,EMGF,iShares Emerging Markets Equity Factor ETF,74.975,-1.5042038885969655,219927,150584.8,1967007447.0,0.26,,9.006978772899089,21.220695230396107,29.089187327823684,27.248811948404605,51.189755999193366,Emerging markets,CBOE,fund,['etf'],etf
CBOE:ICOW,ICOW,Pacer Developed Markets International Cash Cows 100 ETF,45.3208,-0.6993865030674893,175077,189963.56666666668,1869832170.0,0.65,,2.698391117153854,7.7015209125475295,15.969293756397136,16.20717948717948,35.60981448234589,Developed markets,CBOE,fund,['etf'],etf
AMEX:DGS,DGS,WisdomTree Emerging Market SmallCap Fund,65.37,-1.3262167049567715,52765,44999.833333333336,1829972800.0,0.58,,2.092769014524447,7.163934426229516,14.004185559818627,13.43050494534097,22.922151184655895,Emerging markets,AMEX,fund,['etf'],etf
AMEX:HFXI,HFXI,NYLI FTSE International Equity Currency Neutral ETF,37.88,-0.4990806409246065,220152,261333.6,1810077074.0,0.2,,6.1956826464816395,9.733487833140206,16.374807987711232,14.892326357294522,29.548563611491126,Developed markets,AMEX,fund,['etf'],etf
AMEX:AVIV,AVIV,Avantis International Large Cap Value ETF,79.37,-0.7254534083802355,21960,256846.0,1775314140.0,0.25,,2.757638529259464,3.6974131173242726,12.72546513279365,10.543175487465192,27.93359123146358,Developed markets,AMEX,fund,['etf'],etf
NASDAQ:JEMA,JEMA,JPMorgan ActiveBuilders Emerging Markets Equity ETF,64.3087,-1.2344787867152933,94418,104730.0,1768670000.0,0.33,,8.00923748740343,20.90374130475654,27.369182016240835,28.565973610555773,58.6302417365565,Emerging markets,NASDAQ,fund,['etf'],etf
CBOE:GSWO,GSWO,Goldman Sachs ActiveBeta World Equity ETF,63.86,-0.7460366801367796,58976,78657.73333333334,1715526800.0,0.15,,4.261224489795917,8.310719131614652,10.656731935539765,10.217466344494309,18.357890834955057,Developed markets,CBOE,fund,['etf'],etf
AMEX:GEM,GEM,Goldman Sachs ActiveBeta Emerging Markets Equity ETF,52.83,-1.5284249767008393,46951,91274.43333333333,1695427000.0,0.35000000000000003,,8.591983556012334,19.714479945615217,25.486935866983366,24.452296819787975,50.856653340948014,Emerging markets,AMEX,fund,['etf'],etf
AMEX:RODM,RODM,Hartford Multifactor Developed Markets (ex-US) ETF,41.1085,-0.05227327984440355,32880,110782.26666666666,1540035840.0,0.29,,0.9045164457535527,3.4436336185203755,12.134478996181132,10.328770799785296,21.264011799410035,Developed markets,AMEX,fund,['etf'],etf
AMEX:AVES,AVES,Avantis Emerging Markets Value ETF,67.9151,-1.3936842105263225,24199,69266.8,1485501604.0,0.36,,4.228207489257211,10.287593374472229,15.22751951136749,15.36453201970443,32.93227637502445,Emerging markets,AMEX,fund,['etf'],etf
AMEX:TOUS,TOUS,T. Rowe Price International Equity ETF,37.71,-0.684751119304709,62266,190723.1,1473237636.0,0.5,,4.228855721393038,5.217633928571421,9.336039431719335,8.020624462904626,19.52456418383518,Developed markets,AMEX,fund,['etf'],etf
AMEX:FGD,FGD,First Trust DJ Global Select Dividend,33.51,-1.2669416617560392,88918,190762.4,1453428067.68,0.55,,0.5098980203959046,4.1330018645121145,9.796854521625159,9.796854521625159,26.119683853970635,Developed markets,AMEX,fund,['etf'],etf
CBOE:DDWM,DDWM,WisdomTree Dynamic International Equity Fund,46.2799,-0.5481895347587812,161455,135467.36666666667,1434726500.0,0.4,,2.6161862527716107,2.2308371990280422,8.054868083119308,5.253354559927221,17.253356979984797,Developed markets,CBOE,fund,['etf'],etf
NASDAQ:IGOV,IGOV,iShares International Treasury Bond ETF,41.44,-0.8612440191387547,224799,704065.0,1404895710.0,0.35000000000000003,,-0.9086561453849894,-1.2157330154946486,-1.661129568106319,-0.4564016334374365,-1.0978520286396203,Developed markets,NASDAQ,fund,['etf'],etf
AMEX:PCY,PCY,Invesco Emerging Markets Sovereign Debt ETF,21.56,-0.46168051708218566,132727,294206.9666666667,1386848400.0,0.5,,0.2790697674418545,-0.7366482504604058,-1.1915673693858917,-0.782328578002769,8.888888888888879,Emerging markets,AMEX,fund,['etf'],etf
NASDAQ:FDT,FDT,First Trust Developed Markets Ex-US AlphaDEX Fund,99.24,-0.7351837959489866,91068,112752.83333333333,1342283194.976,0.8,,4.529176321887505,9.247027741083214,23.46354814630505,23.848745788094348,49.61555857078245,Developed markets,NASDAQ,fund,['etf'],etf
AMEX:DVYE,DVYE,iShares Emerging Markets Dividend Index Fund Exchange Traded Fund,34.371836,-1.6261133371493874,66553,140724.9,1301044340.9,0.5,,-1.4568922018348645,1.451700118063752,8.5654958938724,9.255677050222507,21.155572788156505,Emerging markets,AMEX,fund,['etf'],etf
AMEX:EDIV,EDIV,State Street SPDR S&P Emerging Markets Dividend ETF,41.33,-1.26612517916866,61814,103967.43333333333,1255304578.2,0.49,,1.9235511713933444,1.498035363457759,5.676297622091534,5.11190233977619,8.992616033755265,Emerging markets,AMEX,fund,['etf'],etf
AMEX:BKIE,BKIE,BNY Mellon International Equity ETF,99.64,-0.8162452717499435,10747,47802.3,1230430500.0,0.04,,2.4259868421052624,3.5758835758835734,8.257279443720115,6.4188828366976445,18.309190216100692,Developed markets,AMEX,fund,['etf'],etf
NASDAQ:DMXF,DMXF,iShares ESG Advanced MSCI EAFE ETF,83.73,-0.6643729979831561,351377,111194.93333333333,1148164928.3,0.12,,4.636340914771317,7.552986512524097,8.59922178988328,9.932383640779882,13.96488362596979,Developed markets,NASDAQ,fund,['etf'],etf
AMEX:DLS,DLS,WisdomTree International SmallCap Fund,86.37,-0.7526572823901191,6398,22416.1,1090616400.0,0.58,,0.2553685432385361,1.1713716762328685,8.016508254127078,6.105651105651104,18.13705375461634,Developed markets,AMEX,fund,['etf'],etf
AMEX:DFSI,DFSI,Dimensional International Sustainability Core 1 ETF,45.19,-0.7467603777729045,16624,60006.666666666664,1085963381.04,0.24,,1.550561797752804,1.6190690353046973,7.288698955365622,4.582272622078215,16.499097705594224,Developed markets,AMEX,fund,['etf'],etf
NASDAQ:SEIE,SEIE,SEI Select International Equity ETF,35.19,-0.5269049422779001,41077,84986.26666666666,1085103499.32215,0.5,,2.894736842105248,4.421364985163189,10.695187165775398,7.417582417582417,22.613240418118462,Developed markets,NASDAQ,fund,['etf'],etf
AMEX:JHEM,JHEM,John Hancock Multifactor Emerging Markets ETF,41.47,-1.1206485455412467,30249,23366.433333333334,1045765380.0,0.49,,8.7595069499082,18.689181453921012,26.086956521739122,23.532916294310393,48.58473665352919,Emerging markets,AMEX,fund,['etf'],etf
AMEX:EMCS,EMCS,Xtrackers MSCI Emerging Markets Select ETF,47.6299,-1.3199494478629368,4101,1690.7333333333333,1041433546.806,0.15,,13.000948991696323,27.403771566136157,34.85363692217092,30.102569005312837,61.841318382602786,Emerging markets,AMEX,fund,['etf'],etf
CBOE:GSID,GSID,Goldman Sachs MarketBeta International Equity ETF,75.19,-0.6223822344169847,4876,39421.433333333334,1035690000.0,0.2,,3.1130005485463466,4.07640667174198,9.606413994169102,7.521807521807508,18.64749118704298,Developed markets,CBOE,fund,['etf'],etf
AMEX:QEFA,QEFA,State Street SPDR MSCI EAFE StrategicFactors ETF,95.339,-0.5019828845752395,21998,45556.2,1024869718.5,0.3,,-0.688541666666668,0.3991154170176968,6.822408963585433,4.229802120913961,13.837611940298506,Developed markets,AMEX,fund,['etf'],etf
CBOE:IMFL,IMFL,Invesco International Developed Dynamic Multifactor ETF,34.611,-0.7712155963302908,21828,61792.566666666666,1017182034.835,0.34,,4.501811594202898,5.844036697247688,18.206967213114737,15.23172193367957,28.66542750929368,Developed markets,CBOE,fund,['etf'],etf
AMEX:JHMD,JHMD,John Hancock Multifactor Developed International ETF,44.8358,-0.43126804352654263,80885,130095.8,939838200.0,0.39,,2.0851548269580995,3.070804597701147,8.692848484848483,6.981150083512295,18.020005264543293,Developed markets,AMEX,fund,['etf'],etf
CBOE:XEMD,XEMD,BondBloxx JP Morgan USD Emerging Markets 1-10 Year Bond ETF,44.745,-0.41175161362119356,46420,176376.63333333333,919480980.0,0.29,,0.23521505376343385,-0.3008021390374445,0.25767421017251824,0.37012113055181506,5.47095983405619,Emerging markets,CBOE,fund,['etf'],etf
AMEX:GWX,GWX,State Street SPDR S&P International Small Cap ETF,45.59,-1.4057093425605505,19871,66701.76666666666,905543010.4,0.4,,0.3521901826986654,3.214851709304962,12.262989411475017,10.762876579203127,27.34636871508382,Developed markets,AMEX,fund,['etf'],etf
NASDAQ:ISHG,ISHG,iShares 1-3 Year International Treasury Bond ETF,75.21,-0.5421846072467744,34191,111700.26666666666,903360250.0,0.35000000000000003,,-0.7914523149980326,-0.6210359408033999,-1.0134245854172286,-0.03987240829346244,0.7366729172247485,Developed markets,NASDAQ,fund,['etf'],etf
CBOE:BBEM,BBEM,JPMorgan BetaBuilders Emerging Markets Equity ETF,80.1001,-1.9822564855604519,1133,49804.86666666667,841984000.0,0.15,,7.54578410311492,18.966433981880293,22.155578126096124,23.34477979673545,44.1167686218064,Emerging markets,CBOE,fund,['etf'],etf
AMEX:IDHQ,IDHQ,Invesco S&P International Developed Quality ETF,41.41,-0.5523535062440057,99133,77507.76666666666,810946500.0,0.29,,7.030240372189193,10.515078729650382,18.517458500286203,15.670391061452515,28.323520297489903,Developed markets,AMEX,fund,['etf'],etf
AMEX:KOKU,KOKU,Xtrackers MSCI Kokusai Equity ETF,132.385,0.37363847141831613,189,300.96666666666664,804797531.934,0.09,,4.5860325485858695,8.806608038135932,10.403636060378615,10.265700483091777,25.08030990173846,Developed markets,AMEX,fund,['etf'],etf
CBOE:EYLD,EYLD,Cambria Emerging Shareholder Yield ETF,47.125,-1.6795326517838507,27446,132185.5,795726786.6772,0.65,,4.745498999777724,11.275088547815818,20.370370370370374,20.802358369648815,37.63142523364485,Emerging markets,CBOE,fund,['etf'],etf
NASDAQ:PIZ,PIZ,Invesco Dorsey Wright Developed Markets Momentum ETF,56.78,-0.9228933027854315,20742,72756.33333333333,786202400.0,0.8,,0.4422430567840085,8.27612509534707,16.73519736842105,14.521984671238407,26.939414263357936,Developed markets,NASDAQ,fund,['etf'],etf
NASDAQ:FEM,FEM,First Trust Emerging Markets AlphaDEX Fund,32.875,-1.4550185249577299,57897,109440.53333333334,771334265.926,0.8,,-0.8594692400482407,10.244802146210597,19.676010192937756,18.17038102084831,38.246425567703945,Emerging markets,NASDAQ,fund,['etf'],etf
NASDAQ:PBPH,PBPH,Portfolio Building Block World Pharma and Biotech Index ETF,25.003,0.766133744947189,31110,82222.23333333334,770734080.0,0.13,,0.7779121322047619,-4.568702290076333,1.4106557643012405,-0.9389857369255085,-0.3070175438596419,Developed markets,NASDAQ,fund,['etf'],etf
AMEX:EWX,EWX,State Street SPDR S&P Emerging Markets Small Cap ETF,74.835,-1.1296076099881147,19389,19290.5,748759275.0,0.65,,2.289502460360849,11.994911703082911,13.40354599181694,13.060885330110283,25.142140468227417,Emerging markets,AMEX,fund,['etf'],etf
CBOE:IQDG,IQDG,WisdomTree International Quality Dividend Growth Fund,42.8167,-0.49570067394841694,31070,65901.26666666666,732772800.0,0.42,,2.665381452148528,2.334369024856582,4.711910002445578,2.5058654536748723,10.409231562661155,Developed markets,CBOE,fund,['etf'],etf
AMEX:FDRR,FDRR,Fidelity Dividend ETF for Rising Rates,66.885,-0.764094955489615,4457,14523.666666666666,732418703.8,0.15,,5.54678870127822,8.880026045905918,9.18217433888346,9.11092985318109,29.321345707656626,Developed markets,AMEX,fund,['etf'],etf
AMEX:LEMB,LEMB,iShares J.P. Morgan EM Local Currency Bond,42.07,-0.5554898948114867,47595,132097.83333333334,716949500.0,0.3,,0.8872901678657013,0.6218607988519445,-0.1661129568106319,1.1055034847392475,7.321428571428565,Emerging markets,AMEX,fund,['etf'],etf
AMEX:DFSB,DFSB,Dimensional Global Sustainability Fixed Income ETF,52.035,-0.3294577355527116,7396,39638.63333333333,700345498.954,0.24,,0.24080138701598922,-0.5066921606118558,-0.8290451686678145,0.5507246376811529,0.6090487238979074,Developed markets,AMEX,fund,['etf'],etf
AMEX:DTH,DTH,WisdomTree International High Dividend Fund,55.87,-0.6578947368421133,88632,33867.2,691166600.0,0.58,,0.7211105101856834,2.3260073260073186,10.524233432245302,7.71158665895508,21.721132897603486,Developed markets,AMEX,fund,['etf'],etf
CBOE:NUDM,NUDM,Nuveen ESG International Developed Markets Equity ETF,39.04,-0.6994785705201542,12021,51323.03333333333,682505925.325,0.27,,3.1167459059693603,4.190018681611957,1.19232763089684,6.492089470812883,13.028372900984365,Developed markets,CBOE,fund,['etf'],etf
AMEX:DWM,DWM,WisdomTree International Equity Fund,73.71,-0.7406409911123233,8202,11228.633333333333,678324650.0,0.48,,1.6269130015166036,2.803347280334715,8.572691117984965,6.072816232551445,17.503586800573885,Developed markets,AMEX,fund,['etf'],etf
AMEX:TLTD,TLTD,FlexShares Morningstar Developed Markets ex-US Factor Tilt Index Fund,100.65,-0.5716758192093722,1208,21895.266666666666,663194500.484,0.39,,1.9755805718535233,3.2731376975169426,9.640522875817004,7.394366197183106,22.72893549567126,Developed markets,AMEX,fund,['etf'],etf
NASDAQ:WSML,WSML,iShares MSCI World Small-Cap ETF,34.68,-0.7015032211882534,3574,6588.366666666667,661948011.0,0.3,,2.6624749116356723,5.893129770992365,11.511254019292599,13.111545988258316,29.01785714285715,Developed markets,NASDAQ,fund,['etf'],etf
AMEX:ISCF,ISCF,iShares International Small-Cap Equity Factor ETF,44.535,-1.0553210397689434,10168,51078.333333333336,647563017.6,0.23,,1.0551395507147636,1.8874399450926465,7.494569152787827,6.568557071069629,17.351778656126463,Developed markets,AMEX,fund,['etf'],etf
NASDAQ:EMEQ,EMEQ,Nomura Focused Emerging Markets Equity ETF,71.3499,-1.6100941152135597,100836,181481.46666666667,640136000.0,0.86,,22.61539783467951,52.19688566552901,81.64434826883911,71.2260619150468,157.8974192149209,Emerging markets,NASDAQ,fund,['etf'],etf
AMEX:DFSE,DFSE,Dimensional Emerging Markets Sustainability Core 1 ETF,50.04,-1.8440528755337886,7717,21860.933333333334,637277849.013,0.41000000000000003,,4.708097928436912,14.902411021814013,20.201777564256535,18.578199052132693,39.07726514730407,Emerging markets,AMEX,fund,['etf'],etf
CBOE:FYLD,FYLD,Cambria Foreign Shareholder Yield ETF,38.47,0.0,42572,79084.53333333334,627090724.718,0.59,,-0.05196154845415205,4.908644668666477,18.187403993855614,18.18704090002795,34.41649196366176,Developed markets,CBOE,fund,['etf'],etf
CBOE:FDEM,FDEM,Fidelity Emerging Markets Multifactor ETF,37.56,-1.7525503531258035,75086,156300.46666666667,616372565.2,0.25,,6.492770059540683,14.967860422405877,21.083172147001942,19.65594138260593,40.306313036981706,Emerging markets,CBOE,fund,['etf'],etf
NASDAQ:SEEM,SEEM,SEI Select Emerging Markets Equity ETF,40.52,-1.4275010460556323,12241,42673.53333333333,607658766.869247,0.6,,8.778523489932896,21.17224880382777,30.205655526992295,27.6220472440945,56.14643545279385,Emerging markets,NASDAQ,fund,['etf'],etf
CBOE:EMHY,EMHY,iShares J.P. Morgan EM High Yield Bond ETF,40.3851,-0.3820917612234776,41648,83774.8,588149320.0,0.5,,0.3855331841909134,-0.03688118811880507,0.23603871928518785,0.01263001485883797,6.05330882352942,Emerging markets,CBOE,fund,['etf'],etf
AMEX:FIVA,FIVA,Fidelity International Value Factor ETF,38.3762,-0.19193758127439697,29859,78258.16666666667,549922012.0,0.18,,5.226761721963253,6.0995299972352655,16.115582450832076,10.72186959030583,32.01307189542482,Developed markets,AMEX,fund,['etf'],etf
AMEX:IDOG,IDOG,ALPS International Sector Dividend Dogs ETF,43.7,-0.636653024101851,21596,26607.033333333333,543567000.0,0.5,,2.6785714285714297,6.637384089799917,14.457831325301214,12.19512195121951,29.982153480071407,Developed markets,AMEX,fund,['etf'],etf
NASDAQ:PBOG,PBOG,Portfolio Building Block Integrated Oil and Gas and Exploration and Production Index ETF,33.47,1.47036531756859,14714,231240.16666666666,521493730.0,0.13,,-0.9470257472625045,6.28771038424897,29.430690580601244,30.538221528861143,34.14829659318637,Developed markets,NASDAQ,fund,['etf'],etf
AMEX:HYEM,HYEM,VanEck Emerging Markets High Yield Bond ETF,20.08,-0.2979145978153042,58471,118613.93333333333,508784860.0,0.4,,0.2997002997002933,-0.14917951268026425,0.9045226130653252,0.8032128514056053,3.080082135523603,Emerging markets,AMEX,fund,['etf'],etf
AMEX:EFAA,EFAA,Invesco MSCI EAFE Income Advantage ETF,55.13,-0.4693988084491749,21545,79973.26666666666,505451127.959448,0.39,,1.9038817005545308,1.416482707873442,2.7586206896551797,1.6595980084824005,8.737672583826429,Developed markets,AMEX,fund,['etf'],etf
AMEX:NTSI,NTSI,WisdomTree International Efficient Core Fund,46.965,-0.8679463528100476,8495,21849.9,500298800.0,0.26,,2.5660624590522043,3.0612244897959253,6.171583587656842,5.800856048659615,16.077607513593676,Developed markets,AMEX,fund,['etf'],etf
AMEX:EFAX,EFAX,State Street SPDR MSCI EAFE Fossil Fuel Reserves Free ETF,53.039,-0.7986383870123062,5198,23322.3,498941631.8,0.2,,1.6462246071291717,2.828615742535873,6.933467741935483,4.1205339615233685,15.077023215448033,Developed markets,AMEX,fund,['etf'],etf
AMEX:JEMB,JEMB,Janus Henderson Emerging Markets Debt Hard Currency ETF,53.845,0.223359702187059,1624,9774.466666666667,480376971.0,0.52,,0.8333333333333339,0.13948298307605678,0.41025641025640813,0.5696675382891291,5.827437106918232,Emerging markets,AMEX,fund,['etf'],etf
NASDAQ:TXUE,TXUE,Thornburg International Equity ETF,34.585,-0.6129609779787999,139938,64609.63333333333,480047137.98,0.65,,2.4740740740740765,5.3136419001217945,10.920461834509304,9.776225995873677,19.01238816242258,Developed markets,NASDAQ,fund,['etf'],etf
AMEX:AVSD,AVSD,Avantis Responsible International Equity ETF,80.1499,-0.8421315689850152,4176,11627.966666666667,462626025.0,0.23,,2.9939604214854914,4.185493305602489,8.840168386746337,7.06639059577879,20.200809838032384,Developed markets,AMEX,fund,['etf'],etf
AMEX:DEHP,DEHP,Dimensional Emerging Markets High Profitability ETF,43.4406,-1.58450385138196,18393,31186.2,455483355.4865,0.41000000000000003,,9.75391611925216,25.405889145496545,36.22013170272814,31.757961783439505,63.49491908167107,Emerging markets,AMEX,fund,['etf'],etf
AMEX:MFDX,MFDX,PIMCO RAFI Dynamic Multi-Factor International Equity ETF,41.97,-0.37977688108237284,8457,18073.666666666668,453708000.0,0.39,,1.7207949587978693,2.666340508806253,10.175409121694337,8.281733746130035,19.402560455192035,Developed markets,AMEX,fund,['etf'],etf
CBOE:DDLS,DDLS,WisdomTree Dynamic International SmallCap Equity Fund,45.28,-0.9515476320682538,7003,19833.033333333333,449827800.0,0.48,,1.4336917562724028,0.2657218777679463,6.868067028557951,4.96059341678257,17.54932502596053,Developed markets,CBOE,fund,['etf'],etf
AMEX:EELV,EELV,Invesco S&P Emerging Markets Low Volatility ETF,28.4399,-0.17585117585116508,8738,43616.833333333336,432455200.0,0.29,,-1.523891966758994,-0.1057253249033978,3.3051216854340733,2.9685010861694443,11.093359375,Emerging markets,AMEX,fund,['etf'],etf
CBOE:CEMB,CEMB,iShares J.P. Morgan EM Corporate Bond ETF,45.54,-0.28465075541931806,19694,56806.96666666667,429587550.0,0.5,,-0.30647985989492244,-0.805924635155734,-0.7626933972543068,-0.7410636442894581,1.9247985675917625,Emerging markets,CBOE,fund,['etf'],etf
NASDAQ:AVXC,AVXC,Avantis Emerging Markets ex-China Equity ETF,85.315,-1.6194761495120995,9969,42043.53333333333,419159448.0,0.33,,9.378205128205126,22.000572000571985,35.20602218700475,31.69959864155603,59.40769805680118,Emerging markets,NASDAQ,fund,['etf'],etf
AMEX:CVIE,CVIE,Calvert International Responsible Index ETF,84.7895,-0.6101277693119194,8316,16767.633333333335,405216000.0,0.18,,7.219903894790092,12.333730789613142,19.628231808401832,17.35570934256056,33.463717928537704,Developed markets,AMEX,fund,['etf'],etf
AMEX:SRVR,SRVR,Pacer Data & Infrastructure Real Estate ETF,34.44,-0.6920415224913552,34957,101410.63333333333,404671560.0,0.49,,-1.8803418803418908,5.547042598835413,18.758620689655164,19.458896982310094,9.576837416481062,Developed markets,AMEX,fund,['etf'],etf
AMEX:EEMS,EEMS,iShares MSCI Emerging Markets Small Cap ETF,77.06,-1.7342514664626365,7893,85329.8,393934070.0,0.72,,0.7056978567694803,9.569173894497377,12.562080046742638,13.206992801527853,25.097402597402596,Emerging markets,AMEX,fund,['etf'],etf
CBOE:NUEM,NUEM,Nuveen ESG Emerging Markets Equity ETF,42.415,-1.245634458672884,3220,22428.233333333334,393420401.412,0.36,,3.049076773566576,14.914657274451375,15.226840532463994,16.71711612548155,37.71103896103895,Emerging markets,CBOE,fund,['etf'],etf
AMEX:JPEM,JPEM,JPMorgan Diversified Return Emerging Markets Equity ETF,64.89,-1.1721058306782206,4071,15563.166666666666,391560000.0,0.44,,0.2162162162162171,2.0122622229209264,5.8046632969183145,5.977462028417448,16.897856242118543,Emerging markets,AMEX,fund,['etf'],etf
AMEX:PDN,PDN,Invesco RAFI Developed Markets ex-U.S. Small-Mid ETF,46.205,-0.698474102729428,3370,29308.733333333334,373608000.0,0.47000000000000003,,0.38018683467303316,2.087936367653558,10.379837553750594,8.436986622858482,23.5427807486631,Developed markets,AMEX,fund,['etf'],etf
AMEX:UUP,UUP,Invesco DB USD Index Bullish Fund ETF,27.87,0.39625360230547346,829111,2057277.4333333333,370730610.8,0.78,,1.604083120670803,1.3823208439432615,-0.7478632478632383,2.9172821270310294,1.6782196278730421,Developed markets,AMEX,fund,['etf'],etf
AMEX:JPIN,JPIN,JPMorgan Diversified Return International Equity ETF,74.44,-0.6672004270082733,2434,6814.733333333334,369509000.0,0.37,,1.4030785996458264,2.5909592061741944,8.386721025043666,8.5605950123961,18.2713695583095,Developed markets,AMEX,fund,['etf'],etf
AMEX:TLTE,TLTE,FlexShares Morningstar Emerging Markets Factor Tilt Index Fund,79.39,-1.3645461514282136,4754,5717.3,366882739.7571,0.5700000000000001,,5.726461579438004,15.560407569141189,22.439851943244907,22.477630360999704,42.86485513766421,Emerging markets,AMEX,fund,['etf'],etf
NASDAQ:ORR,ORR,Militia Long/Short Equity ETF,35.85,-0.33361134278564764,54094,162511.16666666666,359836230.0,10.91,,0.3077783995523207,-4.679606487636262,8.472012102874448,4.824561403508767,26.41043723554303,Developed markets,NASDAQ,fund,['etf'],etf
AMEX:ECON,ECON,Columbia Research Enhanced Emerging Economies ETF,36.8799,-1.291141070009069,5403,26701.333333333332,357020625.0,0.47000000000000003,,13.305785123966942,25.313965341488277,34.01126453488372,32.186021505376345,62.32350352112677,Emerging markets,AMEX,fund,['etf'],etf
AMEX:PICB,PICB,Invesco International Corporate Bond ETF,23.4104,-0.6771319473907556,59095,75930.3,354472500.0,0.5,,-0.7192536047497842,-1.4298947368421087,-1.3883740522325159,-1.884325230511317,-0.4659863945578247,Developed markets,AMEX,fund,['etf'],etf
NASDAQ:FEMB,FEMB,First Trust Emerging Markets Local Currency Bond ETF,29.25,-0.6791171477079772,78140,74221.56666666667,354077258.768,0.85,,-0.544032641958518,-2.9528865295288673,-2.010050251256286,-1.9443513241702928,4.352479486264712,Emerging markets,NASDAQ,fund,['etf'],etf
NASDAQ:AGEM,AGEM,abrdn Emerging Markets Dividend Active ETF,50.2673,-1.4946110131295363,4666,7177.866666666667,352225690.078795,0.7000000000000001,,9.562554489973836,18.053781117895728,31.381712209720202,29.822572314049587,59.68011435832274,Emerging markets,NASDAQ,fund,['etf'],etf
NASDAQ:GEME,GEME,Pacific North of South EM Equity Active ETF,44.485,-1.440124072227758,28431,73207.2,349733000.0,0.75,,10.976674566546086,24.64275707481088,34.55837870538414,35.83206106870229,69.6605644546148,Emerging markets,NASDAQ,fund,['etf'],etf
AMEX:IDLV,IDLV,Invesco S&P International Developed Low Volatility ETF,34.42,-0.23188405797100956,8153,42937.433333333334,344279950.0,0.25,,-2.354609929078009,-2.8781038374717722,1.8644569399230617,0.9088243916740025,4.019341190692046,Developed markets,AMEX,fund,['etf'],etf
AMEX:FIDI,FIDI,Fidelity International High Dividend ETF,28.0034,-0.37922447527570347,32414,71498.66666666667,332530006.2,0.18,,0.01214285714285422,1.2049150704734277,10.076257861635211,7.416187188339083,19.468430034129682,Developed markets,AMEX,fund,['etf'],etf
NASDAQ:UIVM,UIVM,VictoryShares International Value Momentum ETF,73.6518,-0.6584839492851445,3732,1697.5333333333333,332512438.905,0.35000000000000003,,3.793404735062008,6.065380184331793,17.093481717011123,12.997545259281967,29.966119640021162,Developed markets,NASDAQ,fund,['etf'],etf
AMEX:DEXC,DEXC,Dimensional Emerging Markets ex China Core Equity ETF,82.745,-1.1645962732919186,54079,17928.3,331405621.8,0.43,,9.480021169621603,24.822748529189916,39.630442119473514,34.80775496904529,60.14128120766403,Emerging markets,AMEX,fund,['etf'],etf
CBOE:ISVL,ISVL,iShares International Developed Small Cap Value Factor ETF,51.76,-0.8049060942890028,11041,13310.266666666666,323393680.2,0.31,,1.2915851272015588,3.5821492895737426,10.95391211146838,8.216600459962367,25.432871845700127,Developed markets,CBOE,fund,['etf'],etf
NASDAQ:PABD,PABD,iShares Paris-Aligned Climate Optimized MSCI World ex USA ETF,69.03,-0.6173443825692287,35942,6760.3,323019988.2,0.12,,2.837988826815644,4.916786989892848,6.990080595164298,6.118370484242896,15.030828195300789,Developed markets,NASDAQ,fund,['etf'],etf
CBOE:HEEM,HEEM,iShares Currency Hedged MSCI Emerging Markets ETF,45.08,-1.053555750658481,7289,31513.466666666667,289138252.62,0.72,,8.810041033067822,21.05263157894736,28.799999999999994,27.02169625246547,57.347294938917976,Emerging markets,CBOE,fund,['etf'],etf
NASDAQ:GRIN,GRIN,VictoryShares International Free Cash Flow Growth ETF,32.51,-0.7782694948878454,228,11355.966666666667,275898978.588,0.56,,6.4505566470202975,10.691181477698322,17.960812772133526,16.398138202649474,128.62165963431787,Developed markets,NASDAQ,fund,['etf'],etf
AMEX:EMQQ,EMQQ,EMQQ The Emerging Markets Internet ETF,32.32,-2.826217678893559,33164,57932.9,268621047.975752,0.86,,-5.7451151939340885,-4.857226964969087,-24.131455399061032,-21.610477807421773,-18.218623481781382,Emerging markets,AMEX,fund,['etf'],etf
CBOE:FDEV,FDEV,Fidelity International Multifactor ETF,35.81,-0.1950947603121524,5428,24923.733333333334,265811648.2,0.18,,-1.6478989288656807,-1.3498622589531541,5.014662756598243,2.460658082975678,11.453470276999688,Developed markets,CBOE,fund,['etf'],etf
AMEX:IJAN,IJAN,Innovator International Developed Power Buffer ETF January,37.73,-0.33573622913536894,4003,9480.666666666666,264261900.0,0.85,,1.2749966447456564,2.5689819219790686,5.214723926380361,3.3415502602026814,12.2582564712883,Developed markets,AMEX,fund,['etf'],etf
NASDAQ:FEMS,FEMS,First Trust Emerging Markets Small Cap AlphaDEX Fund,46.91,-1.8516581232346587,22623,39971.36666666667,263835995.076,0.8,,-1.8208455420678202,3.7143488834844125,8.212226066897337,10.506478209658406,20.220399794976917,Emerging markets,NASDAQ,fund,['etf'],etf
AMEX:EMHC,EMHC,State Street SPDR Bloomberg Emerging Markets USD Bond ETF,25.23,-0.4340962904498794,19165,35341.5,262228876.0,0.23,,0.11904761904762357,-1.020007846214194,-1.4837953924248302,-0.8566488525620872,4.950083194675546,Emerging markets,AMEX,fund,['etf'],etf
AMEX:EMBD,EMBD,Global X Emerging Markets Bond ETF,23.75,-0.3357112882920617,7280,20556.433333333334,255295697.379151,0.39,,0.12647554806071307,-1.3704318936877007,-0.5860192549183783,-1.3294557540506866,4.352028823128808,Emerging markets,AMEX,fund,['etf'],etf
NASDAQ:UEVM,UEVM,VictoryShares Emerging Markets Value Momentum ETF,60.48,-1.7681090685836718,3523,5597.166666666667,254922601.332,0.45,,0.2652519893899148,4.691016098320917,6.217070600632243,7.291112293773283,21.251002405773846,Emerging markets,NASDAQ,fund,['etf'],etf
NASDAQ:SNSR,SNSR,Global X Internet of Things ETF,53.34,-0.8550185873605832,13516,26309.7,252628366.59114,0.68,,18.37549933422104,35.656154628687695,39.926547743966445,42.77301927194862,51.14763389062059,Developed markets,NASDAQ,fund,['etf'],etf
AMEX:TOK,TOK,iShares MSCI Kokusai ETF,151.795997,-0.6870978800912357,1079,917.8666666666667,252062068.5,0.25,,4.668848129632818,10.192731298319483,9.58361963230044,9.370989984869233,24.371976239246212,Developed markets,AMEX,fund,['etf'],etf
AMEX:IQSI,IQSI,NYLI Candriam International Equity ETF,38.32,-0.3069878765804727,675,29791.4,246113940.0,0.15,,4.52809601745773,3.28840970350404,10.273381294964029,7.989595574455604,16.12121212121212,Developed markets,AMEX,fund,['etf'],etf
NASDAQ:PIE,PIE,Invesco Dorsey Wright Emerging Markets Momentum ETF,32.805,-1.0884640897304383,23553,66964.4,245328500.0,0.9,,5.31300160513644,23.466315393300714,36.63057059558516,37.54716981132074,67.37244897959182,Emerging markets,NASDAQ,fund,['etf'],etf
AMEX:TPIF,TPIF,Timothy Plan International ETF,37.46,-0.768211920529799,12092,51211.86666666667,244725000.0,0.62,,0.1604278074866371,1.7934782608695754,9.05385735080058,6.9980005712653615,18.581829692940808,Developed markets,AMEX,fund,['etf'],etf
AMEX:GPZ,GPZ,VanEck Alternative Asset Manager ETF,21.94,-4.4841097083151835,475586,254129.63333333333,243922330.0,0.4,,-7.23044397463001,-0.9927797833934967,-17.98130841121495,-19.780621572212066,-12.450119712689537,Developed markets,AMEX,fund,['etf'],etf
AMEX:EMBX,EMBX,VanEck Emerging Markets Bond ETF,51.235,-0.4273645464280421,4912,61254.166666666664,240696354.55152,0.75,,0.06835937499999334,0.009759906304904467,0.8562992125984297,1.0749633557637455,2.5725725725725654,Emerging markets,AMEX,fund,['etf'],etf
AMEX:VEXC,VEXC,Vanguard Emerging Markets Ex-China ETF,95.295,-1.2589368977308086,10432,28102.2,238150000.0,0.07,,4.329975914166847,12.376179245283025,21.263599923649565,17.93935643564357,24.43849569078089,Emerging markets,AMEX,fund,['etf'],etf
AMEX:NBIE,NBIE,Neuberger International Core Equity ETF,26.06,-0.6670478368591604,5009,23652.633333333335,237891513.5703,0.29,,3.4126984126984103,6.5848670756646195,6.5848670756646195,6.5848670756646195,6.5848670756646195,Developed markets,AMEX,fund,['etf'],etf
AMEX:LCTD,LCTD,iShares World ex U.S. Carbon Transition Readiness Aware Active ETF,58.13,-0.7476791894536069,3873,13566.866666666667,236419560.0,0.22,,0.7277768151100359,1.9377466023673897,6.406736225517115,5.193630112196896,15.177333069149997,Developed markets,AMEX,fund,['etf'],etf
NYSE:GDIV,GDIV,Harbor Dividend Growth Leaders ETF,18.53,-0.05393743257819855,6654,9803.666666666666,235225177.53,0.5,,3.231197771587754,6.006864988558356,10.494931425163994,11.091127098321351,23.698264352469963,Developed markets,NYSE,fund,['etf'],etf
AMEX:EDC,EDC,Direxion Emerging Markets Bull 3X ETF,97.86,-4.703476482617585,75429,116178.5,227400027.866,1.09,,22.662321383805462,57.305899373091144,83.18981654810932,68.81145420044851,193.8738738738739,Emerging markets,AMEX,fund,['etf'],etf
NASDAQ:ECOW,ECOW,Pacer Emerging Markets Cash Cows 100 ETF,27.62,-1.427551748750887,12553,59898.86666666667,220415340.0,0.7000000000000001,,-0.6832074793239761,4.423440453686207,7.7097063526108505,12.139667072675609,29.065420560747675,Emerging markets,NASDAQ,fund,['etf'],etf
AMEX:HSCZ,HSCZ,iShares Currency Hedged MSCI EAFE Small-Cap ETF,43.0491,-0.11809744779582045,12579,20954.0,219296999.04,0.43,,3.707781257528318,4.895467836257319,10.865567859902148,9.819132653061223,24.834275772074825,Developed markets,AMEX,fund,['etf'],etf
NASDAQ:IVAL,IVAL,Alpha Architect International Quantitative Value ETF,35.51,-0.4292952659752013,16385,15219.3,214956500.0,0.38,,3.527696793002918,3.769725306838104,14.511447920025786,11.701793016671907,28.241242325749354,Developed markets,NASDAQ,fund,['etf'],etf
AMEX:AVSE,AVSE,Avantis Responsible Emerging Markets Equity ETF,82.235,-1.6445401267790933,5261,8229.833333333334,211581915.0,0.33,,8.561056105610561,19.250290023201863,25.453852021357747,24.31331763197756,47.665649129107564,Emerging markets,AMEX,fund,['etf'],etf
NASDAQ:FICS,FICS,First Trust International Developed Capital Strength ETF,40.2605,-0.7873336619024097,10676,32133.2,210324480.894,0.7000000000000001,,0.15049751243780485,-0.8362068965517266,2.613737734165926,0.37521815008726245,1.4118387909319836,Developed markets,NASDAQ,fund,['etf'],etf
CBOE:GHYG,GHYG,iShares US & Intl High Yield Corp Bond ETF,45.26,-0.15442311934701144,5739,25402.533333333333,199202080.0,0.4,,-0.6148440931049651,-0.6802721088435424,-1.5873015873015959,-1.8389473387423907,-0.019439437316652545,Developed markets,CBOE,fund,['etf'],etf
AMEX:IAPR,IAPR,Innovator International Developed Power Buffer ETF April,33.015,-0.19649334945585772,5959,24120.833333333332,198584000.0,0.85,,1.317449065080688,5.512943432406525,7.990972131362035,6.465656239922602,14.199239017640956,Developed markets,AMEX,fund,['etf'],etf
NASDAQ:FINX,FINX,Global X FinTech ETF,24.665,-4.619929852241135,131205,70152.26666666666,196103542.371802,0.68,,-4.28793170353124,-2.2393975426080113,-18.83843369529451,-16.728561782579344,-19.996756406097955,Developed markets,NASDAQ,fund,['etf'],etf
AMEX:IJUL,IJUL,Innovator International Developed Power Buffer ETF July,35.435,-0.05640953321110146,1865,7424.8,194704950.0,0.85,,2.1475929662727142,3.8540445486518315,6.989734299516924,5.429931567985727,13.319837927207962,Developed markets,AMEX,fund,['etf'],etf
AMEX:PTIN,PTIN,Pacer Trendpilot International ETF,36.725,-0.787218638225208,10170,11189.1,189305245.0,0.67,,5.988455988455997,8.814814814814818,14.837398373983744,14.586583463338549,30.161261740209113,Developed markets,AMEX,fund,['etf'],etf
AMEX:JEDI,JEDI,Defiance Drone and Modern Warfare ETF,37.09,-8.464955577492594,331434,231634.03333333333,186749575.0,0.6900000000000001,,32.416993930739025,36.36029411764708,59.59552495697076,51.32598939208487,47.592518901711124,Developed markets,AMEX,fund,['etf'],etf
AMEX:EMMF,EMMF,WisdomTree Emerging Markets Multifactor Fund,40.16,-1.2464682579690158,59513,14213.433333333332,186524200.0,0.48,,10.299368305410603,18.641063515509586,26.05147520401757,25.421611492816965,44.82509917057337,Emerging markets,AMEX,fund,['etf'],etf
AMEX:EEMX,EEMX,State Street SPDR MSCI Emerging Markets Fossil Fuel Reserves Free ETF,54.63,-1.7370048403023943,4077,7207.633333333333,185283999.6,0.3,,8.435887256847955,20.649293286219084,29.393652297489353,24.982841455044618,54.43677082125987,Emerging markets,AMEX,fund,['etf'],etf
AMEX:EMKT,EMKT,Lazard Emerging Markets Opportunities ETF,32.83,-0.7857358718646271,14603,21739.533333333333,182848050.14,0.74,,11.439239646978946,22.180870859694817,30.901116427432218,27.992202729044834,29.916897506925203,Emerging markets,AMEX,fund,['etf'],etf
NASDAQ:IFLO,IFLO,VictoryShares International Free Cash Flow ETF,33.955,-0.32291207984734904,1056,5147.733333333334,178884710.713,0.56,,5.712951432129517,10.386866059817933,20.60410384277956,18.723776223776213,33.839180134016544,Developed markets,NASDAQ,fund,['etf'],etf
AMEX:IOCT,IOCT,Innovator International Developed Power Buffer ETF - October,36.61,-0.3779704970761018,4811,15245.766666666666,173297880.0,0.85,,1.3285358427899165,2.7793374508703033,6.20829706991587,4.599999999999999,13.343653250774002,Developed markets,AMEX,fund,['etf'],etf
AMEX:QWLD,QWLD,State Street SPDR MSCI World StrategicFactors ETF,151.4201,-0.4712200187988521,466,11986.566666666668,170313324.75,0.3,,1.2098790187821515,2.6855418418554065,6.24480774628121,5.233233720202937,15.438057482656099,Developed markets,AMEX,fund,['etf'],etf
CBOE:NIHI,NIHI,NEOS MSCI EAFE High Income ETF,51.39,-0.4833499872191127,26024,47342.03333333333,168136206.0,0.68,,1.6818361693707982,1.440979076194244,1.7623762376237635,0.6068911511354782,2.574850299401196,Developed markets,CBOE,fund,['etf'],etf
AMEX:DIM,DIM,WisdomTree International MidCap Dividend Fund,86.14,-0.7251421011142172,3364,3033.5666666666666,167678800.0,0.58,,0.09295840111549883,1.257787704243573,8.776360651597427,6.057621275547897,16.515622886514258,Developed markets,AMEX,fund,['etf'],etf
NASDAQ:EMXF,EMXF,iShares ESG Advanced MSCI EM ETF,58.15,-1.1395725625336908,1023,7090.366666666667,162431418.8,0.16,,7.93503480278422,19.380004105933068,24.1460290350128,23.01671250264437,42.734413352970044,Emerging markets,NASDAQ,fund,['etf'],etf
AMEX:MFEM,MFEM,PIMCO RAFI Dynamic Multi-Factor Emerging Markets Equity ETF,30.175,-1.292116454039907,7712,10830.066666666668,162366400.0,0.5,,8.192900681247758,18.752459661550574,30.51470588235294,28.67803837953092,50.72427572427573,Emerging markets,AMEX,fund,['etf'],etf
NASDAQ:IMOM,IMOM,Alpha Architect International Quantitative Momentum ETF,44.9493,-0.537041954328198,7613,16753.733333333334,161549640.0,0.38,,2.0878946173063815,4.874708352776485,18.568451595885,17.76080691642651,38.989795918367335,Developed markets,NASDAQ,fund,['etf'],etf
CBOE:YDEC,YDEC,FT Vest International Equity Moderate Buffer ETF - December,27.34,-0.2917578409919834,12471,10636.833333333334,158641654.704,0.9,,1.4471243042671635,2.4737631184407802,4.952015355086369,3.7965072133637054,10.598705501618127,Developed markets,CBOE,fund,['etf'],etf
NYSE:STXE,STXE,Strive Emerging Markets Ex-China ETF,52.66,-0.9219190968955824,15158,8795.433333333332,157210800.0,0.32,,13.810244218716216,28.53307298022943,49.30535866175217,43.72270742358077,79.17659067710103,Emerging markets,NYSE,fund,['etf'],etf
NASDAQ:RFDI,RFDI,First Trust RiverFront Dynamic Developed International ETF,86.4379,-0.5260371712986903,1314,3314.366666666667,156709646.236,0.8300000000000001,,1.4694885667966993,2.877767198286126,8.603970348033666,6.332759256981169,19.9089147313706,Developed markets,NASDAQ,fund,['etf'],etf
AMEX:EJAN,EJAN,Innovator Emerging Markets Power Buffer ETF January,35.96,-0.36021058464949446,4037,10669.966666666667,156565635.0,0.89,,0.5030743432084955,5.023364485981305,7.08755211435379,5.300146412884341,15.775917578879596,Emerging markets,AMEX,fund,['etf'],etf
CBOE:YMAR,YMAR,FT Vest International Equity Moderate Buffer ETF - March,28.43,-0.35050823694357314,938,31396.6,152154056.88,0.9,,0.7084661707403446,3.194192377495459,6.639159789947485,4.791743457427205,13.221823974512146,Developed markets,CBOE,fund,['etf'],etf
AMEX:EFFE,EFFE,Harbor Osmosis Emerging Markets Resource Efficient ETF,30.0499,0.5713004364240009,10071,468.43333333333334,151472250.0,0.6900000000000001,,17.907478615710588,26.154072208228378,21.903815338431272,27.7653531522645,39.75917623202426,Emerging markets,AMEX,fund,['etf'],etf
AMEX:DXIV,DXIV,Dimensional International Vector Equity ETF,71.98,-0.5943897561676108,7363,7863.366666666667,151085199.888,0.3,,2.2297969038488956,3.9122275155189956,12.671206073413174,9.943653495728586,26.435974003161785,Developed markets,AMEX,fund,['etf'],etf
NASDAQ:DGRE,DGRE,WisdomTree Emerging Markets Quality Dividend Growth Fund,40.91,-1.2312892322549616,7462,9355.566666666668,148477300.0,0.32,,6.873220303560681,19.72490488732805,34.05423117883181,28.445839874411288,54.6586621704383,Emerging markets,NASDAQ,fund,['etf'],etf
CBOE:GSEE,GSEE,Goldman Sachs MarketBeta Emerging Markets Equity ETF,71.625,-1.512276417398194,688,4020.633333333333,146288000.0,0.36,,7.6420198376916035,18.525566771471123,25.262329485834208,25.63585335905982,50.23093089691799,Emerging markets,CBOE,fund,['etf'],etf
AMEX:KNRG,KNRG,Simplify Kayne Anderson Energy and Infrastructure Credit ETF,25.76,-0.11632415664985492,6690,15961.266666666666,145600525.77,0.76,,0.0,-0.8468052347959926,-0.77041602465331,-0.3866976024748564,2.1820792625119516,Developed markets,AMEX,fund,['etf'],etf
AMEX:EFFI,EFFI,Harbor Osmosis International Resource Efficient ETF,25.6303,0.2295515337327277,97,618.1,144131500.0,0.55,,3.389673255344894,3.8332367799514566,3.4226316575269995,5.472315384457105,14.30463635228428,Developed markets,AMEX,fund,['etf'],etf
AMEX:FEMR,FEMR,Fidelity Enhanced Emerging Markets ETF,43.475,-1.0132058287795997,74897,40675.6,141780490.5,0.38,,10.398679532757741,22.499295576218653,35.816932208684804,30.79121540312876,60.27649769585254,Emerging markets,AMEX,fund,['etf'],etf
AMEX:EJUL,EJUL,Innovator Emerging Markets Power Buffer ETF July,31.08,-0.03216468317787573,3740,7864.7,139663350.0,0.89,,0.5988023952095767,3.3244680851063833,5.5426890973179574,4.329961967230723,19.35568208316065,Emerging markets,AMEX,fund,['etf'],etf
NASDAQ:RINT,RINT,Russell Investments International Developed Equity ETF,31.6891,-0.6552114389258283,8366,14963.666666666666,137725371.593436,0.49,,3.255457803844896,5.806677796327214,9.65086505190312,7.932901907356949,20.904616558565426,Developed markets,NASDAQ,fund,['etf'],etf
AMEX:KEMX,KEMX,KraneShares MSCI Emerging Markets ex China Index ETF,52.645,-1.506080449017773,7034,13405.933333333332,136083755.543992,0.24,,12.010638297872347,26.065613026819936,41.63303739574926,38.978352692713834,74.20582395764396,Emerging markets,AMEX,fund,['etf'],etf
AMEX:NEMD,NEMD,Neuberger Emerging Markets Debt Hard Currency ETF,52.9899,-0.3480959097320141,2838,10361.4,135715811.2346,0.6,,0.5520028843052062,-0.13211458725971278,1.1643757159221002,1.34431120546216,5.958608278344332,Emerging markets,AMEX,fund,['etf'],etf
AMEX:ELD,ELD,WisdomTree Emerging Markets Local Debt Fund,28.7599,-0.17389795209996695,7385,51676.36666666667,134960500.0,0.55,,0.27859135285913017,-0.8962784286698874,-0.9304168101963586,-1.9103001364256549,4.2025362318840465,Emerging markets,AMEX,fund,['etf'],etf
AMEX:BKCI,BKCI,BNY Mellon Concentrated International ETF,53.525,-0.0647875174804953,1408,5455.2,133957553.583,0.65,,3.330115830115833,3.7507268850552338,3.270306772139688,2.7154097102283616,5.9271719770433355,Developed markets,AMEX,fund,['etf'],etf
AMEX:OAEM,OAEM,OneAscent Emerging Markets ETF,49.62,-1.5323800111922183,6161,54328.066666666666,133434000.0,1.25,,7.193778353856121,19.681620839363234,40.486976217440535,32.780305057532786,60.426770126091164,Emerging markets,AMEX,fund,['etf'],etf
AMEX:CRTC,CRTC,Xtrackers US National Critical Technologies ETF,39.7,-1.1276922157358797,6841,8924.433333333332,131012590.065,0.35000000000000003,,4.735523018071499,6.691749529696323,7.181425485961133,7.4134199134199195,22.79996288162332,Developed markets,AMEX,fund,['etf'],etf
NASDAQ:BUFI,BUFI,AB International Buffer ETF,42.15,-0.1303163132330286,102,7605.733333333334,128151806.4648,0.6900000000000001,,1.9347037484885057,3.270856302829844,6.520090978013642,4.699687018729186,12.821199143468949,Developed markets,NASDAQ,fund,['etf'],etf
CBOE:YJUN,YJUN,FT Vest International Equity Moderate Buffer ETF - June,26.86,0.09316191540897552,1155,18851.866666666665,127423553.652,0.9,,1.5117157974300777,3.069838833461246,5.9148264984227135,4.472967716841691,10.353327855382085,Developed markets,CBOE,fund,['etf'],etf
AMEX:FTHF,FTHF,First Trust Emerging Markets Human Flourishing ETF,50.19,-1.3064749559526818,3355,11425.7,126737649.402,0.75,,14.877546349279012,30.890598513495892,55.38699690402477,48.27178729689806,100.59470995899376,Emerging markets,AMEX,fund,['etf'],etf
CBOE:YSEP,YSEP,FT Vest International Equity Buffer ETF - September,27.28,-0.33538167018610104,6927,13213.866666666667,124301504.638,0.9,,1.4503532911863166,3.0016990749480903,5.777433113609934,4.126111683652046,14.046345960092138,Developed markets,CBOE,fund,['etf'],etf
AMEX:AVEE,AVEE,Avantis Emerging Markets Small Cap Equity ETF,70.99,-1.2656467315716422,3138,7271.933333333333,122150950.0,0.42,,0.1269393511988564,11.234722657474137,11.760075566750617,12.718323277230864,23.722515789913967,Emerging markets,AMEX,fund,['etf'],etf
AMEX:ROAM,ROAM,Hartford Multifactor Emerging Markets ETF,36.965,-1.5579227696404627,7384,31169.966666666667,121846400.0,0.44,,7.73826872631886,18.0613222612584,25.17778530308162,25.09306260575297,46.97813121272368,Emerging markets,AMEX,fund,['etf'],etf
CBOE:TRIO,TRIO,MC Trio Equity Buffered ETF,64.5,-0.05826061086869923,271,1039.2666666666667,118710176.0,0.7000000000000001,,1.6004032512129012,4.857588763168161,-2.682786621825301,5.547373588610703,5.5197460982233455,Developed markets,CBOE,fund,['etf'],etf
AMEX:UDN,UDN,Invesco DB USD Index Bearish ETF,18.13,-0.32985156679495475,25990,141358.86666666667,118287727.92,0.78,,-1.0911074740861937,0.0,-2.6315789473684315,-0.5485463521667658,-1.8408229561450995,Developed markets,AMEX,fund,['etf'],etf
CBOE:BUFY,BUFY,FT Vest Laddered International Moderate Buffer ETF,23.24,-0.3003003003003016,13874,41131.76666666667,116375046.55,1.0,,1.087429317094389,2.740937223695833,5.444646098003627,4.07523510971787,11.462829736211017,Developed markets,CBOE,fund,['etf'],etf
AMEX:INDS,INDS,Pacer Industrial Real Estate ETF,39.2716,0.4715086485891846,6001,9083.633333333333,111178500.0,0.49,,-0.5278622087132662,-1.7227227227227264,3.7558784676353976,6.455950121984274,5.4837496642492685,Developed markets,AMEX,fund,['etf'],etf
CBOE:ESGG,ESGG,FlexShares STOXX Global ESG Select Index Fund,236.2372,0.9458443738817952,443,1069.9666666666667,111122018.9406,0.42,,7.944802376056663,13.091675044281688,16.14437786504989,14.61210010338693,31.895036569705756,Developed markets,CBOE,fund,['etf'],etf
AMEX:EOCT,EOCT,Innovator Emerging Markets Power Buffer ETF - October,34.105,-0.20132382117295436,3242,9950.433333333332,109828342.5,0.89,,1.1717591219222665,5.949052500776636,8.787878787878773,6.912225705329148,25.57069219440352,Emerging markets,AMEX,fund,['etf'],etf
AMEX:TLCI,TLCI,Touchstone International Equity ETF,26.09,-0.04712228424315005,621,2771.633333333333,107208750.0,0.37,,2.8379976350019662,0.0,-0.09573042312846479,-0.8738601823708223,0.115118956254801,Developed markets,AMEX,fund,['etf'],etf
AMEX:DBEM,DBEM,Xtrackers MSCI Emerging Markets Hedged Equity ETF,41.97,-0.9613614804117351,3674,7697.766666666666,105123791.225,0.66,,9.926663174436875,22.218986604542792,31.115276476101222,29.49706880592411,59.82482863670981,Emerging markets,AMEX,fund,['etf'],etf
NASDAQ:REMG,REMG,Russell Investments Emerging Markets Equity ETF,38.0188,-1.7617297923029684,4178,9620.833333333334,104423363.638308,0.64,,8.620798025221855,19.181191222570533,28.615696887686063,26.434319920186226,56.00656544932293,Emerging markets,NASDAQ,fund,['etf'],etf
AMEX:IBUF,IBUF,Innovator International Developed 10 Buffer ETF - Quarterly,30.86,-0.17855294482972536,5403,22523.4,104185912.5,0.85,,1.6134343101745092,4.304327987426693,6.880011082826812,5.5403556771545865,12.055192447349311,Developed markets,AMEX,fund,['etf'],etf
AMEX:ARB,ARB,AltShares Merger Arbitrage ETF,29.575,0.0703791677663334,9127,15263.1,103173719.87692,0.76,,0.2882332994235363,1.1111111111111087,1.7487365266782897,2.0584226236692684,4.579207920792073,Developed markets,AMEX,fund,['etf'],etf
AMEX:EAPR,EAPR,Innovator Emerging Markets Power Buffer ETF April,33.015,-0.6485006244263514,5676,13500.633333333333,101659500.0,0.89,,1.3662879950875046,10.031661389768377,11.499493414387036,10.673460494116862,21.6694306246545,Emerging markets,AMEX,fund,['etf'],etf
NASDAQ:HERD,HERD,Pacer Cash Cows Fund of Funds ETF,48.73,-0.44394685713001864,1051,5738.6,100540610.0,0.74,,2.762547448334026,4.750644883920881,9.29611329294633,12.126092959042786,25.94985784440424,Developed markets,NASDAQ,fund,['etf'],etf
NASDAQ:WCBR,WCBR,WisdomTree Cybersecurity Fund,35.3,-3.934860759975948,18800,32437.366666666665,99580390.0,0.45,,32.308845577211386,41.36964357228673,19.78282999660671,25.71225071225071,13.760876571060251,Developed markets,NASDAQ,fund,['etf'],etf
NASDAQ:EMCB,EMCB,WisdomTree Emerging Markets Corporate Bond Fund,66.5,0.27897157505843667,3490,4958.333333333333,99357000.0,0.61,,0.10537407797680742,-1.1887072808320909,-0.38945476333134377,-0.23254069462156046,1.5887564925145223,Emerging markets,NASDAQ,fund,['etf'],etf
AMEX:BCIL,BCIL,Bancreek International Large Cap ETF,29.75,-0.8904864861263297,2480,3660.8,93618300.0,0.8,,0.30343897505057266,9.505440303891401,6.363961387200576,5.985037406483789,-2.1059559065482083,Developed markets,AMEX,fund,['etf'],etf
AMEX:ISEP,ISEP,Innovator International Developed Power Buffer ETF September,34.28,-0.15640609663391708,6312,30402.333333333332,92598660.0,0.85,,1.5854200622314527,3.3775633293124385,6.55890581286913,4.799755426475085,12.651988169569508,Developed markets,AMEX,fund,['etf'],etf
AMEX:BKEM,BKEM,BNY Mellon Emerging Markets Equity ETF,97.7,-0.7576750276039853,819,1736.4,91114500.0,0.11,,8.015358744766447,20.142646335464843,31.768831343988147,27.279833246482543,54.5152617428436,Emerging markets,AMEX,fund,['etf'],etf
CBOE:EMTL,EMTL,State Street DoubleLine Emerging Markets Fixed Income ETF,42.76,-0.13988822953813287,3020,9049.766666666666,89655774.6,0.65,,-0.0817852552868412,-0.6274692075296378,-1.4914507664591858,-1.3154858066005084,0.49353701527614774,Emerging markets,CBOE,fund,['etf'],etf
AMEX:IMAR,IMAR,Innovator International Developed Power Buffer ETF March,30.2401,-0.4277247283503432,24299,280730.13333333336,86386065.0,0.85,,1.3068676716917933,2.5609632016279544,2.4046732136810043,0.9376084808673215,8.757777378169402,Developed markets,AMEX,fund,['etf'],etf
CBOE:WLDR,WLDR,Simplify Affinity World Leaders Equity ETF,46.155,-0.8421595376715919,4794,10502.166666666666,86062000.0,0.67,,11.00288600288601,20.273615635179155,22.981614708233412,28.208333333333336,44.627128044596105,Developed markets,CBOE,fund,['etf'],etf
NASDAQ:IFGL,IFGL,iShares International Developed Real Estate ETF,22.48,-1.127707112823487,6188,9710.133333333333,84534425.4,0.48,,-4.2997020008514175,-7.679671457905548,-2.303346371142986,-3.103448275862064,2.042669087607804,Developed markets,NASDAQ,fund,['etf'],etf
NASDAQ:RFEM,RFEM,First Trust RiverFront Dynamic Emerging Markets ETF,96.09,-1.5855490838105117,803,3182.633333333333,81799092.468,0.99,,3.261512009026916,14.99521302058401,20.94398993077407,19.58929682638458,42.28072643276499,Emerging markets,NASDAQ,fund,['etf'],etf
AMEX:QUIZ,QUIZ,Zacks Quality International ETF,29.06,-0.6835269993164828,4997,23615.066666666666,81648009.0987805,0.55,,0.9378256339006585,4.532374100719418,11.043179212839117,8.513816280806564,15.94919940788502,Developed markets,AMEX,fund,['etf'],etf
AMEX:BKF,BKF,iShares MSCI BIC ETF,40.32,-1.7694652136733442,2663,12436.0,80992212.0,0.72,,-3.9885700678652154,-3.193277310924366,-9.778473931528302,-9.596412556053814,0.07446016381236321,Emerging markets,AMEX,fund,['etf'],etf
NASDAQ:AGNG,AGNG,Global X Aging Population ETF,34.1999,0.47889202600705905,6587,12252.9,80252483.073253,0.5,,-2.2021732913926204,-7.542849418761833,-5.551228942281141,-5.237184815738442,9.055803571428571,Developed markets,NASDAQ,fund,['etf'],etf
AMEX:INEQ,INEQ,Columbia International Equity Income ETF,39.8275,-0.9500242480010891,6392,16042.166666666666,79733800.0,0.45,,0.5998989643849385,1.0337392186707226,1.476508357113746,6.633199464524763,14.51265094882116,Developed markets,AMEX,fund,['etf'],etf
AMEX:XC,XC,WisdomTree True Emerging Markets Fund,31.29,-1.31392202254421,1385,20900.966666666667,79342500.0,0.32,,-2.475057738880007,-3.9594843462246754,-12.752519971558833,-4.194733619105933,-2.9466501240694876,Emerging markets,AMEX,fund,['etf'],etf
AMEX:FEDM,FEDM,FlexShares ESG & Climate Developed Markets ex-US Core Index Fund,63.0466,0.5848755583918288,1307,1831.8333333333333,76758377.5,0.12,,2.199059815205058,3.541796682542285,7.551347662913683,5.942866745084859,12.928857252376016,Developed markets,AMEX,fund,['etf'],etf
AMEX:RWEM,RWEM,Rayliant Wilshire NxtGen Emerging Markets Equity ETF,37.14,-0.5366841276472719,3496,38333.9,72622053.28,0.52,,8.437956204379564,18.506700701978307,32.406417112299465,23.42971086739781,51.55719509010186,Emerging markets,AMEX,fund,['etf'],etf
AMEX:IMAY,IMAY,Innovator International Developed Power Buffer ETF - May,31.55,-0.28129839754732655,2557,80190.26666666666,72579260.0,0.85,,1.3166345536287738,4.2802842505371075,7.117999558626319,5.3774215096860365,13.163558106169303,Developed markets,AMEX,fund,['etf'],etf
AMEX:EASG,EASG,Xtrackers MSCI EAFE Selection Equity ETF,38.35,0.016430339273474082,436,2286.766666666667,68596238.109,0.14,,4.127070323106172,5.531095211887721,11.5798661623509,7.754987355998869,15.09603841536615,Developed markets,AMEX,fund,['etf'],etf
AMEX:IFLR,IFLR,Innovator International Developed Managed Floor ETF,52.79,-0.5677002301691065,2885,7433.433333333333,68436290.0,0.89,,3.1659175298026137,2.167602090187725,6.174577634754626,3.9173228346456734,7.756685037762803,Developed markets,AMEX,fund,['etf'],etf
AMEX:EMC,EMC,Global X Emerging Markets Great Consumer ETF,38.4817,-1.694720412005597,3545,5306.933333333333,68004216.0549731,0.65,,9.323011363636345,19.843350981002796,30.269803656059572,22.125357029514422,38.92310469314078,Emerging markets,AMEX,fund,['etf'],etf
AMEX:IFEB,IFEB,Innovator International Developed Power Buffer ETF February,31.08,-0.2887391722810504,7394,32246.466666666667,66662470.0,0.85,,1.4691478942213494,2.5742574257425663,3.7788455438205126,2.4390243902438975,10.251471261187428,Developed markets,AMEX,fund,['etf'],etf
NASDAQ:WIMA,WIMA,WisdomTree International Adaptive Moving Average Fund,42.22,-0.6143923165650591,1197,2266.9666666666667,66170800.9935,0.42,,3.2526290046466086,7.566878980891717,7.566878980891717,7.566878980891717,7.566878980891717,Developed markets,NASDAQ,fund,['etf'],etf
AMEX:EMM,EMM,Global X Emerging Markets ex-China ETF,45.3201,-1.606382978723417,6582,12700.133333333333,64447404.0715016,0.66,,8.447236180904516,21.534191472244565,36.960108794197616,31.096615562626543,61.42223646951967,Emerging markets,AMEX,fund,['etf'],etf
AMEX:JPMB,JPMB,JPMorgan USD Emerging Markets Sovereign Bond ETF,39.9936,-0.46985745002787416,1070,7090.1,63888000.0,0.39,,0.1843687374749474,-0.5876211782251956,-1.3721331689272416,-1.0059405940594006,5.135646687697165,Emerging markets,AMEX,fund,['etf'],etf
AMEX:AIVI,AIVI,WisdomTree International AI Enhanced Value Fund,56.94,-0.43017521771063233,1484,1238.1666666666667,63847300.0,0.58,,1.8604651162790682,3.6309036309036262,11.617075413075307,8.98129097085984,18.232124502953717,Developed markets,AMEX,fund,['etf'],etf
AMEX:TRND,TRND,Pacer Trendpilot Fund of Funds ETF,37.02,-0.526655202063623,2906,6053.933333333333,62954910.0,0.77,,4.8428207306712,8.2139725226542,7.273254129237917,9.656398104265419,19.419354838709687,Developed markets,AMEX,fund,['etf'],etf
AMEX:DIEM,DIEM,Franklin Emerging Market Core Dividend Tilt Index ETF,44.522,-1.4367625246286355,2204,12666.766666666666,61961200.0,0.19,,11.38854140605454,22.83625327631398,32.66388557806911,30.21936238666277,55.88935574229692,Emerging markets,AMEX,fund,['etf'],etf
CBOE:EFAD,EFAD,ProShares MSCI EAFE Dividend Growers ETF,42.871,-0.2909566216470708,6703,3657.4333333333334,61309534.0,0.5,,1.0393589441433007,1.7226242733420312,1.4938446969696975,2.7465548232474553,1.2039375840985933,Developed markets,CBOE,fund,['etf'],etf
AMEX:IJUN,IJUN,Innovator International Developed Power Buffer ETF June,30.99,-0.3376748673420178,34506,55563.066666666666,61179377.5,0.85,,1.9743336623889367,4.5370214201382995,7.454923717059635,5.623721881390588,12.896174863387975,Developed markets,AMEX,fund,['etf'],etf
AMEX:EMCR,EMCR,Xtrackers Emerging Markets Carbon Reduction and Climate Improvers ETF,45.46,-1.5729704567351965,1166,1781.1,58901745.309,0.15,,7.167694102947941,17.407024793388437,23.532608695652186,20.36262351333892,46.173633440514465,Emerging markets,AMEX,fund,['etf'],etf
AMEX:NTSE,NTSE,WisdomTree Emerging Markets Efficient Core Fund,49.64,-1.293092306070955,1502,4082.0,57866400.0,0.32,,10.127565169162501,21.014139444173566,32.727272727272734,28.10322580645161,58.54359629511339,Emerging markets,AMEX,fund,['etf'],etf
AMEX:MEM,MEM,Matthews Emerging Markets Equity Active ETF,45.81,-1.6906377554305079,2561,2666.766666666667,57188800.0,0.79,,6.189151599443676,18.52522639068565,24.027355869978393,24.1127065835817,48.83040935672514,Emerging markets,AMEX,fund,['etf'],etf
AMEX:XIDV,XIDV,Franklin International Dividend Booster Index ETF,37.74,-1.1801302411319972,785,15278.9,57109500.0,0.19,,1.2070292492068873,5.267268406430967,13.290806754221395,9.830626855247075,22.294232015554122,Developed markets,AMEX,fund,['etf'],etf
NASDAQ:EMEM,EMEM,Sophus Capital Emerging Market ETF,26.9413,-1.835664654164138,6857,,56693910.0,0.65,,7.335856573705167,7.335856573705167,7.335856573705167,7.335856573705167,7.335856573705167,Emerging markets,NASDAQ,fund,['etf'],etf
AMEX:DEEF,DEEF,Xtrackers FTSE Developed ex US Multifactor ETF,39.59,0.07583417593529103,398,878.1333333333333,55605239.718,0.24,,1.48679825685723,1.2273075939657478,12.089467723669319,9.819694868238576,19.462884731442372,Developed markets,AMEX,fund,['etf'],etf
AMEX:INOV,INOV,Innovator International Developed Power Buffer ETF November,36.455,-0.2053107035313519,266,3501.9666666666667,53699587.5,0.85,,1.9121634843867867,3.3794341425788206,7.157554379776587,5.224419108096392,14.693186680425855,Developed markets,AMEX,fund,['etf'],etf
AMEX:QEMM,QEMM,State Street SPDR MSCI Emerging Markets StrategicFactors ETF,81.29,-1.1457798769824956,2515,4936.066666666667,52870864.8,0.3,,4.445586534755246,16.99769717904433,22.90595706078017,21.237882177479506,35.61895228561897,Emerging markets,AMEX,fund,['etf'],etf
AMEX:QLVD,QLVD,FlexShares Developed Markets ex-US Quality Low Volatility Index Fund,32.8328,0.13052759987801074,74,645.4,52518752.8242,0.12,,-1.2306757435646043,-3.4329411764705915,4.164313678212702,3.342041484372535,5.031349968010228,Developed markets,AMEX,fund,['etf'],etf
AMEX:EET,EET,ProShares Ultra MSCI Emerging Markets,125.0,-1.5486786651261033,700,13799.9,52296090.0,0.9500000000000001,,16.539250419541297,40.181675451385,56.42597922662996,48.491328106438566,117.84593935169048,Emerging markets,AMEX,fund,['etf'],etf
NYSE:TBLU,TBLU,Tortoise Global Water ETF,49.87,0.6052047609441137,276,2082.733333333333,52104936.0,0.4,,-3.0520995334370147,-8.64627221102767,-5.458819514876919,-2.607167268821406,-2.5405511041626037,Developed markets,NYSE,fund,['etf'],etf
NASDAQ:FDIQ,FDIQ,Invesco Bloomberg Financial Data Providers ETF,67.7,-0.5362521119518033,515,4310.0,51495660.0,0.35000000000000003,,-5.168791147219495,-8.8092672413793,9.04493069928888,9.99187652315192,21.109123434704838,Developed markets,NASDAQ,fund,['etf'],etf
AMEX:MEMX,MEMX,Matthews Emerging Markets ex China Active ETF,49.81,-0.9367355462301795,827,2304.366666666667,50436960.0,0.79,,10.150375939849631,19.96628131021194,33.431556388963315,30.120507106862885,62.72459980398563,Emerging markets,AMEX,fund,['etf'],etf
NASDAQ:CEFA,CEFA,Global X S&P Catholic Values Developed ex-U.S. ETF,39.9749,-0.3698599068371802,1716,6862.366666666667,50034219.10168,0.35000000000000003,,4.155549765502855,5.641913319238886,7.3439849624060045,6.713561131873991,17.400587371512486,Developed markets,NASDAQ,fund,['etf'],etf
AMEX:TEMD,TEMD,Templeton Emerging Markets Debt ETF,25.01,0.20032051282051566,377,622.3333333333334,49854000.0,0.45,,0.7249295207410523,-0.8719778042013431,-0.9504950495049443,-0.9504950495049443,-0.9504950495049443,Emerging markets,AMEX,fund,['etf'],etf
NASDAQ:EFAS,EFAS,Global X MSCI SuperDividend EAFE ETF,21.415,-1.2906199585157923,8431,18138.2,47453067.6730812,0.55,,-2.39288969917959,3.254580520732887,13.426906779661017,9.803619955904216,20.308988764044933,Developed markets,NASDAQ,fund,['etf'],etf
AMEX:EMSF,EMSF,Matthews Emerging Markets Sustainable Future Active ETF,41.215,-1.1118469039118584,451,6925.366666666667,46675050.0,0.79,,8.460526315789483,27.87775364567176,37.41081549643263,41.9249311294766,60.12043512043514,Emerging markets,AMEX,fund,['etf'],etf
NASDAQ:EMSC,EMSC,Sophus Capital Emerging Market Small Cap ETF,26.455,-1.5078183172003021,11839,,44517382.0,0.85,,4.647943037974672,4.647943037974672,4.647943037974672,4.647943037974672,4.647943037974672,Emerging markets,NASDAQ,fund,['etf'],etf
AMEX:KNO,KNO,AXS Knowledge Leaders ETF,63.9724,0.8075966082518297,2446,607.2666666666667,44457832.8199984,0.78,,14.79832537473598,15.519311785705895,25.109566992808965,23.42283420055989,35.19103972950127,Developed markets,AMEX,fund,['etf'],etf
AMEX:SDEM,SDEM,Global X MSCI SuperDividend Emerging Markets ETF,32.56,-1.393095093882498,1411,4312.033333333334,44436050.9052203,0.66,,0.12300123001229749,1.3698630136986454,7.529722589167771,7.10526315789475,23.802281368821298,Emerging markets,AMEX,fund,['etf'],etf
CBOE:FFEM,FFEM,Fidelity Fundamental Emerging Markets ETF,44.25,-1.7962955565320369,9229,15039.7,43861743.0,0.6,,8.775811209439528,22.271345675601,33.59700501177465,26.972740315638447,65.15569423242725,Emerging markets,CBOE,fund,['etf'],etf
NASDAQ:NSI,NSI,National Security Emerging Markets Index ETF,39.24,-1.5198666854056546,319,1291.2666666666667,42695300.0,0.75,,2.7494108405341824,10.224719101123597,16.905751441211965,15.039577836411617,41.48290234651053,Emerging markets,NASDAQ,fund,['etf'],etf
CBOE:BEMB,BEMB,iShares J.P. Morgan Broad USD Emerging Markets Bond ETF,53.2117,-0.40838556688296823,1904,1038.3666666666666,42508880.0,0.15,,0.09612382102534235,-0.9646380048390033,-1.2049602028937627,-1.4233049277510124,2.4484020023103636,Emerging markets,CBOE,fund,['etf'],etf
AMEX:KEMQ,KEMQ,KraneShares Emerging Markets Consumer Technology Index ETF,26.3401,-2.9290692060777768,1091,9653.333333333334,42320853.7634771,0.5,,6.986596263200645,14.472403302911768,1.58156575395295,3.701181102362209,30.39653465346535,Emerging markets,AMEX,fund,['etf'],etf
NYSE:BCEM,BCEM,Baron Emerging Markets Select ETF,28.07,-1.7156862745097985,5331,6759.333333333333,42050719.5,0.8,,3.962962962962964,13.185483870967738,13.185483870967738,13.185483870967738,13.185483870967738,Emerging markets,NYSE,fund,['etf'],etf
AMEX:IAUG,IAUG,Innovator International Developed Power Buffer ETF August,29.88,-0.06688963210702199,1444,7087.4,41848380.0,0.85,,1.8578489858530702,3.1055900621117964,5.882728145741126,4.366049598323437,10.793052815804689,Developed markets,AMEX,fund,['etf'],etf
NASDAQ:WRTH,WRTH,Worth Charting Options Income ETF,25.1,0.2196047115192642,19048,,41799265.0,1.02,,0.27966440271674103,0.35985605757696865,0.35985605757696865,0.35985605757696865,0.35985605757696865,Developed markets,NASDAQ,fund,['etf'],etf
AMEX:IDEC,IDEC,Innovator International Developed Power Buffer ETF December,34.184,0.3369612435865689,1827,2177.3333333333335,41696672.5,0.85,,1.7078250520678313,2.80902255639097,6.791627616369883,5.019969278033796,15.132143975804192,Developed markets,AMEX,fund,['etf'],etf
AMEX:GAEM,GAEM,Simplify Gamma Emerging Market Bond ETF,26.79,-0.204879865896814,1932,10672.6,41467176.753,0.76,,-0.18628912071535286,0.8280015054572784,0.41229385307346117,0.6386175807663341,4.826560757537219,Emerging markets,AMEX,fund,['etf'],etf
NASDAQ:BREM,BREM,iShares Emerging Markets Bond Active ETF,51.3981,0.1814637949517586,80,272.56666666666666,38369325.0,0.5,,0.4752223634053334,0.603053435114496,1.0182783018867863,0.7114725188596118,2.284776119402984,Emerging markets,NASDAQ,fund,['etf'],etf
AMEX:WCME,WCME,First Trust WCM Developing World Equity ETF,19.82,-2.2007302871804897,2652,8874.6,37404786.57086,0.9500000000000001,,3.606900156821753,14.236311239193077,14.898550724637682,12.42200794100965,29.542483660130713,Emerging markets,AMEX,fund,['etf'],etf
AMEX:DWMF,DWMF,WisdomTree International Multifactor Fund,33.1,-0.5558059185819294,4626,2222.4,37217400.0,0.38,,-1.341281669150509,-3.1597425394967766,2.413366336633667,0.48573163327262814,4.912836767036452,Developed markets,AMEX,fund,['etf'],etf
AMEX:CRDT,CRDT,Simplify Opportunistic Income ETF,23.43,-1.2309248798583659,984,7669.7,36922573.821,0.99,,1.340830449826984,1.8252933507170714,0.8262328943971089,0.6443298969072103,-3.4610630407910996,Developed markets,AMEX,fund,['etf'],etf
AMEX:ISWN,ISWN,Amplify BlackSwan ISWN ETF,22.4008,0.4439103570115426,490,2989.3,36762330.0,0.49,,1.086642599277979,0.11530726256983359,3.89981447124305,3.923915564834148,10.8950495049505,Developed markets,AMEX,fund,['etf'],etf
AMEX:AZTD,AZTD,Aztlan Global Stock Selection DM SMID ETF,32.3276,-0.01391805666814148,8,190.8,36355837.5,0.75,,1.2293721622044718,6.008814501954393,14.596242467210194,12.771353321821632,24.326881290357314,Developed markets,AMEX,fund,['etf'],etf
AMEX:OEFA,OEFA,ALPS O'Shares International Developed Quality Dividend ETF,33.84,-0.7161697096299917,2083,5516.833333333333,34757750.0,0.48,,2.63876251137399,1.060176198297757,2.5081788440567157,0.50490050490051,3.740036787247106,Developed markets,AMEX,fund,['etf'],etf
NASDAQ:WISE,WISE,Themes Generative Artificial Intelligence ETF,43.02,-3.672189879086416,3078,11632.066666666668,34642300.0,0.35000000000000003,,9.284897751809986,21.766204358901796,-0.02323960027887058,8.47201210287445,31.599877638421553,Developed markets,NASDAQ,fund,['etf'],etf
AMEX:EMDM,EMDM,First Trust Bloomberg Emerging Market Democracies ETF,43.475,-1.5326703162052577,2521,10619.2,34575286.438,0.75,,9.729934376577496,19.617553996423172,39.56661316211879,35.689762796504375,83.74894336432799,Emerging markets,AMEX,fund,['etf'],etf
NASDAQ:LDEM,LDEM,iShares ESG MSCI EM Leaders ETF,62.29,-1.3591814823201889,4257,1500.9666666666667,34376623.05,0.16,,0.8434651686120883,5.935374149659868,5.219239124192143,4.794751009421267,21.683922641140853,Emerging markets,NASDAQ,fund,['etf'],etf
CBOE:GEMD,GEMD,Goldman Sachs Access Emerging Markets USD Bond ETF,42.1597,-0.3900786300230656,2983,3614.9666666666667,33744000.0,0.3,,0.33246073298428774,-0.9258889356272154,-1.2884570358229923,-0.6370492576007515,5.031639262580967,Emerging markets,CBOE,fund,['etf'],etf
AMEX:EBUF,EBUF,Innovator Emerging Markets 10 Buffer ETF - Quarterly,31.575,-0.1227312123186771,993,7394.4,32335880.0,0.89,,1.3318356867779177,8.654507914659328,11.081012622602476,9.293873312564898,16.53441594390109,Emerging markets,AMEX,fund,['etf'],etf
AMEX:JADE,JADE,JPMorgan Active Developing Markets Equity ETF,81.6561,0.9831674315585638,1498,1801.9666666666667,32200000.0,0.65,,9.71315478677735,18.74487392025127,29.715806195393156,26.87399005593536,58.93852954400798,Emerging markets,AMEX,fund,['etf'],etf
CBOE:VDG,VDG,Vanguard Developed Markets ex-US Growth Index ETF,79.72,-0.7950581702835736,12546,8906.166666666666,32092000.0,0.08,,5.827691490773929,5.680387088221643,5.680387088221643,5.680387088221643,5.680387088221643,Developed markets,CBOE,fund,['etf'],etf
AMEX:EDOG,EDOG,ALPS Emerging Sector Dividend Dogs ETF,24.34,-2.023137674800548,657,2179.5,29772000.0,0.6,,-2.209722780233028,-4.773082942097022,1.670843776106928,0.45398266611638227,10.938924339106647,Emerging markets,AMEX,fund,['etf'],etf
AMEX:EFO,EFO,ProShares Ultra MSCI EAFE,71.98,-1.391046559098244,3114,8169.766666666666,29300697.0,0.9500000000000001,,4.032374620609924,6.8110995696690955,14.855592787617683,10.653343581860119,33.049907578558226,Developed markets,AMEX,fund,['etf'],etf
NYSE:BREE,BREE,MFS Blended Research Emerging Markets Equity ETF,27.98,-0.7449450159631105,1129,2650.1666666666665,26986682.775,0.44,,9.941060903732815,13.050505050505052,13.050505050505052,13.050505050505052,13.050505050505052,Emerging markets,NYSE,fund,['etf'],etf
NASDAQ:AAVM,AAVM,Alpha Architect Global Factor Equity ETF,34.6,-0.4310816177359266,716,2952.733333333333,25895400.0,0.38,,2.884329467737136,7.170512621960679,16.563859139650923,16.22438696674505,32.16195569136747,Developed markets,NASDAQ,fund,['etf'],etf
AMEX:EDZ,EDZ,Direxion Emerging Markets Bear 3X ETF,15.06,4.510756419153368,83232,316963.5666666667,25785904.613,1.34,,-23.592085235920855,-48.318462594371994,-59.04269785150938,-54.977578475336315,-76.90184049079754,Emerging markets,AMEX,fund,['etf'],etf
AMEX:TEMR,TEMR,T. Rowe Price Emerging Markets Equity Research ETF,30.0896,1.0525184543360182,127,1164.7,25236403.95,0.4,,11.484253427195268,21.77094293808175,21.77094293808175,21.77094293808175,21.77094293808175,Emerging markets,AMEX,fund,['etf'],etf
CBOE:VDV,VDV,Vanguard Developed Markets ex-US Value Index ETF,78.21,-0.6902541598098525,8488,7292.133333333333,23463000.0,0.08,,4.405286343612331,3.8507502323728473,3.8507502323728473,3.8507502323728473,3.8507502323728473,Developed markets,CBOE,fund,['etf'],etf
NASDAQ:MEMS,MEMS,Matthews Emerging Markets Discovery Active ETF,31.3299,-1.0988698781488802,1468,1866.3333333333333,22507920.0,0.89,,1.0968054211035823,15.523230088495566,18.989365742499054,22.191497659906386,26.330241935483862,Emerging markets,NASDAQ,fund,['etf'],etf
AMEX:PEMX,PEMX,Putnam Emerging Markets ex-China ETF,90.075,-0.7933230024021009,631,642.7333333333333,22327500.0,0.6900000000000001,,10.908768534046498,24.913326861739016,34.75405421578603,37.225776965265084,63.65370639534885,Emerging markets,AMEX,fund,['etf'],etf
CBOE:FFDI,FFDI,Fidelity Fundamental Developed International ETF,32.21,0.10846897134740956,1071,2401.3333333333335,22316117.6,0.55,,2.9402364972834825,4.782042940793762,7.152361942781113,5.7452396585686145,10.725335166723964,Developed markets,CBOE,fund,['etf'],etf
AMEX:RISE,RISE,Pictet Emerging Markets Rising Economies ETF,18.75,1.0563759836154012,11367,,21672052.5,0.73,,-1.7295597484276641,-4.190086867654575,-4.190086867654575,-4.190086867654575,-4.190086867654575,Emerging markets,AMEX,fund,['etf'],etf
AMEX:VEMY,VEMY,Virtus Stone Harbor Emerging Markets High Yield Bond ETF,28.805,-0.17328019407381984,8337,15089.333333333334,21456114.432,0.55,,0.7167832167832108,1.2478031634446412,1.1766772040744673,3.2437275985663123,8.800755429650607,Emerging markets,AMEX,fund,['etf'],etf
AMEX:TACN,TACN,T. Rowe Price Active Core International Equity ETF,28.03,-0.22922717694629224,1070,2299.7,20951015.25,0.0,,3.546361285555969,3.3554572271386434,11.362733412793004,8.39133797370457,11.362733412793004,Developed markets,AMEX,fund,['etf'],etf
NASDAQ:AVGB,AVGB,Avantis Credit ETF,51.2,-0.11782974771947592,128,5878.766666666666,20481760.0,0.19,,0.6487124041674964,-0.21438316117715733,-1.1201235998454968,0.7279165846940873,1.0858835143139276,Developed markets,NASDAQ,fund,['etf'],etf
AMEX:BCHI,BCHI,GMO Beyond China ETF,41.33,-1.4605675375394003,336,1212.7,19853232.0,0.65,,10.967915156396836,23.779574722970942,34.8718668315717,32.85117325618772,57.74809160305344,Emerging markets,AMEX,fund,['etf'],etf
AMEX:IVEP,IVEP,Dan IVES Wedbush AI Power & Infrastructure ETF,28.38,-0.5257623554153598,19276,41509.76666666667,19789227.485,0.75,,-1.8332756831546217,8.3206106870229,8.3206106870229,8.3206106870229,8.3206106870229,Developed markets,AMEX,fund,['etf'],etf
NASDAQ:TNXT,TNXT,T. Rowe Price Innovation Leaders ETF,27.5595,-0.6768226097674344,642,3237.4333333333334,18026310.25,0.49,,7.540455221230656,17.000636807471878,10.725190839694653,10.725190839694653,10.725190839694653,Developed markets,NASDAQ,fund,['etf'],etf
AMEX:RW,RW,Rainwater Equity ETF,25.05,-0.2977138126472639,1889,2095.2,18020232.0,1.27,,4.24469413233458,0.9669449135634368,-0.43720190779014084,1.6227180527383454,0.3605769230769225,Developed markets,AMEX,fund,['etf'],etf
AMEX:EMFI,EMFI,Pictet Emerging Markets Debt ETF,50.72,0.48538880633976705,355,,17599260.0,0.5,,1.2795731561207022,1.1567610690067776,1.1567610690067776,1.1567610690067776,1.1567610690067776,Emerging markets,AMEX,fund,['etf'],etf
AMEX:QLVE,QLVE,FlexShares Emerging Markets Quality Low Volatility Index Fund,35.1609,0.4769389038120771,21,860.9,17408684.8173,0.18,,8.554800864464333,14.169145246970496,19.4729867482161,17.71309005691328,33.28569641510077,Emerging markets,AMEX,fund,['etf'],etf
CBOE:TSEP,TSEP,FT Vest Emerging Market Buffer ETF - September,25.98,0.11560693641618935,473,1667.1,16876651.928,0.9500000000000001,,1.6829745596868873,6.301145662847786,10.930828351836032,7.845579078455793,24.375251335669557,Emerging markets,CBOE,fund,['etf'],etf
AMEX:HDMV,HDMV,First Trust Horizon Managed Volatility Developed International ETF,37.0734,0.18213262714154255,21,883.5666666666667,16704974.244,0.8,,-2.6178092986603647,-1.4267482052645573,5.592138991740245,4.3733108108108,4.786319954776701,Developed markets,AMEX,fund,['etf'],etf
NASDAQ:RNEM,RNEM,Emerging Markets Equity Select ETF,54.67,-1.1054411001228275,15968,1378.6666666666667,16466209.774,0.76,,-0.9691151163843793,-1.3710986830236298,-1.796299622777079,-2.165354330708663,1.1470860314523674,Emerging markets,NASDAQ,fund,['etf'],etf
AMEX:EEMO,EEMO,Invesco S&P Emerging Markets Momentum ETF,24.46,-1.664388518131374,36536,14640.233333333334,16092050.0,0.29,,18.393030009680544,39.98821031425809,37.802816901408455,37.41495834293066,53.25814536340852,Emerging markets,AMEX,fund,['etf'],etf
CBOE:MRGR,MRGR,ProShares Merger ETF,45.25,-0.2888867832644064,3175,1606.5333333333333,15879395.0,0.75,,0.8464415135212302,0.734639358860192,-0.7675438596491259,1.004464285714292,7.8408007626310745,Developed markets,CBOE,fund,['etf'],etf
CBOE:FOWF,FOWF,Pacer Solactive Whitney Future of Warfare ETF,34.5,-0.44582954594641033,440,2722.9,15688440.0,0.49,,4.704097116843694,0.3782368344486545,13.263296126066969,10.576923076923078,23.523093447905477,Developed markets,CBOE,fund,['etf'],etf
AMEX:CEW,CEW,WisdomTree Emerging Currency Strategy Fund,19.4001,-0.292439738911458,3434,2879.0,15568000.0,0.55,,0.0005154639175245719,2.15955766192733,0.7274143302180518,2.4292502639915368,5.953577280174766,Emerging markets,AMEX,fund,['etf'],etf
CBOE:EVLU,EVLU,iShares MSCI Emerging Markets Value Factor ETF,43.06,-2.0504351544764163,6017,2707.3333333333335,15402156.48,0.35000000000000003,,15.072153928380544,24.99274310595065,29.720284986970746,31.625603717063044,63.726235741444874,Emerging markets,CBOE,fund,['etf'],etf
AMEX:IBFR,IBFR,Innovator International Developed Managed 10 Buffer ETF,50.13,-0.490303114516545,1475,6487.933333333333,14951760.0,0.85,,2.6412776412776395,2.097759674134422,-1.0069135207612865,-1.0069135207612865,-1.0069135207612865,Developed markets,AMEX,fund,['etf'],etf
NASDAQ:FDTS,FDTS,First Trust Developed Markets ex-US Small Cap AlphaDEX Fund,68.6981,-0.6853909518563918,1340,2146.4333333333334,13848338.482,0.8,,-2.7490090600226558,1.429351838181002,19.335696951904804,16.595553292600126,43.50971380823063,Developed markets,NASDAQ,fund,['etf'],etf
NASDAQ:EMIF,EMIF,iShares Emerging Markets Infrastructure ETF,26.99,-1.3945060043767912,2761,3398.4666666666667,13563933.0,0.6,,-7.6001369394043214,-5.497198879551822,-2.6685899747565887,1.695553880934436,15.341880341880342,Emerging markets,NASDAQ,fund,['etf'],etf
NASDAQ:ERET,ERET,iShares Environmentally Aware Real Estate ETF,28.33,0.028952962029244796,3711,4434.366666666667,13525746.24,0.3,,-2.3776705720193014,-1.3235806339254703,4.066032156514136,5.748413587159384,6.825037707390645,Developed markets,NASDAQ,fund,['etf'],etf
CBOE:TEMX,TEMX,Touchstone Sands Capital Emerging Markets ex-China Growth ETF,38.17,-0.20993299398959264,190,549.2333333333333,13254500.0,0.8,,10.895472954520361,24.251302083333343,29.516712983227645,25.800466025305116,42.83362147032189,Emerging markets,CBOE,fund,['etf'],etf
AMEX:EFZ,EFZ,ProShares Short MSCI EAFE,23.52,0.9004680374601615,3019,32516.9,13194562.5,0.9500000000000001,,-2.4875621890547324,-4.2345276872964135,-9.885057471264373,-6.740681998413955,-17.414570429359966,Developed markets,AMEX,fund,['etf'],etf
NASDAQ:MEMA,MEMA,Man Active Emerging Markets Alternative ETF,33.0529,1.2805270415198502,4,2234.0666666666666,12959358.188286,0.85,,7.1601327955804,17.751692198076242,31.89505187549881,25.236906218859296,31.89505187549881,Emerging markets,NASDAQ,fund,['etf'],etf
CBOE:EQLT,EQLT,iShares MSCI Emerging Markets Quality Factor ETF,40.07,-1.8132810585640824,1322,4193.766666666666,12816883.52,0.35000000000000003,,8.180345572354215,24.679511114430102,30.862181580666228,28.59724063120801,56.2792511700468,Emerging markets,CBOE,fund,['etf'],etf
AMEX:EMES,EMES,Harbor Emerging Markets Select ETF,29.1808,2.971191440710271,19,254.1,12235750.0,0.65,,7.99663953871378,21.082157676348547,31.05954107961717,26.701170585987718,48.20713893911384,Emerging markets,AMEX,fund,['etf'],etf
CBOE:JANI,JANI,AllianzIM International Equity Buffer15 Uncapped Jan ETF,25.6957,0.36794719059429004,4147,3604.766666666667,12132592.5,0.79,,1.3237381703470001,2.5162577299022435,2.3733067729083555,2.3733067729083555,2.3733067729083555,Developed markets,CBOE,fund,['etf'],etf
AMEX:JIDE,JIDE,JPMorgan International Dynamic ETF,49.797,0.45165624098553536,734,1078.9666666666667,11923200.0,0.55,,1.5229357798165135,-0.08627608346710747,0.9702241552358584,0.9702241552358584,0.9702241552358584,Developed markets,AMEX,fund,['etf'],etf
NASDAQ:ENHI,ENHI,iShares Enhanced International Active ETF,26.715,0.4512126339537545,391,460.93333333333334,11714032.0,0.27,,2.3367171040030623,8.641724278161854,8.641724278161854,8.641724278161854,8.641724278161854,Developed markets,NASDAQ,fund,['etf'],etf
AMEX:PQNT,PQNT,Pictet AI Enhanced International Equity ETF,22.5171,0.3306168097705626,33,1232.2333333333333,11174150.0,0.3,,1.2459532374100757,2.723996350364952,9.784887519380591,6.112629594721962,11.085841144548594,Developed markets,AMEX,fund,['etf'],etf
AMEX:JHID,JHID,John Hancock International High Dividend ETF,43.2223,0.7207606086733632,44,374.53333333333336,11136294.0,0.46,,1.9393867924528267,4.959446333171436,15.413351134846446,12.499479437792804,28.80340199303865,Developed markets,AMEX,fund,['etf'],etf
CBOE:TDEC,TDEC,FT Vest Emerging Markets Buffer ETF - December,26.34,-0.2809095107934412,818,5559.933333333333,10546052.73,0.9500000000000001,,1.268742791234134,6.639676113360326,10.998735777496837,8.128078817733993,24.42135096835143,Emerging markets,CBOE,fund,['etf'],etf
NASDAQ:XCNY,XCNY,State Street SPDR S&P Emerging Markets ex-China ETF,34.0,0.9465220954122867,74,373.6333333333333,10030006.5,0.19,,6.6763721248364565,14.632501685772084,21.34189864382584,19.25640126271483,35.24264120922832,Emerging markets,NASDAQ,fund,['etf'],etf
AMEX:EUM,EUM,ProShares Short MSCI Emerging Markets,15.59,1.5443336438067068,21245,77119.2,9993681.156,0.9500000000000001,,-7.47774480712167,-17.64395139989435,-23.465881197839966,-20.66157760814249,-36.6800698590634,Emerging markets,AMEX,fund,['etf'],etf
AMEX:RITA,RITA,ETFB Green SRI REITs ETF,20.19,-0.030203851238605445,857,1841.6,9093960.0,0.5,,-2.5579150579150465,-0.5908419497784217,3.27365728900256,4.395036194415726,4.937629937629953,Developed markets,AMEX,fund,['etf'],etf
AMEX:EPEM,EPEM,Harbor Emerging Markets Equity ETF,30.8115,1.704566084944421,2,77.5,8272000.0,0.84,,9.785819398469977,18.143160607059873,29.16755750631972,28.52101660555854,53.28189361829145,Emerging markets,AMEX,fund,['etf'],etf
AMEX:TINY,TINY,ProShares Nanotechnology ETF,83.54,0.8172545460689398,230,1884.0666666666666,8229070.0,0.58,,12.345346960731586,29.36895083236547,55.78758137635364,52.361845704906095,109.72033940854547,Developed markets,AMEX,fund,['etf'],etf
CBOE:TMAR,TMAR,FT Vest Emerging Markets Buffer ETF - March,26.1401,-0.85340089739846,3822,5646.433333333333,7880152.534,0.9500000000000001,,2.26956181533647,12.964995678478823,15.154625550660798,13.62790697674419,29.534687809712594,Emerging markets,CBOE,fund,['etf'],etf
AMEX:EPIN,EPIN,Harbor International Equity ETF,28.6606,0.856168601520897,2,392.6666666666667,7790750.0,0.8,,12.438603373872109,17.348935856596533,30.31869665843666,19.652988548455106,42.65250457911921,Developed markets,AMEX,fund,['etf'],etf
NASDAQ:IVSI,IVSI,Applied Finance IVS International Large ETF,28.33,0.2995177975882736,691,1358.4,7748042.5,0.65,,2.7193618564176942,3.2058287795992677,10.880626223091967,9.514163780306772,10.880626223091967,Developed markets,NASDAQ,fund,['etf'],etf
AMEX:PPEM,PPEM,Putnam PanAgora ESG Emerging Markets Equity ETF,23.529,0.06379178361827238,37,724.9333333333333,7607925.0,0.6,,9.743470149253724,18.916815340061955,-15.027085590465877,-13.759800022724693,1.8130679359584616,Emerging markets,AMEX,fund,['etf'],etf
CBOE:EMDV,EMDV,ProShares MSCI Emerging Markets Dividend Growers ETF,47.9775,0.6368264396241882,555,185.33333333333334,7395592.5,0.6,,2.395470290320582,5.4450549450549435,1.4748245565797067,2.098686352580151,7.140464493077261,Emerging markets,CBOE,fund,['etf'],etf
AMEX:VEM,VEM,Virtus Emerging Markets Dividend ETF,29.1418,1.26240075056031,2,330.1333333333333,7123613.976,0.49,,10.17693761814745,16.186109560641093,15.59619198730662,15.59619198730662,15.59619198730662,Emerging markets,AMEX,fund,['etf'],etf
CBOE:QBIV,QBIV,AllianzIM International Equity Buffer5 ETF,26.635,0.5067790662133573,1090,,5961915.0,0.74,,1.796292757500487,4.986204178163187,4.986204178163187,4.986204178163187,4.986204178163187,Developed markets,CBOE,fund,['etf'],etf
CBOE:ARLI,ARLI,AllianzIM International Equity Buffer15 Uncapped Apr ETF,26.04,-0.5366589637325468,6800,993.0666666666667,5836545.0,0.79,,1.599687865782287,3.724357697669782,3.724357697669782,3.724357697669782,3.724357697669782,Developed markets,CBOE,fund,['etf'],etf
CBOE:QBIF,QBIF,AllianzIM International Equity Buffer15 ETF,25.82,0.07907099334872882,5,,5809117.5,0.74,,1.3343799058084767,2.3790642347343436,2.3790642347343436,2.3790642347343436,2.3790642347343436,Developed markets,CBOE,fund,['etf'],etf
AMEX:REFA,REFA,Columbia Research Enhanced International Equity ETF,22.274,0.3975515870511791,1,248.96666666666667,5519128.605,0.32,,2.192125232838761,1.0708775750975617,-11.329617834394904,7.290803645401823,-11.329617834394904,Developed markets,AMEX,fund,['etf'],etf
NASDAQ:EFRA,EFRA,iShares Environmental Infrastructure and Industrials ETF,34.6997,0.6637482630276543,436,663.0,5511416.64,0.47000000000000003,,-3.0463816708577793,-4.276689655172413,1.429673843779415,3.2421898244570087,5.84695069685721,Developed markets,NASDAQ,fund,['etf'],etf
CBOE:IDMY,IDMY,Corgi International Developed Equities 15% Structured Buffer ETF - May Series,25.03,-0.2490784098834313,244,,5135865.0,0.3,,-2.0735524256650923,-2.0735524256650923,-2.0735524256650923,-2.0735524256650923,-2.0735524256650923,Developed markets,CBOE,fund,['etf'],etf
CBOE:EMMY,EMMY,Corgi Emerging Markets Equities 15% Structured Buffer ETF - May Series,25.2375,-0.08709594410023344,17473,,4918621.5,0.3,,-1.7231308411214914,-1.7231308411214914,-1.7231308411214914,-1.7231308411214914,-1.7231308411214914,Emerging markets,CBOE,fund,['etf'],etf
NASDAQ:IVSX,IVSX,Applied Finance IVS International SMID ETF,24.72,-0.3024803387779909,190,1008.4666666666667,4708941.0,0.75,,2.0227074812524948,2.233250620347391,-1.5688460619574816,-1.5688460619574816,-1.5688460619574816,Developed markets,NASDAQ,fund,['etf'],etf
NASDAQ:TXUG,TXUG,Thornburg International Growth Fund ETF,26.9374,0.10144889836901506,5,257.03333333333336,4298344.48,0.7000000000000001,,3.7051010587102935,8.07555587652359,10.308763308763302,8.785674766475914,5.841905495351775,Developed markets,NASDAQ,fund,['etf'],etf
AMEX:THNR,THNR,Amplify Weight Loss Drug & Treatment ETF,23.9088,-1.467957964145894,1496,1364.6666666666667,4124965.0,0.59,,-3.2028469750889688,-4.249899879855825,-5.726486627157343,-6.4234833659491235,7.118279569892469,Developed markets,AMEX,fund,['etf'],etf
NASDAQ:VEFA,VEFA,VanEck MSCI EAFE Analyst Sentiment ETF,80.1078,1.2939324393528338,1,,3990905.0,0.3,,8.590119667944503,10.698576811942665,10.698576811942665,10.698576811942665,10.698576811942665,Developed markets,NASDAQ,fund,['etf'],etf
NASDAQ:SPAM,SPAM,Themes Cybersecurity ETF,40.96,-2.785425408699946,3089,3934.2,3811500.0,0.35000000000000003,,24.04603270745002,38.18603835202353,25.61142033518868,35.315493888338295,31.89502495572372,Developed markets,NASDAQ,fund,['etf'],etf
AMEX:PPIE,PPIE,Putnam PanAgora ESG International Equity ETF,28.079,0.14980204729465205,11,283.6666666666667,3510375.0,0.49,,4.3596223890582095,4.968224299065423,-2.941583131697197,3.2695844060316266,6.886181956604496,Developed markets,AMEX,fund,['etf'],etf
AMEX:EEV,EEV,ProShares UltraShort MSCI Emerging Markets,10.96,3.1859606838894328,34282,90847.56666666667,3077201.74,0.9500000000000001,,-15.038759689922475,-33.04825901038485,-43.44685242518059,-39.581036383682466,-61.217268223637646,Emerging markets,AMEX,fund,['etf'],etf
NASDAQ:CLOD,CLOD,Themes Cloud Computing ETF,33.875,-3.1589479702687164,1334,2115.8333333333335,2860032.0,0.35000000000000003,,16.810344827586206,21.372268004299535,-0.7099058539387666,6.450842493605098,1.5815231081097294,Developed markets,NASDAQ,fund,['etf'],etf
AMEX:EAFG,EAFG,Pacer Developed Markets Cash Cows Growth Leaders ETF,25.9406,0.5547049132667912,120,760.5666666666667,2575650.0,0.65,,1.1329434697855802,3.372067074725834,11.287672408245566,9.699791516012676,22.322662177519362,Developed markets,AMEX,fund,['etf'],etf
CBOE:WDNA,WDNA,WisdomTree BioRevolution Fund,17.62,-0.13206146242482408,591,822.2333333333333,2385110.0,0.45,,-1.5642458100558525,-1.2331838565022357,1.5561959654178648,3.9528023598820163,41.07285828662931,Developed markets,CBOE,fund,['etf'],etf
CBOE:TJUN,TJUN,FT Vest Emerging Markets Buffer ETF - June,23.605,0.1484938481120074,1,531.1,2357447.148,0.9500000000000001,,1.0271774020971625,3.4399649430324284,6.979379107183318,4.285398718798316,17.67198404785644,Emerging markets,CBOE,fund,['etf'],etf
NASDAQ:RWIN,RWIN,Rayliant NxtGen Multifactor International Equity ETF,26.1924,1.4242234148834794,1839,,1962750.0,0.42,,1.0466376812712428,0.5952975335478872,0.5952975335478872,0.5952975335478872,0.5952975335478872,Developed markets,NASDAQ,fund,['etf'],etf
NASDAQ:CZAR,CZAR,Themes Natural Monopoly ETF,31.83,-0.09416195856874181,239,137.7,1595135.0,0.35000000000000003,,0.09245108582856608,-0.9337068160597705,-0.9885590926906299,0.045260815449020025,2.677419354838704,Developed markets,NASDAQ,fund,['etf'],etf
NASDAQ:IDVY,IDVY,First Trust International Rising Dividend Achievers ETF,25.6621,0.4584067332158821,39,287.56666666666666,1276101.042,0.6,,2.8046630878935943,4.057336333961838,1.0517818468202371,1.0517818468202371,1.0517818468202371,Developed markets,NASDAQ,fund,['etf'],etf
AMEX:EFU,EFU,ProShares UltraShort MSCI EAFE,7.56,1.3404825737265367,6374,9056.933333333332,1270699.01,0.9500000000000001,,-3.6942675159235674,-9.134615384615392,-20.379146919431278,-14.672686230248305,-33.0084182543199,Developed markets,AMEX,fund,['etf'],etf
CBOE:GLBL,GLBL,Pacer MSCI World Industry Advantage ETF,28.6,-0.22675736961450454,536,247.83333333333334,1144924.0,0.65,,7.579462102689488,14.767255216693417,12.6476531082481,13.627334127930075,32.28492136910268,Developed markets,CBOE,fund,['etf'],etf
CBOE:WDAI,WDAI,Pacer S&P World 3AI Top 300 ETF,27.785,-0.7490703597466718,1109,,1109176.0,0.6,,8.008194395313483,8.008194395313483,8.008194395313483,8.008194395313483,8.008194395313483,Developed markets,CBOE,fund,['etf'],etf
CBOE:BUFE,BUFE,FT Vest Laddered Emerging Markets Buffer ETF,21.57,0.0,530,1417.1,1077193.086,1.05,,1.8894662257912072,4.429920116194622,4.429920116194622,4.429920116194622,4.429920116194622,Emerging markets,CBOE,fund,['etf'],etf
CBOE:IDJN,IDJN,Corgi International Developed Equities 15% Structured Buffer ETF - June Series,24.69,-1.7704396260194957,3008,,1000000.0,0.3,,-1.868044515103334,-1.868044515103334,-1.868044515103334,-1.868044515103334,-1.868044515103334,Developed markets,CBOE,fund,['etf'],etf
CBOE:EMJN,EMJN,Corgi Emerging Markets Equities 15% Structured Buffer ETF - June Series,24.84,-1.2326043737574504,6000,,1000000.0,0.3,,-1.4676715589052003,-1.4676715589052003,-1.4676715589052003,-1.4676715589052003,-1.4676715589052003,Emerging markets,CBOE,fund,['etf'],etf
NASDAQ:BGEG,BGEG,BAILLIE GIFFORD EMERGING MARKETS ETF,25.29,,50214,,,0.79,,,,,0.0,,Emerging markets,NASDAQ,fund,['etf'],etf
