Ticker,Symbol,Security Name,Listing Exchange,Market Category,ETF,Test Issue,MarketCap,Sector,Industry
20MICRONS.NS,XNSE:20MICRONS,20 Microns Limited,NSE,EQ,N,N,,,
21STCENMGM.NS,XNSE:21STCENMGM,21st Century Management Services Limited,NSE,EQ,N,N,,,
360ONE.NS,XNSE:360ONE,360 ONE WAM LIMITED,NSE,EQ,N,N,,,
3BBLACKBIO.NS,XNSE:3BBLACKBIO,3B Blackbio Dx Limited,NSE,EQ,N,N,,,
3IINFOLTD.NS,XNSE:3IINFOLTD,3i Infotech Limited,NSE,EQ,N,N,,,
3MINDIA.NS,XNSE:3MINDIA,3M India Limited,NSE,EQ,N,N,,,
3PLAND.NS,XNSE:3PLAND,3P Land Holdings Limited,NSE,EQ,N,N,,,
5PAISA.NS,XNSE:5PAISA,5Paisa Capital Limited,NSE,EQ,N,N,,,
63MOONS.NS,XNSE:63MOONS,63 moons technologies limited,NSE,EQ,N,N,,,
A2ZINFRA.NS,XNSE:A2ZINFRA,A2Z Infra Engineering Limited,NSE,EQ,N,N,,,
AAATECH.NS,XNSE:AAATECH,AAA Technologies Limited,NSE,EQ,N,N,,,
AADHARHFC.NS,XNSE:AADHARHFC,Aadhar Housing Finance Limited,NSE,EQ,N,N,,,
AAKASH.NS,XNSE:AAKASH,Aakash Exploration Services Limited,NSE,EQ,N,N,,,
AAREYDRUGS.NS,XNSE:AAREYDRUGS,Aarey Drugs & Pharmaceuticals Limited,NSE,BE,N,N,,,
AARNAV.NS,XNSE:AARNAV,Aarnav Fashions Limited,NSE,EQ,N,N,,,
AARON.NS,XNSE:AARON,Aaron Industries Limited,NSE,EQ,N,N,,,
AARTECH.NS,XNSE:AARTECH,Aartech Solonics Limited,NSE,BE,N,N,,,
AARTIDRUGS.NS,XNSE:AARTIDRUGS,Aarti Drugs Limited,NSE,EQ,N,N,,,
AARTIIND.NS,XNSE:AARTIIND,Aarti Industries Limited,NSE,EQ,N,N,,,
AARTIPHARM.NS,XNSE:AARTIPHARM,Aarti Pharmalabs Limited,NSE,EQ,N,N,,,
AARTISURF.NS,XNSE:AARTISURF,Aarti Surfactants Limited,NSE,EQ,N,N,,,
AARVI.NS,XNSE:AARVI,Aarvi Encon Limited,NSE,EQ,N,N,,,
AASTHA.NS,XNSE:AASTHA,Aastha Spintex Limited,NSE,EQ,N,N,,,
AAVAS.NS,XNSE:AAVAS,Aavas Financiers Limited,NSE,EQ,N,N,,,
ABAN.NS,XNSE:ABAN,Aban Offshore Limited,NSE,BE,N,N,,,
ABANSENT.NS,XNSE:ABANSENT,Abans Enterprises Limited,NSE,BE,N,N,,,
ABB.NS,XNSE:ABB,ABB India Limited,NSE,EQ,N,N,,,
ABBOTINDIA.NS,XNSE:ABBOTINDIA,Abbott India Limited,NSE,EQ,N,N,,,
ABCAPITAL.NS,XNSE:ABCAPITAL,Aditya Birla Capital Limited,NSE,EQ,N,N,,,
ABCOTS.NS,XNSE:ABCOTS,A B Cotspin India Limited,NSE,EQ,N,N,,,
ABDL.NS,XNSE:ABDL,Allied Blenders and Distillers Limited,NSE,EQ,N,N,,,
ABFRL.NS,XNSE:ABFRL,Aditya Birla Fashion and Retail Limited,NSE,EQ,N,N,,,
ABINFRA.NS,XNSE:ABINFRA,A B Infrabuild Limited,NSE,EQ,N,N,,,
ABLBL.NS,XNSE:ABLBL,Aditya Birla Lifestyle Brands Limited,NSE,EQ,N,N,,,
ABMINTLLTD.NS,XNSE:ABMINTLLTD,ABM International Limited,NSE,EQ,N,N,,,
ABMKNO.NS,XNSE:ABMKNO,ABM Knowledgeware Limited,NSE,EQ,N,N,,,
ABREL.NS,XNSE:ABREL,Aditya Birla Real Estate Limited,NSE,EQ,N,N,,,
ABSLAMC.NS,XNSE:ABSLAMC,Aditya Birla Sun Life AMC Limited,NSE,EQ,N,N,,,
ACC.NS,XNSE:ACC,ACC Limited,NSE,EQ,N,N,,,
ACCELYA.NS,XNSE:ACCELYA,Accelya Solutions India Limited,NSE,EQ,N,N,,,
ACCURACY.NS,XNSE:ACCURACY,Accuracy Shipping Limited,NSE,BE,N,N,,,
ACE.NS,XNSE:ACE,Action Construction Equipment Limited,NSE,EQ,N,N,,,
ACEINTEG.NS,XNSE:ACEINTEG,Ace Integrated Solutions Limited,NSE,EQ,N,N,,,
ACI.NS,XNSE:ACI,Archean Chemical Industries Limited,NSE,EQ,N,N,,,
ACL.NS,XNSE:ACL,Andhra Cements Limited,NSE,EQ,N,N,,,
ACMESOLAR.NS,XNSE:ACMESOLAR,Acme Solar Holdings Limited,NSE,EQ,N,N,,,
ACSTECH.NS,XNSE:ACSTECH,ACS Technologies Limited,NSE,EQ,N,N,,,
ACUTAAS.NS,XNSE:ACUTAAS,Acutaas Chemicals Limited,NSE,EQ,N,N,,,
ADANIENSOL.NS,XNSE:ADANIENSOL,Adani Energy Solutions Limited,NSE,EQ,N,N,,,
ADANIENT.NS,XNSE:ADANIENT,Adani Enterprises Limited,NSE,EQ,N,N,,,
ADANIGREEN.NS,XNSE:ADANIGREEN,Adani Green Energy Limited,NSE,EQ,N,N,,,
ADANIPORTS.NS,XNSE:ADANIPORTS,Adani Ports and Special Economic Zone Limited,NSE,EQ,N,N,,,
ADANIPOWER.NS,XNSE:ADANIPOWER,Adani Power Limited,NSE,EQ,N,N,,,
ADFFOODS.NS,XNSE:ADFFOODS,ADF Foods Limited,NSE,EQ,N,N,,,
ADL.NS,XNSE:ADL,Archidply Decor Limited,NSE,EQ,N,N,,,
ADOR.NS,XNSE:ADOR,Ador Welding Limited,NSE,EQ,N,N,,,
ADROITINFO.NS,XNSE:ADROITINFO,Adroit Infotech Limited,NSE,EQ,N,N,,,
ADSL.NS,XNSE:ADSL,Allied Digital Services Limited,NSE,EQ,N,N,,,
ADVAIT.NS,XNSE:ADVAIT,Advait Energy Transitions Limited,NSE,EQ,N,N,,,
ADVANCE.NS,XNSE:ADVANCE,Advance Agrolife Limited,NSE,EQ,N,N,,,
ADVANIHOTR.NS,XNSE:ADVANIHOTR,Advani Hotels & Resorts (India) Limited,NSE,EQ,N,N,,,
ADVENTHTL.NS,XNSE:ADVENTHTL,Advent Hotels International Limited,NSE,EQ,N,N,,,
ADVENZYMES.NS,XNSE:ADVENZYMES,Advanced Enzyme Technologies Limited,NSE,EQ,N,N,,,
AEGISLOG.NS,XNSE:AEGISLOG,Aegis Logistics Limited,NSE,EQ,N,N,,,
AEGISVOPAK.NS,XNSE:AEGISVOPAK,Aegis Vopak Terminals Limited,NSE,EQ,N,N,,,
AEPL.NS,XNSE:AEPL,Artemis Electricals and Projects Limited,NSE,EQ,N,N,,,
AEQUS.NS,XNSE:AEQUS,Aequs Limited,NSE,EQ,N,N,,,
AEROENTER.NS,XNSE:AEROENTER,Aeroflex Enterprises Limited,NSE,EQ,N,N,,,
AEROFLEX.NS,XNSE:AEROFLEX,Aeroflex Industries Limited,NSE,EQ,N,N,,,
AERONEU.NS,XNSE:AERONEU,Aeroflex Neu Limited,NSE,EQ,N,N,,,
AEROPLANE.NS,XNSE:AEROPLANE,Amir Chand Jagdish Kumar (Exports) Limited,NSE,EQ,N,N,,,
AETHER.NS,XNSE:AETHER,Aether Industries Limited,NSE,EQ,N,N,,,
AFCONS.NS,XNSE:AFCONS,Afcons Infrastructure Limited,NSE,EQ,N,N,,,
AFFLE.NS,XNSE:AFFLE,Affle 3i Limited,NSE,EQ,N,N,,,
AFFORDABLE.NS,XNSE:AFFORDABLE,Affordable Robotic & Automation Limited,NSE,BE,N,N,,,
AFIL.NS,XNSE:AFIL,Akme Fintrade (India) Limited,NSE,EQ,N,N,,,
AFSL.NS,XNSE:AFSL,Abans Financial Services Limited,NSE,EQ,N,N,,,
AGARIND.NS,XNSE:AGARIND,Agarwal Industrial Corporation Limited,NSE,EQ,N,N,,,
AGARWALEYE.NS,XNSE:AGARWALEYE,Dr. Agarwal's Health Care Limited,NSE,EQ,N,N,,,
AGI.NS,XNSE:AGI,AGI Greenpac Limited,NSE,EQ,N,N,,,
AGIIL.NS,XNSE:AGIIL,Agi Infra Limited,NSE,EQ,N,N,,,
AGL.NS,XNSE:AGL,Allcargo Global Limited,NSE,EQ,N,N,,,
AGRITECH.NS,XNSE:AGRITECH,Agri-Tech (India) Limited,NSE,BE,N,N,,,
AGROPHOS.NS,XNSE:AGROPHOS,Agro Phos India Limited,NSE,EQ,N,N,,,
AHCL.NS,XNSE:AHCL,Anlon Healthcare Limited,NSE,EQ,N,N,,,
AHLADA.NS,XNSE:AHLADA,Ahlada Engineers Limited,NSE,EQ,N,N,,,
AHLEAST.NS,XNSE:AHLEAST,Asian Hotels (East) Limited,NSE,EQ,N,N,,,
AHLUCONT.NS,XNSE:AHLUCONT,Ahluwalia Contracts (India) Limited,NSE,EQ,N,N,,,
AHLWEST.NS,XNSE:AHLWEST,Asian Hotels (West) Limited,NSE,BE,N,N,,,
AIAENG.NS,XNSE:AIAENG,AIA Engineering Limited,NSE,EQ,N,N,,,
AIIL.NS,XNSE:AIIL,Authum Investment & Infrastructure Limited,NSE,EQ,N,N,,,
AIRAN.NS,XNSE:AIRAN,Airan Limited,NSE,EQ,N,N,,,
AIROLAM.NS,XNSE:AIROLAM,Airo Lam limited,NSE,EQ,N,N,,,
AJANTPHARM.NS,XNSE:AJANTPHARM,Ajanta Pharma Limited,NSE,EQ,N,N,,,
AJAXENGG.NS,XNSE:AJAXENGG,Ajax Engineering Limited,NSE,EQ,N,N,,,
AJMERA.NS,XNSE:AJMERA,Ajmera Realty & Infra India Limited,NSE,EQ,N,N,,,
AJOONI.NS,XNSE:AJOONI,Ajooni Biotech Limited,NSE,EQ,N,N,,,
AKASH.NS,XNSE:AKASH,Akash Infra-Projects Limited,NSE,EQ,N,N,,,
AKCAPIT.NS,XNSE:AKCAPIT,AK Capital Services Limited,NSE,EQ,N,N,,,
AKG.NS,XNSE:AKG,Akg Exim Limited,NSE,EQ,N,N,,,
AKI.NS,XNSE:AKI,AKI India Limited,NSE,EQ,N,N,,,
AKSHAR.NS,XNSE:AKSHAR,Akshar Spintex Limited,NSE,EQ,N,N,,,
AKSHARCHEM.NS,XNSE:AKSHARCHEM,AksharChem India Limited,NSE,BE,N,N,,,
AKSHOPTFBR.NS,XNSE:AKSHOPTFBR,Aksh Optifibre Limited,NSE,BE,N,N,,,
AKUMS.NS,XNSE:AKUMS,Akums Drugs and Pharmaceuticals Limited,NSE,EQ,N,N,,,
ALANKIT.NS,XNSE:ALANKIT,Alankit Limited,NSE,EQ,N,N,,,
ALBERTDAVD.NS,XNSE:ALBERTDAVD,Albert David Limited,NSE,EQ,N,N,,,
ALEMBICLTD.NS,XNSE:ALEMBICLTD,Alembic Limited,NSE,EQ,N,N,,,
ALGOQUANT.NS,XNSE:ALGOQUANT,Algoquant Fintech Limited,NSE,EQ,N,N,,,
ALICON.NS,XNSE:ALICON,Alicon Castalloy Limited,NSE,EQ,N,N,,,
ALIVUS.NS,XNSE:ALIVUS,Alivus Life Sciences Limited,NSE,EQ,N,N,,,
ALKALI.NS,XNSE:ALKALI,Alkali Metals Limited,NSE,BE,N,N,,,
ALKEM.NS,XNSE:ALKEM,Alkem Laboratories Limited,NSE,EQ,N,N,,,
ALKYLAMINE.NS,XNSE:ALKYLAMINE,Alkyl Amines Chemicals Limited,NSE,EQ,N,N,,,
ALLCARGO.NS,XNSE:ALLCARGO,Allcargo Logistics Limited,NSE,EQ,N,N,,,
ALLDIGI.NS,XNSE:ALLDIGI,Alldigi Tech Limited,NSE,EQ,N,N,,,
ALLTIME.NS,XNSE:ALLTIME,All Time Plastics Limited,NSE,EQ,N,N,,,
ALMONDZ.NS,XNSE:ALMONDZ,Almondz Global Securities Limited,NSE,EQ,N,N,,,
ALOKINDS.NS,XNSE:ALOKINDS,Alok Industries Limited,NSE,EQ,N,N,,,
ALPA.NS,XNSE:ALPA,Alpa Laboratories Limited,NSE,EQ,N,N,,,
ALPHAGEO.NS,XNSE:ALPHAGEO,Alphageo (India) Limited,NSE,EQ,N,N,,,
ALPINETEX.NS,XNSE:ALPINETEX,Alpine Texworld Limited,NSE,BE,N,N,,,
AMAGI.NS,XNSE:AMAGI,Amagi Media Labs Limited,NSE,EQ,N,N,,,
AMANTA.NS,XNSE:AMANTA,Amanta Healthcare Limited,NSE,BE,N,N,,,
AMBALALSA.NS,XNSE:AMBALALSA,Ambalal Sarabhai Enterprises Limited,NSE,EQ,N,N,,,
AMBER.NS,XNSE:AMBER,Amber Enterprises India Limited,NSE,EQ,N,N,,,
AMBICAAGAR.NS,XNSE:AMBICAAGAR,Ambica Agarbathies & Aroma industries Limited,NSE,EQ,N,N,,,
AMBIKCO.NS,XNSE:AMBIKCO,Ambika Cotton Mills Limited,NSE,EQ,N,N,,,
AMBUJACEM.NS,XNSE:AMBUJACEM,Ambuja Cements Limited,NSE,EQ,N,N,,,
AMDIND.NS,XNSE:AMDIND,AMD Industries Limited,NSE,EQ,N,N,,,
AMJLAND.NS,XNSE:AMJLAND,Amj Land Holdings Limited,NSE,EQ,N,N,,,
AMNPLST.NS,XNSE:AMNPLST,Amines & Plasticizers Limited,NSE,EQ,N,N,,,
AMRUTANJAN.NS,XNSE:AMRUTANJAN,Amrutanjan Health Care Limited,NSE,EQ,N,N,,,
ANANDRATHI.NS,XNSE:ANANDRATHI,Anand Rathi Wealth Limited,NSE,EQ,N,N,,,
ANANTRAJ.NS,XNSE:ANANTRAJ,Anant Raj Limited,NSE,EQ,N,N,,,
ANDHRAPAP.NS,XNSE:ANDHRAPAP,ANDHRA PAPER LIMITED,NSE,EQ,N,N,,,
ANDHRSUGAR.NS,XNSE:ANDHRSUGAR,The Andhra Sugars Limited,NSE,EQ,N,N,,,
ANGELONE.NS,XNSE:ANGELONE,Angel One Limited,NSE,EQ,N,N,,,
ANIKINDS.NS,XNSE:ANIKINDS,Anik Industries Limited,NSE,BE,N,N,,,
ANMOL.NS,XNSE:ANMOL,Anmol India Limited,NSE,EQ,N,N,,,
ANTELOPUS.NS,XNSE:ANTELOPUS,Antelopus Selan Energy Limited,NSE,EQ,N,N,,,
ANTGRAPHIC.NS,XNSE:ANTGRAPHIC,Antarctica Limited,NSE,EQ,N,N,,,
ANTHEM.NS,XNSE:ANTHEM,Anthem Biosciences Limited,NSE,EQ,N,N,,,
ANUHPHR.NS,XNSE:ANUHPHR,Anuh Pharma Limited,NSE,EQ,N,N,,,
ANUP.NS,XNSE:ANUP,The Anup Engineering Limited,NSE,EQ,N,N,,,
ANURAS.NS,XNSE:ANURAS,Anupam Rasayan India Limited,NSE,EQ,N,N,,,
APARINDS.NS,XNSE:APARINDS,Apar Industries Limited,NSE,EQ,N,N,,,
APCL.NS,XNSE:APCL,Anjani Portland Cement Limited,NSE,EQ,N,N,,,
APCOTEXIND.NS,XNSE:APCOTEXIND,Apcotex Industries Limited,NSE,EQ,N,N,,,
APEX.NS,XNSE:APEX,Apex Frozen Foods Limited,NSE,EQ,N,N,,,
APLAPOLLO.NS,XNSE:APLAPOLLO,APL Apollo Tubes Limited,NSE,EQ,N,N,,,
APLLTD.NS,XNSE:APLLTD,Alembic Pharmaceuticals Limited,NSE,EQ,N,N,,,
APOLLO.NS,XNSE:APOLLO,Apollo Micro Systems Limited,NSE,EQ,N,N,,,
APOLLOHOSP.NS,XNSE:APOLLOHOSP,Apollo Hospitals Enterprise Limited,NSE,EQ,N,N,,,
APOLLOPIPE.NS,XNSE:APOLLOPIPE,Apollo Pipes Limited,NSE,EQ,N,N,,,
APOLLOTYRE.NS,XNSE:APOLLOTYRE,Apollo Tyres Limited,NSE,EQ,N,N,,,
APOLSINHOT.NS,XNSE:APOLSINHOT,Apollo Sindoori Hotels Limited,NSE,EQ,N,N,,,
APTECHT.NS,XNSE:APTECHT,Aptech Limited,NSE,BE,N,N,,,
APTUS.NS,XNSE:APTUS,Aptus Value Housing Finance India Limited,NSE,EQ,N,N,,,
AQYLON.NS,XNSE:AQYLON,Aqylon Nexus Limited,NSE,EQ,N,N,,,
ARCHIDPLY.NS,XNSE:ARCHIDPLY,Archidply Industries Limited,NSE,EQ,N,N,,,
ARCHIES.NS,XNSE:ARCHIES,Archies Limited,NSE,EQ,N,N,,,
ARE&M.NS,XNSE:ARE&M,Amara Raja Energy & Mobility Limited,NSE,EQ,N,N,,,
ARENTERP.NS,XNSE:ARENTERP,Rajdarshan Industries Limited,NSE,EQ,N,N,,,
ARFIN.NS,XNSE:ARFIN,Arfin India Limited,NSE,EQ,N,N,,,
ARIES.NS,XNSE:ARIES,Aries Agro Limited,NSE,EQ,N,N,,,
ARIHANT.NS,XNSE:ARIHANT,Arihant Foundations & Housing Limited,NSE,EQ,N,N,,,
ARIHANTCAP.NS,XNSE:ARIHANTCAP,Arihant Capital Markets Limited,NSE,EQ,N,N,,,
ARIHANTSUP.NS,XNSE:ARIHANTSUP,Arihant Superstructures Limited,NSE,EQ,N,N,,,
ARIS.NS,XNSE:ARIS,Arisinfra Solutions Limited,NSE,EQ,N,N,,,
ARKADE.NS,XNSE:ARKADE,Arkade Developers Limited,NSE,EQ,N,N,,,
ARMANFIN.NS,XNSE:ARMANFIN,Arman Financial Services Limited,NSE,EQ,N,N,,,
AROGRANITE.NS,XNSE:AROGRANITE,Aro Granite Industries Limited,NSE,EQ,N,N,,,
ARROWGREEN.NS,XNSE:ARROWGREEN,Arrow Greentech Limited,NSE,BE,N,N,,,
ARSSBL.NS,XNSE:ARSSBL,Anand Rathi Share and Stock Brokers Limited,NSE,EQ,N,N,,,
ARTEMISMED.NS,XNSE:ARTEMISMED,Artemis Medicare Services Limited,NSE,EQ,N,N,,,
ARTNIRMAN.NS,XNSE:ARTNIRMAN,Art Nirman Limited,NSE,EQ,N,N,,,
ARVEE.NS,XNSE:ARVEE,Arvee Laboratories (India) Limited,NSE,EQ,N,N,,,
ARVIND.NS,XNSE:ARVIND,Arvind Limited,NSE,EQ,N,N,,,
ARVINDFASN.NS,XNSE:ARVINDFASN,Arvind Fashions Limited,NSE,EQ,N,N,,,
ARVSMART.NS,XNSE:ARVSMART,Arvind SmartSpaces Limited,NSE,EQ,N,N,,,
ASAHIINDIA.NS,XNSE:ASAHIINDIA,Asahi India Glass Limited,NSE,EQ,N,N,,,
ASAHISONG.NS,XNSE:ASAHISONG,Asahi Songwon Colors Limited,NSE,EQ,N,N,,,
ASAL.NS,XNSE:ASAL,Automotive Stampings and Assemblies Limited,NSE,EQ,N,N,,,
ASALCBR.NS,XNSE:ASALCBR,Associated Alcohols & Breweries Ltd.,NSE,EQ,N,N,,,
ASHAPURMIN.NS,XNSE:ASHAPURMIN,Ashapura Minechem Limited,NSE,EQ,N,N,,,
ASHIANA.NS,XNSE:ASHIANA,Ashiana Housing Limited,NSE,EQ,N,N,,,
ASHIKA.NS,XNSE:ASHIKA,Ashika Credit Capital Limited,NSE,EQ,N,N,,,
ASHIMASYN.NS,XNSE:ASHIMASYN,Ashima Limited,NSE,EQ,N,N,,,
ASHOKA.NS,XNSE:ASHOKA,Ashoka Buildcon Limited,NSE,EQ,N,N,,,
ASHOKAMET.NS,XNSE:ASHOKAMET,Ashoka Metcast Limited,NSE,EQ,N,N,,,
ASHOKLEY.NS,XNSE:ASHOKLEY,Ashok Leyland Limited,NSE,EQ,N,N,,,
ASIANENE.NS,XNSE:ASIANENE,Asian Energy Services Limited,NSE,EQ,N,N,,,
ASIANHOTNR.NS,XNSE:ASIANHOTNR,Asian Hotels (North) Limited,NSE,EQ,N,N,,,
ASIANPAINT.NS,XNSE:ASIANPAINT,Asian Paints Limited,NSE,EQ,N,N,,,
ASIANTILES.NS,XNSE:ASIANTILES,Asian Granito India Limited,NSE,EQ,N,N,,,
ASKAUTOLTD.NS,XNSE:ASKAUTOLTD,ASK Automotive Limited,NSE,EQ,N,N,,,
ASMS.NS,XNSE:ASMS,Avio Smart Market Stack Limited,NSE,BE,N,N,,,
ASPINWALL.NS,XNSE:ASPINWALL,Aspinwall and Company Limited,NSE,EQ,N,N,,,
ASTAR.NS,XNSE:ASTAR,Asian Star Company Limited,NSE,EQ,N,N,,,
ASTEC.NS,XNSE:ASTEC,Astec LifeSciences Limited,NSE,EQ,N,N,,,
ASTERDM.NS,XNSE:ASTERDM,Aster DM Healthcare Limited,NSE,EQ,N,N,,,
ASTRAL.NS,XNSE:ASTRAL,Astral Limited,NSE,EQ,N,N,,,
ASTRAMICRO.NS,XNSE:ASTRAMICRO,Astra Microwave Products Limited,NSE,EQ,N,N,,,
ASTRAZEN.NS,XNSE:ASTRAZEN,AstraZeneca Pharma India Limited,NSE,EQ,N,N,,,
ASTRON.NS,XNSE:ASTRON,Astron Paper & Board Mill Limited,NSE,BE,N,N,,,
ATALREAL.NS,XNSE:ATALREAL,Atal Realtech Limited,NSE,EQ,N,N,,,
ATAM.NS,XNSE:ATAM,Atam Valves Limited,NSE,EQ,N,N,,,
ATGL.NS,XNSE:ATGL,Adani Total Gas Limited,NSE,EQ,N,N,,,
ATHERENERG.NS,XNSE:ATHERENERG,Ather Energy Limited,NSE,EQ,N,N,,,
ATL.NS,XNSE:ATL,Allcargo Terminals Limited,NSE,EQ,N,N,,,
ATLANTAA.NS,XNSE:ATLANTAA,ATLANTAA LIMITED,NSE,EQ,N,N,,,
ATLANTAELE.NS,XNSE:ATLANTAELE,Atlanta Electricals Limited,NSE,EQ,N,N,,,
ATLASCYCLE.NS,XNSE:ATLASCYCLE,Atlas Cycles (Haryana) Limited,NSE,EQ,N,N,,,
ATUL.NS,XNSE:ATUL,Atul Limited,NSE,EQ,N,N,,,
ATULAUTO.NS,XNSE:ATULAUTO,Atul Auto Limited,NSE,EQ,N,N,,,
AUBANK.NS,XNSE:AUBANK,AU Small Finance Bank Limited,NSE,EQ,N,N,,,
AURIONPRO.NS,XNSE:AURIONPRO,Aurionpro Solutions Limited,NSE,EQ,N,N,,,
AUROPHARMA.NS,XNSE:AUROPHARMA,Aurobindo Pharma Limited,NSE,EQ,N,N,,,
AURUM.NS,XNSE:AURUM,Aurum PropTech Limited,NSE,EQ,N,N,,,
AURUS.NS,XNSE:AURUS,AURUS GEM CORPORATION LIMITED,NSE,EQ,N,N,,,
AUSOMENT.NS,XNSE:AUSOMENT,Ausom Enterprise Limited,NSE,BE,N,N,,,
AUTOAXLES.NS,XNSE:AUTOAXLES,Automotive Axles Limited,NSE,EQ,N,N,,,
AUTOIND.NS,XNSE:AUTOIND,Autoline Industries Limited,NSE,BE,N,N,,,
AVADHSUGAR.NS,XNSE:AVADHSUGAR,Avadh Sugar & Energy Limited,NSE,BE,N,N,,,
AVALON.NS,XNSE:AVALON,Avalon Technologies Limited,NSE,EQ,N,N,,,
AVANTEL.NS,XNSE:AVANTEL,Avantel Limited,NSE,EQ,N,N,,,
AVANTIFEED.NS,XNSE:AVANTIFEED,Avanti Feeds Limited,NSE,EQ,N,N,,,
AVG.NS,XNSE:AVG,AVG Logistics Limited,NSE,BE,N,N,,,
AVL.NS,XNSE:AVL,Aditya Vision Limited,NSE,EQ,N,N,,,
AVONMORE.NS,XNSE:AVONMORE,Avonmore Capital & Management Services Limited,NSE,EQ,N,N,,,
AVROIND.NS,XNSE:AVROIND,AVRO INDIA LIMITED,NSE,EQ,N,N,,,
AVTNPL.NS,XNSE:AVTNPL,AVT Natural Products Limited,NSE,EQ,N,N,,,
AWFIS.NS,XNSE:AWFIS,Awfis Space Solutions Limited,NSE,EQ,N,N,,,
AWHCL.NS,XNSE:AWHCL,Antony Waste Handling Cell Limited,NSE,EQ,N,N,,,
AWL.NS,XNSE:AWL,AWL Agri Business Limited,NSE,EQ,N,N,,,
AXISBANK.NS,XNSE:AXISBANK,Axis Bank Limited,NSE,EQ,N,N,,,
AXISCADES.NS,XNSE:AXISCADES,AXISCADES Technologies Limited,NSE,EQ,N,N,,,
AXITA.NS,XNSE:AXITA,Axita Cotton Limited,NSE,EQ,N,N,,,
AYE.NS,XNSE:AYE,Aye Finance Limited,NSE,EQ,N,N,,,
AYMSYNTEX.NS,XNSE:AYMSYNTEX,AYM Syntex Limited,NSE,EQ,N,N,,,
AZAD.NS,XNSE:AZAD,Azad Engineering Limited,NSE,EQ,N,N,,,
BAFNAPH.NS,XNSE:BAFNAPH,Bafna Pharmaceuticals Limited,NSE,BE,N,N,,,
BAGFILMS.NS,XNSE:BAGFILMS,B.A.G Films and Media Limited,NSE,EQ,N,N,,,
BAIDFIN.NS,XNSE:BAIDFIN,Baid Finserv Limited,NSE,EQ,N,N,,,
BAJAJ-AUTO.NS,XNSE:BAJAJ-AUTO,Bajaj Auto Limited,NSE,EQ,N,N,,,
BAJAJCON.NS,XNSE:BAJAJCON,Bajaj Consumer Care Limited,NSE,EQ,N,N,,,
BAJAJELEC.NS,XNSE:BAJAJELEC,Bajaj Electricals Limited,NSE,EQ,N,N,,,
BAJAJFINSV.NS,XNSE:BAJAJFINSV,Bajaj Finserv Limited,NSE,EQ,N,N,,,
BAJAJHCARE.NS,XNSE:BAJAJHCARE,Bajaj Healthcare Limited,NSE,EQ,N,N,,,
BAJAJHFL.NS,XNSE:BAJAJHFL,Bajaj Housing Finance Limited,NSE,EQ,N,N,,,
BAJAJHIND.NS,XNSE:BAJAJHIND,Bajaj Hindusthan Sugar Limited,NSE,EQ,N,N,,,
BAJAJHLDNG.NS,XNSE:BAJAJHLDNG,Bajaj Holdings & Investment Limited,NSE,EQ,N,N,,,
BAJAJINDEF.NS,XNSE:BAJAJINDEF,Indef Manufacturing Limited,NSE,EQ,N,N,,,
BAJAJST.NS,XNSE:BAJAJST,Bajaj Steel Industries Limited,NSE,EQ,N,N,,,
BAJEL.NS,XNSE:BAJEL,Bajel Projects Limited,NSE,EQ,N,N,,,
BAJFINANCE.NS,XNSE:BAJFINANCE,Bajaj Finance Limited,NSE,EQ,N,N,,,
BALAJEE.NS,XNSE:BALAJEE,Shree Tirupati Balajee Agro Trading Company Limited,NSE,EQ,N,N,,,
BALAJITELE.NS,XNSE:BALAJITELE,Balaji Telefilms Limited,NSE,EQ,N,N,,,
BALAMINES.NS,XNSE:BALAMINES,Balaji Amines Limited,NSE,EQ,N,N,,,
BALAXI.NS,XNSE:BALAXI,BALAXI PHARMACEUTICALS LIMITED,NSE,BE,N,N,,,
BALKRISHNA.NS,XNSE:BALKRISHNA,Balkrishna Paper Mills Limited,NSE,EQ,N,N,,,
BALKRISIND.NS,XNSE:BALKRISIND,Balkrishna Industries Limited,NSE,EQ,N,N,,,
BALMLAWRIE.NS,XNSE:BALMLAWRIE,Balmer Lawrie & Company Limited,NSE,EQ,N,N,,,
BALPHARMA.NS,XNSE:BALPHARMA,Bal Pharma Limited,NSE,EQ,N,N,,,
BALRAMCHIN.NS,XNSE:BALRAMCHIN,Balrampur Chini Mills Limited,NSE,EQ,N,N,,,
BALUFORGE.NS,XNSE:BALUFORGE,Balu Forge Industries Limited,NSE,EQ,N,N,,,
BANARBEADS.NS,XNSE:BANARBEADS,Banaras Beads Limited,NSE,EQ,N,N,,,
BANARISUG.NS,XNSE:BANARISUG,Bannari Amman Sugars Limited,NSE,EQ,N,N,,,
BANCOINDIA.NS,XNSE:BANCOINDIA,Banco Products (I) Limited,NSE,EQ,N,N,,,
BANDHANBNK.NS,XNSE:BANDHANBNK,Bandhan Bank Limited,NSE,EQ,N,N,,,
BANG.NS,XNSE:BANG,Bang Overseas Limited,NSE,EQ,N,N,,,
BANKA.NS,XNSE:BANKA,Banka BioLoo Limited,NSE,BE,N,N,,,
BANKBARODA.NS,XNSE:BANKBARODA,Bank of Baroda,NSE,EQ,N,N,,,
BANKINDIA.NS,XNSE:BANKINDIA,Bank of India,NSE,EQ,N,N,,,
BANSALWIRE.NS,XNSE:BANSALWIRE,Bansal Wire Industries Limited,NSE,EQ,N,N,,,
BANSWRAS.NS,XNSE:BANSWRAS,Banswara Syntex Limited,NSE,EQ,N,N,,,
BASF.NS,XNSE:BASF,BASF India Limited,NSE,EQ,N,N,,,
BASML.NS,XNSE:BASML,Bannari Amman Spinning Mills Limited,NSE,BE,N,N,,,
BATAINDIA.NS,XNSE:BATAINDIA,Bata India Limited,NSE,EQ,N,N,,,
BATLIBOI.NS,XNSE:BATLIBOI,Batliboi Limited,NSE,EQ,N,N,,,
BAYERCROP.NS,XNSE:BAYERCROP,Bayer Cropscience Limited,NSE,EQ,N,N,,,
BBL.NS,XNSE:BBL,Bharat Bijlee Limited,NSE,EQ,N,N,,,
BBOX.NS,XNSE:BBOX,Black Box Limited,NSE,EQ,N,N,,,
BBTC.NS,XNSE:BBTC,The Bombay Burmah Trading Corporation Limited,NSE,EQ,N,N,,,
BBTCL.NS,XNSE:BBTCL,B&B Triplewall Containers Limited,NSE,EQ,N,N,,,
BCG.NS,XNSE:BCG,Brightcom Group Limited,NSE,EQ,N,N,,,
BCLIND.NS,XNSE:BCLIND,Bcl Industries Limited,NSE,EQ,N,N,,,
BCONCEPTS.NS,XNSE:BCONCEPTS,Brand Concepts Limited,NSE,EQ,N,N,,,
BCPL.NS,XNSE:BCPL,BCPL Railway Infrastructure Limited,NSE,EQ,N,N,,,
BDL.NS,XNSE:BDL,Bharat Dynamics Limited,NSE,EQ,N,N,,,
BEARDSELL.NS,XNSE:BEARDSELL,Beardsell Limited,NSE,EQ,N,N,,,
BECTORFOOD.NS,XNSE:BECTORFOOD,Mrs. Bectors Food Specialities Limited,NSE,EQ,N,N,,,
BEDMUTHA.NS,XNSE:BEDMUTHA,Bedmutha Industries Limited,NSE,EQ,N,N,,,
BEEKAY.NS,XNSE:BEEKAY,Beekay Steel Industries Limited,NSE,EQ,N,N,,,
BEL.NS,XNSE:BEL,Bharat Electronics Limited,NSE,EQ,N,N,,,
BELLACASA.NS,XNSE:BELLACASA,Bella Casa Fashion & Retail Limited,NSE,EQ,N,N,,,
BELRISE.NS,XNSE:BELRISE,Belrise Industries Limited,NSE,EQ,N,N,,,
BEML.NS,XNSE:BEML,BEML Limited,NSE,EQ,N,N,,,
BENGALASM.NS,XNSE:BENGALASM,Bengal & Assam Company Limited,NSE,EQ,N,N,,,
BEPL.NS,XNSE:BEPL,Bhansali Engineering Polymers Limited,NSE,EQ,N,N,,,
BERGEPAINT.NS,XNSE:BERGEPAINT,Berger Paints (I) Limited,NSE,EQ,N,N,,,
BESTAGRO.NS,XNSE:BESTAGRO,Best Agrolife Limited,NSE,EQ,N,N,,,
BETA.NS,XNSE:BETA,Beta Drugs Limited,NSE,EQ,N,N,,,
BFINVEST.NS,XNSE:BFINVEST,BF Investment Limited,NSE,EQ,N,N,,,
BFUTILITIE.NS,XNSE:BFUTILITIE,BF Utilities Limited,NSE,EQ,N,N,,,
BGRENERGY.NS,XNSE:BGRENERGY,BGR Energy Systems Limited,NSE,BE,N,N,,,
BHAGCHEM.NS,XNSE:BHAGCHEM,Bhagiradha Chemicals & Industries Limited,NSE,EQ,N,N,,,
BHAGERIA.NS,XNSE:BHAGERIA,Bhageria Industries Limited,NSE,BE,N,N,,,
BHAGYANGR.NS,XNSE:BHAGYANGR,Bhagyanagar India Limited,NSE,BE,N,N,,,
BHANDARI.NS,XNSE:BHANDARI,Bhandari Hosiery Exports Limited,NSE,BE,N,N,,,
BHARATCOAL.NS,XNSE:BHARATCOAL,Bharat Coking Coal Limited,NSE,EQ,N,N,,,
BHARATFORG.NS,XNSE:BHARATFORG,Bharat Forge Limited,NSE,EQ,N,N,,,
BHARATGEAR.NS,XNSE:BHARATGEAR,Bharat Gears Limited,NSE,BE,N,N,,,
BHARATRAS.NS,XNSE:BHARATRAS,Bharat Rasayan Limited,NSE,EQ,N,N,,,
BHARATSE.NS,XNSE:BHARATSE,Bharat Seats Limited,NSE,EQ,N,N,,,
BHARATWIRE.NS,XNSE:BHARATWIRE,Bharat Wire Ropes Limited,NSE,EQ,N,N,,,
BHARTIARTL.NS,XNSE:BHARTIARTL,Bharti Airtel Limited,NSE,EQ,N,N,,,
BHARTIHEXA.NS,XNSE:BHARTIHEXA,Bharti Hexacom Limited,NSE,EQ,N,N,,,
BHEL.NS,XNSE:BHEL,Bharat Heavy Electricals Limited,NSE,EQ,N,N,,,
BI.NS,XNSE:BI,Bilcare Limited,NSE,EQ,N,N,,,
BIGBLOC.NS,XNSE:BIGBLOC,Bigbloc Construction Limited,NSE,EQ,N,N,,,
BIKAJI.NS,XNSE:BIKAJI,Bikaji Foods International Limited,NSE,EQ,N,N,,,
BIL.NS,XNSE:BIL,Bhartiya International Limited,NSE,EQ,N,N,,,
BILVYAPAR.NS,XNSE:BILVYAPAR,BIL VYAPAR LIMITED,NSE,BE,N,N,,,
BIMETAL.NS,XNSE:BIMETAL,Bimetal Bearings Limited,NSE,EQ,N,N,,,
BIOCON.NS,XNSE:BIOCON,Biocon Limited,NSE,EQ,N,N,,,
BIOFILCHEM.NS,XNSE:BIOFILCHEM,Biofil Chemicals & Pharmaceuticals Limited,NSE,EQ,N,N,,,
BIRLACABLE.NS,XNSE:BIRLACABLE,Birla Cable Limited,NSE,BE,N,N,,,
BIRLACORPN.NS,XNSE:BIRLACORPN,Birla Corporation Limited,NSE,EQ,N,N,,,
BIRLAMONEY.NS,XNSE:BIRLAMONEY,Aditya Birla Money Limited,NSE,EQ,N,N,,,
BIRLANU.NS,XNSE:BIRLANU,BirlaNu Limited,NSE,EQ,N,N,,,
BIRLAPREC.NS,XNSE:BIRLAPREC,Birla Precision Technologies Limited,NSE,EQ,N,N,,,
BLACKBUCK.NS,XNSE:BLACKBUCK,BLACKBUCK LIMITED,NSE,EQ,N,N,,,
BLACKROSE.NS,XNSE:BLACKROSE,Black Rose Inds. Limited,NSE,BE,N,N,,,
BLAL.NS,XNSE:BLAL,BEML Land Assets Limited,NSE,EQ,N,N,,,
BLBLIMITED.NS,XNSE:BLBLIMITED,BLB Limited,NSE,EQ,N,N,,,
BLIL.NS,XNSE:BLIL,Balmer Lawrie Investments Limited,NSE,EQ,N,N,,,
BLISSGVS.NS,XNSE:BLISSGVS,Bliss GVS Pharma Limited,NSE,BE,N,N,,,
BLKASHYAP.NS,XNSE:BLKASHYAP,B. L. Kashyap and Sons Limited,NSE,EQ,N,N,,,
BLS.NS,XNSE:BLS,BLS International Services Limited,NSE,EQ,N,N,,,
BLSE.NS,XNSE:BLSE,BLS E-Services Limited,NSE,EQ,N,N,,,
BLUECHIP.NS,XNSE:BLUECHIP,Blue Chip India Limited,NSE,BE,N,N,,,
BLUECOAST.NS,XNSE:BLUECOAST,Blue Coast Hotels Limited,NSE,BE,N,N,,,
BLUEDART.NS,XNSE:BLUEDART,Blue Dart Express Limited,NSE,EQ,N,N,,,
BLUEJET.NS,XNSE:BLUEJET,Blue Jet Healthcare Limited,NSE,EQ,N,N,,,
BLUESTARCO.NS,XNSE:BLUESTARCO,Blue Star Limited,NSE,EQ,N,N,,,
BLUESTONE.NS,XNSE:BLUESTONE,BlueStone Jewellery and Lifestyle Limited,NSE,EQ,N,N,,,
BLUSPRING.NS,XNSE:BLUSPRING,Bluspring Enterprises Limited,NSE,EQ,N,N,,,
BMWVENTLTD.NS,XNSE:BMWVENTLTD,BMW Ventures Limited,NSE,EQ,N,N,,,
BNAGROCHEM.NS,XNSE:BNAGROCHEM,BN Agrochem Limited,NSE,BE,N,N,,,
BNALTD.NS,XNSE:BNALTD,B & A Limited,NSE,BE,N,N,,,
BODALCHEM.NS,XNSE:BODALCHEM,Bodal Chemicals Limited,NSE,BE,N,N,,,
BOHRAIND.NS,XNSE:BOHRAIND,Bohra Industries Limited,NSE,EQ,N,N,,,
BOMDYEING.NS,XNSE:BOMDYEING,Bombay Dyeing & Mfg Company Limited,NSE,EQ,N,N,,,
BONLON.NS,XNSE:BONLON,Bonlon Industries Limited,NSE,EQ,N,N,,,
BORANA.NS,XNSE:BORANA,Borana Weaves Limited,NSE,EQ,N,N,,,
BOROLTD.NS,XNSE:BOROLTD,Borosil Limited,NSE,EQ,N,N,,,
BORORENEW.NS,XNSE:BORORENEW,BOROSIL RENEWABLES LIMITED,NSE,EQ,N,N,,,
BOROSCI.NS,XNSE:BOROSCI,Borosil Scientific Limited,NSE,EQ,N,N,,,
BOSCH-HCIL.NS,XNSE:BOSCH-HCIL,BOSCH HOME COMFORT INDIA LIMITED,NSE,EQ,N,N,,,
BOSCHLTD.NS,XNSE:BOSCHLTD,Bosch Limited,NSE,EQ,N,N,,,
BPCL.NS,XNSE:BPCL,Bharat Petroleum Corporation Limited,NSE,EQ,N,N,,,
BPL.NS,XNSE:BPL,BPL Limited,NSE,EQ,N,N,,,
BRIGADE.NS,XNSE:BRIGADE,Brigade Enterprises Limited,NSE,EQ,N,N,,,
BRIGHOTEL.NS,XNSE:BRIGHOTEL,Brigade Hotel Ventures Limited,NSE,EQ,N,N,,,
BRITANNIA.NS,XNSE:BRITANNIA,Britannia Industries Limited,NSE,EQ,N,N,,,
BRNL.NS,XNSE:BRNL,Bharat Road Network Limited,NSE,EQ,N,N,,,
BROOKS.NS,XNSE:BROOKS,Brooks Laboratories Limited,NSE,BE,N,N,,,
BSE.NS,XNSE:BSE,BSE Limited,NSE,EQ,N,N,,,
BSHSL.NS,XNSE:BSHSL,Bombay Super Hybrid Seeds Limited,NSE,BE,N,N,,,
BSL.NS,XNSE:BSL,BSL Limited,NSE,EQ,N,N,,,
BSOFT.NS,XNSE:BSOFT,BIRLASOFT LIMITED,NSE,EQ,N,N,,,
BTML.NS,XNSE:BTML,Bodhi Tree Multimedia Limited,NSE,EQ,N,N,,,
BTTL.NS,XNSE:BTTL,Bhilwara Technical Textiles Limited,NSE,BE,N,N,,,
BUILDPRO.NS,XNSE:BUILDPRO,Shankara Buildpro Limited,NSE,EQ,N,N,,,
BUTTERFLY.NS,XNSE:BUTTERFLY,Butterfly Gandhimathi Appliances Limited,NSE,EQ,N,N,,,
BVCL.NS,XNSE:BVCL,Barak Valley Cements Limited,NSE,EQ,N,N,,,
BYKE.NS,XNSE:BYKE,The Byke Hospitality Ltd,NSE,BE,N,N,,,
CALSOFT.NS,XNSE:CALSOFT,California Software Company Limited,NSE,BE,N,N,,,
CAMLINFINE.NS,XNSE:CAMLINFINE,Camlin Fine Sciences Limited,NSE,EQ,N,N,,,
CAMPUS.NS,XNSE:CAMPUS,Campus Activewear Limited,NSE,EQ,N,N,,,
CAMS.NS,XNSE:CAMS,Computer Age Management Services Limited,NSE,EQ,N,N,,,
CANBK.NS,XNSE:CANBK,Canara Bank,NSE,EQ,N,N,,,
CANFINHOME.NS,XNSE:CANFINHOME,Can Fin Homes Limited,NSE,EQ,N,N,,,
CANHLIFE.NS,XNSE:CANHLIFE,Canara HSBC Life Insurance Company Limited,NSE,EQ,N,N,,,
CANTABIL.NS,XNSE:CANTABIL,Cantabil Retail India Limited,NSE,EQ,N,N,,,
CAPACITE.NS,XNSE:CAPACITE,Capacit'e Infraprojects Limited,NSE,EQ,N,N,,,
CAPILLARY.NS,XNSE:CAPILLARY,Capillary Technologies India Limited,NSE,EQ,N,N,,,
CAPITALSFB.NS,XNSE:CAPITALSFB,Capital Small Finance Bank Limited,NSE,EQ,N,N,,,
CAPLIPOINT.NS,XNSE:CAPLIPOINT,Caplin Point Laboratories Limited,NSE,EQ,N,N,,,
CAPTRUST.NS,XNSE:CAPTRUST,Capital Trust Limited,NSE,EQ,N,N,,,
CARBORUNIV.NS,XNSE:CARBORUNIV,Carborundum Universal Limited,NSE,EQ,N,N,,,
CARERATING.NS,XNSE:CARERATING,CARE Ratings Limited,NSE,EQ,N,N,,,
CARRARO.NS,XNSE:CARRARO,Carraro India Limited,NSE,EQ,N,N,,,
CARTRADE.NS,XNSE:CARTRADE,Cartrade Tech Limited,NSE,EQ,N,N,,,
CARYSIL.NS,XNSE:CARYSIL,CARYSIL LIMITED,NSE,EQ,N,N,,,
CASTROLIND.NS,XNSE:CASTROLIND,Castrol India Limited,NSE,EQ,N,N,,,
CCAVENUE.NS,XNSE:CCAVENUE,AvenuesAI Limited,NSE,EQ,N,N,,,
CCCL.NS,XNSE:CCCL,Consolidated Construction Consortium Limited,NSE,EQ,N,N,,,
CCHHL.NS,XNSE:CCHHL,Country Club Hospitality & Holidays Limited,NSE,EQ,N,N,,,
CCL.NS,XNSE:CCL,CCL Products (India) Limited,NSE,EQ,N,N,,,
CDSL.NS,XNSE:CDSL,Central Depository Services (India) Limited,NSE,EQ,N,N,,,
CEATLTD.NS,XNSE:CEATLTD,CEAT Limited,NSE,EQ,N,N,,,
CEIGALL.NS,XNSE:CEIGALL,Ceigall India Limited,NSE,EQ,N,N,,,
CEINSYS.NS,XNSE:CEINSYS,Ceinsys Tech Limited,NSE,EQ,N,N,,,
CELEBRITY.NS,XNSE:CELEBRITY,Celebrity Fashions Limited,NSE,EQ,N,N,,,
CELLO.NS,XNSE:CELLO,Cello World Limited,NSE,EQ,N,N,,,
CEMPRO.NS,XNSE:CEMPRO,Cemindia Projects Limited,NSE,EQ,N,N,,,
CENTENKA.NS,XNSE:CENTENKA,Century Enka Limited,NSE,EQ,N,N,,,
CENTEXT.NS,XNSE:CENTEXT,Century Extrusions Limited,NSE,EQ,N,N,,,
CENTRALBK.NS,XNSE:CENTRALBK,Central Bank of India,NSE,EQ,N,N,,,
CENTRUM.NS,XNSE:CENTRUM,Centrum Capital Limited,NSE,EQ,N,N,,,
CENTUM.NS,XNSE:CENTUM,Centum Electronics Limited,NSE,EQ,N,N,,,
CENTURYPLY.NS,XNSE:CENTURYPLY,Century Plyboards (India) Limited,NSE,EQ,N,N,,,
CERA.NS,XNSE:CERA,Cera Sanitaryware Limited,NSE,EQ,N,N,,,
CESC.NS,XNSE:CESC,CESC Limited,NSE,EQ,N,N,,,
CEWATER.NS,XNSE:CEWATER,Concord Enviro Systems Limited,NSE,EQ,N,N,,,
CGCL.NS,XNSE:CGCL,Capri Global Capital Limited,NSE,EQ,N,N,,,
CGPOWER.NS,XNSE:CGPOWER,CG Power and Industrial Solutions Limited,NSE,EQ,N,N,,,
CHALET.NS,XNSE:CHALET,Chalet Hotels Limited,NSE,EQ,N,N,,,
CHAMBLFERT.NS,XNSE:CHAMBLFERT,Chambal Fertilizers & Chemicals Limited,NSE,EQ,N,N,,,
CHEMBOND.NS,XNSE:CHEMBOND,Chembond Material Technologies Limited,NSE,BE,N,N,,,
CHEMBONDCH.NS,XNSE:CHEMBONDCH,Chembond Chemicals Limited,NSE,BE,N,N,,,
CHEMCON.NS,XNSE:CHEMCON,Chemcon Speciality Chemicals Limited,NSE,BE,N,N,,,
CHEMFAB.NS,XNSE:CHEMFAB,Chemfab Alkalis Limited,NSE,BE,N,N,,,
CHEMPLASTS.NS,XNSE:CHEMPLASTS,Chemplast Sanmar Limited,NSE,EQ,N,N,,,
CHENNPETRO.NS,XNSE:CHENNPETRO,Chennai Petroleum Corporation Limited,NSE,EQ,N,N,,,
CHEVIOT.NS,XNSE:CHEVIOT,Cheviot Company Limited,NSE,EQ,N,N,,,
CHOICEIN.NS,XNSE:CHOICEIN,Choice International Limited,NSE,EQ,N,N,,,
CHOLAFIN.NS,XNSE:CHOLAFIN,Cholamandalam Investment and Finance Company Limited,NSE,EQ,N,N,,,
CHOLAHLDNG.NS,XNSE:CHOLAHLDNG,Cholamandalam Financial Holdings Limited,NSE,EQ,N,N,,,
CIEINDIA.NS,XNSE:CIEINDIA,CIE Automotive India Limited,NSE,EQ,N,N,,,
CIFL.NS,XNSE:CIFL,Capital India Finance Limited,NSE,EQ,N,N,,,
CINELINE.NS,XNSE:CINELINE,Cineline India Limited,NSE,EQ,N,N,,,
CINEVISTA.NS,XNSE:CINEVISTA,Cinevista Limited,NSE,EQ,N,N,,,
CIPLA.NS,XNSE:CIPLA,Cipla Limited,NSE,EQ,N,N,,,
CLEAN.NS,XNSE:CLEAN,Clean Science and Technology Limited,NSE,EQ,N,N,,,
CLEANMAX.NS,XNSE:CLEANMAX,Clean Max Enviro Energy Solutions Limited,NSE,EQ,N,N,,,
CLEDUCATE.NS,XNSE:CLEDUCATE,CL Educate Limited,NSE,BE,N,N,,,
CLSEL.NS,XNSE:CLSEL,Chaman Lal Setia Exports Limited,NSE,EQ,N,N,,,
CMPDI.NS,XNSE:CMPDI,Central Mine Planning & Design Institute Limited,NSE,EQ,N,N,,,
CMRGREEN.NS,XNSE:CMRGREEN,CMR Green Technologies Limited,NSE,EQ,N,N,,,
CMSINFO.NS,XNSE:CMSINFO,CMS Info Systems Limited,NSE,EQ,N,N,,,
CNL.NS,XNSE:CNL,Creative Newtech Limited,NSE,EQ,N,N,,,
COALINDIA.NS,XNSE:COALINDIA,Coal India Limited,NSE,EQ,N,N,,,
COASTCORP.NS,XNSE:COASTCORP,Coastal Corporation Limited,NSE,EQ,N,N,,,
COCHINSHIP.NS,XNSE:COCHINSHIP,Cochin Shipyard Limited,NSE,EQ,N,N,,,
COCKERILL.NS,XNSE:COCKERILL,John Cockerill India Limited,NSE,EQ,N,N,,,
COFFEEDAY.NS,XNSE:COFFEEDAY,Coffee Day Enterprises Limited,NSE,BE,N,N,,,
COFORGE.NS,XNSE:COFORGE,Coforge Limited,NSE,EQ,N,N,,,
COHANCE.NS,XNSE:COHANCE,Cohance Lifesciences Limited,NSE,EQ,N,N,,,
COLPAL.NS,XNSE:COLPAL,Colgate Palmolive (India) Limited,NSE,EQ,N,N,,,
COMFINTE.NS,XNSE:COMFINTE,Comfort Intech Limited,NSE,EQ,N,N,,,
COMPUSOFT.NS,XNSE:COMPUSOFT,Compucom Software Limited,NSE,EQ,N,N,,,
COMSYN.NS,XNSE:COMSYN,Commercial Syn Bags Limited,NSE,EQ,N,N,,,
CONCOR.NS,XNSE:CONCOR,Container Corporation of India Limited,NSE,EQ,N,N,,,
CONCORDBIO.NS,XNSE:CONCORDBIO,Concord Biotech Limited,NSE,EQ,N,N,,,
CONFIPET.NS,XNSE:CONFIPET,Confidence Petroleum India Limited,NSE,EQ,N,N,,,
CONSOFINVT.NS,XNSE:CONSOFINVT,Consolidated Finvest & Holdings Limited,NSE,EQ,N,N,,,
CONTROLPR.NS,XNSE:CONTROLPR,Control Print Limited,NSE,EQ,N,N,,,
CORALFINAC.NS,XNSE:CORALFINAC,Coral India Finance & Housing Limited,NSE,EQ,N,N,,,
CORDELIA.NS,XNSE:CORDELIA,Waterways Leisure Tourism Limited,NSE,EQ,N,N,,,
CORDSCABLE.NS,XNSE:CORDSCABLE,Cords Cable Industries Limited,NSE,BE,N,N,,,
COROMANDEL.NS,XNSE:COROMANDEL,Coromandel International Limited,NSE,EQ,N,N,,,
CORONA.NS,XNSE:CORONA,CORONA Remedies Limited,NSE,EQ,N,N,,,
COSMOFIRST.NS,XNSE:COSMOFIRST,COSMO FIRST LIMITED,NSE,EQ,N,N,,,
COUNCODOS.NS,XNSE:COUNCODOS,Country Condo's Limited,NSE,EQ,N,N,,,
CPCAP.NS,XNSE:CPCAP,CP Capital Limited,NSE,BE,N,N,,,
CPEDU.NS,XNSE:CPEDU,Career Point Edutech Limited,NSE,EQ,N,N,,,
CPL.NS,XNSE:CPL,Captain Polyplast Limited,NSE,EQ,N,N,,,
CPPLUS.NS,XNSE:CPPLUS,Aditya Infotech Limited,NSE,EQ,N,N,,,
CRAFTSMAN.NS,XNSE:CRAFTSMAN,Craftsman Automation Limited,NSE,EQ,N,N,,,
CRAMC.NS,XNSE:CRAMC,Canara Robeco Asset Management Company Limited,NSE,EQ,N,N,,,
CREATIVEYE.NS,XNSE:CREATIVEYE,Creative Eye Limited,NSE,EQ,N,N,,,
CREDITACC.NS,XNSE:CREDITACC,CREDITACCESS GRAMEEN LIMITED,NSE,EQ,N,N,,,
CREST.NS,XNSE:CREST,Crest Ventures Limited,NSE,EQ,N,N,,,
CRISIL.NS,XNSE:CRISIL,Crisil Limited,NSE,EQ,N,N,,,
CRIZAC.NS,XNSE:CRIZAC,Crizac Limited,NSE,EQ,N,N,,,
CROMPTON.NS,XNSE:CROMPTON,Crompton Greaves Consumer Electricals Limited,NSE,EQ,N,N,,,
CROWN.NS,XNSE:CROWN,Crown Lifters Limited,NSE,EQ,N,N,,,
CSBBANK.NS,XNSE:CSBBANK,CSB Bank Limited,NSE,EQ,N,N,,,
CSLFINANCE.NS,XNSE:CSLFINANCE,CSL Finance Limited,NSE,EQ,N,N,,,
CSM.NS,XNSE:CSM,CSM Technologies Limited,NSE,EQ,N,N,,,
CTE.NS,XNSE:CTE,Cambridge Technology Enterprises Limited,NSE,EQ,N,N,,,
CUB.NS,XNSE:CUB,City Union Bank Limited,NSE,EQ,N,N,,,
CUBEXTUB.NS,XNSE:CUBEXTUB,Cubex Tubings Limited,NSE,EQ,N,N,,,
CUMMINSIND.NS,XNSE:CUMMINSIND,Cummins India Limited,NSE,EQ,N,N,,,
CUPID.NS,XNSE:CUPID,Cupid Limited,NSE,EQ,N,N,,,
CURAA.NS,XNSE:CURAA,Cura Technologies Limited,NSE,EQ,N,N,,,
CYBERMEDIA.NS,XNSE:CYBERMEDIA,Cyber Media (India) Limited,NSE,BE,N,N,,,
CYBERTECH.NS,XNSE:CYBERTECH,Cybertech Systems And Software Limited,NSE,BE,N,N,,,
CYIENT.NS,XNSE:CYIENT,Cyient Limited,NSE,EQ,N,N,,,
CYIENTDLM.NS,XNSE:CYIENTDLM,Cyient DLM Limited,NSE,EQ,N,N,,,
DABUR.NS,XNSE:DABUR,Dabur India Limited,NSE,EQ,N,N,,,
DAICHI.NS,XNSE:DAICHI,Dai-Ichi Karkaria Limited,NSE,BE,N,N,,,
DALBHARAT.NS,XNSE:DALBHARAT,Dalmia Bharat Limited,NSE,EQ,N,N,,,
DALMIASUG.NS,XNSE:DALMIASUG,Dalmia Bharat Sugar and Industries Limited,NSE,EQ,N,N,,,
DAMCAPITAL.NS,XNSE:DAMCAPITAL,Dam Capital Advisors Limited,NSE,EQ,N,N,,,
DAMODARIND.NS,XNSE:DAMODARIND,Damodar Industries Limited,NSE,BE,N,N,,,
DANGEE.NS,XNSE:DANGEE,Dangee Dums Limited,NSE,EQ,N,N,,,
DATAMATICS.NS,XNSE:DATAMATICS,Datamatics Global Services Limited,NSE,EQ,N,N,,,
DATAPATTNS.NS,XNSE:DATAPATTNS,Data Patterns (India) Limited,NSE,EQ,N,N,,,
DAVANGERE.NS,XNSE:DAVANGERE,Davangere Sugar Company Limited,NSE,EQ,N,N,,,
DBCORP.NS,XNSE:DBCORP,D.B.Corp Limited,NSE,EQ,N,N,,,
DBEIL.NS,XNSE:DBEIL,Deepak Builders & Engineers India Limited,NSE,BE,N,N,,,
DBL.NS,XNSE:DBL,Dilip Buildcon Limited,NSE,EQ,N,N,,,
DBOL.NS,XNSE:DBOL,Dhampur Bio Organics Limited,NSE,EQ,N,N,,,
DBREALTY.NS,XNSE:DBREALTY,Valor Estate Limited,NSE,BE,N,N,,,
DBSTOCKBRO.NS,XNSE:DBSTOCKBRO,DB (International) Stock Brokers Limited,NSE,BE,N,N,,,
DCAL.NS,XNSE:DCAL,Dishman Carbogen Amcis Limited,NSE,EQ,N,N,,,
DCBBANK.NS,XNSE:DCBBANK,DCB Bank Limited,NSE,EQ,N,N,,,
DCI.NS,XNSE:DCI,Dc Infotech And Communication Limited,NSE,EQ,N,N,,,
DCM.NS,XNSE:DCM,DCM  Limited,NSE,BE,N,N,,,
DCMFINSERV.NS,XNSE:DCMFINSERV,DCM Financial Services Limited,NSE,BE,N,N,,,
DCMNVL.NS,XNSE:DCMNVL,DCM Nouvelle Limited,NSE,BE,N,N,,,
DCMSHRIRAM.NS,XNSE:DCMSHRIRAM,DCM Shriram Limited,NSE,EQ,N,N,,,
DCMSIL.NS,XNSE:DCMSIL,DCM Shriram International Limited,NSE,BE,N,N,,,
DCMSRIND.NS,XNSE:DCMSRIND,DCM Shriram Industries Limited,NSE,EQ,N,N,,,
DCW.NS,XNSE:DCW,DCW Limited,NSE,EQ,N,N,,,
DCXINDIA.NS,XNSE:DCXINDIA,DCX Systems Limited,NSE,EQ,N,N,,,
DDEVPLSTIK.NS,XNSE:DDEVPLSTIK,Ddev Plastiks Industries Limited,NSE,EQ,N,N,,,
DECCANCE.NS,XNSE:DECCANCE,Deccan Cements Limited,NSE,EQ,N,N,,,
DECNGOLD.NS,XNSE:DECNGOLD,Deccan Gold Mines Limited,NSE,EQ,N,N,,,
DEEDEV.NS,XNSE:DEEDEV,DEE Development Engineers Limited,NSE,BE,N,N,,,
DEEPAKFERT.NS,XNSE:DEEPAKFERT,Deepak Fertilizers and Petrochemicals Corporation Limited,NSE,EQ,N,N,,,
DEEPAKNTR.NS,XNSE:DEEPAKNTR,Deepak Nitrite Limited,NSE,EQ,N,N,,,
DEEPINDS.NS,XNSE:DEEPINDS,Deep Industries Limited,NSE,EQ,N,N,,,
DELHIVERY.NS,XNSE:DELHIVERY,Delhivery Limited,NSE,EQ,N,N,,,
DELPHIFX.NS,XNSE:DELPHIFX,DELPHI WORLD MONEY LIMITED,NSE,BE,N,N,,,
DELTACORP.NS,XNSE:DELTACORP,Delta Corp Limited,NSE,EQ,N,N,,,
DELTAMAGNT.NS,XNSE:DELTAMAGNT,Delta Manufacturing Limited,NSE,EQ,N,N,,,
DEN.NS,XNSE:DEN,Den Networks Limited,NSE,EQ,N,N,,,
DENORA.NS,XNSE:DENORA,De Nora India Limited,NSE,EQ,N,N,,,
DENTA.NS,XNSE:DENTA,Denta Water and Infra Solutions Limited,NSE,EQ,N,N,,,
DEVIT.NS,XNSE:DEVIT,Dev Information Technology Limited,NSE,EQ,N,N,,,
DEVX.NS,XNSE:DEVX,Dev Accelerator Limited,NSE,EQ,N,N,,,
DEVYANI.NS,XNSE:DEVYANI,Devyani International Limited,NSE,EQ,N,N,,,
DGCONTENT.NS,XNSE:DGCONTENT,Digicontent Limited,NSE,EQ,N,N,,,
DHAMPURSUG.NS,XNSE:DHAMPURSUG,Dhampur Sugar Mills Limited,NSE,EQ,N,N,,,
DHANBANK.NS,XNSE:DHANBANK,Dhanlaxmi Bank Limited,NSE,EQ,N,N,,,
DHANUKA.NS,XNSE:DHANUKA,Dhanuka Agritech Limited,NSE,EQ,N,N,,,
DHARMAJ.NS,XNSE:DHARMAJ,Dharmaj Crop Guard Limited,NSE,EQ,N,N,,,
DHRUV.NS,XNSE:DHRUV,Dhruv Consultancy Services Limited,NSE,BE,N,N,,,
DHUNINV.NS,XNSE:DHUNINV,Dhunseri Investments Limited,NSE,EQ,N,N,,,
DIACABS.NS,XNSE:DIACABS,Diamond Power Infrastructure Limited,NSE,EQ,N,N,,,
DIAMINESQ.NS,XNSE:DIAMINESQ,Diamines & Chemicals Limited,NSE,EQ,N,N,,,
DIAMONDYD.NS,XNSE:DIAMONDYD,Prataap Snacks Limited,NSE,EQ,N,N,,,
DICIND.NS,XNSE:DICIND,DIC India Limited,NSE,EQ,N,N,,,
DIFFNKG.NS,XNSE:DIFFNKG,Diffusion Engineers Limited,NSE,EQ,N,N,,,
DIGIDRIVE.NS,XNSE:DIGIDRIVE,Digidrive Distributors Limited,NSE,EQ,N,N,,,
DIGISPICE.NS,XNSE:DIGISPICE,DiGiSPICE Technologies Limited,NSE,BE,N,N,,,
DIGITIDE.NS,XNSE:DIGITIDE,Digitide Solutions Limited,NSE,EQ,N,N,,,
DIGJAMLMTD.NS,XNSE:DIGJAMLMTD,Digjam Limited,NSE,EQ,N,N,,,
DISAQ.NS,XNSE:DISAQ,Disa India Limited,NSE,EQ,N,N,,,
DISHTV.NS,XNSE:DISHTV,Dish TV India Limited,NSE,BE,N,N,,,
DIVGIITTS.NS,XNSE:DIVGIITTS,Divgi Torqtransfer Systems Limited,NSE,EQ,N,N,,,
DIVISLAB.NS,XNSE:DIVISLAB,Divi's Laboratories Limited,NSE,EQ,N,N,,,
DIXON.NS,XNSE:DIXON,Dixon Technologies (India) Limited,NSE,EQ,N,N,,,
DJML.NS,XNSE:DJML,DJ Mediaprint & Logistics Limited,NSE,EQ,N,N,,,
DLF.NS,XNSE:DLF,DLF Limited,NSE,EQ,N,N,,,
DLINKINDIA.NS,XNSE:DLINKINDIA,D-Link (India) Limited,NSE,EQ,N,N,,,
DMART.NS,XNSE:DMART,Avenue Supermarts Limited,NSE,EQ,N,N,,,
DMCC.NS,XNSE:DMCC,DMCC SPECIALITY CHEMICALS LIMITED,NSE,EQ,N,N,,,
DNAMEDIA.NS,XNSE:DNAMEDIA,Diligent Media Corporation Limited,NSE,EQ,N,N,,,
DODLA.NS,XNSE:DODLA,Dodla Dairy Limited,NSE,EQ,N,N,,,
DOLATALGO.NS,XNSE:DOLATALGO,Dolat Algotech Limited,NSE,EQ,N,N,,,
DOLLAR.NS,XNSE:DOLLAR,Dollar Industries Limited,NSE,EQ,N,N,,,
DOLPHIN.NS,XNSE:DOLPHIN,Dolphin Offshore Enterprises (India) Limited,NSE,EQ,N,N,,,
DOMS.NS,XNSE:DOMS,DOMS Industries Limited,NSE,EQ,N,N,,,
DONEAR.NS,XNSE:DONEAR,Donear Industries Limited,NSE,EQ,N,N,,,
DPABHUSHAN.NS,XNSE:DPABHUSHAN,D. P. Abhushan Limited,NSE,EQ,N,N,,,
DPSCLTD.NS,XNSE:DPSCLTD,DPSC Limited,NSE,BE,N,N,,,
DPWIRES.NS,XNSE:DPWIRES,D P Wires Limited,NSE,BE,N,N,,,
DRAGARWQ.NS,XNSE:DRAGARWQ,Dr Agarwals Eye Hospital Limited,NSE,EQ,N,N,,,
DRCSYSTEMS.NS,XNSE:DRCSYSTEMS,DRC Systems India Limited,NSE,EQ,N,N,,,
DREAMFOLKS.NS,XNSE:DREAMFOLKS,Dreamfolks Services Limited,NSE,EQ,N,N,,,
DREDGECORP.NS,XNSE:DREDGECORP,Dredging Corporation of India Limited,NSE,EQ,N,N,,,
DRREDDY.NS,XNSE:DRREDDY,Dr. Reddy's Laboratories Limited,NSE,EQ,N,N,,,
DSFCL.NS,XNSE:DSFCL,DCM Shriram Fine Chemicals Limited,NSE,BE,N,N,,,
DSSL.NS,XNSE:DSSL,Dynacons Systems & Solutions Limited,NSE,EQ,N,N,,,
DTIL.NS,XNSE:DTIL,Dhunseri Tea & Industries Limited,NSE,EQ,N,N,,,
DUCON.NS,XNSE:DUCON,Ducon Infratechnologies Limited,NSE,EQ,N,N,,,
DVL.NS,XNSE:DVL,Dhunseri Ventures Limited,NSE,EQ,N,N,,,
DWARKESH.NS,XNSE:DWARKESH,Dwarikesh Sugar Industries Limited,NSE,EQ,N,N,,,
DYCL.NS,XNSE:DYCL,Dynamic Cables Limited,NSE,EQ,N,N,,,
DYNAMATECH.NS,XNSE:DYNAMATECH,Dynamatic Technologies Limited,NSE,EQ,N,N,,,
DYNPRO.NS,XNSE:DYNPRO,Dynemic Products Limited,NSE,EQ,N,N,,,
E2E.NS,XNSE:E2E,E2E Networks Limited,NSE,EQ,N,N,,,
EASEMYTRIP.NS,XNSE:EASEMYTRIP,Easy Trip Planners Limited,NSE,EQ,N,N,,,
EASTSILK.NS,XNSE:EASTSILK,Eastern Silk Industries Limited,NSE,BE,N,N,,,
EBGNG.NS,XNSE:EBGNG,GNG Electronics Limited,NSE,EQ,N,N,,,
ECLERX.NS,XNSE:ECLERX,eClerx Services Limited,NSE,EQ,N,N,,,
ECOSMOBLTY.NS,XNSE:ECOSMOBLTY,Ecos (India) Mobility & Hospitality Limited,NSE,BE,N,N,,,
EDELWEISS.NS,XNSE:EDELWEISS,Edelweiss Financial Services Limited,NSE,EQ,N,N,,,
EFCIL.NS,XNSE:EFCIL,EFC (I) Limited,NSE,EQ,N,N,,,
EICHERMOT.NS,XNSE:EICHERMOT,Eicher Motors Limited,NSE,EQ,N,N,,,
EIDPARRY.NS,XNSE:EIDPARRY,EID Parry India Limited,NSE,EQ,N,N,,,
EIEL.NS,XNSE:EIEL,Enviro Infra Engineers Limited,NSE,EQ,N,N,,,
EIFFL.NS,XNSE:EIFFL,Euro India Fresh Foods Limited,NSE,BE,N,N,,,
EIHAHOTELS.NS,XNSE:EIHAHOTELS,EIH Associated Hotels Limited,NSE,EQ,N,N,,,
EIHOTEL.NS,XNSE:EIHOTEL,EIH Limited,NSE,EQ,N,N,,,
EIMCOELECO.NS,XNSE:EIMCOELECO,Eimco Elecon (India) Limited,NSE,EQ,N,N,,,
EKC.NS,XNSE:EKC,Everest Kanto Cylinder Limited,NSE,EQ,N,N,,,
ELANTAS.NS,XNSE:ELANTAS,Elantas Beck India Limited,NSE,EQ,N,N,,,
ELCIDIN.NS,XNSE:ELCIDIN,EL CID Investments Limited,NSE,EQ,N,N,,,
ELDEHSG.NS,XNSE:ELDEHSG,Eldeco Housing And Industries Limited,NSE,EQ,N,N,,,
ELECON.NS,XNSE:ELECON,Elecon Engineering Company Limited,NSE,EQ,N,N,,,
ELECTCAST.NS,XNSE:ELECTCAST,Electrosteel Castings Limited,NSE,EQ,N,N,,,
ELECTHERM.NS,XNSE:ELECTHERM,Electrotherm (India) Limited,NSE,EQ,N,N,,,
ELGIEQUIP.NS,XNSE:ELGIEQUIP,Elgi Equipments Limited,NSE,EQ,N,N,,,
ELGIRUBCO.NS,XNSE:ELGIRUBCO,Elgi Rubber Company Limited,NSE,EQ,N,N,,,
ELIN.NS,XNSE:ELIN,Elin Electronics Limited,NSE,EQ,N,N,,,
ELITECON.NS,XNSE:ELITECON,Elitecon International Limited,NSE,EQ,N,N,,,
ELLEN.NS,XNSE:ELLEN,Ellenbarrie Industrial Gases Limited,NSE,EQ,N,N,,,
ELPROINTL.NS,XNSE:ELPROINTL,Elpro International Limited,NSE,EQ,N,N,,,
EMAMILTD.NS,XNSE:EMAMILTD,Emami Limited,NSE,EQ,N,N,,,
EMAMIPAP.NS,XNSE:EMAMIPAP,Emami Paper Mills Limited,NSE,EQ,N,N,,,
EMAMIREAL.NS,XNSE:EMAMIREAL,Emami Realty Limited,NSE,BE,N,N,,,
EMBDL.NS,XNSE:EMBDL,Embassy Developments Limited,NSE,EQ,N,N,,,
EMCURE.NS,XNSE:EMCURE,Emcure Pharmaceuticals Limited,NSE,EQ,N,N,,,
EMIL.NS,XNSE:EMIL,Electronics Mart India Limited,NSE,EQ,N,N,,,
EMKAY.NS,XNSE:EMKAY,Emkay Global Financial Services Limited,NSE,EQ,N,N,,,
EMMBI.NS,XNSE:EMMBI,Emmbi Industries Limited,NSE,BE,N,N,,,
EMMVEE.NS,XNSE:EMMVEE,Emmvee Photovoltaic Power Limited,NSE,EQ,N,N,,,
EMPOWER.NS,XNSE:EMPOWER,Empower India Limited,NSE,BE,N,N,,,
EMSLIMITED.NS,XNSE:EMSLIMITED,EMS Limited,NSE,EQ,N,N,,,
EMUDHRA.NS,XNSE:EMUDHRA,eMudhra Limited,NSE,EQ,N,N,,,
ENDURANCE.NS,XNSE:ENDURANCE,Endurance Technologies Limited,NSE,EQ,N,N,,,
ENERGYDEV.NS,XNSE:ENERGYDEV,Energy Development Company Limited,NSE,EQ,N,N,,,
ENGINERSIN.NS,XNSE:ENGINERSIN,Engineers India Limited,NSE,EQ,N,N,,,
ENIL.NS,XNSE:ENIL,Entertainment Network (India) Limited,NSE,EQ,N,N,,,
ENRIN.NS,XNSE:ENRIN,Siemens Energy India Limited,NSE,EQ,N,N,,,
ENTERO.NS,XNSE:ENTERO,Entero Healthcare Solutions Limited,NSE,EQ,N,N,,,
EPACK.NS,XNSE:EPACK,EPACK Durable Limited,NSE,EQ,N,N,,,
EPACKPEB.NS,XNSE:EPACKPEB,EPack Prefab Technologies Limited,NSE,EQ,N,N,,,
EPIGRAL.NS,XNSE:EPIGRAL,Epigral Limited,NSE,EQ,N,N,,,
EPL.NS,XNSE:EPL,EPL Limited,NSE,EQ,N,N,,,
EQUIPPP.NS,XNSE:EQUIPPP,Equippp Social Impact Technologies Limited,NSE,BE,N,N,,,
EQUITASBNK.NS,XNSE:EQUITASBNK,Equitas Small Finance Bank Limited,NSE,EQ,N,N,,,
ERIS.NS,XNSE:ERIS,Eris Lifesciences Limited,NSE,EQ,N,N,,,
ESABINDIA.NS,XNSE:ESABINDIA,Esab India Limited,NSE,EQ,N,N,,,
ESAFSFB.NS,XNSE:ESAFSFB,ESAF Small Finance Bank Limited,NSE,EQ,N,N,,,
ESCORTS.NS,XNSE:ESCORTS,Escorts Kubota Limited,NSE,EQ,N,N,,,
ESSARSHPNG.NS,XNSE:ESSARSHPNG,Essar Shipping Limited,NSE,EQ,N,N,,,
ESSENTIA.NS,XNSE:ESSENTIA,Integra Essentia Limited,NSE,BE,N,N,,,
ESTER.NS,XNSE:ESTER,Ester Industries Limited,NSE,EQ,N,N,,,
ETERNAL.NS,XNSE:ETERNAL,ETERNAL LIMITED,NSE,EQ,N,N,,,
ETHOSLTD.NS,XNSE:ETHOSLTD,Ethos Limited,NSE,EQ,N,N,,,
EUREKAFORB.NS,XNSE:EUREKAFORB,Eureka Forbes Limited,NSE,EQ,N,N,,,
EUROBOND.NS,XNSE:EUROBOND,Euro Panel Products Limited,NSE,EQ,N,N,,,
EUROPRATIK.NS,XNSE:EUROPRATIK,Euro Pratik Sales Limited,NSE,EQ,N,N,,,
EUROTEXIND.NS,XNSE:EUROTEXIND,Eurotex Industries and Exports Limited,NSE,BE,N,N,,,
EVEREADY.NS,XNSE:EVEREADY,Eveready Industries India Limited,NSE,EQ,N,N,,,
EVERESTIND.NS,XNSE:EVERESTIND,Everest Industries Limited,NSE,BE,N,N,,,
EXCELINDUS.NS,XNSE:EXCELINDUS,Excel Industries Limited,NSE,EQ,N,N,,,
EXCELSOFT.NS,XNSE:EXCELSOFT,Excelsoft Technologies Limited,NSE,EQ,N,N,,,
EXICOM.NS,XNSE:EXICOM,Exicom Tele-Systems Limited,NSE,EQ,N,N,,,
EXIDEIND.NS,XNSE:EXIDEIND,Exide Industries Limited,NSE,EQ,N,N,,,
EXPLEOSOL.NS,XNSE:EXPLEOSOL,Expleo Solutions Limited,NSE,EQ,N,N,,,
EXXARO.NS,XNSE:EXXARO,Exxaro Tiles Limited,NSE,EQ,N,N,,,
FABTECH.NS,XNSE:FABTECH,Fabtech Technologies Limited,NSE,EQ,N,N,,,
FACT.NS,XNSE:FACT,Fertilizers and Chemicals Travancore Limited,NSE,EQ,N,N,,,
FAIRCHEMOR.NS,XNSE:FAIRCHEMOR,Fairchem Organics Limited,NSE,BE,N,N,,,
FAZE3Q.NS,XNSE:FAZE3Q,Faze Three Limited,NSE,EQ,N,N,,,
FCL.NS,XNSE:FCL,Fineotex Chemical Limited,NSE,EQ,N,N,,,
FCSSOFT.NS,XNSE:FCSSOFT,FCS Software Solutions Limited,NSE,BE,N,N,,,
FDC.NS,XNSE:FDC,FDC Limited,NSE,EQ,N,N,,,
FEDDERSHOL.NS,XNSE:FEDDERSHOL,Fedders Holding Limited,NSE,EQ,N,N,,,
FEDERALBNK.NS,XNSE:FEDERALBNK,The Federal Bank  Limited,NSE,EQ,N,N,,,
FEDFINA.NS,XNSE:FEDFINA,Fedbank Financial Services Limited,NSE,EQ,N,N,,,
FERMENTA.NS,XNSE:FERMENTA,Fermenta Biotech Limited,NSE,EQ,N,N,,,
FIBERWEB.NS,XNSE:FIBERWEB,Fiberweb (India) Limited,NSE,EQ,N,N,,,
FIEMIND.NS,XNSE:FIEMIND,Fiem Industries Limited,NSE,EQ,N,N,,,
FILATEX.NS,XNSE:FILATEX,Filatex India Limited,NSE,EQ,N,N,,,
FILATFASH.NS,XNSE:FILATFASH,Filatex Fashions Limited,NSE,BE,N,N,,,
FINCABLES.NS,XNSE:FINCABLES,Finolex Cables Limited,NSE,EQ,N,N,,,
FINEORG.NS,XNSE:FINEORG,Fine Organic Industries Limited,NSE,EQ,N,N,,,
FINKURVE.NS,XNSE:FINKURVE,Finkurve Financial Services Limited,NSE,EQ,N,N,,,
FINOPB.NS,XNSE:FINOPB,Fino Payments Bank Limited,NSE,EQ,N,N,,,
FINPIPE.NS,XNSE:FINPIPE,Finolex Industries Limited,NSE,EQ,N,N,,,
FIRSTCRY.NS,XNSE:FIRSTCRY,Brainbees Solutions Limited,NSE,EQ,N,N,,,
FISCHER.NS,XNSE:FISCHER,Fischer Medical Ventures Limited,NSE,EQ,N,N,,,
FIVESTAR.NS,XNSE:FIVESTAR,Five-Star Business Finance Limited,NSE,EQ,N,N,,,
FLAIR.NS,XNSE:FLAIR,Flair Writing Industries Limited,NSE,EQ,N,N,,,
FLEXITUFF.NS,XNSE:FLEXITUFF,Flexituff Ventures International Limited,NSE,BE,N,N,,,
FLUOROCHEM.NS,XNSE:FLUOROCHEM,Gujarat Fluorochemicals Limited,NSE,EQ,N,N,,,
FMGOETZE.NS,XNSE:FMGOETZE,Federal-Mogul Goetze (India) Limited.,NSE,EQ,N,N,,,
FMNL.NS,XNSE:FMNL,Future Market Networks Limited,NSE,BE,N,N,,,
FOCUS.NS,XNSE:FOCUS,Focus Lighting and Fixtures Limited,NSE,BE,N,N,,,
FOODSIN.NS,XNSE:FOODSIN,Foods & Inns Limited,NSE,EQ,N,N,,,
FORCEMOT.NS,XNSE:FORCEMOT,FORCE MOTORS LTD,NSE,EQ,N,N,,,
FORTIS.NS,XNSE:FORTIS,Fortis Healthcare Limited,NSE,EQ,N,N,,,
FOSECOIND.NS,XNSE:FOSECOIND,Foseco India Limited,NSE,EQ,N,N,,,
FRACTAL.NS,XNSE:FRACTAL,Fractal Analytics Limited,NSE,EQ,N,N,,,
FRONTSP.NS,XNSE:FRONTSP,Frontier Springs Limited,NSE,EQ,N,N,,,
FSL.NS,XNSE:FSL,Firstsource Solutions Limited,NSE,EQ,N,N,,,
FUSION.NS,XNSE:FUSION,Fusion Finance Limited,NSE,EQ,N,N,,,
GABRIEL.NS,XNSE:GABRIEL,Gabriel India Limited,NSE,EQ,N,N,,,
GAEL.NS,XNSE:GAEL,Gujarat Ambuja Exports Limited,NSE,EQ,N,N,,,
GAIL.NS,XNSE:GAIL,GAIL (India) Limited,NSE,EQ,N,N,,,
GALAPREC.NS,XNSE:GALAPREC,Gala Precision Engineering Limited,NSE,EQ,N,N,,,
GALAXYSURF.NS,XNSE:GALAXYSURF,Galaxy Surfactants Limited,NSE,EQ,N,N,,,
GALLANTT.NS,XNSE:GALLANTT,Gallantt Ispat Limited,NSE,EQ,N,N,,,
GANDHAR.NS,XNSE:GANDHAR,Gandhar Oil Refinery (India) Limited,NSE,EQ,N,N,,,
GANDHITUBE.NS,XNSE:GANDHITUBE,Gandhi Special Tubes Limited,NSE,EQ,N,N,,,
GANECOS.NS,XNSE:GANECOS,Ganesha Ecosphere Limited,NSE,EQ,N,N,,,
GANESHBE.NS,XNSE:GANESHBE,Ganesh Benzoplast Limited,NSE,EQ,N,N,,,
GANESHCP.NS,XNSE:GANESHCP,Ganesh Consumer Products Limited,NSE,EQ,N,N,,,
GANESHHOU.NS,XNSE:GANESHHOU,GANESH HOUSING LIMITED,NSE,EQ,N,N,,,
GANGAFORGE.NS,XNSE:GANGAFORGE,Ganga Forging Limited,NSE,BE,N,N,,,
GANGESSECU.NS,XNSE:GANGESSECU,Ganges Securities Limited,NSE,EQ,N,N,,,
GARFIBRES.NS,XNSE:GARFIBRES,Garware Technical Fibres Limited,NSE,EQ,N,N,,,
GARUDA.NS,XNSE:GARUDA,Garuda Construction and Engineering Limited,NSE,EQ,N,N,,,
GATECH.NS,XNSE:GATECH,GACM Technologies Limited,NSE,EQ,N,N,,,
GATECHDVR.NS,XNSE:GATECHDVR,GACM Technologies Limited,NSE,EQ,N,N,,,
GATEWAY.NS,XNSE:GATEWAY,Gateway Distriparks Limited,NSE,EQ,N,N,,,
GAUDIUMIVF.NS,XNSE:GAUDIUMIVF,Gaudium IVF and Women Health Limited,NSE,BE,N,N,,,
GAYAHWS.NS,XNSE:GAYAHWS,Gayatri Highways Limited,NSE,EQ,N,N,,,
GAYAPROJ.NS,XNSE:GAYAPROJ,Gayatri Projects Limited,NSE,BE,N,N,,,
GCSL.NS,XNSE:GCSL,Gretex Corporate Services Limited,NSE,EQ,N,N,,,
GEECEE.NS,XNSE:GEECEE,GeeCee Ventures Limited,NSE,BE,N,N,,,
GEEKAYWIRE.NS,XNSE:GEEKAYWIRE,Geekay Wires Limited,NSE,EQ,N,N,,,
GEMAROMA.NS,XNSE:GEMAROMA,Gem Aromatics Limited,NSE,EQ,N,N,,,
GENCON.NS,XNSE:GENCON,Generic Engineering Construction and Projects Limited,NSE,EQ,N,N,,,
GENESYS.NS,XNSE:GENESYS,Genesys International Corporation Limited,NSE,EQ,N,N,,,
GENUSPAPER.NS,XNSE:GENUSPAPER,Genus Paper & Boards Limited,NSE,EQ,N,N,,,
GENUSPOWER.NS,XNSE:GENUSPOWER,Genus Power Infrastructures Limited,NSE,EQ,N,N,,,
GEOJITFSL.NS,XNSE:GEOJITFSL,Geojit Financial Services Limited,NSE,EQ,N,N,,,
GESHIP.NS,XNSE:GESHIP,The Great Eastern Shipping Company Limited,NSE,EQ,N,N,,,
GFLLIMITED.NS,XNSE:GFLLIMITED,GFL Limited,NSE,EQ,N,N,,,
GHCL.NS,XNSE:GHCL,GHCL Limited,NSE,EQ,N,N,,,
GHCLTEXTIL.NS,XNSE:GHCLTEXTIL,GHCL Textiles Limited,NSE,EQ,N,N,,,
GICHSGFIN.NS,XNSE:GICHSGFIN,GIC Housing Finance Limited,NSE,EQ,N,N,,,
GICL.NS,XNSE:GICL,Globe International Carriers Limited,NSE,EQ,N,N,,,
GICRE.NS,XNSE:GICRE,General Insurance Corporation of India,NSE,EQ,N,N,,,
GILLANDERS.NS,XNSE:GILLANDERS,Gillanders Arbuthnot & Company Limited,NSE,EQ,N,N,,,
GILLETTE.NS,XNSE:GILLETTE,Gillette India Limited,NSE,EQ,N,N,,,
GINNIFILA.NS,XNSE:GINNIFILA,Ginni Filaments Limited,NSE,BE,N,N,,,
GIPCL.NS,XNSE:GIPCL,Gujarat Industries Power Company Limited,NSE,EQ,N,N,,,
GKENERGY.NS,XNSE:GKENERGY,GK Energy Limited,NSE,EQ,N,N,,,
GKSL.NS,XNSE:GKSL,Gujarat Kidney And Super Speciality Limited,NSE,EQ,N,N,,,
GKWLIMITED.NS,XNSE:GKWLIMITED,GKW Limited,NSE,EQ,N,N,,,
GLAND.NS,XNSE:GLAND,Gland Pharma Limited,NSE,EQ,N,N,,,
GLAXO.NS,XNSE:GLAXO,GlaxoSmithKline Pharmaceuticals Limited,NSE,EQ,N,N,,,
GLENMARK.NS,XNSE:GLENMARK,Glenmark Pharmaceuticals Limited,NSE,EQ,N,N,,,
GLFL.NS,XNSE:GLFL,Gujarat Lease Financing Limited,NSE,BE,N,N,,,
GLOBAL.NS,XNSE:GLOBAL,Global Education Limited,NSE,EQ,N,N,,,
GLOBALE.NS,XNSE:GLOBALE,Globale Tessile Limited,NSE,BE,N,N,,,
GLOBALVECT.NS,XNSE:GLOBALVECT,Global Vectra Helicorp Limited,NSE,EQ,N,N,,,
GLOBE.NS,XNSE:GLOBE,GLOBE ENTERPRISES (INDIA) LIMITED,NSE,EQ,N,N,,,
GLOBECIVIL.NS,XNSE:GLOBECIVIL,Globe Civil Projects Limited,NSE,BE,N,N,,,
GLOBUSSPR.NS,XNSE:GLOBUSSPR,Globus Spirits Limited,NSE,EQ,N,N,,,
GLOSTERLTD.NS,XNSE:GLOSTERLTD,Gloster Limited,NSE,EQ,N,N,,,
GLOTTIS.NS,XNSE:GLOTTIS,Glottis Limited,NSE,BE,N,N,,,
GMBREW.NS,XNSE:GMBREW,GM Breweries Limited,NSE,EQ,N,N,,,
GMDCLTD.NS,XNSE:GMDCLTD,Gujarat Mineral Development Corporation Limited,NSE,EQ,N,N,,,
GMMPFAUDLR.NS,XNSE:GMMPFAUDLR,GMM Pfaudler Limited,NSE,EQ,N,N,,,
GMRAIRPORT.NS,XNSE:GMRAIRPORT,GMR AIRPORTS LIMITED,NSE,EQ,N,N,,,
GMRP&UI.NS,XNSE:GMRP&UI,GMR Power and Urban Infra Limited,NSE,EQ,N,N,,,
GNA.NS,XNSE:GNA,GNA Axles Limited,NSE,EQ,N,N,,,
GNFC.NS,XNSE:GNFC,Gujarat Narmada Valley Fertilizers and Chemicals Limited,NSE,EQ,N,N,,,
GNRL.NS,XNSE:GNRL,Gujarat Natural Resources Limited,NSE,EQ,N,N,,,
GOACARBON.NS,XNSE:GOACARBON,Goa Carbon Limited,NSE,EQ,N,N,,,
GOCLCORP.NS,XNSE:GOCLCORP,GOCL Corporation Limited,NSE,EQ,N,N,,,
GOCOLORS.NS,XNSE:GOCOLORS,Go Fashion (India) Limited,NSE,EQ,N,N,,,
GODAVARIB.NS,XNSE:GODAVARIB,Godavari Biorefineries Limited,NSE,EQ,N,N,,,
GODFRYPHLP.NS,XNSE:GODFRYPHLP,Godfrey Phillips India Limited,NSE,EQ,N,N,,,
GODIGIT.NS,XNSE:GODIGIT,Go Digit General Insurance Limited,NSE,EQ,N,N,,,
GODREJAGRO.NS,XNSE:GODREJAGRO,Godrej Agrovet Limited,NSE,EQ,N,N,,,
GODREJCP.NS,XNSE:GODREJCP,Godrej Consumer Products Limited,NSE,EQ,N,N,,,
GODREJIND.NS,XNSE:GODREJIND,Godrej Industries Limited,NSE,EQ,N,N,,,
GODREJPROP.NS,XNSE:GODREJPROP,Godrej Properties Limited,NSE,EQ,N,N,,,
GOKEX.NS,XNSE:GOKEX,Gokaldas Exports Limited,NSE,EQ,N,N,,,
GOKUL.NS,XNSE:GOKUL,Gokul Refoils and Solvent Limited,NSE,EQ,N,N,,,
GOKULAGRO.NS,XNSE:GOKULAGRO,Gokul Agro Resources Limited,NSE,EQ,N,N,,,
GOLDIAM.NS,XNSE:GOLDIAM,Goldiam International Limited,NSE,EQ,N,N,,,
GOLDTECH.NS,XNSE:GOLDTECH,AION-TECH SOLUTIONS LIMITED,NSE,BE,N,N,,,
GOODLUCK.NS,XNSE:GOODLUCK,Goodluck India Limited,NSE,EQ,N,N,,,
GOODYEAR.NS,XNSE:GOODYEAR,Goodyear India Limited,NSE,EQ,N,N,,,
GOPAL.NS,XNSE:GOPAL,Gopal Snacks Limited,NSE,EQ,N,N,,,
GOYALALUM.NS,XNSE:GOYALALUM,Goyal Aluminiums Limited,NSE,EQ,N,N,,,
GPIL.NS,XNSE:GPIL,Godawari Power And Ispat limited,NSE,EQ,N,N,,,
GPPL.NS,XNSE:GPPL,Gujarat Pipavav Port Limited,NSE,EQ,N,N,,,
GPTHEALTH.NS,XNSE:GPTHEALTH,GPT Healthcare Limited,NSE,EQ,N,N,,,
GPTINFRA.NS,XNSE:GPTINFRA,GPT Infraprojects Limited,NSE,EQ,N,N,,,
GRADIENTE.NS,XNSE:GRADIENTE,Gradiente Infotainment Limited,NSE,BE,N,N,,,
GRANDOAK.NS,XNSE:GRANDOAK,Grand Oak Canyons Distillery Limited,NSE,EQ,N,N,,,
GRANULES.NS,XNSE:GRANULES,Granules India Limited,NSE,EQ,N,N,,,
GRAPHITE.NS,XNSE:GRAPHITE,Graphite India Limited,NSE,EQ,N,N,,,
GRASIM.NS,XNSE:GRASIM,Grasim Industries Limited,NSE,EQ,N,N,,,
GRAUWEIL.NS,XNSE:GRAUWEIL,Grauer & Weil India Limited,NSE,EQ,N,N,,,
GRAVISSHO.NS,XNSE:GRAVISSHO,Graviss Hospitality Limited,NSE,EQ,N,N,,,
GRAVITA.NS,XNSE:GRAVITA,Gravita India Limited,NSE,EQ,N,N,,,
GREAVESCOT.NS,XNSE:GREAVESCOT,Greaves Cotton Limited,NSE,EQ,N,N,,,
GREENLAM.NS,XNSE:GREENLAM,Greenlam Industries Limited,NSE,EQ,N,N,,,
GREENPANEL.NS,XNSE:GREENPANEL,Greenpanel Industries Limited,NSE,EQ,N,N,,,
GREENPLY.NS,XNSE:GREENPLY,Greenply Industries Limited,NSE,EQ,N,N,,,
GREENPOWER.NS,XNSE:GREENPOWER,Orient Green Power Company Limited,NSE,EQ,N,N,,,
GRINDWELL.NS,XNSE:GRINDWELL,Grindwell Norton Limited,NSE,EQ,N,N,,,
GRINFRA.NS,XNSE:GRINFRA,G R Infraprojects Limited,NSE,EQ,N,N,,,
GRMOVER.NS,XNSE:GRMOVER,GRM Overseas Limited,NSE,EQ,N,N,,,
GROBTEA.NS,XNSE:GROBTEA,The Grob Tea Company Limited,NSE,EQ,N,N,,,
GROWW.NS,XNSE:GROWW,Billionbrains Garage Ventures Limited,NSE,EQ,N,N,,,
GRPLTD.NS,XNSE:GRPLTD,GRP Limited,NSE,EQ,N,N,,,
GRSE.NS,XNSE:GRSE,Garden Reach Shipbuilders & Engineers Limited,NSE,EQ,N,N,,,
GRWRHITECH.NS,XNSE:GRWRHITECH,Garware Hi-Tech Films Limited,NSE,EQ,N,N,,,
GSFC.NS,XNSE:GSFC,Gujarat State Fertilizers & Chemicals Limited,NSE,EQ,N,N,,,
GSLSU.NS,XNSE:GSLSU,Global Surfaces Limited,NSE,EQ,N,N,,,
GSPCROP.NS,XNSE:GSPCROP,GSP Crop Science Limited,NSE,EQ,N,N,,,
GSS.NS,XNSE:GSS,GSS Infotech Limited,NSE,EQ,N,N,,,
GTECJAINX.NS,XNSE:GTECJAINX,G-TEC JAINX EDUCATION LIMITED,NSE,BE,N,N,,,
GTL.NS,XNSE:GTL,GTL Limited,NSE,EQ,N,N,,,
GTLINFRA.NS,XNSE:GTLINFRA,GTL Infrastructure Limited,NSE,EQ,N,N,,,
GTPL.NS,XNSE:GTPL,GTPL Hathway Limited,NSE,EQ,N,N,,,
GUFICBIO.NS,XNSE:GUFICBIO,Gufic Biosciences Limited,NSE,EQ,N,N,,,
GUJALKALI.NS,XNSE:GUJALKALI,Gujarat Alkalies and Chemicals Limited,NSE,EQ,N,N,,,
GUJAPOLLO.NS,XNSE:GUJAPOLLO,Gujarat Apollo Industries Limited,NSE,EQ,N,N,,,
GUJENERGY.NS,XNSE:GUJENERGY,GUJARAT ENERGY LIMITED,NSE,EQ,N,N,,,
GUJRAFFIA.NS,XNSE:GUJRAFFIA,Gujarat Raffia Industries Limited,NSE,EQ,N,N,,,
GUJTHEM.NS,XNSE:GUJTHEM,Gujarat Themis Biosyn Limited,NSE,EQ,N,N,,,
GULFOILLUB.NS,XNSE:GULFOILLUB,Gulf Oil Lubricants India Limited,NSE,EQ,N,N,,,
GULFPETRO.NS,XNSE:GULFPETRO,GP Petroleums Limited,NSE,BE,N,N,,,
GULPOLY.NS,XNSE:GULPOLY,Gulshan Polyols Limited,NSE,EQ,N,N,,,
GVKPIL.NS,XNSE:GVKPIL,GVK Power & Infrastructure Limited,NSE,BE,N,N,,,
GVPIL.NS,XNSE:GVPIL,GE Power India Limited,NSE,EQ,N,N,,,
GVPTECH.NS,XNSE:GVPTECH,GVP Infotech Limited,NSE,EQ,N,N,,,
GVT&D.NS,XNSE:GVT&D,GE Vernova T&D India Limited,NSE,EQ,N,N,,,
GYFTR.NS,XNSE:GYFTR,Gyftr Limited,NSE,EQ,N,N,,,
HAL.NS,XNSE:HAL,Hindustan Aeronautics Limited,NSE,EQ,N,N,,,
HALDER.NS,XNSE:HALDER,Halder Venture Limited,NSE,EQ,N,N,,,
HALDYNGL.NS,XNSE:HALDYNGL,Haldyn Glass Limited,NSE,BE,N,N,,,
HALEOSLABS.NS,XNSE:HALEOSLABS,HALEOS LABS LIMITED,NSE,EQ,N,N,,,
HAPPSTMNDS.NS,XNSE:HAPPSTMNDS,Happiest Minds Technologies Limited,NSE,EQ,N,N,,,
HAPPYFORGE.NS,XNSE:HAPPYFORGE,Happy Forgings Limited,NSE,EQ,N,N,,,
HARDWYN.NS,XNSE:HARDWYN,Hardwyn India Limited,NSE,EQ,N,N,,,
HARIOMPIPE.NS,XNSE:HARIOMPIPE,Hariom Pipe Industries Limited,NSE,EQ,N,N,,,
HARRMALAYA.NS,XNSE:HARRMALAYA,Harrisons  Malayalam Limited,NSE,EQ,N,N,,,
HARSHA.NS,XNSE:HARSHA,Harsha Engineers International Limited,NSE,EQ,N,N,,,
HATHWAY.NS,XNSE:HATHWAY,Hathway Cable & Datacom Limited,NSE,EQ,N,N,,,
HATSUN.NS,XNSE:HATSUN,Hatsun Agro Product Limited,NSE,EQ,N,N,,,
HAVELLS.NS,XNSE:HAVELLS,Havells India Limited,NSE,EQ,N,N,,,
HAVISHA.NS,XNSE:HAVISHA,Sri Havisha Hospitality and Infrastructure Limited,NSE,EQ,N,N,,,
HAWKINCOOK.NS,XNSE:HAWKINCOOK,Hawkins Cookers Limited,NSE,EQ,N,N,,,
HBESD.NS,XNSE:HBESD,HB Estate Developers Limited,NSE,EQ,N,N,,,
HBLENGINE.NS,XNSE:HBLENGINE,HBL Engineering Limited,NSE,EQ,N,N,,,
HBSL.NS,XNSE:HBSL,HB Stockholdings Limited,NSE,BE,N,N,,,
HCC.NS,XNSE:HCC,Hindustan Construction Company Limited,NSE,EQ,N,N,,,
HCG.NS,XNSE:HCG,Healthcare Global Enterprises Limited,NSE,EQ,N,N,,,
HCL-INSYS.NS,XNSE:HCL-INSYS,HCL Infosystems Limited,NSE,EQ,N,N,,,
HCLTECH.NS,XNSE:HCLTECH,HCL Technologies Limited,NSE,EQ,N,N,,,
HDBFS.NS,XNSE:HDBFS,HDB Financial Services Limited,NSE,EQ,N,N,,,
HDFCAMC.NS,XNSE:HDFCAMC,HDFC Asset Management Company Limited,NSE,EQ,N,N,,,
HDFCBANK.NS,XNSE:HDFCBANK,HDFC Bank Limited,NSE,EQ,N,N,,,
HDFCLIFE.NS,XNSE:HDFCLIFE,HDFC Life Insurance Company Limited,NSE,EQ,N,N,,,
HEADSUP.NS,XNSE:HEADSUP,Heads UP Ventures Limited,NSE,EQ,N,N,,,
HEALTHX.NS,XNSE:HEALTHX,Health X Platform Limited,NSE,EQ,N,N,,,
HECPROJECT.NS,XNSE:HECPROJECT,HEC Infra Projects Limited,NSE,EQ,N,N,,,
HEG.NS,XNSE:HEG,HEG Limited,NSE,EQ,N,N,,,
HEIDELBERG.NS,XNSE:HEIDELBERG,HeidelbergCement India Limited,NSE,EQ,N,N,,,
HEMIPROP.NS,XNSE:HEMIPROP,Hemisphere Properties India Limited,NSE,EQ,N,N,,,
HERANBA.NS,XNSE:HERANBA,Heranba Industries Limited,NSE,EQ,N,N,,,
HERITGFOOD.NS,XNSE:HERITGFOOD,Heritage Foods Limited,NSE,EQ,N,N,,,
HEROMOTOCO.NS,XNSE:HEROMOTOCO,Hero MotoCorp Limited,NSE,EQ,N,N,,,
HESTERBIO.NS,XNSE:HESTERBIO,Hester Biosciences Limited,NSE,EQ,N,N,,,
HEXAGON.NS,XNSE:HEXAGON,Hexagon Nutrition Limited,NSE,BE,N,N,,,
HEXATRADEX.NS,XNSE:HEXATRADEX,Hexa Tradex Limited,NSE,EQ,N,N,,,
HEXT.NS,XNSE:HEXT,Hexaware Technologies Limited,NSE,EQ,N,N,,,
HFCL.NS,XNSE:HFCL,HFCL Limited,NSE,EQ,N,N,,,
HGINFRA.NS,XNSE:HGINFRA,H.G. Infra Engineering Limited,NSE,EQ,N,N,,,
HGM.NS,XNSE:HGM,HandsOn Global Management (HGM) Limited,NSE,EQ,N,N,,,
HGS.NS,XNSE:HGS,Hinduja Global Solutions Limited,NSE,EQ,N,N,,,
HIKAL.NS,XNSE:HIKAL,Hikal Limited,NSE,EQ,N,N,,,
HILINFRA.NS,XNSE:HILINFRA,Highway Infrastructure Limited,NSE,BE,N,N,,,
HILTON.NS,XNSE:HILTON,Hilton Metal Forging Limited,NSE,BE,N,N,,,
HIMATSEIDE.NS,XNSE:HIMATSEIDE,Himatsingka Seide Limited,NSE,EQ,N,N,,,
HINDALCO.NS,XNSE:HINDALCO,Hindalco Industries Limited,NSE,EQ,N,N,,,
HINDCOMPOS.NS,XNSE:HINDCOMPOS,Hindustan Composites Limited,NSE,EQ,N,N,,,
HINDCON.NS,XNSE:HINDCON,Hindcon Chemicals Limited,NSE,BE,N,N,,,
HINDCOPPER.NS,XNSE:HINDCOPPER,Hindustan Copper Limited,NSE,EQ,N,N,,,
HINDOILEXP.NS,XNSE:HINDOILEXP,Hindustan Oil Exploration Company Limited,NSE,EQ,N,N,,,
HINDPETRO.NS,XNSE:HINDPETRO,Hindustan Petroleum Corporation Limited,NSE,EQ,N,N,,,
HINDUNILVR.NS,XNSE:HINDUNILVR,Hindustan Unilever Limited,NSE,EQ,N,N,,,
HINDWAREAP.NS,XNSE:HINDWAREAP,Hindware Home Innovation Limited,NSE,EQ,N,N,,,
HINDZINC.NS,XNSE:HINDZINC,Hindustan Zinc Limited,NSE,EQ,N,N,,,
HIRECT.NS,XNSE:HIRECT,Hind Rectifiers Limited,NSE,EQ,N,N,,,
HISARMETAL.NS,XNSE:HISARMETAL,Hisar Metal Industries Limited,NSE,EQ,N,N,,,
HITECH.NS,XNSE:HITECH,Hi-Tech Pipes Limited,NSE,EQ,N,N,,,
HITECHCORP.NS,XNSE:HITECHCORP,Hitech Corporation Limited,NSE,BE,N,N,,,
HITECHGEAR.NS,XNSE:HITECHGEAR,The Hi-Tech Gears Limited,NSE,BE,N,N,,,
HLEGLAS.NS,XNSE:HLEGLAS,HLE Glascoat Limited,NSE,EQ,N,N,,,
HLVLTD.NS,XNSE:HLVLTD,HLV LIMITED,NSE,EQ,N,N,,,
HMAAGRO.NS,XNSE:HMAAGRO,HMA Agro Industries Limited,NSE,EQ,N,N,,,
HMVL.NS,XNSE:HMVL,Hindustan Media Ventures Limited,NSE,EQ,N,N,,,
HNDFDS.NS,XNSE:HNDFDS,Hindustan Foods Limited,NSE,EQ,N,N,,,
HOMEFIRST.NS,XNSE:HOMEFIRST,Home First Finance Company India Limited,NSE,EQ,N,N,,,
HONASA.NS,XNSE:HONASA,Honasa Consumer Limited,NSE,EQ,N,N,,,
HONAUT.NS,XNSE:HONAUT,Honeywell Automation India Limited,NSE,EQ,N,N,,,
HONDAPOWER.NS,XNSE:HONDAPOWER,Honda India Power Products Limited,NSE,EQ,N,N,,,
HPAL.NS,XNSE:HPAL,HP Adhesives Limited,NSE,EQ,N,N,,,
HPIL.NS,XNSE:HPIL,Hindprakash Industries Limited,NSE,EQ,N,N,,,
HPL.NS,XNSE:HPL,HPL Electric & Power Limited,NSE,EQ,N,N,,,
HSCL.NS,XNSE:HSCL,Himadri Speciality Chemical Limited,NSE,EQ,N,N,,,
HTMEDIA.NS,XNSE:HTMEDIA,HT Media Limited,NSE,EQ,N,N,,,
HUBTOWN.NS,XNSE:HUBTOWN,Hubtown Limited,NSE,EQ,N,N,,,
HUDCO.NS,XNSE:HUDCO,Housing & Urban Development Corporation Limited,NSE,EQ,N,N,,,
HUHTAMAKI.NS,XNSE:HUHTAMAKI,Huhtamaki India Limited,NSE,EQ,N,N,,,
HYBRIDFIN.NS,XNSE:HYBRIDFIN,Hybrid Financial Services Limited,NSE,BE,N,N,,,
HYUNDAI.NS,XNSE:HYUNDAI,Hyundai Motor India Limited,NSE,EQ,N,N,,,
IBULLSLTD.NS,XNSE:IBULLSLTD,Indiabulls Limited,NSE,BE,N,N,,,
ICDSLTD.NS,XNSE:ICDSLTD,ICDS Limited,NSE,EQ,N,N,,,
ICEMAKE.NS,XNSE:ICEMAKE,Ice Make Refrigeration Limited,NSE,EQ,N,N,,,
ICICIAMC.NS,XNSE:ICICIAMC,ICICI Prudential Asset Management Company Limited,NSE,EQ,N,N,,,
ICICIBANK.NS,XNSE:ICICIBANK,ICICI Bank Limited,NSE,EQ,N,N,,,
ICICIGI.NS,XNSE:ICICIGI,ICICI Lombard General Insurance Company Limited,NSE,EQ,N,N,,,
ICICIPRULI.NS,XNSE:ICICIPRULI,ICICI Prudential Life Insurance Company Limited,NSE,EQ,N,N,,,
ICIL.NS,XNSE:ICIL,Indo Count Industries Limited,NSE,EQ,N,N,,,
ICRA.NS,XNSE:ICRA,ICRA Limited,NSE,EQ,N,N,,,
IDBI.NS,XNSE:IDBI,IDBI Bank Limited,NSE,EQ,N,N,,,
IDEA.NS,XNSE:IDEA,Vodafone Idea Limited,NSE,EQ,N,N,,,
IDEAFORGE.NS,XNSE:IDEAFORGE,Ideaforge Technology Limited,NSE,BE,N,N,,,
IDFCFIRSTB.NS,XNSE:IDFCFIRSTB,IDFC First Bank Limited,NSE,EQ,N,N,,,
IEX.NS,XNSE:IEX,Indian Energy Exchange Limited,NSE,EQ,N,N,,,
IFBAGRO.NS,XNSE:IFBAGRO,IFB Agro Industries Limited,NSE,BE,N,N,,,
IFBIND.NS,XNSE:IFBIND,IFB Industries Limited,NSE,EQ,N,N,,,
IFCI.NS,XNSE:IFCI,IFCI Limited,NSE,EQ,N,N,,,
IFGLEXPOR.NS,XNSE:IFGLEXPOR,IFGL Refractories Limited,NSE,EQ,N,N,,,
IGARASHI.NS,XNSE:IGARASHI,Igarashi Motors India Limited,NSE,EQ,N,N,,,
IGCL.NS,XNSE:IGCL,Indogulf Cropsciences Limited,NSE,EQ,N,N,,,
IGIL.NS,XNSE:IGIL,International Gemological Institute Limited,NSE,EQ,N,N,,,
IGL.NS,XNSE:IGL,Indraprastha Gas Limited,NSE,EQ,N,N,,,
IGPL.NS,XNSE:IGPL,IG Petrochemicals Limited,NSE,EQ,N,N,,,
IIFL.NS,XNSE:IIFL,IIFL Finance Limited,NSE,EQ,N,N,,,
IIFLCAPS.NS,XNSE:IIFLCAPS,IIFL Capital Services Limited,NSE,EQ,N,N,,,
IITL.NS,XNSE:IITL,Industrial Investment Trust Limited,NSE,EQ,N,N,,,
IKIO.NS,XNSE:IKIO,IKIO Technologies Limited,NSE,EQ,N,N,,,
IKS.NS,XNSE:IKS,Inventurus Knowledge Solutions Limited,NSE,EQ,N,N,,,
IMAGICAA.NS,XNSE:IMAGICAA,Imagicaaworld Entertainment Limited,NSE,EQ,N,N,,,
IMFA.NS,XNSE:IMFA,Indian Metals & Ferro Alloys Limited,NSE,EQ,N,N,,,
IMPAL.NS,XNSE:IMPAL,India Motor Parts and Accessories Limited,NSE,EQ,N,N,,,
INA.NS,XNSE:INA,Insolation Energy Limited,NSE,EQ,N,N,,,
INCREDIBLE.NS,XNSE:INCREDIBLE,INCREDIBLE INDUSTRIES LIMITED,NSE,EQ,N,N,,,
INDBANK.NS,XNSE:INDBANK,Indbank Merchant Banking Services Limited,NSE,EQ,N,N,,,
INDGN.NS,XNSE:INDGN,Indegene Limited,NSE,EQ,N,N,,,
INDHOTEL.NS,XNSE:INDHOTEL,The Indian Hotels Company Limited,NSE,EQ,N,N,,,
INDIACEM.NS,XNSE:INDIACEM,The India Cements Limited,NSE,EQ,N,N,,,
INDIAGLYCO.NS,XNSE:INDIAGLYCO,India Glycols Limited,NSE,EQ,N,N,,,
INDIAMART.NS,XNSE:INDIAMART,Indiamart Intermesh Limited,NSE,EQ,N,N,,,
INDIANB.NS,XNSE:INDIANB,Indian Bank,NSE,EQ,N,N,,,
INDIANCARD.NS,XNSE:INDIANCARD,Indian Card Clothing Company Limited,NSE,EQ,N,N,,,
INDIANHUME.NS,XNSE:INDIANHUME,Indian Hume Pipe Company Limited,NSE,EQ,N,N,,,
INDIASHLTR.NS,XNSE:INDIASHLTR,India Shelter Finance Corporation Limited,NSE,EQ,N,N,,,
INDIGO.NS,XNSE:INDIGO,InterGlobe Aviation Limited,NSE,EQ,N,N,,,
INDIGOPNTS.NS,XNSE:INDIGOPNTS,Indigo Paints Limited,NSE,EQ,N,N,,,
INDIQUBE.NS,XNSE:INDIQUBE,Indiqube Spaces Limited,NSE,EQ,N,N,,,
INDNIPPON.NS,XNSE:INDNIPPON,India Nippon Electricals Limited,NSE,EQ,N,N,,,
INDOAMIN.NS,XNSE:INDOAMIN,Indo Amines Limited,NSE,BE,N,N,,,
INDOBORAX.NS,XNSE:INDOBORAX,Indo Borax & Chemicals Limited,NSE,EQ,N,N,,,
INDOCO.NS,XNSE:INDOCO,Indoco Remedies Limited,NSE,EQ,N,N,,,
INDOFARM.NS,XNSE:INDOFARM,Indo Farm Equipment Limited,NSE,EQ,N,N,,,
INDORAMA.NS,XNSE:INDORAMA,Indo Rama Synthetics (India) Limited,NSE,EQ,N,N,,,
INDOSTAR.NS,XNSE:INDOSTAR,IndoStar Capital Finance Limited,NSE,EQ,N,N,,,
INDOTECH.NS,XNSE:INDOTECH,Indo Tech Transformers Limited,NSE,BE,N,N,,,
INDOTHAI.NS,XNSE:INDOTHAI,Indo Thai Securities Limited,NSE,EQ,N,N,,,
INDOUS.NS,XNSE:INDOUS,Indo Us Biotech Limited,NSE,EQ,N,N,,,
INDOWIND.NS,XNSE:INDOWIND,Indowind Energy Limited,NSE,BE,N,N,,,
INDPRUD.NS,XNSE:INDPRUD,Industrial & Prudential Investment Company Limited,NSE,EQ,N,N,,,
INDRAMEDCO.NS,XNSE:INDRAMEDCO,Indraprastha Medical Corporation Limited,NSE,EQ,N,N,,,
INDSWFTLAB.NS,XNSE:INDSWFTLAB,Ind-Swift Laboratories Limited,NSE,EQ,N,N,,,
INDTERRAIN.NS,XNSE:INDTERRAIN,Indian Terrain Fashions Limited,NSE,EQ,N,N,,,
INDUSINDBK.NS,XNSE:INDUSINDBK,IndusInd Bank Limited,NSE,EQ,N,N,,,
INDUSTOWER.NS,XNSE:INDUSTOWER,Indus Towers Limited,NSE,EQ,N,N,,,
INFOBEAN.NS,XNSE:INFOBEAN,InfoBeans Technologies Limited,NSE,EQ,N,N,,,
INFOMEDIA.NS,XNSE:INFOMEDIA,Infomedia Press Limited,NSE,EQ,N,N,,,
INFY.NS,XNSE:INFY,Infosys Limited,NSE,EQ,N,N,,,
INGERRAND.NS,XNSE:INGERRAND,Ingersoll Rand (India) Limited,NSE,EQ,N,N,,,
INNOVACAP.NS,XNSE:INNOVACAP,Innova Captab Limited,NSE,EQ,N,N,,,
INNOVANA.NS,XNSE:INNOVANA,Innovana Thinklabs Limited,NSE,EQ,N,N,,,
INNOVISION.NS,XNSE:INNOVISION,Innovision Limited,NSE,EQ,N,N,,,
INOXGREEN.NS,XNSE:INOXGREEN,Inox Green Energy Services Limited,NSE,EQ,N,N,,,
INOXINDIA.NS,XNSE:INOXINDIA,INOX India Limited,NSE,EQ,N,N,,,
INOXWIND.NS,XNSE:INOXWIND,Inox Wind Limited,NSE,EQ,N,N,,,
INSECTICID.NS,XNSE:INSECTICID,Insecticides (India) Limited,NSE,EQ,N,N,,,
INSPIRISYS.NS,XNSE:INSPIRISYS,Inspirisys Solutions Limited,NSE,BE,N,N,,,
INTELLECT.NS,XNSE:INTELLECT,Intellect Design Arena Limited,NSE,EQ,N,N,,,
INTENTECH.NS,XNSE:INTENTECH,Intense Technologies Limited,NSE,EQ,N,N,,,
INTERARCH.NS,XNSE:INTERARCH,Interarch Building Solutions Limited,NSE,EQ,N,N,,,
INTLCONV.NS,XNSE:INTLCONV,International Conveyors Limited,NSE,EQ,N,N,,,
INVENTURE.NS,XNSE:INVENTURE,Inventure Growth & Securities Limited,NSE,EQ,N,N,,,
INVPRECQ.NS,XNSE:INVPRECQ,Investment & Precision Castings Limited,NSE,EQ,N,N,,,
IOB.NS,XNSE:IOB,Indian Overseas Bank,NSE,EQ,N,N,,,
IOC.NS,XNSE:IOC,Indian Oil Corporation Limited,NSE,EQ,N,N,,,
IOLCP.NS,XNSE:IOLCP,IOL Chemicals and Pharmaceuticals Limited,NSE,EQ,N,N,,,
IONEXCHANG.NS,XNSE:IONEXCHANG,ION Exchange (India) Limited,NSE,EQ,N,N,,,
IPCALAB.NS,XNSE:IPCALAB,IPCA Laboratories Limited,NSE,EQ,N,N,,,
IPL.NS,XNSE:IPL,India Pesticides Limited,NSE,EQ,N,N,,,
IRB.NS,XNSE:IRB,IRB Infrastructure Developers Limited,NSE,EQ,N,N,,,
IRCON.NS,XNSE:IRCON,Ircon International Limited,NSE,EQ,N,N,,,
IRCTC.NS,XNSE:IRCTC,Indian Railway Catering And Tourism Corporation Limited,NSE,EQ,N,N,,,
IREDA.NS,XNSE:IREDA,Indian Renewable Energy Development Agency Limited,NSE,EQ,N,N,,,
IRFC.NS,XNSE:IRFC,Indian Railway Finance Corporation Limited,NSE,EQ,N,N,,,
IRIS.NS,XNSE:IRIS,IRIS RegTech Solutions Limited,NSE,EQ,N,N,,,
IRISDOREME.NS,XNSE:IRISDOREME,Iris Clothings Limited,NSE,EQ,N,N,,,
IRMENERGY.NS,XNSE:IRMENERGY,IRM Energy Limited,NSE,EQ,N,N,,,
ISFT.NS,XNSE:ISFT,Intrasoft Technologies Limited,NSE,EQ,N,N,,,
ISGEC.NS,XNSE:ISGEC,Isgec Heavy Engineering Limited,NSE,EQ,N,N,,,
ISHANCH.NS,XNSE:ISHANCH,Ishan Dyes and Chemicals Limited,NSE,EQ,N,N,,,
ITC.NS,XNSE:ITC,ITC Limited,NSE,EQ,N,N,,,
ITCHOTELS.NS,XNSE:ITCHOTELS,ITC Hotels Limited,NSE,EQ,N,N,,,
ITDC.NS,XNSE:ITDC,India Tourism Development Corporation Limited,NSE,EQ,N,N,,,
ITI.NS,XNSE:ITI,ITI Limited,NSE,EQ,N,N,,,
IVALUE.NS,XNSE:IVALUE,Ivalue Infosolutions Limited,NSE,EQ,N,N,,,
IVC.NS,XNSE:IVC,IL&FS Investment Managers Limited,NSE,EQ,N,N,,,
IVP.NS,XNSE:IVP,IVP Limited,NSE,BE,N,N,,,
IWP.NS,XNSE:IWP,The Indian Wood Products Company Limited,NSE,EQ,N,N,,,
IXIGO.NS,XNSE:IXIGO,Le Travenues Technology Limited,NSE,EQ,N,N,,,
IZMO.NS,XNSE:IZMO,IZMO Limited,NSE,EQ,N,N,,,
J&KBANK.NS,XNSE:J&KBANK,The Jammu & Kashmir Bank Limited,NSE,EQ,N,N,,,
JAGRAN.NS,XNSE:JAGRAN,Jagran Prakashan Limited,NSE,EQ,N,N,,,
JAGSNPHARM.NS,XNSE:JAGSNPHARM,Jagsonpal Pharmaceuticals Limited,NSE,EQ,N,N,,,
JAIBALAJI.NS,XNSE:JAIBALAJI,Jai Balaji Industries Limited,NSE,BE,N,N,,,
JAICORPLTD.NS,XNSE:JAICORPLTD,Jai Corp Limited,NSE,EQ,N,N,,,
JAINREC.NS,XNSE:JAINREC,Jain Resource Recycling Limited,NSE,EQ,N,N,,,
JAIPURKURT.NS,XNSE:JAIPURKURT,Nandani Creation Limited,NSE,EQ,N,N,,,
JAMNAAUTO.NS,XNSE:JAMNAAUTO,Jamna Auto Industries Limited,NSE,EQ,N,N,,,
JARO.NS,XNSE:JARO,Jaro Institute of Technology Management and Research Limited,NSE,EQ,N,N,,,
JASH.NS,XNSE:JASH,Jash Engineering Limited,NSE,EQ,N,N,,,
JAYAGROGN.NS,XNSE:JAYAGROGN,Jayant Agro Organics Limited,NSE,EQ,N,N,,,
JAYBARMARU.NS,XNSE:JAYBARMARU,Jay Bharat Maruti Limited,NSE,EQ,N,N,,,
JAYKAY.NS,XNSE:JAYKAY,Jaykay Enterprises Limited,NSE,EQ,N,N,,,
JAYNECOIND.NS,XNSE:JAYNECOIND,Jayaswal Neco Industries Limited,NSE,EQ,N,N,,,
JAYSREETEA.NS,XNSE:JAYSREETEA,Jayshree Tea & Industries Limited,NSE,EQ,N,N,,,
JBMA.NS,XNSE:JBMA,JBM Auto Limited,NSE,EQ,N,N,,,
JGCHEM.NS,XNSE:JGCHEM,J.G.Chemicals Limited,NSE,EQ,N,N,,,
JHS.NS,XNSE:JHS,JHS Svendgaard Laboratories Limited,NSE,EQ,N,N,,,
JINDALPHOT.NS,XNSE:JINDALPHOT,Jindal Photo Limited,NSE,EQ,N,N,,,
JINDALPOLY.NS,XNSE:JINDALPOLY,Jindal Poly Films Limited,NSE,EQ,N,N,,,
JINDALSAW.NS,XNSE:JINDALSAW,Jindal Saw Limited,NSE,EQ,N,N,,,
JINDALSTEL.NS,XNSE:JINDALSTEL,JINDAL STEEL LIMITED,NSE,EQ,N,N,,,
JINDRILL.NS,XNSE:JINDRILL,Jindal Drilling And Industries Limited,NSE,EQ,N,N,,,
JINDWORLD.NS,XNSE:JINDWORLD,Jindal Worldwide Limited,NSE,EQ,N,N,,,
JIOFIN.NS,XNSE:JIOFIN,Jio Financial Services Limited,NSE,EQ,N,N,,,
JISLDVREQS.NS,XNSE:JISLDVREQS,Jain Irrigation Systems Limited,NSE,EQ,N,N,,,
JISLJALEQS.NS,XNSE:JISLJALEQS,Jain Irrigation Systems Limited,NSE,EQ,N,N,,,
JITFINFRA.NS,XNSE:JITFINFRA,JITF Infralogistics Limited,NSE,EQ,N,N,,,
JKCEMENT.NS,XNSE:JKCEMENT,JK Cement Limited,NSE,EQ,N,N,,,
JKIL.NS,XNSE:JKIL,J.Kumar Infraprojects Limited,NSE,EQ,N,N,,,
JKIPL.NS,XNSE:JKIPL,Jinkushal Industries Limited,NSE,BE,N,N,,,
JKLAKSHMI.NS,XNSE:JKLAKSHMI,JK Lakshmi Cement Limited,NSE,EQ,N,N,,,
JKPAPER.NS,XNSE:JKPAPER,JK Paper Limited,NSE,EQ,N,N,,,
JKTYRE.NS,XNSE:JKTYRE,JK Tyre & Industries Limited,NSE,EQ,N,N,,,
JLHL.NS,XNSE:JLHL,Jupiter Life Line Hospitals Limited,NSE,EQ,N,N,,,
JMA.NS,XNSE:JMA,Jullundur Motor Agency (Delhi) Limited,NSE,EQ,N,N,,,
JMFINANCIL.NS,XNSE:JMFINANCIL,JM Financial Limited,NSE,EQ,N,N,,,
JNKINDIA.NS,XNSE:JNKINDIA,JNK India Limited,NSE,EQ,N,N,,,
JOCIL.NS,XNSE:JOCIL,Jocil Limited,NSE,BE,N,N,,,
JPOLYINVST.NS,XNSE:JPOLYINVST,Jindal Poly Investment and Finance Company Limited,NSE,EQ,N,N,,,
JPPOWER.NS,XNSE:JPPOWER,Jaiprakash Power Ventures Limited,NSE,EQ,N,N,,,
JSFB.NS,XNSE:JSFB,Jana Small Finance Bank Limited,NSE,EQ,N,N,,,
JSL.NS,XNSE:JSL,Jindal Stainless Limited,NSE,EQ,N,N,,,
JSLL.NS,XNSE:JSLL,Jeena Sikho Lifecare Limited,NSE,EQ,N,N,,,
JSWCEMENT.NS,XNSE:JSWCEMENT,JSW Cement Limited,NSE,EQ,N,N,,,
JSWDULUX.NS,XNSE:JSWDULUX,JSW Dulux Limited,NSE,EQ,N,N,,,
JSWENERGY.NS,XNSE:JSWENERGY,JSW Energy Limited,NSE,EQ,N,N,,,
JSWHL.NS,XNSE:JSWHL,JSW Holdings Limited,NSE,EQ,N,N,,,
JSWINFRA.NS,XNSE:JSWINFRA,JSW Infrastructure Limited,NSE,EQ,N,N,,,
JSWSTEEL.NS,XNSE:JSWSTEEL,JSW Steel Limited,NSE,EQ,N,N,,,
JTEKTINDIA.NS,XNSE:JTEKTINDIA,Jtekt India Limited,NSE,EQ,N,N,,,
JTLIND.NS,XNSE:JTLIND,JTL INDUSTRIES LIMITED,NSE,EQ,N,N,,,
JUBLCPL.NS,XNSE:JUBLCPL,Jubilant Agri and Consumer Products Limited,NSE,EQ,N,N,,,
JUBLFOOD.NS,XNSE:JUBLFOOD,Jubilant Foodworks Limited,NSE,EQ,N,N,,,
JUBLINGREA.NS,XNSE:JUBLINGREA,Jubilant Ingrevia Limited,NSE,EQ,N,N,,,
JUBLPHARMA.NS,XNSE:JUBLPHARMA,Jubilant Pharmova Limited,NSE,EQ,N,N,,,
JUNIPER.NS,XNSE:JUNIPER,Juniper Hotels Limited,NSE,EQ,N,N,,,
JUSTDIAL.NS,XNSE:JUSTDIAL,Just Dial Limited,NSE,EQ,N,N,,,
JWL.NS,XNSE:JWL,Jupiter Wagons Limited,NSE,EQ,N,N,,,
JYOTHYLAB.NS,XNSE:JYOTHYLAB,Jyothy Labs Limited,NSE,EQ,N,N,,,
JYOTICNC.NS,XNSE:JYOTICNC,Jyoti CNC Automation Limited,NSE,EQ,N,N,,,
JYOTISTRUC.NS,XNSE:JYOTISTRUC,Jyoti Structures Limited,NSE,EQ,N,N,,,
KABRAEXTRU.NS,XNSE:KABRAEXTRU,Kabra Extrusion Technik Limited,NSE,EQ,N,N,,,
KAJARIACER.NS,XNSE:KAJARIACER,Kajaria Ceramics Limited,NSE,EQ,N,N,,,
KAKATCEM.NS,XNSE:KAKATCEM,Kakatiya Cement Sugar & Industries Limited,NSE,BE,N,N,,,
KALAMANDIR.NS,XNSE:KALAMANDIR,Sai Silks (Kalamandir) Limited,NSE,EQ,N,N,,,
KALPATARU.NS,XNSE:KALPATARU,Kalpataru Limited,NSE,EQ,N,N,,,
KALYANI.NS,XNSE:KALYANI,Kalyani Commercials Limited,NSE,BE,N,N,,,
KALYANIFRG.NS,XNSE:KALYANIFRG,Kalyani Forge Limited,NSE,EQ,N,N,,,
KALYANKJIL.NS,XNSE:KALYANKJIL,Kalyan Jewellers India Limited,NSE,EQ,N,N,,,
KAMAHOLD.NS,XNSE:KAMAHOLD,Kama Holdings Limited,NSE,EQ,N,N,,,
KAMATHOTEL.NS,XNSE:KAMATHOTEL,Kamat Hotels (I) Limited,NSE,EQ,N,N,,,
KAMDHENU.NS,XNSE:KAMDHENU,Kamdhenu Limited,NSE,BE,N,N,,,
KAMOPAINTS.NS,XNSE:KAMOPAINTS,Kamdhenu Ventures Limited,NSE,EQ,N,N,,,
KANANIIND.NS,XNSE:KANANIIND,Kanani Industries Limited,NSE,EQ,N,N,,,
KANCHI.NS,XNSE:KANCHI,Kanchi Karpooram Limited,NSE,BE,N,N,,,
KANORICHEM.NS,XNSE:KANORICHEM,Kanoria Chemicals & Industries Limited,NSE,BE,N,N,,,
KANPRPLA.NS,XNSE:KANPRPLA,Kanpur Plastipack Limited,NSE,EQ,N,N,,,
KANSAINER.NS,XNSE:KANSAINER,Kansai Nerolac Paints Limited,NSE,EQ,N,N,,,
KAPSTON.NS,XNSE:KAPSTON,Kapston Services Limited,NSE,EQ,N,N,,,
KARMAENG.NS,XNSE:KARMAENG,Karma Energy Limited,NSE,EQ,N,N,,,
KARURVYSYA.NS,XNSE:KARURVYSYA,Karur Vysya Bank Limited,NSE,EQ,N,N,,,
KAUSHALYA.NS,XNSE:KAUSHALYA,Kaushalya Infrastructure Development Corporation Limited,NSE,BE,N,N,,,
KAVDEFENCE.NS,XNSE:KAVDEFENCE,Kavveri Defence & Wireless Technologies Limited,NSE,EQ,N,N,,,
KAYA.NS,XNSE:KAYA,Kaya Limited,NSE,EQ,N,N,,,
KAYNES.NS,XNSE:KAYNES,Kaynes Technology India Limited,NSE,EQ,N,N,,,
KCP.NS,XNSE:KCP,KCP Limited,NSE,EQ,N,N,,,
KCPSUGIND.NS,XNSE:KCPSUGIND,KCP Sugar and Industries Corporation Limited,NSE,EQ,N,N,,,
KDDL.NS,XNSE:KDDL,KDDL Limited,NSE,EQ,N,N,,,
KEC.NS,XNSE:KEC,KEC International Limited,NSE,EQ,N,N,,,
KECL.NS,XNSE:KECL,Kirloskar Electric Company Limited,NSE,BE,N,N,,,
KEEPLEARN.NS,XNSE:KEEPLEARN,DSJ Keep Learning Limited,NSE,EQ,N,N,,,
KEI.NS,XNSE:KEI,KEI Industries Limited,NSE,EQ,N,N,,,
KELLTONTEC.NS,XNSE:KELLTONTEC,Kellton Tech Solutions Limited,NSE,EQ,N,N,,,
KENNAMET.NS,XNSE:KENNAMET,Kennametal India Limited,NSE,EQ,N,N,,,
KERNEX.NS,XNSE:KERNEX,Kernex Microsystems (India) Limited,NSE,EQ,N,N,,,
KESORAMIND.NS,XNSE:KESORAMIND,Kesoram Industries Limited,NSE,BE,N,N,,,
KEYFINSERV.NS,XNSE:KEYFINSERV,Keynote Financial Services Limited,NSE,EQ,N,N,,,
KFINTECH.NS,XNSE:KFINTECH,Kfin Technologies Limited,NSE,EQ,N,N,,,
KHADIM.NS,XNSE:KHADIM,Khadim India Limited,NSE,BE,N,N,,,
KHAICHEM.NS,XNSE:KHAICHEM,Khaitan Chemicals & Fertilizers Limited,NSE,BE,N,N,,,
KHAITANLTD.NS,XNSE:KHAITANLTD,Khaitan (India) Limited,NSE,BE,N,N,,,
KHANDSE.NS,XNSE:KHANDSE,Khandwala Securities Limited,NSE,EQ,N,N,,,
KICL.NS,XNSE:KICL,Kalyani Investment Company Limited,NSE,EQ,N,N,,,
KILITCH.NS,XNSE:KILITCH,Kilitch Drugs (India) Limited,NSE,BE,N,N,,,
KIMS.NS,XNSE:KIMS,Krishna Institute of Medical Sciences Limited,NSE,EQ,N,N,,,
KINGFA.NS,XNSE:KINGFA,Kingfa Science & Technology (India) Limited,NSE,EQ,N,N,,,
KIOCL.NS,XNSE:KIOCL,KIOCL Limited,NSE,EQ,N,N,,,
KIRANVYPAR.NS,XNSE:KIRANVYPAR,Kiran Vyapar Limited,NSE,EQ,N,N,,,
KIRIINDUS.NS,XNSE:KIRIINDUS,Kiri Industries Limited,NSE,EQ,N,N,,,
KIRLFER.NS,XNSE:KIRLFER,Kirloskar Ferrous Industries Limited,NSE,EQ,N,N,,,
KIRLOSBROS.NS,XNSE:KIRLOSBROS,Kirloskar Brothers Limited,NSE,EQ,N,N,,,
KIRLOSENG.NS,XNSE:KIRLOSENG,Kirloskar Oil Engines Limited,NSE,EQ,N,N,,,
KIRLOSIND.NS,XNSE:KIRLOSIND,Kirloskar Industries Limited,NSE,EQ,N,N,,,
KIRLPNU.NS,XNSE:KIRLPNU,Kirloskar Pneumatic Company Limited,NSE,EQ,N,N,,,
KISSHT.NS,XNSE:KISSHT,OnEMI Technology Solutions Limited,NSE,EQ,N,N,,,
KITEX.NS,XNSE:KITEX,Kitex Garments Limited,NSE,EQ,N,N,,,
KKCL.NS,XNSE:KKCL,Kewal Kiran Clothing Limited,NSE,EQ,N,N,,,
KLBRENG-B.NS,XNSE:KLBRENG-B,Kilburn Engineering Limited,NSE,EQ,N,N,,,
KMEW.NS,XNSE:KMEW,Knowledge Marine & Engineering Works Limited,NSE,EQ,N,N,,,
KMSUGAR.NS,XNSE:KMSUGAR,K.M.Sugar Mills Limited,NSE,EQ,N,N,,,
KNACK.NS,XNSE:KNACK,Knack Packaging Limited,NSE,EQ,N,N,,,
KNAGRI.NS,XNSE:KNAGRI,KN Agri Resources Limited,NSE,EQ,N,N,,,
KNRCON.NS,XNSE:KNRCON,KNR Constructions Limited,NSE,EQ,N,N,,,
KOHINOOR.NS,XNSE:KOHINOOR,Kohinoor Foods Limited,NSE,EQ,N,N,,,
KOKUYOCMLN.NS,XNSE:KOKUYOCMLN,Kokuyo Camlin Limited,NSE,EQ,N,N,,,
KOLTEPATIL.NS,XNSE:KOLTEPATIL,Kolte - Patil Developers Limited,NSE,EQ,N,N,,,
KOPRAN.NS,XNSE:KOPRAN,Kopran Limited,NSE,BE,N,N,,,
KOTAKBANK.NS,XNSE:KOTAKBANK,Kotak Mahindra Bank Limited,NSE,EQ,N,N,,,
KOTARISUG.NS,XNSE:KOTARISUG,Kothari Sugars And Chemicals Limited,NSE,EQ,N,N,,,
KOTHARIPET.NS,XNSE:KOTHARIPET,Kothari Petrochemicals Limited,NSE,EQ,N,N,,,
KOTHARIPRO.NS,XNSE:KOTHARIPRO,Kothari Products Limited,NSE,EQ,N,N,,,
KOTIC.NS,XNSE:KOTIC,Kothari Industrial Corporation Limited,NSE,EQ,N,N,,,
KOTYARK.NS,XNSE:KOTYARK,Kotyark Industries Limited,NSE,BE,N,N,,,
KOVAI.NS,XNSE:KOVAI,Kovai Medical Center & Hospital Limited,NSE,EQ,N,N,,,
KPEL.NS,XNSE:KPEL,K.P. Energy Limited,NSE,EQ,N,N,,,
KPIGREEN.NS,XNSE:KPIGREEN,KPI Green Energy Limited,NSE,EQ,N,N,,,
KPIL.NS,XNSE:KPIL,Kalpataru Projects International Limited,NSE,EQ,N,N,,,
KPITTECH.NS,XNSE:KPITTECH,KPIT Technologies Limited,NSE,EQ,N,N,,,
KPL.NS,XNSE:KPL,Kwality Pharmaceuticals Limited,NSE,EQ,N,N,,,
KPRMILL.NS,XNSE:KPRMILL,K.P.R. Mill Limited,NSE,EQ,N,N,,,
KRBL.NS,XNSE:KRBL,KRBL Limited,NSE,EQ,N,N,,,
KREBSBIO.NS,XNSE:KREBSBIO,Krebs Biochemicals and Industries Limited,NSE,EQ,N,N,,,
KRIDHANINF.NS,XNSE:KRIDHANINF,Kridhan Infra Limited,NSE,BE,N,N,,,
KRISHANA.NS,XNSE:KRISHANA,Krishana Phoschem Limited,NSE,EQ,N,N,,,
KRISHIVAL.NS,XNSE:KRISHIVAL,Krishival Foods Limited,NSE,EQ,N,N,,,
KRISHNADEF.NS,XNSE:KRISHNADEF,Krishna Defence And Allied Industries Limited,NSE,EQ,N,N,,,
KRITI.NS,XNSE:KRITI,Kriti Industries (India) Limited,NSE,BE,N,N,,,
KRITIKA.NS,XNSE:KRITIKA,Kritika Wires Limited,NSE,EQ,N,N,,,
KRITINUT.NS,XNSE:KRITINUT,Kriti Nutrients Limited,NSE,BE,N,N,,,
KRN.NS,XNSE:KRN,KRN Heat Exchanger and Refrigeration Limited,NSE,BE,N,N,,,
KRONOX.NS,XNSE:KRONOX,Kronox Lab Sciences Limited,NSE,EQ,N,N,,,
KROSS.NS,XNSE:KROSS,Kross Limited,NSE,EQ,N,N,,,
KRSNAA.NS,XNSE:KRSNAA,Krsnaa Diagnostics Limited,NSE,EQ,N,N,,,
KRYSTAL.NS,XNSE:KRYSTAL,Krystal Integrated Services Limited,NSE,EQ,N,N,,,
KSB.NS,XNSE:KSB,Ksb Limited,NSE,EQ,N,N,,,
KSCL.NS,XNSE:KSCL,Kaveri Seed Company Limited,NSE,EQ,N,N,,,
KSHINTL.NS,XNSE:KSHINTL,KSH International Limited,NSE,EQ,N,N,,,
KSHITIJPOL.NS,XNSE:KSHITIJPOL,Kshitij Polyline Limited,NSE,BE,N,N,,,
KSL.NS,XNSE:KSL,Kalyani Steels Limited,NSE,EQ,N,N,,,
KSOLVES.NS,XNSE:KSOLVES,Ksolves India Limited,NSE,EQ,N,N,,,
KSR.NS,XNSE:KSR,KSR Footwear Limited,NSE,EQ,N,N,,,
KTKBANK.NS,XNSE:KTKBANK,The Karnataka Bank Limited,NSE,EQ,N,N,,,
KUANTUM.NS,XNSE:KUANTUM,Kuantum Papers Limited,NSE,EQ,N,N,,,
KUSUMGAR.NS,XNSE:KUSUMGAR,Kusumgar Limited,NSE,EQ,N,N,,,
KWIL.NS,XNSE:KWIL,Kwality Wall's (India) Limited,NSE,EQ,N,N,,,
LAGNAM.NS,XNSE:LAGNAM,Lagnam Spintex Limited,NSE,EQ,N,N,,,
LAHOTIOV.NS,XNSE:LAHOTIOV,Lahoti Overseas Limited,NSE,EQ,N,N,,,
LAL.NS,XNSE:LAL,Lorenzini Apparels Limited,NSE,EQ,N,N,,,
LALPATHLAB.NS,XNSE:LALPATHLAB,Dr. Lal Path Labs Ltd.,NSE,EQ,N,N,,,
LAMBODHARA.NS,XNSE:LAMBODHARA,Lambodhara Textiles Limited,NSE,EQ,N,N,,,
LANCORHOL.NS,XNSE:LANCORHOL,Lancor Holdings Limited,NSE,EQ,N,N,,,
LANDMARK.NS,XNSE:LANDMARK,Landmark Cars Limited,NSE,EQ,N,N,,,
LANDSMILL.NS,XNSE:LANDSMILL,Landsmill Green Limited,NSE,EQ,N,N,,,
LAOPALA.NS,XNSE:LAOPALA,La Opala RG Limited,NSE,EQ,N,N,,,
LASA.NS,XNSE:LASA,Lasa Supergenerics Limited,NSE,EQ,N,N,,,
LASERPOWER.NS,XNSE:LASERPOWER,Laser Power & Infra Limited,NSE,EQ,N,N,,,
LATENTVIEW.NS,XNSE:LATENTVIEW,Latent View Analytics Limited,NSE,EQ,N,N,,,
LATTEYS.NS,XNSE:LATTEYS,Latteys Industries Limited,NSE,BE,N,N,,,
LAURUSLABS.NS,XNSE:LAURUSLABS,Laurus Labs Limited,NSE,EQ,N,N,,,
LAXMICOT.NS,XNSE:LAXMICOT,Laxmi Cotspin Limited,NSE,EQ,N,N,,,
LAXMIDENTL.NS,XNSE:LAXMIDENTL,Laxmi Dental Limited,NSE,EQ,N,N,,,
LAXMIINDIA.NS,XNSE:LAXMIINDIA,Laxmi India Finance Limited,NSE,BE,N,N,,,
LCCINFOTEC.NS,XNSE:LCCINFOTEC,LCC Infotech Limited,NSE,EQ,N,N,,,
LEMERITE.NS,XNSE:LEMERITE,Le Merite Exports Limited,NSE,EQ,N,N,,,
LEMONTREE.NS,XNSE:LEMONTREE,Lemon Tree Hotels Limited,NSE,EQ,N,N,,,
LENSKART.NS,XNSE:LENSKART,Lenskart Solutions Limited,NSE,EQ,N,N,,,
LEXUS.NS,XNSE:LEXUS,Lexus Granito (India) Limited,NSE,EQ,N,N,,,
LFIC.NS,XNSE:LFIC,Lakshmi Finance & Industrial Corporation Limited,NSE,EQ,N,N,,,
LGBBROSLTD.NS,XNSE:LGBBROSLTD,LG Balakrishnan & Bros Limited,NSE,EQ,N,N,,,
LGEINDIA.NS,XNSE:LGEINDIA,LG Electronics India Limited,NSE,EQ,N,N,,,
LGHL.NS,XNSE:LGHL,Laxmi Goldorna House Limited,NSE,EQ,N,N,,,
LIBAS.NS,XNSE:LIBAS,Libas Consumer Products Limited,NSE,EQ,N,N,,,
LIBERTSHOE.NS,XNSE:LIBERTSHOE,Liberty Shoes Limited,NSE,EQ,N,N,,,
LICHSGFIN.NS,XNSE:LICHSGFIN,LIC Housing Finance Limited,NSE,EQ,N,N,,,
LICI.NS,XNSE:LICI,Life Insurance Corporation Of India,NSE,EQ,N,N,,,
LIKHITHA.NS,XNSE:LIKHITHA,Likhitha Infrastructure Limited,NSE,EQ,N,N,,,
LINC.NS,XNSE:LINC,Linc Limited,NSE,EQ,N,N,,,
LINCOLN.NS,XNSE:LINCOLN,Lincoln Pharmaceuticals Limited,NSE,EQ,N,N,,,
LINDEINDIA.NS,XNSE:LINDEINDIA,Linde India Limited,NSE,EQ,N,N,,,
LLOYDSENGG.NS,XNSE:LLOYDSENGG,LLOYDS ENGINEERING WORKS LIMITED,NSE,EQ,N,N,,,
LLOYDSENT.NS,XNSE:LLOYDSENT,Lloyds Enterprises Limited,NSE,EQ,N,N,,,
LLOYDSME.NS,XNSE:LLOYDSME,Lloyds Metals And Energy Limited,NSE,EQ,N,N,,,
LMW.NS,XNSE:LMW,LMW Limited,NSE,EQ,N,N,,,
LODHA.NS,XNSE:LODHA,Lodha Developers Limited,NSE,EQ,N,N,,,
LOKESHMACH.NS,XNSE:LOKESHMACH,Lokesh Machines Limited,NSE,BE,N,N,,,
LORDSCHLO.NS,XNSE:LORDSCHLO,Lords Chloro Alkali Limited,NSE,EQ,N,N,,,
LOTUSDEV.NS,XNSE:LOTUSDEV,Sri Lotus Developers and Realty Limited,NSE,EQ,N,N,,,
LOTUSEYE.NS,XNSE:LOTUSEYE,Lotus Eye Hospital and Institute Limited,NSE,EQ,N,N,,,
LOVABLE.NS,XNSE:LOVABLE,Lovable Lingerie Limited,NSE,EQ,N,N,,,
LOYALTEX.NS,XNSE:LOYALTEX,Loyal Textile Mills Limited,NSE,EQ,N,N,,,
LPDC.NS,XNSE:LPDC,Landmark Property Development Company Limited,NSE,EQ,N,N,,,
LT.NS,XNSE:LT,Larsen & Toubro Limited,NSE,EQ,N,N,,,
LTF.NS,XNSE:LTF,L&T Finance Limited,NSE,EQ,N,N,,,
LTFOODS.NS,XNSE:LTFOODS,LT Foods Limited,NSE,EQ,N,N,,,
LTM.NS,XNSE:LTM,LTM Limited,NSE,EQ,N,N,,,
LTTS.NS,XNSE:LTTS,L&T Technology Services Limited,NSE,EQ,N,N,,,
LUMAXIND.NS,XNSE:LUMAXIND,Lumax Industries Limited,NSE,EQ,N,N,,,
LUMAXTECH.NS,XNSE:LUMAXTECH,Lumax Auto Technologies Limited,NSE,EQ,N,N,,,
LUPIN.NS,XNSE:LUPIN,Lupin Limited,NSE,EQ,N,N,,,
LUXIND.NS,XNSE:LUXIND,Lux Industries Limited,NSE,EQ,N,N,,,
LXCHEM.NS,XNSE:LXCHEM,Laxmi Organic Industries Limited,NSE,EQ,N,N,,,
LYKALABS.NS,XNSE:LYKALABS,Lyka Labs Limited,NSE,BE,N,N,,,
M&M.NS,XNSE:M&M,Mahindra & Mahindra Limited,NSE,EQ,N,N,,,
M&MFIN.NS,XNSE:M&MFIN,Mahindra & Mahindra Financial Services Limited,NSE,EQ,N,N,,,
MAANALU.NS,XNSE:MAANALU,Maan Aluminium Limited,NSE,EQ,N,N,,,
MACPOWER.NS,XNSE:MACPOWER,Macpower CNC Machines Limited,NSE,EQ,N,N,,,
MADHAV.NS,XNSE:MADHAV,Madhav Marbles and Granites Limited,NSE,EQ,N,N,,,
MADHAVIPL.NS,XNSE:MADHAVIPL,Madhav Infra Projects Limited,NSE,EQ,N,N,,,
MADHUCON.NS,XNSE:MADHUCON,Madhucon Projects Limited,NSE,BE,N,N,,,
MADRASFERT.NS,XNSE:MADRASFERT,Madras Fertilizers Limited,NSE,EQ,N,N,,,
MAFATIND.NS,XNSE:MAFATIND,Mafatlal Industries Limited,NSE,EQ,N,N,,,
MAGADSUGAR.NS,XNSE:MAGADSUGAR,Magadh Sugar & Energy Limited,NSE,EQ,N,N,,,
MAGNUM.NS,XNSE:MAGNUM,Magnum Ventures Limited,NSE,EQ,N,N,,,
MAHABANK.NS,XNSE:MAHABANK,Bank of Maharashtra,NSE,EQ,N,N,,,
MAHAPEXLTD.NS,XNSE:MAHAPEXLTD,Maha Rashtra Apex Corporation Limited,NSE,EQ,N,N,,,
MAHASTEEL.NS,XNSE:MAHASTEEL,Mahamaya Steel Industries Limited,NSE,EQ,N,N,,,
MAHEPC.NS,XNSE:MAHEPC,Mahindra EPC Irrigation Limited,NSE,EQ,N,N,,,
MAHESHWARI.NS,XNSE:MAHESHWARI,Maheshwari Logistics Limited,NSE,BE,N,N,,,
MAHLIFE.NS,XNSE:MAHLIFE,Mahindra Lifespace Developers Limited,NSE,EQ,N,N,,,
MAHLOG.NS,XNSE:MAHLOG,Mahindra Logistics Limited,NSE,EQ,N,N,,,
MAHSCOOTER.NS,XNSE:MAHSCOOTER,Maharashtra Scooters Limited,NSE,EQ,N,N,,,
MAHSEAMLES.NS,XNSE:MAHSEAMLES,Maharashtra Seamless Limited,NSE,EQ,N,N,,,
MAITHANALL.NS,XNSE:MAITHANALL,Maithan Alloys Limited,NSE,EQ,N,N,,,
MAJESAUT.NS,XNSE:MAJESAUT,Majestic Auto Limited,NSE,EQ,N,N,,,
MALLCOM.NS,XNSE:MALLCOM,Mallcom (India) Limited,NSE,EQ,N,N,,,
MALUPAPER.NS,XNSE:MALUPAPER,Malu Paper Mills Limited,NSE,EQ,N,N,,,
MAMATA.NS,XNSE:MAMATA,Mamata Machinery Limited,NSE,EQ,N,N,,,
MANAKALUCO.NS,XNSE:MANAKALUCO,Manaksia Aluminium Company Limited,NSE,EQ,N,N,,,
MANAKCOAT.NS,XNSE:MANAKCOAT,Manaksia Coated Metals & Industries Limited,NSE,EQ,N,N,,,
MANAKSIA.NS,XNSE:MANAKSIA,Manaksia Limited,NSE,EQ,N,N,,,
MANAKSTEEL.NS,XNSE:MANAKSTEEL,Manaksia Steels Limited,NSE,BE,N,N,,,
MANALIPETC.NS,XNSE:MANALIPETC,Manali Petrochemicals Limited,NSE,EQ,N,N,,,
MANAPPURAM.NS,XNSE:MANAPPURAM,Manappuram Finance Limited,NSE,EQ,N,N,,,
MANBA.NS,XNSE:MANBA,Manba Finance Limited,NSE,EQ,N,N,,,
MANCREDIT.NS,XNSE:MANCREDIT,Mangal Credit and Fincorp Limited,NSE,EQ,N,N,,,
MANGALAM.NS,XNSE:MANGALAM,Mangalam Drugs And Organics Limited,NSE,EQ,N,N,,,
MANGLMCEM.NS,XNSE:MANGLMCEM,Mangalam Cement Limited,NSE,EQ,N,N,,,
MANINDS.NS,XNSE:MANINDS,Man Industries (India) Limited,NSE,EQ,N,N,,,
MANINFRA.NS,XNSE:MANINFRA,Man Infraconstruction Limited,NSE,EQ,N,N,,,
MANKIND.NS,XNSE:MANKIND,Mankind Pharma Limited,NSE,EQ,N,N,,,
MANOMAY.NS,XNSE:MANOMAY,Manomay Tex India Limited,NSE,EQ,N,N,,,
MANORAMA.NS,XNSE:MANORAMA,Manorama Industries Limited,NSE,EQ,N,N,,,
MANORG.NS,XNSE:MANORG,Mangalam Organics Limited,NSE,BE,N,N,,,
MANUGRAPH.NS,XNSE:MANUGRAPH,Manugraph India Limited,NSE,BE,N,N,,,
MANYAVAR.NS,XNSE:MANYAVAR,Vedant Fashions Limited,NSE,EQ,N,N,,,
MAPMYINDIA.NS,XNSE:MAPMYINDIA,C.E. Info Systems Limited,NSE,EQ,N,N,,,
MARALOVER.NS,XNSE:MARALOVER,Maral Overseas Limited,NSE,BE,N,N,,,
MARATHON.NS,XNSE:MARATHON,Marathon Nextgen Realty Limited,NSE,EQ,N,N,,,
MARICO.NS,XNSE:MARICO,Marico Limited,NSE,EQ,N,N,,,
MARINE.NS,XNSE:MARINE,Marine Electricals (India) Limited,NSE,EQ,N,N,,,
MARKOLINES.NS,XNSE:MARKOLINES,Markolines Pavement Technologies Limited,NSE,EQ,N,N,,,
MARKSANS.NS,XNSE:MARKSANS,Marksans Pharma Limited,NSE,EQ,N,N,,,
MARSONS.NS,XNSE:MARSONS,Marsons Limited,NSE,EQ,N,N,,,
MARUTI.NS,XNSE:MARUTI,Maruti Suzuki India Limited,NSE,EQ,N,N,,,
MASFIN.NS,XNSE:MASFIN,MAS Financial Services Limited,NSE,EQ,N,N,,,
MASKINVEST.NS,XNSE:MASKINVEST,Mask Investments Limited,NSE,BE,N,N,,,
MASTEK.NS,XNSE:MASTEK,Mastek Limited,NSE,EQ,N,N,,,
MASTERTR.NS,XNSE:MASTERTR,Master Trust Limited,NSE,EQ,N,N,,,
MATRIMONY.NS,XNSE:MATRIMONY,Matrimony.Com Limited,NSE,EQ,N,N,,,
MAWANASUG.NS,XNSE:MAWANASUG,Mawana Sugars Limited,NSE,BE,N,N,,,
MAXESTATES.NS,XNSE:MAXESTATES,Max Estates Limited,NSE,EQ,N,N,,,
MAXHEALTH.NS,XNSE:MAXHEALTH,Max Healthcare Institute Limited,NSE,EQ,N,N,,,
MAXIND.NS,XNSE:MAXIND,Max India Limited,NSE,EQ,N,N,,,
MAYURUNIQ.NS,XNSE:MAYURUNIQ,Mayur Uniquoters Ltd,NSE,EQ,N,N,,,
MAZDA.NS,XNSE:MAZDA,Mazda Limited,NSE,BE,N,N,,,
MAZDOCK.NS,XNSE:MAZDOCK,Mazagon Dock Shipbuilders Limited,NSE,EQ,N,N,,,
MBAPL.NS,XNSE:MBAPL,Madhya Bharat Agro Products Limited,NSE,EQ,N,N,,,
MBEL.NS,XNSE:MBEL,M & B Engineering Limited,NSE,EQ,N,N,,,
MBLINFRA.NS,XNSE:MBLINFRA,MBL Infrastructure Limited,NSE,BE,N,N,,,
MCCHRLS-B.NS,XNSE:MCCHRLS-B,Mac Charles India Limited,NSE,EQ,N,N,,,
MCL.NS,XNSE:MCL,M TEK COPPER LIMITED,NSE,EQ,N,N,,,
MCLEODRUSS.NS,XNSE:MCLEODRUSS,Mcleod Russel India Limited,NSE,BE,N,N,,,
MCLOUD.NS,XNSE:MCLOUD,Magellanic Cloud Limited,NSE,EQ,N,N,,,
MCX.NS,XNSE:MCX,Multi Commodity Exchange of India Limited,NSE,EQ,N,N,,,
MEDANTA.NS,XNSE:MEDANTA,Global Health Limited,NSE,EQ,N,N,,,
MEDIASSIST.NS,XNSE:MEDIASSIST,Medi Assist Healthcare Services Limited,NSE,EQ,N,N,,,
MEDICAMEQ.NS,XNSE:MEDICAMEQ,Medicamen Biotech Limited,NSE,EQ,N,N,,,
MEDICO.NS,XNSE:MEDICO,Medico Remedies Limited,NSE,EQ,N,N,,,
MEDPLUS.NS,XNSE:MEDPLUS,Medplus Health Services Limited,NSE,EQ,N,N,,,
MEESHO.NS,XNSE:MEESHO,Meesho Limited,NSE,EQ,N,N,,,
MEGASTAR.NS,XNSE:MEGASTAR,Megastar Foods Limited,NSE,EQ,N,N,,,
MEIL.NS,XNSE:MEIL,Mangal Electrical Industries Limited,NSE,BE,N,N,,,
MENNPIS.NS,XNSE:MENNPIS,Menon Pistons Limited,NSE,EQ,N,N,,,
MENONBE.NS,XNSE:MENONBE,Menon Bearings Limited,NSE,BE,N,N,,,
MERCANTILE.NS,XNSE:MERCANTILE,Mercantile Ventures Limited,NSE,EQ,N,N,,,
MERCURYEV.NS,XNSE:MERCURYEV,Mercury Ev-Tech Limited,NSE,BE,N,N,,,
METROBRAND.NS,XNSE:METROBRAND,Metro Brands Limited,NSE,EQ,N,N,,,
METROGLOBL.NS,XNSE:METROGLOBL,Metroglobal Limited,NSE,EQ,N,N,,,
METROPOLIS.NS,XNSE:METROPOLIS,Metropolis Healthcare Limited,NSE,EQ,N,N,,,
MFML.NS,XNSE:MFML,Mahalaxmi Fabric Mills Limited,NSE,EQ,N,N,,,
MFSL.NS,XNSE:MFSL,Max Financial Services Limited,NSE,EQ,N,N,,,
MGEL.NS,XNSE:MGEL,Mangalam Global Enterprise Limited,NSE,BE,N,N,,,
MGL.NS,XNSE:MGL,Mahanagar Gas Limited,NSE,EQ,N,N,,,
MHLXMIRU.NS,XNSE:MHLXMIRU,Mahalaxmi Rubtech Limited,NSE,EQ,N,N,,,
MHRIL.NS,XNSE:MHRIL,Mahindra Holidays & Resorts India Limited,NSE,EQ,N,N,,,
MICEL.NS,XNSE:MICEL,MIC Electronics Limited,NSE,BE,N,N,,,
MIDHANI.NS,XNSE:MIDHANI,Mishra Dhatu Nigam Limited,NSE,EQ,N,N,,,
MIDWESTLTD.NS,XNSE:MIDWESTLTD,Midwest Limited,NSE,EQ,N,N,,,
MINDACORP.NS,XNSE:MINDACORP,Minda Corporation Limited,NSE,EQ,N,N,,,
MINDTECK.NS,XNSE:MINDTECK,Mindteck (India) Limited,NSE,EQ,N,N,,,
MIRZAINT.NS,XNSE:MIRZAINT,Mirza International Limited,NSE,EQ,N,N,,,
MITCON.NS,XNSE:MITCON,MITCON Consultancy & Engineering Services Limited,NSE,BE,N,N,,,
MITTAL.NS,XNSE:MITTAL,Mittal Life Style Limited,NSE,EQ,N,N,,,
MKPL.NS,XNSE:MKPL,M K Proteins Limited,NSE,EQ,N,N,,,
MMFL.NS,XNSE:MMFL,MM Forgings Limited,NSE,EQ,N,N,,,
MMP.NS,XNSE:MMP,MMP Industries Limited,NSE,EQ,N,N,,,
MMTC.NS,XNSE:MMTC,MMTC Limited,NSE,EQ,N,N,,,
MMWL.NS,XNSE:MMWL,Media Matrix Worldwide Limited,NSE,BE,N,N,,,
MOBIKWIK.NS,XNSE:MOBIKWIK,One Mobikwik Systems Limited,NSE,EQ,N,N,,,
MODINATUR.NS,XNSE:MODINATUR,Modi Naturals Limited,NSE,BE,N,N,,,
MODIRUBBER.NS,XNSE:MODIRUBBER,Modi Rubber Limited,NSE,EQ,N,N,,,
MODIS.NS,XNSE:MODIS,Modis Navnirman Limited,NSE,EQ,N,N,,,
MODISONLTD.NS,XNSE:MODISONLTD,MODISON LIMITED,NSE,BE,N,N,,,
MODTHREAD.NS,XNSE:MODTHREAD,Modern Threads (India) Limited,NSE,EQ,N,N,,,
MOHITIND.NS,XNSE:MOHITIND,Mohit Industries Limited,NSE,EQ,N,N,,,
MOIL.NS,XNSE:MOIL,MOIL Limited,NSE,EQ,N,N,,,
MOKSH.NS,XNSE:MOKSH,Moksh Ornaments Limited,NSE,EQ,N,N,,,
MOL.NS,XNSE:MOL,Meghmani Organics Limited,NSE,EQ,N,N,,,
MOLDTECH.NS,XNSE:MOLDTECH,Mold-Tek Technologies Limited,NSE,EQ,N,N,,,
MOLDTKPAC.NS,XNSE:MOLDTKPAC,Mold-Tek Packaging Limited,NSE,EQ,N,N,,,
MONARCH.NS,XNSE:MONARCH,Monarch Networth Capital Limited,NSE,EQ,N,N,,,
MONEYBOXX.NS,XNSE:MONEYBOXX,Moneyboxx Finance Limited,NSE,EQ,N,N,,,
MONTECARLO.NS,XNSE:MONTECARLO,Monte Carlo Fashions Limited,NSE,EQ,N,N,,,
MOREPENLAB.NS,XNSE:MOREPENLAB,Morepen Laboratories Limited,NSE,EQ,N,N,,,
MOSCHIP.NS,XNSE:MOSCHIP,Moschip Technologies Limited,NSE,EQ,N,N,,,
MOTHERSON.NS,XNSE:MOTHERSON,Samvardhana Motherson International Limited,NSE,EQ,N,N,,,
MOTILALOFS.NS,XNSE:MOTILALOFS,Motilal Oswal Financial Services Limited,NSE,EQ,N,N,,,
MOTISONS.NS,XNSE:MOTISONS,Motisons Jewellers Limited,NSE,EQ,N,N,,,
MOTOGENFIN.NS,XNSE:MOTOGENFIN,The Motor & General Finance Limited,NSE,BE,N,N,,,
MPHASIS.NS,XNSE:MPHASIS,MphasiS Limited,NSE,EQ,N,N,,,
MPSLTD.NS,XNSE:MPSLTD,MPS Limited,NSE,EQ,N,N,,,
MRF.NS,XNSE:MRF,MRF Limited,NSE,EQ,N,N,,,
MRPL.NS,XNSE:MRPL,Mangalore Refinery and Petrochemicals Limited,NSE,EQ,N,N,,,
MSPL.NS,XNSE:MSPL,MSP Steel & Power Limited,NSE,EQ,N,N,,,
MSTCLTD.NS,XNSE:MSTCLTD,Mstc Limited,NSE,EQ,N,N,,,
MSUMI.NS,XNSE:MSUMI,Motherson Sumi Wiring India Limited,NSE,EQ,N,N,,,
MTARTECH.NS,XNSE:MTARTECH,Mtar Technologies Limited,NSE,BE,N,N,,,
MTEDUCARE.NS,XNSE:MTEDUCARE,MT Educare Limited,NSE,BE,N,N,,,
MTNL.NS,XNSE:MTNL,Mahanagar Telephone Nigam Limited,NSE,EQ,N,N,,,
MUFIN.NS,XNSE:MUFIN,Mufin Green Finance Limited,NSE,EQ,N,N,,,
MUFTI.NS,XNSE:MUFTI,Credo Brands Marketing Limited,NSE,EQ,N,N,,,
MUKANDLTD.NS,XNSE:MUKANDLTD,Mukand Limited,NSE,EQ,N,N,,,
MUKKA.NS,XNSE:MUKKA,Mukka Proteins Limited,NSE,EQ,N,N,,,
MUKTAARTS.NS,XNSE:MUKTAARTS,Mukta Arts Limited,NSE,BE,N,N,,,
MUNJALAU.NS,XNSE:MUNJALAU,Munjal Auto Industries Limited,NSE,EQ,N,N,,,
MUNJALSHOW.NS,XNSE:MUNJALSHOW,Munjal Showa Limited,NSE,EQ,N,N,,,
MURUDCERA.NS,XNSE:MURUDCERA,Murudeshwar Ceramics Limited,NSE,EQ,N,N,,,
MUTHOOTCAP.NS,XNSE:MUTHOOTCAP,Muthoot Capital Services Limited,NSE,EQ,N,N,,,
MUTHOOTFIN.NS,XNSE:MUTHOOTFIN,Muthoot Finance Limited,NSE,EQ,N,N,,,
MUTHOOTMF.NS,XNSE:MUTHOOTMF,Muthoot Microfin Limited,NSE,EQ,N,N,,,
MVGJL.NS,XNSE:MVGJL,Manoj Vaibhav Gems N Jewellers Limited,NSE,EQ,N,N,,,
MWL.NS,XNSE:MWL,Mangalam Worldwide Limited,NSE,EQ,N,N,,,
NACLIND.NS,XNSE:NACLIND,NACL Industries Limited,NSE,EQ,N,N,,,
NAGREEKCAP.NS,XNSE:NAGREEKCAP,Nagreeka Capital & Infrastructure Limited,NSE,BE,N,N,,,
NAGREEKEXP.NS,XNSE:NAGREEKEXP,Nagreeka Exports Limited,NSE,EQ,N,N,,,
NAHARCAP.NS,XNSE:NAHARCAP,Nahar Capital and Financial Services Limited,NSE,EQ,N,N,,,
NAHARINDUS.NS,XNSE:NAHARINDUS,Nahar Industrial Enterprises Limited,NSE,EQ,N,N,,,
NAHARPOLY.NS,XNSE:NAHARPOLY,Nahar Poly Films Limited,NSE,EQ,N,N,,,
NAHARSPING.NS,XNSE:NAHARSPING,Nahar Spinning Mills Limited,NSE,BE,N,N,,,
NAM-INDIA.NS,XNSE:NAM-INDIA,Nippon Life India Asset Management Limited,NSE,EQ,N,N,,,
NARMADA.NS,XNSE:NARMADA,Narmada Agrobase Limited,NSE,EQ,N,N,,,
NATCAPSUQ.NS,XNSE:NATCAPSUQ,Natural Capsules Limited,NSE,EQ,N,N,,,
NATCOPHARM.NS,XNSE:NATCOPHARM,Natco Pharma Limited,NSE,EQ,N,N,,,
NATHBIOGEN.NS,XNSE:NATHBIOGEN,Nath Bio-Genes (India) Limited,NSE,EQ,N,N,,,
NATIONALUM.NS,XNSE:NATIONALUM,National Aluminium Company Limited,NSE,EQ,N,N,,,
NATIONSTD.NS,XNSE:NATIONSTD,National Standard (India) Limited,NSE,EQ,N,N,,,
NAUKRI.NS,XNSE:NAUKRI,Info Edge (India) Limited,NSE,EQ,N,N,,,
NAVA.NS,XNSE:NAVA,NAVA LIMITED,NSE,EQ,N,N,,,
NAVINFLUOR.NS,XNSE:NAVINFLUOR,Navin Fluorine International Limited,NSE,EQ,N,N,,,
NAVKARCORP.NS,XNSE:NAVKARCORP,Navkar Corporation Limited,NSE,EQ,N,N,,,
NAVKARURB.NS,XNSE:NAVKARURB,Navkar Urbanstructure Limited,NSE,BE,N,N,,,
NAVNETEDUL.NS,XNSE:NAVNETEDUL,Navneet Education Limited,NSE,EQ,N,N,,,
NAZARA.NS,XNSE:NAZARA,Nazara Technologies Limited,NSE,EQ,N,N,,,
NBCC.NS,XNSE:NBCC,NBCC (India) Limited,NSE,EQ,N,N,,,
NBIFIN.NS,XNSE:NBIFIN,N. B. I. Industrial Finance Company Limited,NSE,EQ,N,N,,,
NCC.NS,XNSE:NCC,NCC Limited,NSE,EQ,N,N,,,
NCLIND.NS,XNSE:NCLIND,NCL Industries Limited,NSE,EQ,N,N,,,
NDGL.NS,XNSE:NDGL,Naga Dhunseri Group Limited,NSE,EQ,N,N,,,
NDL.NS,XNSE:NDL,Nandan Denim Limited,NSE,EQ,N,N,,,
NDLVENTURE.NS,XNSE:NDLVENTURE,NDL Ventures Limited,NSE,EQ,N,N,,,
NDRAUTO.NS,XNSE:NDRAUTO,Ndr Auto Components Limited,NSE,EQ,N,N,,,
NDTV.NS,XNSE:NDTV,New Delhi Television Limited,NSE,EQ,N,N,,,
NEAGI.NS,XNSE:NEAGI,Neelamalai Agro Industries Limited,NSE,EQ,N,N,,,
NECCLTD.NS,XNSE:NECCLTD,North Eastern Carrying Corporation Limited,NSE,BE,N,N,,,
NECLIFE.NS,XNSE:NECLIFE,Nectar Lifesciences Limited,NSE,BE,N,N,,,
NELCAST.NS,XNSE:NELCAST,Nelcast Limited,NSE,EQ,N,N,,,
NELCO.NS,XNSE:NELCO,NELCO Limited,NSE,EQ,N,N,,,
NEOGEN.NS,XNSE:NEOGEN,Neogen Chemicals Limited,NSE,EQ,N,N,,,
NEPHROPLUS.NS,XNSE:NEPHROPLUS,Nephrocare Health Services Limited,NSE,EQ,N,N,,,
NESCO.NS,XNSE:NESCO,Nesco Limited,NSE,EQ,N,N,,,
NESTLEIND.NS,XNSE:NESTLEIND,Nestle India Limited,NSE,EQ,N,N,,,
NETWEB.NS,XNSE:NETWEB,Netweb Technologies India Limited,NSE,EQ,N,N,,,
NETWORK18.NS,XNSE:NETWORK18,Network18 Media & Investments Limited,NSE,EQ,N,N,,,
NEUEON.NS,XNSE:NEUEON,Neueon Corporation Limited,NSE,BE,N,N,,,
NEULANDLAB.NS,XNSE:NEULANDLAB,Neuland Laboratories Limited,NSE,EQ,N,N,,,
NEWGEN.NS,XNSE:NEWGEN,Newgen Software Technologies Limited,NSE,EQ,N,N,,,
NEXTMEDIA.NS,XNSE:NEXTMEDIA,Next Mediaworks Limited,NSE,EQ,N,N,,,
NFL.NS,XNSE:NFL,National Fertilizers Limited,NSE,EQ,N,N,,,
NGIL.NS,XNSE:NGIL,Nakoda Group of Industries Limited,NSE,BE,N,N,,,
NGLFINE.NS,XNSE:NGLFINE,NGL Fine-Chem Limited,NSE,EQ,N,N,,,
NH.NS,XNSE:NH,Narayana Hrudayalaya Ltd.,NSE,EQ,N,N,,,
NHPC.NS,XNSE:NHPC,NHPC Limited,NSE,EQ,N,N,,,
NIACL.NS,XNSE:NIACL,The New India Assurance Company Limited,NSE,EQ,N,N,,,
NIBE.NS,XNSE:NIBE,NIBE Limited,NSE,EQ,N,N,,,
NIBL.NS,XNSE:NIBL,NRB Industrial Bearings Limited,NSE,EQ,N,N,,,
NIITLTD.NS,XNSE:NIITLTD,NIIT Limited,NSE,EQ,N,N,,,
NIITMTS.NS,XNSE:NIITMTS,NIIT Learning Systems Limited,NSE,EQ,N,N,,,
NILAINFRA.NS,XNSE:NILAINFRA,Nila Infrastructures Limited,NSE,EQ,N,N,,,
NILASPACES.NS,XNSE:NILASPACES,Nila Spaces Limited,NSE,EQ,N,N,,,
NILE.NS,XNSE:NILE,Nile Limited,NSE,EQ,N,N,,,
NILKAMAL.NS,XNSE:NILKAMAL,Nilkamal Limited,NSE,EQ,N,N,,,
NIMBSPROJ.NS,XNSE:NIMBSPROJ,Nimbus Projects Limited,NSE,BE,N,N,,,
NINSYS.NS,XNSE:NINSYS,NINtec Systems Limited,NSE,BE,N,N,,,
NIPPOBATRY.NS,XNSE:NIPPOBATRY,Indo-National Limited,NSE,EQ,N,N,,,
NIRAJ.NS,XNSE:NIRAJ,Niraj Cement Structurals Limited,NSE,BE,N,N,,,
NIRAJISPAT.NS,XNSE:NIRAJISPAT,Niraj Ispat Industries Limited,NSE,EQ,N,N,,,
NIRLON.NS,XNSE:NIRLON,Nirlon Limited,NSE,EQ,N,N,,,
NITCO.NS,XNSE:NITCO,Nitco Limited,NSE,EQ,N,N,,,
NITINSPIN.NS,XNSE:NITINSPIN,Nitin Spinners Limited,NSE,EQ,N,N,,,
NITIRAJ.NS,XNSE:NITIRAJ,Nitiraj Engineers Limited,NSE,EQ,N,N,,,
NITTAGELA.NS,XNSE:NITTAGELA,Nitta Gelatin India Limited,NSE,EQ,N,N,,,
NIVABUPA.NS,XNSE:NIVABUPA,Niva Bupa Health Insurance Company Limited,NSE,EQ,N,N,,,
NKIND.NS,XNSE:NKIND,NK Industries Limited,NSE,EQ,N,N,,,
NLCINDIA.NS,XNSE:NLCINDIA,NLC India Limited,NSE,EQ,N,N,,,
NMDC.NS,XNSE:NMDC,NMDC Limited,NSE,EQ,N,N,,,
NOCIL.NS,XNSE:NOCIL,NOCIL Limited,NSE,EQ,N,N,,,
NOIDATOLL.NS,XNSE:NOIDATOLL,Noida Toll Bridge Company Limited,NSE,BE,N,N,,,
NORBTEAEXP.NS,XNSE:NORBTEAEXP,Norben Tea & Exports Limited,NSE,EQ,N,N,,,
NORTHARC.NS,XNSE:NORTHARC,Northern Arc Capital Limited,NSE,EQ,N,N,,,
NOVAAGRI.NS,XNSE:NOVAAGRI,Nova Agritech Limited,NSE,BE,N,N,,,
NOVARTIND.NS,XNSE:NOVARTIND,Novartis India Limited,NSE,EQ,N,N,,,
NPST.NS,XNSE:NPST,Network People Services Technologies Limited,NSE,EQ,N,N,,,
NRAIL.NS,XNSE:NRAIL,N R Agarwal Industries Limited,NSE,EQ,N,N,,,
NRBBEARING.NS,XNSE:NRBBEARING,NRB Bearing Limited,NSE,EQ,N,N,,,
NRL.NS,XNSE:NRL,Nupur Recyclers Limited,NSE,BE,N,N,,,
NSIL.NS,XNSE:NSIL,Nalwa Sons Investments Limited,NSE,EQ,N,N,,,
NSLNISP.NS,XNSE:NSLNISP,NMDC Steel Limited,NSE,EQ,N,N,,,
NTPC.NS,XNSE:NTPC,NTPC Limited,NSE,EQ,N,N,,,
NTPCGREEN.NS,XNSE:NTPCGREEN,NTPC Green Energy Limited,NSE,EQ,N,N,,,
NUCLEUS.NS,XNSE:NUCLEUS,Nucleus Software Exports Limited,NSE,EQ,N,N,,,
NURECA.NS,XNSE:NURECA,Nureca Limited,NSE,EQ,N,N,,,
NUVAMA.NS,XNSE:NUVAMA,Nuvama Wealth Management Limited,NSE,EQ,N,N,,,
NUVOCO.NS,XNSE:NUVOCO,Nuvoco Vistas Corporation Limited,NSE,EQ,N,N,,,
NYKAA.NS,XNSE:NYKAA,FSN E-Commerce Ventures Limited,NSE,EQ,N,N,,,
OAL.NS,XNSE:OAL,Oriental Aromatics Limited,NSE,EQ,N,N,,,
OBCL.NS,XNSE:OBCL,OBCL Limited,NSE,EQ,N,N,,,
OBEROIRLTY.NS,XNSE:OBEROIRLTY,Oberoi Realty Limited,NSE,EQ,N,N,,,
OCCLLTD.NS,XNSE:OCCLLTD,OCCL Limited,NSE,BE,N,N,,,
ODIGMA.NS,XNSE:ODIGMA,Odigma Consultancy Solutions Limited,NSE,BE,N,N,,,
OFSS.NS,XNSE:OFSS,Oracle Financial Services Software Limited,NSE,EQ,N,N,,,
OIL.NS,XNSE:OIL,Oil India Limited,NSE,EQ,N,N,,,
OILCOUNTUB.NS,XNSE:OILCOUNTUB,Oil Country Tubular Limited,NSE,BE,N,N,,,
OLAELEC.NS,XNSE:OLAELEC,Ola Electric Mobility Limited,NSE,EQ,N,N,,,
OLECTRA.NS,XNSE:OLECTRA,Olectra Greentech Limited,NSE,EQ,N,N,,,
OMAXAUTO.NS,XNSE:OMAXAUTO,Omax Autos Limited,NSE,BE,N,N,,,
OMAXE.NS,XNSE:OMAXE,Omaxe Limited,NSE,EQ,N,N,,,
OMFREIGHT.NS,XNSE:OMFREIGHT,Om Freight Forwarders Limited,NSE,BE,N,N,,,
OMINFRAL.NS,XNSE:OMINFRAL,OM INFRA LIMITED,NSE,EQ,N,N,,,
OMNI.NS,XNSE:OMNI,Omnitech Engineering Limited,NSE,EQ,N,N,,,
OMPOWER.NS,XNSE:OMPOWER,Om Power Transmission Limited,NSE,EQ,N,N,,,
ONELIFECAP.NS,XNSE:ONELIFECAP,Onelife Capital Advisors Limited,NSE,BE,N,N,,,
ONEPOINT.NS,XNSE:ONEPOINT,One Point One Solutions Limited,NSE,EQ,N,N,,,
ONESOURCE.NS,XNSE:ONESOURCE,Onesource Specialty Pharma Limited,NSE,EQ,N,N,,,
ONGC.NS,XNSE:ONGC,Oil & Natural Gas Corporation Limited,NSE,EQ,N,N,,,
ONIDA.NS,XNSE:ONIDA,Onida Electronics Limited,NSE,BE,N,N,,,
ONMOBILE.NS,XNSE:ONMOBILE,OnMobile Global Limited,NSE,BE,N,N,,,
ONWARDTEC.NS,XNSE:ONWARDTEC,Onward Technologies Limited,NSE,EQ,N,N,,,
OPTIEMUS.NS,XNSE:OPTIEMUS,Optiemus Infracom Limited,NSE,EQ,N,N,,,
ORBTEXP.NS,XNSE:ORBTEXP,Orbit Exports Limited,NSE,BE,N,N,,,
ORCHASP.NS,XNSE:ORCHASP,Orchasp Limited,NSE,EQ,N,N,,,
ORCHPHARMA.NS,XNSE:ORCHPHARMA,Orchid Pharma Limited,NSE,EQ,N,N,,,
ORICONENT.NS,XNSE:ORICONENT,Oricon Enterprises Limited,NSE,EQ,N,N,,,
ORIENTALTL.NS,XNSE:ORIENTALTL,Oriental Trimex Limited,NSE,EQ,N,N,,,
ORIENTBELL.NS,XNSE:ORIENTBELL,Orient Bell Limited,NSE,EQ,N,N,,,
ORIENTCEM.NS,XNSE:ORIENTCEM,Orient Cement Limited,NSE,EQ,N,N,,,
ORIENTCER.NS,XNSE:ORIENTCER,ORIENT CERATECH LIMITED,NSE,EQ,N,N,,,
ORIENTELEC.NS,XNSE:ORIENTELEC,Orient Electric Limited,NSE,EQ,N,N,,,
ORIENTHOT.NS,XNSE:ORIENTHOT,Oriental Hotels Limited,NSE,EQ,N,N,,,
ORIENTLTD.NS,XNSE:ORIENTLTD,Orient Press Limited,NSE,EQ,N,N,,,
ORIENTPPR.NS,XNSE:ORIENTPPR,Orient Paper & Industries Limited,NSE,EQ,N,N,,,
ORIENTTECH.NS,XNSE:ORIENTTECH,Orient Technologies Limited,NSE,EQ,N,N,,,
ORISSAMINE.NS,XNSE:ORISSAMINE,The Orissa Minerals Development Company Limited,NSE,EQ,N,N,,,
ORKLAINDIA.NS,XNSE:ORKLAINDIA,Orkla India Limited,NSE,EQ,N,N,,,
ORTINGLOBE.NS,XNSE:ORTINGLOBE,ORTIN GLOBAL LIMITED,NSE,BE,N,N,,,
OSIAHYPER.NS,XNSE:OSIAHYPER,Osia Hyper Retail Limited,NSE,BE,N,N,,,
OSWALAGRO.NS,XNSE:OSWALAGRO,Oswal Agro Mills Limited,NSE,BE,N,N,,,
OSWALGREEN.NS,XNSE:OSWALGREEN,Oswal Greentech Limited,NSE,EQ,N,N,,,
OSWALPUMPS.NS,XNSE:OSWALPUMPS,Oswal Pumps Limited,NSE,EQ,N,N,,,
OSWALSEEDS.NS,XNSE:OSWALSEEDS,ShreeOswal Seeds And Chemicals Limited,NSE,EQ,N,N,,,
PACEDIGITK.NS,XNSE:PACEDIGITK,Pace Digitek Limited,NSE,EQ,N,N,,,
PAGEIND.NS,XNSE:PAGEIND,Page Industries Limited,NSE,EQ,N,N,,,
PAISALO.NS,XNSE:PAISALO,Paisalo Digital Limited,NSE,EQ,N,N,,,
PAKKA.NS,XNSE:PAKKA,PAKKA LIMITED,NSE,EQ,N,N,,,
PALASHSECU.NS,XNSE:PALASHSECU,Palash Securities Limited,NSE,EQ,N,N,,,
PALREDTEC.NS,XNSE:PALREDTEC,Palred Technologies Limited,NSE,BE,N,N,,,
PANACEABIO.NS,XNSE:PANACEABIO,Panacea Biotec Limited,NSE,EQ,N,N,,,
PANACHE.NS,XNSE:PANACHE,Panache Digilife Limited,NSE,BE,N,N,,,
PANAMAPET.NS,XNSE:PANAMAPET,Panama Petrochem Limited,NSE,EQ,N,N,,,
PANSARI.NS,XNSE:PANSARI,Pansari Developers Limited,NSE,EQ,N,N,,,
PAR.NS,XNSE:PAR,Par Drugs And Chemicals Limited,NSE,EQ,N,N,,,
PARACABLES.NS,XNSE:PARACABLES,Paramount Communications Limited,NSE,EQ,N,N,,,
PARADEEP.NS,XNSE:PARADEEP,Paradeep Phosphates Limited,NSE,EQ,N,N,,,
PARAGMILK.NS,XNSE:PARAGMILK,Parag Milk Foods Limited,NSE,EQ,N,N,,,
PARAS.NS,XNSE:PARAS,Paras Defence and Space Technologies Limited,NSE,EQ,N,N,,,
PARASPETRO.NS,XNSE:PARASPETRO,Paras Petrofils Limited,NSE,EQ,N,N,,,
PARKHOSPS.NS,XNSE:PARKHOSPS,Park Medi World Limited,NSE,EQ,N,N,,,
PARKHOTELS.NS,XNSE:PARKHOTELS,Apeejay Surrendra Park Hotels Limited,NSE,EQ,N,N,,,
PARSVNATH.NS,XNSE:PARSVNATH,Parsvnath Developers Limited,NSE,BE,N,N,,,
PASHUPATI.NS,XNSE:PASHUPATI,Pashupati Cotspin Limited,NSE,EQ,N,N,,,
PASUPTAC.NS,XNSE:PASUPTAC,Pasupati Acrylon Limited,NSE,BE,N,N,,,
PATANJALI.NS,XNSE:PATANJALI,Patanjali Foods Limited,NSE,EQ,N,N,,,
PATELENG.NS,XNSE:PATELENG,Patel Engineering Limited,NSE,EQ,N,N,,,
PATELRMART.NS,XNSE:PATELRMART,Patel Retail Limited,NSE,EQ,N,N,,,
PATINTLOG.NS,XNSE:PATINTLOG,Patel Integrated Logistics Limited,NSE,BE,N,N,,,
PAUSHAKLTD.NS,XNSE:PAUSHAKLTD,Paushak Limited,NSE,EQ,N,N,,,
PAVNAIND.NS,XNSE:PAVNAIND,Pavna Industries Limited,NSE,EQ,N,N,,,
PAYTM.NS,XNSE:PAYTM,One 97 Communications Limited,NSE,EQ,N,N,,,
PCBL.NS,XNSE:PCBL,PCBL Chemical Limited,NSE,EQ,N,N,,,
PCJEWELLER.NS,XNSE:PCJEWELLER,PC Jeweller Limited,NSE,EQ,N,N,,,
PDMJEPAPER.NS,XNSE:PDMJEPAPER,Pudumjee Paper Products Limited,NSE,EQ,N,N,,,
PDSL.NS,XNSE:PDSL,PDS Limited,NSE,EQ,N,N,,,
PEARLPOLY.NS,XNSE:PEARLPOLY,Pearl Polymers Limited,NSE,BE,N,N,,,
PENIND.NS,XNSE:PENIND,Pennar Industries Limited,NSE,EQ,N,N,,,
PENINLAND.NS,XNSE:PENINLAND,Peninsula Land Limited,NSE,BE,N,N,,,
PERSISTENT.NS,XNSE:PERSISTENT,Persistent Systems Limited,NSE,EQ,N,N,,,
PETRONET.NS,XNSE:PETRONET,Petronet LNG Limited,NSE,EQ,N,N,,,
PFC.NS,XNSE:PFC,Power Finance Corporation Limited,NSE,EQ,N,N,,,
PFIZER.NS,XNSE:PFIZER,Pfizer Limited,NSE,EQ,N,N,,,
PFOCUS.NS,XNSE:PFOCUS,Prime Focus Limited,NSE,EQ,N,N,,,
PFS.NS,XNSE:PFS,PTC India Financial Services Limited,NSE,EQ,N,N,,,
PGEL.NS,XNSE:PGEL,PG Electroplast Limited,NSE,EQ,N,N,,,
PGHH.NS,XNSE:PGHH,Procter & Gamble Hygiene and Health Care Limited,NSE,EQ,N,N,,,
PGHL.NS,XNSE:PGHL,Procter & Gamble Health Limited,NSE,EQ,N,N,,,
PGIL.NS,XNSE:PGIL,Pearl Global Industries Limited,NSE,EQ,N,N,,,
PHOENIXLTD.NS,XNSE:PHOENIXLTD,The Phoenix Mills Limited,NSE,EQ,N,N,,,
PICCADIL.NS,XNSE:PICCADIL,Piccadily Agro Industries Limited,NSE,EQ,N,N,,,
PIDILITIND.NS,XNSE:PIDILITIND,Pidilite Industries Limited,NSE,EQ,N,N,,,
PIGL.NS,XNSE:PIGL,Power & Instrumentation (Gujarat) Limited,NSE,EQ,N,N,,,
PIIND.NS,XNSE:PIIND,PI Industries Limited,NSE,EQ,N,N,,,
PILANIINVS.NS,XNSE:PILANIINVS,Pilani Investment and Industries Corporation Limited,NSE,EQ,N,N,,,
PILITA.NS,XNSE:PILITA,PIL ITALICA LIFESTYLE LIMITED,NSE,BE,N,N,,,
PINELABS.NS,XNSE:PINELABS,Pine Labs Limited,NSE,EQ,N,N,,,
PIONEEREMB.NS,XNSE:PIONEEREMB,Pioneer Embroideries Limited,NSE,EQ,N,N,,,
PIONRINV.NS,XNSE:PIONRINV,Pioneer Investcorp Limited,NSE,EQ,N,N,,,
PIRAMALFIN.NS,XNSE:PIRAMALFIN,Piramal Finance Limited,NSE,EQ,N,N,,,
PITTIENG.NS,XNSE:PITTIENG,Pitti Engineering Limited,NSE,EQ,N,N,,,
PIXTRANS.NS,XNSE:PIXTRANS,Pix Transmissions Limited,NSE,EQ,N,N,,,
PKTEA.NS,XNSE:PKTEA,The Peria Karamalai Tea & Produce Company Limited,NSE,EQ,N,N,,,
PLASTIBLEN.NS,XNSE:PLASTIBLEN,Plastiblends India Limited,NSE,EQ,N,N,,,
PLATIND.NS,XNSE:PLATIND,Platinum Industries Limited,NSE,EQ,N,N,,,
PLAZACABLE.NS,XNSE:PLAZACABLE,Plaza Wires Limited,NSE,BE,N,N,,,
PML.NS,XNSE:PML,Paul Merchants Limited,NSE,EQ,N,N,,,
PNB.NS,XNSE:PNB,Punjab National Bank,NSE,EQ,N,N,,,
PNBGILTS.NS,XNSE:PNBGILTS,PNB Gilts Limited,NSE,EQ,N,N,,,
PNBHOUSING.NS,XNSE:PNBHOUSING,PNB Housing Finance Limited,NSE,EQ,N,N,,,
PNC.NS,XNSE:PNC,Pritish Nandy Communications Limited,NSE,EQ,N,N,,,
PNCINFRA.NS,XNSE:PNCINFRA,PNC Infratech Limited,NSE,EQ,N,N,,,
PNGJL.NS,XNSE:PNGJL,P N Gadgil Jewellers Limited,NSE,EQ,N,N,,,
PNGSREVA.NS,XNSE:PNGSREVA,PNGS Reva Diamond Jewellery Limited,NSE,EQ,N,N,,,
POCL.NS,XNSE:POCL,Pondy Oxides & Chemicals Limited,NSE,EQ,N,N,,,
PODDARMENT.NS,XNSE:PODDARMENT,Poddar Pigments Limited,NSE,EQ,N,N,,,
POKARNA.NS,XNSE:POKARNA,Pokarna Limited,NSE,EQ,N,N,,,
POLICYBZR.NS,XNSE:POLICYBZR,PB Fintech Limited,NSE,EQ,N,N,,,
POLYCAB.NS,XNSE:POLYCAB,Polycab India Limited,NSE,EQ,N,N,,,
POLYMED.NS,XNSE:POLYMED,Poly Medicure Limited,NSE,EQ,N,N,,,
POLYPLEX.NS,XNSE:POLYPLEX,Polyplex Corporation Limited,NSE,EQ,N,N,,,
PONNIERODE.NS,XNSE:PONNIERODE,Ponni Sugars (Erode) Limited,NSE,EQ,N,N,,,
POONAWALLA.NS,XNSE:POONAWALLA,Poonawalla Fincorp Limited,NSE,EQ,N,N,,,
POWERGRID.NS,XNSE:POWERGRID,Power Grid Corporation of India Limited,NSE,EQ,N,N,,,
POWERICA.NS,XNSE:POWERICA,Powerica Limited,NSE,EQ,N,N,,,
POWERINDIA.NS,XNSE:POWERINDIA,Hitachi Energy India Limited,NSE,EQ,N,N,,,
POWERMECH.NS,XNSE:POWERMECH,Power Mech Projects Limited,NSE,EQ,N,N,,,
PPAP.NS,XNSE:PPAP,PPAP Automotive Limited,NSE,BE,N,N,,,
PPL.NS,XNSE:PPL,Prakash Pipes Limited,NSE,BE,N,N,,,
PPLPHARMA.NS,XNSE:PPLPHARMA,Piramal Pharma Limited,NSE,EQ,N,N,,,
PRABHA.NS,XNSE:PRABHA,Prabha Energy Limited,NSE,EQ,N,N,,,
PRADPME.NS,XNSE:PRADPME,Pradeep Metals Limited,NSE,BE,N,N,,,
PRAENG.NS,XNSE:PRAENG,Prajay Engineers Syndicate Limited,NSE,EQ,N,N,,,
PRAJIND.NS,XNSE:PRAJIND,Praj Industries Limited,NSE,EQ,N,N,,,
PRAKASH.NS,XNSE:PRAKASH,Prakash Industries Limited,NSE,EQ,N,N,,,
PRAKASHSTL.NS,XNSE:PRAKASHSTL,Prakash Steelage Limited,NSE,EQ,N,N,,,
PRAVEG.NS,XNSE:PRAVEG,Praveg Limited,NSE,EQ,N,N,,,
PRAXIS.NS,XNSE:PRAXIS,Praxis Home Retail Limited,NSE,BE,N,N,,,
PRECAM.NS,XNSE:PRECAM,Precision Camshafts Limited,NSE,EQ,N,N,,,
PRECOT.NS,XNSE:PRECOT,Precot Limited,NSE,EQ,N,N,,,
PRECWIRE.NS,XNSE:PRECWIRE,Precision Wires India Limited,NSE,EQ,N,N,,,
PREMCO.NS,XNSE:PREMCO,Premco Global Limited,NSE,EQ,N,N,,,
PREMEXPLN.NS,XNSE:PREMEXPLN,Premier Explosives Limited,NSE,EQ,N,N,,,
PREMIER.NS,XNSE:PREMIER,Premier Limited,NSE,BE,N,N,,,
PREMIERENE.NS,XNSE:PREMIERENE,Premier Energies Limited,NSE,EQ,N,N,,,
PREMIERPOL.NS,XNSE:PREMIERPOL,Premier Polyfilm Limited,NSE,EQ,N,N,,,
PRESTIGE.NS,XNSE:PRESTIGE,Prestige Estates Projects Limited,NSE,EQ,N,N,,,
PRICOLLTD.NS,XNSE:PRICOLLTD,Pricol Limited,NSE,EQ,N,N,,,
PRIMESECU.NS,XNSE:PRIMESECU,Prime Securities Limited,NSE,EQ,N,N,,,
PRIMO.NS,XNSE:PRIMO,Primo Chemicals Limited,NSE,EQ,N,N,,,
PRINCEPIPE.NS,XNSE:PRINCEPIPE,Prince Pipes And Fittings Limited,NSE,EQ,N,N,,,
PRITI.NS,XNSE:PRITI,Priti International Limited,NSE,BE,N,N,,,
PRITIKAUTO.NS,XNSE:PRITIKAUTO,Pritika Auto Industries Limited,NSE,BE,N,N,,,
PRIVISCL.NS,XNSE:PRIVISCL,Privi Speciality Chemicals Limited,NSE,EQ,N,N,,,
PROSTARM.NS,XNSE:PROSTARM,Prostarm Info Systems Limited,NSE,EQ,N,N,,,
PROTEAN.NS,XNSE:PROTEAN,Protean eGov Technologies Limited,NSE,EQ,N,N,,,
PROZONER.NS,XNSE:PROZONER,Prozone Realty Limited,NSE,EQ,N,N,,,
PRSMJOHNSN.NS,XNSE:PRSMJOHNSN,Prism Johnson Limited,NSE,EQ,N,N,,,
PRUDENT.NS,XNSE:PRUDENT,Prudent Corporate Advisory Services Limited,NSE,EQ,N,N,,,
PRUDMOULI.NS,XNSE:PRUDMOULI,Prudential Sugar Corporation Limited,NSE,BE,N,N,,,
PSB.NS,XNSE:PSB,Punjab & Sind Bank,NSE,EQ,N,N,,,
PSPPROJECT.NS,XNSE:PSPPROJECT,PSP Projects Limited,NSE,EQ,N,N,,,
PTC.NS,XNSE:PTC,PTC India Limited,NSE,EQ,N,N,,,
PTCIL.NS,XNSE:PTCIL,PTC Industries Limited,NSE,EQ,N,N,,,
PTL.NS,XNSE:PTL,PTL Enterprises Limited,NSE,EQ,N,N,,,
PUNJABCHEM.NS,XNSE:PUNJABCHEM,Punjab Chemicals & Crop Protection Limited,NSE,EQ,N,N,,,
PURVA.NS,XNSE:PURVA,Puravankara Limited,NSE,EQ,N,N,,,
PVP.NS,XNSE:PVP,PVP Ventures Limited,NSE,EQ,N,N,,,
PVRINOX.NS,XNSE:PVRINOX,PVR INOX Limited,NSE,EQ,N,N,,,
PVSL.NS,XNSE:PVSL,Popular Vehicles and Services Limited,NSE,EQ,N,N,,,
PWL.NS,XNSE:PWL,Physicswallah Limited,NSE,EQ,N,N,,,
PYRAMID.NS,XNSE:PYRAMID,Pyramid Technoplast Limited,NSE,EQ,N,N,,,
QMSMEDI.NS,XNSE:QMSMEDI,QMS Medical Allied Services Limited,NSE,EQ,N,N,,,
QPOWER.NS,XNSE:QPOWER,Quality Power Electrical Equipments Limited,NSE,BE,N,N,,,
QUADFUTURE.NS,XNSE:QUADFUTURE,Quadrant Future Tek Limited,NSE,EQ,N,N,,,
QUESS.NS,XNSE:QUESS,Quess Corp Limited,NSE,EQ,N,N,,,
QUICKHEAL.NS,XNSE:QUICKHEAL,Quick Heal Technologies Limited,NSE,BE,N,N,,,
QUINT.NS,XNSE:QUINT,Quint Digital Limited,NSE,EQ,N,N,,,
RACE.NS,XNSE:RACE,Race Eco Chain Limited,NSE,EQ,N,N,,,
RACLGEAR.NS,XNSE:RACLGEAR,RACL Geartech Limited,NSE,EQ,N,N,,,
RADAAN.NS,XNSE:RADAAN,Radaan Mediaworks India Limited,NSE,EQ,N,N,,,
RADHIKAJWE.NS,XNSE:RADHIKAJWE,Radhika Jeweltech Limited,NSE,EQ,N,N,,,
RADIANTCMS.NS,XNSE:RADIANTCMS,Radiant Cash Management Services Limited,NSE,EQ,N,N,,,
RADICO.NS,XNSE:RADICO,Radico Khaitan Limited,NSE,EQ,N,N,,,
RADIOCITY.NS,XNSE:RADIOCITY,Music Broadcast Limited,NSE,EQ,N,N,,,
RAILTEL.NS,XNSE:RAILTEL,Railtel Corporation Of India Limited,NSE,EQ,N,N,,,
RAIN.NS,XNSE:RAIN,Rain Industries Limited,NSE,EQ,N,N,,,
RAINBOW.NS,XNSE:RAINBOW,Rainbow Childrens Medicare Limited,NSE,EQ,N,N,,,
RAJMET.NS,XNSE:RAJMET,Rajnandini Metal Limited,NSE,EQ,N,N,,,
RAJOOENG.NS,XNSE:RAJOOENG,Rajoo Engineers Limited,NSE,BE,N,N,,,
RAJPALAYAM.NS,XNSE:RAJPALAYAM,Rajapalayam Mills Limited,NSE,EQ,N,N,,,
RAJRATAN.NS,XNSE:RAJRATAN,Rajratan Global Wire Limited,NSE,EQ,N,N,,,
RAJRILTD.NS,XNSE:RAJRILTD,Raj Rayon Industries Limited,NSE,BE,N,N,,,
RAJSREESUG.NS,XNSE:RAJSREESUG,Rajshree Sugars & Chemicals Limited,NSE,EQ,N,N,,,
RAJTV.NS,XNSE:RAJTV,Raj Television Network Limited,NSE,EQ,N,N,,,
RALLIS.NS,XNSE:RALLIS,Rallis India Limited,NSE,EQ,N,N,,,
RAMANEWS.NS,XNSE:RAMANEWS,Shree Rama Newsprint Limited,NSE,EQ,N,N,,,
RAMAPHO.NS,XNSE:RAMAPHO,Rama Phosphates Limited,NSE,EQ,N,N,,,
RAMASTEEL.NS,XNSE:RAMASTEEL,Rama Steel Tubes Limited,NSE,BE,N,N,,,
RAMBHAJO.NS,XNSE:RAMBHAJO,Advit Jewels Limited,NSE,EQ,N,N,,,
RAMCOCEM.NS,XNSE:RAMCOCEM,The Ramco Cements Limited,NSE,EQ,N,N,,,
RAMCOIND.NS,XNSE:RAMCOIND,Ramco Industries Limited,NSE,EQ,N,N,,,
RAMCOSYS.NS,XNSE:RAMCOSYS,Ramco Systems Limited,NSE,EQ,N,N,,,
RAMKY.NS,XNSE:RAMKY,Ramky Infrastructure Limited,NSE,EQ,N,N,,,
RAMRAT.NS,XNSE:RAMRAT,Ram Ratna Wires Limited,NSE,EQ,N,N,,,
RANASUG.NS,XNSE:RANASUG,Rana Sugars Limited,NSE,EQ,N,N,,,
RANEHOLDIN.NS,XNSE:RANEHOLDIN,Rane Holdings Limited,NSE,EQ,N,N,,,
RATEGAIN.NS,XNSE:RATEGAIN,Rategain Travel Technologies Limited,NSE,EQ,N,N,,,
RATNAMANI.NS,XNSE:RATNAMANI,Ratnamani Metals & Tubes Limited,NSE,EQ,N,N,,,
RATNAVEER.NS,XNSE:RATNAVEER,Ratnaveer Precision Engineering Limited,NSE,EQ,N,N,,,
RAYMOND.NS,XNSE:RAYMOND,Raymond Limited,NSE,EQ,N,N,,,
RAYMONDLSL.NS,XNSE:RAYMONDLSL,Raymond Lifestyle Limited,NSE,EQ,N,N,,,
RAYMONDREL.NS,XNSE:RAYMONDREL,Raymond Realty Limited,NSE,EQ,N,N,,,
RBA.NS,XNSE:RBA,Restaurant Brands Asia Limited,NSE,EQ,N,N,,,
RBLBANK.NS,XNSE:RBLBANK,RBL Bank Limited,NSE,EQ,N,N,,,
RBZJEWEL.NS,XNSE:RBZJEWEL,RBZ Jewellers Limited,NSE,EQ,N,N,,,
RCF.NS,XNSE:RCF,Rashtriya Chemicals and Fertilizers Limited,NSE,EQ,N,N,,,
RCOM.NS,XNSE:RCOM,Reliance Communications Limited,NSE,BE,N,N,,,
RECLTD.NS,XNSE:RECLTD,REC Limited,NSE,EQ,N,N,,,
REDINGTON.NS,XNSE:REDINGTON,Redington Limited,NSE,EQ,N,N,,,
REDTAPE.NS,XNSE:REDTAPE,Redtape Limited,NSE,EQ,N,N,,,
REFEX.NS,XNSE:REFEX,Refex Industries Limited,NSE,EQ,N,N,,,
REGAAL.NS,XNSE:REGAAL,Regaal Resources Limited,NSE,BE,N,N,,,
REGENCERAM.NS,XNSE:REGENCERAM,Regency Ceramics Limited,NSE,EQ,N,N,,,
RELAXO.NS,XNSE:RELAXO,Relaxo Footwears Limited,NSE,EQ,N,N,,,
RELCHEMQ.NS,XNSE:RELCHEMQ,Reliance Chemotex Industries Limited,NSE,EQ,N,N,,,
RELIABLE.NS,XNSE:RELIABLE,Reliable Data Services Limited,NSE,EQ,N,N,,,
RELIANCE.NS,XNSE:RELIANCE,Reliance Industries Limited,NSE,EQ,N,N,,,
RELIGARE.NS,XNSE:RELIGARE,Religare Enterprises Limited,NSE,EQ,N,N,,,
RELTD.NS,XNSE:RELTD,Ravindra Energy Limited,NSE,EQ,N,N,,,
REMSONSIND.NS,XNSE:REMSONSIND,Remsons Industries Limited,NSE,EQ,N,N,,,
RENUKA.NS,XNSE:RENUKA,Shree Renuka Sugars Limited,NSE,EQ,N,N,,,
REPCOHOME.NS,XNSE:REPCOHOME,Repco Home Finance Limited,NSE,EQ,N,N,,,
REPL.NS,XNSE:REPL,Rudrabhishek Enterprises Limited,NSE,BE,N,N,,,
REPRO.NS,XNSE:REPRO,Repro India Limited,NSE,EQ,N,N,,,
RESPONIND.NS,XNSE:RESPONIND,Responsive Industries Limited,NSE,EQ,N,N,,,
RETAIL.NS,XNSE:RETAIL,JHS Svendgaard Retail Ventures Limited,NSE,EQ,N,N,,,
RGL.NS,XNSE:RGL,Renaissance Global Limited,NSE,EQ,N,N,,,
RHETAN.NS,XNSE:RHETAN,Rhetan TMT Limited,NSE,EQ,N,N,,,
RHIM.NS,XNSE:RHIM,RHI MAGNESITA INDIA LIMITED,NSE,EQ,N,N,,,
RHL.NS,XNSE:RHL,Robust Hotels Limited,NSE,EQ,N,N,,,
RICOAUTO.NS,XNSE:RICOAUTO,Rico Auto Industries Limited,NSE,EQ,N,N,,,
RIIL.NS,XNSE:RIIL,Reliance Industrial Infrastructure Limited,NSE,EQ,N,N,,,
RIR.NS,XNSE:RIR,RIR Power Electronics Limited,NSE,EQ,N,N,,,
RISHABH.NS,XNSE:RISHABH,Rishabh Instruments Limited,NSE,EQ,N,N,,,
RITCO.NS,XNSE:RITCO,Ritco Logistics Limited,NSE,EQ,N,N,,,
RITES.NS,XNSE:RITES,RITES Limited,NSE,EQ,N,N,,,
RKDL.NS,XNSE:RKDL,Ravi Kumar Distilleries Limited,NSE,EQ,N,N,,,
RKEC.NS,XNSE:RKEC,RKEC Projects Limited,NSE,EQ,N,N,,,
RKFORGE.NS,XNSE:RKFORGE,Ramkrishna Forgings Limited,NSE,EQ,N,N,,,
RKSWAMY.NS,XNSE:RKSWAMY,R K Swamy Limited,NSE,EQ,N,N,,,
RMC.NS,XNSE:RMC,RMC Switchgears Limited,NSE,EQ,N,N,,,
RMDRIP.NS,XNSE:RMDRIP,R M Drip and Sprinklers Systems Limited,NSE,EQ,N,N,,,
RML.NS,XNSE:RML,Rane (Madras) Limited,NSE,EQ,N,N,,,
RNBDENIMS.NS,XNSE:RNBDENIMS,R&B Denims Limited,NSE,EQ,N,N,,,
ROHLTD.NS,XNSE:ROHLTD,Royal Orchid Hotels Limited,NSE,EQ,N,N,,,
ROLEXRINGS.NS,XNSE:ROLEXRINGS,Rolex Rings Limited,NSE,EQ,N,N,,,
ROLLT.NS,XNSE:ROLLT,Rollatainers Limited,NSE,BE,N,N,,,
ROML.NS,XNSE:ROML,Raj Oil Mills Limited,NSE,EQ,N,N,,,
ROSSARI.NS,XNSE:ROSSARI,Rossari Biotech Limited,NSE,EQ,N,N,,,
ROSSELLIND.NS,XNSE:ROSSELLIND,Rossell India Limited,NSE,EQ,N,N,,,
ROSSTECH.NS,XNSE:ROSSTECH,Rossell Techsys Limited,NSE,EQ,N,N,,,
ROTO.NS,XNSE:ROTO,Roto Pumps Limited,NSE,EQ,N,N,,,
ROUTE.NS,XNSE:ROUTE,ROUTE MOBILE LIMITED,NSE,EQ,N,N,,,
RPEL.NS,XNSE:RPEL,Raghav Productivity Enhancers Limited,NSE,EQ,N,N,,,
RPGLIFE.NS,XNSE:RPGLIFE,RPG Life Sciences Limited,NSE,EQ,N,N,,,
RPOWER.NS,XNSE:RPOWER,Reliance Power Limited,NSE,EQ,N,N,,,
RPPINFRA.NS,XNSE:RPPINFRA,R.P.P. Infra Projects Limited,NSE,EQ,N,N,,,
RPPL.NS,XNSE:RPPL,Rajshree Polypack Limited,NSE,EQ,N,N,,,
RPSGVENT.NS,XNSE:RPSGVENT,RPSG VENTURES LIMITED,NSE,EQ,N,N,,,
RPTECH.NS,XNSE:RPTECH,Rashi Peripherals Limited,NSE,EQ,N,N,,,
RRIL.NS,XNSE:RRIL,RRIL Limited,NSE,EQ,N,N,,,
RRKABEL.NS,XNSE:RRKABEL,R R Kabel Limited,NSE,EQ,N,N,,,
RSDFIN.NS,XNSE:RSDFIN,RSD Finance Limited,NSE,EQ,N,N,,,
RSL.NS,XNSE:RSL,Rajputana Stainless Limited,NSE,EQ,N,N,,,
RSSOFTWARE.NS,XNSE:RSSOFTWARE,R. S. Software (India) Limited,NSE,BE,N,N,,,
RSWM.NS,XNSE:RSWM,RSWM Limited,NSE,BE,N,N,,,
RSYSTEMS.NS,XNSE:RSYSTEMS,R Systems International Limited,NSE,EQ,N,N,,,
RTNINDIA.NS,XNSE:RTNINDIA,RattanIndia Enterprises Limited,NSE,EQ,N,N,,,
RTNPOWER.NS,XNSE:RTNPOWER,RattanIndia Power Limited,NSE,EQ,N,N,,,
RUBFILA.NS,XNSE:RUBFILA,Rubfila International Limited,NSE,EQ,N,N,,,
RUBICON.NS,XNSE:RUBICON,Rubicon Research Limited,NSE,EQ,N,N,,,
RUBYMILLS.NS,XNSE:RUBYMILLS,The Ruby Mills Limited,NSE,BE,N,N,,,
RUCHINFRA.NS,XNSE:RUCHINFRA,Ruchi Infrastructure Limited,NSE,EQ,N,N,,,
RUCHIRA.NS,XNSE:RUCHIRA,Ruchira Papers Limited,NSE,EQ,N,N,,,
RUDRA.NS,XNSE:RUDRA,Rudra Global Infra Products Limited,NSE,BE,N,N,,,
RUPA.NS,XNSE:RUPA,Rupa & Company Limited,NSE,EQ,N,N,,,
RUSHIL.NS,XNSE:RUSHIL,Rushil Decor Limited,NSE,EQ,N,N,,,
RUSTOMJEE.NS,XNSE:RUSTOMJEE,Keystone Realtors Limited,NSE,EQ,N,N,,,
RVHL.NS,XNSE:RVHL,Ravinder Heights Limited,NSE,EQ,N,N,,,
RVNL.NS,XNSE:RVNL,Rail Vikas Nigam Limited,NSE,EQ,N,N,,,
RVTH.NS,XNSE:RVTH,Revathi Equipment India Limited,NSE,EQ,N,N,,,
S&SPOWER.NS,XNSE:S&SPOWER,S&S Power Switchgears Limited,NSE,EQ,N,N,,,
SAATVIKGL.NS,XNSE:SAATVIKGL,Saatvik Green Energy Limited,NSE,EQ,N,N,,,
SABEVENTS.NS,XNSE:SABEVENTS,Sab Events & Governance Now Media Limited,NSE,EQ,N,N,,,
SADBHAV.NS,XNSE:SADBHAV,Sadbhav Engineering Limited,NSE,EQ,N,N,,,
SADBHIN.NS,XNSE:SADBHIN,Sadbhav Infrastructure Project Limited,NSE,BE,N,N,,,
SADHNANIQ.NS,XNSE:SADHNANIQ,Sadhana Nitrochem Limited,NSE,BE,N,N,,,
SAFARI.NS,XNSE:SAFARI,Safari Industries (India) Limited,NSE,EQ,N,N,,,
SAGARDEEP.NS,XNSE:SAGARDEEP,Sagardeep Alloys Limited,NSE,EQ,N,N,,,
SAGCEM.NS,XNSE:SAGCEM,Sagar Cements Limited,NSE,EQ,N,N,,,
SAGILITY.NS,XNSE:SAGILITY,SAGILITY LIMITED,NSE,EQ,N,N,,,
SAHLIBHFI.NS,XNSE:SAHLIBHFI,Shalibhadra Finance Limited,NSE,EQ,N,N,,,
SAHYADRI.NS,XNSE:SAHYADRI,Sahyadri Industries Limited,NSE,EQ,N,N,,,
SAIL.NS,XNSE:SAIL,Steel Authority of India Limited,NSE,EQ,N,N,,,
SAILIFE.NS,XNSE:SAILIFE,Sai Life Sciences Limited,NSE,EQ,N,N,,,
SAIPARENT.NS,XNSE:SAIPARENT,Sai Parenterals Limited,NSE,EQ,N,N,,,
SAKAR.NS,XNSE:SAKAR,Sakar Healthcare Limited,NSE,EQ,N,N,,,
SAKHTISUG.NS,XNSE:SAKHTISUG,Sakthi Sugars Limited,NSE,EQ,N,N,,,
SAKSOFT.NS,XNSE:SAKSOFT,Saksoft Limited,NSE,EQ,N,N,,,
SAKUMA.NS,XNSE:SAKUMA,Sakuma Exports Limited,NSE,BE,N,N,,,
SALASAR.NS,XNSE:SALASAR,Salasar Techno Engineering Limited,NSE,EQ,N,N,,,
SALONA.NS,XNSE:SALONA,Salona Cotspin Limited,NSE,EQ,N,N,,,
SALSTEEL.NS,XNSE:SALSTEEL,S.A.L. Steel Limited,NSE,BE,N,N,,,
SALZERELEC.NS,XNSE:SALZERELEC,Salzer Electronics Limited,NSE,EQ,N,N,,,
SAMBHAAV.NS,XNSE:SAMBHAAV,Sambhaav Media Limited,NSE,EQ,N,N,,,
SAMBHV.NS,XNSE:SAMBHV,Sambhv Steel Tubes Limited,NSE,EQ,N,N,,,
SAMHI.NS,XNSE:SAMHI,Samhi Hotels Limited,NSE,EQ,N,N,,,
SAMMAANCAP.NS,XNSE:SAMMAANCAP,Sammaan Capital Limited,NSE,EQ,N,N,,,
SAMPANN.NS,XNSE:SAMPANN,Sampann Utpadan India Limited,NSE,EQ,N,N,,,
SANATHAN.NS,XNSE:SANATHAN,Sanathan Textiles Limited,NSE,EQ,N,N,,,
SANDESH.NS,XNSE:SANDESH,The Sandesh Limited,NSE,EQ,N,N,,,
SANDHAR.NS,XNSE:SANDHAR,Sandhar Technologies Limited,NSE,EQ,N,N,,,
SANDUMA.NS,XNSE:SANDUMA,Sandur Manganese & Iron Ores Limited,NSE,EQ,N,N,,,
SANGAMIND.NS,XNSE:SANGAMIND,Sangam (India) Limited,NSE,EQ,N,N,,,
SANGHVIMOV.NS,XNSE:SANGHVIMOV,Sanghvi Movers Limited,NSE,EQ,N,N,,,
SANGINITA.NS,XNSE:SANGINITA,Sanginita Chemicals Limited,NSE,BE,N,N,,,
SANOFI.NS,XNSE:SANOFI,Sanofi India Limited,NSE,EQ,N,N,,,
SANOFICONR.NS,XNSE:SANOFICONR,Sanofi Consumer Healthcare India Limited,NSE,EQ,N,N,,,
SANSERA.NS,XNSE:SANSERA,Sansera Engineering Limited,NSE,EQ,N,N,,,
SANSTAR.NS,XNSE:SANSTAR,Sanstar Limited,NSE,EQ,N,N,,,
SAPPHIRE.NS,XNSE:SAPPHIRE,Sapphire Foods India Limited,NSE,EQ,N,N,,,
SAPPL.NS,XNSE:SAPPL,Shree Ajit Pulp & Paper Limited,NSE,EQ,N,N,,,
SARDAEN.NS,XNSE:SARDAEN,Sarda Energy & Minerals Limited,NSE,EQ,N,N,,,
SAREGAMA.NS,XNSE:SAREGAMA,Saregama India Limited,NSE,EQ,N,N,,,
SARLAPOLY.NS,XNSE:SARLAPOLY,Sarla Performance Fibers Limited,NSE,EQ,N,N,,,
SARVESHWAR.NS,XNSE:SARVESHWAR,Sarveshwar Foods Limited,NSE,BE,N,N,,,
SASKEN.NS,XNSE:SASKEN,Sasken Technologies Limited,NSE,EQ,N,N,,,
SATIA.NS,XNSE:SATIA,Satia Industries Limited,NSE,EQ,N,N,,,
SATIN.NS,XNSE:SATIN,Satin Creditcare Network Limited,NSE,EQ,N,N,,,
SAURASHCEM.NS,XNSE:SAURASHCEM,Saurashtra Cement Limited,NSE,EQ,N,N,,,
SAYAJIHOTL.NS,XNSE:SAYAJIHOTL,Sayaji Hotels Limited,NSE,EQ,N,N,,,
SBC.NS,XNSE:SBC,SBC Exports Limited,NSE,EQ,N,N,,,
SBCL.NS,XNSE:SBCL,Shivalik Bimetal Controls Limited,NSE,EQ,N,N,,,
SBFC.NS,XNSE:SBFC,SBFC Finance Limited,NSE,EQ,N,N,,,
SBGLP.NS,XNSE:SBGLP,Suratwwala Business Group Limited,NSE,EQ,N,N,,,
SBICARD.NS,XNSE:SBICARD,SBI Cards and Payment Services Limited,NSE,EQ,N,N,,,
SBIFUNDS.NS,XNSE:SBIFUNDS,SBI Funds Management Limited,NSE,EQ,N,N,,,
SBILIFE.NS,XNSE:SBILIFE,SBI Life Insurance Company Limited,NSE,EQ,N,N,,,
SBIN.NS,XNSE:SBIN,State Bank of India,NSE,EQ,N,N,,,
SCANSTL.NS,XNSE:SCANSTL,Scan Steels Limited,NSE,EQ,N,N,,,
SCHAEFFLER.NS,XNSE:SCHAEFFLER,Schaeffler India Limited,NSE,EQ,N,N,,,
SCHAND.NS,XNSE:SCHAND,S Chand And Company Limited,NSE,EQ,N,N,,,
SCHNEIDER.NS,XNSE:SCHNEIDER,Schneider Electric Infrastructure Limited,NSE,EQ,N,N,,,
SCI.NS,XNSE:SCI,Shipping Corporation Of India Limited,NSE,EQ,N,N,,,
SCILAL.NS,XNSE:SCILAL,Shipping Corporation of India Land and Assets Limited,NSE,EQ,N,N,,,
SCODATUBES.NS,XNSE:SCODATUBES,Scoda Tubes Limited,NSE,EQ,N,N,,,
SCPL.NS,XNSE:SCPL,Sheetal Cool Products Limited,NSE,EQ,N,N,,,
SDBL.NS,XNSE:SDBL,Som Distilleries & Breweries Limited,NSE,EQ,N,N,,,
SEAMECLTD.NS,XNSE:SEAMECLTD,Seamec Limited,NSE,EQ,N,N,,,
SECMARK.NS,XNSE:SECMARK,SecMark Consultancy Limited,NSE,EQ,N,N,,,
SECURKLOUD.NS,XNSE:SECURKLOUD,SECUREKLOUD TECHNOLOGIES LIMITED,NSE,EQ,N,N,,,
SEDEMAC.NS,XNSE:SEDEMAC,SEDEMAC Mechatronics Limited,NSE,EQ,N,N,,,
SEIL.NS,XNSE:SEIL,Shanti Educational Initiatives Limited,NSE,EQ,N,N,,,
SEJALLTD.NS,XNSE:SEJALLTD,Sejal Glass Limited,NSE,BE,N,N,,,
SELMC.NS,XNSE:SELMC,SEL Manufacturing Company Limited,NSE,EQ,N,N,,,
SEMAC.NS,XNSE:SEMAC,Semac Construction Limited,NSE,BE,N,N,,,
SENCO.NS,XNSE:SENCO,Senco Gold Limited,NSE,EQ,N,N,,,
SENORES.NS,XNSE:SENORES,Senores Pharmaceuticals Limited,NSE,EQ,N,N,,,
SEPC.NS,XNSE:SEPC,SEPC Limited,NSE,EQ,N,N,,,
SERVOTECH.NS,XNSE:SERVOTECH,Servotech Renewable Power System Limited,NSE,EQ,N,N,,,
SESHAPAPER.NS,XNSE:SESHAPAPER,Seshasayee Paper and Boards Limited,NSE,EQ,N,N,,,
SETCO.NS,XNSE:SETCO,Setco Automotive Limited,NSE,BE,N,N,,,
SETL.NS,XNSE:SETL,Standard Engineering Technology Limited,NSE,EQ,N,N,,,
SEYAIND.NS,XNSE:SEYAIND,Seya Industries Limited,NSE,BE,N,N,,,
SFL.NS,XNSE:SFL,Sheela Foam Limited,NSE,EQ,N,N,,,
SGFIN.NS,XNSE:SGFIN,SG Finserve Limited,NSE,EQ,N,N,,,
SGIL.NS,XNSE:SGIL,Synergy Green Industries Limited,NSE,EQ,N,N,,,
SGL.NS,XNSE:SGL,STL Global Limited,NSE,EQ,N,N,,,
SGMART.NS,XNSE:SGMART,SG Mart Limited,NSE,EQ,N,N,,,
SHADOWFAX.NS,XNSE:SHADOWFAX,Shadowfax Technologies Limited,NSE,EQ,N,N,,,
SHAH.NS,XNSE:SHAH,Shah Metacorp Limited,NSE,EQ,N,N,,,
SHAHALLOYS.NS,XNSE:SHAHALLOYS,Shah Alloys Limited,NSE,EQ,N,N,,,
SHAILY.NS,XNSE:SHAILY,Shaily Engineering Plastics Limited,NSE,EQ,N,N,,,
SHAKTIPUMP.NS,XNSE:SHAKTIPUMP,Shakti Pumps (India) Limited,NSE,EQ,N,N,,,
SHALBY.NS,XNSE:SHALBY,Shalby Limited,NSE,EQ,N,N,,,
SHALPAINTS.NS,XNSE:SHALPAINTS,Shalimar Paints Limited,NSE,EQ,N,N,,,
SHANKARA.NS,XNSE:SHANKARA,Shankara Building Products Limited,NSE,EQ,N,N,,,
SHANTI.NS,XNSE:SHANTI,Shanti Overseas (India) Limited,NSE,EQ,N,N,,,
SHANTIGEAR.NS,XNSE:SHANTIGEAR,Shanthi Gears Limited,NSE,EQ,N,N,,,
SHANTIGOLD.NS,XNSE:SHANTIGOLD,Shanti Gold International Limited,NSE,EQ,N,N,,,
SHARDACROP.NS,XNSE:SHARDACROP,Sharda Cropchem Limited,NSE,EQ,N,N,,,
SHARDAMOTR.NS,XNSE:SHARDAMOTR,Sharda Motor Industries Limited,NSE,EQ,N,N,,,
SHARDUL.NS,XNSE:SHARDUL,Shardul Securities Limited,NSE,BE,N,N,,,
SHAREINDIA.NS,XNSE:SHAREINDIA,Share India Securities Limited,NSE,EQ,N,N,,,
SHBAJRG.NS,XNSE:SHBAJRG,Shri Bajrang Alliance Limited,NSE,EQ,N,N,,,
SHEKHAWATI.NS,XNSE:SHEKHAWATI,Shekhawati Industries Limited,NSE,BE,N,N,,,
SHEMAROO.NS,XNSE:SHEMAROO,Shemaroo Entertainment Limited,NSE,BE,N,N,,,
SHILCTECH.NS,XNSE:SHILCTECH,Shilchar Technologies Limited,NSE,EQ,N,N,,,
SHILPAMED.NS,XNSE:SHILPAMED,Shilpa Medicare Limited,NSE,EQ,N,N,,,
SHINDL.NS,XNSE:SHINDL,Sharat Industries Limited,NSE,EQ,N,N,,,
SHIVALIK.NS,XNSE:SHIVALIK,Shivalik Rasayan Limited,NSE,BE,N,N,,,
SHIVAMAUTO.NS,XNSE:SHIVAMAUTO,Shivam Autotech Limited,NSE,BE,N,N,,,
SHIVAMILLS.NS,XNSE:SHIVAMILLS,Shiva Mills Limited,NSE,BE,N,N,,,
SHIVATEX.NS,XNSE:SHIVATEX,Shiva Texyarn Limited,NSE,EQ,N,N,,,
SHIVAUM.NS,XNSE:SHIVAUM,Shiv Aum Steels Limited,NSE,EQ,N,N,,,
SHK.NS,XNSE:SHK,S H Kelkar and Company Limited,NSE,EQ,N,N,,,
SHOPERSTOP.NS,XNSE:SHOPERSTOP,Shoppers Stop Limited,NSE,EQ,N,N,,,
SHRADHA.NS,XNSE:SHRADHA,Shradha Realty Limited,NSE,EQ,N,N,,,
SHREDIGCEM.NS,XNSE:SHREDIGCEM,Shree Digvijay Cement Co.Ltd,NSE,EQ,N,N,,,
SHREECEM.NS,XNSE:SHREECEM,SHREE CEMENT LIMITED,NSE,EQ,N,N,,,
SHREEJISPG.NS,XNSE:SHREEJISPG,Shreeji Shipping Global Limited,NSE,EQ,N,N,,,
SHREEPUSHK.NS,XNSE:SHREEPUSHK,Shree Pushkar Chemicals & Fertilisers Limited,NSE,EQ,N,N,,,
SHREERAMA.NS,XNSE:SHREERAMA,Shree Rama Multi-Tech Limited,NSE,EQ,N,N,,,
SHREYANIND.NS,XNSE:SHREYANIND,Shreyans Industries Limited,NSE,EQ,N,N,,,
SHRIKRISH.NS,XNSE:SHRIKRISH,Shri Krishna Devcon Limited,NSE,EQ,N,N,,,
SHRINGARMS.NS,XNSE:SHRINGARMS,Shringar House of Mangalsutra Limited,NSE,EQ,N,N,,,
SHRIPISTON.NS,XNSE:SHRIPISTON,SPR Auto Technologies Limited,NSE,EQ,N,N,,,
SHRIRAMFIN.NS,XNSE:SHRIRAMFIN,Shriram Finance Limited,NSE,EQ,N,N,,,
SHRIRAMPPS.NS,XNSE:SHRIRAMPPS,Shriram Properties Limited,NSE,EQ,N,N,,,
SHYAMCENT.NS,XNSE:SHYAMCENT,Shyam Century Ferrous Limited,NSE,BE,N,N,,,
SHYAMMETL.NS,XNSE:SHYAMMETL,Shyam Metalics and Energy Limited,NSE,EQ,N,N,,,
SHYAMTEL.NS,XNSE:SHYAMTEL,Shyam Telecom Limited,NSE,BE,N,N,,,
SICAGEN.NS,XNSE:SICAGEN,Sicagen India Limited,NSE,EQ,N,N,,,
SICALLOG.NS,XNSE:SICALLOG,Sical Logistics Limited,NSE,EQ,N,N,,,
SIEMENS.NS,XNSE:SIEMENS,Siemens Limited,NSE,EQ,N,N,,,
SIGACHI.NS,XNSE:SIGACHI,Sigachi Industries Limited,NSE,BE,N,N,,,
SIGIND.NS,XNSE:SIGIND,Signet Industries Limited,NSE,EQ,N,N,,,
SIGMA.NS,XNSE:SIGMA,Sigma Solve Limited,NSE,EQ,N,N,,,
SIGMAADV.NS,XNSE:SIGMAADV,SIGMA ADVANCED SYSTEMS LIMITED,NSE,BE,N,N,,,
SIGNATURE.NS,XNSE:SIGNATURE,Signatureglobal (India) Limited,NSE,EQ,N,N,,,
SIGNPOST.NS,XNSE:SIGNPOST,Signpost India Limited,NSE,EQ,N,N,,,
SIKA.NS,XNSE:SIKA,Sika Interplant Systems Limited,NSE,EQ,N,N,,,
SIKKO.NS,XNSE:SIKKO,Sikko Industries Limited,NSE,EQ,N,N,,,
SIL.NS,XNSE:SIL,Standard Industries Limited,NSE,EQ,N,N,,,
SILGO.NS,XNSE:SILGO,Silgo Retail Limited,NSE,EQ,N,N,,,
SILINV.NS,XNSE:SILINV,SIL Investments Limited,NSE,EQ,N,N,,,
SILLYMONKS.NS,XNSE:SILLYMONKS,Silly Monks Entertainment Limited,NSE,EQ,N,N,,,
SILVERTUC.NS,XNSE:SILVERTUC,Silver Touch Technologies Limited,NSE,EQ,N,N,,,
SIMPLEXINF.NS,XNSE:SIMPLEXINF,Simplex Infrastructures Limited,NSE,EQ,N,N,,,
SINCLAIR.NS,XNSE:SINCLAIR,Sinclairs Hotels Limited,NSE,EQ,N,N,,,
SINDHUTRAD.NS,XNSE:SINDHUTRAD,Sindhu Trade Links Limited,NSE,EQ,N,N,,,
SINGERIND.NS,XNSE:SINGERIND,Singer India Limited,NSE,EQ,N,N,,,
SINTERCOM.NS,XNSE:SINTERCOM,Sintercom India Limited,NSE,EQ,N,N,,,
SIRCA.NS,XNSE:SIRCA,Sirca Paints India Limited,NSE,EQ,N,N,,,
SIS.NS,XNSE:SIS,SIS LIMITED,NSE,EQ,N,N,,,
SIYSIL.NS,XNSE:SIYSIL,Siyaram Silk Mills Limited,NSE,EQ,N,N,,,
SJS.NS,XNSE:SJS,S.J.S. Enterprises Limited,NSE,EQ,N,N,,,
SJVN.NS,XNSE:SJVN,SJVN Limited,NSE,EQ,N,N,,,
SKFINDIA.NS,XNSE:SKFINDIA,SKF India Limited,NSE,EQ,N,N,,,
SKFINDUS.NS,XNSE:SKFINDUS,SKF India (Industrial) Limited,NSE,EQ,N,N,,,
SKIPPER.NS,XNSE:SKIPPER,Skipper Limited,NSE,EQ,N,N,,,
SKMEGGPROD.NS,XNSE:SKMEGGPROD,SKM Egg Products Export (India) Limited,NSE,EQ,N,N,,,
SKYGOLD.NS,XNSE:SKYGOLD,SKY GOLD AND DIAMONDS LIMITED,NSE,EQ,N,N,,,
SMARTLINK.NS,XNSE:SMARTLINK,Smartlink Holdings Limited,NSE,BE,N,N,,,
SMARTWORKS.NS,XNSE:SMARTWORKS,Smartworks Coworking Spaces Limited,NSE,EQ,N,N,,,
SMCGLOBAL.NS,XNSE:SMCGLOBAL,SMC Global Securities Limited,NSE,EQ,N,N,,,
SMLMAH.NS,XNSE:SMLMAH,SML Mahindra Limited,NSE,EQ,N,N,,,
SMLT.NS,XNSE:SMLT,Sarthak Metals Limited,NSE,EQ,N,N,,,
SMSPHARMA.NS,XNSE:SMSPHARMA,SMS Pharmaceuticals Limited,NSE,EQ,N,N,,,
SNOWMAN.NS,XNSE:SNOWMAN,Snowman Logistics Limited,NSE,EQ,N,N,,,
SOBHA.NS,XNSE:SOBHA,Sobha Limited,NSE,EQ,N,N,,,
SOFTTECH.NS,XNSE:SOFTTECH,Softtech Engineers Limited,NSE,BE,N,N,,,
SOLARA.NS,XNSE:SOLARA,Solara Active Pharma Sciences Limited,NSE,EQ,N,N,,,
SOLARINDS.NS,XNSE:SOLARINDS,Solar Industries India Limited,NSE,EQ,N,N,,,
SOLARWORLD.NS,XNSE:SOLARWORLD,Solarworld Energy Solutions Limited,NSE,EQ,N,N,,,
SOLEX.NS,XNSE:SOLEX,Solex Energy Limited,NSE,EQ,N,N,,,
SOMANYCERA.NS,XNSE:SOMANYCERA,Somany Ceramics Limited,NSE,EQ,N,N,,,
SOMATEX.NS,XNSE:SOMATEX,Soma Textiles & Industries Limited,NSE,EQ,N,N,,,
SOMICONVEY.NS,XNSE:SOMICONVEY,Somi Conveyor Beltings Limited,NSE,EQ,N,N,,,
SONACOMS.NS,XNSE:SONACOMS,Sona BLW Precision Forgings Limited,NSE,EQ,N,N,,,
SONAL.NS,XNSE:SONAL,Sonal Mercantile Limited,NSE,EQ,N,N,,,
SONAMLTD.NS,XNSE:SONAMLTD,SONAM LIMITED,NSE,EQ,N,N,,,
SONATSOFTW.NS,XNSE:SONATSOFTW,Sonata Software Limited,NSE,EQ,N,N,,,
SOTL.NS,XNSE:SOTL,Savita Oil Technologies Limited,NSE,EQ,N,N,,,
SOUTHBANK.NS,XNSE:SOUTHBANK,The South Indian Bank Limited,NSE,EQ,N,N,,,
SOUTHWEST.NS,XNSE:SOUTHWEST,South West Pinnacle Exploration Limited,NSE,EQ,N,N,,,
SPAL.NS,XNSE:SPAL,S. P. Apparels Limited,NSE,EQ,N,N,,,
SPANDANA.NS,XNSE:SPANDANA,Spandana Sphoorty Financial Limited,NSE,EQ,N,N,,,
SPARC.NS,XNSE:SPARC,Sun Pharma Advanced Research Company Limited,NSE,EQ,N,N,,,
SPCENET.NS,XNSE:SPCENET,Spacenet Enterprises India Limited,NSE,EQ,N,N,,,
SPECIALITY.NS,XNSE:SPECIALITY,Speciality Restaurants Limited,NSE,EQ,N,N,,,
SPECTRUM.NS,XNSE:SPECTRUM,Spectrum Electrical Industries Limited,NSE,EQ,N,N,,,
SPENCERS.NS,XNSE:SPENCERS,Spencer's Retail Limited,NSE,EQ,N,N,,,
SPIC.NS,XNSE:SPIC,Southern Petrochemicals Industries Corporation  Limited,NSE,EQ,N,N,,,
SPLIL.NS,XNSE:SPLIL,SPL Industries Limited,NSE,EQ,N,N,,,
SPLPETRO.NS,XNSE:SPLPETRO,Supreme Petrochem Limited,NSE,EQ,N,N,,,
SPMLINFRA.NS,XNSE:SPMLINFRA,SPML Infra Limited,NSE,EQ,N,N,,,
SPORTKING.NS,XNSE:SPORTKING,Sportking India Limited,NSE,EQ,N,N,,,
SRD.NS,XNSE:SRD,Shankar Lal Rampal Dye-Chem Limited,NSE,EQ,N,N,,,
SREEL.NS,XNSE:SREEL,Sreeleathers Limited,NSE,EQ,N,N,,,
SRF.NS,XNSE:SRF,SRF Limited,NSE,EQ,N,N,,,
SRGHFL.NS,XNSE:SRGHFL,SRG Housing Finance Limited,NSE,EQ,N,N,,,
SRHHYPOLTD.NS,XNSE:SRHHYPOLTD,Sree Rayalaseema Hi-Strength Hypo Limited,NSE,EQ,N,N,,,
SRM.NS,XNSE:SRM,SRM Contractors Limited,NSE,EQ,N,N,,,
SRTL.NS,XNSE:SRTL,Shree Ram Twistex Limited,NSE,EQ,N,N,,,
SSDL.NS,XNSE:SSDL,Saraswati Saree Depot Limited,NSE,EQ,N,N,,,
SSWL.NS,XNSE:SSWL,Steel Strips Wheels Limited,NSE,EQ,N,N,,,
STALLION.NS,XNSE:STALLION,Stallion India Fluorochemicals Limited,NSE,EQ,N,N,,,
STANLEY.NS,XNSE:STANLEY,Stanley Lifestyles Limited,NSE,EQ,N,N,,,
STAR.NS,XNSE:STAR,Strides Pharma Science Limited,NSE,EQ,N,N,,,
STARCEMENT.NS,XNSE:STARCEMENT,Star Cement Limited,NSE,EQ,N,N,,,
STARHEALTH.NS,XNSE:STARHEALTH,Star Health and Allied Insurance Company Limited,NSE,EQ,N,N,,,
STARPAPER.NS,XNSE:STARPAPER,Star Paper Mills Limited,NSE,EQ,N,N,,,
STARTECK.NS,XNSE:STARTECK,Starteck Finance Limited,NSE,EQ,N,N,,,
STCINDIA.NS,XNSE:STCINDIA,The State Trading Corporation of India Limited,NSE,EQ,N,N,,,
STEELCAS.NS,XNSE:STEELCAS,Steelcast Limited,NSE,EQ,N,N,,,
STEELCITY.NS,XNSE:STEELCITY,Steel City Securities Limited,NSE,EQ,N,N,,,
STEELXIND.NS,XNSE:STEELXIND,STEEL EXCHANGE INDIA LIMITED,NSE,EQ,N,N,,,
STEL.NS,XNSE:STEL,Stel Holdings Limited,NSE,EQ,N,N,,,
STERTOOLS.NS,XNSE:STERTOOLS,Sterling Tools Limited,NSE,BE,N,N,,,
STLNETWORK.NS,XNSE:STLNETWORK,STL Networks Limited,NSE,BE,N,N,,,
STLTECH.NS,XNSE:STLTECH,Sterlite Technologies Limited,NSE,BE,N,N,,,
STOVEKRAFT.NS,XNSE:STOVEKRAFT,Stove Kraft Limited,NSE,EQ,N,N,,,
STUDDS.NS,XNSE:STUDDS,Studds Accessories Limited,NSE,EQ,N,N,,,
STYL.NS,XNSE:STYL,Seshaasai Technologies Limited,NSE,EQ,N,N,,,
STYLAMIND.NS,XNSE:STYLAMIND,Stylam Industries Limited,NSE,EQ,N,N,,,
STYLEBAAZA.NS,XNSE:STYLEBAAZA,Baazar Style Retail Limited,NSE,BE,N,N,,,
STYRENIX.NS,XNSE:STYRENIX,Styrenix Performance Materials Limited,NSE,EQ,N,N,,,
SUBEXLTD.NS,XNSE:SUBEXLTD,Subex Limited,NSE,BE,N,N,,,
SUBROS.NS,XNSE:SUBROS,Subros Limited,NSE,EQ,N,N,,,
SUDARCOLOR.NS,XNSE:SUDARCOLOR,Sudarshan Colorants India Limited,NSE,EQ,N,N,,,
SUDARSCHEM.NS,XNSE:SUDARSCHEM,Sudarshan Chemical Industries Limited,NSE,EQ,N,N,,,
SUDEEPPHRM.NS,XNSE:SUDEEPPHRM,Sudeep Pharma Limited,NSE,EQ,N,N,,,
SUKHJITS.NS,XNSE:SUKHJITS,Sukhjit Starch & Chemicals Limited,NSE,EQ,N,N,,,
SULA.NS,XNSE:SULA,Sula Vineyards Limited,NSE,EQ,N,N,,,
SUMEETINDS.NS,XNSE:SUMEETINDS,Sumeet Industries Limited,NSE,EQ,N,N,,,
SUMICHEM.NS,XNSE:SUMICHEM,Sumitomo Chemical India Limited,NSE,EQ,N,N,,,
SUMIT.NS,XNSE:SUMIT,Sumit Woods Limited,NSE,BE,N,N,,,
SUMMITSEC.NS,XNSE:SUMMITSEC,Summit Securities Limited,NSE,EQ,N,N,,,
SUNCLAY.NS,XNSE:SUNCLAY,Sundaram Clayton Limited,NSE,EQ,N,N,,,
SUNDARAM.NS,XNSE:SUNDARAM,Sundaram Multi Pap Limited,NSE,EQ,N,N,,,
SUNDARMFIN.NS,XNSE:SUNDARMFIN,Sundaram Finance Limited,NSE,EQ,N,N,,,
SUNDRMBRAK.NS,XNSE:SUNDRMBRAK,Sundaram Brake Linings Limited,NSE,BE,N,N,,,
SUNDRMFAST.NS,XNSE:SUNDRMFAST,Sundram Fasteners Limited,NSE,EQ,N,N,,,
SUNDROP.NS,XNSE:SUNDROP,Sundrop Brands Limited,NSE,EQ,N,N,,,
SUNFLAG.NS,XNSE:SUNFLAG,Sunflag Iron And Steel Company Limited,NSE,EQ,N,N,,,
SUNPHARMA.NS,XNSE:SUNPHARMA,Sun Pharmaceutical Industries Limited,NSE,EQ,N,N,,,
SUNTECK.NS,XNSE:SUNTECK,Sunteck Realty Limited,NSE,EQ,N,N,,,
SUNTV.NS,XNSE:SUNTV,Sun TV Network Limited,NSE,EQ,N,N,,,
SUPERHOUSE.NS,XNSE:SUPERHOUSE,Superhouse Limited,NSE,EQ,N,N,,,
SUPERSPIN.NS,XNSE:SUPERSPIN,Super Spinning Mills Limited,NSE,BE,N,N,,,
SUPRAJIT.NS,XNSE:SUPRAJIT,Suprajit Engineering Limited,NSE,EQ,N,N,,,
SUPREME.NS,XNSE:SUPREME,Supreme Holdings & Hospitality (India) Limited,NSE,EQ,N,N,,,
SUPREMEIND.NS,XNSE:SUPREMEIND,Supreme Industries Limited,NSE,EQ,N,N,,,
SUPREMEINF.NS,XNSE:SUPREMEINF,Supreme Infrastructure India Limited,NSE,EQ,N,N,,,
SUPRIYA.NS,XNSE:SUPRIYA,Supriya Lifescience Limited,NSE,EQ,N,N,,,
SURAJEST.NS,XNSE:SURAJEST,Suraj Estate Developers Limited,NSE,EQ,N,N,,,
SURAJLTD.NS,XNSE:SURAJLTD,Suraj Limited,NSE,EQ,N,N,,,
SURAKSHA.NS,XNSE:SURAKSHA,Suraksha Diagnostic Limited,NSE,EQ,N,N,,,
SURANASOL.NS,XNSE:SURANASOL,Surana Solar Limited,NSE,EQ,N,N,,,
SURANAT&P.NS,XNSE:SURANAT&P,Surana Telecom and Power Limited,NSE,EQ,N,N,,,
SURYALA.NS,XNSE:SURYALA,Suryalata Spinning Mills Limited,NSE,EQ,N,N,,,
SURYALAXMI.NS,XNSE:SURYALAXMI,Suryalakshmi Cotton Mills Limited,NSE,EQ,N,N,,,
SURYAROSNI.NS,XNSE:SURYAROSNI,Surya Roshni Limited,NSE,EQ,N,N,,,
SURYODAY.NS,XNSE:SURYODAY,Suryoday Small Finance Bank Limited,NSE,EQ,N,N,,,
SUTLEJTEX.NS,XNSE:SUTLEJTEX,Sutlej Textiles and Industries Limited,NSE,BE,N,N,,,
SUVEN.NS,XNSE:SUVEN,Suven Life Sciences Limited,NSE,EQ,N,N,,,
SUVIDHAA.NS,XNSE:SUVIDHAA,Suvidhaa Infoserve Limited,NSE,EQ,N,N,,,
SUYOG.NS,XNSE:SUYOG,Suyog Telematics Limited,NSE,EQ,N,N,,,
SUZLON.NS,XNSE:SUZLON,Suzlon Energy Limited,NSE,EQ,N,N,,,
SVLL.NS,XNSE:SVLL,Shree Vasu Logistics Limited,NSE,BE,N,N,,,
SVPGLOB.NS,XNSE:SVPGLOB,SVP GLOBAL TEXTILES LIMITED,NSE,BE,N,N,,,
SWANCORP.NS,XNSE:SWANCORP,SWAN CORP LIMITED,NSE,EQ,N,N,,,
SWANDEF.NS,XNSE:SWANDEF,Swan Defence and Heavy Industries Limited,NSE,BE,N,N,,,
SWARAJENG.NS,XNSE:SWARAJENG,Swaraj Engines Limited,NSE,EQ,N,N,,,
SWELECTES.NS,XNSE:SWELECTES,Swelect Energy Systems Limited,NSE,EQ,N,N,,,
SWIGGY.NS,XNSE:SWIGGY,Swiggy Limited,NSE,EQ,N,N,,,
SWSOLAR.NS,XNSE:SWSOLAR,Sterling and Wilson Renewable Energy Limited,NSE,EQ,N,N,,,
SYMPHONY.NS,XNSE:SYMPHONY,Symphony Limited,NSE,EQ,N,N,,,
SYNCOMF.NS,XNSE:SYNCOMF,Syncom Formulations (India) Limited,NSE,EQ,N,N,,,
SYNGENE.NS,XNSE:SYNGENE,Syngene International Limited,NSE,EQ,N,N,,,
SYRMA.NS,XNSE:SYRMA,Syrma SGS Technology Limited,NSE,EQ,N,N,,,
SYSTMTXC.NS,XNSE:SYSTMTXC,Systematix Corporate Services Limited,NSE,BE,N,N,,,
TAALTECH.NS,XNSE:TAALTECH,Taal Tech Limited,NSE,EQ,N,N,,,
TAINWALCHM.NS,XNSE:TAINWALCHM,Tainwala Chemical and Plastic (I) Limited,NSE,EQ,N,N,,,
TAJGVK.NS,XNSE:TAJGVK,Taj GVK Hotels & Resorts Limited,NSE,EQ,N,N,,,
TAKE.NS,XNSE:TAKE,Take Solutions Limited,NSE,EQ,N,N,,,
TALBROAUTO.NS,XNSE:TALBROAUTO,Talbros Automotive Components Limited,NSE,EQ,N,N,,,
TAMBOLIIN.NS,XNSE:TAMBOLIIN,Tamboli Industries Limited,NSE,BE,N,N,,,
TANLA.NS,XNSE:TANLA,Tanla Platforms Limited,NSE,EQ,N,N,,,
TARACHAND.NS,XNSE:TARACHAND,Tara Chand InfraLogistic Solutions Limited,NSE,EQ,N,N,,,
TARAPUR.NS,XNSE:TARAPUR,Tarapur Transformers Limited,NSE,EQ,N,N,,,
TARC.NS,XNSE:TARC,TARC Limited,NSE,EQ,N,N,,,
TARIL.NS,XNSE:TARIL,Transformers And Rectifiers (India) Limited,NSE,EQ,N,N,,,
TARMAT.NS,XNSE:TARMAT,Tarmat Limited,NSE,EQ,N,N,,,
TARSONS.NS,XNSE:TARSONS,Tarsons Products Limited,NSE,EQ,N,N,,,
TASTYBITE.NS,XNSE:TASTYBITE,Tasty Bite Eatables Limited,NSE,EQ,N,N,,,
TATACAP.NS,XNSE:TATACAP,Tata Capital Limited,NSE,EQ,N,N,,,
TATACHEM.NS,XNSE:TATACHEM,Tata Chemicals Limited,NSE,EQ,N,N,,,
TATACOMM.NS,XNSE:TATACOMM,Tata Communications Limited,NSE,EQ,N,N,,,
TATACONSUM.NS,XNSE:TATACONSUM,TATA CONSUMER PRODUCTS LIMITED,NSE,EQ,N,N,,,
TATAELXSI.NS,XNSE:TATAELXSI,Tata Elxsi Limited,NSE,EQ,N,N,,,
TATAINVEST.NS,XNSE:TATAINVEST,Tata Investment Corporation Limited,NSE,EQ,N,N,,,
TATAPOWER.NS,XNSE:TATAPOWER,Tata Power Company Limited,NSE,EQ,N,N,,,
TATASTEEL.NS,XNSE:TATASTEEL,Tata Steel Limited,NSE,EQ,N,N,,,
TATATECH.NS,XNSE:TATATECH,Tata Technologies Limited,NSE,EQ,N,N,,,
TATVA.NS,XNSE:TATVA,Tatva Chintan Pharma Chem Limited,NSE,EQ,N,N,,,
TBOTEK.NS,XNSE:TBOTEK,TBO Tek Limited,NSE,EQ,N,N,,,
TBZ.NS,XNSE:TBZ,Tribhovandas Bhimji Zaveri Limited,NSE,EQ,N,N,,,
TCC.NS,XNSE:TCC,TCC Concept Limited,NSE,EQ,N,N,,,
TCI.NS,XNSE:TCI,Transport Corporation of India Limited,NSE,EQ,N,N,,,
TCIEXP.NS,XNSE:TCIEXP,TCI Express Limited,NSE,EQ,N,N,,,
TCIFINANCE.NS,XNSE:TCIFINANCE,TCI Finance Limited,NSE,BE,N,N,,,
TCPLPACK.NS,XNSE:TCPLPACK,TCPL Packaging Limited,NSE,EQ,N,N,,,
TCS.NS,XNSE:TCS,Tata Consultancy Services Limited,NSE,EQ,N,N,,,
TDPOWERSYS.NS,XNSE:TDPOWERSYS,TD Power Systems Limited,NSE,EQ,N,N,,,
TEAMGTY.NS,XNSE:TEAMGTY,Team India Guaranty Limited,NSE,EQ,N,N,,,
TEAMLEASE.NS,XNSE:TEAMLEASE,Teamlease Services Limited,NSE,EQ,N,N,,,
TECHM.NS,XNSE:TECHM,Tech Mahindra Limited,NSE,EQ,N,N,,,
TECHNOE.NS,XNSE:TECHNOE,Techno Electric & Engineering Company Limited,NSE,EQ,N,N,,,
TECHNVISN.NS,XNSE:TECHNVISN,TechNVision Ventures Limited,NSE,EQ,N,N,,,
TECILCHEM.NS,XNSE:TECILCHEM,TECIL Chemicals and Hydro Power Limited,NSE,EQ,N,N,,,
TEGA.NS,XNSE:TEGA,Tega Industries Limited,NSE,EQ,N,N,,,
TEJASNET.NS,XNSE:TEJASNET,Tejas Networks Limited,NSE,EQ,N,N,,,
TEMBO.NS,XNSE:TEMBO,Tembo Global Industries Limited,NSE,EQ,N,N,,,
TENNIND.NS,XNSE:TENNIND,Tenneco Clean Air India Limited,NSE,EQ,N,N,,,
TERASOFT.NS,XNSE:TERASOFT,Tera Software Limited,NSE,EQ,N,N,,,
TEXINFRA.NS,XNSE:TEXINFRA,Texmaco Infrastructure & Holdings Limited,NSE,EQ,N,N,,,
TEXMOPIPES.NS,XNSE:TEXMOPIPES,Texmo Pipes and Products Limited,NSE,EQ,N,N,,,
TEXRAIL.NS,XNSE:TEXRAIL,Texmaco Rail & Engineering Limited,NSE,EQ,N,N,,,
TFCILTD.NS,XNSE:TFCILTD,Tourism Finance Corporation of India Limited,NSE,EQ,N,N,,,
TFL.NS,XNSE:TFL,Transwarranty Finance Limited,NSE,EQ,N,N,,,
TGBHOTELS.NS,XNSE:TGBHOTELS,TGB Banquets And Hotels Limited,NSE,EQ,N,N,,,
THACKER.NS,XNSE:THACKER,Thacker & Company Limited,NSE,BE,N,N,,,
THAKDEV.NS,XNSE:THAKDEV,Thakkers Developers Limited,NSE,EQ,N,N,,,
THANGAMAYL.NS,XNSE:THANGAMAYL,Thangamayil Jewellery Limited,NSE,EQ,N,N,,,
THEINVEST.NS,XNSE:THEINVEST,The Investment Trust Of India Limited,NSE,EQ,N,N,,,
THEJO.NS,XNSE:THEJO,Thejo Engineering Limited,NSE,EQ,N,N,,,
THELEELA.NS,XNSE:THELEELA,Leela Palaces Hotels & Resorts Limited,NSE,EQ,N,N,,,
THEMISMED.NS,XNSE:THEMISMED,Themis Medicare Limited,NSE,EQ,N,N,,,
THERMAX.NS,XNSE:THERMAX,Thermax Limited,NSE,EQ,N,N,,,
THOMASCOOK.NS,XNSE:THOMASCOOK,Thomas Cook  (India)  Limited,NSE,EQ,N,N,,,
THOMASCOTT.NS,XNSE:THOMASCOTT,Thomas Scott (India) Limited,NSE,EQ,N,N,,,
THYROCARE.NS,XNSE:THYROCARE,Thyrocare Technologies Limited,NSE,EQ,N,N,,,
TI.NS,XNSE:TI,Tilaknagar Industries Limited,NSE,EQ,N,N,,,
TICL.NS,XNSE:TICL,Twamev Construction and Infrastructure Limited,NSE,EQ,N,N,,,
TIGERLOGS.NS,XNSE:TIGERLOGS,Tiger Logistics (India) Limited,NSE,BE,N,N,,,
TIIL.NS,XNSE:TIIL,Technocraft Industries (India) Limited,NSE,EQ,N,N,,,
TIINDIA.NS,XNSE:TIINDIA,Tube Investments of India Limited,NSE,EQ,N,N,,,
TIJARIA.NS,XNSE:TIJARIA,Tijaria Polypipes Limited,NSE,EQ,N,N,,,
TIL.NS,XNSE:TIL,TIL Limited,NSE,EQ,N,N,,,
TIMETECHNO.NS,XNSE:TIMETECHNO,Time Technoplast Limited,NSE,EQ,N,N,,,
TIMEX.NS,XNSE:TIMEX,Timex Group India Limited,NSE,EQ,N,N,,,
TIMKEN.NS,XNSE:TIMKEN,Timken India Limited,NSE,EQ,N,N,,,
TINNARUBR.NS,XNSE:TINNARUBR,Tinna Rubber and Infrastructure Limited,NSE,EQ,N,N,,,
TIPSFILMS.NS,XNSE:TIPSFILMS,Tips Films Limited,NSE,EQ,N,N,,,
TIPSMUSIC.NS,XNSE:TIPSMUSIC,Tips Music Limited,NSE,EQ,N,N,,,
TIRUMALCHM.NS,XNSE:TIRUMALCHM,Thirumalai Chemicals Limited,NSE,EQ,N,N,,,
TIRUPATIFL.NS,XNSE:TIRUPATIFL,Tirupati Forge Limited,NSE,EQ,N,N,,,
TITAGARH.NS,XNSE:TITAGARH,TITAGARH RAIL SYSTEMS LIMITED,NSE,EQ,N,N,,,
TITAN.NS,XNSE:TITAN,Titan Company Limited,NSE,EQ,N,N,,,
TMB.NS,XNSE:TMB,Tamilnad Mercantile Bank Limited,NSE,EQ,N,N,,,
TMCV.NS,XNSE:TMCV,Tata Motors Limited,NSE,EQ,N,N,,,
TMPV.NS,XNSE:TMPV,Tata Motors Passenger Vehicles Limited,NSE,EQ,N,N,,,
TNPETRO.NS,XNSE:TNPETRO,Tamilnadu PetroProducts Limited,NSE,EQ,N,N,,,
TNPL.NS,XNSE:TNPL,Tamil Nadu Newsprint & Papers Limited,NSE,EQ,N,N,,,
TNTELE.NS,XNSE:TNTELE,Tamilnadu Telecommunication Limited,NSE,EQ,N,N,,,
TOKYOPLAST.NS,XNSE:TOKYOPLAST,Tokyo Plast International Limited,NSE,BE,N,N,,,
TOLINS.NS,XNSE:TOLINS,Tolins Tyres Limited,NSE,EQ,N,N,,,
TORNTPHARM.NS,XNSE:TORNTPHARM,Torrent Pharmaceuticals Limited,NSE,EQ,N,N,,,
TORNTPOWER.NS,XNSE:TORNTPOWER,Torrent Power Limited,NSE,EQ,N,N,,,
TOTAL.NS,XNSE:TOTAL,Total Transport Systems Limited,NSE,EQ,N,N,,,
TOUCHWOOD.NS,XNSE:TOUCHWOOD,Touchwood Entertainment Limited,NSE,EQ,N,N,,,
TPHQ.NS,XNSE:TPHQ,Teamo Productions HQ Limited,NSE,EQ,N,N,,,
TPLPLASTEH.NS,XNSE:TPLPLASTEH,TPL Plastech Limited,NSE,EQ,N,N,,,
TRACXN.NS,XNSE:TRACXN,Tracxn Technologies Limited,NSE,EQ,N,N,,,
TRANSPEK.NS,XNSE:TRANSPEK,Transpek Industry Limited,NSE,EQ,N,N,,,
TRANSRAILL.NS,XNSE:TRANSRAILL,Transrail Lighting Limited,NSE,EQ,N,N,,,
TRANSWORLD.NS,XNSE:TRANSWORLD,TRANSWORLD SHIPPING LINES LIMITED,NSE,BE,N,N,,,
TRAVELFOOD.NS,XNSE:TRAVELFOOD,Travel Food Services Limited,NSE,EQ,N,N,,,
TREEHOUSE.NS,XNSE:TREEHOUSE,Tree House Education & Accessories Limited,NSE,EQ,N,N,,,
TREJHARA.NS,XNSE:TREJHARA,TREJHARA SOLUTIONS LIMITED,NSE,EQ,N,N,,,
TREL.NS,XNSE:TREL,Transindia Real Estate Limited,NSE,EQ,N,N,,,
TRENT.NS,XNSE:TRENT,Trent Limited,NSE,EQ,N,N,,,
TRF.NS,XNSE:TRF,TRF Limited,NSE,EQ,N,N,,,
TRIDENT.NS,XNSE:TRIDENT,Trident Limited,NSE,EQ,N,N,,,
TRIGYN.NS,XNSE:TRIGYN,Trigyn Technologies Limited,NSE,EQ,N,N,,,
TRITURBINE.NS,XNSE:TRITURBINE,Triveni Turbine Limited,NSE,EQ,N,N,,,
TRIVENI.NS,XNSE:TRIVENI,Triveni Engineering & Industries Limited,NSE,BE,N,N,,,
TRU.NS,XNSE:TRU,TruCap Finance Limited,NSE,EQ,N,N,,,
TRUALT.NS,XNSE:TRUALT,TruAlt Bioenergy Limited,NSE,EQ,N,N,,,
TSFINV.NS,XNSE:TSFINV,TSF INVESTMENTS LIMITED,NSE,EQ,N,N,,,
TTKHLTCARE.NS,XNSE:TTKHLTCARE,TTK Healthcare Limited,NSE,EQ,N,N,,,
TTKPRESTIG.NS,XNSE:TTKPRESTIG,TTK Prestige Limited,NSE,EQ,N,N,,,
TTL.NS,XNSE:TTL,T T Limited,NSE,EQ,N,N,,,
TTML.NS,XNSE:TTML,Tata Teleservices (Maharashtra) Limited,NSE,EQ,N,N,,,
TURTLEMINT.NS,XNSE:TURTLEMINT,Turtlemint Fintech Solutions Limited,NSE,EQ,N,N,,,
TVSELECT.NS,XNSE:TVSELECT,TVS Electronics Limited,NSE,EQ,N,N,,,
TVSHLTD.NS,XNSE:TVSHLTD,TVS Holdings Limited,NSE,EQ,N,N,,,
TVSMOTOR.NS,XNSE:TVSMOTOR,TVS Motor Company Limited,NSE,EQ,N,N,,,
TVSSCS.NS,XNSE:TVSSCS,TVS Supply Chain Solutions Limited,NSE,EQ,N,N,,,
TVSSRICHAK.NS,XNSE:TVSSRICHAK,TVS Srichakra Limited,NSE,EQ,N,N,,,
TVTODAY.NS,XNSE:TVTODAY,TV Today Network Limited,NSE,EQ,N,N,,,
TVVISION.NS,XNSE:TVVISION,TV Vision Limited,NSE,EQ,N,N,,,
UBL.NS,XNSE:UBL,United Breweries Limited,NSE,EQ,N,N,,,
UCAL.NS,XNSE:UCAL,UCAL LIMITED,NSE,EQ,N,N,,,
UCOBANK.NS,XNSE:UCOBANK,UCO Bank,NSE,EQ,N,N,,,
UDS.NS,XNSE:UDS,Updater Services Limited,NSE,EQ,N,N,,,
UEL.NS,XNSE:UEL,Ujaas Energy Limited,NSE,EQ,N,N,,,
UFBL.NS,XNSE:UFBL,United Foodbrands Limited,NSE,EQ,N,N,,,
UFLEX.NS,XNSE:UFLEX,UFLEX Limited,NSE,EQ,N,N,,,
UFO.NS,XNSE:UFO,UFO Moviez India Limited,NSE,EQ,N,N,,,
UGARSUGAR.NS,XNSE:UGARSUGAR,The Ugar Sugar Works Limited,NSE,EQ,N,N,,,
UGROCAP.NS,XNSE:UGROCAP,Ugro Capital Limited,NSE,EQ,N,N,,,
UJJIVANSFB.NS,XNSE:UJJIVANSFB,Ujjivan Small Finance Bank Limited,NSE,EQ,N,N,,,
ULTRACEMCO.NS,XNSE:ULTRACEMCO,UltraTech Cement Limited,NSE,EQ,N,N,,,
ULTRAMAR.NS,XNSE:ULTRAMAR,Ultramarine & Pigments Limited,NSE,EQ,N,N,,,
UMAEXPORTS.NS,XNSE:UMAEXPORTS,Uma Exports Limited,NSE,BE,N,N,,,
UMESLTD.NS,XNSE:UMESLTD,Usha Martin Education & Solutions Limited,NSE,EQ,N,N,,,
UMIYA-MRO.NS,XNSE:UMIYA-MRO,UMIYA BUILDCON LIMITED,NSE,EQ,N,N,,,
UNICHEMLAB.NS,XNSE:UNICHEMLAB,Unichem Laboratories Limited,NSE,EQ,N,N,,,
UNIDT.NS,XNSE:UNIDT,United Drilling Tools Limited,NSE,BE,N,N,,,
UNIECOM.NS,XNSE:UNIECOM,Unicommerce Esolutions Limited,NSE,EQ,N,N,,,
UNIENTER.NS,XNSE:UNIENTER,Uniphos Enterprises Limited,NSE,EQ,N,N,,,
UNIINFO.NS,XNSE:UNIINFO,Uniinfo Telecom Services Limited,NSE,BE,N,N,,,
UNIMECH.NS,XNSE:UNIMECH,Unimech Aerospace and Manufacturing Limited,NSE,EQ,N,N,,,
UNIONBANK.NS,XNSE:UNIONBANK,Union Bank of India,NSE,EQ,N,N,,,
UNIPARTS.NS,XNSE:UNIPARTS,Uniparts India Limited,NSE,EQ,N,N,,,
UNITDSPR.NS,XNSE:UNITDSPR,United Spirits Limited,NSE,EQ,N,N,,,
UNITECH.NS,XNSE:UNITECH,Unitech Limited,NSE,EQ,N,N,,,
UNITEDPOLY.NS,XNSE:UNITEDPOLY,United Polyfab Gujarat Limited,NSE,BE,N,N,,,
UNITEDTEA.NS,XNSE:UNITEDTEA,The United Nilgiri Tea Estates Company Limited,NSE,EQ,N,N,,,
UNIVASTU.NS,XNSE:UNIVASTU,Univastu India Limited,NSE,BE,N,N,,,
UNIVCABLES.NS,XNSE:UNIVCABLES,Universal Cables Limited,NSE,EQ,N,N,,,
UNIVPHOTO.NS,XNSE:UNIVPHOTO,Universus Photo Imagings Limited,NSE,BE,N,N,,,
UNOMINDA.NS,XNSE:UNOMINDA,UNO Minda Limited,NSE,EQ,N,N,,,
UPL.NS,XNSE:UPL,UPL Limited,NSE,EQ,N,N,,,
URAVIDEF.NS,XNSE:URAVIDEF,Uravi Defence and Technology Limited,NSE,BE,N,N,,,
URBANCO.NS,XNSE:URBANCO,Urban Company Limited,NSE,EQ,N,N,,,
URJA.NS,XNSE:URJA,Urja Global Limited,NSE,EQ,N,N,,,
USHAMART.NS,XNSE:USHAMART,Usha Martin Limited,NSE,EQ,N,N,,,
USK.NS,XNSE:USK,Udayshivakumar Infra Limited,NSE,EQ,N,N,,,
UTIAMC.NS,XNSE:UTIAMC,UTI Asset Management Company Limited,NSE,EQ,N,N,,,
UTKARSHBNK.NS,XNSE:UTKARSHBNK,Utkarsh Small Finance Bank Limited,NSE,EQ,N,N,,,
UTLSOLAR.NS,XNSE:UTLSOLAR,Fujiyama Power Systems Limited,NSE,EQ,N,N,,,
UTTAMSUGAR.NS,XNSE:UTTAMSUGAR,Uttam Sugar Mills Limited,NSE,EQ,N,N,,,
UYFINCORP.NS,XNSE:UYFINCORP,U. Y. Fincorp Limited,NSE,EQ,N,N,,,
V2RETAIL.NS,XNSE:V2RETAIL,V2 Retail Limited,NSE,EQ,N,N,,,
VADILALIND.NS,XNSE:VADILALIND,Vadilal Industries Limited,NSE,EQ,N,N,,,
VAIBHAVGBL.NS,XNSE:VAIBHAVGBL,Vaibhav Global Limited,NSE,EQ,N,N,,,
VAISHALI.NS,XNSE:VAISHALI,Vaishali Pharma Limited,NSE,BE,N,N,,,
VAKRANGEE.NS,XNSE:VAKRANGEE,Vakrangee Limited,NSE,EQ,N,N,,,
VALIANTLAB.NS,XNSE:VALIANTLAB,Valiant Laboratories Limited,NSE,BE,N,N,,,
VALIANTORG.NS,XNSE:VALIANTORG,Valiant Organics Limited,NSE,BE,N,N,,,
VAML.NS,XNSE:VAML,Vedanta Aluminium Metal Limited,NSE,EQ,N,N,,,
VARDHACRLC.NS,XNSE:VARDHACRLC,Vardhman Acrylics Limited,NSE,BE,N,N,,,
VARDMNPOLY.NS,XNSE:VARDMNPOLY,Vardhman Polytex Limited,NSE,EQ,N,N,,,
VARROC.NS,XNSE:VARROC,Varroc Engineering Limited,NSE,EQ,N,N,,,
VASCONEQ.NS,XNSE:VASCONEQ,Vascon Engineers Limited,NSE,BE,N,N,,,
VASWANI.NS,XNSE:VASWANI,Vaswani Industries Limited,NSE,EQ,N,N,,,
VBL.NS,XNSE:VBL,Varun Beverages Limited,NSE,EQ,N,N,,,
VCL.NS,XNSE:VCL,Vaxtex Cotfab Limited,NSE,EQ,N,N,,,
VEDL.NS,XNSE:VEDL,Vedanta Limited,NSE,EQ,N,N,,,
VEDPOWER.NS,XNSE:VEDPOWER,Vedanta Power Limited,NSE,EQ,N,N,,,
VEEDOL.NS,XNSE:VEEDOL,Veedol Corporation Limited,NSE,EQ,N,N,,,
VELJAN.NS,XNSE:VELJAN,Veljan Denison Limited,NSE,BE,N,N,,,
VENKEYS.NS,XNSE:VENKEYS,Venky's (India) Limited,NSE,EQ,N,N,,,
VENTIVE.NS,XNSE:VENTIVE,Ventive Hospitality Limited,NSE,EQ,N,N,,,
VENUSPIPES.NS,XNSE:VENUSPIPES,Venus Pipes & Tubes Limited,NSE,EQ,N,N,,,
VENUSREM.NS,XNSE:VENUSREM,Venus Remedies Limited,NSE,BE,N,N,,,
VERANDA.NS,XNSE:VERANDA,Veranda Learning Solutions Limited,NSE,EQ,N,N,,,
VERTOZ.NS,XNSE:VERTOZ,Vertoz Limited,NSE,BE,N,N,,,
VESUVIUS.NS,XNSE:VESUVIUS,Vesuvius India Limited,NSE,EQ,N,N,,,
VETO.NS,XNSE:VETO,Veto Switchgears And Cables Limited,NSE,BE,N,N,,,
VGL.NS,XNSE:VGL,VARVEE GLOBAL LIMITED,NSE,EQ,N,N,,,
VGUARD.NS,XNSE:VGUARD,V-Guard Industries Limited,NSE,EQ,N,N,,,
VHL.NS,XNSE:VHL,Vardhman Holdings Limited,NSE,EQ,N,N,,,
VHLTD.NS,XNSE:VHLTD,Viceroy Hotels Limited,NSE,BE,N,N,,,
VIDHIING.NS,XNSE:VIDHIING,Vidhi Specialty Food Ingredients Limited,NSE,EQ,N,N,,,
VIDYAWIRES.NS,XNSE:VIDYAWIRES,Vidya Wires Limited,NSE,EQ,N,N,,,
VIJAYA.NS,XNSE:VIJAYA,Vijaya Diagnostic Centre Limited,NSE,EQ,N,N,,,
VIJIFIN.NS,XNSE:VIJIFIN,Viji Finance Limited,NSE,BE,N,N,,,
VIKASECO.NS,XNSE:VIKASECO,Vikas EcoTech Limited,NSE,EQ,N,N,,,
VIKASLIFE.NS,XNSE:VIKASLIFE,Vikas Lifecare Limited,NSE,EQ,N,N,,,
VIKRAMSOLR.NS,XNSE:VIKRAMSOLR,Vikram Solar Limited,NSE,EQ,N,N,,,
VIKRAN.NS,XNSE:VIKRAN,Vikran Engineering Limited,NSE,EQ,N,N,,,
VIMTALABS.NS,XNSE:VIMTALABS,Vimta Labs Limited,NSE,EQ,N,N,,,
VINATIORGA.NS,XNSE:VINATIORGA,Vinati Organics Limited,NSE,EQ,N,N,,,
VINCOFE.NS,XNSE:VINCOFE,Vintage Coffee And Beverages Limited,NSE,EQ,N,N,,,
VINDHYATEL.NS,XNSE:VINDHYATEL,Vindhya Telelinks Limited,NSE,EQ,N,N,,,
VINEETLAB.NS,XNSE:VINEETLAB,Vineet Laboratories Limited,NSE,BE,N,N,,,
VINNY.NS,XNSE:VINNY,Vinny Overseas Limited,NSE,EQ,N,N,,,
VINYLINDIA.NS,XNSE:VINYLINDIA,Vinyl Chemicals (India) Limited,NSE,EQ,N,N,,,
VIPCLOTHNG.NS,XNSE:VIPCLOTHNG,VIP Clothing Limited,NSE,BE,N,N,,,
VIPIND.NS,XNSE:VIPIND,VIP Industries Limited,NSE,EQ,N,N,,,
VIPULLTD.NS,XNSE:VIPULLTD,Vipul Limited,NSE,BE,N,N,,,
VIRINCHI.NS,XNSE:VIRINCHI,Virinchi Limited,NSE,EQ,N,N,,,
VISACHROME.NS,XNSE:VISACHROME,VISA Chrome Limited,NSE,BE,N,N,,,
VISAKAIND.NS,XNSE:VISAKAIND,Visaka Industries Limited,NSE,EQ,N,N,,,
VISHNU.NS,XNSE:VISHNU,Vishnu Chemicals Limited,NSE,EQ,N,N,,,
VISHWARAJ.NS,XNSE:VISHWARAJ,Vishwaraj Sugar Industries Limited,NSE,EQ,N,N,,,
VISL.NS,XNSE:VISL,Vedanta Iron and Steel Limited,NSE,EQ,N,N,,,
VITAL.NS,XNSE:VITAL,Vital Chemtech Limited,NSE,BE,N,N,,,
VIVIANA.NS,XNSE:VIVIANA,Viviana Power Tech Limited,NSE,BE,N,N,,,
VIVIDHA.NS,XNSE:VIVIDHA,Visagar Polytex Limited,NSE,EQ,N,N,,,
VIVIMEDLAB.NS,XNSE:VIVIMEDLAB,Vivimed Labs Limited,NSE,BE,N,N,,,
VIYASH.NS,XNSE:VIYASH,Viyash Scientific Limited,NSE,EQ,N,N,,,
VLEGOV.NS,XNSE:VLEGOV,VL E-Governance & IT Solutions Limited,NSE,BE,N,N,,,
VLSFINANCE.NS,XNSE:VLSFINANCE,VLS Finance Limited,NSE,EQ,N,N,,,
VMART.NS,XNSE:VMART,V-Mart Retail Limited,NSE,EQ,N,N,,,
VMM.NS,XNSE:VMM,Vishal Mega Mart Limited,NSE,EQ,N,N,,,
VMSTMT.NS,XNSE:VMSTMT,VMS TMT Limited,NSE,BE,N,N,,,
VOEPL.NS,XNSE:VOEPL,Virtuoso Optoelectronics Limited,NSE,EQ,N,N,,,
VOGL.NS,XNSE:VOGL,Vedanta Oil and Gas Limited,NSE,EQ,N,N,,,
VOLTAMP.NS,XNSE:VOLTAMP,Voltamp Transformers Limited,NSE,EQ,N,N,,,
VOLTAS.NS,XNSE:VOLTAS,Voltas Limited,NSE,EQ,N,N,,,
VPRPL.NS,XNSE:VPRPL,Vishnu Prakash R Punglia Limited,NSE,BE,N,N,,,
VRAJ.NS,XNSE:VRAJ,Vraj Iron and Steel Limited,NSE,EQ,N,N,,,
VRLLOG.NS,XNSE:VRLLOG,VRL Logistics Limited,NSE,EQ,N,N,,,
VSSL.NS,XNSE:VSSL,Vardhman Special Steels Limited,NSE,EQ,N,N,,,
VSTIND.NS,XNSE:VSTIND,VST Industries Limited,NSE,EQ,N,N,,,
VSTL.NS,XNSE:VSTL,Vibhor Steel Tubes Limited,NSE,EQ,N,N,,,
VSTTILLERS.NS,XNSE:VSTTILLERS,V.S.T Tillers Tractors Limited,NSE,EQ,N,N,,,
VTL.NS,XNSE:VTL,Vardhman Textiles Limited,NSE,EQ,N,N,,,
WAAREEENER.NS,XNSE:WAAREEENER,Waaree Energies Limited,NSE,EQ,N,N,,,
WAAREEINDO.NS,XNSE:WAAREEINDO,Indosolar Limited,NSE,EQ,N,N,,,
WAAREERTL.NS,XNSE:WAAREERTL,Waaree Renewable Technologies Limited,NSE,EQ,N,N,,,
WABAG.NS,XNSE:WABAG,VA Tech Wabag Limited,NSE,EQ,N,N,,,
WAKEFIT.NS,XNSE:WAKEFIT,Wakefit Innovations Limited,NSE,EQ,N,N,,,
WALCHANNAG.NS,XNSE:WALCHANNAG,Walchandnagar Industries Limited,NSE,EQ,N,N,,,
WANBURY.NS,XNSE:WANBURY,Wanbury Limited,NSE,EQ,N,N,,,
WCIL.NS,XNSE:WCIL,Western Carriers (India) Limited,NSE,EQ,N,N,,,
WEALTH.NS,XNSE:WEALTH,Wealth First Portfolio Managers Limited,NSE,EQ,N,N,,,
WEBELSOLAR.NS,XNSE:WEBELSOLAR,Websol Energy System Limited,NSE,EQ,N,N,,,
WEIZMANIND.NS,XNSE:WEIZMANIND,Weizmann Limited,NSE,EQ,N,N,,,
WEL.NS,XNSE:WEL,Wonder Electricals Limited,NSE,EQ,N,N,,,
WELCORP.NS,XNSE:WELCORP,Welspun Corp Limited,NSE,EQ,N,N,,,
WELENT.NS,XNSE:WELENT,Welspun Enterprises Limited,NSE,EQ,N,N,,,
WELINV.NS,XNSE:WELINV,Welspun Investments and Commercials Limited,NSE,BE,N,N,,,
WELSPLSOL.NS,XNSE:WELSPLSOL,Welspun Specialty Solutions Limited,NSE,EQ,N,N,,,
WELSPUNLIV.NS,XNSE:WELSPUNLIV,Welspun Living Limited,NSE,EQ,N,N,,,
WENDT.NS,XNSE:WENDT,Wendt (India) Limited,NSE,EQ,N,N,,,
WESTLIFE.NS,XNSE:WESTLIFE,WESTLIFE FOODWORLD LIMITED,NSE,EQ,N,N,,,
WEWIN.NS,XNSE:WEWIN,WE WIN LIMITED,NSE,BE,N,N,,,
WEWORK.NS,XNSE:WEWORK,WeWork India Management Limited,NSE,EQ,N,N,,,
WHEELS.NS,XNSE:WHEELS,Wheels India Limited,NSE,EQ,N,N,,,
WHIRLPOOL.NS,XNSE:WHIRLPOOL,Whirlpool of India Limited,NSE,EQ,N,N,,,
WILLAMAGOR.NS,XNSE:WILLAMAGOR,Williamson Magor & Company Limited,NSE,EQ,N,N,,,
WINDLAS.NS,XNSE:WINDLAS,Windlas Biotech Limited,NSE,EQ,N,N,,,
WINDMACHIN.NS,XNSE:WINDMACHIN,Windsor Machines Limited,NSE,EQ,N,N,,,
WIPL.NS,XNSE:WIPL,The Western India Plywoods Limited,NSE,EQ,N,N,,,
WIPRO.NS,XNSE:WIPRO,Wipro Limited,NSE,EQ,N,N,,,
WOCKPHARMA.NS,XNSE:WOCKPHARMA,Wockhardt Limited,NSE,EQ,N,N,,,
WONDERLA.NS,XNSE:WONDERLA,Wonderla Holidays Limited,NSE,EQ,N,N,,,
WORTHPERI.NS,XNSE:WORTHPERI,Worth Peripherals Limited,NSE,EQ,N,N,,,
WPIL.NS,XNSE:WPIL,WPIL Limited,NSE,EQ,N,N,,,
WSI.NS,XNSE:WSI,W S Industries (I) Limited,NSE,EQ,N,N,,,
WSTCSTPAPR.NS,XNSE:WSTCSTPAPR,West Coast Paper Mills Limited,NSE,EQ,N,N,,,
XCHANGING.NS,XNSE:XCHANGING,Xchanging Solutions Limited,NSE,EQ,N,N,,,
XELPMOC.NS,XNSE:XELPMOC,Xelpmoc Design And Tech Limited,NSE,EQ,N,N,,,
XPROINDIA.NS,XNSE:XPROINDIA,Xpro India Limited,NSE,EQ,N,N,,,
XTGLOBAL.NS,XNSE:XTGLOBAL,Xtglobal Infotech Limited,NSE,EQ,N,N,,,
YASHO.NS,XNSE:YASHO,Yasho Industries Limited,NSE,EQ,N,N,,,
YATHARTH.NS,XNSE:YATHARTH,Yatharth Hospital & Trauma Care Services Limited,NSE,EQ,N,N,,,
YATRA.NS,XNSE:YATRA,Yatra Online Limited,NSE,EQ,N,N,,,
YESBANK.NS,XNSE:YESBANK,Yes Bank Limited,NSE,EQ,N,N,,,
YUKEN.NS,XNSE:YUKEN,Yuken India Limited,NSE,EQ,N,N,,,
ZAGGLE.NS,XNSE:ZAGGLE,Zaggle Prepaid Ocean Services Limited,NSE,EQ,N,N,,,
ZEEL.NS,XNSE:ZEEL,Zee Entertainment Enterprises Limited,NSE,EQ,N,N,,,
ZEELEARN.NS,XNSE:ZEELEARN,Zee Learn Limited,NSE,BE,N,N,,,
ZEEMEDIA.NS,XNSE:ZEEMEDIA,Zee Media Corporation Limited,NSE,EQ,N,N,,,
ZENITHEXPO.NS,XNSE:ZENITHEXPO,Zenith Exports Limited,NSE,EQ,N,N,,,
ZENITHSTL.NS,XNSE:ZENITHSTL,Zenith Steel Pipes & Industries Limited,NSE,EQ,N,N,,,
ZENSARTECH.NS,XNSE:ZENSARTECH,Zensar Technologies Limited,NSE,EQ,N,N,,,
ZENTEC.NS,XNSE:ZENTEC,Zen Technologies Limited,NSE,EQ,N,N,,,
ZFCVINDIA.NS,XNSE:ZFCVINDIA,ZF Commercial Vehicle Control Systems India Limited,NSE,EQ,N,N,,,
ZFSTEERING.NS,XNSE:ZFSTEERING,ZF Steering Gear (India) Limited,NSE,EQ,N,N,,,
ZIMLAB.NS,XNSE:ZIMLAB,Zim Laboratories Limited,NSE,BE,N,N,,,
ZODIAC.NS,XNSE:ZODIAC,Zodiac Energy Limited,NSE,BE,N,N,,,
ZODIACLOTH.NS,XNSE:ZODIACLOTH,Zodiac Clothing Company Limited,NSE,EQ,N,N,,,
ZOTA.NS,XNSE:ZOTA,Zota Health Care LImited,NSE,EQ,N,N,,,
ZSARACOM.NS,XNSE:ZSARACOM,Saraswati Commercial India Limited,NSE,EQ,N,N,,,
ZUARI.NS,XNSE:ZUARI,Zuari Agro Chemicals Limited,NSE,EQ,N,N,,,
ZUARIIND.NS,XNSE:ZUARIIND,ZUARI INDUSTRIES LIMITED,NSE,EQ,N,N,,,
ZYDUSLIFE.NS,XNSE:ZYDUSLIFE,Zydus Lifesciences Limited,NSE,EQ,N,N,,,
ZYDUSWELL.NS,XNSE:ZYDUSWELL,Zydus Wellness Limited,NSE,EQ,N,N,,,
