Ticker,Symbol,Security Name,Listing Exchange,Market Category,ETF,MarketCap,TrailingPE,ForwardPE,Sector,Industry
NVDA,NVDA,NVIDIA Corporation - Common Stock,Q,Q,N,5049088000000,,,Technology,Semiconductors
AAPL,AAPL,Apple Inc. - Common Stock,Q,Q,N,4428825328240,,,Technology,Computer Manufacturing
GOOGL,GOOGL,Alphabet Inc. - Class A Common Stock,Q,Q,N,4401863960000,,,Technology,Computer Software: Programming Data Processing
GOOG,GOOG,Alphabet Inc. - Class C Capital Stock,Q,Q,N,4375935720000,,,Technology,Computer Software: Programming Data Processing
MSFT,MSFT,Microsoft Corporation - Common Stock,Q,Q,N,3058583705025,,,Technology,Computer Software: Prepackaged Software
AMZN,AMZN,"Amazon.com, Inc. - Common Stock",Q,Q,N,2637858375896,,,Consumer Discretionary,Catalog/Specialty Distribution
AVGO,AVGO,Broadcom Inc. - Common Stock,Q,Q,N,1877769401774,,,Technology,Semiconductors
TSLA,TSLA,"Tesla, Inc.  - Common Stock",Q,Q,N,1535903277045,,,Industrials,Auto Manufacturing
META,META,"Meta Platforms, Inc. - Class A Common Stock",Q,Q,N,1485967617929,,,Technology,Computer Software: Programming Data Processing
LLY,LLY,Eli Lilly and Company Common Stock,N, ,N,1082202136705,,,Health Care,Biotechnology: Pharmaceutical Preparations
MU,MU,"Micron Technology, Inc. - Common Stock",Q,Q,N,1070535379933,,,Technology,Semiconductors
WMT,WMT,Walmart Inc. - Common Stock,Q,Q,N,953616625144,,,Consumer Discretionary,Department/Specialty Retail Stores
JPM,JPM,JP Morgan Chase & Co. Common Stock,N, ,N,833622797254,,,Finance,Major Banks
AMD,AMD,"Advanced Micro Devices, Inc. - Common Stock",Q,Q,N,799532411321,,,Technology,Semiconductors
ASML,ASML,ASML Holding N.V. - New York Registry Shares,Q,Q,N,674110912792,,,Technology,Industrial Machinery/Components
XOM,XOM,Exxon Mobil Corporation Common Stock,N, ,N,628995731834,,,Energy,Integrated oil Companies
ORCL,ORCL,Oracle Corporation Common Stock,N, ,N,609204063720,,,Technology,Computer Software: Prepackaged Software
AZN,AZN,AstraZeneca PLC Ordinary Shares,N, ,N,563068563034,,,Health Care,Biotechnology: Pharmaceutical Preparations
JNJ,JNJ,Johnson & Johnson Common Stock,N, ,N,558859491987,,,Health Care,Biotechnology: Pharmaceutical Preparations
INTC,INTC,Intel Corporation - Common Stock,Q,Q,N,554217020000,,,Technology,Semiconductors
CSCO,CSCO,"Cisco Systems, Inc. - Common Stock",Q,Q,N,489329113660,,,Telecommunications,Computer Communications Equipment
COST,COST,Costco Wholesale Corporation - Common Stock,Q,Q,N,432280964199,,,Consumer Discretionary,Department/Specialty Retail Stores
MA,MA,Mastercard Incorporated Common Stock,N, ,N,429130170858,,,Consumer Discretionary,Business Services
CAT,CAT,"Caterpillar, Inc. Common Stock",N, ,N,421777686487,,,Industrials,Construction/Ag Equipment/Trucks
LRCX,LRCX,Lam Research Corporation - Common Stock,Q,Q,N,405747760950,,,Technology,Industrial Machinery/Components
ABBV,ABBV,AbbVie Inc. Common Stock,N, ,N,394118474580,,,Health Care,Biotechnology: Pharmaceutical Preparations
AMAT,AMAT,"Applied Materials, Inc. - Common Stock",Q,Q,N,390763012663,,,Technology,Semiconductors
BAC,BAC,Bank of America Corporation Common Stock,N, ,N,380590156613,,,Finance,Major Banks
CVX,CVX,Chevron Corporation Common Stock,N, ,N,376889954804,,,Energy,Integrated oil Companies
UNH,UNH,UnitedHealth Group Incorporated Common Stock (DE),N, ,N,369224270334,,,Health Care,Medical Specialities
ARM,ARM,Arm Holdings plc - American Depositary Shares,Q,Q,N,368578098740,,,Technology,Semiconductors
NFLX,NFLX,"Netflix, Inc. - Common Stock",Q,Q,N,347980390354,,,Consumer Discretionary,Consumer Electronics/Video Chains
KO,KO,Coca-Cola Company (The) Common Stock,N, ,N,342352319837,,,Consumer Staples,Beverages (Production/Distribution)
PG,PG,Procter & Gamble Company (The) Common Stock,N, ,N,337879711708,,,Consumer Discretionary,Package Goods/Cosmetics
GE,GE,GE Aerospace Common Stock,N, ,N,335996323159,,,Technology,Consumer Electronics/Appliances
MS,MS,Morgan Stanley Common Stock,N, ,N,334762929560,,,Finance,Investment Bankers/Brokers/Service
PLTR,PLTR,Palantir Technologies Inc. - Class A Common Stock,Q,Q,N,327161165501,,,Technology,Computer Software: Prepackaged Software
HSBC,HSBC,"HSBC Holdings, plc. Common Stock",N, ,N,314409940877,,,Finance,Savings Institutions
HD,HD,"Home Depot, Inc. (The) Common Stock",N, ,N,308817007582,,,Consumer Discretionary,RETAIL: Building Materials
GS,GS,"Goldman Sachs Group, Inc. (The) Common Stock",N, ,N,308282754945,,,Finance,Investment Bankers/Brokers/Service
MRK,MRK,"Merck & Company, Inc. Common Stock (new)",N, ,N,295193414081,,,Health Care,Biotechnology: Pharmaceutical Preparations
BABA,BABA,Alibaba Group Holding Limited American Depositary Shares each representing eight Ordinary share,N, ,N,280211683681,,,Consumer Discretionary,Business Services
NVS,NVS,Novartis AG Common Stock,N, ,N,279391568839,,,Health Care,Biotechnology: Pharmaceutical Preparations
KLAC,KLAC,KLA Corporation  - Common Stock,Q,Q,N,275370651919,,,Technology,Electronic Components
PM,PM,Philip Morris International Inc Common Stock,N, ,N,274399870427,,,Health Care,Medicinal Chemicals and Botanical Products
RY,RY,Royal Bank Of Canada Common Stock,N, ,N,271451299697,,,Finance,Commercial Banks
TXN,TXN,Texas Instruments Incorporated - Common Stock,Q,Q,N,264745992902,,,Technology,Semiconductors
IBM,IBM,International Business Machines Corporation Common Stock,N, ,N,263938584330,,,Technology,Computer Manufacturing
DELL,DELL,Dell Technologies Inc. Class C Common Stock ,N, ,N,260327482381,,,Technology,Computer Manufacturing
MRVL,MRVL,"Marvell Technology, Inc. - Common Stock",Q,Q,N,252685980000,,,Technology,Semiconductors
SHEL,SHEL,Shell PLC American Depositary Shares (each representing two (2) Ordinary Shares) ,N, ,N,251780310810,,,Energy,Oil & Gas Production
GEV,GEV,GE Vernova Inc. Common Stock,N, ,N,250944167331,,,,
WFC,WFC,Wells Fargo & Company Common Stock,N, ,N,247752941434,,,Finance,Major Banks
SNDK,SNDK,Sandisk Corporation - Common Stock When-Issued,Q,Q,N,243163382636,,,Technology,Electronic Components
RTX,RTX,RTX Corporation Common Stock,N, ,N,240598461246,,,Industrials,Aerospace
MUFG,MUFG,"Mitsubishi UFJ Financial Group, Inc. Common Stock",N, ,N,236404801526,,,Finance,Commercial Banks
TM,TM,Toyota Motor Corporation Common Stock,N, ,N,232858151746,,,Industrials,Auto Manufacturing
LIN,LIN,Linde plc - Ordinary Shares,Q,Q,N,232187960615,,,Basic Materials,Major Chemicals
QCOM,QCOM,QUALCOMM Incorporated - Common Stock,Q,Q,N,229529580000,,,Technology,Radio And Television Broadcasting And Communications Equipment
C,C,"Citigroup, Inc. Common Stock",N, ,N,227319296562,,,Finance,Major Banks
SAP,SAP,SAP  SE ADS,N, ,N,223489489885,,,Technology,Computer Software: Prepackaged Software
PANW,PANW,"Palo Alto Networks, Inc. - Common Stock",Q,Q,N,217058950000,,,Technology,Computer peripheral equipment
AXP,AXP,American Express Company Common Stock,N, ,N,213090548149,,,Finance,Finance: Consumer Services
BHP,BHP,BHP Group Limited American Depositary Shares (Each representing two Ordinary Shares),N, ,N,212552516416,,,Energy,Coal Mining
MCD,MCD,McDonald's Corporation Common Stock,N, ,N,197364317513,,,Consumer Discretionary,Restaurants
ANET,ANET,"Arista Networks, Inc. Common Stock",N, ,N,196939285545,,,Telecommunications,Computer Communications Equipment
ADI,ADI,"Analog Devices, Inc. - Common Stock",Q,Q,N,196729584586,,,Technology,Semiconductors
STX,STX,Seagate Technology Holdings PLC - Ordinary Shares (Ireland),Q,Q,N,196597253316,,,Technology,Electronic Components
TTE,TTE,TotalEnergies SE Ordinary Shares,N, ,N,193378411689,,,Energy,Oil & Gas Production
TMUS,TMUS,"T-Mobile US, Inc. - Common Stock",Q,Q,N,193097787654,,,Telecommunications,Telecommunications Equipment
PEP,PEP,"PepsiCo, Inc. - Common Stock",Q,Q,N,192276966554,,,Consumer Staples,Beverages (Production/Distribution)
VZ,VZ,Verizon Communications Inc. Common Stock,N, ,N,189737396870,,,Telecommunications,Telecommunications Equipment
APP,APP,Applovin Corporation - Class A Common Stock,Q,Q,N,189366018600,,,Technology,Computer Software: Programming Data Processing
TD,TD,Toronto Dominion Bank (The) Common Stock,N, ,N,188656791400,,,Finance,Commercial Banks
AMGN,AMGN,Amgen Inc. - Common Stock,Q,Q,N,186593341570,,,Health Care,Biotechnology: Biological Products (No Diagnostic Substances)
NVO,NVO,Novo Nordisk A/S Common Stock,N, ,N,183154300000,,,Health Care,Biotechnology: Pharmaceutical Preparations
WDC,WDC,Western Digital Corporation - Common Stock,Q,Q,N,181623355288,,,Technology,Electronic Components
SAN,SAN,"Banco Santander, S.A. Sponsored ADR (Spain)",N, ,N,178985756982,,,Finance,Commercial Banks
APH,APH,Amphenol Corporation Common Stock,N, ,N,176661666302,,,Technology,Electrical Products
TJX,TJX,"TJX Companies, Inc. (The) Common Stock",N, ,N,176476535249,,,Consumer Discretionary,Clothing/Shoe/Accessory Stores
NEE,NEE,"NextEra Energy, Inc. Common Stock",N, ,N,175189535719,,,Technology,EDP Services
TMO,TMO,Thermo Fisher Scientific Inc Common Stock,N, ,N,174524588608,,,Industrials,Industrial Machinery/Components
DIS,DIS,Walt Disney Company (The) Common Stock,N, ,N,171688884491,,,Consumer Discretionary,Services-Misc. Amusement & Recreation
BA,BA,Boeing Company (The) Common Stock,N, ,N,170210239310,,,Industrials,Aerospace
CRWD,CRWD,"CrowdStrike Holdings, Inc. - Class A Common Stock",Q,Q,N,167704757768,,,Technology,Computer Software: Prepackaged Software
GLW,GLW,Corning Incorporated Common Stock,N, ,N,161404017701,,,Industrials,Telecommunications Equipment
UNP,UNP,Union Pacific Corporation Common Stock,N, ,N,159512928937,,,Industrials,Railroads
GILD,GILD,"Gilead Sciences, Inc. - Common Stock",Q,Q,N,159045100859,,,Health Care,Biotechnology: Biological Products (No Diagnostic Substances)
ABT,ABT,Abbott Laboratories Common Stock,N, ,N,157634024825,,,Health Care,Biotechnology: Pharmaceutical Preparations
ETN,ETN,"Eaton Corporation, PLC Ordinary Shares",N, ,N,156539262000,,,Technology,Industrial Machinery/Components
DE,DE,Deere & Company Common Stock,N, ,N,154852303226,,,Industrials,Industrial Machinery/Components
BLK,BLK,"BlackRock, Inc. Common Stock",N, ,N,154422115238,,,Finance,Investment Bankers/Brokers/Service
SCHW,SCHW,Charles Schwab Corporation (The) Common Stock,N, ,N,153183055457,,,Finance,Investment Bankers/Brokers/Service
SMFG,SMFG,Sumitomo Mitsui Financial Group Inc Unsponsored American Depositary Shares (Japan),N, ,N,150457520732,,,Finance,Commercial Banks
CRM,CRM,"Salesforce, Inc. Common Stock",N, ,N,149508450000,,,Technology,Computer Software: Prepackaged Software
ISRG,ISRG,"Intuitive Surgical, Inc. - Common Stock",Q,Q,N,148256107290,,,Health Care,Industrial Specialties
IBKR,IBKR,"Interactive Brokers Group, Inc. - Class A Common Stock",Q,Q,N,148176499364,,,Finance,Investment Bankers/Brokers/Service
UBS,UBS,UBS Group AG Registered Ordinary Shares,N, ,N,146206454742,,,Finance,Major Banks
PFE,PFE,"Pfizer, Inc. Common Stock",N, ,N,146019759610,,,Health Care,Biotechnology: Pharmaceutical Preparations
COP,COP,ConocoPhillips Common Stock,N, ,N,144842974492,,,Energy,Integrated oil Companies
SHOP,SHOP,Shopify Inc. - Class A Subordinate Voting Shares,Q,Q,N,143549945350,,,Technology,Computer Software: Prepackaged Software
UBER,UBER,"Uber Technologies, Inc. Common Stock",N, ,N,142614066851,,,Consumer Discretionary,Business Services
BUD,BUD,Anheuser-Busch Inbev SA Sponsored ADR (Belgium),N, ,N,141367751528,,,Consumer Staples,Beverages (Production/Distribution)
WELL,WELL,Welltower Inc. Common Stock,N, ,N,141182890000,,,Real Estate,Real Estate Investment Trusts
SCCO,SCCO,Southern Copper Corporation Common Stock,N, ,N,140827568190,,,Basic Materials,Metal Mining
HON,HON,Honeywell International Inc. - Common Stock,Q,Q,N,134207730604,,,Industrials,Aerospace
SONY,SONY,Sony Group Corporation American Depositary Shares ,N, ,N,133453800834,,,Consumer Staples,Consumer Electronics/Appliances
PLD,PLD,"Prologis, Inc. Common Stock",N, ,N,133119219640,,,Real Estate,Real Estate Investment Trusts
BTI,BTI,"British American Tobacco  Industries, p.l.c. Common Stock ADR",N, ,N,130234332467,,,Health Care,Medicinal Chemicals and Botanical Products
DHR,DHR,Danaher Corporation Common Stock,N, ,N,129897143173,,,Industrials,Industrial Machinery/Components
BBVA,BBVA,Banco Bilbao Vizcaya Argentaria S.A. Common Stock,N, ,N,127709629819,,,Finance,Commercial Banks
RIO,RIO,Rio Tinto Plc Common Stock,N, ,N,126769120992,,,Basic Materials,Metal Mining
BKNG,BKNG,Booking Holdings Inc. - Common Stock,Q,Q,N,125762770163,,,Consumer Discretionary,Transportation Services
UL,UL,Unilever PLC American Depositary Shares (each representing One Ordinary Share),N, ,N,125228239136,,,Consumer Discretionary,Package Goods/Cosmetics
CB,CB,Chubb Limited  Common Stock,N, ,N,124844410919,,,Finance,Property-Casualty Insurers
CVS,CVS,CVS Health Corporation Common Stock,N, ,N,123867022964,,,Consumer Staples,Retail-Drug Stores and Proprietary Stores
SPGI,SPGI,S&P Global Inc. Common Stock,N, ,N,123458640000,,,Finance,Finance: Consumer Services
ENB,ENB,Enbridge Inc Common Stock,N, ,N,120818471752,,,Energy,Natural Gas Distribution
MFG,MFG,"Mizuho Financial Group, Inc. Sponosred ADR (Japan)",N, ,N,120490995909,,,Finance,Major Banks
LMT,LMT,Lockheed Martin Corporation Common Stock,N, ,N,119909215613,,,Industrials,Military/Government/Technical
HDB,HDB,HDFC Bank Limited Common Stock,N, ,N,117765789926,,,Finance,Commercial Banks
NOW,NOW,"ServiceNow, Inc. Common Stock",N, ,N,117729890000,,,Technology,Computer Software: Prepackaged Software
PDD,PDD,PDD Holdings Inc. - American Depositary Shares,Q,Q,N,117601015690,,,Technology,EDP Services
PGR,PGR,Progressive Corporation (The) Common Stock,N, ,N,117019220281,,,Finance,Property-Casualty Insurers
LOW,LOW,"Lowe's Companies, Inc. Common Stock",N, ,N,116610243317,,,Consumer Discretionary,RETAIL: Building Materials
BMO,BMO,Bank Of Montreal Common Stock,N, ,N,116022768481,,,Finance,Commercial Banks
ACN,ACN,Accenture plc Class A Ordinary Shares (Ireland),N, ,N,116020726037,,,Consumer Discretionary,Business Services
SYK,SYK,Stryker Corporation Common Stock,N, ,N,115594770566,,,Health Care,Medical/Dental Instruments
VRT,VRT,"Vertiv Holdings, LLC Class A Common Stock",N, ,N,115451586825,,,Technology,Industrial Machinery/Components
PBR,PBR,Petroleo Brasileiro S.A. Petrobras ADS,N, ,N,114387503263,,,Energy,Oil & Gas Production
BP,BP,BP p.l.c. Common Stock,N, ,N,114053257855,,,Energy,Integrated oil Companies
BMY,BMY,Bristol-Myers Squibb Company Common Stock,N, ,N,113477899196,,,Health Care,Biotechnology: Pharmaceutical Preparations
VRTX,VRTX,Vertex Pharmaceuticals Incorporated - Common Stock,Q,Q,N,112425647514,,,Health Care,Biotechnology: Pharmaceutical Preparations
COF,COF,Capital One Financial Corporation Common Stock,N, ,N,112255395125,,,Finance,Major Banks
PH,PH,Parker-Hannifin Corporation Common Stock,N, ,N,111351933581,,,Industrials,Metal Fabrications
CDNS,CDNS,"Cadence Design Systems, Inc. - Common Stock",Q,Q,N,108737699840,,,Technology,Computer Software: Prepackaged Software
BN,BN,Brookfield Corporation Class A Limited Voting Shares,N, ,N,108396657683,,,Real Estate,Building operators
SBUX,SBUX,Starbucks Corporation - Common Stock,Q,Q,N,108066354000,,,Consumer Discretionary,Restaurants
SNY,SNY,Sanofi - American Depositary Shares,Q,Q,N,107016921945,,,Health Care,Biotechnology: Pharmaceutical Preparations
EQIX,EQIX,"Equinix, Inc. - Common Stock",Q,Q,N,104811933320,,,Real Estate,Real Estate Investment Trusts
FTNT,FTNT,"Fortinet, Inc. - Common Stock",Q,Q,N,104798025849,,,Technology,Computer peripheral equipment
PWR,PWR,"Quanta Services, Inc. Common Stock",N, ,N,104113231978,,,Industrials,Engineering & Construction
MDT,MDT,Medtronic plc. Ordinary Shares,N, ,N,103596677745,,,Health Care,Biotechnology: Electromedical & Electrotherapeutic Apparatus
SPOT,SPOT,Spotify Technology S.A. Ordinary Shares,N, ,N,103560519310,,,Consumer Discretionary,Broadcasting
GSK,GSK,GSK plc American Depositary Shares (Each representing two Ordinary Shares),N, ,N,103275851735,,,Health Care,Biotechnology: Pharmaceutical Preparations
MAR,MAR,Marriott International - Class A Common Stock,Q,Q,N,103213000815,,,Consumer Discretionary,Hotels/Resorts
SO,SO,Southern Company (The) Common Stock,N, ,N,102993033626,,,Utilities,Electric Utilities: Central
CM,CM,Canadian Imperial Bank of Commerce Common Stock,N, ,N,100189715319,,,Finance,Commercial Banks
BNS,BNS,Bank Nova Scotia Halifax Pfd 3 Ordinary Shares,N, ,N,99283901045,,,Finance,Major Banks
ADBE,ADBE,Adobe Inc. - Common Stock,Q,Q,N,99024958000,,,Technology,Computer Software: Prepackaged Software
HWM,HWM,Howmet Aerospace Inc. Common Stock,N, ,N,98646499934,,,Industrials,Metal Fabrications
BNY,BNY,The Bank of New York Mellon Corporation Common Stock,N, ,N,97314821000,,,Finance,Major Banks
CNQ,CNQ,Canadian Natural Resources Limited Common Stock,N, ,N,96559643880,,,Energy,Oil & Gas Production
DUK,DUK,Duke Energy Corporation (Holding Company) Common Stock,N, ,N,95149718285,,,Utilities,Power Generation
CMI,CMI,Cummins Inc. Common Stock,N, ,N,92822485590,,,Industrials,Industrial Machinery/Components
ADP,ADP,"Automatic Data Processing, Inc. - Common Stock",Q,Q,N,92235757683,,,Industrials,Diversified Commercial Services
GD,GD,General Dynamics Corporation Common Stock,N, ,N,92178833541,,,Industrials,Marine Transportation
MCK,MCK,McKesson Corporation Common Stock,N, ,N,92153233659,,,Health Care,Other Pharmaceuticals
FCX,FCX,"Freeport-McMoRan, Inc. Common Stock",N, ,N,91874450972,,,Basic Materials,Metal Mining
IBN,IBN,ICICI Bank Limited Common Stock,N, ,N,91691682729,,,Finance,Commercial Banks
UPS,UPS,"United Parcel Service, Inc. Common Stock",N, ,N,91545676248,,,Industrials,Trucking Freight/Courier Services
CME,CME,CME Group Inc. - Class A Common Stock,Q,Q,N,91325426224,,,Finance,Investment Bankers/Brokers/Service
PNC,PNC,"PNC Financial Services Group, Inc. (The) Common Stock",N, ,N,91211390512,,,Finance,Major Banks
ELV,ELV,"Elevance Health, Inc. Common Stock",N, ,N,90806449197,,,Health Care,Medical Specialities
SNPS,SNPS,"Synopsys, Inc. - Common Stock",Q,Q,N,90661630801,,,Technology,Computer Software: Prepackaged Software
CEG,CEG,Constellation Energy Corporation - Common Stock When-Issued,Q,Q,N,90539513092,,,Utilities,Electric Utilities: Central
AMT,AMT,American Tower Corporation (REIT) Common Stock,N, ,N,88100379348,,,Real Estate,Real Estate Investment Trusts
JCI,JCI,Johnson Controls International plc Ordinary Share,N, ,N,87887152612,,,Industrials,Industrial Machinery/Components
NET,NET,"Cloudflare, Inc. Class A Common Stock",N, ,N,87585408530,,,Technology,Computer Software: Prepackaged Software
WMB,WMB,"Williams Companies, Inc. (The) Common Stock",N, ,N,87554445791,,,Utilities,Natural Gas Distribution
CSX,CSX,CSX Corporation - Common Stock,Q,Q,N,87536921506,,,Industrials,Railroads
WM,WM,"Waste Management, Inc. Common Stock",N, ,N,86796583037,,,Utilities,Environmental Services
MNST,MNST,Monster Beverage Corporation - Common Stock,Q,Q,N,86524377492,,,Consumer Staples,Beverages (Production/Distribution)
USB,USB,U.S. Bancorp Common Stock,N, ,N,85855111533,,,Finance,Major Banks
E,E,ENI S.p.A. Common Stock,N, ,N,85466140496,,,Energy,Oil & Gas Production
CMCSA,CMCSA,Comcast Corporation - Class A Common Stock,Q,Q,N,84913998127,,,Telecommunications,Cable & Other Pay Television Services
BX,BX,Blackstone Inc. Common Stock,N, ,N,84829445161,,,Finance,Investment Managers
SLB,SLB,SLB Limited Common Shares,N, ,N,84545510730,,,Energy,Oilfield Services/Equipment
ING,ING,"ING Group, N.V. Common Stock",N, ,N,84489961098,,,Finance,Commercial Banks
BCS,BCS,Barclays PLC Common Stock,N, ,N,84236153162,,,Finance,Commercial Banks
NOK,NOK,Nokia Corporation Sponsored American Depositary Shares,N, ,N,83779277165,,,Technology,Radio And Television Broadcasting And Communications Equipment
KKR,KKR,KKR & Co. Inc. Common Stock,N, ,N,83690736831,,,Finance,Investment Managers
INTU,INTU,Intuit Inc. - Common Stock,Q,Q,N,83568288870,,,Technology,Computer Software: Prepackaged Software
SNOW,SNOW,Snowflake Inc. Common Stock,N, ,N,83339970000,,,Technology,Computer Software: Prepackaged Software
DDOG,DDOG,"Datadog, Inc. - Class A Common Stock",Q,Q,N,82468856588,,,Technology,Computer Software: Prepackaged Software
RACE,RACE,Ferrari N.V. Common Shares,N, ,N,82247879818,,,Industrials,Auto Manufacturing
MELI,MELI,"MercadoLibre, Inc. - Common Stock",Q,Q,N,81723350412,,,Consumer Discretionary,Business Services
EPD,EPD,Enterprise Products Partners L.P. Common Stock,N, ,N,81175205528,,,Utilities,Natural Gas Distribution
AEM,AEM,Agnico Eagle Mines Limited Common Stock,N, ,N,81134331609,,,Basic Materials,Precious Metals
ABNB,ABNB,"Airbnb, Inc. - Class A Common Stock",Q,Q,N,81021622799,,,Consumer Discretionary,Diversified Commercial Services
CP,CP,Canadian Pacific Kansas City Limited Common Shares,N, ,N,80348363925,,,Industrials,Railroads
MMM,MMM,3M Company Common Stock,N, ,N,80243123105,,,Health Care,Medical/Dental Instruments
HCA,HCA,"HCA Healthcare, Inc. Common Stock",N, ,N,80155156536,,,Health Care,Hospital/Nursing Management
NGG,NGG,"National Grid Transco, PLC National Grid PLC (NEW) American Depositary Shares",N, ,N,79553410686,,,Utilities,Natural Gas Distribution
ASX,ASX,"ASE Technology Holding Co., Ltd. American Depositary Shares (each representing Two Common Shares) ",N, ,N,79099445056,,,Technology,Semiconductors
MDLZ,MDLZ,"Mondelez International, Inc. - Class A Common Stock",Q,Q,N,79072825586,,,Consumer Staples,Packaged Foods
FDX,FDX,FedEx Corporation Common Stock,N, ,N,78792722966,,,Consumer Discretionary,Air Freight/Delivery Services
ICE,ICE,Intercontinental Exchange Inc. Common Stock,N, ,N,78634512430,,,Finance,Investment Bankers/Brokers/Service
COHR,COHR,Coherent Corp. Common Stock,N, ,N,78633312290,,,Technology,Electronic Components
LYG,LYG,Lloyds Banking Group Plc American Depositary Shares,N, ,N,78551373744,,,Finance,Commercial Banks
MRSH,MRSH,Marsh Common Stock,N, ,N,78301242303,,,Finance,Specialty Insurers
EMR,EMR,Emerson Electric Company Common Stock,N, ,N,77893107000,,,Technology,Consumer Electronics/Appliances
MPC,MPC,Marathon Petroleum Corporation Common Stock,N, ,N,77704774138,,,Energy,Integrated oil Companies
HLT,HLT,Hilton Worldwide Holdings Inc. Common Stock ,N, ,N,77543864954,,,Consumer Discretionary,Hotels/Resorts
MCO,MCO,Moody's Corporation Common Stock,N, ,N,77524872000,,,Finance,Finance: Consumer Services
NOC,NOC,Northrop Grumman Corporation Common Stock,N, ,N,76813124156,,,Industrials,Industrial Machinery/Components
VLO,VLO,Valero Energy Corporation Common Stock,N, ,N,76724461541,,,Energy,Integrated oil Companies
CI,CI,The Cigna Group Common Stock,N, ,N,76611229522,,,Health Care,Medical Specialities
MPWR,MPWR,"Monolithic Power Systems, Inc. - Common Stock",Q,Q,N,76602513400,,,Technology,Semiconductors
HOOD,HOOD,"Robinhood Markets, Inc. - Class A Common Stock",Q,Q,N,76578950047,,,Finance,Investment Bankers/Brokers/Service
CVNA,CVNA,Carvana Co. Class A Common Stock,N, ,N,76175242143,,,Consumer Discretionary,Retail-Auto Dealers and Gas Stations
NXPI,NXPI,NXP Semiconductors N.V. - Common Stock,Q,Q,N,76029140730,,,Technology,Semiconductors
NTES,NTES,"NetEase, Inc. - American Depositary Shares, each representing 5 ordinary shares",Q,Q,N,75745806064,,,Technology,Computer Software: Prepackaged Software
GM,GM,General Motors Company Common Stock,N, ,N,75532493385,,,Industrials,Auto Manufacturing
BAM,BAM,Brookfield Asset Management Inc Class A Limited Voting Shares,N, ,N,75308089075,,,Consumer Discretionary,Other Consumer Services
SU,SU,Suncor Energy  Inc. Common Stock,N, ,N,74682133204,,,Energy,Integrated oil Companies
EOG,EOG,"EOG Resources, Inc. Common Stock",N, ,N,74647888480,,,Energy,Oil & Gas Production
SHW,SHW,Sherwin-Williams Company (The) Common Stock,N, ,N,73879700271,,,Consumer Discretionary,RETAIL: Building Materials
ORLY,ORLY,"O'Reilly Automotive, Inc. - Common Stock",Q,Q,N,73772216333,,,Consumer Discretionary,Auto & Home Supply Stores
APO,APO,"Apollo Global Management, Inc. (New) Common Stock",N, ,N,73546339133,,,Finance,Investment Managers
PSX,PSX,Phillips 66 Common Stock,N, ,N,73539501368,,,Energy,Integrated oil Companies
CNI,CNI,Canadian National Railway Company Common Stock,N, ,N,73418063164,,,Industrials,Railroads
ROST,ROST,"Ross Stores, Inc. - Common Stock",Q,Q,N,72952032304,,,Consumer Discretionary,Clothing/Shoe/Accessory Stores
RCL,RCL,Royal Caribbean Cruises Ltd. Common Stock,N, ,N,72949034016,,,Consumer Discretionary,Marine Transportation
ITW,ITW,Illinois Tool Works Inc. Common Stock,N, ,N,72612603000,,,Industrials,Industrial Machinery/Components
ECL,ECL,Ecolab Inc. Common Stock,N, ,N,72444827390,,,Consumer Discretionary,Package Goods/Cosmetics
BSX,BSX,Boston Scientific Corporation Common Stock,N, ,N,72385497217,,,Health Care,Medical/Dental Instruments
BE,BE,Bloom Energy Corporation Class A Common Stock,N, ,N,72126431609,,,Energy,Industrial Machinery/Components
TRP,TRP,TC Energy Corporation Common Stock,N, ,N,71100590652,,,Utilities,Natural Gas Distribution
LITE,LITE,Lumentum Holdings Inc. - Common Stock,Q,Q,N,69662120000,,,Telecommunications,Telecommunications Equipment
KMI,KMI,"Kinder Morgan, Inc. Common Stock",N, ,N,69614797937,,,Utilities,Natural Gas Distribution
NSC,NSC,Norfolk Southern Corporation Common Stock,N, ,N,69608418730,,,Industrials,Railroads
AON,AON,Aon plc Class A Ordinary Shares (Ireland),N, ,N,69594048832,,,Finance,Specialty Insurers
CTAS,CTAS,Cintas Corporation - Common Stock,Q,Q,N,69481768701,,,Industrials,Garments and Clothing
AEP,AEP,"American Electric Power Company, Inc. - Common Stock",Q,Q,N,68976194907,,,Utilities,Electric Utilities: Central
CL,CL,Colgate-Palmolive Company Common Stock,N, ,N,68872293912,,,Consumer Discretionary,Package Goods/Cosmetics
CRH,CRH,CRH PLC Ordinary Shares,N, ,N,67958032531,,,Industrials,Building Materials
URI,URI,"United Rentals, Inc. Common Stock",N, ,N,67912000116,,,Consumer Discretionary,Diversified Commercial Services
MSI,MSI,"Motorola Solutions, Inc. Common Stock",N, ,N,67527002758,,,Technology,Radio And Television Broadcasting And Communications Equipment
TDG,TDG,Transdigm Group Incorporated Common Stock,N, ,N,67471562501,,,Industrials,Military/Government/Technical
SPG,SPG,"Simon Property Group, Inc. Common Stock",N, ,N,67238270354,,,Real Estate,Real Estate Investment Trusts
STM,STM,STMicroelectronics N.V. Common Stock,N, ,N,66666499082,,,Technology,Semiconductors
DASH,DASH,"DoorDash, Inc. - Common Stock",Q,Q,N,66442747918,,,Technology,EDP Services
WBD,WBD,"Warner Bros. Discovery, Inc. - Series A Common Stock",Q,Q,N,66363908502,,,Consumer Discretionary,Services-Misc. Amusement & Recreation
B,B,Barrick Mining Corporation Common Shares,N, ,N,66115559886,,,Basic Materials,Precious Metals
CIEN,CIEN,Ciena Corporation Common Stock,N, ,N,66058502110,,,Utilities,Telecommunications Equipment
HPE,HPE,Hewlett Packard Enterprise Company Common Stock,N, ,N,66038029592,,,Technology,Retail: Computer Software & Peripheral Equipment
RKLB,RKLB,Rocket Lab Corporation - Common Stock,Q,Q,N,65788288534,,,Industrials,Military/Government/Technical
NWG,NWG,"NatWest Group plc American Depositary Shares, (each representing two (2) Ordinary Shares)",N, ,N,65446117185,,,Finance,Commercial Banks
FIX,FIX,"Comfort Systems USA, Inc. Common Stock",N, ,N,65195945321,,,Industrials,Engineering & Construction
MFC,MFC,Manulife Financial Corporation Common Stock,N, ,N,64903152089,,,Finance,Life Insurance
BKR,BKR,Baker Hughes Company - Common Stock,Q,Q,N,64325734313,,,Consumer Discretionary,Oil and Gas Field Machinery
REGN,REGN,"Regeneron Pharmaceuticals, Inc. - Common Stock",Q,Q,N,64092293823,,,Health Care,Biotechnology: Pharmaceutical Preparations
NKE,NKE,"Nike, Inc. Common Stock",N, ,N,64018746437,,,Consumer Discretionary,Shoe Manufacturing
DLR,DLR,"Digital Realty Trust, Inc. Common Stock",N, ,N,64008615651,,,Real Estate,Real Estate Investment Trusts
VALE,VALE,VALE S.A.  American Depositary Shares Each Representing one common share,N, ,N,64000020151,,,Basic Materials,Metal Mining
TRV,TRV,"The Travelers Companies, Inc. Common Stock",N, ,N,63098059754,,,Finance,Property-Casualty Insurers
RSG,RSG,"Republic Services, Inc. Common Stock",N, ,N,63049601349,,,Utilities,Environmental Services
RELX,RELX,RELX PLC PLC American Depositary Shares (Each representing One Ordinary Share),N, ,N,62963703127,,,Consumer Discretionary,Business Services
PCAR,PCAR,PACCAR Inc. - Common Stock,Q,Q,N,62333340963,,,Consumer Discretionary,Motor Vehicles
APD,APD,"Air Products and Chemicals, Inc. Common Stock",N, ,N,61631333464,,,Basic Materials,Major Chemicals
GWW,GWW,"W.W. Grainger, Inc. Common Stock",N, ,N,61592818654,,,Industrials,Office Equipment/Supplies/Services
TFC,TFC,Truist Financial Corporation Common Stock,N, ,N,60836284998,,,Finance,Major Banks
TEL,TEL,TE Connectivity plc Ordinary Shares,N, ,N,60016695232,,,Technology,Electronic Components
F,F,Ford Motor Company Common Stock,N, ,N,59770389450,,,Industrials,Auto Manufacturing
ALAB,ALAB,"Astera Labs, Inc. - Common Stock",Q,Q,N,59363711514,,,Technology,Semiconductors
IMO,IMO,Imperial Oil Limited Common Stock,A, ,N,59264322150,,,Energy,Integrated oil Companies
DB,DB,Deutsche Bank AG Common Stock,N, ,N,58981890000,,,Finance,Major Banks
AFL,AFL,AFLAC Incorporated Common Stock,N, ,N,58655420337,,,Finance,Accident &Health Insurance
TER,TER,"Teradyne, Inc. - Common Stock",Q,Q,N,58654782680,,,Industrials,Electrical Products
SRE,SRE,DBA Sempra Common Stock,N, ,N,58179958689,,,Utilities,Natural Gas Distribution
NUE,NUE,Nucor Corporation Common Stock,N, ,N,57709556730,,,Industrials,Steel/Iron Ore
D,D,"Dominion Energy, Inc. Common Stock",N, ,N,57621918005,,,Utilities,Electric Utilities: Central
OXY,OXY,Occidental Petroleum Corporation Common Stock,N, ,N,57171602613,,,Energy,Oil & Gas Production
TRGP,TRGP,"Targa Resources, Inc. Common Stock",N, ,N,56693894099,,,Utilities,Natural Gas Distribution
KEYS,KEYS,Keysight Technologies Inc. Common Stock,N, ,N,56668904029,,,Industrials,Industrial Machinery/Components
NU,NU,Nu Holdings Ltd. Class A Ordinary Shares,N, ,N,56325814131,,,Finance,Finance: Consumer Services
TGT,TGT,Target Corporation Common Stock,N, ,N,56306072155,,,Consumer Discretionary,Department/Specialty Retail Stores
CARR,CARR,Carrier Global Corporation Common Stock ,N, ,N,56294085453,,,Industrials,Industrial Machinery/Components
LHX,LHX,"L3Harris Technologies, Inc. Common Stock",N, ,N,56279704697,,,Industrials,Industrial Machinery/Components
O,O,Realty Income Corporation Common Stock,N, ,N,55958876725,,,Real Estate,Real Estate Investment Trusts
CRWV,CRWV,"CoreWeave, Inc. - Class A Common Stock",Q,Q,N,55850036320,,,Technology,Computer Software: Prepackaged Software
FANG,FANG,"Diamondback Energy, Inc. - Common Stock",Q,Q,N,55754888899,,,Energy,Oil & Gas Production
OKE,OKE,"ONEOK, Inc. Common Stock",N, ,N,55537395904,,,Utilities,Oil & Gas Production
ALL,ALL,Allstate Corporation (The) Common Stock,N, ,N,55350648369,,,Finance,Property-Casualty Insurers
NBIS,NBIS,Nebius Group N.V. - Class A Ordinary Shares,Q,Q,N,55349806292,,,Technology,Computer Software: Programming Data Processing
FLEX,FLEX,Flex Ltd. - Ordinary Shares,Q,Q,N,55260782126,,,Technology,Electrical Products
ARGX,ARGX,argenx SE - American Depositary Shares,Q,Q,N,54764913000,,,Health Care,Biotechnology: Biological Products (No Diagnostic Substances)
PSA,PSA,Public Storage Common Stock,N, ,N,54608771288,,,Real Estate,Real Estate Investment Trusts
AJG,AJG,Arthur J. Gallagher & Co. Common Stock,N, ,N,54596388000,,,Finance,Specialty Insurers
MET,MET,"MetLife, Inc. Common Stock",N, ,N,54293195412,,,Finance,Life Insurance
CVE,CVE,Cenovus Energy Inc Common Stock,N, ,N,53850000000,,,Energy,Oil & Gas Production
COR,COR,"Cencora, Inc. Common Stock",N, ,N,53325295325,,,Health Care,Other Pharmaceuticals
FAST,FAST,Fastenal Company - Common Stock,Q,Q,N,52809612806,,,Consumer Discretionary,RETAIL: Building Materials
WPM,WPM,Wheaton Precious Metals Corp Common Shares (Canada),N, ,N,52162160986,,,Basic Materials,Precious Metals
DVN,DVN,Devon Energy Corporation Common Stock,N, ,N,51995412064,,,Energy,Oil & Gas Production
SE,SE,"Sea Limited American Depositary Shares, each representing one Class A Ordinary Share",N, ,N,51748817264,,,Consumer Discretionary,Other Consumer Services
DAL,DAL,"Delta Air Lines, Inc. Common Stock",N, ,N,51383527331,,,Consumer Discretionary,Air Freight/Delivery Services
ODFL,ODFL,"Old Dominion Freight Line, Inc. - Common Stock",Q,Q,N,51370245584,,,Industrials,Trucking Freight/Courier Services
CBRS,CBRS,Cerebras Systems Inc. - Class A Common Stock,Q,Q,N,51187803906,,,Technology,Semiconductors
MT,MT,Arcelor Mittal NY Registry Shares NEW,N, ,N,51132432520,,,Industrials,Steel/Iron Ore
INFY,INFY,Infosys Limited American Depositary Shares,N, ,N,51013739496,,,Technology,EDP Services
EA,EA,Electronic Arts Inc. - Common Stock,Q,Q,N,50952701549,,,Consumer Discretionary,Services-Misc. Amusement & Recreation
CTVA,CTVA,"Corteva, Inc. Common Stock ",N, ,N,50736685200,,,Consumer Staples,Farming/Seeds/Milling
AZO,AZO,"AutoZone, Inc. Common Stock",N, ,N,50650403753,,,Consumer Discretionary,Auto & Home Supply Stores
UMC,UMC,United Microelectronics Corporation (NEW) Common Stock,N, ,N,50352625380,,,Technology,Semiconductors
ROK,ROK,"Rockwell Automation, Inc. Common Stock",N, ,N,50257993612,,,Industrials,Industrial Machinery/Components
LNG,LNG,"Cheniere Energy, Inc. Common Stock",N, ,N,49582067487,,,Utilities,Oil/Gas Transmission
TAK,TAK,Takeda Pharmaceutical Company Limited American Depositary Shares (each representing 1/2 of a share of Common Stock),N, ,N,49538490856,,,Health Care,Biotechnology: Pharmaceutical Preparations
VST,VST,Vistra Corp. Common Stock,N, ,N,49532104549,,,Utilities,Electric Utilities: Central
MCHP,MCHP,Microchip Technology Incorporated - Common Stock,Q,Q,N,49529783905,,,Technology,Semiconductors
ETR,ETR,Entergy Corporation Common Stock,N, ,N,49502147029,,,Utilities,Electric Utilities: Central
EW,EW,Edwards Lifesciences Corporation Common Stock,N, ,N,49432430000,,,Health Care,Industrial Specialties
NDAQ,NDAQ,"Nasdaq, Inc. - Common Stock",Q,Q,N,49077630450,,,Finance,Investment Bankers/Brokers/Service
XEL,XEL,Xcel Energy Inc. - Common Stock,Q,Q,N,48455803247,,,Utilities,Power Generation
ABEV,ABEV,Ambev S.A. American Depositary Shares (Each representing 1 Common Share),N, ,N,48388230981,,,Consumer Staples,Beverages (Production/Distribution)
EBAY,EBAY,eBay Inc. - Common Stock,Q,Q,N,48257012468,,,Consumer Discretionary,Business Services
CAH,CAH,"Cardinal Health, Inc. Common Stock",N, ,N,47890413230,,,Health Care,Other Pharmaceuticals
FER,FER,Ferrovial N.V. - Ordinary Shares,Q,Q,N,47498600787,,,Industrials,Military/Government/Technical
ADSK,ADSK,"Autodesk, Inc. - Common Stock",Q,Q,N,47483440000,,,Technology,Computer Software: Prepackaged Software
ON,ON,ON Semiconductor Corporation - Common Stock,Q,Q,N,47381095792,,,Technology,Semiconductors
FITB,FITB,Fifth Third Bancorp - Common Stock,Q,Q,N,47091948034,,,Finance,Major Banks
CCJ,CCJ,Cameco Corporation Common Stock,N, ,N,45922597200,,,Basic Materials,Other Metals and Minerals
EXC,EXC,Exelon Corporation - Common Stock,Q,Q,N,45839724762,,,Utilities,Power Generation
GRMN,GRMN,Garmin Ltd. Common Stock (Switzerland),N, ,N,45365565337,,,Industrials,Industrial Machinery/Components
HEI,HEI,Heico Corporation Common Stock,N, ,N,45179776110,,,Industrials,Aerospace
IX,IX,ORIX Corporation American Depositary Shares,N, ,N,44808935261,,,Finance,Diversified Financial Services
STT,STT,State Street Corporation Common Stock,N, ,N,44783673610,,,Finance,Major Banks
DEO,DEO,Diageo plc Common Stock,N, ,N,44661836355,,,Consumer Staples,Beverages (Production/Distribution)
MSTR,MSTR,Strategy Inc - Class A Common Stock,Q,Q,N,44576969318,,,Technology,Computer Software: Prepackaged Software
CLS,CLS,"Celestica, Inc. Common Stock",N, ,N,44437105856,,,Technology,Electrical Products
MDLN,MDLN,Medline Inc. - Class A common stock,Q,Q,N,44402659943,,,Health Care,Medical/Dental Instruments
IDXX,IDXX,"IDEXX Laboratories, Inc. - Common Stock",Q,Q,N,44266771426,,,Health Care,Biotechnology: In Vitro & In Vivo Diagnostic Substances
PCG,PCG,Pacific Gas & Electric Co. Common Stock,N, ,N,44165877881,,,Utilities,Power Generation
WAB,WAB,Westinghouse Air Brake Technologies Corporation Common Stock,N, ,N,44053329342,,,Industrials,Railroads
MSCI,MSCI,MSCI Inc. Common Stock,N, ,N,43894032000,,,Consumer Discretionary,Business Services
FERG,FERG,Ferguson Enterprises Inc. Common Stock,N, ,N,43859002696,,,Miscellaneous,Miscellaneous
CCEP,CCEP,Coca-Cola Europacific Partners plc - Ordinary Shares,Q,Q,N,43241826743,,,Consumer Staples,Beverages (Production/Distribution)
GFS,GFS,GlobalFoundries Inc. - Ordinary Share,Q,Q,N,43016618061,,,Technology,Semiconductors
HUM,HUM,Humana Inc. Common Stock,N, ,N,42739492770,,,Health Care,Medical Specialities
COIN,COIN,"Coinbase Global, Inc. - Class A Common Stock",Q,Q,N,42701575691,,,Finance,Finance: Consumer Services
AU,AU,AngloGold Ashanti PLC Ordinary Shares,N, ,N,42532930082,,,Basic Materials,Precious Metals
ERIC,ERIC,Ericsson - American Depositary Shares each representing 1 underlying Class B share,Q,Q,N,42209323722,,,Technology,Radio And Television Broadcasting And Communications Equipment
ARES,ARES,Ares Management Corporation Class A Common Stock,N, ,N,41847768311,,,Finance,Investment Managers
KDP,KDP,Keurig Dr Pepper Inc. - Common Stock,Q,Q,N,41837203733,,,Consumer Staples,Beverages (Production/Distribution)
FMX,FMX,Fomento Economico Mexicano S.A.B. de C.V. Common Stock,N, ,N,41736886645,,,Consumer Staples,Beverages (Production/Distribution)
XYZ,XYZ,"Block, Inc. Class A Common Stock,",N, ,N,41615055520,,,Technology,Computer Software: Prepackaged Software
BDX,BDX,"Becton, Dickinson and Company Common Stock",N, ,N,41328308646,,,Health Care,Medical/Dental Instruments
WDS,WDS,"Woodside Energy Group Limited American Depositary Shares, each representing one Ordinary Share",N, ,N,41215851100,,,Energy,Oil & Gas Production
CRDO,CRDO,Credo Technology Group Holding Ltd - Ordinary Shares,Q,Q,N,40997688164,,,Technology,Semiconductors
VIV,VIV,Telefonica Brasil S.A. American Depositary Shares (Each representing One Common Share),N, ,N,40935717369,,,Telecommunications,Telecommunications Equipment
DHI,DHI,"D.R. Horton, Inc. Common Stock",N, ,N,40914866564,,,Consumer Discretionary,Homebuilding
SLF,SLF,Sun Life Financial Inc. Common Stock,N, ,N,40731037892,,,Finance,Life Insurance
BIDU,BIDU,"Baidu, Inc. - American Depositary Shares, each representing 8 ordinary share",Q,Q,N,40524091687,,,Technology,Computer Software: Programming Data Processing
AMP,AMP,"Ameriprise Financial, Inc. Common Stock",N, ,N,40397951608,,,Finance,Investment Managers
CCI,CCI,Crown Castle Inc. Common Stock,N, ,N,40061927520,,,Real Estate,Real Estate Investment Trusts
VIK,VIK,Viking Holdings Ltd Ordinary Shares,N, ,N,39692788913,,,Consumer Discretionary,Marine Transportation
HLN,HLN,Haleon plc American Depositary Shares (Each representing two Ordinary Shares),N, ,N,39589265773,,,Consumer Discretionary,Package Goods/Cosmetics
TTWO,TTWO,"Take-Two Interactive Software, Inc. - Common Stock",Q,Q,N,39463449221,,,Consumer Discretionary,Services-Misc. Amusement & Recreation
AIG,AIG,"American International Group, Inc. New Common Stock",N, ,N,39288280976,,,Finance,Life Insurance
WCN,WCN,"Waste Connections, Inc. Common Shares",N, ,N,39230639054,,,Utilities,Environmental Services
HMC,HMC,"Honda Motor Company, Ltd. Common Stock",N, ,N,39075121052,,,Industrials,Auto Manufacturing
JD,JD,"JD.com, Inc. - American Depositary Shares",Q,Q,N,39048814728,,,Consumer Discretionary,Other Specialty Stores
ALNY,ALNY,"Alnylam Pharmaceuticals, Inc. - Common Stock",Q,Q,N,39007033328,,,Health Care,Biotechnology: Pharmaceutical Preparations
PEG,PEG,Public Service Enterprise Group Incorporated Common Stock,N, ,N,38739505791,,,Utilities,Power Generation
TEVA,TEVA,Teva Pharmaceutical Industries Limited American Depositary Shares,N, ,N,38728841089,,,Health Care,Biotechnology: Pharmaceutical Preparations
TKO,TKO,"TKO Group Holdings, Inc. Class A Common Stock",N, ,N,38724097212,,,Consumer Discretionary,Services-Misc. Amusement & Recreation
VTR,VTR,"Ventas, Inc. Common Stock",N, ,N,38708833345,,,Real Estate,Real Estate Investment Trusts
ADM,ADM,Archer-Daniels-Midland Company Common Stock,N, ,N,38662552596,,,Consumer Staples,Packaged Foods
ESLT,ESLT,Elbit Systems Ltd. - Ordinary Shares,Q,Q,N,38609855819,,,Industrials,Military/Government/Technical
KR,KR,Kroger Company (The) Common Stock,N, ,N,38571433996,,,Consumer Staples,Food Chains
CCL,CCL,Carnival Corporation Ltd. Common Shares,N, ,N,38570708081,,,Consumer Discretionary,Marine Transportation
CBRE,CBRE,CBRE Group Inc Common Stock Class A,N, ,N,38566871620,,,Finance,Real Estate
STLD,STLD,"Steel Dynamics, Inc. - Common Stock",Q,Q,N,38533655083,,,Industrials,Steel/Iron Ore
ED,ED,"Consolidated Edison, Inc. Common Stock",N, ,N,38441333529,,,Utilities,Power Generation
JBL,JBL,Jabil Inc. Common Stock,N, ,N,38397679277,,,Technology,Electrical Products
AXON,AXON,"Axon Enterprise, Inc. - Common Stock",Q,Q,N,37968414392,,,Industrials,Ordnance And Accessories
LYV,LYV,"Live Nation Entertainment, Inc. Common Stock",N, ,N,37572112338,,,Consumer Discretionary,Services-Misc. Amusement & Recreation
CMG,CMG,"Chipotle Mexican Grill, Inc. Common Stock",N, ,N,37545624180,,,Consumer Discretionary,Restaurants
A,A,"Agilent Technologies, Inc. Common Stock",N, ,N,37475894649,,,Industrials,Biotechnology: Laboratory Analytical Instruments
IRM,IRM,Iron Mountain Incorporated (Delaware)Common Stock REIT,N, ,N,36744298104,,,Real Estate,Real Estate Investment Trusts
EME,EME,"EMCOR Group, Inc. Common Stock",N, ,N,36609456614,,,Industrials,Engineering & Construction
SYY,SYY,Sysco Corporation Common Stock,N, ,N,36571405860,,,Consumer Discretionary,Food Distributors
PYPL,PYPL,"PayPal Holdings, Inc. - Common Stock",Q,Q,N,36395672641,,,Industrials,Diversified Commercial Services
TRI,TRI,Thomson Reuters Corp - Common Shares,Q,Q,N,36283570246,,,Consumer Discretionary,Publishing
WEC,WEC,"WEC Energy Group, Inc. Common Stock",N, ,N,36236981678,,,Utilities,Power Generation
PRU,PRU,"Prudential Financial, Inc. Common Stock",N, ,N,35990840000,,,Finance,Life Insurance
ASTS,ASTS,"AST SpaceMobile, Inc. - Class A Common Stock",Q,Q,N,35730748098,,,Consumer Discretionary,Telecommunications Equipment
HSY,HSY,The Hershey Company Common Stock,N, ,N,35680149135,,,Consumer Staples,Specialty Foods
WAT,WAT,Waters Corporation Common Stock,N, ,N,35674848556,,,Industrials,Biotechnology: Laboratory Analytical Instruments
WDAY,WDAY,"Workday, Inc. - Class A Common Stock",Q,Q,N,35508720000,,,Technology,EDP Services
PAYX,PAYX,"Paychex, Inc. - Common Stock",Q,Q,N,35442133949,,,Industrials,Diversified Commercial Services
VOD,VOD,Vodafone Group Plc - American Depositary Shares each representing ten Ordinary Shares,Q,Q,N,35187091411,,,Telecommunications,Telecommunications Equipment
VMC,VMC,Vulcan Materials Company (Holding Company) Common Stock,N, ,N,35031223852,,,Industrials,Mining & Quarrying of Nonmetallic Minerals (No Fuels)
HIG,HIG,"The Hartford Insurance Group, Inc. Common Stock",N, ,N,34976351324,,,Finance,Property-Casualty Insurers
RKT,RKT,"Rocket Companies, Inc. Class A Common Stock",N, ,N,34943457067,,,Finance,Finance: Consumer Services
BBD,BBD,Banco Bradesco Sa American Depositary Shares,N, ,N,34798369572,,,Finance,Major Banks
UI,UI,Ubiquiti Inc. Common Stock,N, ,N,34665234625,,,Technology,Radio And Television Broadcasting And Communications Equipment
UAL,UAL,"United Airlines Holdings, Inc. - Common Stock",Q,Q,N,34183789073,,,Consumer Discretionary,Air Freight/Delivery Services
HAL,HAL,Halliburton Company Common Stock,N, ,N,33833608268,,,Energy,Oilfield Services/Equipment
SATS,SATS,EchoStar Corporation - Common stock,Q,Q,N,33798048971,,,Consumer Discretionary,Telecommunications Equipment
KVUE,KVUE,Kenvue Inc. Common Stock,N, ,N,33696152123,,,Consumer Discretionary,Specialty Chemicals
ROP,ROP,"Roper Technologies, Inc. - Common Stock",Q,Q,N,33681168566,,,Technology,Computer Software: Programming Data Processing
TS,TS,Tenaris S.A. American Depositary Shares,N, ,N,33666000777,,,Industrials,Steel/Iron Ore
LVS,LVS,Las Vegas Sands Corp. Common Stock,N, ,N,33655349737,,,Consumer Discretionary,Hotels/Resorts
NTAP,NTAP,"NetApp, Inc. - Common Stock",Q,Q,N,33607340424,,,Technology,Electronic Components
SUNB,SUNB,"Sunbelt Rentals Holdings, Inc. Common Stock",N, ,N,33597140986,,,Consumer Discretionary,Diversified Commercial Services
HBAN,HBAN,Huntington Bancshares Incorporated - Common Stock,Q,Q,N,33427383380,,,Finance,Major Banks
MLM,MLM,"Martin Marietta Materials, Inc. Common Stock",N, ,N,33380734108,,,Industrials,Mining & Quarrying of Nonmetallic Minerals (No Fuels)
EQT,EQT,EQT Corporation Common Stock,N, ,N,33137824440,,,Energy,Oil & Gas Production
ZTS,ZTS,Zoetis Inc. Class A Common Stock,N, ,N,33043560261,,,Health Care,Biotechnology: Pharmaceutical Preparations
ALC,ALC,Alcon Inc. Ordinary Shares,N, ,N,33035167000,,,Health Care,Ophthalmic Goods
RDDT,RDDT,"Reddit, Inc. Class A Common Stock",N, ,N,32931427048,,,Technology,EDP Services
PUK,PUK,Prudential Public Limited Company Common Stock,N, ,N,32681506324,,,Finance,Life Insurance
QSR,QSR,Restaurant Brands International Inc. Common Shares,N, ,N,32628087921,,,Consumer Discretionary,Restaurants
MTB,MTB,M&T Bank Corporation Common Stock,N, ,N,32603063708,,,Finance,Major Banks
KMB,KMB,Kimberly-Clark Corporation - Common Stock,Q,Q,N,32447169897,,,Consumer Discretionary,Containers/Packaging
NTR,NTR,Nutrien Ltd. Common Shares,N, ,N,32426419036,,,Industrials,Agricultural Chemicals
TWLO,TWLO,Twilio Inc. Class A Common Stock,N, ,N,32258016204,,,Technology,Computer Software: Prepackaged Software
GFI,GFI,Gold Fields Limited American Depositary Shares,N, ,N,32113469982,,,Basic Materials,Precious Metals
CNC,CNC,Centene Corporation Common Stock,N, ,N,32111618910,,,Health Care,Medical Specialities
VG,VG,"Venture Global, Inc. Class A common stock",N, ,N,31899157105,,,Utilities,Oil/Gas Transmission
RPRX,RPRX,Royalty Pharma plc - Class A Ordinary Shares,Q,Q,N,31590154711,,,Health Care,Biotechnology: Pharmaceutical Preparations
RVMD,RVMD,"Revolution Medicines, Inc. - Common Stock",Q,Q,N,31568448642,,,Health Care,Biotechnology: Biological Products (No Diagnostic Substances)
EC,EC,Ecopetrol S.A. American Depositary Shares,N, ,N,31557063182,,,Energy,Oil & Gas Production
ACGL,ACGL,Arch Capital Group Ltd. - Common Stock,Q,Q,N,31308800981,,,Finance,Property-Casualty Insurers
NTRS,NTRS,Northern Trust Corporation - Common Stock,Q,Q,N,31293341800,,,Finance,Major Banks
BBDO,BBDO,Banco Bradesco Sa American Depositary Shares (each representing one Common Share),N, ,N,30884875122,,,Finance,Major Banks
KGC,KGC,Kinross Gold Corporation Common Stock,N, ,N,30879426000,,,Basic Materials,Precious Metals
IQV,IQV,"IQVIA Holdings, Inc. Common Stock",N, ,N,30657861000,,,Health Care,Biotechnology: Commercial Physical & Biological Resarch
EXR,EXR,Extra Space Storage Inc Common Stock,N, ,N,30632835720,,,Real Estate,Real Estate Investment Trusts
EL,EL,"Estee Lauder Companies, Inc. (The) Common Stock",N, ,N,30622321606,,,Consumer Discretionary,Package Goods/Cosmetics
NTRA,NTRA,"Natera, Inc. - Common Stock",Q,Q,N,30572187596,,,Health Care,Medical Specialities
SHG,SHG,Shinhan Financial Group Co Ltd American Depositary Shares,N, ,N,30495129370,,,Finance,Major Banks
TECK,TECK,Teck Resources Ltd Ordinary Shares,N, ,N,30395714315,,,Industrials,Mining & Quarrying of Nonmetallic Minerals (No Fuels)
RBLX,RBLX,Roblox Corporation Class A Common Stock,N, ,N,30285900914,,,Technology,Computer Software: Prepackaged Software
Q,Q,"Qnity Electronics, Inc. Common Stock",N, ,N,30239048451,,,Technology,Semiconductors
BAP,BAP,Credicorp Ltd. Common Stock,N, ,N,30191959385,,,Finance,Commercial Banks
ONC,ONC,BeOne Medicines Ltd. - American Depositary Shares,Q,Q,N,30105926241,,,Health Care,Biotechnology: Pharmaceutical Preparations
DTE,DTE,DTE Energy Company Common Stock,N, ,N,29770931873,,,Utilities,Electric Utilities: Central
TCOM,TCOM,Trip.com Group Limited - American Depositary Shares,Q,Q,N,29728383531,,,Consumer Discretionary,Business Services
ZM,ZM,"Zoom Communications, Inc. - Class A Common Stock",Q,Q,N,29660438851,,,Technology,Computer Software: Programming Data Processing
AEE,AEE,Ameren Corporation Common Stock,N, ,N,29653935654,,,Utilities,Power Generation
RYAAY,RYAAY,"Ryanair Holdings plc - American Depositary Shares, each representing five Ordinary Shares",Q,Q,N,29642749334,,,Consumer Discretionary,Air Freight/Delivery Services
FSLR,FSLR,"First Solar, Inc. - Common Stock",Q,Q,N,29591581637,,,Technology,Semiconductors
DXCM,DXCM,"DexCom, Inc. - Common Stock",Q,Q,N,29565587498,,,Health Care,Medical/Dental Instruments
GEHC,GEHC,GE HealthCare Technologies Inc. - Common Stock,Q,Q,N,29417851801,,,Health Care,Medical Electronics
VICI,VICI,VICI Properties Inc. Common Stock,N, ,N,29291427124,,,Real Estate,Real Estate Investment Trusts
RJF,RJF,"Raymond James Financial, Inc. Common Stock",N, ,N,29269482876,,,Finance,Investment Bankers/Brokers/Service
DOV,DOV,Dover Corporation Common Stock,N, ,N,29112451093,,,Industrials,Industrial Machinery/Components
MTZ,MTZ,"MasTec, Inc. Common Stock",N, ,N,28581011705,,,Industrials,Water Sewer Pipeline Comm & Power Line Construction
CPRT,CPRT,"Copart, Inc. - Common Stock",Q,Q,N,28570542335,,,Consumer Discretionary,Retail-Auto Dealers and Gas Stations
TPR,TPR,"Tapestry, Inc. Common Stock",N, ,N,28468100203,,,Consumer Discretionary,Apparel
BIIB,BIIB,Biogen Inc. - Common Stock,Q,Q,N,28437861477,,,Health Care,Biotechnology: Biological Products (No Diagnostic Substances)
TDY,TDY,Teledyne Technologies Incorporated Common Stock,N, ,N,28371037528,,,Industrials,Industrial Machinery/Components
MDB,MDB,"MongoDB, Inc. - Class A Common Stock",Q,G,N,28357080183,,,Technology,Computer Software: Prepackaged Software
IR,IR,Ingersoll Rand Inc. Common Stock,N, ,N,28356266992,,,Industrials,Industrial Machinery/Components
FOXA,FOXA,Fox Corporation - Class A Common Stock,Q,Q,N,28337365084,,,Industrials,Broadcasting
AMRZ,AMRZ,Amrize Ltd Ordinary Shares,N, ,N,28119659737,,,Industrials,Building Materials
PBA,PBA,Pembina Pipeline Corp. Ordinary Shares (Canada),N, ,N,28113837575,,,Energy,Oil & Gas Production
FISV,FISV,"Fiserv, Inc. - Common Stock",Q,Q,N,28113150142,,,Consumer Discretionary,Business Services
FTS,FTS,Fortis Inc. Common Shares,N, ,N,28043045365,,,Utilities,Electric Utilities: Central
ATO,ATO,Atmos Energy Corporation Common Stock,N, ,N,28024168916,,,Utilities,Oil/Gas Transmission
RMD,RMD,ResMed Inc. Common Stock,N, ,N,28016190006,,,Health Care,Medical/Dental Instruments
FICO,FICO,Fair Isaac Corporation Common Stock,N, ,N,27999308450,,,Consumer Discretionary,Business Services
CASY,CASY,"Caseys General Stores, Inc. - Common Stock",Q,Q,N,27779515719,,,Consumer Discretionary,Retail-Auto Dealers and Gas Stations
KHC,KHC,The Kraft Heinz Company - Common Stock,Q,Q,N,27687907847,,,Consumer Staples,Packaged Foods
MTSI,MTSI,"MACOM Technology Solutions Holdings, Inc. - Common Stock",Q,Q,N,27608388780,,,Technology,Semiconductors
AXIA,AXIA,AXIA Energia American Depositary Shares (Each representing one Common Share),N, ,N,27548156764,,,Utilities,Electric Utilities: Central
FTI,FTI,TechnipFMC plc Ordinary Share,N, ,N,27410755419,,,Consumer Discretionary,Oil and Gas Field Machinery
CNP,CNP,"CenterPoint Energy, Inc (Holding Co) Common Stock",N, ,N,27376992738,,,Utilities,Electric Utilities: Central
STRL,STRL,"Sterling Infrastructure, Inc. - Common Stock",Q,Q,N,27367574934,,,Industrials,Military/Government/Technical
TPL,TPL,Texas Pacific Land Corporation Common Stock,N, ,N,27323530304,,,Energy,Oil & Gas Production
TSEM,TSEM,Tower Semiconductor Ltd. - Ordinary Shares,Q,Q,N,27308149446,,,Technology,Semiconductors
VEEV,VEEV,Veeva Systems Inc. Class A Common Stock,N, ,N,27277438538,,,Technology,Computer Software: Prepackaged Software
EIX,EIX,Edison International Common Stock,N, ,N,27258802780,,,Utilities,Electric Utilities: Central
CPNG,CPNG,"Coupang, Inc. Class A Common Stock",N, ,N,27249074571,,,Consumer Discretionary,Catalog/Specialty Distribution
CFG,CFG,"Citizens Financial Group, Inc. Common Stock",N, ,N,27212452968,,,Finance,Major Banks
JBHT,JBHT,"J.B. Hunt Transport Services, Inc. - Common Stock",Q,Q,N,27174201329,,,Industrials,Trucking Freight/Courier Services
EXPE,EXPE,"Expedia Group, Inc. - Common Stock",Q,Q,N,27112987194,,,Consumer Discretionary,Transportation Services
NRG,NRG,"NRG Energy, Inc. Common Stock",N, ,N,26945082084,,,Utilities,Electric Utilities: Central
OTIS,OTIS,Otis Worldwide Corporation Common Stock ,N, ,N,26718150372,,,Technology,Consumer Electronics/Appliances
SYM,SYM,Symbotic Inc. - Class A Common Stock,Q,G,N,26717993109,,,Industrials,Industrial Machinery/Components
CW,CW,Curtiss-Wright Corporation Common Stock,N, ,N,26646769828,,,Technology,Industrial Machinery/Components
PPL,PPL,PPL Corporation Common Stock,N, ,N,26595585297,,,Utilities,Electric Utilities: Central
NVT,NVT,nVent Electric plc Ordinary Shares ,N, ,N,26491427242,,,Industrials,Industrial Machinery/Components
SMCI,SMCI,"Super Micro Computer, Inc. - Common Stock",Q,Q,N,26456399023,,,Technology,Computer Manufacturing
FE,FE,FirstEnergy Corp. Common Stock,N, ,N,26440089009,,,Utilities,Electric Utilities: Central
XPO,XPO,"XPO, Inc. Common Stock",N, ,N,26377326331,,,Consumer Discretionary,Transportation Services
AVB,AVB,"AvalonBay Communities, Inc. Common Stock",N, ,N,26098815265,,,Real Estate,Real Estate Investment Trusts
XYL,XYL,Xylem Inc. Common Stock New,N, ,N,26032191353,,,Industrials,Fluid Controls
VRSN,VRSN,"VeriSign, Inc. - Common Stock",Q,Q,N,25790310000,,,Technology,EDP Services
HUBB,HUBB,Hubbell Inc Common Stock,N, ,N,25629847098,,,Technology,Electrical Products
ES,ES,Eversource Energy (D/B/A) Common Stock,N, ,N,25607288902,,,Utilities,Electric Utilities: Central
PHG,PHG,Koninklijke Philips N.V. NY Registry Shares,N, ,N,25378085200,,,Health Care,Medical Electronics
NMR,NMR,Nomura Holdings Inc ADR American Depositary Shares,N, ,N,25364290080,,,Finance,Investment Bankers/Brokers/Service
FOX,FOX,Fox Corporation - Class B Common Stock,Q,Q,N,25354042247,,,Industrials,Broadcasting
INIO,INIO,INNIO N.V. - Ordinary Shares,Q,Q,N,25290000000,,,Consumer Discretionary,Metal Fabrications
EQR,EQR,Equity Residential Common Shares of Beneficial Interest,N, ,N,25230394635,,,Real Estate,Real Estate Investment Trusts
PPG,PPG,"PPG Industries, Inc. Common Stock",N, ,N,25160952000,,,Consumer Discretionary,Paints/Coatings
CTSH,CTSH,Cognizant Technology Solutions Corporation - Class A Common Stock,Q,Q,N,25110343162,,,Technology,EDP Services
CINF,CINF,Cincinnati Financial Corporation - Common Stock,Q,Q,N,25097923890,,,Finance,Property-Casualty Insurers
WRB,WRB,W.R. Berkley Corporation Common Stock,N, ,N,24849471861,,,Finance,Property-Casualty Insurers
TEAM,TEAM,Atlassian Corporation  - Class A Common Stock,Q,Q,N,24841336011,,,Technology,Computer Software: Prepackaged Software
CRS,CRS,Carpenter Technology Corporation Common Stock,N, ,N,24797592093,,,Industrials,Steel/Iron Ore
IHG,IHG,Intercontinental Hotels Group American Depositary Shares (Each representing one Ordinary Share),N, ,N,24729818350,,,Consumer Discretionary,Hotels/Resorts
DOW,DOW,Dow Inc. Common Stock ,N, ,N,24649357180,,,Industrials,Major Chemicals
ATI,ATI,ATI Inc. Common Stock,N, ,N,24583782720,,,Industrials,Steel/Iron Ore
P,P,"Everpure, Inc. Class A common stock",N, ,N,24502897597,,,Technology,Electronic Components
WTW,WTW,Willis Towers Watson Public Limited Company - Ordinary Shares,Q,Q,N,24378911565,,,Finance,Specialty Insurers
RF,RF,Regions Financial Corporation Common Stock,N, ,N,24372519605,,,Finance,Major Banks
BG,BG,Bunge Limited Common Shares,N, ,N,24349273433,,,Consumer Staples,Packaged Foods
AER,AER,AerCap Holdings N.V. Ordinary Shares,N, ,N,24298025820,,,Consumer Discretionary,Diversified Commercial Services
STZ,STZ,"Constellation Brands, Inc. Common Stock",N, ,N,24254154077,,,Consumer Staples,Beverages (Production/Distribution)
FCNCA,FCNCA,"First Citizens BancShares, Inc. - Class A Common Stock",Q,Q,N,24034280820,,,Finance,Major Banks
AWK,AWK,"American Water Works Company, Inc. Common Stock",N, ,N,23919911017,,,Utilities,Water Supply
ILMN,ILMN,"Illumina, Inc. - Common Stock",Q,Q,N,23911452000,,,Health Care,Medical Specialities
WSM,WSM,"Williams-Sonoma, Inc. Common Stock (DE)",N, ,N,23842511261,,,Consumer Discretionary,Home Furnishings
SYF,SYF,Synchrony Financial Common Stock,N, ,N,23730920573,,,Finance,Finance: Consumer Services
ONON,ONON,On Holding AG Class A Ordinary Shares,N, ,N,23680448875,,,Consumer Discretionary,Shoe Manufacturing
FTAI,FTAI,FTAI Aviation Ltd. - Common Stock,Q,Q,N,23641271727,,,Industrials,Misc Corporate Leasing Services
KEY,KEY,KeyCorp Common Stock,N, ,N,23625277742,,,Finance,Major Banks
DG,DG,Dollar General Corporation Common Stock,N, ,N,23563065633,,,Consumer Discretionary,Department/Specialty Retail Stores
VRSK,VRSK,"Verisk Analytics, Inc. - Common Stock",Q,Q,N,23448978705,,,Industrials,Diversified Commercial Services
IONQ,IONQ,"IonQ, Inc. Common Stock",N, ,N,23441352734,,,Technology,EDP Services
HPQ,HPQ,HP Inc. Common Stock,N, ,N,23210585872,,,Technology,Computer Manufacturing
TW,TW,Tradeweb Markets Inc. - Class A Common Stock,Q,Q,N,23196637344,,,Finance,Investment Bankers/Brokers/Service
UTHR,UTHR,United Therapeutics Corporation - Common Stock,Q,Q,N,23120310998,,,Health Care,Biotechnology: Pharmaceutical Preparations
MTD,MTD,"Mettler-Toledo International, Inc. Common Stock",N, ,N,23014032627,,,Industrials,Biotechnology: Laboratory Analytical Instruments
WIT,WIT,Wipro Limited Common Stock,N, ,N,22864739158,,,Technology,EDP Services
CPAY,CPAY,"Corpay, Inc. Common Stock",N, ,N,22811963350,,,Consumer Discretionary,Business Services
LPLA,LPLA,LPL Financial Holdings Inc. - Common Stock,Q,Q,N,22692737323,,,Finance,Investment Bankers/Brokers/Service
PFG,PFG,Principal Financial Group Inc - Common Stock,Q,Q,N,22687780692,,,Finance,Accident &Health Insurance
TROW,TROW,"T. Rowe Price Group, Inc. - Common Stock",Q,Q,N,22594413603,,,Finance,Investment Bankers/Brokers/Service
CHD,CHD,"Church & Dwight Company, Inc. Common Stock",N, ,N,22592572451,,,Consumer Discretionary,Package Goods/Cosmetics
WST,WST,"West Pharmaceutical Services, Inc. Common Stock",N, ,N,22589568501,,,Health Care,Medical/Dental Instruments
BCE,BCE,"BCE, Inc. Common Stock",N, ,N,22548474255,,,Telecommunications,Telecommunications Equipment
MKL,MKL,Markel Group Inc. Common Stock,N, ,N,22474498023,,,Finance,Property-Casualty Insurers
DRI,DRI,"Darden Restaurants, Inc. Common Stock",N, ,N,22448860588,,,Consumer Discretionary,Restaurants
ROL,ROL,"Rollins, Inc. Common Stock",N, ,N,22426577423,,,Consumer Discretionary,Diversified Commercial Services
PHM,PHM,"PulteGroup, Inc. Common Stock",N, ,N,22422148612,,,Consumer Discretionary,Homebuilding
FFIV,FFIV,"F5, Inc. - Common Stock",Q,Q,N,22352741469,,,Telecommunications,Computer Communications Equipment
LEN,LEN,Lennar Corporation Class A Common Stock,N, ,N,22349107379,,,Consumer Discretionary,Homebuilding
FN,FN,Fabrinet Ordinary Shares,N, ,N,22347367135,,,Utilities,Telecommunications Equipment
RL,RL,Ralph Lauren Corporation Common Stock,N, ,N,22190669606,,,Industrials,Garments and Clothing
CHRW,CHRW,"C.H. Robinson Worldwide, Inc. - Common Stock",Q,Q,N,22176634122,,,Industrials,Integrated Freight & Logistics
AFRM,AFRM,"Affirm Holdings, Inc. - Class A Common Stock",Q,Q,N,21922460065,,,Finance,Finance: Consumer Services
CMS,CMS,CMS Energy Corporation Common Stock,N, ,N,21905488978,,,Utilities,Power Generation
NI,NI,NiSource Inc Common Stock,N, ,N,21879415005,,,Utilities,Power Generation
SNX,SNX,TD SYNNEX Corporation Common Stock,N, ,N,21848691256,,,Technology,Retail: Computer Software & Peripheral Equipment
DGX,DGX,Quest Diagnostics Incorporated Common Stock,N, ,N,21830442763,,,Health Care,Medical Specialities
L,L,Loews Corporation Common Stock,N, ,N,21805327472,,,Finance,Property-Casualty Insurers
FWONK,FWONK,Liberty Media Corporation - Series C Liberty Formula One Common Stock,Q,Q,N,21770117854,,,Industrials,Broadcasting
EXE,EXE,Expand Energy Corporation - Common Stock,Q,Q,N,21631072527,,,Energy,Oil & Gas Production
BNTX,BNTX,BioNTech SE - American Depositary Shares,Q,Q,N,21488316570,,,Health Care,Biotechnology: Biological Products (No Diagnostic Substances)
LH,LH,Labcorp Holdings Inc. Common Stock,N, ,N,21484820000,,,Health Care,Medical Specialities
WWD,WWD,"Woodward, Inc. - Common Stock",Q,Q,N,21437317559,,,Energy,Industrial Machinery/Components
OMC,OMC,Omnicom Group Inc. Common Stock,N, ,N,21395415134,,,Consumer Discretionary,Advertising
EXPD,EXPD,"Expeditors International of Washington, Inc. Common Stock",N, ,N,21376502778,,,Industrials,Integrated Freight & Logistics
FDXF,FDXF,"FedEx Freight Holding Company, Inc. Common Stock",N, ,N,21322583125,,,Consumer Discretionary,Air Freight/Delivery Services
SW,SW,Smurfit WestRock plc Ordinary Shares,N, ,N,21240795159,,,Consumer Discretionary,Containers/Packaging
RIVN,RIVN,"Rivian Automotive, Inc. - Class A Common Stock",Q,Q,N,21225435651,,,Industrials,Auto Manufacturing
SBAC,SBAC,SBA Communications Corporation - Class A Common Stock,Q,Q,N,21223209702,,,Real Estate,Real Estate Investment Trusts
SOFI,SOFI,"SoFi Technologies, Inc.  - Common Stock",Q,Q,N,21165229800,,,Finance,Finance: Consumer Services
IREN,IREN,IREN Limited - Ordinary Shares,Q,Q,N,21153243714,,,Technology,EDP Services
MKSI,MKSI,MKS Inc. - Common Stock,Q,Q,N,21079847220,,,Industrials,Industrial Machinery/Components
YPF,YPF,YPF Sociedad Anonima Common Stock,N, ,N,21057966937,,,Energy,Integrated oil Companies
ZS,ZS,"Zscaler, Inc. - Common Stock",Q,Q,N,20900956106,,,Technology,EDP Services
VLTO,VLTO,Veralto Corp Common Stock ,N, ,N,20853833676,,,Industrials,Electrical Products
LYB,LYB,LyondellBasell Industries NV Ordinary Shares Class A (Netherlands),N, ,N,20797022924,,,Industrials,Major Chemicals
SQM,SQM,Sociedad Quimica y Minera S.A. Common Stock,N, ,N,20783006910,,,Industrials,Mining & Quarrying of Nonmetallic Minerals (No Fuels)
DLTR,DLTR,"Dollar Tree, Inc. - Common Stock",Q,Q,N,20695281382,,,Consumer Discretionary,Department/Specialty Retail Stores
AKAM,AKAM,"Akamai Technologies, Inc. - Common Stock",Q,Q,N,20625833933,,,Consumer Discretionary,Business Services
CRCL,CRCL,"Circle Internet Group, Inc. Class A Common Stock",N, ,N,20514979756,,,Finance,Finance: Consumer Services
STLA,STLA,Stellantis N.V. Common Shares,N, ,N,20514181028,,,Industrials,Auto Manufacturing
STE,STE,STERIS plc (Ireland) Ordinary Shares,N, ,N,20499449925,,,Health Care,Industrial Specialties
ROIV,ROIV,Roivant Sciences Ltd. - Common Shares,Q,Q,N,20492013269,,,Health Care,Biotechnology: Pharmaceutical Preparations
FIS,FIS,"Fidelity National Information Services, Inc. Common Stock",N, ,N,20437401631,,,Consumer Discretionary,Business Services
INSM,INSM,Insmed Incorporated - Common Stock,Q,Q,N,20411578311,,,Health Care,Biotechnology: Pharmaceutical Preparations
RCI,RCI,"Rogers Communication, Inc. Common Stock",N, ,N,20382662009,,,Telecommunications,Cable & Other Pay Television Services
OKTA,OKTA,"Okta, Inc. - Class A Common Stock",Q,Q,N,20309390600,,,Technology,Computer Software: Prepackaged Software
ENTG,ENTG,"Entegris, Inc. - Common Stock",Q,Q,N,20238275000,,,Industrials,Plastic Products
RS,RS,"Reliance, Inc. Common Stock",N, ,N,20228487328,,,Industrials,Metal Fabrications
FWONA,FWONA,Liberty Media Corporation - Series A Liberty Formula One Common Stock,Q,Q,N,20113614124,,,Industrials,Broadcasting
INCY,INCY,Incyte Corporation - Common Stock,Q,Q,N,20103619759,,,Health Care,Biotechnology: Commercial Physical & Biological Resarch
TSN,TSN,"Tyson Foods, Inc. Common Stock",N, ,N,20067854620,,,Consumer Staples,Meat/Poultry/Fish
LUV,LUV,Southwest Airlines Company Common Stock,N, ,N,20049497707,,,Consumer Discretionary,Air Freight/Delivery Services
EFX,EFX,"Equifax, Inc. Common Stock",N, ,N,19991066747,,,Finance,Finance: Consumer Services
PAAS,PAAS,Pan American Silver Corp. Common Stock,N, ,N,19924929746,,,Basic Materials,Precious Metals
ULTA,ULTA,"Ulta Beauty, Inc. - Common Stock",Q,Q,N,19895453131,,,Consumer Discretionary,Other Specialty Stores
IOT,IOT,Samsara Inc. Class A Common Stock,N, ,N,19847105393,,,Technology,EDP Services
MAIR,MAIR,Madison Air Solutions Corporation Class A Common Stock,N, ,N,19845199011,,,Industrials,Pollution Control Equipment
BURL,BURL,"Burlington Stores, Inc. Common Stock",N, ,N,19763852684,,,Consumer Discretionary,Department/Specialty Retail Stores
SNA,SNA,Snap-On Incorporated Common Stock,N, ,N,19718399325,,,Consumer Discretionary,Industrial Machinery/Components
PKX,PKX,POSCO HOLDINGS INC. American Depositary Shares (Each representing 1/4th of a share of Common Stock),N, ,N,19689368563,,,Industrials,Steel/Iron Ore
BRO,BRO,"Brown & Brown, Inc. Common Stock",N, ,N,19658974778,,,Finance,Specialty Insurers
LSCC,LSCC,Lattice Semiconductor Corporation - Common Stock,Q,Q,N,19578422765,,,Technology,Semiconductors
ULS,ULS,UL Solutions Inc. Class A Common Stock,N, ,N,19555653417,,,Health Care,Precision Instruments
PKG,PKG,Packaging Corporation of America Common Stock,N, ,N,19550916111,,,Consumer Discretionary,Containers/Packaging
RBA,RBA,"RB Global, Inc. Common Stock",N, ,N,19434121955,,,Consumer Discretionary,Business Services
AA,AA,Alcoa Corporation Common Stock ,N, ,N,19380072420,,,Industrials,Aluminum
DD,DD,"DuPont de Nemours, Inc. Common Stock",N, ,N,19262202169,,,Industrials,Major Chemicals
USFD,USFD,US Foods Holding Corp. Common Stock,N, ,N,19113037524,,,Consumer Discretionary,Food Distributors
DKS,DKS,Dick's Sporting Goods Inc Common Stock,N, ,N,19098051345,,,Consumer Discretionary,Other Specialty Stores
TU,TU,Telus Corporation Ordinary Shares,N, ,N,19001859391,,,Telecommunications,Telecommunications Equipment
AS,AS,"Amer Sports, Inc. Ordinary Shares",N, ,N,18893771072,,,Consumer Discretionary,Apparel
MRNA,MRNA,"Moderna, Inc. - Common Stock",Q,Q,N,18887025928,,,Health Care,Biotechnology: Biological Products (No Diagnostic Substances)
NXT,NXT,Nextpower Inc. - Class A Common Stock,Q,Q,N,18881987407,,,Industrials,Industrial Machinery/Components
EVRG,EVRG,"Evergy, Inc. - Common Stock",Q,Q,N,18830609012,,,Utilities,Power Generation
SBS,SBS,Companhia de saneamento Basico Do Estado De Sao Paulo - Sabesp American Depositary Shares (Each repstg 250 Common Shares),N, ,N,18750521013,,,Utilities,Water Supply
RBC,RBC,RBC Bearings Incorporated Common Stock,N, ,N,18695548108,,,Industrials,Metal Fabrications
FTV,FTV,Fortive Corporation Common Stock ,N, ,N,18645300044,,,Industrials,Industrial Machinery/Components
VTRS,VTRS,Viatris Inc. - Common Stock,Q,Q,N,18551323778,,,Health Care,Biotechnology: Pharmaceutical Preparations
IFF,IFF,"International Flavors & Fragrances, Inc. Common Stock",N, ,N,18535032140,,,Industrials,Major Chemicals
TTMI,TTMI,"TTM Technologies, Inc. - Common Stock",Q,Q,N,18524773524,,,Technology,Electrical Products
LNT,LNT,Alliant Energy Corporation - Common Stock,Q,Q,N,18521046323,,,Utilities,Power Generation
FLUT,FLUT,Flutter Entertainment plc Ordinary Shares,N, ,N,18385257914,,,Technology,Computer Software: Programming Data Processing
CHTR,CHTR,"Charter Communications, Inc. - Class A Common Stock",Q,Q,N,18373755791,,,Telecommunications,Cable & Other Pay Television Services
BCH,BCH,Banco De Chile ADS,N, ,N,18354803654,,,Finance,Commercial Banks
MGA,MGA,"Magna International, Inc. Common Stock",N, ,N,18289217749,,,Consumer Discretionary,Auto Parts:O.E.M.
APG,APG,APi Group Corporation Common Stock,N, ,N,18282221136,,,Consumer Discretionary,Engineering & Construction
BEKE,BEKE,KE Holdings Inc American Depositary Shares (each representing three Class A Ordinary Shares),N, ,N,18258213010,,,Finance,Real Estate
CX,CX,"Cemex, S.A.B. de C.V. Sponsored ADR",N, ,N,18251630025,,,Industrials,Building Materials
H,H,Hyatt Hotels Corporation Class A Common Stock,N, ,N,18241156982,,,Consumer Discretionary,Hotels/Resorts
ROKU,ROKU,"Roku, Inc. - Class A Common Stock",Q,Q,N,18236903598,,,Telecommunications,Cable & Other Pay Television Services
ESS,ESS,"Essex Property Trust, Inc. Common Stock",N, ,N,18122128212,,,Real Estate,Real Estate Investment Trusts
FPS,FPS,"Forgent Power Solutions, Inc. Class A Common Stock",N, ,N,18058721695,,,Energy,Industrial Machinery/Components
EDU,EDU,"New Oriental Education & Technology Group, Inc. Sponsored ADR representing 10 Ordinary Share (Cayman Islands)",N, ,N,17995405365,,,Real Estate,Other Consumer Services
LII,LII,"Lennox International, Inc. Common Stock",N, ,N,17868043570,,,Industrials,Industrial Machinery/Components
GIS,GIS,"General Mills, Inc. Common Stock",N, ,N,17686195565,,,Consumer Staples,Packaged Foods
ALB,ALB,Albemarle Corporation Common Stock,N, ,N,17671328106,,,Industrials,Major Chemicals
DOCN,DOCN,"DigitalOcean Holdings, Inc. Common Stock",N, ,N,17670943127,,,Technology,Computer Software: Programming Data Processing
GPN,GPN,Global Payments Inc. Common Stock,N, ,N,17643556202,,,Consumer Discretionary,Business Services
SITM,SITM,SiTime Corporation - Common Stock,Q,G,N,17534884904,,,Technology,Semiconductors
AMCR,AMCR,Amcor plc Ordinary Shares,N, ,N,17485913996,,,Consumer Discretionary,Miscellaneous manufacturing industries
RGLD,RGLD,"Royal Gold, Inc. - Common Stock",Q,Q,N,17457060031,,,Industrials,Precious Metals
INVH,INVH,Invitation Homes Inc. Common Stock,N, ,N,17452952667,,,Finance,Real Estate
IP,IP,International Paper Company Common Stock,N, ,N,17399927766,,,Basic Materials,Paper
WY,WY,Weyerhaeuser Company Common Stock,N, ,N,17355505010,,,Real Estate,Real Estate Investment Trusts
CDE,CDE,"Coeur Mining, Inc. Common Stock",N, ,N,17307365115,,,Basic Materials,Precious Metals
EWBC,EWBC,"East West Bancorp, Inc. - Common Stock",Q,Q,N,17297148040,,,Finance,Major Banks
BR,BR,"Broadridge Financial Solutions, Inc. Common Stock",N, ,N,17230773087,,,Consumer Discretionary,Business Services
CDW,CDW,CDW Corporation - Common Stock,Q,Q,N,17222442729,,,Technology,Retail: Computer Software & Peripheral Equipment
WCC,WCC,"WESCO International, Inc. Common Stock",N, ,N,17204029001,,,Consumer Discretionary,Telecommunications Equipment
BWXT,BWXT,"BWX Technologies, Inc. Common Stock",N, ,N,17174082102,,,Industrials,Industrial Machinery/Components
ITT,ITT,ITT Inc. Common Stock ,N, ,N,17070930000,,,Industrials,Fluid Controls
ZTO,ZTO,"ZTO Express (Cayman) Inc. American Depositary Shares, each representing one Class A ordinary share.",N, ,N,17014805315,,,Industrials,Trucking Freight/Courier Services
NWS,NWS,News Corporation - Class B Common Stock,Q,Q,N,16987272963,,,Consumer Discretionary,Newspapers/Magazines
AMKR,AMKR,"Amkor Technology, Inc. - Common Stock",Q,Q,N,16927214254,,,Technology,Semiconductors
ZBH,ZBH,"Zimmer Biomet Holdings, Inc. Common Stock",N, ,N,16883470804,,,Health Care,Industrial Specialties
CF,CF,"CF Industries Holdings, Inc. Common Stock",N, ,N,16814724039,,,Industrials,Agricultural Chemicals
SN,SN,"SharkNinja, Inc. Ordinary Shares",N, ,N,16739030428,,,Consumer Discretionary,Consumer Electronics/Appliances
HST,HST,"Host Hotels & Resorts, Inc. - Common Stock",Q,Q,N,16738449628,,,Real Estate,Real Estate Investment Trusts
NVR,NVR,"NVR, Inc. Common Stock",N, ,N,16711613694,,,Consumer Discretionary,Homebuilding
ARXS,ARXS,"Arxis, Inc. - Class A Common Stock",Q,Q,N,16663693507,,,Industrials,Military/Government/Technical
GH,GH,"Guardant Health, Inc. - Common Stock",Q,Q,N,16560405133,,,Health Care,Medical Specialities
TLN,TLN,Talen Energy Corporation - Common Stock,Q,Q,N,16559190653,,,Utilities,Electric Utilities: Central
VNOM,VNOM,"Viper Energy, Inc.  - Class A Common Stock",Q,Q,N,16536717386,,,Energy,Oil & Gas Production
RMBS,RMBS,"Rambus, Inc. - Common Stock",Q,Q,N,16440063093,,,Technology,Semiconductors
SSNC,SSNC,"SS&C Technologies Holdings, Inc. - Common Stock",Q,Q,N,16424881460,,,Technology,Computer Software: Prepackaged Software
PR,PR,Permian Resources Corporation Class A Common Stock,N, ,N,16402474349,,,Energy,Oil & Gas Production
NBIX,NBIX,"Neurocrine Biosciences, Inc. - Common Stock",Q,Q,N,16401713227,,,Health Care,Biotechnology: Biological Products (No Diagnostic Substances)
KIM,KIM,Kimco Realty Corporation (HC) Common Stock,N, ,N,16347208558,,,Real Estate,Real Estate Investment Trusts
BEN,BEN,"Franklin Resources, Inc. Common Stock",N, ,N,16311410515,,,Finance,Investment Managers
LOGI,LOGI,Logitech International S.A. - Registered Shares,Q,Q,N,16274064627,,,Technology,Computer peripheral equipment
IEX,IEX,IDEX Corporation Common Stock,N, ,N,16178950217,,,Industrials,Fluid Controls
NVMI,NVMI,Nova Ltd. - Ordinary Shares,Q,Q,N,16144478457,,,Technology,Electronic Components
MAA,MAA,"Mid-America Apartment Communities, Inc. Common Stock",N, ,N,15962175594,,,Real Estate,Real Estate Investment Trusts
GMAB,GMAB,Genmab A/S - American Depositary Shares,Q,Q,N,15931125184,,,Health Care,Biotechnology: Pharmaceutical Preparations
TXT,TXT,Textron Inc. Common Stock,N, ,N,15898669533,,,Industrials,Aerospace
TPG,TPG,TPG Inc. - Class A Common Stock,Q,Q,N,15833668573,,,Finance,Investment Managers
TSCO,TSCO,Tractor Supply Company - Common Stock,Q,Q,N,15806911426,,,Consumer Discretionary,RETAIL: Building Materials
AAOI,AAOI,"Applied Optoelectronics, Inc. - Common Stock",Q,G,N,15778937703,,,Technology,Semiconductors
NDSN,NDSN,Nordson Corporation - Common Stock,Q,Q,N,15724162105,,,Industrials,Industrial Machinery/Components
PTC,PTC,PTC Inc. - Common Stock,Q,Q,N,15716872981,,,Technology,Computer Software: Prepackaged Software
AEG,AEG,Aegon Ltd. New York Registry Shares,N, ,N,15691573192,,,Finance,Life Insurance
CG,CG,The Carlyle Group Inc. - Common Stock,Q,Q,N,15684085784,,,Finance,Investment Managers
WMG,WMG,Warner Music Group Corp. - Class A Common Stock,Q,Q,N,15653681995,,,Consumer Discretionary,Services-Misc. Amusement & Recreation
GNRC,GNRC,Generac Holdlings Inc. Common Stock,N, ,N,15652593591,,,Consumer Discretionary,Metal Fabrications
EMA,EMA,Emera Incorporated Common Shares,N, ,N,15630552308,,,Utilities,Electric Utilities: Central
BBY,BBY,"Best Buy Co., Inc. Common Stock",N, ,N,15627262020,,,Consumer Discretionary,Consumer Electronics/Video Chains
GEN,GEN,Gen Digital Inc. - Common Stock,Q,Q,N,15578939464,,,Technology,Computer Software: Prepackaged Software
BWA,BWA,BorgWarner Inc. Common Stock,N, ,N,15560019424,,,Consumer Discretionary,Auto Parts:O.E.M.
LI,LI,Li Auto Inc. - American Depositary Shares,Q,Q,N,15521752459,,,Industrials,Auto Manufacturing
KEP,KEP,Korea Electric Power Corporation Common Stock,N, ,N,15497012819,,,Utilities,Electric Utilities: Central
LDOS,LDOS,"Leidos Holdings, Inc. Common Stock",N, ,N,15446455225,,,Technology,EDP Services
NLY,NLY,Annaly Capital Management Inc. Common Stock,N, ,N,15352795598,,,Real Estate,Real Estate Investment Trusts
PFGC,PFGC,Performance Food Group Company Common Stock,N, ,N,15295838792,,,Consumer Discretionary,Food Distributors
DECK,DECK,Deckers Outdoor Corporation Common Stock,N, ,N,15239407412,,,Consumer Discretionary,Shoe Manufacturing
SKM,SKM,"SK Telecom Co., Ltd. Common Stock",N, ,N,15205111200,,,Telecommunications,Telecommunications Equipment
LAMR,LAMR,Lamar Advertising Company - Class A Common Stock,Q,Q,N,15189807869,,,Real Estate,Real Estate Investment Trusts
QNT,QNT,Quantinuum Inc. - Class A Common Stock,Q,G,N,15142277346,,,Technology,EDP Services
XPEV,XPEV,"XPeng Inc. American depositary shares, each representing two Class A ordinary shares",N, ,N,15130777819,,,Industrials,Auto Manufacturing
WSO,WSO,"Watsco, Inc. Common Stock",N, ,N,15118097443,,,Consumer Discretionary,Industrial Machinery/Components
AGI,AGI,Alamos Gold Inc. Class A Common Shares,N, ,N,15064159293,,,Basic Materials,Precious Metals
SUI,SUI,"Sun Communities, Inc. Common Stock",N, ,N,15057566198,,,Real Estate,Real Estate Investment Trusts
YUMC,YUMC,"Yum China Holdings, Inc. Common Stock",N, ,N,14866237077,,,Consumer Discretionary,Restaurants
NWSA,NWSA,News Corporation - Class A Common Stock,Q,Q,N,14813909326,,,Consumer Discretionary,Newspapers/Magazines
SMTC,SMTC,Semtech Corporation - Common Stock,Q,Q,N,14791473967,,,Technology,Semiconductors
RBRK,RBRK,"Rubrik, Inc. Class A Common Stock",N, ,N,14762739536,,,Technology,Computer Software: Prepackaged Software
MLI,MLI,"Mueller Industries, Inc. Common Stock",N, ,N,14734639888,,,Industrials,Metal Fabrications
CLH,CLH,"Clean Harbors, Inc. Common Stock",N, ,N,14710221468,,,Industrials,Environmental Services
OWL,OWL,Blue Owl Capital Inc. Class A Common Stock,N, ,N,14686253911,,,Finance,Investment Managers
APTV,APTV,Aptiv PLC Ordinary Shares,N, ,N,14663186316,,,Consumer Discretionary,Auto Parts:O.E.M.
BNT,BNT,Brookfield Wealth Solutions Ltd. Class A Exchangeable Limited Voting Shares,N, ,N,14650824639,,,Finance,Property-Casualty Insurers
IESC,IESC,"IES Holdings, Inc. - Common Stock",Q,G,N,14642263795,,,Industrials,Engineering & Construction
PNFP,PNFP,"Pinnacle Financial Partners, Inc. Common stock",N, ,N,14580296290,,,Finance,Major Banks
JAZZ,JAZZ,Jazz Pharmaceuticals plc - Ordinary Shares,Q,Q,N,14574393881,,,Health Care,Biotechnology: Pharmaceutical Preparations
BEPC,BEPC,Brookfield Renewable Corporation Brookfield Renewable Corporation Class A Subordinate Voting Shares,N, ,N,14536502045,,,Utilities,Electric Utilities: Central
MOD,MOD,Modine Manufacturing Company Common Stock,N, ,N,14536488506,,,Consumer Discretionary,Auto Parts:O.E.M.
DTM,DTM,"DT Midstream, Inc. Common Stock ",N, ,N,14422756003,,,Utilities,Natural Gas Distribution
LECO,LECO,"Lincoln Electric Holdings, Inc. - Common Shares",Q,Q,N,14297244226,,,Industrials,Industrial Machinery/Components
TME,TME,"Tencent Music Entertainment Group American Depositary Shares, each representing two Class A Ordinary Shares",N, ,N,14275313815,,,Consumer Discretionary,Broadcasting
SGI,SGI,Somnigroup International Inc. Common Stock,N, ,N,14263197713,,,Consumer Discretionary,Home Furnishings
WF,WF,Woori Financial Group Inc. American Depositary Shares (each representing three (3) shares of Common Stock),N, ,N,14204084817,,,Finance,Commercial Banks
REG,REG,Regency Centers Corporation - Common Stock,Q,Q,N,14200987032,,,Real Estate,Real Estate Investment Trusts
J,J,Jacobs Solutions Inc. Common Stock,N, ,N,14164982245,,,Industrials,Military/Government/Technical
BSAC,BSAC,Banco Santander - Chile ADS,N, ,N,14124037204,,,Finance,Commercial Banks
GIB,GIB,CGI Inc. Common Stock,N, ,N,14076767980,,,Consumer Discretionary,Professional Services
THC,THC,Tenet Healthcare Corporation Common Stock,N, ,N,14041192370,,,Health Care,Hospital/Nursing Management
TIGO,TIGO,Millicom International Cellular S.A. - Common Stock,Q,Q,N,14018141162,,,Telecommunications,Telecommunications Equipment
NTNX,NTNX,"Nutanix, Inc. - Class A Common Stock",Q,Q,N,14016118392,,,Technology,Computer Software: Prepackaged Software
BALL,BALL,Ball Corporation Common Stock,N, ,N,14009891409,,,Industrials,Containers/Packaging
RRX,RRX,Regal Rexnord Corporation Common Stock,N, ,N,13998249810,,,Consumer Discretionary,Metal Fabrications
TOST,TOST,"Toast, Inc. Class A Common Stock",N, ,N,13978000000,,,Technology,EDP Services
MAS,MAS,Masco Corporation Common Stock,N, ,N,13911606776,,,Industrials,Industrial Specialties
UNM,UNM,Unum Group Common Stock,N, ,N,13903727970,,,Finance,Accident &Health Insurance
ARMK,ARMK,Aramark Common Stock,N, ,N,13889207250,,,Consumer Discretionary,Restaurants
DY,DY,"Dycom Industries, Inc. Common Stock",N, ,N,13780233441,,,Industrials,Water Sewer Pipeline Comm & Power Line Construction
CSL,CSL,Carlisle Companies Incorporated Common Stock,N, ,N,13680837545,,,Industrials,Specialty Chemicals
JLL,JLL,Jones Lang LaSalle Incorporated Common Stock,N, ,N,13671722617,,,Finance,Real Estate
NIO,NIO,"NIO Inc. American depositary shares, each  representing one Class A ordinary share",N, ,N,13655885270,,,Industrials,Auto Manufacturing
GRAB,GRAB,Grab Holdings Limited - Class A Ordinary Shares,Q,Q,N,13654604337,,,Consumer Discretionary,Business Services
CHKP,CHKP,Check Point Software Technologies Ltd. - Ordinary Shares,Q,Q,N,13651455405,,,Technology,Computer Software: Prepackaged Software
SOLV,SOLV,Solventum Corporation Common Stock,N, ,N,13639240317,,,Health Care,Medical/Dental Instruments
CSGP,CSGP,"CoStar Group, Inc. - Common Stock",Q,Q,N,13634997324,,,Finance,Real Estate
DOC,DOC,"Healthpeak Properties, Inc. Common Stock",N, ,N,13629827509,,,Real Estate,Real Estate Investment Trusts
HTHT,HTHT,H World Group Limited - American Depositary Shares,Q,Q,N,13577176609,,,Consumer Discretionary,Hotels/Resorts
SANM,SANM,Sanmina Corporation - Common Stock,Q,Q,N,13503949333,,,Technology,Electrical Products
LTM,LTM,"LATAM Airlines Group S.A. American Depositary Shares (each representing two thousand (2,000) shares of Common Stock)",N, ,N,13499817784,,,Consumer Discretionary,Air Freight/Delivery Services
HUT,HUT,Hut 8 Corp. - Common Stock,Q,Q,N,13466255795,,,Finance,Finance: Consumer Services
WSE,WSE,Wise Group plc - Class A Ordinary Shares,Q,Q,N,13438960536,,,Industrials,Diversified Commercial Services
TFII,TFII,TFI International Inc. Common Shares,N, ,N,13426563464,,,Industrials,Trucking Freight/Courier Services
PS,PS,Pershing Square Inc. Common Stock,N, ,N,13408000000,,,Finance,Investment Managers
ONTO,ONTO,Onto Innovation Inc. Common Stock,N, ,N,13380522087,,,Industrials,Industrial Machinery/Components
GPC,GPC,Genuine Parts Company Common Stock,N, ,N,13359214583,,,Consumer Discretionary,Automotive Aftermarket
RPM,RPM,RPM International Inc. Common Stock,N, ,N,13351010989,,,Consumer Discretionary,Paints/Coatings
APA,APA,APA Corporation - Common Stock,Q,Q,N,13311688749,,,Energy,Oil & Gas Production
TRU,TRU,TransUnion Common Stock,N, ,N,13266568000,,,Finance,Finance: Consumer Services
ENLT,ENLT,Enlight Renewable Energy Ltd. - Ordinary Shares,Q,Q,N,13255552344,,,Utilities,Electric Utilities: Central
CNH,CNH,CNH Industrial N.V. Common Shares,N, ,N,13242671735,,,Industrials,Construction/Ag Equipment/Trucks
GLPI,GLPI,"Gaming and Leisure Properties, Inc. - Common Stock",Q,Q,N,13193239450,,,Real Estate,Real Estate Investment Trusts
BBIO,BBIO,"BridgeBio Pharma, Inc. - Common Stock",Q,Q,N,13184827884,,,Health Care,Biotechnology: Pharmaceutical Preparations
RGA,RGA,"Reinsurance Group of America, Incorporated Common Stock",N, ,N,13181903527,,,Finance,Life Insurance
EVR,EVR,Evercore Inc. Class A Common Stock,N, ,N,13157846933,,,Finance,Investment Managers
EG,EG,"Everest Group, Ltd. Common Stock",N, ,N,13095430250,,,Finance,Property-Casualty Insurers
MEDP,MEDP,"Medpace Holdings, Inc. - Common Stock",Q,Q,N,13077481593,,,Health Care,Biotechnology: Commercial Physical & Biological Resarch
JHX,JHX,James Hardie Industries plc. Ordinary Shares,N, ,N,13051274882,,,Industrials,Building Materials
DINO,DINO,HF Sinclair Corporation Common Stock,N, ,N,13050138884,,,Energy,Natural Gas Distribution
OHI,OHI,"Omega Healthcare Investors, Inc. Common Stock",N, ,N,13043727600,,,Real Estate,Real Estate Investment Trusts
COO,COO,"The Cooper Companies, Inc.  - Common Stock",Q,Q,N,13031690642,,,Health Care,Ophthalmic Goods
HRL,HRL,Hormel Foods Corporation Common Stock,N, ,N,13009445631,,,Consumer Staples,Meat/Poultry/Fish
EXEL,EXEL,"Exelixis, Inc. - Common Stock",Q,Q,N,13005111994,,,Health Care,Biotechnology: Biological Products (No Diagnostic Substances)
ALLY,ALLY,Ally Financial Inc. Common Stock,N, ,N,12990447368,,,Finance,Major Banks
SNN,SNN,"Smith & Nephew SNATS, Inc. Common Stock",N, ,N,12890313383,,,Health Care,Industrial Specialties
TOL,TOL,"Toll Brothers, Inc. Common Stock",N, ,N,12820482360,,,Consumer Discretionary,Homebuilding
SAIA,SAIA,"Saia, Inc. - Common Stock",Q,Q,N,12820319146,,,Industrials,Trucking Freight/Courier Services
WULF,WULF,TeraWulf Inc. - Common Stock,Q,S,N,12814474200,,,Technology,EDP Services
TYL,TYL,"Tyler Technologies, Inc. Common Stock",N, ,N,12809207805,,,Technology,Computer Software: Prepackaged Software
MKC,MKC,"McCormick & Company, Incorporated Common Stock",N, ,N,12793995822,,,Consumer Staples,Packaged Foods
CET,CET,Central Securities Corporation Common Stock,A, ,N,12793452072,,,Finance,Finance/Investors Services
SOLS,SOLS,Solstice Advanced Materials Inc. - Common Stock,Q,Q,N,12777391806,,,Industrials,Aerospace
FUTU,FUTU,Futu Holdings Limited - American Depositary Shares,Q,G,N,12766467467,,,Finance,Investment Bankers/Brokers/Service
ASND,ASND,Ascendis Pharma A/S - Ordinary Share,Q,Q,N,12755570340,,,Health Care,Biotechnology: Pharmaceutical Preparations
LULU,LULU,lululemon athletica inc. - Common Stock,Q,Q,N,12746881845,,,Consumer Discretionary,Apparel
FNF,FNF,"Fidelity National Financial, Inc. Common Stock",N, ,N,12663862257,,,Finance,Specialty Insurers
PEN,PEN,"Penumbra, Inc. Common Stock",N, ,N,12588809200,,,Health Care,Medical/Dental Instruments
U,U,Unity Software Inc. Common Stock,N, ,N,12572207914,,,Technology,Computer Software: Prepackaged Software
UDR,UDR,"UDR, Inc. Common Stock",N, ,N,12544993362,,,Real Estate,Real Estate Investment Trusts
VICR,VICR,Vicor Corporation - Common Stock,Q,Q,N,12533519483,,,Technology,Industrial Machinery/Components
GFL,GFL,"GFL Environmental Inc. Subordinate voting shares, no par value",N, ,N,12518246100,,,Utilities,Environmental Services
TRMB,TRMB,Trimble Inc. - Common Stock,Q,Q,N,12501770764,,,Industrials,Industrial Machinery/Components
AIZ,AIZ,"Assurant, Inc. Common Stock",N, ,N,12486995477,,,Finance,Property-Casualty Insurers
JBS,JBS,JBS N.V. Class A Common Shares,N, ,N,12443589148,,,Consumer Staples,Meat/Poultry/Fish
DRS,DRS,"Leonardo DRS, Inc. - Common Stock",Q,Q,N,12417775150,,,Industrials,Industrial Machinery/Components
CRBG,CRBG,Corebridge Financial Inc. Common Stock,N, ,N,12391169573,,,Finance,Life Insurance
DVA,DVA,DaVita Inc. Common Stock,N, ,N,12331536000,,,Health Care,Misc Health and Biotechnology Services
ALGN,ALGN,"Align Technology, Inc. - Common Stock",Q,Q,N,12321898750,,,Health Care,Industrial Specialties
PINS,PINS,"Pinterest, Inc. Class A Common Stock",N, ,N,12317859621,,,Technology,Computer Software: Programming Data Processing
GGG,GGG,Graco Inc. Common Stock,N, ,N,12308200006,,,Industrials,Fluid Controls
DKNG,DKNG,DraftKings Inc. - Class A Common Stock,Q,Q,N,12294072085,,,Consumer Discretionary,Services-Misc. Amusement & Recreation
AUR,AUR,"Aurora Innovation, Inc.  - Class A Common Stock",Q,Q,N,12277131337,,,Technology,EDP Services
PNW,PNW,Pinnacle West Capital Corporation Common Stock,N, ,N,12275048044,,,Utilities,Electric Utilities: Central
DT,DT,"Dynatrace, Inc. Common Stock",N, ,N,12218662727,,,Technology,Computer Software: Prepackaged Software
IVZ,IVZ,Invesco Ltd Common Stock,N, ,N,12212822129,,,Finance,Investment Managers
SWK,SWK,"Stanley Black & Decker, Inc. Common Stock",N, ,N,12207925441,,,Consumer Discretionary,Industrial Machinery/Components
GL,GL,Globe Life Inc. Common Stock,N, ,N,12200321296,,,Finance,Life Insurance
FMS,FMS,Fresenius Medical Care AG American Depositary Shares (Each representing 1/2 of an Ordinary Share),N, ,N,12171409608,,,Health Care,Misc Health and Biotechnology Services
IONS,IONS,"Ionis Pharmaceuticals, Inc. - Common Stock",Q,Q,N,12153408368,,,Health Care,Biotechnology: Pharmaceutical Preparations
AXSM,AXSM,"Axsome Therapeutics, Inc. - Common Stock",Q,G,N,12100249377,,,Health Care,Biotechnology: Pharmaceutical Preparations
MGM,MGM,MGM Resorts International Common Stock,N, ,N,12091529366,,,Consumer Discretionary,Hotels/Resorts
RNR,RNR,RenaissanceRe Holdings Ltd. Common Stock,N, ,N,12027207197,,,Finance,Property-Casualty Insurers
NYT,NYT,New York Times Company (The) Common Stock,N, ,N,11981076980,,,Consumer Discretionary,Newspapers/Magazines
ELS,ELS,"Equity Lifestyle Properties, Inc. Common Stock",N, ,N,11925220134,,,Real Estate,Real Estate Investment Trusts
GLXY,GLXY,Galaxy Digital Inc. - Class A common stock,Q,Q,N,11917521168,,,Finance,Investment Bankers/Brokers/Service
COKE,COKE,"Coca-Cola Consolidated, Inc. - Common Stock",Q,Q,N,11902361410,,,Consumer Staples,Beverages (Production/Distribution)
JEF,JEF,Jefferies Financial Group Inc. Common Stock,N, ,N,11836630575,,,Finance,Investment Bankers/Brokers/Service
ELAN,ELAN,Elanco Animal Health Incorporated Common Stock,N, ,N,11826966125,,,Health Care,Biotechnology: Pharmaceutical Preparations
HAS,HAS,"Hasbro, Inc. - Common Stock",Q,Q,N,11820132410,,,Consumer Discretionary,Recreational Games/Products/Toys
AMH,AMH,American Homes 4 Rent Common Shares of Beneficial Interest,N, ,N,11816717550,,,Real Estate,Real Estate Investment Trusts
PNR,PNR,Pentair plc. Ordinary Share,N, ,N,11751954942,,,Industrials,Industrial Machinery/Components
LFUS,LFUS,"Littelfuse, Inc. - Common Stock",Q,Q,N,11742649683,,,Energy,Electrical Products
WBS,WBS,Webster Financial Corporation Common Stock,N, ,N,11722617130,,,Finance,Major Banks
CNA,CNA,CNA Financial Corporation Common Stock,N, ,N,11714010703,,,Finance,Property-Casualty Insurers
AVY,AVY,Avery Dennison Corporation Common Stock,N, ,N,11703793809,,,Consumer Discretionary,Containers/Packaging
APLD,APLD,Applied Digital Corporation - Common Stock,Q,Q,N,11700833774,,,Finance,Finance: Consumer Services
BJ,BJ,"BJ's Wholesale Club Holdings, Inc. Common Stock",N, ,N,11698046149,,,Consumer Discretionary,Department/Specialty Retail Stores
BTSG,BTSG,"BrightSpring Health Services, Inc. - Common Stock",Q,Q,N,11683210416,,,Health Care,Medical/Nursing Services
KLAR,KLAR,Klarna Group plc Ordinary Shares,N, ,N,11678416458,,,Finance,Finance: Consumer Services
PL,PL,Planet Labs PBC Class A Common Stock,N, ,N,11668313237,,,Technology,Radio And Television Broadcasting And Communications Equipment
ICLR,ICLR,ICON plc - Ordinary Shares,Q,Q,N,11656609558,,,Health Care,Biotechnology: Commercial Physical & Biological Resarch
AEIS,AEIS,"Advanced Energy Industries, Inc. - Common Stock",Q,Q,N,11641564414,,,Technology,Industrial Machinery/Components
EQH,EQH,"Equitable Holdings, Inc. Common Stock",N, ,N,11632381195,,,Finance,Specialty Insurers
PSKY,PSKY,Paramount Skydance Corporation - Class B Common Stock,Q,Q,N,11628208073,,,Industrials,Broadcasting
AIT,AIT,"Applied Industrial Technologies, Inc. Common Stock",N, ,N,11620818881,,,Consumer Discretionary,Industrial Specialties
AGNC,AGNC,AGNC Investment Corp. - Common Stock,Q,Q,N,11605564940,,,Real Estate,Real Estate Investment Trusts
SPXC,SPXC,"SPX Technologies, Inc. Common Stock",N, ,N,11538148262,,,Industrials,Industrial Machinery/Components
FHN,FHN,First Horizon Corporation Common Stock,N, ,N,11518974322,,,Finance,Major Banks
HII,HII,"Huntington Ingalls Industries, Inc. Common Stock",N, ,N,11516221516,,,Industrials,Marine Transportation
CLX,CLX,Clorox Company (The) Common Stock,N, ,N,11506875761,,,Consumer Discretionary,Specialty Chemicals
CACI,CACI,"CACI International, Inc. Class A Common Stock",N, ,N,11468480078,,,Technology,EDP Services
VIAV,VIAV,Viavi Solutions Inc. - Common Stock,Q,Q,N,11403008663,,,Technology,Semiconductors
CPT,CPT,Camden Property Trust Common Stock,N, ,N,11355714124,,,Real Estate,Real Estate Investment Trusts
PAG,PAG,"Penske Automotive Group, Inc. Common Stock",N, ,N,11341088995,,,Consumer Discretionary,Retail-Auto Dealers and Gas Stations
SWKS,SWKS,"Skyworks Solutions, Inc. - Common Stock",Q,Q,N,11336097431,,,Technology,Semiconductors
QXO,QXO,"QXO, Inc. Common Stock",N, ,N,11271245061,,,Consumer Discretionary,RETAIL: Building Materials
ARW,ARW,"Arrow Electronics, Inc. Common Stock",N, ,N,11230548560,,,Technology,Electronic Components
BLD,BLD,TopBuild Corp. Common Stock,N, ,N,11229566504,,,Consumer Discretionary,Engineering & Construction
RVTY,RVTY,"Revvity, Inc. Common Stock",N, ,N,11189445232,,,Industrials,Biotechnology: Laboratory Analytical Instruments
FIG,FIG,"Figma, Inc. Class A Common Stock",N, ,N,11148745690,,,Technology,Computer Software: Prepackaged Software
CR,CR,Crane Company Common Stock,N, ,N,11129903520,,,Industrials,Metal Fabrications
ZBRA,ZBRA,Zebra Technologies Corporation - Class A Common Stock,Q,Q,N,11100485672,,,Industrials,Industrial Machinery/Components
RDY,RDY,Dr. Reddy's Laboratories Ltd Common Stock,N, ,N,11042511713,,,Health Care,Biotechnology: Pharmaceutical Preparations
TXRH,TXRH,"Texas Roadhouse, Inc. - Common Stock",Q,Q,N,11028114805,,,Consumer Discretionary,Restaurants
AR,AR,Antero Resources Corporation Common Stock,N, ,N,11005374720,,,Energy,Oil & Gas Production
ALLE,ALLE,Allegion plc Ordinary Shares,N, ,N,10967993939,,,Consumer Discretionary,Diversified Commercial Services
SMMT,SMMT,Summit Therapeutics Inc.  - Common Stock,Q,G,N,10951654921,,,Health Care,Biotechnology: Pharmaceutical Preparations
BMRN,BMRN,BioMarin Pharmaceutical Inc. - Common Stock,Q,Q,N,10930234969,,,Health Care,Biotechnology: Pharmaceutical Preparations
WLK,WLK,Westlake Corporation Common Stock,N, ,N,10923762205,,,Industrials,Major Chemicals
AFG,AFG,"American Financial Group, Inc. Common Stock",N, ,N,10890092899,,,Finance,Property-Casualty Insurers
WYNN,WYNN,"Wynn Resorts, Limited - Common Stock",Q,Q,N,10879962801,,,Consumer Discretionary,Hotels/Resorts
SJM,SJM,The J.M. Smucker Company Common Stock,N, ,N,10853599425,,,Consumer Staples,Packaged Foods
KTOS,KTOS,"Kratos Defense & Security Solutions, Inc. - Common Stock",Q,Q,N,10825528676,,,Industrials,Military/Government/Technical
AAON,AAON,"AAON, Inc. - Common Stock",Q,Q,N,10816441306,,,Industrials,Industrial Machinery/Components
SF,SF,Stifel Financial Corporation Common Stock,N, ,N,10788746414,,,Finance,Investment Bankers/Brokers/Service
MDGL,MDGL,"Madrigal Pharmaceuticals, Inc. - Common Stock",Q,Q,N,10773448338,,,Health Care,Biotechnology: Pharmaceutical Preparations
GWRE,GWRE,"Guidewire Software, Inc. Common Stock",N, ,N,10767583609,,,Technology,Computer Software: Prepackaged Software
IT,IT,"Gartner, Inc. Common Stock",N, ,N,10735735401,,,Consumer Discretionary,Other Consumer Services
POWL,POWL,"Powell Industries, Inc. - Common Stock",Q,Q,N,10696332146,,,Energy,Electrical Products
GDDY,GDDY,GoDaddy Inc. Class A Common Stock,N, ,N,10685474653,,,Technology,EDP Services
HUBS,HUBS,"HubSpot, Inc. Common Stock",N, ,N,10659436049,,,Technology,Computer Software: Prepackaged Software
GMED,GMED,"Globus Medical, Inc. Class A Common Stock",N, ,N,10628804216,,,Health Care,Medical/Dental Instruments
SEIC,SEIC,SEI Investments Company - Common Stock,Q,Q,N,10612887402,,,Finance,Investment Bankers/Brokers/Service
RGC,RGC,Regencell Bioscience Holdings Limited - Ordinary Shares,Q,S,N,10577117742,,,Health Care,Medicinal Chemicals and Botanical Products
GIL,GIL,"Gildan Activewear, Inc. Class A Sub. Vot. Common Stock",N, ,N,10555314321,,,Consumer Discretionary,Apparel
FRT,FRT,Federal Realty Investment Trust Common Stock,N, ,N,10548120954,,,Real Estate,Real Estate Investment Trusts
WTS,WTS,"Watts Water Technologies, Inc. Class A Common Stock",N, ,N,10534491886,,,Industrials,Metal Fabrications
PODD,PODD,Insulet Corporation - Common Stock,Q,Q,N,10494290758,,,Health Care,Medical/Dental Instruments
AES,AES,The AES Corporation Common Stock,N, ,N,10490549958,,,Utilities,Electric Utilities: Central
R,R,"Ryder System, Inc. Common Stock",N, ,N,10482944417,,,Consumer Discretionary,Rental/Leasing Companies
GSAT,GSAT,"Globalstar, Inc. - Common Stock",Q,Q,N,10456373308,,,Consumer Discretionary,Telecommunications Equipment
DPZ,DPZ,Domino's Pizza Inc - Common Stock,Q,Q,N,10428594101,,,Consumer Discretionary,Food Distributors
ARWR,ARWR,"Arrowhead Pharmaceuticals, Inc. - Common Stock",Q,Q,N,10403699571,,,Health Care,Biotechnology: Pharmaceutical Preparations
VMI,VMI,"Valmont Industries, Inc. Common Stock",N, ,N,10398728022,,,Industrials,Metal Fabrications
MICC,MICC,The Magnum Ice Cream Company N.V. Ordinary Shares,N, ,N,10396170368,,,Consumer Staples,Specialty Foods
WTRG,WTRG,"Essential Utilities, Inc. Common Stock",N, ,N,10395148827,,,Utilities,Water Supply
CGNX,CGNX,Cognex Corporation - Common Stock,Q,Q,N,10382909548,,,Industrials,Industrial Machinery/Components
FROG,FROG,JFrog Ltd. - Ordinary shares,Q,Q,N,10376326755,,,Technology,Computer Software: Prepackaged Software
HBM,HBM,Hudbay Minerals Inc. Ordinary Shares (Canada),N, ,N,10371337750,,,Basic Materials,Metal Mining
MOH,MOH,Molina Healthcare Inc Common Stock,N, ,N,10337161000,,,Health Care,Medical Specialities
ERIE,ERIE,Erie Indemnity Company - Class A Common Stock,Q,Q,N,10334910821,,,Finance,Specialty Insurers
SFD,SFD,"Smithfield Foods, Inc. - Common Stock",Q,Q,N,10328778154,,,Consumer Staples,Meat/Poultry/Fish
FIVE,FIVE,"Five Below, Inc. - Common Stock",Q,Q,N,10312030008,,,Consumer Discretionary,Department/Specialty Retail Stores
BXP,BXP,"BXP, Inc. Common Stock",N, ,N,10291076041,,,Real Estate,Real Estate Investment Trusts
SUZ,SUZ,Suzano S.A. American Depositary Shares (each representing One Ordinary Share),N, ,N,10264635034,,,Basic Materials,Paper
OKLO,OKLO,Oklo Inc. Class A common stock,N, ,N,10255028774,,,Utilities,Electric Utilities: Central
MP,MP,MP Materials Corp. Common Stock,N, ,N,10250518161,,,Basic Materials,Metal Mining
WTFC,WTFC,Wintrust Financial Corporation - Common Stock,Q,Q,N,10224405332,,,Finance,Major Banks
EMBJ,EMBJ,Embraer S.A. Common Stock,N, ,N,10216299389,,,Industrials,Aerospace
TIMB,TIMB,TIM S.A. American Depositary Shares (Each representing 5 Common Shares) ,N, ,N,10190456291,,,Telecommunications,Telecommunications Equipment
CNM,CNM,"Core & Main, Inc. Class A Common Stock",N, ,N,10148485226,,,Consumer Discretionary,Durable Goods
AM,AM,Antero Midstream Corporation Common Stock,N, ,N,10131323400,,,Utilities,Natural Gas Distribution
MUSA,MUSA,Murphy USA Inc. Common Stock,N, ,N,10088503440,,,Consumer Discretionary,Retail-Auto Dealers and Gas Stations
SAIL,SAIL,"SailPoint, Inc. - Common Stock",Q,Q,N,10034167564,,,Technology,Computer Software: Prepackaged Software
BSY,BSY,"Bentley Systems, Incorporated - Class B Common Stock",Q,Q,N,10031366175,,,Technology,Computer Software: Prepackaged Software
EHC,EHC,Encompass Health Corporation Common Stock,N, ,N,10030018979,,,Health Care,Hospital/Nursing Management
WMS,WMS,"Advanced Drainage Systems, Inc. Common Stock",N, ,N,10002988805,,,Consumer Discretionary,Containers/Packaging
GME,GME,GameStop Corporation Common Stock,N, ,N,9987866713,,,Consumer Discretionary,Electronics Distribution
HL,HL,Hecla Mining Company Common Stock,N, ,N,9986907681,,,Industrials,Mining & Quarrying of Nonmetallic Minerals (No Fuels)
CART,CART,Maplebear Inc. - Common Stock,Q,Q,N,9972315008,,,Consumer Discretionary,Business Services
BAX,BAX,Baxter International Inc. Common Stock,N, ,N,9936863714,,,Health Care,Medical/Dental Instruments
CIFR,CIFR,Cipher Digital Inc. - Common Stock,Q,Q,N,9935804995,,,Finance,Finance: Consumer Services
BPOP,BPOP,"Popular, Inc. - Common Stock",Q,Q,N,9916864365,,,Finance,Major Banks
GTLS,GTLS,"Chart Industries, Inc. Common Stock",N, ,N,9911770877,,,Industrials,Metal Fabrications
SCI,SCI,Service Corporation International Common Stock,N, ,N,9835952447,,,Consumer Discretionary,Other Consumer Services
BROS,BROS,Dutch Bros Inc. Class A Common Stock,N, ,N,9823964231,,,Consumer Discretionary,Restaurants
PSO,PSO,"Pearson, Plc Common Stock",N, ,N,9822691892,,,Consumer Discretionary,Books
UMBF,UMBF,UMB Financial Corporation - Common Stock,Q,Q,N,9808853656,,,Finance,Major Banks
FCFS,FCFS,"FirstCash Holdings, Inc. - Common Stock",Q,Q,N,9808020349,,,Consumer Discretionary,Other Specialty Stores
ESI,ESI,Element Solutions Inc. Common Stock,N, ,N,9780829000,,,Industrials,Major Chemicals
DCI,DCI,"Donaldson Company, Inc. Common Stock",N, ,N,9734210483,,,Industrials,Pollution Control Equipment
RIOT,RIOT,"Riot Platforms, Inc. - Common Stock",Q,S,N,9706046978,,,Finance,Finance: Consumer Services
FORM,FORM,"FormFactor, Inc. - Common Stock",Q,Q,N,9685880421,,,Technology,Semiconductors
FRVO,FRVO,Fervo Energy Company - Class A common stock,Q,Q,N,9629776829,,,Utilities,Electric Utilities: Central
LINE,LINE,"Lineage, Inc. - Common Stock",Q,Q,N,9628348896,,,Real Estate,Real Estate Investment Trusts
OGE,OGE,OGE Energy Corp Common Stock,N, ,N,9621170845,,,Utilities,Electric Utilities: Central
ALV,ALV,"Autoliv, Inc. Common Stock",N, ,N,9599725832,,,Consumer Discretionary,Auto Parts:O.E.M.
BMNR,BMNR,"BitMine Immersion Technologies, Inc. Common Stock",N, ,N,9597369400,,,Finance,Finance: Consumer Services
OC,OC,Owens Corning Inc Common Stock New,N, ,N,9594143926,,,Industrials,Industrial Machinery/Components
ALSN,ALSN,"Allison Transmission Holdings, Inc. Common Stock",N, ,N,9577447086,,,Consumer Discretionary,Auto Parts:O.E.M.
FLS,FLS,Flowserve Corporation Common Stock,N, ,N,9567633592,,,Industrials,Fluid Controls
DDS,DDS,"Dillard's, Inc. Common Stock",N, ,N,9558896818,,,Consumer Discretionary,Department/Specialty Retail Stores
JOBY,JOBY,"Joby Aviation, Inc. Common Stock",N, ,N,9541335664,,,Industrials,Aerospace
BRX,BRX,Brixmor Property Group Inc. Common Stock,N, ,N,9490456564,,,Real Estate,Real Estate Investment Trusts
BAH,BAH,Booz Allen Hamilton Holding Corporation Common Stock,N, ,N,9487485880,,,Consumer Discretionary,Professional Services
QBTS,QBTS,D-Wave Quantum Inc. Common Shares,N, ,N,9472832234,,,Technology,EDP Services
HLI,HLI,"Houlihan Lokey, Inc. Class A Common Stock",N, ,N,9468041958,,,Finance,Investment Managers
MASI,MASI,Masimo Corporation - Common Stock,Q,Q,N,9422703492,,,Health Care,Biotechnology: Electromedical & Electrotherapeutic Apparatus
TX,TX,"Ternium S.A. Ternium S.A. American Depositary Shares (each representing ten shares, USD1.00 par value)",N, ,N,9363876241,,,Industrials,Steel/Iron Ore
SNAP,SNAP,Snap Inc. Class A Common Stock,N, ,N,9362959277,,,Technology,Computer Software: Programming Data Processing
TKR,TKR,Timken Company (The) Common Stock,N, ,N,9358825662,,,Industrials,Metal Fabrications
SNEX,SNEX,StoneX Group Inc. - Common Stock,Q,Q,N,9327108564,,,Finance,Investment Bankers/Brokers/Service
ZION,ZION,Zions Bancorporation N.A. - Common Stock,Q,Q,N,9303557425,,,Finance,Major Banks
LUMN,LUMN,"Lumen Technologies, Inc. Common Stock",N, ,N,9283102741,,,Telecommunications,Telecommunications Equipment
DAR,DAR,Darling Ingredients Inc. Common Stock,N, ,N,9275000905,,,Consumer Staples,Packaged Foods
SSB,SSB,SouthState Bank Corporation Common Stock,N, ,N,9254047074,,,Finance,Major Banks
MSGS,MSGS,Madison Square Garden Sports Corp. Class A Common Stock (New),N, ,N,9238724539,,,Consumer Discretionary,Services-Misc. Amusement & Recreation
SIRI,SIRI,SiriusXM Holdings Inc. - Common Stock,Q,Q,N,9236851044,,,Consumer Discretionary,Broadcasting
AVAV,AVAV,"AeroVironment, Inc. - Common Stock",Q,Q,N,9221809827,,,Industrials,Aerospace
RRC,RRC,Range Resources Corporation Common Stock,N, ,N,9215186198,,,Energy,Oil & Gas Production
ONB,ONB,Old National Bancorp - Common Stock,Q,Q,N,9191813670,,,Finance,Major Banks
LGN,LGN,Legence Corp. - Class A Common stock,Q,Q,N,9187545737,,,Consumer Discretionary,Engineering & Construction
ENSG,ENSG,"The Ensign Group, Inc. - Common Stock",Q,Q,N,9142029468,,,Health Care,Hospital/Nursing Management
TTD,TTD,"The Trade Desk, Inc. - Class A Common Stock",Q,G,N,9134205454,,,Technology,Computer Software: Programming Data Processing
ORI,ORI,Old Republic International Corporation Common Stock,N, ,N,9118146903,,,Finance,Property-Casualty Insurers
XE,XE,"X-Energy, Inc. - Class A Common Stock",Q,Q,N,9110728141,,,Industrials,Metal Fabrications
ACM,ACM,AECOM Common Stock,N, ,N,9105848882,,,Consumer Discretionary,Military/Government/Technical
CUBE,CUBE,CubeSmart Common Shares,N, ,N,9095035517,,,Real Estate,Real Estate Investment Trusts
IAG,IAG,Iamgold Corporation Ordinary Shares,N, ,N,9049560000,,,Basic Materials,Precious Metals
DOCU,DOCU,"DocuSign, Inc. - Common Stock",Q,Q,N,9044860021,,,Technology,Computer Software: Prepackaged Software
GGB,GGB,Gerdau S.A. Common Stock,N, ,N,9026407582,,,Industrials,Steel/Iron Ore
AAL,AAL,"American Airlines Group, Inc. - Common Stock",Q,Q,N,8994837863,,,Consumer Discretionary,Air Freight/Delivery Services
CRL,CRL,"Charles River Laboratories International, Inc. Common Stock",N, ,N,8980391581,,,Health Care,Biotechnology: Commercial Physical & Biological Resarch
AYI,AYI,Acuity Inc. Common Stock,N, ,N,8979959065,,,Consumer Discretionary,Building Products
JKHY,JKHY,"Jack Henry & Associates, Inc. - Common Stock",Q,Q,N,8978687069,,,Technology,EDP Services
FDS,FDS,FactSet Research Systems Inc. Common Stock,N, ,N,8975901070,,,Technology,Computer Software: Programming Data Processing
ALGM,ALGM,"Allegro MicroSystems, Inc. - Common Stock",Q,Q,N,8974057745,,,Technology,Semiconductors
VSAT,VSAT,"ViaSat, Inc. - Common Stock",Q,Q,N,8942535042,,,Technology,Radio And Television Broadcasting And Communications Equipment
SIMO,SIMO,"Silicon Motion Technology Corporation - American Depositary Shares, each representing four ordinary shares",Q,Q,N,8924881250,,,Technology,Semiconductors
KT,KT,KT Corporation Common Stock,N, ,N,8906051627,,,Telecommunications,Telecommunications Equipment
KRYS,KRYS,"Krystal Biotech, Inc. - Common Stock",Q,Q,N,8895811171,,,Health Care,Biotechnology: Biological Products (No Diagnostic Substances)
HSIC,HSIC,"Henry Schein, Inc. - Common Stock",Q,Q,N,8891202884,,,Health Care,Medical Specialities
AMG,AMG,"Affiliated Managers Group, Inc. Common Stock",N, ,N,8890836053,,,Finance,Investment Managers
W,W,Wayfair Inc. Class A Common Stock,N, ,N,8863564908,,,Consumer Discretionary,Catalog/Specialty Distribution
LEVI,LEVI,Levi Strauss & Co Class A Common Stock,N, ,N,8857251661,,,Consumer Discretionary,Apparel
CFR,CFR,"Cullen/Frost Bankers, Inc. Common Stock",N, ,N,8844964211,,,Finance,Major Banks
AHR,AHR,"American Healthcare REIT, Inc. Common Stock",N, ,N,8807409476,,,Real Estate,Real Estate Investment Trusts
ADC,ADC,Agree Realty Corporation Common Stock,N, ,N,8796333393,,,Real Estate,Real Estate Investment Trusts
QRVO,QRVO,"Qorvo, Inc. - Common Stock",Q,Q,N,8791685796,,,Technology,Semiconductors
ARE,ARE,"Alexandria Real Estate Equities, Inc. Common Stock",N, ,N,8758784065,,,Real Estate,Real Estate Investment Trusts
WAL,WAL,Western Alliance Bancorporation Common Stock (DE),N, ,N,8735920654,,,Finance,Major Banks
SSL,SSL,Sasol Ltd. American Depositary Shares,N, ,N,8734095149,,,Energy,Oil & Gas Production
TEM,TEM,"Tempus AI, Inc. - Class A Common Stock",Q,Q,N,8725052029,,,Technology,Computer Software: Programming Data Processing
CTRE,CTRE,"CareTrust REIT, Inc. Common Stock",N, ,N,8721989476,,,Real Estate,Real Estate Investment Trusts
BRKR,BRKR,Bruker Corporation - Common Stock,Q,Q,N,8719491206,,,Industrials,Biotechnology: Laboratory Analytical Instruments
FRHC,FRHC,Freedom Holding Corp. - Common Stock,Q,S,N,8704159428,,,Finance,Investment Bankers/Brokers/Service
AGX,AGX,"Argan, Inc. Common Stock",N, ,N,8691652755,,,Consumer Discretionary,Engineering & Construction
MANH,MANH,"Manhattan Associates, Inc. - Common Stock",Q,Q,N,8690096742,,,Technology,Computer Software: Prepackaged Software
YMM,YMM,Full Truck Alliance Co. Ltd. American Depositary Shares (each representing 20 Class A Ordinary Shares),N, ,N,8663495147,,,Technology,Computer Software: Prepackaged Software
UHS,UHS,"Universal Health Services, Inc. Common Stock",N, ,N,8648828467,,,Health Care,Hospital/Nursing Management
CORZ,CORZ,"Core Scientific, Inc. - Common Stock",Q,Q,N,8630585678,,,Finance,Finance: Consumer Services
COLB,COLB,"Columbia Banking System, Inc. - Common Stock",Q,Q,N,8592074063,,,Finance,Major Banks
CAVA,CAVA,"CAVA Group, Inc. Common Stock",N, ,N,8574805279,,,Consumer Discretionary,Restaurants
TTC,TTC,Toro Company (The) Common Stock,N, ,N,8564944288,,,Consumer Discretionary,Tools/Hardware
NNN,NNN,"NNN REIT, Inc. Common Stock",N, ,N,8563070447,,,Real Estate,Real Estate Investment Trusts
EQX,EQX,Equinox Gold Corp. Common Shares,A, ,N,8553910493,,,Basic Materials,Precious Metals
LLYVK,LLYVK,"Liberty Live Holdings, Inc. - Series C Liberty Live Group Common Stock",Q,Q,N,8526970480,,,Consumer Discretionary,Services-Misc. Amusement & Recreation
NCLH,NCLH,Norwegian Cruise Line Holdings Ltd. Ordinary Shares,N, ,N,8516493097,,,Consumer Discretionary,Marine Transportation
AG,AG,First Majestic Silver Corp. Ordinary Shares (Canada),N, ,N,8478023483,,,Basic Materials,Precious Metals
ASR,ASR,"Grupo Aeroportuario del Sureste, S.A. de C.V. Common Stock",N, ,N,8455200000,,,Consumer Discretionary,Aerospace
CYTK,CYTK,"Cytokinetics, Incorporated - Common Stock",Q,Q,N,8448971164,,,Health Care,Biotechnology: Pharmaceutical Preparations
PRMB,PRMB,Primo Brands Corporation Class A Common Stock,N, ,N,8414921953,,,Consumer Staples,Beverages (Production/Distribution)
HALO,HALO,"Halozyme Therapeutics, Inc. - Common Stock",Q,Q,N,8389497490,,,Health Care,Biotechnology: Biological Products (No Diagnostic Substances)
ORA,ORA,"Ormat Technologies, Inc. Common Stock",N, ,N,8386320595,,,Utilities,Electric Utilities: Central
STN,STN,Stantec Inc Common Stock,N, ,N,8378220783,,,Consumer Discretionary,Military/Government/Technical
AGCO,AGCO,AGCO Corporation Common Stock,N, ,N,8373322062,,,Industrials,Industrial Machinery/Components
CRUS,CRUS,"Cirrus Logic, Inc. - Common Stock",Q,Q,N,8357997264,,,Technology,Semiconductors
RYAN,RYAN,"Ryan Specialty Holdings, Inc. Class A Common Stock",N, ,N,8344820485,,,Finance,Specialty Insurers
ENS,ENS,EnerSys Common Stock,N, ,N,8341389709,,,Technology,Industrial Machinery/Components
ELPC,ELPC,Companhia Paranaense de Energia (COPEL) American Depositary Shares (each representing four (4) Common Shares),N, ,N,8314584525,,,Utilities,Electric Utilities: Central
OSCR,OSCR,"Oscar Health, Inc. Class A Common Stock",N, ,N,8257893270,,,Health Care,Medical Specialities
PRI,PRI,"Primerica, Inc. Common Stock",N, ,N,8257746537,,,Finance,Life Insurance
LLYVA,LLYVA,"Liberty Live Holdings, Inc. - Series A Liberty Live Group Common Stock",Q,Q,N,8248197060,,,Consumer Discretionary,Services-Misc. Amusement & Recreation
TECH,TECH,Bio-Techne Corp - Common Stock,Q,Q,N,8243344740,,,Health Care,Biotechnology: Biological Products (No Diagnostic Substances)
SARO,SARO,"StandardAero, Inc. Common Stock",N, ,N,8241980186,,,Industrials,Aerospace
CHWY,CHWY,"Chewy, Inc. Class A Common Stock",N, ,N,8241020709,,,Consumer Discretionary,Catalog/Specialty Distribution
VIRT,VIRT,"Virtu Financial, Inc. Class A Common Stock",N, ,N,8222678595,,,Finance,Investment Bankers/Brokers/Service
EMN,EMN,Eastman Chemical Company Common Stock,N, ,N,8195461633,,,Industrials,Major Chemicals
OSK,OSK,Oshkosh Corporation (Holding Company)Common Stock,N, ,N,8192338490,,,Industrials,Auto Manufacturing
MBLY,MBLY,Mobileye Global Inc. - Class A Common Stock,Q,Q,N,8160783706,,,Technology,Computer Software: Prepackaged Software
CMC,CMC,Commercial Metals Company Common Stock,N, ,N,8154658219,,,Industrials,Steel/Iron Ore
SFM,SFM,"Sprouts Farmers Market, Inc. - Common Stock",Q,Q,N,8151760011,,,Consumer Staples,Food Chains
FR,FR,"First Industrial Realty Trust, Inc. Common Stock",N, ,N,8072213117,,,Real Estate,Real Estate Investment Trusts
CAE,CAE,CAE Inc. Ordinary Shares,N, ,N,8070513440,,,Miscellaneous,Industrial Machinery/Components
ABVX,ABVX,Abivax SA - American Depositary Shares,Q,G,N,8050434318,,,Health Care,Biotechnology: Pharmaceutical Preparations
RIG,RIG,Transocean Ltd (Switzerland) Common Stock,N, ,N,8045739732,,,Energy,Oil & Gas Production
BIRK,BIRK,Birkenstock Holding plc Ordinary Shares,N, ,N,8029338405,,,Consumer Discretionary,Shoe Manufacturing
VOYA,VOYA,"Voya Financial, Inc. Common Stock",N, ,N,8022155551,,,Finance,Life Insurance
JHG,JHG,Janus Henderson Group plc Ordinary Shares,N, ,N,7984198007,,,Finance,Investment Managers
ACI,ACI,"Albertsons Companies, Inc. Class A Common Stock",N, ,N,7981792350,,,Consumer Staples,Food Chains
MTCH,MTCH,"Match Group, Inc. - Common Stock",Q,Q,N,7975382524,,,Technology,Computer Software: Programming Data Processing
Z,Z,"Zillow Group, Inc. - Class C Capital Stock",Q,Q,N,7960014970,,,Consumer Discretionary,Business Services
ZG,ZG,"Zillow Group, Inc. - Class A Common Stock",Q,Q,N,7955438934,,,Consumer Discretionary,Business Services
XP,XP,XP Inc. - Class A Common Stock,Q,Q,N,7909440189,,,Finance,Investment Bankers/Brokers/Service
AOS,AOS,A.O. Smith Corporation Common Stock,N, ,N,7901715014,,,Consumer Discretionary,Consumer Electronics/Appliances
ZWS,ZWS,Zurn Elkay Water Solutions Corporation Common Stock,N, ,N,7879691732,,,Industrials,Industrial Machinery/Components
CORT,CORT,Corcept Therapeutics Incorporated - Common Stock,Q,S,N,7872092388,,,Health Care,Biotechnology: Pharmaceutical Preparations
BLDR,BLDR,"Builders FirstSource, Inc. Common Stock",N, ,N,7864778133,,,Consumer Discretionary,RETAIL: Building Materials
CAMT,CAMT,Camtek Ltd. - Ordinary Shares,Q,G,N,7851353543,,,Technology,Electronic Components
BOKF,BOKF,BOK Financial Corporation - Common Stock,Q,Q,N,7834531076,,,Finance,Major Banks
BIO,BIO,"Bio-Rad Laboratories, Inc. Class A Common Stock",N, ,N,7795921113,,,Industrials,Biotechnology: Laboratory Analytical Instruments
ECG,ECG,"Everus Construction Group, Inc. Common Stock",N, ,N,7795584484,,,Consumer Discretionary,Homebuilding
FRO,FRO,Frontline Plc Ordinary Shares,N, ,N,7794027344,,,Consumer Discretionary,Marine Transportation
VSH,VSH,"Vishay Intertechnology, Inc. Common Stock",N, ,N,7787975421,,,Technology,Electrical Products
CBSH,CBSH,"Commerce Bancshares, Inc. - Common Stock",Q,Q,N,7785958009,,,Finance,Major Banks
CHRD,CHRD,Chord Energy Corporation - Common Stock,Q,Q,N,7784488033,,,Energy,Oil & Gas Production
SM,SM,SM Energy Company Common Stock,N, ,N,7760665451,,,Energy,Oil & Gas Production
GGAL,GGAL,"Grupo Financiero Galicia S.A. - American Depositary Shares, Class B Shares underlying",Q,S,N,7716442919,,,Finance,Commercial Banks
VIST,VIST,"Vista Energy S.A.B. de C.V. American Depositary Shares, each representing one series A share, with no par value",N, ,N,7714006034,,,Energy,Oil & Gas Production
REXR,REXR,"Rexford Industrial Realty, Inc. Common Stock",N, ,N,7665387321,,,Real Estate,Real Estate Investment Trusts
GAP,GAP,"Gap, Inc. (The) Common Stock",N, ,N,7663951484,,,Consumer Discretionary,Clothing/Shoe/Accessory Stores
ESE,ESE,ESCO Technologies Inc. Common Stock,N, ,N,7652719537,,,Telecommunications,Telecommunications Equipment
IDA,IDA,"IDACORP, Inc. Common Stock",N, ,N,7650215006,,,Utilities,Electric Utilities: Central
LSTR,LSTR,"Landstar System, Inc. - Common Stock",Q,Q,N,7646400688,,,Industrials,Trucking Freight/Courier Services
SSD,SSD,"Simpson Manufacturing Company, Inc. Common Stock",N, ,N,7643089402,,,Consumer Discretionary,Industrial Machinery/Components
VLY,VLY,Valley National Bancorp - Common Stock,Q,Q,N,7630390452,,,Finance,Major Banks
NOV,NOV,NOV Inc. Common Stock,N, ,N,7579724698,,,Consumer Discretionary,Oil and Gas Field Machinery
KEX,KEX,Kirby Corporation Common Stock,N, ,N,7577205000,,,Consumer Discretionary,Marine Transportation
SOBO,SOBO,South Bow Corporation Common Shares,N, ,N,7567450268,,,Energy,Natural Gas Distribution
PLXS,PLXS,Plexus Corp. - Common Stock,Q,Q,N,7553070084,,,Technology,Electrical Products
IBRX,IBRX,"ImmunityBio, Inc. - Common Stock",Q,Q,N,7509528015,,,Health Care,Biotechnology: Biological Products (No Diagnostic Substances)
ENPH,ENPH,"Enphase Energy, Inc. - Common Stock",Q,G,N,7496682754,,,Technology,Semiconductors
NE,NE,Noble Corporation plc A Ordinary Shares,N, ,N,7495468449,,,Energy,Oil & Gas Production
BILI,BILI,Bilibili Inc. - American Depositary Shares,Q,Q,N,7482560700,,,Technology,EDP Services
JXN,JXN,Jackson Financial Inc. Class A Common Stock ,N, ,N,7482040197,,,Finance,Life Insurance
QGEN,QGEN,Qiagen N.V. Common Shares,N, ,N,7466088301,,,Health Care,Biotechnology: Biological Products (No Diagnostic Substances)
RTO,RTO,Rentokil Initial plc American Depositary Shares (each representing five (5) Ordinary Shares),N, ,N,7447466000,,,Consumer Discretionary,Other Consumer Services
UGI,UGI,UGI Corporation Common Stock,N, ,N,7439461806,,,Utilities,Natural Gas Distribution
TAP,TAP,Molson Coors Beverage Company Class B Common Stock,N, ,N,7428909370,,,Consumer Staples,Beverages (Production/Distribution)
KNTK,KNTK,Kinetik Holdings Inc. Class A Common Stock,N, ,N,7413354769,,,Utilities,Natural Gas Distribution
WFRD,WFRD,Weatherford International plc - Ordinary shares,Q,Q,N,7408309196,,,Consumer Discretionary,Oil and Gas Field Machinery
NEU,NEU,NewMarket Corp Common Stock,N, ,N,7386009257,,,Industrials,Major Chemicals
LTH,LTH,"Life Time Group Holdings, Inc. Common Stock",N, ,N,7379280765,,,Consumer Discretionary,Hotels/Resorts
YOU,YOU,"Clear Secure, Inc. Class A Common Stock",N, ,N,7347598014,,,Technology,Computer Software: Prepackaged Software
HQY,HQY,"HealthEquity, Inc. - Common Stock",Q,Q,N,7343613471,,,Consumer Discretionary,Business Services
ST,ST,Sensata Technologies Holding plc Ordinary Shares,N, ,N,7296325748,,,Industrials,Industrial Machinery/Components
CWAN,CWAN,"Clearwater Analytics Holdings, Inc. Class A Common Stock",N, ,N,7280129417,,,Technology,Computer Software: Prepackaged Software
LEA,LEA,Lear Corporation Common Stock,N, ,N,7257276992,,,Consumer Discretionary,Auto Parts:O.E.M.
NFG,NFG,National Fuel Gas Company Common Stock,N, ,N,7255949889,,,Utilities,Oil/Gas Transmission
RGTI,RGTI,"Rigetti Computing, Inc.  - Common stock",Q,S,N,7234660034,,,Technology,EDP Services
CLF,CLF,Cleveland-Cliffs Inc. Common Stock,N, ,N,7232857851,,,Basic Materials,Metal Mining
ICL,ICL,ICL Group Ltd. Ordinary Shares,N, ,N,7214860555,,,Industrials,Agricultural Chemicals
SLAB,SLAB,"Silicon Laboratories, Inc. - Common Stock",Q,Q,N,7196633779,,,Technology,Semiconductors
GKOS,GKOS,Glaukos Corporation Common Stock,N, ,N,7163187786,,,Health Care,Medical/Dental Instruments
TEX,TEX,Terex Corporation Common Stock,N, ,N,7160340000,,,Industrials,Construction/Ag Equipment/Trucks
TTEK,TTEK,"Tetra Tech, Inc. - Common Stock",Q,Q,N,7160286445,,,Consumer Discretionary,Military/Government/Technical
CELH,CELH,"Celsius Holdings, Inc. - Common Stock",Q,S,N,7157930080,,,Consumer Staples,Beverages (Production/Distribution)
PCOR,PCOR,"Procore Technologies, Inc. Common Stock",N, ,N,7153705141,,,Technology,Computer Software: Prepackaged Software
ATR,ATR,"AptarGroup, Inc. Common Stock",N, ,N,7144046173,,,Industrials,Plastic Products
AVT,AVT,"Avnet, Inc. - Common Stock",Q,Q,N,7140196251,,,Technology,Electronic Components
VFS,VFS,VinFast Auto Ltd. - Ordinary Shares,Q,Q,N,7135584831,,,Industrials,Auto Manufacturing
MIDD,MIDD,The Middleby Corporation - Common Stock,Q,Q,N,7123091700,,,Industrials,Industrial Machinery/Components
STAG,STAG,"Stag Industrial, Inc. Common Stock",N, ,N,7101355743,,,Real Estate,Real Estate Investment Trusts
MXL,MXL,"MaxLinear, Inc - Common Stock",Q,Q,N,7098308170,,,Technology,Semiconductors
AXS,AXS,Axis Capital Holdings Limited Common Stock,N, ,N,7092912536,,,Finance,Property-Casualty Insurers
ALKS,ALKS,Alkermes plc - Ordinary Shares,Q,Q,N,7075388007,,,Health Care,Biotechnology: Pharmaceutical Preparations
RGEN,RGEN,Repligen Corporation - Common Stock,Q,Q,N,7069582054,,,Health Care,Biotechnology: Biological Products (No Diagnostic Substances)
PRAX,PRAX,"Praxis Precision Medicines, Inc. - Common Stock",Q,Q,N,7060299516,,,Health Care,Biotechnology: Pharmaceutical Preparations
PB,PB,"Prosperity Bancshares, Inc. Common Stock",N, ,N,7017469261,,,Finance,Major Banks
NUVL,NUVL,"Nuvalent, Inc. - Class A Common Stock",Q,Q,N,6990525498,,,Health Care,Biotechnology: Pharmaceutical Preparations
TTAN,TTAN,"ServiceTitan, Inc. - Class A Common Stock",Q,Q,N,6958550223,,,Technology,Computer Software: Prepackaged Software
GDS,GDS,GDS Holdings Limited - American Depositary Shares,Q,G,N,6951099395,,,Technology,Computer Software: Programming Data Processing
PPC,PPC,Pilgrim's Pride Corporation - Common Stock,Q,Q,N,6942562238,,,Consumer Staples,Meat/Poultry/Fish
FLR,FLR,Fluor Corporation Common Stock,N, ,N,6916453250,,,Industrials,Military/Government/Technical
MORN,MORN,"Morningstar, Inc. - Common Stock",Q,Q,N,6902465547,,,Finance,Investment Managers
KNSL,KNSL,"Kinsale Capital Group, Inc. Common Stock",N, ,N,6897397278,,,Finance,Property-Casualty Insurers
NXE,NXE,Nexgen Energy Ltd. Common Shares,N, ,N,6883597978,,,Basic Materials,Other Metals and Minerals
SBSW,SBSW,D/B/A Sibanye-Stillwater Limited ADS,N, ,N,6878278452,,,Basic Materials,Precious Metals
MTDR,MTDR,Matador Resources Company Common Stock,N, ,N,6868297735,,,Energy,Oil & Gas Production
INGM,INGM,Ingram Micro Holding Corporation Common Stock,N, ,N,6840522149,,,Technology,Retail: Computer Software & Peripheral Equipment
RAL,RAL,Ralliant Corporation Common Stock,N, ,N,6831280022,,,Industrials,Industrial Machinery/Components
NPO,NPO,Enpro Inc. Common Stock,N, ,N,6820109672,,,Industrials,Metal Fabrications
AXTA,AXTA,Axalta Coating Systems Ltd. Common Shares,N, ,N,6814357573,,,Consumer Discretionary,Paints/Coatings
VNO,VNO,Vornado Realty Trust Common Stock,N, ,N,6809138767,,,Real Estate,Real Estate Investment Trusts
MYRG,MYRG,"MYR Group, Inc. - Common Stock",Q,Q,N,6802674208,,,Industrials,Water Sewer Pipeline Comm & Power Line Construction
MOS,MOS,Mosaic Company (The) Common Stock,N, ,N,6795561249,,,Industrials,Agricultural Chemicals
SNDR,SNDR,"Schneider National, Inc. Common Stock",N, ,N,6787818178,,,Industrials,Trucking Freight/Courier Services
TRNO,TRNO,Terreno Realty Corporation Common Stock,N, ,N,6783463006,,,Finance,Real Estate
HR,HR,Healthcare Realty Trust Incorporated Common Stock,N, ,N,6774496850,,,Real Estate,Real Estate Investment Trusts
CBC,CBC,"Central Bancompany, Inc. - Class A Common Stock",Q,Q,N,6766257532,,,,
HXL,HXL,Hexcel Corporation Common Stock,N, ,N,6727350541,,,Industrials,Major Chemicals
MWH,MWH,"SOLV Energy, Inc. - Class A common stock",Q,Q,N,6715483785,,,Industrials,Military/Government/Technical
LNC,LNC,Lincoln National Corporation Common Stock,N, ,N,6702022555,,,Finance,Life Insurance
CHYM,CHYM,"Chime Financial, Inc. - Class A Common Stock",Q,Q,N,6694506272,,,Finance,Finance: Consumer Services
PCVX,PCVX,"Vaxcyte, Inc. - Common Stock",Q,Q,N,6689944607,,,Health Care,Biotechnology: Pharmaceutical Preparations
TMHC,TMHC,Taylor Morrison Home Corporation Common Stock,N, ,N,6674471602,,,Consumer Discretionary,Homebuilding
PRIM,PRIM,Primoris Services Corporation Common Stock,N, ,N,6663591117,,,Industrials,Water Sewer Pipeline Comm & Power Line Construction
MRCY,MRCY,Mercury Systems Inc - Common Stock,Q,Q,N,6661201816,,,Technology,Electrical Products
LAD,LAD,"Lithia Motors, Inc. Common Stock",N, ,N,6658159149,,,Consumer Discretionary,Retail-Auto Dealers and Gas Stations
FAF,FAF,First American Corporation (New) Common Stock,N, ,N,6640823000,,,Finance,Specialty Insurers
GTES,GTES,Gates Industrial Corporation plc Ordinary Shares,N, ,N,6631938120,,,Industrials,Industrial Machinery/Components
AVTR,AVTR,"Avantor, Inc. Common Stock",N, ,N,6615899845,,,Industrials,Biotechnology: Laboratory Analytical Instruments
BBUC,BBUC,Brookfield Business Corporation Class A Subordinate Voting Shares,N, ,N,6607062000,,,Consumer Discretionary,Engineering & Construction
IDCC,IDCC,"InterDigital, Inc. - Common Stock",Q,Q,N,6605989412,,,Miscellaneous,Multi-Sector Companies
POOL,POOL,Pool Corporation - Common Stock,Q,Q,N,6594361393,,,Consumer Discretionary,Industrial Specialties
JAN,JAN,"Janus Living, Inc. Class A-1 Common Stock",N, ,N,6583782216,,,Real Estate,Real Estate Investment Trusts
VIPS,VIPS,"Vipshop Holdings Limited American Depositary Shares, each representing two ordinary shares",N, ,N,6579706398,,,Consumer Discretionary,Catalog/Specialty Distribution
KRMN,KRMN,Karman Holdings Inc. Common Stock,N, ,N,6578605482,,,Industrials,Military/Government/Technical
SGHC,SGHC,Super Group (SGHC) Limited Ordinary Shares,N, ,N,6538948262,,,Consumer Discretionary,Services-Misc. Amusement & Recreation
ETSY,ETSY,"Etsy, Inc. Common Stock",N, ,N,6531707580,,,Consumer Discretionary,Business Services
FSS,FSS,Federal Signal Corporation Common Stock,N, ,N,6519921121,,,Industrials,Auto Manufacturing
LNTH,LNTH,"Lantheus Holdings, Inc. - Common Stock",Q,G,N,6511259261,,,Health Care,Biotechnology: In Vitro & In Vivo Diagnostic Substances
VFC,VFC,V.F. Corporation Common Stock,N, ,N,6511212497,,,Industrials,Garments and Clothing
EPRT,EPRT,"Essential Properties Realty Trust, Inc. Common Stock",N, ,N,6491703569,,,Real Estate,Real Estate Investment Trusts
AWI,AWI,Armstrong World Industries Inc Common Stock,N, ,N,6480465201,,,Industrials,Plastic Products
DSGX,DSGX,The Descartes Systems Group Inc. - Common Stock,Q,Q,N,6472189794,,,Technology,Computer Software: Prepackaged Software
PAYC,PAYC,"Paycom Software, Inc. Common Stock",N, ,N,6463587765,,,Technology,Computer Software: Prepackaged Software
MSM,MSM,"MSC Industrial Direct Company, Inc. Common Stock",N, ,N,6453888008,,,Industrials,Industrial Machinery/Components
LUNR,LUNR,"Intuitive Machines, Inc. - Class A Common Stock",Q,G,N,6453117919,,,Industrials,Industrial Machinery/Components
JBTM,JBTM,JBT Marel Corporation Common Stock,N, ,N,6450681229,,,Industrials,Industrial Machinery/Components
BYD,BYD,Boyd Gaming Corporation Common Stock,N, ,N,6435504906,,,Consumer Discretionary,Hotels/Resorts
ESTC,ESTC,Elastic N.V. Ordinary Shares,N, ,N,6431552637,,,Technology,Computer Software: Prepackaged Software
TXNM,TXNM,"TXNM Energy, Inc. Common Stock",N, ,N,6430984559,,,Utilities,Electric Utilities: Central
CPB,CPB,The Campbell's Company - Common Stock,Q,Q,N,6407168027,,,Consumer Staples,Packaged Foods
EXP,EXP,Eagle Materials Inc Common Stock,N, ,N,6399767318,,,Industrials,Building Materials
SWX,SWX,"Southwest Gas Holdings, Inc. Common Stock (DE)",N, ,N,6397938773,,,Utilities,Oil & Gas Production
LKQ,LKQ,LKQ Corporation - Common Stock,Q,Q,N,6385058325,,,Consumer Discretionary,Motor Vehicles
DBX,DBX,"Dropbox, Inc. - Class A Common Stock",Q,Q,N,6369107718,,,Technology,Computer Software: Prepackaged Software
FSV,FSV,FirstService Corporation - Common Shares,Q,Q,N,6363875722,,,Finance,Real Estate
URBN,URBN,"Urban Outfitters, Inc. - Common Stock",Q,Q,N,6355890237,,,Consumer Discretionary,Clothing/Shoe/Accessory Stores
OR,OR,OR Royalties Inc. Common Shares,N, ,N,6333610286,,,Basic Materials,Precious Metals
VAL,VAL,Valaris Limited Common Shares,N, ,N,6328920174,,,Energy,Oil & Gas Production
CAR,CAR,"Avis Budget Group, Inc. - Common Stock",Q,Q,N,6326704993,,,Consumer Discretionary,Rental/Leasing Companies
IMVT,IMVT,"Immunovant, Inc.  - Common Stock",Q,Q,N,6323514644,,,Health Care,Biotechnology: Biological Products (No Diagnostic Substances)
PTGX,PTGX,"Protagonist Therapeutics, Inc. - Common Stock",Q,G,N,6304443895,,,Health Care,Biotechnology: Pharmaceutical Preparations
FNB,FNB,F.N.B. Corporation Common Stock,N, ,N,6304121537,,,Finance,Major Banks
DOX,DOX,Amdocs Limited - Ordinary Shares,Q,Q,N,6297776105,,,Technology,EDP Services
PJT,PJT,PJT Partners Inc. Class A Common Stock,N, ,N,6296212687,,,Finance,Investment Managers
CAG,CAG,"ConAgra Brands, Inc. Common Stock",N, ,N,6291448601,,,Consumer Staples,Packaged Foods
HIMS,HIMS,"Hims & Hers Health, Inc. Class A Common Stock",N, ,N,6288705573,,,Health Care,Medical/Nursing Services
INGR,INGR,Ingredion Incorporated Common Stock,N, ,N,6284466019,,,Consumer Staples,Packaged Foods
TGTX,TGTX,"TG Therapeutics, Inc. - Common Stock",Q,S,N,6268772601,,,Health Care,Biotechnology: Pharmaceutical Preparations
EAT,EAT,"Brinker International, Inc. Common Stock",N, ,N,6267621631,,,Consumer Discretionary,Restaurants
CENX,CENX,Century Aluminum Company - Common Stock,Q,Q,N,6265057175,,,Industrials,Aluminum
APGE,APGE,"Apogee Therapeutics, Inc. - Common Stock",Q,G,N,6258072019,,,Health Care,Biotechnology: Biological Products (No Diagnostic Substances)
SYRE,SYRE,"Spyre Therapeutics, Inc. - Common Stock",Q,Q,N,6252570216,,,Health Care,Biotechnology: Pharmaceutical Preparations
RYN,RYN,Rayonier Inc. REIT Common Stock,N, ,N,6249527294,,,Real Estate,Real Estate Investment Trusts
OMF,OMF,"OneMain Holdings, Inc. Common Stock",N, ,N,6245603265,,,Finance,Finance: Consumer Services
AN,AN,"AutoNation, Inc. Common Stock",N, ,N,6218149616,,,Consumer Discretionary,Retail-Auto Dealers and Gas Stations
PSN,PSN,Parsons Corporation Common Stock,N, ,N,6186567869,,,Technology,EDP Services
UEC,UEC,Uranium Energy Corp. Common Stock,A, ,N,6181684074,,,Basic Materials,Other Metals and Minerals
MHK,MHK,"Mohawk Industries, Inc. Common Stock",N, ,N,6181258434,,,Consumer Discretionary,Home Furnishings
FIGR,FIGR,"Figure Technology Solutions, Inc. - Class A Common Stock",Q,Q,N,6143570077,,,Finance,Finance: Consumer Services
CNTA,CNTA,Centessa Pharmaceuticals plc - American Depositary Shares,Q,Q,N,6142739950,,,Health Care,Biotechnology: Pharmaceutical Preparations
MSA,MSA,MSA Safety Incorporated Common Stock,N, ,N,6135733906,,,Health Care,Industrial Specialties
GBCI,GBCI,"Glacier Bancorp, Inc. Common Stock",N, ,N,6132321856,,,Finance,Major Banks
GATX,GATX,GATX Corporation Common Stock,N, ,N,6119135000,,,Consumer Discretionary,Transportation Services
GVA,GVA,Granite Construction Incorporated Common Stock,N, ,N,6117975855,,,Industrials,Military/Government/Technical
AROC,AROC,"Archrock, Inc. Common Stock",N, ,N,6114877084,,,Utilities,Natural Gas Distribution
MAC,MAC,Macerich Company (The) Common Stock,N, ,N,6113705964,,,Real Estate,Real Estate Investment Trusts
RSI,RSI,"Rush Street Interactive, Inc. Class A Common Stock",N, ,N,6083512482,,,Consumer Discretionary,Services-Misc. Amusement & Recreation
KYMR,KYMR,"Kymera Therapeutics, Inc. - Common Stock",Q,G,N,6082948633,,,Health Care,Biotechnology: Biological Products (No Diagnostic Substances)
ACA,ACA,"Arcosa, Inc. Common Stock ",N, ,N,6065364809,,,Industrials,Metal Fabrications
RRR,RRR,"Red Rock Resorts, Inc. - Class A Common Stock",Q,Q,N,6061775033,,,Consumer Discretionary,Hotels/Resorts
VSXY,VSXY,Victorias Secret & Co. Common Stock ,N, ,N,6057001442,,,Consumer Discretionary,Clothing/Shoe/Accessory Stores
CHDN,CHDN,"Churchill Downs, Incorporated - Common Stock",Q,Q,N,6052479491,,,Consumer Discretionary,Services-Misc. Amusement & Recreation
GTX,GTX,Garrett Motion Inc. - Common Stock,Q,Q,N,6036829222,,,Consumer Discretionary,Auto Parts:O.E.M.
UBSI,UBSI,"United Bankshares, Inc. - Common Stock",Q,Q,N,6030066298,,,Finance,Major Banks
ROAD,ROAD,"Construction Partners, Inc. - Common Stock",Q,Q,N,6013600507,,,Industrials,Military/Government/Technical
KGS,KGS,"Kodiak Gas Services, Inc. Common Stock",N, ,N,6001705659,,,Utilities,Natural Gas Distribution
PCTY,PCTY,Paylocity Holding Corporation - Common Stock,Q,Q,N,6000682580,,,Technology,Computer Software: Prepackaged Software
CROX,CROX,"Crocs, Inc. - Common Stock",Q,Q,N,5995056031,,,Consumer Discretionary,Shoe Manufacturing
CZR,CZR,"Caesars Entertainment, Inc. - Common Stock",Q,Q,N,5971807588,,,Consumer Discretionary,Hotels/Resorts
WH,WH,"Wyndham Hotels & Resorts, Inc. Common Stock ",N, ,N,5958145762,,,Consumer Discretionary,Hotels/Resorts
AXTI,AXTI,AXT Inc - Common Stock,Q,Q,N,5938789528,,,Technology,Semiconductors
LOAR,LOAR,Loar Holdings Inc. Common Stock,N, ,N,5927365259,,,Industrials,Military/Government/Technical
RYTM,RYTM,"Rhythm Pharmaceuticals, Inc. - Common Stock",Q,G,N,5888664256,,,Health Care,Biotechnology: Pharmaceutical Preparations
CACC,CACC,Credit Acceptance Corporation - Common Stock,Q,Q,N,5885463549,,,Finance,Finance: Consumer Services
TFPM,TFPM,Triple Flag Precious Metals Corp. Common Shares,N, ,N,5882013375,,,Industrials,Precious Metals
LW,LW,"Lamb Weston Holdings, Inc. Common Stock ",N, ,N,5879139952,,,Consumer Staples,Packaged Foods
PTCT,PTCT,"PTC Therapeutics, Inc. - Common Stock",Q,Q,N,5878619584,,,Health Care,Biotechnology: Pharmaceutical Preparations
FLG,FLG,"Flagstar Bank, N.A. Common Stock",N, ,N,5872925069,,,Finance,Banks
PEGA,PEGA,Pegasystems Inc. - Common Stock,Q,Q,N,5867444551,,,Technology,EDP Services
VSNT,VSNT,"Versant Media Group, Inc. - Class A Common Stock",Q,Q,N,5866507702,,,Industrials,Broadcasting
OGC,OGC,OceanaGold Corporation Common Shares,N, ,N,5863301301,,,,
M,M,Macy's Inc Common Stock,N, ,N,5855224856,,,Consumer Discretionary,Department/Specialty Retail Stores
NOVT,NOVT,Novanta Inc. - Common Shares,Q,Q,N,5852452744,,,Miscellaneous,Industrial Machinery/Components
OCTV,OCTV,Octave Intelligence plc - Class B Ordinary Shares,Q,Q,N,5843890645,,,Technology,Computer Software: Prepackaged Software
CIG,CIG,Comp En De Mn Cemig ADS American Depositary Shares,N, ,N,5838035066,,,Utilities,Electric Utilities: Central
TFX,TFX,Teleflex Incorporated Common Stock,N, ,N,5832157597,,,Health Care,Medical/Dental Instruments
APPF,APPF,"AppFolio, Inc. - Class A Common Stock",Q,G,N,5830622092,,,Technology,Computer Software: Prepackaged Software
LEGN,LEGN,Legend Biotech Corporation - American Depositary Shares,Q,Q,N,5829802025,,,Health Care,Biotechnology: Pharmaceutical Preparations
ABCB,ABCB,Ameris Bancorp Common Stock,N, ,N,5827904406,,,Finance,Major Banks
MATX,MATX,"Matson, Inc. Common Stock",N, ,N,5817207874,,,Consumer Discretionary,Marine Transportation
FLY,FLY,Firefly Aerospace Inc. - Common Stock,Q,G,N,5797310151,,,Industrials,Military/Government/Technical
PATH,PATH,"UiPath, Inc. Class A Common Stock",N, ,N,5787403371,,,Technology,Computer Software: Prepackaged Software
POR,POR,Portland General Electric Co Common Stock,N, ,N,5784185950,,,Utilities,Electric Utilities: Central
SSRM,SSRM,SSR Mining Inc. - Common Stock,Q,Q,N,5761393128,,,Industrials,Precious Metals
ACT,ACT,"Enact Holdings, Inc. - Common Stock",Q,Q,N,5759926739,,,Finance,Specialty Insurers
TAL,TAL,TAL Education Group American Depositary Shares,N, ,N,5740304093,,,Real Estate,Other Consumer Services
MUR,MUR,Murphy Oil Corporation Common Stock,N, ,N,5735416536,,,Energy,Oil & Gas Production
ENIC,ENIC,Enel Chile S.A. American Depositary Shares (Each representing 50 shares of Common Stock),N, ,N,5726990936,,,Utilities,Electric Utilities: Central
NVTS,NVTS,Navitas Semiconductor Corporation - Common Stock,Q,G,N,5721298304,,,Technology,Semiconductors
TV,TV,Grupo Televisa S.A.B. Common Stock,N, ,N,5717456574,,,Industrials,Broadcasting
MIRM,MIRM,"Mirum Pharmaceuticals, Inc. - common stock",Q,G,N,5706928129,,,Health Care,Biotechnology: Pharmaceutical Preparations
LQDA,LQDA,Liquidia Corporation - Common Stock,Q,S,N,5682505526,,,Health Care,Biotechnology: Pharmaceutical Preparations
COMP,COMP,"Compass, Inc. Class A Common Stock",N, ,N,5663420081,,,Technology,EDP Services
KRG,KRG,Kite Realty Group Trust Common Stock,N, ,N,5661495442,,,Real Estate,Real Estate Investment Trusts
GXO,GXO,"GXO Logistics, Inc. Common Stock ",N, ,N,5650036206,,,Consumer Discretionary,Transportation Services
OZK,OZK,Bank OZK - Common Stock,Q,Q,N,5646624348,,,Finance,Major Banks
OTEX,OTEX,Open Text Corporation - Common Shares,Q,Q,N,5643574538,,,Technology,EDP Services
HWC,HWC,Hancock Whitney Corporation - Common Stock,Q,Q,N,5597465053,,,Finance,Major Banks
MCY,MCY,Mercury General Corporation Common Stock,N, ,N,5596466872,,,Finance,Property-Casualty Insurers
PACS,PACS,"PACS Group, Inc. Common Stock",N, ,N,5550612226,,,Health Care,Hospital/Nursing Management
AMTM,AMTM,"Amentum Holdings, Inc. Common Stock",N, ,N,5523991973,,,Consumer Discretionary,Business Services
BTG,BTG,B2Gold Corp Common shares (Canada),A, ,N,5521963348,,,Basic Materials,Precious Metals
DUOL,DUOL,"Duolingo, Inc. - Class A Common Stock",Q,Q,N,5496124081,,,Technology,Computer Software: Prepackaged Software
BKH,BKH,Black Hills Corporation Common Stock,N, ,N,5495688838,,,Utilities,Electric Utilities: Central
NJR,NJR,NewJersey Resources Corporation Common Stock,N, ,N,5494170434,,,Utilities,Oil/Gas Transmission
BLTE,BLTE,"Belite Bio, Inc - American Depositary Shares",Q,S,N,5493038615,,,Health Care,Biotechnology: Pharmaceutical Preparations
G,G,Genpact Limited Common Stock,N, ,N,5492010924,,,Consumer Discretionary,Professional Services
PSMT,PSMT,"PriceSmart, Inc. - Common Stock",Q,Q,N,5469497459,,,Consumer Discretionary,Department/Specialty Retail Stores
VCTR,VCTR,"Victory Capital Holdings, Inc. - Common Stock",Q,Q,N,5465218664,,,Finance,Investment Managers
PIPR,PIPR,Piper Sandler Companies Common Stock,N, ,N,5463989810,,,Finance,Investment Bankers/Brokers/Service
STVN,STVN,Stevanato Group S.p.A. Ordinary Shares,N, ,N,5451165648,,,Health Care,Medical/Dental Instruments
OBDC,OBDC,Blue Owl Capital Corporation Common Stock,N, ,N,5449433556,,,Finance,Diversified Financial Services
HOMB,HOMB,"Home BancShares, Inc. Common Stock",N, ,N,5446218958,,,Finance,Major Banks
IFS,IFS,Intercorp Financial Services Inc. Common Shares,N, ,N,5444513768,,,Finance,Commercial Banks
BB,BB,BlackBerry Limited Common Stock,N, ,N,5444510471,,,Technology,Computer Software: Prepackaged Software
AUB,AUB,Atlantic Union Bankshares Corporation Common Stock,N, ,N,5426946282,,,Finance,Major Banks
NICE,NICE,NICE Ltd - American Depositary Shares each representing one Ordinary Share,Q,Q,N,5426517033,,,Technology,Computer Software: Prepackaged Software
ZETA,ZETA,Zeta Global Holdings Corp. Class A Common Stock,N, ,N,5423845833,,,Technology,Computer Software: Prepackaged Software
NXST,NXST,"Nexstar Media Group, Inc. - Common Stock",Q,Q,N,5421887846,,,Industrials,Broadcasting
CPA,CPA,"Copa Holdings, S.A. Class A Common Stock",N, ,N,5417124659,,,Consumer Discretionary,Air Freight/Delivery Services
NAVN,NAVN,"Navan, Inc. - Class A Common Stock",Q,Q,N,5414727079,,,Technology,Computer Software: Prepackaged Software
BLCO,BLCO,Bausch + Lomb Corporation Common Shares,N, ,N,5412695455,,,Health Care,Ophthalmic Goods
S,S,"SentinelOne, Inc. Class A Common Stock",N, ,N,5399158637,,,Technology,Computer Software: Prepackaged Software
MC,MC,Moelis & Company Class A Common Stock,N, ,N,5397380669,,,Finance,Investment Managers
IBP,IBP,"Installed Building Products, Inc. Common Stock",N, ,N,5394068956,,,Consumer Discretionary,Homebuilding
GLBE,GLBE,Global-E Online Ltd. - ordinary shares,Q,Q,N,5387320459,,,Technology,Computer Software: Prepackaged Software
OUT,OUT,OUTFRONT Media Inc. Common Stock,N, ,N,5385782771,,,Real Estate,Real Estate Investment Trusts
CE,CE,Celanese Corporation Common Stock,N, ,N,5382237414,,,Industrials,Major Chemicals
MDA,MDA,MDA Space Ltd. Common Shares,N, ,N,5381371120,,,Consumer Discretionary,Electronic Components
CWST,CWST,"Casella Waste Systems, Inc. - Class A Common Stock",Q,Q,N,5380128810,,,Utilities,Environmental Services
BMA,BMA,Banco Macro S.A.  ADR (representing Ten Class B Common Shares),N, ,N,5365124007,,,Finance,Commercial Banks
KLIC,KLIC,"Kulicke and Soffa Industries, Inc. - Common Stock",Q,Q,N,5364119893,,,Technology,Semiconductors
ESAB,ESAB,ESAB Corporation Common Stock,N, ,N,5352720119,,,Industrials,Industrial Machinery/Components
MTG,MTG,MGIC Investment Corporation Common Stock,N, ,N,5340129267,,,Finance,Property-Casualty Insurers
ACMR,ACMR,"ACM Research, Inc. - Class A Common Stock",Q,G,N,5335737937,,,Technology,Industrial Machinery/Components
CRC,CRC,California Resources Corporation Common Stock,N, ,N,5327694060,,,Energy,Oil & Gas Production
COGT,COGT,"Cogent Biosciences, Inc. - Common Stock",Q,Q,N,5324247005,,,Health Care,Biotechnology: Pharmaceutical Preparations
LYFT,LYFT,"Lyft, Inc. - Class A Common Stock",Q,Q,N,5323149099,,,Consumer Discretionary,Business Services
SEI,SEI,"Solaris Energy Infrastructure, Inc. Class A Common Stock",N, ,N,5310467026,,,Consumer Discretionary,Oil and Gas Field Machinery
GOLF,GOLF,Acushnet Holdings Corp. Common Stock,N, ,N,5300312878,,,Consumer Discretionary,Recreational Games/Products/Toys
UGP,UGP,Ultrapar Participacoes S.A. (New) American Depositary Shares (Each representing one Common Share),N, ,N,5296976514,,,Utilities,Oil/Gas Transmission
GNTX,GNTX,Gentex Corporation - Common Stock,Q,Q,N,5279225994,,,Consumer Discretionary,Auto Parts:O.E.M.
ADT,ADT,ADT Inc. Common Stock,N, ,N,5267261068,,,Consumer Discretionary,Diversified Commercial Services
SIGI,SIGI,"Selective Insurance Group, Inc. - Common Stock",Q,Q,N,5260734722,,,Finance,Property-Casualty Insurers
OTF,OTF,Blue Owl Technology Finance Corp. Common Stock,N, ,N,5255615437,,,,
SYNA,SYNA,Synaptics Incorporated - Common Stock,Q,Q,N,5254725160,,,Technology,Semiconductors
MARA,MARA,"MARA Holdings, Inc. - Common Stock",Q,S,N,5253907531,,,Technology,EDP Services
GTLB,GTLB,GitLab Inc. - Class A Common Stock,Q,Q,N,5249412000,,,Technology,Computer Software: Prepackaged Software
SRRK,SRRK,Scholar Rock Holding Corporation - Common Stock,Q,Q,N,5248481204,,,Health Care,Biotechnology: Biological Products (No Diagnostic Substances)
BC,BC,Brunswick Corporation Common Stock,N, ,N,5241487913,,,Industrials,Industrial Machinery/Components
ASB,ASB,Associated Banc-Corp Common Stock,N, ,N,5239541213,,,Finance,Major Banks
ESNT,ESNT,Essent Group Ltd. Common Shares,N, ,N,5237047034,,,Finance,Property-Casualty Insurers
ONDS,ONDS,Ondas Inc - Common Stock,Q,S,N,5228330738,,,Technology,Radio And Television Broadcasting And Communications Equipment
RUSHA,RUSHA,"Rush Enterprises, Inc. - Class A Common Stock",Q,Q,N,5227705816,,,Consumer Discretionary,Retail-Auto Dealers and Gas Stations
HCC,HCC,"Warrior Met Coal, Inc. Common Stock",N, ,N,5222114240,,,Energy,Coal Mining
MGY,MGY,Magnolia Oil & Gas Corporation Class A Common Stock,N, ,N,5184089889,,,Energy,Oil & Gas Production
BGC,BGC,"BGC Group, Inc. - Class A Common Stock",Q,Q,N,5169021113,,,Finance,Investment Bankers/Brokers/Service
STEP,STEP,StepStone Group Inc. - Class A Common Stock,Q,Q,N,5162839999,,,Finance,Investment Managers
GLNG,GLNG,Golar LNG Limited - Common Shares,Q,Q,N,5155655351,,,Consumer Discretionary,Marine Transportation
RUSHB,RUSHB,"Rush Enterprises, Inc. - Class B Common Stock",Q,Q,N,5146107910,,,Consumer Discretionary,Retail-Auto Dealers and Gas Stations
ALH,ALH,Alliance Laundry Holdings Inc. Common Stock,N, ,N,5118144962,,,Industrials,Industrial Machinery/Components
WEX,WEX,WEX Inc. common stock,N, ,N,5115284500,,,Consumer Discretionary,Business Services
DLB,DLB,Dolby Laboratories Common Stock,N, ,N,5109244191,,,Miscellaneous,Multi-Sector Companies
LAZ,LAZ,"Lazard, Inc. Common Stock",N, ,N,5108575044,,,Finance,Investment Managers
PECO,PECO,"Phillips Edison & Company, Inc. - Common Stock",Q,Q,N,5100480000,,,Real Estate,Real Estate Investment Trusts
BCPC,BCPC,Balchem Corporation - Common Stock,Q,Q,N,5098683675,,,Industrials,Major Chemicals
WFG,WFG,West Fraser Timber Co. Ltd Common stock,N, ,N,5084267162,,,Basic Materials,Forest Products
PRM,PRM,"Perimeter Solutions, SA Common Stock",N, ,N,5069989118,,,Industrials,Major Chemicals
TKC,TKC,Turkcell Iletisim Hizmetleri AS Common Stock,N, ,N,5068800000,,,Telecommunications,Telecommunications Equipment
EPAM,EPAM,"EPAM Systems, Inc. Common Stock",N, ,N,5053083301,,,Technology,EDP Services
RITM,RITM,Rithm Capital Corp. Common Stock,N, ,N,5047091637,,,Real Estate,Real Estate Investment Trusts
EQPT,EQPT,EquipmentShare.com Inc - Class A Common Stock,Q,Q,N,5039930687,,,Consumer Discretionary,Diversified Commercial Services
GRFS,GRFS,"Grifols, S.A. - American Depositary Shares",Q,Q,N,5039777476,,,Health Care,Biotechnology: Pharmaceutical Preparations
CVLT,CVLT,"Commvault Systems, Inc. - Common Stock",Q,Q,N,5036289050,,,Technology,Computer Software: Prepackaged Software
IRDM,IRDM,Iridium Communications Inc - Common Stock,Q,Q,N,5019424646,,,Telecommunications,Telecommunications Equipment
PBF,PBF,PBF Energy Inc. Class A Common Stock,N, ,N,5012729874,,,Energy,Integrated oil Companies
WTM,WTM,"White Mountains Insurance Group, Ltd. Common Stock",N, ,N,5012037079,,,Finance,Property-Casualty Insurers
AX,AX,"Axos Financial, Inc. Common Stock",N, ,N,4997315185,,,Finance,Savings Institutions
CRSP,CRSP,CRISPR Therapeutics AG - Common Shares,Q,G,N,4976757667,,,Health Care,Biotechnology: Biological Products (No Diagnostic Substances)
FND,FND,"Floor & Decor Holdings, Inc. Common Stock",N, ,N,4964764310,,,Consumer Discretionary,RETAIL: Building Materials
USAR,USAR,"USA Rare Earth, Inc. - Common Stock",Q,G,N,4953615479,,,Basic Materials,Metal Mining
XENE,XENE,Xenon Pharmaceuticals Inc. - Common Shares,Q,G,N,4950242816,,,Health Care,Biotechnology: Pharmaceutical Preparations
CIGI,CIGI,Colliers International Group Inc.  - Subordinate Voting Shares,Q,Q,N,4945827796,,,Finance,Real Estate
BOOT,BOOT,"Boot Barn Holdings, Inc. Common Stock",N, ,N,4922360121,,,Consumer Discretionary,Clothing/Shoe/Accessory Stores
SPHR,SPHR,Sphere Entertainment Co. Class A Common Stock,N, ,N,4921427913,,,Consumer Discretionary,Services-Misc. Amusement & Recreation
AUGO,AUGO,Aura Minerals Inc. - Common Shares,Q,Q,N,4916751606,,,,
LPX,LPX,Louisiana-Pacific Corporation Common Stock,N, ,N,4894034844,,,Basic Materials,Forest Products
MTN,MTN,"Vail Resorts, Inc. Common Stock",N, ,N,4889210928,,,Consumer Discretionary,Services-Misc. Amusement & Recreation
GHC,GHC,Graham Holdings Company Common Stock,N, ,N,4883630264,,,Real Estate,Other Consumer Services
GBTG,GBTG,"Global Business Travel Group, Inc. Class A Common Stock",N, ,N,4875613133,,,Consumer Discretionary,Transportation Services
SEB,SEB,Seaboard Corporation Common Stock,A, ,N,4872010740,,,Industrials,Farming/Seeds/Milling
WSC,WSC,WillScot Holdings Corporation - Class A Common Stock,Q,S,N,4870566812,,,Industrials,Misc Corporate Leasing Services
HNGE,HNGE,"Hinge Health, Inc. Class A Common Stock",N, ,N,4864114909,,,Technology,EDP Services
HRI,HRI,Herc Holdings Inc. Common Stock ,N, ,N,4846333492,,,Industrials,Misc Corporate Leasing Services
VSEC,VSEC,VSE Corporation - Common Stock,Q,Q,N,4815168426,,,Consumer Discretionary,Military/Government/Technical
DIOD,DIOD,Diodes Incorporated - Common Stock,Q,Q,N,4808575860,,,Technology,Semiconductors
SXT,SXT,Sensient Technologies Corporation Common Stock,N, ,N,4804332826,,,Industrials,Major Chemicals
MRP,MRP,"Millrose Properties, Inc. Class A Common Stock",N, ,N,4798785090,,,Finance,Real Estate
HASI,HASI,"HA Sustainable Infrastructure Capital, Inc. Common Stock",N, ,N,4798248026,,,Finance,Finance/Investors Services
CGON,CGON,"CG Oncology, Inc. - Common stock",Q,Q,N,4798214531,,,Health Care,Biotechnology: Biological Products (No Diagnostic Substances)
CHH,CHH,"Choice Hotels International, Inc. Common Stock",N, ,N,4796134872,,,Consumer Discretionary,Hotels/Resorts
RLI,RLI,RLI Corp. Common Stock (DE),N, ,N,4790906428,,,Finance,Property-Casualty Insurers
SAIC,SAIC,Science Applications International Corporation - Common Stock,Q,Q,N,4785735911,,,Technology,EDP Services
FCN,FCN,"FTI Consulting, Inc. Common Stock",N, ,N,4783558184,,,Consumer Discretionary,Professional Services
LAUR,LAUR,"Laureate Education, Inc. - Common Stock",Q,Q,N,4781658352,,,Real Estate,Other Consumer Services
OGS,OGS,"ONE Gas, Inc. Common Stock",N, ,N,4781249764,,,Utilities,Oil/Gas Transmission
MAIN,MAIN,Main Street Capital Corporation Common Stock,N, ,N,4776887978,,,Finance,Finance/Investors Services
UNF,UNF,Unifirst Corporation Common Stock,N, ,N,4775166719,,,Consumer Discretionary,Other Consumer Services
LGND,LGND,Ligand Pharmaceuticals Incorporated - Common Stock,Q,G,N,4764762253,,,Health Care,Biotechnology: Pharmaceutical Preparations
WHD,WHD,"Cactus, Inc. Class A Common Stock",N, ,N,4760902244,,,Consumer Discretionary,Oil and Gas Field Machinery
OLLI,OLLI,"Ollie's Bargain Outlet Holdings, Inc. - Common Stock",Q,G,N,4757674080,,,Consumer Discretionary,Department/Specialty Retail Stores
SRAD,SRAD,Sportradar Group AG - Class A Ordinary Shares,Q,Q,N,4757417375,,,Technology,Computer Software: Programming Data Processing
HRB,HRB,"H&R Block, Inc. Common Stock",N, ,N,4757310569,,,Consumer Discretionary,Other Consumer Services
ACLS,ACLS,"Axcelis Technologies, Inc. - Common Stock",Q,Q,N,4756377900,,,Technology,Industrial Machinery/Components
SR,SR,Spire Inc. Common Stock,N, ,N,4751807741,,,Utilities,Oil/Gas Transmission
CNX,CNX,CNX Resources Corporation Common Stock,N, ,N,4736669847,,,Energy,Oil & Gas Production
LBTYB,LBTYB,Liberty Global Ltd. - Class B Common Shares,Q,Q,N,4733350986,,,Telecommunications,Cable & Other Pay Television Services
REYN,REYN,Reynolds Consumer Products Inc. - Common Stock,Q,Q,N,4731727614,,,Consumer Discretionary,Containers/Packaging
EBC,EBC,"Eastern Bankshares, Inc. - Common Stock",Q,Q,N,4729187806,,,Finance,Savings Institutions
IPGP,IPGP,IPG Photonics Corporation - Common Stock,Q,Q,N,4722701152,,,Technology,Semiconductors
QS,QS,QuantumScape Corporation - Common Stock,Q,Q,N,4712011282,,,Miscellaneous,Industrial Machinery/Components
FBIN,FBIN,"Fortune Brands Innovations, Inc. Common Stock",N, ,N,4708511169,,,Basic Materials,Forest Products
CWEN,CWEN,"Clearway Energy, Inc. Class C Common Stock",N, ,N,4708110000,,,Utilities,Electric Utilities: Central
SON,SON,Sonoco Products Company Common Stock,N, ,N,4707138283,,,Consumer Discretionary,Containers/Packaging
ALK,ALK,"Alaska Air Group, Inc. Common Stock",N, ,N,4706760031,,,Consumer Discretionary,Air Freight/Delivery Services
CNR,CNR,"Core Natural Resources, Inc. Common Stock",N, ,N,4698997404,,,Energy,Coal Mining
LBRT,LBRT,Liberty Energy Inc. Class A common stock,N, ,N,4693385124,,,Energy,Oilfield Services/Equipment
FFIN,FFIN,"First Financial Bankshares, Inc. - Common Stock",Q,Q,N,4682453472,,,Finance,Major Banks
OMAB,OMAB,Grupo Aeroportuario del Centro Norte S.A.B. de C.V. - American Depositary Shares each representing 8 Series B shares,Q,Q,N,4676511725,,,Consumer Discretionary,Aerospace
ALM,ALM,Almonty Industries Inc. - Common Shares,Q,S,N,4667553416,,,Basic Materials,Other Metals and Minerals
TBBB,TBBB,BBB Foods Inc. Class A Common Shares,N, ,N,4667143100,,,Consumer Staples,Food Chains
INDV,INDV,"Indivior Pharmaceuticals, Inc.  - Common Stock",Q,Q,N,4665143570,,,Health Care,Biotechnology: Pharmaceutical Preparations
CUZ,CUZ,Cousins Properties Incorporated Common Stock,N, ,N,4659782231,,,Real Estate,Real Estate Investment Trusts
LFTO,LFTO,"Liftoff Mobile, Inc. - Common Stock",Q,Q,N,4656887798,,,Technology,EDP Services
CSTM,CSTM,Constellium SE Ordinary Shares (France),N, ,N,4654983886,,,Industrials,Metal Fabrications
MMYT,MMYT,MakeMyTrip Limited - Ordinary Shares,Q,Q,N,4639643039,,,Consumer Discretionary,Transportation Services
RXO,RXO,"RXO, Inc. Common Stock",N, ,N,4629313158,,,Consumer Discretionary,Transportation Services
TFSL,TFSL,TFS Financial Corporation - Common Stock,Q,Q,N,4624326005,,,Finance,Savings Institutions
SIM,SIM,"Grupo Simec, S.A.B. de C.V. American Depositary Shares",A, ,N,4616963773,,,Industrials,Steel/Iron Ore
VVV,VVV,Valvoline Inc. Common Stock,N, ,N,4614255338,,,Industrials,Major Chemicals
UFPI,UFPI,"UFP Industries, Inc. - Common Stock",Q,Q,N,4604199489,,,Basic Materials,Forest Products
SBRA,SBRA,"Sabra Health Care REIT, Inc. - Common Stock",Q,Q,N,4579772125,,,Real Estate,Real Estate Investment Trusts
NNI,NNI,"Nelnet, Inc. Common Stock",N, ,N,4575838489,,,Finance,Finance: Consumer Services
IBOC,IBOC,International Bancshares Corporation - Common Stock,Q,Q,N,4569699622,,,Finance,Major Banks
MAAS,MAAS,Maase Inc. - Class A Ordinary Shares,Q,G,N,4567673721,,,Finance,Investment Managers
CAI,CAI,"Caris Life Sciences, Inc. - Common Stock",Q,Q,N,4562466417,,,Health Care,Medical Specialities
AIR,AIR,AAR Corp. Common Stock,N, ,N,4561756825,,,Industrials,Aerospace
KVYO,KVYO,"Klaviyo, Inc. Series A Common Stock",N, ,N,4555038754,,,Technology,Computer Software: Prepackaged Software
CMBT,CMBT,CMB.TECH NV Ordinary Shares,N, ,N,4553237893,,,Consumer Discretionary,Marine Transportation
REZI,REZI,"Resideo Technologies, Inc. Common Stock ",N, ,N,4551873376,,,Industrials,Wholesale Distributors
MTH,MTH,Meritage Homes Corporation Common Stock,N, ,N,4551774028,,,Consumer Discretionary,Homebuilding
AQN,AQN,Algonquin Power & Utilities Corp. Common Shares,N, ,N,4539800477,,,Utilities,Electric Utilities: Central
SHC,SHC,Sotera Health Company - Common Stock,Q,Q,N,4522748525,,,Health Care,Misc Health and Biotechnology Services
SITE,SITE,"SiteOne Landscape Supply, Inc. Common Stock",N, ,N,4521211687,,,Consumer Discretionary,Professional and commerical equipment
PTEN,PTEN,"Patterson-UTI Energy, Inc. - Common Stock",Q,Q,N,4517450071,,,Energy,Oil & Gas Production
MEOH,MEOH,Methanex Corporation - Common Stock,Q,Q,N,4509562890,,,Industrials,Major Chemicals
ATAT,ATAT,Atour Lifestyle Holdings Limited - American Depositary Shares,Q,Q,N,4505750652,,,Consumer Discretionary,Hotels/Resorts
EXLS,EXLS,"ExlService Holdings, Inc. - Common Stock",Q,Q,N,4502512977,,,Consumer Discretionary,Business Services
BTDR,BTDR,Bitdeer Technologies Group - Ordinary Shares,Q,S,N,4498869444,,,Finance,Finance: Consumer Services
CNO,CNO,"CNO Financial Group, Inc. Common Stock",N, ,N,4479794659,,,Finance,Accident &Health Insurance
TNGX,TNGX,"Tango Therapeutics, Inc. - Common Stock",Q,G,N,4473962083,,,Health Care,Biotechnology: Pharmaceutical Preparations
DOO,DOO,BRP Inc. - Common Subordinate Voting Shares,Q,Q,N,4472521328,,,Consumer Discretionary,Industrial Specialties
TDS,TDS,"Telephone and Data Systems, Inc. Common Shares",N, ,N,4464374000,,,Telecommunications,Telecommunications Equipment
KBR,KBR,"KBR, Inc. Common Stock",N, ,N,4464274386,,,Industrials,Military/Government/Technical
RDN,RDN,Radian Group Inc. Common Stock,N, ,N,4462647578,,,Finance,Property-Casualty Insurers
FTDR,FTDR,"Frontdoor, Inc. - Common Stock",Q,Q,N,4460619896,,,Consumer Discretionary,Diversified Commercial Services
PLUG,PLUG,"Plug Power, Inc. - Common Stock",Q,S,N,4450270372,,,Energy,Industrial Machinery/Components
LBRDK,LBRDK,Liberty Broadband Corporation - Class C Common Stock,Q,Q,N,4448429630,,,Telecommunications,Cable & Other Pay Television Services
TGS,TGS,Transportadora de Gas del Sur SA TGS Common Stock,N, ,N,4444301298,,,Utilities,Natural Gas Distribution
HLNE,HLNE,Hamilton Lane Incorporated - Class A Common Stock,Q,Q,N,4441039106,,,Finance,Investment Managers
DNTH,DNTH,"Dianthus Therapeutics, Inc. - Common Stock",Q,S,N,4439991444,,,Health Care,Biotechnology: Pharmaceutical Preparations
LBRDA,LBRDA,Liberty Broadband Corporation - Class A Common Stock,Q,Q,N,4436949812,,,Telecommunications,Cable & Other Pay Television Services
FLNC,FLNC,"Fluence Energy, Inc. - Class A Common Stock",Q,Q,N,4435626508,,,Miscellaneous,Industrial Machinery/Components
AD,AD,"Array Digital Infrastructure, Inc. Common Shares",N, ,N,4425408000,,,Telecommunications,Telecommunications Equipment
FELE,FELE,"Franklin Electric Co., Inc. - Common Stock",Q,Q,N,4422199601,,,Consumer Discretionary,Metal Fabrications
EPR,EPR,EPR Properties Common Stock,N, ,N,4409901868,,,Real Estate,Real Estate Investment Trusts
MDU,MDU,"MDU Resources Group, Inc. Common Stock (Holding Company)",N, ,N,4407937046,,,Industrials,Mining & Quarrying of Nonmetallic Minerals (No Fuels)
KRC,KRC,Kilroy Realty Corporation Common Stock,N, ,N,4405803997,,,Real Estate,Real Estate Investment Trusts
TCBI,TCBI,"Texas Capital Bancshares, Inc. - Common Stock",Q,Q,N,4393296463,,,Finance,Major Banks
TVTX,TVTX,"Travere Therapeutics, Inc. - Common Stock",Q,G,N,4378105967,,,Health Care,Biotechnology: Pharmaceutical Preparations
AMRX,AMRX,"Amneal Pharmaceuticals, Inc. - Class A Common Stock",Q,Q,N,4373802478,,,Health Care,Biotechnology: Pharmaceutical Preparations
TREX,TREX,"Trex Company, Inc. Common Stock",N, ,N,4368941554,,,Basic Materials,Forest Products
CSW,CSW,"CSW Industrials, Inc. Common Stock",N, ,N,4362034611,,,Industrials,Home Furnishings
TWST,TWST,Twist Bioscience Corporation - Common Stock,Q,Q,N,4361482833,,,Health Care,Biotechnology: Biological Products (No Diagnostic Substances)
ACHR,ACHR,Archer Aviation Inc. Class A Common Stock,N, ,N,4352496592,,,Industrials,Aerospace
BLLN,BLLN,"BillionToOne, Inc. - Class A common stock",Q,Q,N,4343353554,,,Health Care,Medical Specialities
ACIW,ACIW,"ACI Worldwide, Inc. - Common Stock",Q,Q,N,4326716419,,,Technology,Computer Software: Prepackaged Software
CVCO,CVCO,"Cavco Industries, Inc. - Common Stock",Q,Q,N,4325772818,,,Consumer Discretionary,Homebuilding
XMTR,XMTR,"Xometry, Inc. - Class A Common Stock",Q,Q,N,4323621196,,,Consumer Discretionary,Business Services
FHI,FHI,"Federated Hermes, Inc. Common Stock",N, ,N,4323225588,,,Finance,Investment Managers
MIR,MIR,"Mirion Technologies, Inc. Class A Common Stock",N, ,N,4322253912,,,Industrials,Industrial Machinery/Components
CVSA,CVSA,Covista Inc. Common Shares,N, ,N,4299121955,,,Real Estate,Other Consumer Services
MRX,MRX,Marex Group plc - Ordinary Shares,Q,Q,N,4298963218,,,Finance,Investment Bankers/Brokers/Service
NWE,NWE,"NorthWestern Energy Group, Inc.  - Common Stock",Q,Q,N,4296334918,,,Utilities,Power Generation
CBT,CBT,Cabot Corporation Common Stock,N, ,N,4280447898,,,Industrials,Major Chemicals
SFBS,SFBS,"ServisFirst Bancshares, Inc. Common Stock",N, ,N,4274632759,,,Finance,Major Banks
POWI,POWI,"Power Integrations, Inc. - Common Stock",Q,Q,N,4272608373,,,Technology,Semiconductors
ENVA,ENVA,"Enova International, Inc. Common Stock",N, ,N,4268755060,,,Finance,Finance: Consumer Services
CELC,CELC,Celcuity Inc. - Common Stock,Q,S,N,4263636560,,,Health Care,Medical Specialities
RDNT,RDNT,"RadNet, Inc. - Common Stock",Q,G,N,4258830222,,,Health Care,Medical Specialities
SKT,SKT,Tanger Inc. Common Stock,N, ,N,4255001521,,,Real Estate,Real Estate Investment Trusts
CLSK,CLSK,"CleanSpark, Inc. - Common Stock",Q,S,N,4239174171,,,Finance,Finance: Consumer Services
SLM,SLM,SLM Corporation - Common Stock,Q,Q,N,4222597158,,,Finance,Finance: Consumer Services
FULT,FULT,Fulton Financial Corporation - Common Stock,Q,Q,N,4214495571,,,Finance,Major Banks
BDC,BDC,Belden Inc Common Stock,N, ,N,4211797926,,,Industrials,Telecommunications Equipment
COCO,COCO,"The Vita Coco Company, Inc. - Common Stock",Q,Q,N,4193210249,,,Consumer Staples,Beverages (Production/Distribution)
MMED,MMED,"MiniMed Group, Inc. - Common Stock",Q,Q,N,4178601421,,,Health Care,Medical/Dental Instruments
BCO,BCO,Brinks Company (The) Common Stock,N, ,N,4173242409,,,Industrials,Integrated Freight & Logistics
OPEN,OPEN,Opendoor Technologies Inc  - Common Stock,Q,Q,N,4158014884,,,Finance,Real Estate
OLED,OLED,Universal Display Corporation - Common Stock,Q,Q,N,4152414139,,,Technology,Electrical Products
CAAP,CAAP,Corporacion America Airports SA Common Shares,N, ,N,4151957139,,,Consumer Discretionary,Aerospace
COLD,COLD,"Americold Realty Trust, Inc. Common Stock",N, ,N,4134084693,,,Real Estate,Real Estate Investment Trusts
PFSI,PFSI,"PennyMac Financial Services, Inc. Common Stock",N, ,N,4131143055,,,Finance,Finance: Consumer Services
MAT,MAT,"Mattel, Inc. - Common Stock",Q,Q,N,4129426000,,,Consumer Discretionary,Recreational Games/Products/Toys
MKTX,MKTX,"MarketAxess Holdings, Inc. - Common Stock",Q,Q,N,4128618255,,,Finance,Investment Bankers/Brokers/Service
SKY,SKY,"Champion Homes, Inc. Common Stock",N, ,N,4128017821,,,Consumer Discretionary,Homebuilding
LRN,LRN,"Stride, Inc. Common Stock",N, ,N,4113427773,,,Real Estate,Other Consumer Services
LIVN,LIVN,LivaNova PLC - Ordinary Shares,Q,Q,N,4109028642,,,Health Care,Biotechnology: Electromedical & Electrotherapeutic Apparatus
UWMC,UWMC,UWM Holdings Corporation Class A Common Stock,N, ,N,4098785595,,,Finance,Finance: Consumer Services
KNF,KNF,Knife Riv Holding Co. Common Stock,N, ,N,4095358177,,,Industrials,Mining & Quarrying of Nonmetallic Minerals (No Fuels)
BLSH,BLSH,Bullish Ordinary Shares,N, ,N,4089723080,,,Finance,Finance: Consumer Services
POST,POST,"Post Holdings, Inc. Common Stock",N, ,N,4081298869,,,Consumer Staples,Packaged Foods
ANDG,ANDG,Andersen Group Inc. Class A Common Stock,N, ,N,4074600343,,,Consumer Discretionary,Business Services
SEZL,SEZL,Sezzle Inc. - Common Stock,Q,S,N,4074249622,,,Finance,Finance: Consumer Services
LMND,LMND,"Lemonade, Inc. Common Stock",N, ,N,4069197193,,,Finance,Property-Casualty Insurers
MNSO,MNSO,"MINISO Group Holding Limited American Depositary Shares, each representing four Ordinary Shares",N, ,N,4053022676,,,Consumer Discretionary,Department/Specialty Retail Stores
BETA,BETA,"Beta Technologies, Inc. Class A Common Stock",N, ,N,4049768133,,,Industrials,Aerospace
INSW,INSW,"International Seaways, Inc. Common Stock ",N, ,N,4030672348,,,Consumer Discretionary,Marine Transportation
PLNT,PLNT,"Planet Fitness, Inc. Common Stock",N, ,N,4030132077,,,Consumer Discretionary,Hotels/Resorts
THO,THO,"Thor Industries, Inc. Common Stock",N, ,N,4027678949,,,Industrials,Homebuilding
ERAS,ERAS,"Erasca, Inc. - Common Stock",Q,Q,N,4002371056,,,Health Care,Biotechnology: Pharmaceutical Preparations
VNT,VNT,Vontier Corporation Common Stock ,N, ,N,4000128000,,,Industrials,Industrial Machinery/Components
KTB,KTB,"Kontoor Brands, Inc. Common Stock ",N, ,N,3993427938,,,Industrials,Garments and Clothing
LBTYA,LBTYA,Liberty Global Ltd. - Class A Common Shares,Q,Q,N,3992919653,,,Telecommunications,Cable & Other Pay Television Services
KEN,KEN,Kenon Holdings Ltd. Ordinary Shares,N, ,N,3988897790,,,Utilities,Electric Utilities: Central
UCB,UCB,"United Community Banks, Inc. Common Stock",N, ,N,3980777746,,,Finance,Major Banks
GFF,GFF,Griffon Corporation Common Stock,N, ,N,3978012907,,,Industrials,Building Products
ZGN,ZGN,Ermenegildo Zegna N.V. Ordinary Shares,N, ,N,3976384581,,,Consumer Discretionary,Apparel
MWA,MWA,MUELLER WATER PRODUCTS Common Stock,N, ,N,3969671274,,,Industrials,Metal Fabrications
DAN,DAN,Dana Incorporated Common Stock ,N, ,N,3969003082,,,Consumer Discretionary,Auto Parts:O.E.M.
BNL,BNL,"Broadstone Net Lease, Inc. Common Stock",N, ,N,3956144030,,,Real Estate,Real Estate Investment Trusts
STNG,STNG,Scorpio Tankers Inc. Common Shares,N, ,N,3940183575,,,Consumer Discretionary,Marine Transportation
LOPE,LOPE,"Grand Canyon Education, Inc. - Common Stock",Q,Q,N,3939759243,,,Real Estate,Other Consumer Services
PI,PI,"Impinj, Inc. - Common Stock",Q,Q,N,3939286396,,,Technology,Industrial Machinery/Components
MMSI,MMSI,"Merit Medical Systems, Inc. - Common Stock",Q,Q,N,3939010076,,,Health Care,Medical/Dental Instruments
SMR,SMR,NuScale Power Corporation Class A Common Stock,N, ,N,3932577239,,,Industrials,Metal Fabrications
LION,LION,Lionsgate Studios Corp Common Shares,N, ,N,3929366407,,,Consumer Discretionary,Movies/Entertainment
IRT,IRT,"Independence Realty Trust, Inc. Common Stock",N, ,N,3929363749,,,Real Estate,Real Estate Investment Trusts
CATY,CATY,Cathay General Bancorp - Common Stock,Q,Q,N,3914201385,,,Finance,Major Banks
HP,HP,"Helmerich & Payne, Inc. Common Stock",N, ,N,3911297461,,,Energy,Oil & Gas Production
OII,OII,"Oceaneering International, Inc. Common Stock",N, ,N,3909016308,,,Energy,Oilfield Services/Equipment
WING,WING,Wingstop Inc. - Common Stock,Q,Q,N,3906509728,,,Consumer Discretionary,Restaurants
XNDU,XNDU,Xanadu Quantum Technologies Limited - Class B Subordinate Voting Shares,Q,G,N,3901544508,,,Technology,Computer Manufacturing
QLYS,QLYS,"Qualys, Inc. - Common Stock",Q,Q,N,3892834274,,,Technology,Computer Software: Prepackaged Software
MNDY,MNDY,monday.com Ltd. - Ordinary Shares,Q,Q,N,3891738451,,,Technology,Computer Software: Prepackaged Software
SEDG,SEDG,"SolarEdge Technologies, Inc. - Common Stock",Q,Q,N,3889324018,,,Technology,Semiconductors
CRGY,CRGY,Crescent Energy Company Class A Common Stock,N, ,N,3887061662,,,Energy,Oil & Gas Production
RELY,RELY,"Remitly Global, Inc. - Common stock",Q,Q,N,3884851908,,,Consumer Discretionary,Business Services
PONY,PONY,Pony AI Inc. - American Depositary Shares,Q,Q,N,3884532315,,,Technology,EDP Services
SLGN,SLGN,Silgan Holdings Inc. Common Stock,N, ,N,3874219928,,,Industrials,Containers/Packaging
HGV,HGV,Hilton Grand Vacations Inc. Common Stock ,N, ,N,3873333479,,,Consumer Discretionary,Hotels/Resorts
HHH,HHH,Howard Hughes Holdings Inc. Common Stock,N, ,N,3873213301,,,Real Estate,Real Estate Investment Trusts
EXTR,EXTR,"Extreme Networks, Inc. - Common Stock",Q,Q,N,3867108062,,,Telecommunications,Computer Communications Equipment
ORKA,ORKA,"Oruka Therapeutics, Inc. - Common Stock",Q,G,N,3863593190,,,Health Care,Biotechnology: In Vitro & In Vivo Diagnostic Substances
OPLN,OPLN,"OPENLANE, Inc. Common Stock",N, ,N,3861735564,,,Consumer Discretionary,Retail-Auto Dealers and Gas Stations
PII,PII,Polaris Inc. Common Stock,N, ,N,3850055783,,,Consumer Discretionary,Industrial Specialties
LBTYK,LBTYK,Liberty Global Ltd. - Class C Common Shares,Q,Q,N,3844157194,,,Telecommunications,Cable & Other Pay Television Services
INDB,INDB,Independent Bank Corp. - Common Stock,Q,Q,N,3839588890,,,Finance,Major Banks
DORM,DORM,"Dorman Products, Inc. - Common Stock",Q,Q,N,3834260657,,,Consumer Discretionary,Auto Parts:O.E.M.
CPRX,CPRX,"Catalyst Pharmaceuticals, Inc. - Common Stock",Q,S,N,3828077430,,,Health Care,Biotechnology: Pharmaceutical Preparations
NVST,NVST,Envista Holdings Corporation Common Stock,N, ,N,3814342515,,,Health Care,Medical/Dental Instruments
MANU,MANU,Manchester United Ltd. Class A Ordinary Shares,N, ,N,3814126361,,,Consumer Discretionary,Services-Misc. Amusement & Recreation
PHI,PHI,PLDT Inc. Sponsored ADR,N, ,N,3813384429,,,Telecommunications,Telecommunications Equipment
NTSK,NTSK,"Netskope, Inc. - Class A Common Stock",Q,Q,N,3809000010,,,Technology,Computer Software: Prepackaged Software
XXI,XXI,"Twenty One Capital, Inc. Class A Common Stock",N, ,N,3805639475,,,Finance,Finance: Consumer Services
BMI,BMI,"Badger Meter, Inc. Common Stock",N, ,N,3804047194,,,Industrials,Industrial Machinery/Components
UUUU,UUUU,Energy Fuels Inc Ordinary Shares (Canada),A, ,N,3800477070,,,Industrials,Mining & Quarrying of Nonmetallic Minerals (No Fuels)
TPC,TPC,Tutor Perini Corporation Common Stock,N, ,N,3795098527,,,Consumer Discretionary,General Bldg Contractors - Nonresidential Bldgs
VRNS,VRNS,"Varonis Systems, Inc. - Common Stock",Q,Q,N,3793459516,,,Technology,Computer Software: Prepackaged Software
CNS,CNS,Cohen & Steers Inc Common Stock,N, ,N,3788245032,,,Finance,Investment Managers
FBP,FBP,First BanCorp. New Common Stock,N, ,N,3788219780,,,Finance,Major Banks
RNST,RNST,Renasant Corporation Common Stock,N, ,N,3787770526,,,Finance,Major Banks
LIF,LIF,"Life360, Inc. - Common Stock",Q,Q,N,3779318068,,,Technology,EDP Services
CRK,CRK,"Comstock Resources, Inc. Common Stock",N, ,N,3773991441,,,Energy,Oil & Gas Production
MANE,MANE,"Veradermics, Incorporated Common Stock",N, ,N,3773451010,,,Health Care,Biotechnology: Pharmaceutical Preparations
KNSA,KNSA,"Kiniksa Pharmaceuticals International, plc - Class A Ordinary Shares",Q,Q,N,3773040305,,,Health Care,Biotechnology: Pharmaceutical Preparations
VCYT,VCYT,"Veracyte, Inc. - Common Stock",Q,G,N,3771798424,,,Health Care,Medical Specialities
KFY,KFY,Korn Ferry Common Stock,N, ,N,3770115741,,,Consumer Discretionary,Diversified Commercial Services
ATMU,ATMU,Atmus Filtration Technologies Inc. Common Stock,N, ,N,3769182552,,,Consumer Discretionary,Auto Parts:O.E.M.
GPI,GPI,"Group 1 Automotive, Inc. Common Stock",N, ,N,3767562813,,,Consumer Discretionary,Retail-Auto Dealers and Gas Stations
WPP,WPP,WPP plc American Depositary Shares,N, ,N,3767177841,,,Consumer Discretionary,Advertising
LASR,LASR,"nLIGHT, Inc. - Common Stock",Q,Q,N,3766409500,,,Technology,Semiconductors
UCTT,UCTT,"Ultra Clean Holdings, Inc. - Common Stock",Q,Q,N,3762443583,,,Technology,Semiconductors
YSS,YSS,York Space Systems Inc. Common Stock,N, ,N,3759842337,,,Industrials,Military/Government/Technical
STUB,STUB,"StubHub Holdings, Inc. Class A Common Stock",N, ,N,3758127383,,,Consumer Discretionary,Services-Misc. Amusement & Recreation
WSFS,WSFS,WSFS Financial Corporation - Common Stock,Q,Q,N,3754977919,,,Finance,Major Banks
ORLA,ORLA,Orla Mining Ltd. Common Shares,A, ,N,3754013167,,,Basic Materials,Precious Metals
EWTX,EWTX,"Edgewise Therapeutics, Inc. - Common Stock",Q,Q,N,3748540329,,,Health Care,Biotechnology: Pharmaceutical Preparations
CDP,CDP,COPT Defense Properties Common Shares of Beneficial Interest,N, ,N,3727831913,,,Real Estate,Real Estate Investment Trusts
VECO,VECO,Veeco Instruments Inc. - Common Stock,Q,Q,N,3725483924,,,Technology,Industrial Machinery/Components
TAC,TAC,TransAlta Corporation Ordinary Shares,N, ,N,3725478000,,,Utilities,Electric Utilities: Central
BANF,BANF,BancFirst Corporation - Common Stock,Q,Q,N,3720028224,,,Finance,Major Banks
ACAD,ACAD,ACADIA Pharmaceuticals Inc. - Common Stock,Q,Q,N,3715818379,,,Health Care,Biotechnology: Pharmaceutical Preparations
JOE,JOE,St. Joe Company (The) Common Stock,N, ,N,3714984664,,,Real Estate,Homebuilding
DOCS,DOCS,"Doximity, Inc. Class A Common Stock",N, ,N,3712302554,,,Technology,EDP Services
TXG,TXG,"10x Genomics, Inc. - Common Stock",Q,Q,N,3704581595,,,Industrials,Biotechnology: Laboratory Analytical Instruments
ARCB,ARCB,ArcBest Corporation - Common Stock,Q,Q,N,3700685512,,,Industrials,Trucking Freight/Courier Services
TDW,TDW,Tidewater Inc. Common Stock,N, ,N,3696976670,,,Consumer Discretionary,Marine Transportation
BFH,BFH,"Bread Financial Holdings, Inc. Common Stock",N, ,N,3694013882,,,Consumer Discretionary,Business Services
RDW,RDW,Redwire Corporation Common Stock,N, ,N,3693920779,,,Industrials,Military/Government/Technical
OTTR,OTTR,Otter Tail Corporation - Common Stock,Q,Q,N,3690826627,,,Utilities,Electric Utilities: Central
APLE,APLE,"Apple Hospitality REIT, Inc. Common Shares",N, ,N,3680293167,,,Real Estate,Real Estate Investment Trusts
MIAX,MIAX,"Miami International Holdings, Inc. Common Stock",N, ,N,3676700512,,,Finance,Investment Bankers/Brokers/Service
BOX,BOX,"Box, Inc. Class A Common Stock",N, ,N,3675842854,,,Technology,Computer Software: Prepackaged Software
CNK,CNK,"Cinemark Holdings Inc Cinemark Holdings, Inc. Common Stock",N, ,N,3672975021,,,Consumer Discretionary,Movies/Entertainment
FG,FG,"F&G Annuities & Life, Inc. Common Stock",N, ,N,3653936024,,,Finance,Life Insurance
WAY,WAY,Waystar Holding Corp. - Common Stock,Q,Q,N,3640608671,,,Technology,EDP Services
HAFN,HAFN,Hafnia Limited Common Shares,N, ,N,3638407900,,,Consumer Discretionary,Transportation Services
FRMI,FRMI,Fermi Inc. - Common Stock,Q,Q,N,3634173162,,,Real Estate,Real Estate Investment Trusts
ITRI,ITRI,"Itron, Inc. - Common Stock",Q,Q,N,3626958585,,,Industrials,Electrical Products
EE,EE,"Excelerate Energy, Inc. Class A Common Stock",N, ,N,3625277501,,,Utilities,Oil/Gas Transmission
VEON,VEON,VEON Ltd. - American Depositary Shares,Q,Q,N,3625153399,,,Telecommunications,Telecommunications Equipment
NAMS,NAMS,NewAmsterdam Pharma Company N.V. - Ordinary Shares,Q,G,N,3618178150,,,Health Care,Biotechnology: Pharmaceutical Preparations
CVBF,CVBF,CVB Financial Corporation - Common Stock,Q,Q,N,3617331518,,,Finance,Major Banks
CALM,CALM,"Cal-Maine Foods, Inc. - Common Stock",Q,Q,N,3616728728,,,Consumer Staples,Farming/Seeds/Milling
YETI,YETI,"YETI Holdings, Inc. Common Stock",N, ,N,3611399257,,,Consumer Discretionary,Recreational Games/Products/Toys
ABG,ABG,Asbury Automotive Group Inc Common Stock,N, ,N,3601993048,,,Consumer Discretionary,Retail-Auto Dealers and Gas Stations
BTE,BTE,Baytex Energy Corp Common Shares,N, ,N,3600347039,,,Energy,Oil & Gas Production
BHF,BHF,"Brighthouse Financial, Inc. - Common Stock",Q,Q,N,3592659394,,,Finance,Life Insurance
SXI,SXI,Standex International Corporation Common Stock,N, ,N,3560696725,,,Industrials,Industrial Machinery/Components
ANF,ANF,Abercrombie & Fitch Company Common Stock,N, ,N,3557607508,,,Consumer Discretionary,Clothing/Shoe/Accessory Stores
BELFB,BELFB,Bel Fuse Inc. - Class B Common Stock,Q,Q,N,3551289205,,,,
BRC,BRC,Brady Corporation Common Stock,N, ,N,3546650831,,,Consumer Discretionary,Miscellaneous manufacturing industries
HIMX,HIMX,"Himax Technologies, Inc. - American depositary shares, each of which represents two ordinary shares.",Q,Q,N,3546078832,,,Technology,Semiconductors
PVH,PVH,PVH Corp. Common Stock,N, ,N,3538486810,,,Industrials,Garments and Clothing
CRNX,CRNX,"Crinetics Pharmaceuticals, Inc. - Common Stock",Q,Q,N,3530138164,,,Health Care,Biotechnology: Pharmaceutical Preparations
IRTC,IRTC,"iRhythm Holdings, Inc.  - Common Stock",Q,Q,N,3523836010,,,Health Care,Medical/Dental Instruments
BBAR,BBAR,Banco BBVA Argentina S.A. ADS,N, ,N,3521040587,,,Finance,Commercial Banks
OGN,OGN,Organon & Co. Common Stock ,N, ,N,3516225542,,,Health Care,Biotechnology: Pharmaceutical Preparations
HGTY,HGTY,"Hagerty, Inc. Class A Common Stock",N, ,N,3512515532,,,Finance,Specialty Insurers
BILL,BILL,"BILL Holdings, Inc. Common Stock",N, ,N,3499828987,,,Technology,EDP Services
PTRN,PTRN,Pattern Group Inc. - Series A Common Stock,Q,Q,N,3493105179,,,Consumer Discretionary,Catalog/Specialty Distribution
SLG,SLG,SL Green Realty Corp Common Stock,N, ,N,3484388422,,,Real Estate,Real Estate Investment Trusts
KAI,KAI,Kadant Inc Common Stock,N, ,N,3479835667,,,Industrials,Industrial Machinery/Components
ADEA,ADEA,Adeia Inc.  - Common Stock,Q,Q,N,3479767781,,,Technology,Computer Software: Prepackaged Software
VGNT,VGNT,Versigent PLC Ordinary Shares,N, ,N,3478751896,,,,
AVA,AVA,Avista Corporation Common Stock,N, ,N,3470814060,,,Utilities,Power Generation
OSIS,OSIS,"OSI Systems, Inc. - Common Stock",Q,Q,N,3469483516,,,Technology,Semiconductors
MHO,MHO,"M/I Homes, Inc. Common Stock",N, ,N,3468227473,,,Consumer Discretionary,Homebuilding
DAVE,DAVE,Dave Inc.  - Class A Common Stock,Q,G,N,3463325237,,,Finance,Finance: Consumer Services
FIBK,FIBK,"First Interstate BancSystem, Inc. - Common Stock",Q,Q,N,3455372206,,,Finance,Major Banks
GPGI,GPGI,"GPGI, Inc. Class A Common Stock",N, ,N,3446447682,,,Finance,Finance: Consumer Services
BATRA,BATRA,"Atlanta Braves Holdings, Inc. - Series A Common Stock",Q,Q,N,3438750244,,,Consumer Discretionary,Services-Misc. Amusement & Recreation
ICUI,ICUI,"ICU Medical, Inc. - Common Stock",Q,Q,N,3436118066,,,Health Care,Medical/Dental Instruments
BTU,BTU,Peabody Energy Corporation Common Stock ,N, ,N,3434501278,,,Energy,Coal Mining
RUM,RUM,Rumble Inc. - Class A Common Stock,Q,G,N,3430364495,,,Technology,Computer Software: Programming Data Processing
RNG,RNG,"RingCentral, Inc. Class A Common Stock",N, ,N,3427301145,,,Technology,EDP Services
BKU,BKU,"BankUnited, Inc. Common Stock",N, ,N,3426215998,,,Finance,Savings Institutions
JOYY,JOYY,JOYY Inc. - American Depositary Shares,Q,Q,N,3418823671,,,Technology,EDP Services
MSGE,MSGE,Madison Square Garden Entertainment Corp. Class A Common Stock,N, ,N,3416383999,,,Consumer Discretionary,Services-Misc. Amusement & Recreation
KEEL,KEEL,Keel Infrastructure Corp. - Common Stock,Q,G,N,3412137435,,,Finance,Finance: Consumer Services
NP,NP,Neptune Insurance Holdings Inc. Class A Common Stock,N, ,N,3405027886,,,Finance,Specialty Insurers
KC,KC,Kingsoft Cloud Holdings Limited - American Depositary Shares,Q,Q,N,3403833080,,,Technology,Computer Software: Prepackaged Software
HAE,HAE,Haemonetics Corporation Common Stock,N, ,N,3402995207,,,Health Care,Medical/Dental Instruments
WSBC,WSBC,"WesBanco, Inc. - Common Stock",Q,Q,N,3400944602,,,Finance,Major Banks
VKTX,VKTX,"Viking Therapeutics, Inc. - Common Stock",Q,S,N,3394929001,,,Health Care,Biotechnology: Pharmaceutical Preparations
DLO,DLO,DLocal Limited - Class A Common Shares,Q,Q,N,3388768174,,,Consumer Discretionary,Business Services
NSA,NSA,National Storage Affiliates Trust Common Shares of Beneficial Interest,N, ,N,3368010689,,,Real Estate,Real Estate Investment Trusts
NHI,NHI,"National Health Investors, Inc. Common Stock",N, ,N,3365347015,,,Real Estate,Real Estate Investment Trusts
CBU,CBU,"Community Financial System, Inc. Common Stock",N, ,N,3358259963,,,Finance,Major Banks
INOD,INOD,Innodata Inc. - Common Stock,Q,G,N,3356644249,,,Technology,EDP Services
FHB,FHB,"First Hawaiian, Inc. - Common Stock",Q,Q,N,3350212716,,,Finance,Major Banks
CLBT,CLBT,Cellebrite DI Ltd. - Ordinary Shares,Q,Q,N,3349976742,,,Technology,Computer Software: Prepackaged Software
CVI,CVI,CVR Energy Inc. Common Stock,N, ,N,3349679559,,,Energy,Integrated oil Companies
FIZZ,FIZZ,National Beverage Corp. - Common Stock,Q,Q,N,3347815807,,,Consumer Staples,Beverages (Production/Distribution)
SMG,SMG,Scotts Miracle-Gro Company (The) Common Stock,N, ,N,3347206836,,,Industrials,Agricultural Chemicals
CAKE,CAKE,The Cheesecake Factory Incorporated - Common Stock,Q,Q,N,3339850101,,,Consumer Discretionary,Restaurants
ASO,ASO,"Academy Sports and Outdoors, Inc. - Common Stock",Q,Q,N,3333135284,,,Consumer Discretionary,Other Specialty Stores
COLM,COLM,Columbia Sportswear Company - Common Stock,Q,Q,N,3331311191,,,Consumer Discretionary,Apparel
MCHB,MCHB,Mechanics Bancorp - Class A Common Stock,Q,Q,N,3327658232,,,Finance,Major Banks
SKE,SKE,Skeena Resources Limited Common Shares,N, ,N,3326965584,,,Basic Materials,Precious Metals
NSIT,NSIT,"Insight Enterprises, Inc. - Common Stock",Q,Q,N,3326659418,,,Consumer Discretionary,Catalog/Specialty Distribution
SIG,SIG,Signet Jewelers Limited Common Shares,N, ,N,3325726450,,,Consumer Discretionary,Consumer Specialties
SKYW,SKYW,"SkyWest, Inc. - Common Stock",Q,Q,N,3313418176,,,Consumer Discretionary,Air Freight/Delivery Services
AGO,AGO,Assured Guaranty Ltd. Common Stock,N, ,N,3313213956,,,Finance,Property-Casualty Insurers
SHOO,SHOO,"Steven Madden, Ltd. - Common Stock",Q,Q,N,3311501105,,,Consumer Discretionary,Shoe Manufacturing
BWLP,BWLP,BW LPG Limited Common Shares,N, ,N,3311472780,,,Consumer Discretionary,Transportation Services
CHEF,CHEF,"The Chefs' Warehouse, Inc. - Common Stock",Q,Q,N,3298910186,,,Consumer Discretionary,Food Distributors
GNW,GNW,Genworth Financial Inc Common Stock,N, ,N,3286219416,,,Finance,Life Insurance
AADX,AADX,"Applied Aerospace & Defense, Inc. Common Stock",N, ,N,3281690416,,,Industrials,Military/Government/Technical
PENG,PENG,"Penguin Solutions, Inc. - Common Stock",Q,Q,N,3279811442,,,Technology,Semiconductors
FUL,FUL,H. B. Fuller Company Common Stock,N, ,N,3270872259,,,Industrials,Home Furnishings
KN,KN,Knowles Corporation Common Stock,N, ,N,3270128425,,,Consumer Staples,Consumer Electronics/Appliances
HWKN,HWKN,"Hawkins, Inc. - Common Stock",Q,Q,N,3260861182,,,Consumer Discretionary,Specialty Chemicals
CON,CON,"Concentra Group Holdings Parent, Inc. Common Stock",N, ,N,3257906919,,,Health Care,Medical Specialities
NATL,NATL,NCR Atleos Corporation Common Stock,N, ,N,3254427728,,,Miscellaneous,Office Equipment/Supplies/Services
SOUN,SOUN,"SoundHound AI, Inc. - Class A Common Stock",Q,G,N,3241444566,,,Technology,Computer Software: Prepackaged Software
FFBC,FFBC,First Financial Bancorp. - Common Stock,Q,Q,N,3233923307,,,Finance,Major Banks
INFQ,INFQ,"Infleqtion, Inc. Common Stock",N, ,N,3231495956,,,Technology,EDP Services
AAUC,AAUC,Allied Gold Corporation Common Shares,N, ,N,3230594000,,,,
KBH,KBH,KB Home Common Stock,N, ,N,3221372809,,,Consumer Discretionary,Homebuilding
LEU,LEU,Centrus Energy Corp. Class A Common Stock,N, ,N,3221223290,,,Industrials,Mining & Quarrying of Nonmetallic Minerals (No Fuels)
CMCM,CMCM,"Cheetah Mobile Inc. American Depositary Shares, each representing fifty (50) Class A Ordinary Shares",N, ,N,3218905240,,,Technology,Computer Software: Prepackaged Software
VC,VC,Visteon Corporation - Common Stock,Q,Q,N,3215027889,,,Consumer Discretionary,Auto Parts:O.E.M.
RUN,RUN,Sunrun Inc. - Common Stock,Q,Q,N,3210873403,,,Miscellaneous,Industrial Machinery/Components
ARIS,ARIS,Aris Mining Corporation Common Shares,N, ,N,3199200000,,,,
BATRK,BATRK,"Atlanta Braves Holdings, Inc. - Series C Common Stock",Q,Q,N,3173836263,,,Consumer Discretionary,Services-Misc. Amusement & Recreation
ALHC,ALHC,"Alignment Healthcare, Inc. - Common Stock",Q,Q,N,3173364183,,,Health Care,Medical Specialities
TDC,TDC,Teradata Corporation Common Stock,N, ,N,3171170000,,,Technology,Computer Software: Prepackaged Software
RHI,RHI,Robert Half Inc. Common Stock,N, ,N,3165986580,,,Consumer Discretionary,Professional Services
AVNT,AVNT,Avient Corporation Common Stock,N, ,N,3163083660,,,Industrials,Major Chemicals
OPCH,OPCH,"Option Care Health, Inc. - Common Stock",Q,Q,N,3153112280,,,Health Care,Medical/Nursing Services
ETOR,ETOR,eToro Group Ltd. - Class A Common Shares,Q,Q,N,3148556157,,,Finance,Investment Bankers/Brokers/Service
BELFA,BELFA,Bel Fuse Inc. - Class A Common Stock,Q,Q,N,3145816533,,,,
HIW,HIW,"Highwoods Properties, Inc. Common Stock",N, ,N,3141669138,,,Real Estate,Real Estate Investment Trusts
PRK,PRK,Park National Corporation Common Stock,A, ,N,3139852402,,,Finance,Major Banks
KYIV,KYIV,Kyivstar Group Ltd. - Common Shares,Q,Q,N,3139745286,,,Telecommunications,Telecommunications Equipment
UNFI,UNFI,"United Natural Foods, Inc. Common Stock",N, ,N,3137231473,,,Consumer Discretionary,Food Distributors
CC,CC,Chemours Company (The) Common Stock,N, ,N,3136879010,,,Industrials,Major Chemicals
MMS,MMS,"Maximus, Inc. Common Stock",N, ,N,3134558057,,,Consumer Discretionary,Business Services
SFNC,SFNC,Simmons First National Corporation - Common Stock,Q,Q,N,3133386914,,,Finance,Major Banks
PPLI,PPLI,People Incorporated - Common Stock,Q,Q,N,3130225832,,,Technology,Computer Software: Programming Data Processing
ARX,ARX,Accelerant Holdings Class A Common Shares,N, ,N,3124643189,,,Finance,Specialty Insurers
TLX,TLX,Telix Pharmaceuticals Limited - American Depositary Shares,Q,Q,N,3123524392,,,Health Care,Biotechnology: Pharmaceutical Preparations
SII,SII,Sprott Inc. Common Shares,N, ,N,3121284000,,,Finance,Finance: Consumer Services
ITGR,ITGR,Integer Holdings Corporation Common Stock,N, ,N,3120110156,,,Health Care,Biotechnology: Electromedical & Electrotherapeutic Apparatus
BFAM,BFAM,Bright Horizons Family Solutions Inc. Common Stock,N, ,N,3113263027,,,Consumer Discretionary,Other Consumer Services
CGAU,CGAU,Centerra Gold Inc. Common Shares,N, ,N,3109489698,,,Basic Materials,Precious Metals
ELF,ELF,"e.l.f. Beauty, Inc. Common Stock",N, ,N,3107550699,,,Consumer Discretionary,Package Goods/Cosmetics
CWK,CWK,Cushman & Wakefield Ltd. Common Shares,N, ,N,3102138686,,,Finance,Real Estate
DNLI,DNLI,Denali Therapeutics Inc. - Common Stock,Q,Q,N,3101188261,,,Health Care,Biotechnology: Biological Products (No Diagnostic Substances)
CLMT,CLMT,"Calumet, Inc - Common Stock",Q,Q,N,3093723719,,,Energy,Integrated oil Companies
BHE,BHE,"Benchmark Electronics, Inc. Common Stock",N, ,N,3090089111,,,Technology,Electrical Products
CURB,CURB,Curbline Properties Corp. Common Stock,N, ,N,3083859632,,,Finance,Real Estate
ZIM,ZIM,ZIM Integrated Shipping Services Ltd. Ordinary Shares,N, ,N,3079108608,,,Consumer Discretionary,Marine Transportation
VAC,VAC,Marriott Vacations Worldwide Corporation Common Stock,N, ,N,3074047659,,,Finance,Real Estate
AEHR,AEHR,Aehr Test Systems - Common Stock,Q,S,N,3068505864,,,Industrials,Electrical Products
BEAM,BEAM,Beam Therapeutics Inc. - Common Stock,Q,Q,N,3063742993,,,Health Care,Biotechnology: Biological Products (No Diagnostic Substances)
NIC,NIC,Nicolet Bankshares Inc. Common Stock,N, ,N,3061549434,,,Finance,Major Banks
HAYW,HAYW,"Hayward Holdings, Inc. Common Stock",N, ,N,3061347817,,,Industrials,Industrial Machinery/Components
HG,HG,"Hamilton Insurance Group, Ltd. Class B Common Shares",N, ,N,3041321343,,,Finance,Property-Casualty Insurers
BOH,BOH,Bank of Hawaii Corporation Common Stock,N, ,N,3039724424,,,Finance,Major Banks
BXMT,BXMT,"Blackstone Mortgage Trust, Inc. Common Stock",N, ,N,3039677030,,,Real Estate,Real Estate Investment Trusts
TENB,TENB,"Tenable Holdings, Inc. - Common Stock",Q,Q,N,3039095576,,,Technology,Computer Software: Prepackaged Software
AZUL,AZUL,"Azul S.A. American Depositary Shares, each representing two (2) Common Shares",A, ,N,3038535264,,,Consumer Discretionary,Air Freight/Delivery Services
LXP,LXP,LXP Industrial Trust Common Stock (Maryland REIT),N, ,N,3038412468,,,Real Estate,Real Estate Investment Trusts
CRVL,CRVL,CorVel Corp. - Common Stock,Q,Q,N,3035388158,,,Finance,Specialty Insurers
EFXT,EFXT,Enerflex Ltd Common Shares,N, ,N,3033363807,,,Industrials,Industrial Machinery/Components
FSLY,FSLY,"Fastly, Inc. - Class A Common Stock",Q,Q,N,3032970000,,,Technology,Computer Software: Prepackaged Software
USLM,USLM,"United States Lime & Minerals, Inc. - Common Stock",Q,Q,N,3030832858,,,Industrials,Mining & Quarrying of Nonmetallic Minerals (No Fuels)
VTMX,VTMX,"Corporacion Inmobiliaria Vesta, S.A.B de C.V. American Depositary Shares, each representing ten (10) Common Shares",N, ,N,3030250543,,,Finance,Real Estate
CTRI,CTRI,"Centuri Holdings, Inc. Common Stock",N, ,N,3028039860,,,Utilities,Oil & Gas Production
ATRO,ATRO,Astronics Corporation - Common Stock,Q,Q,N,3022058734,,,Industrials,Military/Government/Technical
BULL,BULL,Webull Corporation - Class A Ordinary Shares,Q,S,N,3015411831,,,Finance,Investment Bankers/Brokers/Service
AMBA,AMBA,"Ambarella, Inc. - Ordinary Shares",Q,Q,N,3014621673,,,Technology,Semiconductors
AWR,AWR,American States Water Company Common Stock,N, ,N,3013523089,,,Utilities,Water Supply
HSAI,HSAI,"Hesai Group - American Depositary Share, each ADS represents one Class B ordinary share",Q,Q,N,2997391147,,,Industrials,Industrial Machinery/Components
GPOR,GPOR,Gulfport Energy Corporation Common Shares,N, ,N,2996976726,,,Energy,Oil & Gas Production
SA,SA,"Seabridge Gold, Inc. Common Shares New",N, ,N,2995146392,,,Basic Materials,Precious Metals
MZTI,MZTI,The Marzetti Company - Common Stock,Q,Q,N,2987901120,,,Consumer Staples,Packaged Foods
FOUR,FOUR,"Shift4 Payments, Inc. Class A Common Stock",N, ,N,2987527278,,,Consumer Discretionary,Business Services
SBLK,SBLK,Star Bulk Carriers Corp. - Common Shares,Q,Q,N,2980085608,,,Consumer Discretionary,Marine Transportation
FSK,FSK,FS KKR Capital Corp. Common Stock,N, ,N,2979906847,,,Finance,Investment Managers
PHIN,PHIN,PHINIA Inc. Common Stock,N, ,N,2979414508,,,Consumer Discretionary,Auto Parts:O.E.M.
DK,DK,"Delek US Holdings, Inc. Common Stock",N, ,N,2971220036,,,Energy,Integrated oil Companies
UPST,UPST,"Upstart Holdings, Inc. - Common stock",Q,Q,N,2967058639,,,Finance,Finance: Consumer Services
AKR,AKR,Acadia Realty Trust Common Stock,N, ,N,2962745359,,,Real Estate,Real Estate Investment Trusts
IPAR,IPAR,"Interparfums, Inc. - Common Stock",Q,Q,N,2958861907,,,Consumer Discretionary,Package Goods/Cosmetics
BANC,BANC,"Banc of California, Inc. Common Stock",N, ,N,2957664902,,,Finance,Major Banks
PFS,PFS,"Provident Financial Services, Inc Common Stock",N, ,N,2952908147,,,Finance,Savings Institutions
MPT,MPT,"Medical Properties Trust, Inc. common stock",N, ,N,2942652000,,,Real Estate,Real Estate Investment Trusts
SBCF,SBCF,Seacoast Banking Corporation of Florida - Common Stock,Q,Q,N,2933935111,,,Finance,Major Banks
CPK,CPK,Chesapeake Utilities Corporation Common Stock,N, ,N,2933861889,,,Utilities,Oil & Gas Production
RCUS,RCUS,"Arcus Biosciences, Inc. Common Stock",N, ,N,2933030138,,,Health Care,Biotechnology: Pharmaceutical Preparations
NHC,NHC,National HealthCare Corporation Common Stock,A, ,N,2932275205,,,Health Care,Hospital/Nursing Management
GRBK,GRBK,"Green Brick Partners, Inc. Common Stock",N, ,N,2931358467,,,Consumer Discretionary,Homebuilding
GEF,GEF,Greif Inc. Class A Common Stock,N, ,N,2922273685,,,,
KALU,KALU,Kaiser Aluminum Corporation - Common Stock,Q,Q,N,2911242365,,,Industrials,Metal Fabrications
TRMD,TRMD,TORM plc - Class A Common Stock,Q,Q,N,2907235364,,,Consumer Discretionary,Marine Transportation
NTCT,NTCT,"NetScout Systems, Inc. - Common Stock",Q,Q,N,2906995442,,,Technology,EDP Services
AEO,AEO,"American Eagle Outfitters, Inc. Common Stock",N, ,N,2897342928,,,Consumer Discretionary,Clothing/Shoe/Accessory Stores
UE,UE,Urban Edge Properties Common Shares of Beneficial Interest,N, ,N,2893419062,,,Finance,Real Estate
CECO,CECO,CECO Environmental Corp. - Common Stock,Q,Q,N,2888855186,,,Industrials,Pollution Control Equipment
WRBY,WRBY,Warby Parker Inc. Class A Common Stock,N, ,N,2885035198,,,Health Care,Ophthalmic Goods
NN,NN,NextNav Inc. - Common stock,Q,S,N,2867904458,,,Industrials,Industrial Machinery/Components
PPTA,PPTA,Perpetua Resources Corp. - Common Shares,Q,S,N,2865915064,,,Basic Materials,Precious Metals
PARR,PARR,"Par Pacific Holdings, Inc.  Common Stock",N, ,N,2864742545,,,Energy,Oil & Gas Production
PSNY,PSNY,Polestar Automotive Holding UK Limited - Class A ADS,Q,G,N,2862906711,,,Industrials,Auto Manufacturing
TR,TR,"Tootsie Roll Industries, Inc. Common Stock",N, ,N,2855001454,,,Consumer Staples,Specialty Foods
HTGC,HTGC,"Hercules Capital, Inc. Common Stock",N, ,N,2849816126,,,Finance,Investment Managers
EXPO,EXPO,"Exponent, Inc. - Common Stock",Q,Q,N,2849573087,,,Consumer Discretionary,Professional Services
WOR,WOR,"Worthington Enterprises, Inc. Common Shares",N, ,N,2848793173,,,Industrials,Steel/Iron Ore
LFST,LFST,"LifeStance Health Group, Inc. - Common Stock",Q,Q,N,2846704731,,,Health Care,Medical/Nursing Services
CALY,CALY,Callaway Golf Company Common Stock,N, ,N,2846105750,,,Consumer Discretionary,Recreational Games/Products/Toys
SDRL,SDRL,Seadrill Limited Common Shares,N, ,N,2843262199,,,Energy,Oil & Gas Production
PK,PK,Park Hotels & Resorts Inc. Common Stock ,N, ,N,2843229110,,,Consumer Discretionary,Hotels/Resorts
BKD,BKD,Brookdale Senior Living Inc. Common Stock,N, ,N,2834434879,,,Health Care,Hospital/Nursing Management
TTAM,TTAM,Titan America SA Common Shares,N, ,N,2833651087,,,Industrials,Mining & Quarrying of Nonmetallic Minerals (No Fuels)
PLMR,PLMR,"Palomar Holdings, Inc. - Common stock",Q,Q,N,2830348384,,,Finance,Property-Casualty Insurers
BRZE,BRZE,"Braze, Inc. - Class A Common Stock",Q,Q,N,2827915963,,,Technology,Computer Software: Prepackaged Software
BKV,BKV,BKV Corporation Common Stock,N, ,N,2824362296,,,Energy,Oil & Gas Production
BGSI,BGSI,Boyd Group Services Inc. Common Shares,N, ,N,2820298686,,,,
APAM,APAM,Artisan Partners Asset Management Inc. Class A Common Stock,N, ,N,2819999540,,,Finance,Investment Managers
DBD,DBD,Diebold Nixdorf Incorporated Common stock,N, ,N,2814249418,,,Miscellaneous,Office Equipment/Supplies/Services
QTWO,QTWO,"Q2 Holdings, Inc. Common Stock",N, ,N,2805750959,,,Technology,Computer Software: Prepackaged Software
ERO,ERO,Ero Copper Corp. Common Shares,N, ,N,2805077339,,,Basic Materials,Metal Mining
PATK,PATK,"Patrick Industries, Inc. - Common Stock",Q,Q,N,2798226481,,,Consumer Discretionary,Auto Parts:O.E.M.
MGEE,MGEE,MGE Energy Inc. - Common Stock,Q,Q,N,2791650251,,,Energy,Electric Utilities: Central
UNIT,UNIT,Uniti Group Inc. - Common Stock,Q,Q,N,2789951841,,,Real Estate,Real Estate Investment Trusts
IHS,IHS,IHS Holding Limited Ordinary Shares,N, ,N,2784826143,,,Telecommunications,Telecommunications Equipment
DYN,DYN,"Dyne Therapeutics, Inc. - Common Stock",Q,Q,N,2778924911,,,Health Care,Biotechnology: Pharmaceutical Preparations
DNN,DNN,Denison Mines Corp Ordinary Shares (Canada),A, ,N,2778402073,,,Basic Materials,Other Metals and Minerals
RH,RH,RH Common Stock,N, ,N,2774632889,,,Consumer Discretionary,Other Specialty Stores
IDYA,IDYA,"IDEAYA Biosciences, Inc. - Common Stock",Q,Q,N,2765861762,,,Health Care,Biotechnology: Pharmaceutical Preparations
WDFC,WDFC,WD-40 Company - Common Stock,Q,Q,N,2765757881,,,Industrials,Major Chemicals
OLN,OLN,Olin Corporation Common Stock,N, ,N,2765437831,,,Industrials,Major Chemicals
HLIO,HLIO,"Helios Technologies, Inc. Common Stock",N, ,N,2764327847,,,Industrials,Metal Fabrications
CCC,CCC,CCC Intelligent Solutions Holdings Inc. - Common Stock,Q,Q,N,2758620519,,,Technology,Computer Software: Prepackaged Software
AAMI,AAMI,Acadian Asset Management Inc. Common Stock,N, ,N,2744500946,,,Finance,Investment Managers
NMIH,NMIH,NMI Holdings Inc - Common Stock,Q,G,N,2743344984,,,Finance,Property-Casualty Insurers
BWIN,BWIN,"The Baldwin Insurance Group, Inc. - Class A Common Stock",Q,Q,N,2743001105,,,Finance,Specialty Insurers
DX,DX,"Dynex Capital, Inc. Common Stock",N, ,N,2738871046,,,Real Estate,Real Estate Investment Trusts
HUBG,HUBG,"Hub Group, Inc. - Class A Common Stock",Q,Q,N,2728058081,,,Industrials,Integrated Freight & Logistics
FBK,FBK,FB Financial Corporation Common Stock,N, ,N,2726621609,,,Finance,Major Banks
VISN,VISN,"Vistance Networks, Inc.  - Common Stock",Q,Q,N,2711346965,,,Technology,Radio And Television Broadcasting And Communications Equipment
WK,WK,Workiva Inc. Class A Common Stock,N, ,N,2710563929,,,Technology,Computer Software: Prepackaged Software
ATKR,ATKR,Atkore Inc. Common Stock,N, ,N,2704420334,,,Miscellaneous,Industrial Machinery/Components
FA,FA,First Advantage Corporation - Common Stock,Q,Q,N,2703423861,,,Technology,EDP Services
CWT,CWT,California Water Service Group Common Stock,N, ,N,2701177714,,,Utilities,Water Supply
PRVA,PRVA,"Privia Health Group, Inc. - Common Stock",Q,Q,N,2697924927,,,Health Care,Medical/Nursing Services
ARQT,ARQT,"Arcutis Biotherapeutics, Inc. - Common stock",Q,Q,N,2694295876,,,Health Care,Biotechnology: Pharmaceutical Preparations
WT,WT,"WisdomTree, Inc. Common Stock",N, ,N,2690236887,,,Finance,Investment Bankers/Brokers/Service
FCPT,FCPT,"Four Corners Property Trust, Inc. Common Stock",N, ,N,2687757835,,,Real Estate,Real Estate Investment Trusts
MGRC,MGRC,McGrath RentCorp - Common Stock,Q,Q,N,2684847079,,,Consumer Discretionary,Diversified Commercial Services
GPCR,GPCR,Structure Therapeutics Inc. - American Depositary Shares,Q,G,N,2684484469,,,Health Care,Biotechnology: Pharmaceutical Preparations
ATS,ATS,ATS Corporation Common Shares,N, ,N,2679556481,,,Industrials,Industrial Machinery/Components
WOLF,WOLF,"Wolfspeed, Inc. Common Stock New",N, ,N,2678951869,,,Technology,Semiconductors
ADPT,ADPT,Adaptive Biotechnologies Corporation - Common Stock,Q,Q,N,2672741346,,,Health Care,Biotechnology: Biological Products (No Diagnostic Substances)
IVT,IVT,InvenTrust Properties Corp. Common Stock,N, ,N,2671641178,,,Real Estate,Real Estate Investment Trusts
FSM,FSM,Fortuna Mining Corp. Common Shares,N, ,N,2670968284,,,Basic Materials,Precious Metals
TRN,TRN,"Trinity Industries, Inc. Common Stock",N, ,N,2668999736,,,Industrials,Railroads
WERN,WERN,"Werner Enterprises, Inc. - Common Stock",Q,Q,N,2668379619,,,Industrials,Trucking Freight/Courier Services
AMPX,AMPX,"Amprius Technologies, Inc. Common Stock",N, ,N,2666839611,,,Miscellaneous,Industrial Machinery/Components
WIX,WIX,Wix.com Ltd. - Ordinary Shares,Q,Q,N,2653837709,,,Technology,Computer Software: Programming Data Processing
VVX,VVX,"V2X, Inc. Common Stock",N, ,N,2651974702,,,Consumer Discretionary,Diversified Commercial Services
WAFD,WAFD,"WaFd, Inc. - Common Stock",Q,Q,N,2643729814,,,Finance,Major Banks
GRAL,GRAL,"GRAIL, Inc. - Common Stock",Q,Q,N,2640228801,,,Health Care,Medical Specialities
CSAN,CSAN,Cosan S.A. ADS,N, ,N,2637769670,,,Consumer Discretionary,Retail-Auto Dealers and Gas Stations
ASH,ASH,Ashland Inc. Common Stock,N, ,N,2630965666,,,Consumer Discretionary,Specialty Chemicals
CDNL,CDNL,Cardinal Infrastructure Group Inc. - Class A Common Stock,Q,Q,N,2629024462,,,Industrials,Military/Government/Technical
AVEX,AVEX,AEVEX Corp. Class A Common Stock,N, ,N,2624099517,,,Industrials,Aerospace
HOG,HOG,"Harley-Davidson, Inc. Common Stock",N, ,N,2622233403,,,Consumer Discretionary,Motor Vehicles
RLAY,RLAY,"Relay Therapeutics, Inc. - Common Stock",Q,G,N,2617067014,,,Health Care,Biotechnology: Biological Products (No Diagnostic Substances)
SAH,SAH,"Sonic Automotive, Inc. Common Stock",N, ,N,2613343277,,,Consumer Discretionary,Retail-Auto Dealers and Gas Stations
NMRK,NMRK,"Newmark Group, Inc. - Class A Common Stock",Q,Q,N,2607882163,,,Finance,Real Estate
FRSH,FRSH,Freshworks Inc. - Class A Common Stock,Q,Q,N,2601245511,,,Technology,Computer Software: Prepackaged Software
TRMK,TRMK,Trustmark Corporation - Common Stock,Q,Q,N,2598569954,,,Finance,Major Banks
OUST,OUST,"Ouster, Inc. - Common Stock",Q,Q,N,2594289400,,,Industrials,Industrial Machinery/Components
PAY,PAY,"Paymentus Holdings, Inc. Class A Common Stock",N, ,N,2582455089,,,Consumer Discretionary,Business Services
SUPN,SUPN,"Supernus Pharmaceuticals, Inc. - Common Stock",Q,G,N,2581606790,,,Health Care,Biotechnology: Pharmaceutical Preparations
GDV,GDV,Gabelli Dividend & Income Trust Common Shares of Beneficial Interest,N, ,N,2580292728,,,Finance,Investment Managers
STNE,STNE,StoneCo Ltd. - Class A Common Share,Q,Q,N,2570922349,,,Technology,EDP Services
AMR,AMR,"Alpha Metallurgical Resources, Inc. Common Stock",N, ,N,2570769827,,,Energy,Coal Mining
SPNT,SPNT,SiriusPoint Ltd. Common Shares,N, ,N,2568295541,,,Finance,Property-Casualty Insurers
TARS,TARS,"Tarsus Pharmaceuticals, Inc. - Common Stock",Q,Q,N,2565948915,,,Health Care,Biotechnology: Biological Products (No Diagnostic Substances)
PENN,PENN,"PENN Entertainment, Inc. - Common Stock",Q,Q,N,2565777422,,,Consumer Discretionary,Hotels/Resorts
GRDN,GRDN,"Guardian Pharmacy Services, Inc. Class A Common Stock",N, ,N,2565118883,,,Consumer Staples,Retail-Drug Stores and Proprietary Stores
WHR,WHR,Whirlpool Corporation Common Stock,N, ,N,2564402667,,,Consumer Discretionary,Consumer Electronics/Appliances
WTTR,WTTR,"Select Water Solutions, Inc. Class A common stock",N, ,N,2555679022,,,Energy,Oilfield Services/Equipment
KLRA,KLRA,"Kailera Therapeutics, Inc. - Common stock",Q,Q,N,2552442478,,,Health Care,Biotechnology: Pharmaceutical Preparations
TE,TE,T1 Energy Inc. Common Stock,N, ,N,2549747699,,,Miscellaneous,Industrial Machinery/Components
TOWN,TOWN,Towne Bank - Common Stock,Q,Q,N,2544450953,,,Finance,Major Banks
KD,KD,"Kyndryl Holdings, Inc. Common Stock",N, ,N,2542254346,,,Technology,EDP Services
DGII,DGII,Digi International Inc. - Common Stock,Q,Q,N,2535095861,,,Telecommunications,Computer Communications Equipment
NESR,NESR,National Energy Services Reunited Corp - Ordinary Shares,Q,S,N,2534291518,,,Energy,Oilfield Services/Equipment
KMT,KMT,Kennametal Inc. Common Stock,N, ,N,2533985925,,,Industrials,Industrial Machinery/Components
FRPT,FRPT,"Freshpet, Inc. - Common Stock",Q,G,N,2525939457,,,Consumer Staples,Packaged Foods
VNET,VNET,"VNET Group, Inc. - American Depositary Shares",Q,Q,N,2525214873,,,Technology,Computer Software: Programming Data Processing
FRME,FRME,First Merchants Corporation - Common Stock,Q,Q,N,2522170095,,,Finance,Major Banks
EEFT,EEFT,"Euronet Worldwide, Inc. - Common Stock",Q,Q,N,2516382962,,,Finance,Investment Bankers/Brokers/Service
ROG,ROG,Rogers Corporation Common Stock,N, ,N,2515215552,,,Industrials,Major Chemicals
VOYG,VOYG,"Voyager Technologies, Inc. Class A Common Stock",N, ,N,2513900276,,,Industrials,Military/Government/Technical
IRON,IRON,"Disc Medicine, Inc. - Common Stock",Q,G,N,2513500056,,,Health Care,Biotechnology: Pharmaceutical Preparations
DFTX,DFTX,"Definium Therapeutics, Inc.  - Common Shares",Q,Q,N,2510717345,,,Health Care,Medicinal Chemicals and Botanical Products
AYA,AYA,Aya Gold & Silver Inc. - Common Shares,Q,Q,N,2510054105,,,Basic Materials,Precious Metals
AGYS,AGYS,"Agilysys, Inc. - Common Stock",Q,Q,N,2509364978,,,Technology,EDP Services
CUBI,CUBI,"Customers Bancorp, Inc Common Stock",N, ,N,2509145028,,,Finance,Major Banks
ANDE,ANDE,"The Andersons, Inc. - Common Stock",Q,Q,N,2502632575,,,Industrials,Farming/Seeds/Milling
CENT,CENT,Central Garden & Pet Company - Common Stock,Q,Q,N,2499076913,,,Consumer Discretionary,Consumer Specialties
TALO,TALO,"Talos Energy, Inc. Common Stock",N, ,N,2495540979,,,Energy,Oil & Gas Production
HUN,HUN,Huntsman Corporation Common Stock,N, ,N,2495217864,,,Industrials,Major Chemicals
DNOW,DNOW,DNOW Inc. Common Stock,N, ,N,2491752682,,,Consumer Discretionary,Oil and Gas Field Machinery
KWR,KWR,Quaker Houghton Common Stock,N, ,N,2487048445,,,Industrials,Major Chemicals
ABM,ABM,ABM Industries Incorporated Common Stock,N, ,N,2483547553,,,Consumer Discretionary,Diversified Commercial Services
DXPE,DXPE,"DXP Enterprises, Inc. - Common Stock",Q,Q,N,2482710557,,,Industrials,Industrial Machinery/Components
CARG,CARG,"CarGurus, Inc. - Class A Common Stock",Q,Q,N,2481047066,,,Technology,EDP Services
PAGS,PAGS,PagSeguro Digital Ltd. Class A Common Shares,N, ,N,2479480858,,,Technology,EDP Services
NNNN,NNNN,Anbio Biotechnology - Class A Ordinary Shares,Q,G,N,2477806464,,,Health Care,Biotechnology: In Vitro & In Vivo Diagnostic Substances
COHU,COHU,"Cohu, Inc. - Common Stock",Q,Q,N,2477177471,,,Industrials,Electrical Products
OSW,OSW,OneSpaWorld Holdings Limited - Common Shares,Q,S,N,2464780461,,,Consumer Discretionary,Hotels/Resorts
TGB,TGB,"Taseko Mines, Ltd. Common Stock",A, ,N,2464367431,,,Basic Materials,Precious Metals
TMDX,TMDX,"TransMedics Group, Inc. - Common Stock",Q,G,N,2458663209,,,Health Care,Biotechnology: Electromedical & Electrotherapeutic Apparatus
INTR,INTR,Inter & Co. Inc. - Class A Common Shares,Q,Q,N,2458161663,,,Finance,Commercial Banks
HTFL,HTFL,"Heartflow, Inc. - Common Stock",Q,Q,N,2453551557,,,Health Care,Medical/Dental Instruments
NYAX,NYAX,Nayax Ltd. - Ordinary Shares,Q,Q,N,2452257560,,,Technology,Computer Software: Prepackaged Software
PTON,PTON,"Peloton Interactive, Inc. - Common Stock",Q,Q,N,2450734296,,,Consumer Discretionary,Recreational Games/Products/Toys
HAWK,HAWK,"HawkEye 360, Inc. Common Stock",N, ,N,2447054061,,,Technology,EDP Services
CXW,CXW,"CoreCivic, Inc. Common Stock",N, ,N,2444522731,,,Real Estate,Real Estate Investment Trusts
BBT,BBT,Beacon Financial Corporation Common stock,N, ,N,2442400746,,,Finance,Banks
FBNC,FBNC,First Bancorp - Common Stock,Q,Q,N,2436184317,,,Finance,Major Banks
NIQ,NIQ,NIQ Global Intelligence plc Ordinary Shares,N, ,N,2431923458,,,Technology,Computer Software: Programming Data Processing
ALMS,ALMS,Alumis Inc. - Common Stock,Q,Q,N,2421072700,,,Health Care,Biotechnology: Pharmaceutical Preparations
MLCO,MLCO,Melco Resorts & Entertainment Limited - American Depositary Shares ,Q,Q,N,2420412430,,,Consumer Discretionary,Hotels/Resorts
UAA,UAA,"Under Armour, Inc. Class A Common Stock",N, ,N,2417262138,,,Consumer Discretionary,Apparel
HYMC,HYMC,Hycroft Mining Holding Corporation - Class A Common Stock,Q,S,N,2405524624,,,Basic Materials,Precious Metals
NBTB,NBTB,NBT Bancorp Inc. - Common Stock,Q,Q,N,2404953128,,,Finance,Major Banks
BCC,BCC,"Boise Cascade, L.L.C. Common Stock",N, ,N,2391846356,,,Consumer Discretionary,RETAIL: Building Materials
EXK,EXK,Endeavour Silver Corporation Ordinary Shares (Canada),N, ,N,2380393168,,,Basic Materials,Precious Metals
CALX,CALX,"Calix, Inc Common Stock",N, ,N,2377804107,,,Consumer Discretionary,Telecommunications Equipment
DRH,DRH,Diamondrock Hospitality Company - Common Stock,Q,Q,N,2374135762,,,Real Estate,Real Estate Investment Trusts
LCLN,LCLN,"Lincoln International, Inc. Class A Common Stock",N, ,N,2370082875,,,Finance,Investment Managers
UTI,UTI,Universal Technical Institute Inc Common Stock,N, ,N,2365436928,,,Real Estate,Other Consumer Services
BW,BW,"Babcock & Wilcox Enterprises, Inc. Common Stock",N, ,N,2363571752,,,Industrials,Building Products
SVM,SVM,Silvercorp Metals Inc. Common Shares,A, ,N,2358019023,,,Basic Materials,Precious Metals
QUBT,QUBT,Quantum Computing Inc. - Common Stock,Q,S,N,2356840614,,,Technology,Computer Software: Prepackaged Software
DAC,DAC,Danaos Corporation Common Stock,N, ,N,2354619491,,,Consumer Discretionary,Marine Transportation
BUSE,BUSE,First Busey Corporation - Common Stock,Q,Q,N,2352936591,,,Finance,Major Banks
HTO,HTO,H2O America  - Common Stock,Q,Q,N,2351003479,,,Utilities,Water Supply
AMBP,AMBP,Ardagh Metal Packaging S.A. Ordinary Shares,N, ,N,2348959373,,,Industrials,Containers/Packaging
UA,UA,"Under Armour, Inc. Class C Common Stock",N, ,N,2344786906,,,Consumer Discretionary,Apparel
MTX,MTX,Minerals Technologies Inc. Common Stock,N, ,N,2342709854,,,Basic Materials,Major Chemicals
CTOS,CTOS,"Custom Truck One Source, Inc. Common Stock",N, ,N,2328912087,,,Consumer Discretionary,Diversified Commercial Services
ACHC,ACHC,"Acadia Healthcare Company, Inc. - Common Stock",Q,Q,N,2328605124,,,Health Care,Medical Specialities
ICHR,ICHR,Ichor Holdings - Ordinary Shares,Q,Q,N,2327375788,,,Technology,Semiconductors
NGVT,NGVT,Ingevity Corporation Common Stock ,N, ,N,2327269212,,,Industrials,Major Chemicals
NTB,NTB,Bank of N.T. Butterfield & Son Limited (The) Voting Ordinary Shares,N, ,N,2326400000,,,Finance,Commercial Banks
HE,HE,"Hawaiian Electric Industries, Inc. Common Stock",N, ,N,2321949143,,,Utilities,Electric Utilities: Central
AERO,AERO,"Grupo Aeromexico, S.A.B. de C.V. American Depositary Shares (each representing ten (10) Common Shares)",N, ,N,2312569033,,,Consumer Discretionary,Air Freight/Delivery Services
WU,WU,Western Union Company (The) Common Stock,N, ,N,2299522365,,,Consumer Discretionary,Business Services
BKE,BKE,"Buckle, Inc. (The) Common Stock",N, ,N,2297706636,,,Consumer Discretionary,Clothing/Shoe/Accessory Stores
PBI,PBI,Pitney Bowes Inc. Common Stock,N, ,N,2294377740,,,Miscellaneous,Office Equipment/Supplies/Services
VERA,VERA,"Vera Therapeutics, Inc. - Class A Common Stock",Q,G,N,2279107202,,,Health Care,Biotechnology: Pharmaceutical Preparations
NOG,NOG,"Northern Oil and Gas, Inc. Common Stock",N, ,N,2275567056,,,Energy,Oil & Gas Production
MH,MH,"McGraw Hill, Inc. Common Stock",N, ,N,2274828091,,,Consumer Discretionary,Publishing
EOSE,EOSE,"Eos Energy Enterprises, Inc. - Common Stock",Q,S,N,2271348841,,,Miscellaneous,Industrial Machinery/Components
SHAK,SHAK,"Shake Shack, Inc. Class A Common Stock",N, ,N,2265709352,,,Consumer Discretionary,Restaurants
AVPT,AVPT,"AvePoint, Inc. - Class A Common Stock",Q,Q,N,2264343653,,,Technology,Computer Software: Prepackaged Software
DCO,DCO,Ducommun Incorporated Common Stock,N, ,N,2263437272,,,Industrials,Military/Government/Technical
EFSC,EFSC,Enterprise Financial Services Corporation - Common Stock,Q,Q,N,2261734465,,,Finance,Major Banks
PBH,PBH,Prestige Consumer Healthcare Inc. Common Stock,N, ,N,2260599762,,,Health Care,Biotechnology: Pharmaceutical Preparations
CMPR,CMPR,Cimpress plc - Ordinary Shares,Q,Q,N,2260369355,,,Consumer Discretionary,Publishing
HNI,HNI,HNI Corporation Common Stock,N, ,N,2258417524,,,Consumer Discretionary,Office Equipment/Supplies/Services
WLYB,WLYB,"John Wiley & Sons, Inc. Common Stock",N, ,N,2258211824,,,Consumer Discretionary,Books
TBBK,TBBK,"The Bancorp, Inc. - Common Stock",Q,Q,N,2257835627,,,Finance,Major Banks
DJT,DJT,Trump Media & Technology Group Corp. - Common Stock,Q,G,N,2257173698,,,Technology,Computer Software: Programming Data Processing
RAMP,RAMP,"LiveRamp Holdings, Inc. Common Stock",N, ,N,2252694096,,,Technology,EDP Services
FUN,FUN,Six Flags Entertainment Corporation Common Stock New,N, ,N,2252574882,,,Consumer Discretionary,Services-Misc. Amusement & Recreation
WLY,WLY,"John Wiley & Sons, Inc. Common Stock",N, ,N,2250000145,,,Consumer Discretionary,Books
PDFS,PDFS,"PDF Solutions, Inc. - Common Stock",Q,Q,N,2247557367,,,Technology,Computer Software: Prepackaged Software
NEXT,NEXT,NextDecade Corporation - Common Stock,Q,S,N,2241840670,,,Utilities,Oil & Gas Production
CLDX,CLDX,"Celldex Therapeutics, Inc. - Common Stock",Q,S,N,2241733576,,,Health Care,Biotechnology: In Vitro & In Vivo Diagnostic Substances
CPRI,CPRI,Capri Holdings Limited Ordinary Shares,N, ,N,2232274370,,,Consumer Discretionary,Apparel
ATEN,ATEN,"A10 Networks, Inc. Common Stock",N, ,N,2230503462,,,Telecommunications,Computer Communications Equipment
BLBD,BLBD,Blue Bird Corporation - Common Stock,Q,G,N,2222539945,,,Consumer Discretionary,Construction/Ag Equipment/Trucks
DRVN,DRVN,Driven Brands Holdings Inc. - Common Stock,Q,Q,N,2221646715,,,Consumer Discretionary,Automotive Aftermarket
ALRM,ALRM,"Alarm.com Holdings, Inc. - Common Stock",Q,Q,N,2220285571,,,Technology,Computer Software: Prepackaged Software
TMC,TMC,TMC the metals company Inc. - Common Stock,Q,Q,N,2213760015,,,Basic Materials,Metal Mining
MBIN,MBIN,Merchants Bancorp - Common Stock,Q,S,N,2212708603,,,Finance,Major Banks
CEPU,CEPU,Central Puerto S.A. American Depositary Shares (each represents ten Common Shares),N, ,N,2207076981,,,Utilities,Electric Utilities: Central
CENTA,CENTA,Central Garden & Pet Company - Class A Common Stock Nonvoting,Q,Q,N,2204994252,,,Consumer Discretionary,Consumer Specialties
AXGN,AXGN,"Axogen, Inc. - Common Stock",Q,S,N,2204752583,,,Health Care,Biotechnology: Electromedical & Electrotherapeutic Apparatus
BAND,BAND,Bandwidth Inc. - Class A Common Stock,Q,Q,N,2204071414,,,Technology,Computer Software: Prepackaged Software
ESTA,ESTA,Establishment Labs Holdings Inc. - Common Shares,Q,S,N,2202570388,,,Health Care,Industrial Specialties
BANR,BANR,Banner Corporation - Common Stock,Q,Q,N,2201122706,,,Finance,Major Banks
PHVS,PHVS,Pharvaris N.V. - Ordinary Shares,Q,Q,N,2200763250,,,Health Care,Biotechnology: Pharmaceutical Preparations
WRD,WRD,WeRide Inc. - American Depositary Shares,Q,G,N,2199282476,,,Technology,EDP Services
GCMG,GCMG,GCM Grosvenor Inc. - Class A Common Stock,Q,G,N,2192231607,,,Finance,Investment Managers
PLUS,PLUS,ePlus inc. - Common Stock,Q,Q,N,2179734443,,,Technology,Retail: Computer Software & Peripheral Equipment
MCRI,MCRI,"Monarch Casino & Resort, Inc. - Common Stock",Q,Q,N,2176978137,,,Consumer Discretionary,Hotels/Resorts
LMAT,LMAT,"LeMaitre Vascular, Inc. - Common Stock",Q,G,N,2173333786,,,Health Care,Medical/Dental Instruments
PCT,PCT,"PureCycle Technologies, Inc. - Common stock",Q,S,N,2173075553,,,Industrials,Major Chemicals
CLBK,CLBK,"Columbia Financial, Inc. - Common Stock",Q,Q,N,2158984982,,,Finance,Savings Institutions
AESI,AESI,Atlas Energy Solutions Inc. Common Stock,N, ,N,2158368492,,,Industrials,Mining & Quarrying of Nonmetallic Minerals (No Fuels)
FLOC,FLOC,Flowco Holdings Inc. Class A Common Stock,N, ,N,2154738172,,,Consumer Discretionary,Oil and Gas Field Machinery
CHA,CHA,"Chagee Holdings Limited - American Depositary Shares, each representing 1 Class A ordinary share",Q,Q,N,2151810317,,,Consumer Discretionary,Restaurants
TNET,TNET,"TriNet Group, Inc. Common Stock",N, ,N,2147912060,,,Consumer Discretionary,Business Services
SHO,SHO,"Sunstone Hotel Investors, Inc. Sunstone Hotel Investors, Inc. Common Shares",N, ,N,2146075430,,,Consumer Discretionary,Hotels/Resorts
IMAX,IMAX,Imax Corporation Common Stock,N, ,N,2145934485,,,Consumer Discretionary,Industrial Machinery/Components
BCRX,BCRX,"BioCryst Pharmaceuticals, Inc. - Common Stock",Q,Q,N,2142591224,,,Health Care,Biotechnology: Biological Products (No Diagnostic Substances)
SYBT,SYBT,"Stock Yards Bancorp, Inc. - Common Stock",Q,Q,N,2141326889,,,Finance,Major Banks
ASTH,ASTH,Astrana Health Inc. - Common Stock,Q,S,N,2138945686,,,Consumer Discretionary,Professional Services
PRDO,PRDO,Perdoceo Education Corporation - Common Stock,Q,Q,N,2136922773,,,Real Estate,Other Consumer Services
RARE,RARE,Ultragenyx Pharmaceutical Inc. - Common Stock,Q,Q,N,2126382346,,,Health Care,Biotechnology: Pharmaceutical Preparations
CYD,CYD,China Yuchai International Limited Common Stock,N, ,N,2122036292,,,Industrials,Industrial Machinery/Components
WS,WS,"Worthington Steel, Inc. Common Shares",N, ,N,2112019471,,,Industrials,Steel/Iron Ore
CXT,CXT,"Crane NXT, Co. Common Stock",N, ,N,2108927751,,,Industrials,Metal Fabrications
IMNM,IMNM,"Immunome, Inc. - Common Stock",Q,S,N,2107589832,,,Health Care,Biotechnology: Pharmaceutical Preparations
MGNI,MGNI,"Magnite, Inc. - Common Stock",Q,Q,N,2095235494,,,Technology,Computer Software: Programming Data Processing
NWBI,NWBI,"Northwest Bancshares, Inc. - Common Stock",Q,Q,N,2089373216,,,Finance,Major Banks
VERX,VERX,"Vertex, Inc. - Class A Common Stock",Q,G,N,2089056579,,,Technology,Computer Software: Prepackaged Software
SSMR,SSMR,Sunshine Silver Mining & Refining Company Common Stock,N, ,N,2083028924,,,Basic Materials,Precious Metals
BRSL,BRSL,"Brightstar Lottery PLC Trading under the Legal Name to begin at the market open on July 21, 2025. Ordinary Shares",N, ,N,2075625000,,,Consumer Discretionary,Services-Misc. Amusement & Recreation
AMSC,AMSC,American Superconductor Corporation - Common Stock,Q,Q,N,2067077246,,,Consumer Discretionary,Metal Fabrications
CLOV,CLOV,"Clover Health Investments, Corp.  - Class A Common stock",Q,Q,N,2064602550,,,Health Care,Medical Specialities
BBAI,BBAI,"BigBear.ai, Inc. Common Stock",N, ,N,2064272130,,,Technology,Computer Software: Prepackaged Software
BTX,BTX,BlackRock Technology and Private Equity Term Trust Common Shares of Beneficial Interest,N, ,N,2060858561,,,,
NWN,NWN,Northwest Natural Holding Company Common Stock,N, ,N,2058991623,,,Utilities,Oil/Gas Transmission
GRC,GRC,Gorman-Rupp Company (The) Common Stock,N, ,N,2057622032,,,Industrials,Fluid Controls
XRAY,XRAY,DENTSPLY SIRONA Inc. - Common Stock,Q,Q,N,2055351768,,,Health Care,Medical/Dental Instruments
SEM,SEM,Select Medical Holdings Corporation Common Stock,N, ,N,2054958376,,,Health Care,Hospital/Nursing Management
DEI,DEI,"Douglas Emmett, Inc. Common Stock",N, ,N,2053369373,,,Real Estate,Real Estate Investment Trusts
CDLR,CDLR,Cadeler A/S American Depositary Share (each representing four (4) Ordinary Shares),N, ,N,2053101866,,,Consumer Discretionary,Marine Transportation
ELVN,ELVN,"Enliven Therapeutics, Inc.  - Common Stock",Q,Q,N,2048233334,,,Health Care,Biotechnology: Pharmaceutical Preparations
DRD,DRD,DRDGOLD Limited American Depositary Shares,N, ,N,2048210654,,,Basic Materials,Precious Metals
AUPH,AUPH,Aurinia Pharmaceuticals Inc - Common Shares,Q,G,N,2034834154,,,Health Care,Biotechnology: Pharmaceutical Preparations
PGNY,PGNY,"Progyny, Inc. - Common Stock",Q,Q,N,2030375030,,,Health Care,Misc Health and Biotechnology Services
SPSC,SPSC,"SPS Commerce, Inc. - Common Stock",Q,Q,N,2026908277,,,Technology,Computer Software: Prepackaged Software
SOC,SOC,Sable Offshore Corp. Common Stock,N, ,N,2025241379,,,Energy,Oil & Gas Production
PLBL,PLBL,Polibeli Group Ltd - Class A Ordinary Shares,Q,G,N,2022458834,,,Consumer Discretionary,Consumer Electronics/Appliances
PRKS,PRKS,United Parks & Resorts Inc. Common Stock,N, ,N,2009761255,,,Health Care,Biotechnology: Electromedical & Electrotherapeutic Apparatus
DHC,DHC,Diversified Healthcare Trust  - Common Shares of Beneficial Interest,Q,Q,N,2009487486,,,Real Estate,Real Estate Investment Trusts
GNL,GNL,"Global Net Lease, Inc. Common Stock",N, ,N,2006990841,,,Real Estate,Real Estate Investment Trusts
IOSP,IOSP,Innospec Inc. - Common Stock,Q,Q,N,2004474605,,,Industrials,Major Chemicals
ATHM,ATHM,"Autohome Inc. American Depositary Shares, each representing four class A ordinary shares.",N, ,N,2000518724,,,Technology,EDP Services
LCID,LCID,"Lucid Group, Inc. - Common Stock",Q,Q,N,1988358437,,,Industrials,Auto Manufacturing
INVX,INVX,"Innovex International, Inc. Common Stock",N, ,N,1983716653,,,Consumer Discretionary,Oil and Gas Field Machinery
FORTY,FORTY,Formula Systems (1985) Ltd. - American Depositary Shares,Q,Q,N,1983637877,,,Technology,EDP Services
GTY,GTY,Getty Realty Corporation Common Stock,N, ,N,1982713848,,,Finance,Real Estate
STC,STC,Stewart Information Services Corporation Common Stock,N, ,N,1979586020,,,Finance,Specialty Insurers
IMOS,IMOS,ChipMOS TECHNOLOGIES INC. - American Depositary Shares,Q,Q,N,1976752331,,,Technology,Semiconductors
NEOG,NEOG,Neogen Corporation - Common Stock,Q,Q,N,1974294482,,,Health Care,Biotechnology: In Vitro & In Vivo Diagnostic Substances
LC,LC,LendingClub Corporation Common Stock,N, ,N,1973654327,,,Finance,Finance: Consumer Services
WMK,WMK,"Weis Markets, Inc. Common Stock",N, ,N,1971649489,,,Consumer Staples,Food Chains
AGM,AGM,Federal Agricultural Mortgage Corporation Common Stock,N, ,N,1970069547,,,Finance,Finance Companies
HCI,HCI,"HCI Group, Inc. Common Stock",N, ,N,1964121007,,,Finance,Property-Casualty Insurers
AIN,AIN,Albany International Corporation Common Stock,N, ,N,1962440000,,,Consumer Discretionary,Textiles
GRND,GRND,Grindr Inc. Common Stock,N, ,N,1962094786,,,Technology,Computer Software: Programming Data Processing
OFG,OFG,OFG Bancorp Common Stock,N, ,N,1962057094,,,Finance,Major Banks
NVCR,NVCR,NovoCure Limited - Ordinary Shares,Q,Q,N,1951582839,,,Health Care,Medical/Dental Instruments
FCF,FCF,First Commonwealth Financial Corporation Common Stock,N, ,N,1950307847,,,Finance,Major Banks
BXDC,BXDC,Blackstone Digital Infrastructure Trust Inc. Common Stock,N, ,N,1942500111,,,Finance,Real Estate
NTST,NTST,NetSTREIT Corp. Common Stock,N, ,N,1942294322,,,Real Estate,Real Estate Investment Trusts
FIGS,FIGS,"FIGS, Inc. Class A Common Stock",N, ,N,1934407190,,,Consumer Discretionary,Apparel
EZPW,EZPW,"EZCORP, Inc. - Class A Non-Voting Common Stock",Q,Q,N,1921768593,,,Consumer Discretionary,Other Specialty Stores
XPRO,XPRO,Expro Group Holdings N.V. Common Stock,N, ,N,1920916094,,,Energy,Oilfield Services/Equipment
RVT,RVT,"Royce Small-Cap Trust, Inc. Common Stock",N, ,N,1918390826,,,Finance,Trusts Except Educational Religious and Charitable
TRVI,TRVI,"Trevi Therapeutics, Inc. - Common Stock",Q,G,N,1916726058,,,Health Care,Biotechnology: Pharmaceutical Preparations
STEL,STEL,"Stellar Bancorp, Inc. Common Stock",N, ,N,1916655073,,,Finance,Major Banks
NBHC,NBHC,National Bank Holdings Corporation Common Stock,N, ,N,1914705537,,,Finance,Major Banks
NKTR,NKTR,Nektar Therapeutics - Common Stock,Q,S,N,1912965132,,,Health Care,Biotechnology: Pharmaceutical Preparations
BHC,BHC,Bausch Health Companies Inc. Common Stock,N, ,N,1910182314,,,Health Care,Biotechnology: Pharmaceutical Preparations
PLGO,PLGO,Pelagos Insurance Capital Limited Common Shares,N, ,N,1909481602,,,Finance,Property-Casualty Insurers
PEB,PEB,Pebblebrook Hotel Trust Common Shares of Beneficial Interest,N, ,N,1909137917,,,Real Estate,Real Estate Investment Trusts
OMCL,OMCL,"Omnicell, Inc. - Common Stock",Q,Q,N,1907840233,,,Technology,Computer Manufacturing
CMRE,CMRE,Costamare Inc. Common Stock $0.0001 par value,N, ,N,1901684729,,,Consumer Discretionary,Marine Transportation
HCM,HCM,HUTCHMED (China) Limited - American Depositary Shares,Q,Q,N,1892950935,,,Health Care,Biotechnology: Pharmaceutical Preparations
SLDE,SLDE,"Slide Insurance Holdings, Inc. - Common Stock",Q,Q,N,1890227559,,,Finance,Property-Casualty Insurers
SPB,SPB,"Spectrum Brands Holdings, Inc. Common Stock",N, ,N,1888015857,,,Miscellaneous,Industrial Machinery/Components
NTLA,NTLA,"Intellia Therapeutics, Inc. - Common Stock",Q,G,N,1884853517,,,Health Care,Biotechnology: In Vitro & In Vivo Diagnostic Substances
HMN,HMN,Horace Mann Educators Corporation Common Stock,N, ,N,1881358803,,,Finance,Property-Casualty Insurers
TY,TY,Tri Continental Corporation Common Stock,N, ,N,1879455332,,,Finance,Finance Companies
TIC,TIC,"TIC Solutions, Inc. Common Stock",N, ,N,1878862134,,,Consumer Discretionary,Business Services
TGLS,TGLS,Tecnoglass Inc. Ordinary Shares,N, ,N,1878406309,,,Consumer Discretionary,Electronic Components
POET,POET,POET Technologies Inc. - Common Shares,Q,S,N,1877533457,,,Technology,Semiconductors
WB,WB,Weibo Corporation - American Depositary Shares,Q,Q,N,1876938450,,,Technology,Computer Software: Programming Data Processing
HRMY,HRMY,"Harmony Biosciences Holdings, Inc. - Common Stock",Q,G,N,1875143776,,,Health Care,Biotechnology: Pharmaceutical Preparations
ADMA,ADMA,ADMA Biologics Inc - Common Stock,Q,G,N,1872533721,,,Health Care,Biotechnology: Biological Products (No Diagnostic Substances)
SKWD,SKWD,"Skyward Specialty Insurance Group, Inc. - Common Stock",Q,Q,N,1871062450,,,Finance,Property-Casualty Insurers
ECO,ECO,Okeanis Eco Tankers Corp. Common Stock,N, ,N,1868286742,,,Consumer Discretionary,Marine Transportation
INTA,INTA,"Intapp, Inc. - Common Stock",Q,Q,N,1866431831,,,Technology,Computer Software: Prepackaged Software
CTS,CTS,CTS Corporation Common Stock,N, ,N,1864543661,,,Technology,Electrical Products
MLYS,MLYS,"Mineralys Therapeutics, Inc. - Common Stock",Q,Q,N,1856207273,,,Health Care,Biotechnology: Pharmaceutical Preparations
KOD,KOD,Kodiak Sciences Inc - Common Stock,Q,G,N,1852947638,,,Health Care,Biotechnology: Biological Products (No Diagnostic Substances)
ZLAB,ZLAB,Zai Lab Limited - American Depositary Shares,Q,G,N,1851608060,,,Health Care,Biotechnology: Pharmaceutical Preparations
LPG,LPG,Dorian LPG Ltd. Common Stock,N, ,N,1848211819,,,Consumer Discretionary,Marine Transportation
MD,MD,"Pediatrix Medical Group, Inc. Common Stock",N, ,N,1845279340,,,Health Care,Hospital/Nursing Management
PAX,PAX,Patria Investments Limited - Class A Common Shares,Q,Q,N,1839889856,,,Finance,Investment Managers
KSS,KSS,Kohl's Corporation Common Stock,N, ,N,1839347886,,,Consumer Discretionary,Department/Specialty Retail Stores
LKFT,LKFT,Lakefront Biotherapeutics - American Depositary Shares,Q,Q,N,1833915486,,,Health Care,Biotechnology: Pharmaceutical Preparations
ALG,ALG,"Alamo Group, Inc. Common Stock",N, ,N,1833404240,,,Industrials,Industrial Machinery/Components
PUMP,PUMP,ProPetro Holding Corp. Common Stock,N, ,N,1828219112,,,Energy,Oilfield Services/Equipment
SRCE,SRCE,1st Source Corporation - Common Stock,Q,Q,N,1828032271,,,Finance,Major Banks
STRA,STRA,"Strategic Education, Inc. - Common Stock",Q,Q,N,1828027564,,,Real Estate,Other Consumer Services
VCEL,VCEL,Vericel Corporation - Common Stock,Q,G,N,1826710516,,,Health Care,Biotechnology: Biological Products (No Diagnostic Substances)
SHLS,SHLS,"Shoals Technologies Group, Inc. - Class A Common Stock",Q,G,N,1825357369,,,Technology,Semiconductors
PLPC,PLPC,Preformed Line Products Company - Common Stock,Q,Q,N,1824157198,,,Industrials,Water Sewer Pipeline Comm & Power Line Construction
LTC,LTC,"LTC Properties, Inc. Common Stock",N, ,N,1823595277,,,Real Estate,Real Estate Investment Trusts
BRUN,BRUN,Boost Run Inc. - Class A Common Stock,Q,G,N,1820131611,,,Technology,EDP Services
SKYT,SKYT,"SkyWater Technology, Inc. - Common Stock",Q,S,N,1813189584,,,Technology,Semiconductors
SGRY,SGRY,"Surgery Partners, Inc. - Common Stock",Q,Q,N,1812207703,,,Health Care,Hospital/Nursing Management
PRLB,PRLB,"Proto Labs, Inc. Common stock",N, ,N,1811678586,,,Industrials,Metal Fabrications
CNXN,CNXN,"PC Connection, Inc. - Common Stock",Q,Q,N,1810725654,,,Consumer Discretionary,Catalog/Specialty Distribution
STOK,STOK,"Stoke Therapeutics, Inc. - Common Stock",Q,Q,N,1806167995,,,Health Care,Biotechnology: Pharmaceutical Preparations
ASAN,ASAN,"Asana, Inc. Class A Common Stock",N, ,N,1802586847,,,Technology,Computer Software: Prepackaged Software
CBZ,CBZ,"CBIZ, Inc. Common Stock",N, ,N,1801524421,,,Consumer Discretionary,Business Services
ANIP,ANIP,"ANI Pharmaceuticals, Inc. - Common Stock",Q,G,N,1799573002,,,Health Care,Biotechnology: Pharmaceutical Preparations
APPN,APPN,Appian Corporation - Class A Common Stock,Q,G,N,1793458092,,,Technology,Computer Software: Prepackaged Software
NWL,NWL,Newell Brands Inc. - Common Stock,Q,Q,N,1788945920,,,Industrials,Plastic Products
OCUL,OCUL,"Ocular Therapeutix, Inc. - Common Stock",Q,G,N,1786716521,,,Health Care,Biotechnology: Pharmaceutical Preparations
IOVA,IOVA,"Iovance Biotherapeutics, Inc. - Common Stock",Q,G,N,1786009584,,,Health Care,Biotechnology: Biological Products (No Diagnostic Substances)
IE,IE,Ivanhoe Electric Inc. Common Stock,A, ,N,1785529169,,,Basic Materials,Metal Mining
SONO,SONO,"Sonos, Inc. - Common Stock",Q,Q,N,1782164918,,,Consumer Staples,Consumer Electronics/Appliances
MESO,MESO,Mesoblast Limited - American Depositary Shares,Q,Q,N,1781307022,,,Health Care,Biotechnology: Biological Products (No Diagnostic Substances)
CHCO,CHCO,City Holding Company - Common Stock,Q,Q,N,1778641918,,,Finance,Major Banks
WD,WD,"Walker & Dunlop, Inc Common Stock",N, ,N,1778014971,,,Finance,Finance: Consumer Services
EPAC,EPAC,Enerpac Tool Group Corp. Common Stock,N, ,N,1777723899,,,Technology,Industrial Machinery/Components
HURN,HURN,Huron Consulting Group Inc. - Common Stock,Q,Q,N,1777627050,,,Consumer Discretionary,Professional Services
FIVN,FIVN,"Five9, Inc. - Common Stock",Q,G,N,1772456322,,,Technology,EDP Services
SAM,SAM,"Boston Beer Company, Inc. (The) Common Stock",N, ,N,1771118215,,,Consumer Staples,Beverages (Production/Distribution)
JBLU,JBLU,JetBlue Airways Corporation - Common Stock,Q,Q,N,1770809935,,,Consumer Discretionary,Air Freight/Delivery Services
TILE,TILE,"Interface, Inc. - Common Stock",Q,Q,N,1770713856,,,Consumer Discretionary,Home Furnishings
PLAB,PLAB,"Photronics, Inc. - Common Stock",Q,Q,N,1766633164,,,Technology,Semiconductors
IMKTA,IMKTA,"Ingles Markets, Incorporated - Class A Common Stock",Q,Q,N,1762678093,,,Consumer Staples,Food Chains
RXRX,RXRX,"Recursion Pharmaceuticals, Inc. - Class A Common Stock",Q,Q,N,1759285261,,,Health Care,Biotechnology: Biological Products (No Diagnostic Substances)
RAPP,RAPP,"Rapport Therapeutics, Inc. - Common Stock",Q,G,N,1754291756,,,Health Care,Biotechnology: Pharmaceutical Preparations
UFPT,UFPT,"UFP Technologies, Inc. - Common Stock",Q,S,N,1754041441,,,Health Care,Medical/Dental Instruments
SMA,SMA,"SmartStop Self Storage REIT, Inc. Common Stock",N, ,N,1753418893,,,Real Estate,Real Estate Investment Trusts
ADNT,ADNT,Adient plc Ordinary Shares ,N, ,N,1750970932,,,Consumer Discretionary,Auto Parts:O.E.M.
ZYME,ZYME,Zymeworks Inc. - Common Stock,Q,Q,N,1747441850,,,Health Care,Biotechnology: Pharmaceutical Preparations
LOB,LOB,"Live Oak Bancshares, Inc. Common Stock",N, ,N,1740853773,,,Finance,Major Banks
QFIN,QFIN,"Qfin Holdings, Inc.  - American Depositary Shares",Q,Q,N,1737399385,,,Finance,Finance: Consumer Services
KOS,KOS,Kosmos Energy Ltd. Common Shares (DE),N, ,N,1726180787,,,Energy,Oil & Gas Production
ECPG,ECPG,Encore Capital Group Inc - Common Stock,Q,Q,N,1721665084,,,Finance,Finance Companies
PAYO,PAYO,Payoneer Global Inc. - Common Stock,Q,G,N,1720762333,,,Consumer Discretionary,Business Services
PLSE,PLSE,"Pulse Biosciences, Inc - Common Stock",Q,S,N,1719169246,,,Health Care,Medical/Dental Instruments
ZD,ZD,"Ziff Davis, Inc. - Common Stock",Q,Q,N,1716529640,,,Telecommunications,Telecommunications Equipment
COTY,COTY,Coty Inc. Class A Common Stock,N, ,N,1708104890,,,Consumer Discretionary,Package Goods/Cosmetics
BCAT,BCAT,BlackRock Capital Allocation Term Trust Common Shares of Beneficial Interest,N, ,N,1705288950,,,Finance,Finance/Investors Services
IIPR,IIPR,"Innovative Industrial Properties, Inc. Common Stock",N, ,N,1703160879,,,Finance,Real Estate
QURE,QURE,uniQure N.V. - Ordinary Shares,Q,Q,N,1702822095,,,Health Care,Biotechnology: Pharmaceutical Preparations
CASH,CASH,"Pathward Financial, Inc. - Common Stock",Q,Q,N,1697035633,,,Finance,Major Banks
LILAK,LILAK,Liberty Latin America Ltd. - Class C Common Stock,Q,Q,N,1696996231,,,Telecommunications,Cable & Other Pay Television Services
TFIN,TFIN,"Triumph Financial, Inc. Common Stock",N, ,N,1696433589,,,Finance,Major Banks
ALKT,ALKT,"Alkami Technology, Inc. - Common Stock",Q,Q,N,1696253908,,,Technology,Computer Software: Prepackaged Software
ADUS,ADUS,Addus HomeCare Corporation - Common Stock,Q,Q,N,1693081831,,,Health Care,Medical/Nursing Services
AMBQ,AMBQ,"Ambiq Micro, Inc. Common Stock",N, ,N,1691890929,,,Technology,Semiconductors
XHR,XHR,"Xenia Hotels & Resorts, Inc. Common Stock",N, ,N,1690866156,,,Consumer Discretionary,Hotels/Resorts
LILA,LILA,Liberty Latin America Ltd. - Class A Common Stock,Q,Q,N,1690350032,,,Telecommunications,Cable & Other Pay Television Services
FLYW,FLYW,Flywire Corporation - Voting Common Stock,Q,Q,N,1687038493,,,Consumer Discretionary,Business Services
EFC,EFC,Ellington Financial Inc. Common Stock ,N, ,N,1677766689,,,Finance,Real Estate
DCOM,DCOM,"Dime Commercial Bancshares, Inc. Common Stock",N, ,N,1674282755,,,Finance,Major Banks
BHVN,BHVN,Biohaven Ltd. Common Shares ,N, ,N,1673632169,,,Health Care,Biotechnology: Pharmaceutical Preparations
SILA,SILA,"Sila Realty Trust, Inc. Common Stock",N, ,N,1672308225,,,Real Estate,Real Estate Investment Trusts
NUVB,NUVB,Nuvation Bio Inc. Class A Common Stock,N, ,N,1671369461,,,Health Care,Biotechnology: Pharmaceutical Preparations
CNXC,CNXC,Concentrix Corporation - Common Stock,Q,Q,N,1670312136,,,Technology,Computer Software: Prepackaged Software
FSUN,FSUN,FirstSun Capital Bancorp - Common Stock,Q,Q,N,1669435103,,,Finance,Major Banks
GABC,GABC,"German American Bancorp, Inc. - Common Stock",Q,Q,N,1667855630,,,Finance,Major Banks
GT,GT,The Goodyear Tire & Rubber Company - Common Stock,Q,Q,N,1667144060,,,Consumer Discretionary,Automotive Aftermarket
RBCAA,RBCAA,"Republic Bancorp, Inc. - Class A Common Stock",Q,Q,N,1664956745,,,Finance,Major Banks
FBYD,FBYD,"Falcon's Beyond Global, Inc. - Class A Common Stock",Q,G,N,1664655571,,,Consumer Discretionary,Services-Misc. Amusement & Recreation
TH,TH,Target Hospitality Corp. - Common Stock,Q,S,N,1664073137,,,Consumer Discretionary,Hotels/Resorts
GENI,GENI,Genius Sports Limited Ordinary Shares,N, ,N,1661836137,,,Consumer Discretionary,Services-Misc. Amusement & Recreation
ECAT,ECAT,BlackRock ESG Capital Allocation Term Trust Common Shares of Beneficial Interest,N, ,N,1656628200,,,Finance,Trusts Except Educational Religious and Charitable
BL,BL,"BlackLine, Inc. - Common Stock",Q,Q,N,1654237859,,,Technology,Computer Software: Prepackaged Software
NEXA,NEXA,Nexa Resources S.A. Common Shares,N, ,N,1654163110,,,Basic Materials,Metal Mining
STBA,STBA,"S&T Bancorp, Inc. - Common Stock",Q,Q,N,1653137912,,,Finance,Major Banks
GLOB,GLOB,Globant S.A. Common Shares,N, ,N,1648163653,,,Technology,EDP Services
INVA,INVA,"Innoviva, Inc. - Common Stock",Q,Q,N,1648149365,,,Health Care,Biotechnology: Pharmaceutical Preparations
NCNO,NCNO,"nCino, Inc. - Common Stock",Q,Q,N,1647676368,,,Technology,Computer Software: Prepackaged Software
VSTS,VSTS,Vestis Corporation Common Stock,N, ,N,1646029322,,,Consumer Discretionary,Consumer Specialties
AGRO,AGRO,Adecoagro S.A. Common Shares,N, ,N,1645116512,,,Consumer Staples,Farming/Seeds/Milling
NVRI,NVRI,Enviri Corporation Common Stock,N, ,N,1644187368,,,Utilities,Environmental Services
SRPT,SRPT,"Sarepta Therapeutics, Inc. - Common Stock",Q,Q,N,1641710252,,,Health Care,Biotechnology: Pharmaceutical Preparations
GENB,GENB,"Generate Biomedicines, Inc. - Common Stock",Q,Q,N,1638299946,,,Health Care,Biotechnology: Pharmaceutical Preparations
TPB,TPB,"Turning Point Brands, Inc. Common Stock",N, ,N,1632489441,,,Consumer Discretionary,Tobacco
AGIO,AGIO,"Agios Pharmaceuticals, Inc. - Common Stock",Q,Q,N,1631900951,,,Health Care,Biotechnology: Pharmaceutical Preparations
TSLX,TSLX,"Sixth Street Specialty Lending, Inc. Common Stock",N, ,N,1629586140,,,Finance,Investment Managers
AIP,AIP,"Arteris, Inc.  - Common Stock",Q,G,N,1628024085,,,Technology,Semiconductors
OPRA,OPRA,Opera Limited - American Depositary Shares,Q,Q,N,1627736090,,,Technology,Computer Software: Prepackaged Software
USAS,USAS,"Americas Gold and Silver Corporation Common Shares, no par value",A, ,N,1621590453,,,Basic Materials,Metal Mining
VRDN,VRDN,"Viridian Therapeutics, Inc.  - Common Stock",Q,S,N,1621365660,,,Health Care,Medical Specialities
MQ,MQ,"Marqeta, Inc. - Class A Common Stock",Q,Q,N,1619795796,,,Technology,Computer Software: Prepackaged Software
HOPE,HOPE,"Hope Bancorp, Inc. - Common Stock",Q,Q,N,1619718648,,,Finance,Major Banks
TSAT,TSAT,Telesat Corporation - Class A Common Shares and Class B Variable Voting Shares,Q,Q,N,1618867351,,,Industrials,Metal Fabrications
TCBK,TCBK,TriCo Bancshares - Common Stock,Q,Q,N,1617547807,,,Finance,Major Banks
NRIX,NRIX,"Nurix Therapeutics, Inc. - Common stock",Q,G,N,1617266915,,,Health Care,Biotechnology: Pharmaceutical Preparations
PRCT,PRCT,PROCEPT BioRobotics Corporation - Common Stock,Q,G,N,1613649227,,,Health Care,Medical/Dental Instruments
GAB,GAB,"Gabelli Equity Trust, Inc. (The) Common Stock",N, ,N,1613056499,,,Finance,Investment Managers
FLNG,FLNG,FLEX LNG Ltd. Ordinary Shares,N, ,N,1606543567,,,Consumer Discretionary,Marine Transportation
PRGO,PRGO,Perrigo Company plc Ordinary Shares,N, ,N,1606449810,,,Health Care,Biotechnology: Pharmaceutical Preparations
HTZ,HTZ,"Hertz Global Holdings, Inc - Common Stock",Q,Q,N,1604083777,,,Consumer Discretionary,Rental/Leasing Companies
EVCM,EVCM,EverCommerce Inc. - Common Stock,Q,Q,N,1603173351,,,Technology,Computer Software: Prepackaged Software
ABCL,ABCL,AbCellera Biologics Inc. - Common Shares,Q,Q,N,1597087183,,,Health Care,Biotechnology: Pharmaceutical Preparations
ENVX,ENVX,Enovix Corporation - Common Stock,Q,Q,N,1596883181,,,Miscellaneous,Industrial Machinery/Components
RLJ,RLJ,RLJ Lodging Trust Common Shares of Beneficial Interest $0.01 par value,N, ,N,1596781420,,,Real Estate,Real Estate Investment Trusts
STGW,STGW,Stagwell Inc. - Class A Common Stock,Q,Q,N,1596245454,,,Consumer Discretionary,Advertising
VPG,VPG,"Vishay Precision Group, Inc. Common Stock",N, ,N,1595587960,,,Technology,Electrical Products
CCS,CCS,"Century Communities, Inc. Common Stock",N, ,N,1592956473,,,Consumer Discretionary,Homebuilding
TYRA,TYRA,"Tyra Biosciences, Inc. - Common Stock",Q,Q,N,1590832692,,,Health Care,Biotechnology: Pharmaceutical Preparations
LAC,LAC,Lithium Americas Corp. Common Shares,N, ,N,1590625611,,,Basic Materials,Metal Mining
AGL,AGL,"agilon health, inc. Common Stock",N, ,N,1590465319,,,Health Care,Misc Health and Biotechnology Services
FLO,FLO,"Flowers Foods, Inc. Common Stock",N, ,N,1587829293,,,Consumer Staples,Packaged Foods
LWLG,LWLG,"Lightwave Logic, Inc. - Common Stock",Q,S,N,1587020210,,,Industrials,Containers/Packaging
SNDA,SNDA,"Sonida Senior Living, Inc. Common Stock",N, ,N,1585626147,,,Health Care,Hospital/Nursing Management
BFC,BFC,Bank First Corporation - Common Stock,Q,S,N,1581597784,,,Finance,Major Banks
WBTN,WBTN,WEBTOON Entertainment Inc. - Common stock,Q,Q,N,1578189299,,,Consumer Discretionary,Publishing
RES,RES,"RPC, Inc. Common Stock",N, ,N,1578062097,,,Energy,Oilfield Services/Equipment
DV,DV,"DoubleVerify Holdings, Inc. Common Stock",N, ,N,1574542579,,,Technology,Computer Software: Programming Data Processing
FTRE,FTRE,Fortrea Holdings Inc. - Common Stock,Q,Q,N,1567522000,,,Health Care,Medical Specialities
CNOB,CNOB,"ConnectOne Bancorp, Inc. - Common Stock",Q,Q,N,1566486588,,,Finance,Major Banks
BVC,BVC,BitVentures Limited - Ordinary Share,Q,S,N,1561560000,,,,
TSHA,TSHA,"Taysha Gene Therapies, Inc. - Common Stock",Q,Q,N,1560370339,,,Health Care,Biotechnology: Biological Products (No Diagnostic Substances)
CLVT,CLVT,Clarivate Plc Ordinary Shares,N, ,N,1559688284,,,Technology,EDP Services
BOBS,BOBS,"Bob's Discount Furniture, Inc. Common Stock",N, ,N,1557079633,,,Consumer Discretionary,Other Specialty Stores
BLDP,BLDP,"Ballard Power Systems, Inc. - Common Shares",Q,G,N,1555615381,,,Energy,Industrial Machinery/Components
QCRH,QCRH,"QCR Holdings, Inc. - Common Stock",Q,G,N,1551424872,,,Finance,Major Banks
WKC,WKC,World Kinect Corporation Common Stock,N, ,N,1548366848,,,Energy,Oil Refining/Marketing
AI,AI,"C3.ai, Inc. Class A Common Stock",N, ,N,1540086953,,,Technology,Computer Software: Prepackaged Software
BY,BY,"Byline Bancorp, Inc. Common Stock",N, ,N,1539827973,,,Finance,Major Banks
WGS,WGS,GeneDx Holdings Corp. - Class A Common Stock,Q,Q,N,1537839799,,,Technology,Retail: Computer Software & Peripheral Equipment
SLVM,SLVM,Sylvamo Corporation Common Stock,N, ,N,1536993740,,,Basic Materials,Paper
XNET,XNET,Xunlei Limited - American Depositary Shares,Q,Q,N,1534056199,,,Technology,Computer Software: Prepackaged Software
KW,KW,Kennedy-Wilson Holdings Inc. Common Stock,N, ,N,1532336025,,,Finance,Real Estate
RCAT,RCAT,"Red Cat Holdings, Inc. - Common Stock",Q,S,N,1529369818,,,Technology,Computer Software: Prepackaged Software
HLIT,HLIT,Harmonic Inc. - Common Stock,Q,Q,N,1528714783,,,Technology,Radio And Television Broadcasting And Communications Equipment
SID,SID,Companhia Siderurgica Nacional S.A. Common Stock,N, ,N,1525008039,,,Industrials,Steel/Iron Ore
ALGT,ALGT,Allegiant Travel Company - Common Stock,Q,Q,N,1517573340,,,Consumer Discretionary,Air Freight/Delivery Services
CAPR,CAPR,"Capricor Therapeutics, Inc. - Common Stock",Q,Q,N,1514975121,,,Health Care,Biotechnology: Pharmaceutical Preparations
GAM,GAM,"General American Investors, Inc. Common Stock",N, ,N,1513580259,,,Finance,Investment Managers
SION,SION,"Sionna Therapeutics, Inc. - Common Stock",Q,G,N,1512987558,,,Health Care,Biotechnology: Pharmaceutical Preparations
PVLA,PVLA,"Palvella Therapeutics, Inc. - Common Stock",Q,G,N,1509584331,,,Health Care,Biotechnology: Pharmaceutical Preparations
MAN,MAN,ManpowerGroup Common Stock,N, ,N,1508233101,,,Consumer Discretionary,Professional Services
TRIN,TRIN,Trinity Capital Inc. - Common Stock,Q,Q,N,1502921525,,,Finance,Finance: Consumer Services
SNDX,SNDX,"Syndax Pharmaceuticals, Inc. - Common Stock",Q,Q,N,1502587278,,,Health Care,Biotechnology: Pharmaceutical Preparations
BORR,BORR,Borr Drilling Limited Common Shares,N, ,N,1501581246,,,Energy,Oil & Gas Production
ANAB,ANAB,"AnaptysBio, Inc. - Common Stock",Q,Q,N,1494622327,,,Health Care,Biotechnology: Pharmaceutical Preparations
OBK,OBK,"Origin Bancorp, Inc. Common Stock",N, ,N,1491740569,,,Finance,Major Banks
STAA,STAA,STAAR Surgical Company - Common Stock,Q,G,N,1491663310,,,Health Care,Ophthalmic Goods
DCH,DCH,Dauch Corporation Common Stock,N, ,N,1490663077,,,Consumer Discretionary,Auto Parts:O.E.M.
WLDN,WLDN,"Willdan Group, Inc. - Common Stock",Q,G,N,1488545797,,,Consumer Discretionary,Military/Government/Technical
LKFN,LKFN,Lakeland Financial Corporation - Common Stock,Q,Q,N,1486842812,,,Finance,Major Banks
CBL,CBL,"CBL & Associates Properties, Inc. Common Stock",N, ,N,1485657832,,,Real Estate,Real Estate Investment Trusts
CRML,CRML,Critical Metals Corp. - Ordinary Shares,Q,G,N,1485045293,,,Basic Materials,Metal Mining
SLS,SLS,"SELLAS Life Sciences Group, Inc.  - Common Stock",Q,S,N,1484539941,,,Health Care,Biotechnology: Pharmaceutical Preparations
LZB,LZB,La-Z-Boy Incorporated Common Stock,N, ,N,1482666013,,,Consumer Discretionary,Home Furnishings
ALNT,ALNT,Allient Inc. - Common Stock,Q,G,N,1481755916,,,Industrials,Electrical Products
NICM,NICM,Nicola Mining Inc. - American Depositary Shares,Q,S,N,1478145566,,,,
SGML,SGML,Sigma Lithium Corporation - common shares,Q,S,N,1476089472,,,Basic Materials,Metal Mining
MRTN,MRTN,"Marten Transport, Ltd. - Common Stock",Q,Q,N,1475947452,,,Industrials,Trucking Freight/Courier Services
AAT,AAT,"American Assets Trust, Inc. Common Stock",N, ,N,1475224192,,,Real Estate,Real Estate Investment Trusts
LINC,LINC,Lincoln Educational Services Corporation - Common Stock,Q,Q,N,1473427816,,,Real Estate,Other Consumer Services
GIII,GIII,"G-III Apparel Group, LTD. - Common Stock",Q,Q,N,1473249902,,,Consumer Discretionary,Apparel
SLSR,SLSR,Solaris Resources Inc. Common Shares,A, ,N,1471581240,,,,
AMRC,AMRC,"Ameresco, Inc. Class A Common Stock",N, ,N,1469931336,,,Consumer Discretionary,Engineering & Construction
GBX,GBX,"Greenbrier Companies, Inc. (The) Common Stock",N, ,N,1461229795,,,Industrials,Railroads
AEVA,AEVA,"Aeva Technologies, Inc. - Common Stock",Q,Q,N,1455612557,,,Consumer Discretionary,Auto Parts:O.E.M.
DXC,DXC,DXC Technology Company Common Stock ,N, ,N,1454970736,,,Technology,EDP Services
TNC,TNC,Tennant Company Common Stock,N, ,N,1453588815,,,Industrials,Industrial Machinery/Components
PWP,PWP,Perella Weinberg Partners - Class A Common Stock,Q,Q,N,1449777779,,,Finance,Finance: Consumer Services
HLMN,HLMN,Hillman Solutions Corp. - Common Stock,Q,G,N,1448026892,,,Consumer Discretionary,Industrial Machinery/Components
BRAI,BRAI,Braiin Limited - Common Stock,Q,G,N,1447769802,,,Technology,EDP Services
CSWC,CSWC,Capital Southwest Corporation - Common Stock,Q,Q,N,1446636101,,,Consumer Discretionary,Textiles
AMLX,AMLX,"Amylyx Pharmaceuticals, Inc. - Common Stock",Q,Q,N,1446533984,,,Health Care,Biotechnology: Pharmaceutical Preparations
AVAH,AVAH,Aveanna Healthcare Holdings Inc. - Common Stock,Q,Q,N,1445894548,,,Health Care,Medical/Nursing Services
CRI,CRI,"Carter's, Inc. Common Stock",N, ,N,1443050582,,,Consumer Discretionary,Apparel
FOR,FOR,Forestar Group Inc Common Stock ,N, ,N,1438446271,,,Finance,Real Estate
RYZ,RYZ,Ryerson Holding Corporation Common Stock,N, ,N,1438355429,,,Industrials,Metal Fabrications
KALV,KALV,"KalVista Pharmaceuticals, Inc. - Common Stock",Q,G,N,1436971567,,,Health Care,Biotechnology: Pharmaceutical Preparations
NVGS,NVGS,Navigator Holdings Ltd. Ordinary Shares (Marshall Islands),N, ,N,1436814777,,,Consumer Discretionary,Marine Transportation
PRG,PRG,"PROG Holdings, Inc. Common Stock",N, ,N,1436350469,,,Consumer Discretionary,Diversified Commercial Services
GLUE,GLUE,"Monte Rosa Therapeutics, Inc. - Common Stock",Q,Q,N,1436150106,,,Health Care,Biotechnology: Biological Products (No Diagnostic Substances)
HLX,HLX,"Helix Energy Solutions Group, Inc. Common Stock",N, ,N,1434663936,,,Energy,Oilfield Services/Equipment
KARO,KARO,Karooooo Ltd. - Ordinary shares,Q,S,N,1431286589,,,Technology,Computer Software: Prepackaged Software
NEO,NEO,"NeoGenomics, Inc. - Common Stock",Q,S,N,1425818991,,,Health Care,Precision Instruments
VIR,VIR,"Vir Biotechnology, Inc. - Common Stock",Q,Q,N,1425109180,,,Health Care,Biotechnology: Biological Products (No Diagnostic Substances)
TRS,TRS,TriMas Corporation - Common Stock,Q,Q,N,1424867032,,,Industrials,Industrial Specialties
WLFC,WLFC,Willis Lease Finance Corporation - Common Stock,Q,G,N,1423817774,,,Consumer Discretionary,Industrial Specialties
AVBP,AVBP,"ArriVent BioPharma, Inc. - Common Stock",Q,G,N,1420535304,,,Health Care,Biotechnology: Pharmaceutical Preparations
DAO,DAO,"Youdao, Inc. American Depositary Shares, each representing one Class A Ordinary Share",N, ,N,1418663261,,,Real Estate,Other Consumer Services
JJSF,JJSF,J & J Snack Foods Corp. - Common Stock,Q,Q,N,1417570715,,,Consumer Staples,Specialty Foods
NVAX,NVAX,"Novavax, Inc. - Common Stock",Q,Q,N,1417456586,,,Health Care,Biotechnology: Biological Products (No Diagnostic Substances)
LAR,LAR,Lithium Argentina AG Common Shares,N, ,N,1413594000,,,Basic Materials,Metal Mining
ECVT,ECVT,Ecovyst Inc. Common Stock,N, ,N,1411949944,,,Industrials,Major Chemicals
NOMD,NOMD,Nomad Foods Limited Ordinary Shares,N, ,N,1410914894,,,Consumer Staples,Packaged Foods
HCSG,HCSG,"Healthcare Services Group, Inc. - Common Stock",Q,Q,N,1409286202,,,Health Care,Hospital/Nursing Management
BAK,BAK,Braskem SA ADR,N, ,N,1407071827,,,Industrials,Major Chemicals
ATAI,ATAI,AtaiBeckley Inc. - Common Stock,Q,G,N,1402715028,,,Health Care,Biotechnology: Pharmaceutical Preparations
LIND,LIND,Lindblad Expeditions Holdings Inc.  - Common Stock,Q,S,N,1402570492,,,Consumer Discretionary,Transportation Services
RVLV,RVLV,"Revolve Group, Inc. Class A Common Stock",N, ,N,1398195310,,,Consumer Discretionary,Catalog/Specialty Distribution
SVV,SVV,"Savers Value Village, Inc. Common Stock",N, ,N,1398194315,,,Consumer Discretionary,Other Specialty Stores
EVTC,EVTC,"Evertec, Inc. Common Stock",N, ,N,1392619774,,,Technology,EDP Services
YSWY,YSWY,"Yesway, Inc. - Class A Common Stock",Q,Q,N,1390916381,,,Consumer Staples,Food Chains
FMC,FMC,FMC Corporation Common Stock,N, ,N,1388002841,,,Industrials,Major Chemicals
IDT,IDT,IDT Corporation Class B Common Stock,N, ,N,1381449511,,,Telecommunications,Telecommunications Equipment
MBX,MBX,"MBX Biosciences, Inc. - Common Stock",Q,Q,N,1380328544,,,Health Care,Biotechnology: Pharmaceutical Preparations
GHRS,GHRS,GH Research PLC - Ordinary Shares,Q,G,N,1379370341,,,Health Care,Biotechnology: Pharmaceutical Preparations
WWW,WWW,"Wolverine World Wide, Inc. Common Stock",N, ,N,1377424289,,,Consumer Discretionary,Shoe Manufacturing
ULCC,ULCC,"Frontier Group Holdings, Inc. - Common Stock",Q,Q,N,1376438117,,,Consumer Discretionary,Air Freight/Delivery Services
ARLO,ARLO,"Arlo Technologies, Inc. Common Stock",N, ,N,1376086381,,,Consumer Staples,Consumer Electronics/Appliances
TRIP,TRIP,"TripAdvisor, Inc. - Common Stock",Q,Q,N,1374225406,,,Technology,Computer Software: Programming Data Processing
SEPN,SEPN,"Septerna, Inc. - Common Stock",Q,G,N,1370746959,,,Health Care,Biotechnology: Pharmaceutical Preparations
ARDX,ARDX,"Ardelyx, Inc. - Common Stock",Q,G,N,1368542804,,,Health Care,Biotechnology: Pharmaceutical Preparations
OLPX,OLPX,"Olaplex Holdings, Inc. - Common Stock",Q,Q,N,1364397486,,,Consumer Discretionary,Package Goods/Cosmetics
LEG,LEG,"Leggett & Platt, Incorporated Common Stock",N, ,N,1364324560,,,Consumer Discretionary,Home Furnishings
ENOV,ENOV,Enovis Corporation Common Stock,N, ,N,1363082439,,,Health Care,Industrial Specialties
ATRC,ATRC,"AtriCure, Inc. - Common Stock",Q,G,N,1363001708,,,Health Care,Medical/Dental Instruments
GSL,GSL,Global Ship Lease Inc New Class A Common Shares,N, ,N,1359146353,,,Consumer Discretionary,Marine Transportation
ALX,ALX,"Alexander's, Inc. Common Stock",N, ,N,1357160172,,,Real Estate,Real Estate Investment Trusts
ENR,ENR,"Energizer Holdings, Inc. Common Stock",N, ,N,1347558185,,,Miscellaneous,Industrial Machinery/Components
PBT,PBT,Permian Basin Royalty Trust Common Stock,N, ,N,1347460292,,,Energy,Oil & Gas Production
NNE,NNE,Nano Nuclear Energy Inc. - common stock,Q,S,N,1346353150,,,Utilities,Electric Utilities: Central
FDP,FDP,Del Monte Corporation Ordinary Shares,N, ,N,1343563438,,,Consumer Staples,Farming/Seeds/Milling
TTI,TTI,"Tetra Technologies, Inc. Common Stock",N, ,N,1343068661,,,Energy,Oil & Gas Production
IMCR,IMCR,Immunocore Holdings plc - American Depositary Shares,Q,Q,N,1336375135,,,Health Care,Biotechnology: Biological Products (No Diagnostic Substances)
MPLT,MPLT,"MapLight Therapeutics, Inc. - Common Stock",Q,Q,N,1335883615,,,Health Care,Biotechnology: Pharmaceutical Preparations
LSPD,LSPD,Lightspeed Commerce Inc. Subordinate Voting Shares,N, ,N,1334425407,,,Technology,Computer Software: Prepackaged Software
CNL,CNL,Collective Mining Ltd. Common Shares,A, ,N,1331739321,,,,
ALMR,ALMR,"Alamar Biosciences, Inc. - Class A common stock",Q,Q,N,1331467883,,,Industrials,Biotechnology: Laboratory Analytical Instruments
URGN,URGN,UroGen Pharma Ltd. - Ordinary Shares,Q,G,N,1327666352,,,Health Care,Biotechnology: Pharmaceutical Preparations
WABC,WABC,Westamerica Bancorporation - Common Stock,Q,Q,N,1327069458,,,Finance,Major Banks
NSP,NSP,"Insperity, Inc. Common Stock",N, ,N,1325233999,,,Consumer Discretionary,Professional Services
MLTX,MLTX,MoonLake Immunotherapeutics - Class A Ordinary Shares,Q,S,N,1325077128,,,Health Care,Biotechnology: Pharmaceutical Preparations
WINA,WINA,Winmark Corporation - Common Stock,Q,G,N,1324561134,,,Consumer Discretionary,Other Specialty Stores
ALVO,ALVO,Alvotech - Ordinary Shares,Q,G,N,1323084758,,,Health Care,Biotechnology: Biological Products (No Diagnostic Substances)
AOSL,AOSL,Alpha and Omega Semiconductor Limited - Common Shares,Q,Q,N,1322887348,,,Technology,Semiconductors
BCAX,BCAX,Bicara Therapeutics Inc. - Common Stock,Q,G,N,1320647707,,,Health Care,Biotechnology: Pharmaceutical Preparations
AFYA,AFYA,Afya Limited - Class A Common Shares,Q,Q,N,1320575876,,,Real Estate,Other Consumer Services
IART,IART,Integra LifeSciences Holdings Corporation - Common Stock,Q,Q,N,1317879537,,,Health Care,Medical/Dental Instruments
BHRB,BHRB,Burke & Herbert Financial Services Corp. - Common Stock,Q,S,N,1314774842,,,Finance,Major Banks
UVV,UVV,Universal Corporation Common Stock,N, ,N,1314714414,,,Industrials,Farming/Seeds/Milling
AHCO,AHCO,AdaptHealth Corp.  - Common Stock,Q,S,N,1312922567,,,Health Care,Medical/Nursing Services
PRGS,PRGS,Progress Software Corporation - Common Stock,Q,Q,N,1311169488,,,Technology,Computer Software: Prepackaged Software
ENHA,ENHA,Enhanced Group Inc. Class A Common Stock,N, ,N,1310875248,,,Consumer Discretionary,Services-Misc. Amusement & Recreation
ACDC,ACDC,ProFrac Holding Corp. - Class A Common Stock,Q,Q,N,1309866252,,,Energy,Oilfield Services/Equipment
DFH,DFH,"Dream Finders Homes, Inc. Class A Common Stock",N, ,N,1308956678,,,Consumer Discretionary,Homebuilding
INBX,INBX,"Inhibrx Biosciences, Inc. - Common Stock",Q,Q,N,1307642808,,,Health Care,Biotechnology: Biological Products (No Diagnostic Substances)
MAZE,MAZE,"Maze Therapeutics, Inc. - Common Stock",Q,G,N,1305041254,,,Health Care,Biotechnology: Biological Products (No Diagnostic Substances)
DOLE,DOLE,Dole plc Ordinary Shares,N, ,N,1302726026,,,Consumer Staples,Farming/Seeds/Milling
MRVI,MRVI,"Maravai LifeSciences Holdings, Inc. - Class A common stock",Q,Q,N,1301278830,,,Health Care,Biotechnology: Pharmaceutical Preparations
GSHD,GSHD,"Goosehead Insurance, Inc. - Class A Common Stock",Q,Q,N,1299977032,,,Finance,Specialty Insurers
CCEC,CCEC,Capital Clean Energy Carriers Corp. - Common Share,Q,Q,N,1298619831,,,Consumer Discretionary,Marine Transportation
ATLC,ATLC,Atlanticus Holdings Corporation - Common Stock,Q,Q,N,1298484762,,,Finance,Finance: Consumer Services
ADTN,ADTN,"ADTRAN Holdings, Inc. - Common Stock",Q,Q,N,1297589562,,,Utilities,Telecommunications Equipment
PGY,PGY,Pagaya Technologies Ltd. - Class A Ordinary Shares,Q,S,N,1297241272,,,Finance,Finance: Consumer Services
EYE,EYE,"National Vision Holdings, Inc. - Common Stock",Q,Q,N,1293884140,,,Health Care,Ophthalmic Goods
CDRE,CDRE,"Cadre Holdings, Inc. Common Stock",N, ,N,1291199097,,,Health Care,Industrial Specialties
LADR,LADR,Ladder Capital Corp Class A Common Stock,N, ,N,1290724329,,,Real Estate,Real Estate Investment Trusts
PURR,PURR,Hyperliquid Strategies Inc - Common Stock,Q,S,N,1288472333,,,Finance,Finance: Consumer Services
PAHC,PAHC,Phibro Animal Health Corporation - Class A Common Stock,Q,G,N,1288335380,,,Health Care,Biotechnology: Pharmaceutical Preparations
ORC,ORC,"Orchid Island Capital, Inc. Common Stock",N, ,N,1288066458,,,Real Estate,Real Estate Investment Trusts
UMH,UMH,"UMH Properties, Inc. Common Stock",N, ,N,1287712868,,,Real Estate,Real Estate Investment Trusts
HYLN,HYLN,Hyliion Holdings Corp. Class A Common Stock,A, ,N,1287522673,,,Consumer Discretionary,Construction/Ag Equipment/Trucks
DMRA,DMRA,"Damora Therapeutics, Inc. - Common Stock",Q,S,N,1287077287,,,Health Care,Biotechnology: Pharmaceutical Preparations
KDK,KDK,"Kodiak AI, Inc. - Common Stock",Q,G,N,1284140263,,,Technology,EDP Services
WEN,WEN,Wendy's Company (The) - Common Stock,Q,Q,N,1283839514,,,Consumer Discretionary,Restaurants
LOMA,LOMA,Loma Negra Compania Industrial Argentina Sociedad Anonima ADS,N, ,N,1282495964,,,Industrials,Building Materials
ICFI,ICFI,"ICF International, Inc. - Common Stock",Q,Q,N,1281413860,,,Consumer Discretionary,Professional Services
TDOC,TDOC,"Teladoc Health, Inc. Common Stock",N, ,N,1278032656,,,Health Care,Medical/Nursing Services
AMAL,AMAL,Amalgamated Financial Corp. - Common Stock,Q,G,N,1275335717,,,Finance,Major Banks
BLFS,BLFS,"BioLife Solutions, Inc. - Common Stock",Q,S,N,1275178532,,,Health Care,Biotechnology: Electromedical & Electrotherapeutic Apparatus
PRA,PRA,ProAssurance Corporation Common Stock,N, ,N,1273162600,,,Finance,Property-Casualty Insurers
VTOL,VTOL,"Bristow Group, Inc. Common Stock",N, ,N,1273058000,,,Consumer Discretionary,Transportation Services
PGEN,PGEN,"Precigen, Inc. - Common Stock",Q,Q,N,1272744199,,,Health Care,Biotechnology: Pharmaceutical Preparations
BKSY,BKSY,BlackSky Technology Inc. Class A Common Stock,N, ,N,1272097411,,,Technology,Radio And Television Broadcasting And Communications Equipment
CEVA,CEVA,"CEVA, Inc. - Common Stock",Q,Q,N,1272058789,,,Technology,Computer Software: Programming Data Processing
PEBO,PEBO,Peoples Bancorp Inc. - Common Stock,Q,Q,N,1271690873,,,Finance,Major Banks
HBNB,HBNB,Hotel101 Global Holdings Corp. - Class A Ordinary Shares,Q,S,N,1270795856,,,Consumer Discretionary,Hotels/Resorts
BLKB,BLKB,"Blackbaud, Inc. - Common Stock",Q,Q,N,1270482052,,,Technology,Computer Software: Prepackaged Software
SPH,SPH,"Suburban Propane Partners, L.P. Common Stock",N, ,N,1268479250,,,Consumer Discretionary,Other Specialty Stores
ITRN,ITRN,Ituran Location and Control Ltd. - Ordinary Shares,Q,Q,N,1266425303,,,Technology,Electronic Components
ARDT,ARDT,"Ardent Health, Inc. Common Stock",N, ,N,1265780774,,,Health Care,Hospital/Nursing Management
TNDM,TNDM,"Tandem Diabetes Care, Inc. - Common Stock",Q,G,N,1265732274,,,Health Care,Medical/Dental Instruments
CXM,CXM,"Sprinklr, Inc. Class A Common Stock",N, ,N,1264835315,,,Technology,Computer Software: Prepackaged Software
TMP,TMP,Tompkins Financial Corporation Common Stock,A, ,N,1264548173,,,Finance,Major Banks
YELP,YELP,Yelp Inc. Common Stock,N, ,N,1262586564,,,Consumer Discretionary,Other Consumer Services
VMET,VMET,Versamet Royalties Corporation - Common Stock,Q,S,N,1260530735,,,,
PDS,PDS,Precision Drilling Corporation Common Stock,N, ,N,1258018038,,,Energy,Oil & Gas Production
WLTH,WLTH,Wealthfront Corporation - Common Stock,Q,Q,N,1257315344,,,Finance,Finance: Consumer Services
NPKI,NPKI,NPK International Inc. Common Stock,N, ,N,1256571896,,,Consumer Discretionary,Oil and Gas Field Machinery
DSGR,DSGR,"Distribution Solutions Group, Inc. - Common Stock",Q,Q,N,1255584585,,,Consumer Discretionary,Industrial Specialties
HTLD,HTLD,"Heartland Express, Inc. - Common Stock",Q,Q,N,1253783281,,,Industrials,Trucking Freight/Courier Services
NSSC,NSSC,"NAPCO Security Technologies, Inc. - Common Stock",Q,Q,N,1250814068,,,Telecommunications,Telecommunications Equipment
CMP,CMP,Compass Minerals Intl Inc Common Stock,N, ,N,1250778354,,,Industrials,Mining & Quarrying of Nonmetallic Minerals (No Fuels)
IRS,IRS,IRSA Inversiones Y Representaciones S.A. Global Depositary Shares (Each representing ten shares of Common Stock),N, ,N,1249438362,,,Real Estate,Homebuilding
BFLY,BFLY,"Butterfly Network, Inc. Class A Common Stock",N, ,N,1248869190,,,Health Care,Medical Electronics
AVLN,AVLN,Avalyn Pharma Inc. - common stock,Q,Q,N,1243986646,,,Health Care,Biotechnology: Pharmaceutical Preparations
RMIX,RMIX,"Suncrete, Inc. - Class A Common Stock",Q,G,N,1243720695,,,Industrials,Building Materials
ATEX,ATEX,Anterix Inc. - Common Stock,Q,S,N,1240866567,,,Telecommunications,Telecommunications Equipment
CTBI,CTBI,"Community Trust Bancorp, Inc. - Common Stock",Q,Q,N,1240763782,,,Finance,Major Banks
TBLA,TBLA,Taboola.com Ltd. - Ordinary Shares,Q,Q,N,1238159315,,,Technology,Computer Software: Programming Data Processing
XPEL,XPEL,"XPEL, Inc. - Common Stock",Q,S,N,1236661397,,,Industrials,Industrial Specialties
IMTX,IMTX,Immatics N.V. - Ordinary Shares,Q,S,N,1236370431,,,Health Care,Biotechnology: Biological Products (No Diagnostic Substances)
UMAC,UMAC,"Unusual Machines, Inc. Common Stock",A, ,N,1235472910,,,Technology,Radio And Television Broadcasting And Communications Equipment
HROW,HROW,"Harrow, Inc. - Common Stock",Q,G,N,1233806042,,,Health Care,Biotechnology: Pharmaceutical Preparations
IPX,IPX,IperionX Limited - American Depositary Share,Q,S,N,1232642942,,,Basic Materials,Other Metals and Minerals
CCO,CCO,"Clear Channel Outdoor Holdings, Inc. Common Stock",N, ,N,1221560414,,,Consumer Discretionary,Advertising
PICS,PICS,PicS N.V. - Class A Common Shares,Q,Q,N,1220714655,,,Finance,Finance: Consumer Services
PRSU,PRSU,"Pursuit Attractions and Hospitality, Inc. Common Stock",N, ,N,1218404654,,,Consumer Discretionary,Business Services
OI,OI,"O-I Glass, Inc. Common Stock",N, ,N,1217198530,,,Consumer Discretionary,Containers/Packaging
PRCH,PRCH,"Porch Group, Inc. - Common Stock",Q,S,N,1217128505,,,Technology,Computer Software: Prepackaged Software
ATEC,ATEC,"Alphatec Holdings, Inc. - Common Stock",Q,Q,N,1216473403,,,Health Care,Medical/Dental Instruments
ODC,ODC,Oil-Dri Corporation Of America Common Stock,N, ,N,1216175788,,,Consumer Discretionary,Miscellaneous manufacturing industries
VIA,VIA,"Via Transportation, Inc. Class A Common Stock",N, ,N,1212121437,,,Technology,Computer Software: Prepackaged Software
SBH,SBH,"Sally Beauty Holdings, Inc. (Name to be changed from Sally Holdings, Inc.) Common Stock",N, ,N,1210733687,,,Consumer Discretionary,Other Specialty Stores
INSP,INSP,"Inspire Medical Systems, Inc. Common Stock",N, ,N,1208423637,,,Health Care,Medical/Dental Instruments
IAUX,IAUX,i-80 Gold Corp. Common Shares,A, ,N,1206871604,,,Basic Materials,Precious Metals
IRMD,IRMD,iRadimed Corporation - Common Stock,Q,G,N,1206590674,,,Health Care,Medical/Dental Instruments
ARRY,ARRY,"Array Technologies, Inc. - Common Stock",Q,G,N,1205998804,,,Consumer Discretionary,Miscellaneous manufacturing industries
RDWR,RDWR,Radware Ltd. - Ordinary Shares,Q,Q,N,1203633297,,,Consumer Discretionary,Business Services
VZLA,VZLA,Vizsla Silver Corp. Common Shares,A, ,N,1202275992,,,Basic Materials,Precious Metals
FMBH,FMBH,"First Mid Bancshares, Inc. - Common Stock",Q,G,N,1198775452,,,Finance,Major Banks
LU,LU,"Lufax Holding Ltd American Depositary Shares, each representing two (2) Ordinary Shares",N, ,N,1196030671,,,Finance,Finance: Consumer Services
COAG,COAG,"Hemab Therapeutics Holdings, Inc. - Common Stock",Q,Q,N,1193323226,,,Health Care,Biotechnology: Biological Products (No Diagnostic Substances)
XZO,XZO,"Exzeo Group, Inc. Common Stock",N, ,N,1191940617,,,Finance,Property-Casualty Insurers
TUYA,TUYA,"Tuya Inc. American Depositary Shares, each representing one Class A Ordinary Share",N, ,N,1183642181,,,Technology,Computer Software: Prepackaged Software
ASTE,ASTE,"Astec Industries, Inc. - Common Stock",Q,Q,N,1180901477,,,Industrials,Construction/Ag Equipment/Trucks
GIC,GIC,Global Industrial Company Common Stock,N, ,N,1175763572,,,Industrials,Industrial Machinery/Components
LNN,LNN,Lindsay Corporation Common Stock,N, ,N,1175644624,,,Industrials,Industrial Machinery/Components
HLF,HLF,Herbalife Ltd. Common Shares,N, ,N,1175611177,,,Health Care,Other Pharmaceuticals
LGIH,LGIH,"LGI Homes, Inc. - Common Stock",Q,Q,N,1175320995,,,Consumer Discretionary,Homebuilding
GOLD,GOLD,"Gold.com, Inc. Common Stock",N, ,N,1173516972,,,Industrials,Other Specialty Stores
EDN,EDN,Empresa Distribuidora Y Comercializadora Norte S.A. (Edenor) American Depositary Shares,N, ,N,1170886821,,,Utilities,Electric Utilities: Central
AVNS,AVNS,"Avanos Medical, Inc. Common Stock",N, ,N,1170619825,,,Health Care,Industrial Specialties
SCL,SCL,Stepan Company Common Stock,N, ,N,1168146202,,,Consumer Discretionary,Package Goods/Cosmetics
NWPX,NWPX,"NWPX Infrastructure, Inc. - Common Stock",Q,Q,N,1167619889,,,Industrials,Steel/Iron Ore
UHAL,UHAL,U-Haul Holding Company Common Stock,N, ,N,1167251620,,,Consumer Discretionary,Rental/Leasing Companies
GCT,GCT,GigaCloud Technology Inc - Class A Ordinary Shares,Q,G,N,1166531244,,,Consumer Discretionary,Catalog/Specialty Distribution
TROX,TROX,Tronox Holdings plc Ordinary Shares (UK),N, ,N,1164525886,,,Industrials,Major Chemicals
UFCS,UFCS,"United Fire Group, Inc - Common Stock",Q,Q,N,1160684950,,,Finance,Property-Casualty Insurers
PLTK,PLTK,Playtika Holding Corp. - Common Stock,Q,Q,N,1160157612,,,Technology,EDP Services
UAMY,UAMY,United States Antimony Corporation Common Stock,N, ,N,1157329708,,,Industrials,Metal Fabrications
BV,BV,"BrightView Holdings, Inc. Common Stock",N, ,N,1155680000,,,Consumer Discretionary,Business Services
CSIQ,CSIQ,Canadian Solar Inc. - Common Shares,Q,Q,N,1155596977,,,Technology,Semiconductors
KMTS,KMTS,"Kestra Medical Technologies, Ltd. - Common Stock",Q,Q,N,1152289988,,,Health Care,Medical/Dental Instruments
TDAY,TDAY,"USA TODAY Co., Inc. Common Stock",N, ,N,1151611571,,,Consumer Discretionary,Newspapers/Magazines
HFWA,HFWA,Heritage Financial Corporation - Common Stock,Q,Q,N,1150417182,,,Finance,Banks
NMAX,NMAX,"Newsmax, Inc. Class B Common Stock",N, ,N,1148238134,,,Industrials,Broadcasting
FINV,FINV,FinVolution Group American Depositary Shares,N, ,N,1145055910,,,Finance,Finance: Consumer Services
LQDT,LQDT,"Liquidity Services, Inc. - Common Stock",Q,Q,N,1142792116,,,Consumer Discretionary,Business Services
SBR,SBR,Sabine Royalty Trust Common Stock,N, ,N,1142437474,,,Energy,Oil & Gas Production
UVSP,UVSP,Univest Financial Corporation - Common Stock,Q,Q,N,1139728676,,,Finance,Major Banks
ROCK,ROCK,"Gibraltar Industries, Inc. - Common Stock",Q,Q,N,1138721070,,,Industrials,Steel/Iron Ore
MMI,MMI,"Marcus & Millichap, Inc. Common Stock",N, ,N,1138058203,,,Finance,Real Estate
MCB,MCB,Metropolitan Bank Holding Corp. Common Stock,N, ,N,1136974729,,,Finance,Major Banks
CDNA,CDNA,"CareDx, Inc. - Common Stock",Q,G,N,1133925608,,,Health Care,Medical Specialities
APPS,APPS,"Digital Turbine, Inc. - Common Stock",Q,S,N,1128189504,,,Miscellaneous,Multi-Sector Companies
THRM,THRM,Gentherm Inc - Common Stock,Q,Q,N,1127636253,,,Consumer Discretionary,Auto Parts:O.E.M.
NAT,NAT,Nordic American Tankers Limited Common Stock,N, ,N,1124396021,,,Consumer Discretionary,Marine Transportation
RXT,RXT,"Rackspace Technology, Inc. - Common Stock",Q,Q,N,1123993470,,,Technology,Computer Software: Programming Data Processing
CVLG,CVLG,"Covenant Logistics Group, Inc. Class A Common Stock",N, ,N,1120864140,,,Industrials,Trucking Freight/Courier Services
SAFE,SAFE,Safehold Inc. New Common Stock ,N, ,N,1119980431,,,Real Estate,Real Estate Investment Trusts
OSBC,OSBC,"Old Second Bancorp, Inc. - Common Stock",Q,Q,N,1116596796,,,Finance,Major Banks
PDM,PDM,"Piedmont Realty Trust, Inc. Class A Common Stock",N, ,N,1115169507,,,Real Estate,Building operators
LUCK,LUCK,Lucky Strike Entertainment Corporation Class A Common Stock,N, ,N,1114837054,,,Consumer Discretionary,Services-Misc. Amusement & Recreation
GHM,GHM,Graham Corporation Common Stock,N, ,N,1112886945,,,Industrials,Industrial Machinery/Components
ZBIO,ZBIO,"Zenas BioPharma, Inc. - Common Stock",Q,Q,N,1111778769,,,Health Care,Biotechnology: Pharmaceutical Preparations
ASST,ASST,"Strive, Inc. - Class A Common Stock",Q,G,N,1111586818,,,Technology,Computer Software: Prepackaged Software
DEA,DEA,"Easterly Government Properties, Inc. Common Stock",N, ,N,1110604532,,,Real Estate,Real Estate Investment Trusts
TEN,TEN,Tsakos Energy Navigation Ltd Common Shares,N, ,N,1109599618,,,Consumer Discretionary,Marine Transportation
JBGS,JBGS,JBG SMITH Properties Common Shares ,N, ,N,1109522186,,,Real Estate,Real Estate Investment Trusts
REAL,REAL,"The RealReal, Inc. - Common Stock",Q,Q,N,1108487098,,,Consumer Discretionary,Other Specialty Stores
NAK,NAK,"Northern Dynasty Minerals, Ltd. Common Stock",A, ,N,1103812989,,,Basic Materials,Precious Metals
MUX,MUX,McEwen Inc. Common Stock,N, ,N,1102202075,,,Basic Materials,Precious Metals
AMC,AMC,"AMC Entertainment Holdings, Inc. Class A Common Stock",N, ,N,1101724965,,,Consumer Discretionary,Movies/Entertainment
GILT,GILT,Gilat Satellite Networks Ltd. - Ordinary Shares,Q,Q,N,1098857003,,,Technology,Radio And Television Broadcasting And Communications Equipment
MBC,MBC,"MasterBrand, Inc. Common Stock",N, ,N,1098107782,,,Consumer Discretionary,Home Furnishings
WVE,WVE,Wave Life Sciences Ltd. - Ordinary Shares,Q,G,N,1096692551,,,Health Care,Biotechnology: Pharmaceutical Preparations
UPWK,UPWK,Upwork Inc. - Common Stock,Q,Q,N,1095605875,,,Technology,EDP Services
PXED,PXED,"Phoenix Education Partners, Inc. Common Stock",N, ,N,1093309128,,,Real Estate,Other Consumer Services
UPBD,UPBD,"Upbound Group, Inc. - Common Stock",Q,Q,N,1093007363,,,Consumer Discretionary,Diversified Commercial Services
PNTG,PNTG,"The Pennant Group, Inc. - Common Stock",Q,Q,N,1091005939,,,Health Care,Medical/Nursing Services
CIM,CIM,Chimera Investment Corporation Common Stock,N, ,N,1090744075,,,Real Estate,Real Estate Investment Trusts
SBET,SBET,"Sharplink, Inc. - Common Stock",Q,S,N,1088606994,,,Technology,Computer Software: Prepackaged Software
AIIR,AIIR,Air Global PLC - Ordinary shares,Q,S,N,1087421162,,,Consumer Discretionary,Tobacco
OPK,OPK,"Opko Health, Inc. - Common Stock",Q,Q,N,1079781926,,,Health Care,Biotechnology: Pharmaceutical Preparations
CCB,CCB,Coastal Financial Corporation - Common Stock,Q,Q,N,1079615606,,,Finance,Major Banks
SMPL,SMPL,The Simply Good Foods Company - Common Stock,Q,S,N,1079534056,,,Consumer Staples,Packaged Foods
COLL,COLL,"Collegium Pharmaceutical, Inc. - Common Stock",Q,Q,N,1079071827,,,Health Care,Biotechnology: Pharmaceutical Preparations
TWFG,TWFG,"TWFG, Inc. - Common Stock",Q,Q,N,1077412917,,,Finance,Specialty Insurers
XERS,XERS,"Xeris Biopharma Holdings, Inc. - Common Stock",Q,Q,N,1077286423,,,Health Care,Biotechnology: Pharmaceutical Preparations
SDGR,SDGR,"Schrodinger, Inc. - Common Stock",Q,Q,N,1075978426,,,Health Care,Biotechnology: Pharmaceutical Preparations
IGIC,IGIC,International General Insurance Holdings Ltd. - Ordinary Shares,Q,S,N,1071055400,,,Finance,Property-Casualty Insurers
NHP,NHP,"National Healthcare Properties, Inc. - Class A Common Stock",Q,G,N,1070972628,,,,
HBT,HBT,"HBT Financial, Inc. - Common Stock",Q,Q,N,1069239882,,,Finance,Major Banks
OMDA,OMDA,"Omada Health, Inc. - Common Stock",Q,Q,N,1062939305,,,Health Care,Medical/Nursing Services
DEC,DEC,Diversified Energy Company Common Stock,N, ,N,1061539505,,,,
BKKT,BKKT,"Bakkt, Inc. Class A Common Stock",N, ,N,1060474719,,,Finance,Finance: Consumer Services
HIVE,HIVE,HIVE Digital Technologies Ltd - Common Shares,Q,S,N,1059026051,,,Finance,Finance: Consumer Services
DQ,DQ,"DAQO New Energy Corp. American Depositary Shares, each representing five ordinary shares",N, ,N,1053561753,,,Technology,Semiconductors
MGRT,MGRT,Mega Fortune Company Limited - Ordinary Shares,Q,S,N,1052150000,,,Technology,EDP Services
FUBO,FUBO,FuboTV Inc. Class A Common Stock,N, ,N,1051752716,,,Consumer Discretionary,Movies/Entertainment
PSNL,PSNL,"Personalis, Inc. - Common Stock",Q,G,N,1051399824,,,Health Care,Medical Specialities
LIFE,LIFE,Ethos Technologies Inc. - Class A Common Stock,Q,Q,N,1051374233,,,Finance,Specialty Insurers
AKTS,AKTS,"Aktis Oncology, Inc. - Common stock",Q,Q,N,1048613170,,,Health Care,Biotechnology: Pharmaceutical Preparations
MNKD,MNKD,MannKind Corporation - Common Stock,Q,G,N,1047341063,,,Health Care,Biotechnology: Pharmaceutical Preparations
EVLV,EVLV,"Evolv Technologies Holdings, Inc. - Class A Common Stock",Q,S,N,1046851606,,,Technology,Computer peripheral equipment
AZTA,AZTA,"Azenta, Inc. - Common Stock",Q,Q,N,1046767579,,,Technology,Industrial Machinery/Components
GNK,GNK,Genco Shipping & Trading Limited Ordinary Shares New (Marshall Islands),N, ,N,1046720765,,,Consumer Discretionary,Marine Transportation
GPRE,GPRE,"Green Plains, Inc. - Common Stock",Q,Q,N,1044149894,,,Industrials,Major Chemicals
OPY,OPY,"Oppenheimer Holdings, Inc. Class A Common Stock (DE)",N, ,N,1042745527,,,Finance,Investment Bankers/Brokers/Service
CRON,CRON,Cronos Group Inc. - Common Share,Q,G,N,1042236618,,,Health Care,Medicinal Chemicals and Botanical Products
PZZA,PZZA,"Papa John's International, Inc. - Common Stock",Q,Q,N,1041348743,,,Consumer Discretionary,Restaurants
DLX,DLX,Deluxe Corporation Common Stock,N, ,N,1041129547,,,Consumer Discretionary,Publishing
PLOW,PLOW,"Douglas Dynamics, Inc. Common Stock",N, ,N,1040402388,,,Industrials,Construction/Ag Equipment/Trucks
CNMD,CNMD,CONMED Corporation Common Stock,N, ,N,1038466101,,,Health Care,Biotechnology: Electromedical & Electrotherapeutic Apparatus
SVRA,SVRA,"Savara, Inc. - Common Stock",Q,Q,N,1036931693,,,Health Care,Biotechnology: Pharmaceutical Preparations
SATL,SATL,Satellogic Inc. - Class A Common Stock,Q,S,N,1036226238,,,Technology,Radio And Television Broadcasting And Communications Equipment
OCFC,OCFC,OceanFirst Financial Corp. - Common Stock,Q,Q,N,1035649241,,,Finance,Major Banks
JKS,JKS,JinkoSolar Holding Company Limited American Depositary Shares (each representing 4 Common Shares),N, ,N,1026979387,,,Technology,Semiconductors
SAFT,SAFT,"Safety Insurance Group, Inc. - Common Stock",Q,Q,N,1025050528,,,Finance,Property-Casualty Insurers
ABSI,ABSI,Absci Corporation - Common Stock,Q,Q,N,1021178117,,,Health Care,Biotechnology: Commercial Physical & Biological Resarch
UVE,UVE,UNIVERSAL INSURANCE HOLDINGS INC Common Stock,N, ,N,1020709585,,,Finance,Property-Casualty Insurers
BST,BST,BlackRock Science and Technology Trust Common Shares of Beneficial Interest,N, ,N,1018817023,,,Finance,Finance Companies
AGBK,AGBK,AGI Inc Class A Common Shares,N, ,N,1018754546,,,Finance,Commercial Banks
ASM,ASM,Avino Silver & Gold Mines Ltd. Common Shares (Canada),A, ,N,1017800844,,,Basic Materials,Metal Mining
ABR,ABR,Arbor Realty Trust Common Stock,N, ,N,1017590764,,,Real Estate,Real Estate Investment Trusts
INDI,INDI,"indie Semiconductor, Inc. - Class A Common Stock",Q,S,N,1014259709,,,Technology,Semiconductors
IQ,IQ,"iQIYI, Inc. - American Depositary Shares",Q,Q,N,1013275972,,,Consumer Discretionary,Consumer Electronics/Video Chains
GSBD,GSBD,"Goldman Sachs BDC, Inc. Common Stock",N, ,N,1006367459,,,Finance,Investment Managers
TK,TK,Teekay Corporation Ltd. Common Stock,N, ,N,1004895401,,,Consumer Discretionary,Marine Transportation
SBGI,SBGI,"Sinclair, Inc. - Class A Common Stock",Q,Q,N,1004544888,,,Industrials,Broadcasting
CFFN,CFFN,"Capitol Federal Financial, Inc. - Common Stock",Q,Q,N,1001481633,,,Finance,Savings Institutions
KOPN,KOPN,Kopin Corporation - Common Stock,Q,S,N,1000574096,,,Technology,Semiconductors
INNV,INNV,InnovAge Holding Corp. - Common Stock,Q,Q,N,1000377216,,,Health Care,Medical/Nursing Services
EVEX,EVEX,"Eve Holding, Inc. Common Stock",N, ,N,996151110,,,Industrials,Aerospace
SHAZ,SHAZ,"SharonAI Holdings, Inc. - Class A Common Stock",Q,S,N,995613164,,,Technology,EDP Services
METC,METC,"Ramaco Resources, Inc. - Class A Common Stock",Q,Q,N,994568409,,,Energy,Coal Mining
BCX,BCX,BlackRock Resources Common Shares of Beneficial Interest,N, ,N,993687297,,,Finance,Finance/Investors Services
UTZ,UTZ,Utz Brands Inc Class A Common Stock ,N, ,N,992813821,,,Consumer Staples,Packaged Foods
MLKN,MLKN,"MillerKnoll, Inc. - Common Stock",Q,Q,N,992801109,,,Consumer Discretionary,Office Equipment/Supplies/Services
HPK,HPK,"HighPeak Energy, Inc. - Common Stock",Q,G,N,990647535,,,Energy,Oil & Gas Production
AORT,AORT,"Artivion, Inc. Common Stock",N, ,N,989798907,,,Health Care,Medical/Dental Instruments
ELE,ELE,Elemental Royalty Corporation - Common Stock,Q,S,N,989567171,,,Basic Materials,Precious Metals
PSUS,PSUS,"Pershing Square USA, Ltd. Common Shares",N, ,N,989516000,,,,
EEX,EEX,"Emerald Holding, Inc. Common Stock",N, ,N,987568220,,,Consumer Discretionary,Business Services
ACVA,ACVA,ACV Auctions Inc. Class A Common Stock,N, ,N,986404651,,,Consumer Discretionary,Business Services
QDEL,QDEL,QuidelOrtho Corporation - Common Stock,Q,Q,N,986382656,,,Health Care,Biotechnology: In Vitro & In Vivo Diagnostic Substances
SENEB,SENEB,Seneca Foods Corp. - Class B Common Stock,Q,Q,N,986264598,,,Consumer Staples,Packaged Foods
LUXE,LUXE,"LuxExperience B.V. American Depositary Shares, each representing one Ordinary Share",N, ,N,984622128,,,Consumer Discretionary,Catalog/Specialty Distribution
SBSI,SBSI,"Southside Bancshares, Inc. Common Stock",N, ,N,983591566,,,Finance,Major Banks
LMB,LMB,"Limbach Holdings, Inc. - Common Stock",Q,S,N,980984603,,,Consumer Discretionary,Engineering & Construction
WSR,WSR,Whitestone REIT Common Shares,N, ,N,980083141,,,Real Estate,Real Estate Investment Trusts
MSEX,MSEX,Middlesex Water Company - Common Stock,Q,Q,N,980012192,,,Utilities,Water Supply
NBN,NBN,Northeast Bank - Common Stock,Q,G,N,979421100,,,Finance,Major Banks
SCSC,SCSC,"ScanSource, Inc. - Common Stock",Q,Q,N,978626071,,,Technology,Retail: Computer Software & Peripheral Equipment
RHLD,RHLD,Resolute Holdings Management Common Stock ,N, ,N,976937963,,,Finance,Finance: Consumer Services
HEPS,HEPS,D-Market Electronic Services & Trading - American Depositary Shares,Q,Q,N,975224796,,,Consumer Discretionary,Catalog/Specialty Distribution
TBN,TBN,Tamboran Resources Corporation Common stock,N, ,N,974170470,,,Energy,Oil & Gas Production
SENEA,SENEA,Seneca Foods Corp. - Class A Common Stock,Q,Q,N,973610637,,,Consumer Staples,Packaged Foods
HBNC,HBNC,"Horizon Bancorp, Inc. - Common Stock",Q,Q,N,970132540,,,Finance,Major Banks
BUR,BUR,Burford Capital Limited Ordinary Shares,N, ,N,969335348,,,Finance,Finance: Consumer Services
HMH,HMH,HMH Holding Inc. - Common Stock,Q,Q,N,968053328,,,Consumer Discretionary,Oil and Gas Field Machinery
VRTS,VRTS,"Virtus Investment Partners, Inc. Common Stock",N, ,N,967571266,,,Finance,Investment Managers
MCBS,MCBS,"MetroCity Bankshares, Inc. - Common Stock",Q,Q,N,967563018,,,Finance,Major Banks
EQBK,EQBK,"Equity Bancshares, Inc. Class A Common Stock",N, ,N,966401226,,,Finance,Major Banks
CSR,CSR,D/B/A Centerspace Common Stock,N, ,N,966181068,,,Real Estate,Real Estate Investment Trusts
ASIC,ASIC,Ategrity Specialty Insurance Company Holdings Common Stock,N, ,N,964495652,,,Finance,Property-Casualty Insurers
KBDC,KBDC,"Kayne Anderson BDC, Inc. Common Stock",N, ,N,963402029,,,,
LZ,LZ,"LegalZoom.com, Inc. - Common Stock",Q,Q,N,962943956,,,Technology,EDP Services
GOOS,GOOS,Canada Goose Holdings Inc. Subordinate Voting Shares,N, ,N,962681600,,,Consumer Discretionary,Apparel
TRUP,TRUP,"Trupanion, Inc. - Common Stock",Q,G,N,961831408,,,Health Care,Medical Specialities
EYPT,EYPT,"EyePoint, Inc. - Common Stock",Q,G,N,959982862,,,Industrials,Biotechnology: Laboratory Analytical Instruments
ABTC,ABTC,American Bitcoin Corp. - Class A Common Stock,Q,S,N,957562295,,,Technology,EDP Services
VYX,VYX,NCR Voyix Corporation Common Stock,N, ,N,955003723,,,Miscellaneous,Office Equipment/Supplies/Services
ESQ,ESQ,"Esquire Financial Holdings, Inc. - Common Stock",Q,S,N,952756451,,,Finance,Commercial Banks
APEI,APEI,"American Public Education, Inc. - Common Stock",Q,Q,N,951109853,,,Real Estate,Other Consumer Services
AMPL,AMPL,"Amplitude, Inc. - Class A Common Stock",Q,S,N,950879994,,,Technology,Computer Software: Prepackaged Software
DBVT,DBVT,DBV Technologies S.A. - American Depositary Shares,Q,S,N,947335824,,,Health Care,Biotechnology: Biological Products (No Diagnostic Substances)
LPTH,LPTH,"LightPath Technologies, Inc. - Class A Common Stock",Q,S,N,944352681,,,Technology,Semiconductors
DAKT,DAKT,"Daktronics, Inc. - Common Stock",Q,Q,N,939881221,,,Consumer Discretionary,Miscellaneous manufacturing industries
CRAI,CRAI,"CRA International,Inc. - Common Stock",Q,Q,N,938109966,,,Consumer Discretionary,Other Consumer Services
CRVS,CRVS,"Corvus Pharmaceuticals, Inc. - Common Stock",Q,G,N,937608228,,,Health Care,Biotechnology: Pharmaceutical Preparations
RZLV,RZLV,Rezolve AI PLC - Ordinary Shares,Q,G,N,936916732,,,Technology,Computer Software: Programming Data Processing
FSCO,FSCO,FS Credit Opportunities Corp. Common Stock,N, ,N,936239848,,,Finance,Trusts Except Educational Religious and Charitable
EPC,EPC,Edgewell Personal Care Company Common Stock,N, ,N,934529291,,,Consumer Discretionary,Package Goods/Cosmetics
USPH,USPH,"U.S. Physical Therapy, Inc. Common Stock",N, ,N,932911766,,,Health Care,Medical/Nursing Services
NPK,NPK,"National Presto Industries, Inc. Common Stock",N, ,N,931689622,,,Industrials,Ordnance And Accessories
HSLV,HSLV,Highlander Silver Corp. Common Shares,A, ,N,931679254,,,,
BFST,BFST,"Business First Bancshares, Inc. - Common Stock",Q,Q,N,930668529,,,Finance,Major Banks
TRST,TRST,TrustCo Bank Corp NY - Common Stock,Q,Q,N,929485197,,,Finance,Major Banks
CCNE,CCNE,CNB Financial Corporation - Common Stock,Q,Q,N,929462138,,,Finance,Major Banks
CRSR,CRSR,"Corsair Gaming, Inc. - Common Stock",Q,Q,N,928806414,,,Technology,Computer peripheral equipment
BJRI,BJRI,"BJ's Restaurants, Inc. - Common Stock",Q,Q,N,928317533,,,Consumer Discretionary,Restaurants
FSBC,FSBC,Five Star Bancorp - Common Stock,Q,Q,N,927938802,,,Finance,Major Banks
SCHL,SCHL,Scholastic Corporation - Common Stock,Q,Q,N,927312336,,,Consumer Discretionary,Books
AEBI,AEBI,Aebi Schmidt Holding AG - Common Stock,Q,Q,N,926536645,,,Industrials,Auto Manufacturing
NUTX,NUTX,Nutex Health Inc. - Common Stock,Q,S,N,924920775,,,Consumer Discretionary,Business Services
JLHL,JLHL,Julong Holding Limited - Class A Ordinary Shares,Q,S,N,924650526,,,Consumer Discretionary,Military/Government/Technical
MYE,MYE,"Myers Industries, Inc. Common Stock",N, ,N,924285694,,,Industrials,Plastic Products
ESRT,ESRT,"Empire State Realty Trust, Inc. Class A Common Stock",N, ,N,922501607,,,Real Estate,Real Estate Investment Trusts
NRGV,NRGV,"Energy Vault Holdings, Inc. Common Stock",N, ,N,921532844,,,Miscellaneous,Industrial Machinery/Components
DFIN,DFIN,"Donnelley Financial Solutions, Inc. Common Stock ",N, ,N,919851048,,,Consumer Discretionary,Other Consumer Services
BRBR,BRBR,"BellRing Brands, Inc. Common Stock ",N, ,N,918595015,,,Consumer Staples,Packaged Foods
PSIX,PSIX,"Power Solutions International, Inc. - Common Stock",Q,S,N,918560433,,,Industrials,Industrial Machinery/Components
MBWM,MBWM,Mercantile Bank Corporation - Common Stock,Q,Q,N,916060106,,,Finance,Major Banks
UTL,UTL,UNITIL Corporation Common Stock,N, ,N,910874761,,,Utilities,Power Generation
AIAI,AIAI,AIAI Holdings Corporation - Class A common stock,Q,G,N,910566171,,,Technology,EDP Services
AVR,AVR,Anteris Technologies Global Corp. - Common Stock,Q,G,N,909176176,,,Health Care,Industrial Specialties
HAFC,HAFC,Hanmi Financial Corporation - Common Stock,Q,Q,N,909066925,,,Finance,Major Banks
PHAR,PHAR,"Pharming Group N.V. - ADS, each representing 10 ordinary shares",Q,G,N,904002944,,,Health Care,Biotechnology: Pharmaceutical Preparations
WYFI,WYFI,"WhiteFiber, Inc. - Ordinary Shares",Q,S,N,903572654,,,Finance,Finance: Consumer Services
RERE,RERE,ATRenew Inc. American Depositary Shares (every three of which representing two Class A ordinary shares),N, ,N,903371784,,,Consumer Discretionary,Other Specialty Stores
AMTB,AMTB,Amerant Bancorp Inc. Class A Common Stock,N, ,N,900045168,,,Finance,Major Banks
PCRX,PCRX,"Pacira BioSciences, Inc. - Common Stock",Q,Q,N,899493543,,,Health Care,Biotechnology: Pharmaceutical Preparations
NBBK,NBBK,"NB Bancorp, Inc. - Common Stock",Q,S,N,895911507,,,Finance,Banks
BFS,BFS,"Saul Centers, Inc. Common Stock",N, ,N,895800013,,,Real Estate,Real Estate Investment Trusts
COUR,COUR,"Coursera, Inc. Common Stock",N, ,N,895773876,,,Technology,Computer Software: Prepackaged Software
SHEN,SHEN,Shenandoah Telecommunications Co - Common Stock,Q,Q,N,894003536,,,Telecommunications,Telecommunications Equipment
SPRY,SPRY,"ARS Pharmaceuticals, Inc. - Common Stock",Q,G,N,892736325,,,Health Care,Biotechnology: Pharmaceutical Preparations
SG,SG,"Sweetgreen, Inc. Class A Common Stock",N, ,N,892395704,,,Consumer Discretionary,Restaurants
RPC,RPC,"Ridgepost Capital, Inc. Class A Common Stock",N, ,N,891139426,,,Finance,Investment Managers
GDRX,GDRX,"GoodRx Holdings, Inc. - Class A Common Stock",Q,Q,N,890716231,,,Technology,EDP Services
TRON,TRON,Tron Inc. - Common Stock,Q,S,N,887094460,,,Consumer Discretionary,Recreational Games/Products/Toys
TIGR,TIGR,UP Fintech Holding Limited - American Depositary Shares representing fifteen Class A Ordinary Shares,Q,Q,N,885895899,,,Finance,Investment Bankers/Brokers/Service
JBSS,JBSS,"John B. Sanfilippo & Son, Inc. - Common Stock",Q,Q,N,881978434,,,Consumer Staples,Specialty Foods
ARHS,ARHS,"Arhaus, Inc. - Class A Common Stock",Q,Q,N,880379198,,,Consumer Discretionary,Other Specialty Stores
CPAC,CPAC,Cementos Pacasmayo S.A.A. American Depositary Shares (Each representing five Common Shares),N, ,N,879950902,,,Industrials,Building Materials
CRCT,CRCT,"Cricut, Inc. - Class A common stock",Q,Q,N,879475276,,,Technology,Industrial Machinery/Components
SMP,SMP,"Standard Motor Products, Inc. Common Stock",N, ,N,878508989,,,Consumer Discretionary,Auto Parts:O.E.M.
GO,GO,Grocery Outlet Holding Corp. - Common Stock,Q,Q,N,877444101,,,Consumer Staples,Food Chains
LXU,LXU,"LSB Industries, Inc. Common Stock",N, ,N,876215132,,,Basic Materials,Major Chemicals
WOOF,WOOF,"Petco Health and Wellness Company, Inc. - Class A Common Stock",Q,Q,N,873016814,,,Consumer Discretionary,Other Specialty Stores
TALK,TALK,"Talkspace, Inc. - Common Stock",Q,S,N,872740469,,,Health Care,Medical/Nursing Services
BBDC,BBDC,"Barings BDC, Inc. Common Stock",N, ,N,871161275,,,Finance,Diversified Financial Services
OLMA,OLMA,"Olema Pharmaceuticals, Inc. - Common Stock",Q,Q,N,869980811,,,Health Care,Biotechnology: Pharmaceutical Preparations
JCAP,JCAP,"Jefferson Capital, Inc. - Common Stock",Q,Q,N,869515747,,,Finance,Finance Companies
ROOT,ROOT,"Root, Inc. - Common Stock",Q,Q,N,869180176,,,Finance,Property-Casualty Insurers
ALOY,ALOY,REalloys Inc. - Common Stock,Q,S,N,867395267,,,Technology,EDP Services
INR,INR,"Infinity Natural Resources, Inc. Class A Common Stock",N, ,N,862762346,,,Energy,Oil & Gas Production
CRTO,CRTO,Criteo S.A. - American Depositary Shares,Q,Q,N,861687991,,,Consumer Discretionary,Advertising
PMT,PMT,PennyMac Mortgage Investment Trust Common Shares of Beneficial Interest,N, ,N,861559337,,,Real Estate,Real Estate Investment Trusts
LYTS,LYTS,LSI Industries Inc. - Common Stock,Q,Q,N,860905874,,,Consumer Discretionary,Building Products
ASPI,ASPI,ASP Isotopes Inc. - Common Stock,Q,S,N,859920543,,,Industrials,Major Chemicals
CAC,CAC,Camden National Corporation - Common Stock,Q,Q,N,857912570,,,Finance,Major Banks
INMD,INMD,InMode Ltd.  - Ordinary Shares,Q,Q,N,855343125,,,Health Care,Biotechnology: Electromedical & Electrotherapeutic Apparatus
AMPH,AMPH,"Amphastar Pharmaceuticals, Inc. - Common Stock",Q,Q,N,854961699,,,Health Care,Biotechnology: Pharmaceutical Preparations
KFRC,KFRC,"Kforce, Inc. Common Stock",N, ,N,853974480,,,Consumer Discretionary,Professional Services
ARKO,ARKO,ARKO Corp. - Common Stock,Q,S,N,853733337,,,Consumer Staples,Food Chains
THFF,THFF,First Financial Corporation  - Common Stock,Q,Q,N,852411105,,,Finance,Major Banks
FTK,FTK,"Flotek Industries, Inc. Common Stock",N, ,N,851979725,,,Industrials,Major Chemicals
VLRS,VLRS,"Controladora Vuela Compania de Aviacion, S.A.B. de C.V. American Depositary Shares, each representing ten (10) Ordinary Participation Certificates",N, ,N,851716101,,,Consumer Discretionary,Air Freight/Delivery Services
SUPV,SUPV,Grupo Supervielle S.A. American Depositary Shares each Representing five Class B shares,N, ,N,850416960,,,Finance,Commercial Banks
JMIA,JMIA,"Jumia Technologies AG American Depositary Shares, each representing two Ordinary Shares",N, ,N,849628857,,,Consumer Discretionary,Catalog/Specialty Distribution
XNCR,XNCR,"Xencor, Inc. - Common Stock",Q,G,N,845955610,,,Health Care,Biotechnology: Pharmaceutical Preparations
LBRX,LBRX,LB Pharmaceuticals Inc - Common Stock,Q,G,N,843093569,,,Health Care,Biotechnology: Pharmaceutical Preparations
MGTX,MGTX,MeiraGTx Holdings plc - Ordinary Shares,Q,Q,N,841820500,,,Health Care,Biotechnology: Biological Products (No Diagnostic Substances)
BOW,BOW,Bowhead Specialty Holdings Inc. Common Stock,N, ,N,841638837,,,Finance,Property-Casualty Insurers
FMNB,FMNB,Farmers National Banc Corp. - Common Stock,Q,S,N,841445448,,,Finance,Major Banks
MTAL,MTAL,Metals Acquisition Corp. II Class A Ordinary Shares,N, ,N,841112747,,,Basic Materials,Metal Mining
CCOI,CCOI,"Cogent Communications Holdings, Inc. - Common Stock",Q,Q,N,840303185,,,Consumer Discretionary,Telecommunications Equipment
GTM,GTM,ZoomInfo Technologies Inc. - Common Stock,Q,Q,N,839946397,,,Technology,Computer Software: Prepackaged Software
TBPH,TBPH,"Theravance Biopharma, Inc. - Ordinary Shares",Q,G,N,839798451,,,Health Care,Biotechnology: Pharmaceutical Preparations
ANNX,ANNX,"Annexon, Inc. - common stock",Q,Q,N,838873795,,,Health Care,Biotechnology: Pharmaceutical Preparations
MOV,MOV,Movado Group Inc. Common Stock,N, ,N,838633501,,,Consumer Discretionary,Consumer Specialties
TRNS,TRNS,"Transcat, Inc. - Common Stock",Q,G,N,838514459,,,Industrials,Electrical Products
ABUS,ABUS,Arbutus Biopharma Corporation - Common Stock,Q,Q,N,837559890,,,Health Care,Biotechnology: Pharmaceutical Preparations
EVC,EVC,Entravision Communications Corporation Common Stock,N, ,N,836636146,,,Industrials,Broadcasting
EGBN,EGBN,"Eagle Bancorp, Inc. - Common Stock",Q,S,N,836189791,,,Finance,Major Banks
ABX,ABX,"Abacus Global Management, Inc. Class A Common Stock",N, ,N,835483817,,,Finance,Investment Managers
LXRX,LXRX,"Lexicon Pharmaceuticals, Inc. - Common Stock",Q,S,N,835089213,,,Health Care,Biotechnology: Pharmaceutical Preparations
MPB,MPB,Mid Penn Bancorp - Common Stock,Q,G,N,834355491,,,Finance,Major Banks
BCSF,BCSF,"Bain Capital Specialty Finance, Inc. Common Stock",N, ,N,833560315,,,Finance,Finance/Investors Services
SLI,SLI,Standard Lithium Ltd. Common Shares,A, ,N,833304091,,,Industrials,Major Chemicals
EIG,EIG,Employers Holdings Inc Common Stock,N, ,N,831694768,,,Finance,Property-Casualty Insurers
GLIBK,GLIBK,Liberty Capital Corporation - Series C GCI Group Common Stock,Q,Q,N,828826725,,,Telecommunications,Cable & Other Pay Television Services
GLIBA,GLIBA,Liberty Capital Corporation - Series A GCI Group Common Stock,Q,Q,N,828427675,,,Telecommunications,Cable & Other Pay Television Services
EFOR,EFOR,"Everforth, Inc. Common Stock",N, ,N,827621580,,,Consumer Discretionary,Professional Services
HDL,HDL,SUPER HI INTERNATIONAL HOLDING LTD. - American Depositary Shares,Q,G,N,826530029,,,Consumer Discretionary,Restaurants
JANX,JANX,"Janux Therapeutics, Inc. - Common Stock",Q,G,N,823898623,,,Health Care,Biotechnology: Pharmaceutical Preparations
MOMO,MOMO,Hello Group Inc.  - American Depositary Shares,Q,Q,N,822953024,,,Technology,Computer Software: Prepackaged Software
BBSI,BBSI,"Barrett Business Services, Inc. - Common Stock",Q,Q,N,822011452,,,Consumer Discretionary,Professional Services
FCEL,FCEL,"FuelCell Energy, Inc. - Common Stock",Q,G,N,821156923,,,Energy,Industrial Machinery/Components
SPTX,SPTX,"Seaport Therapeutics, Inc. - Common Stock",Q,Q,N,820818635,,,Health Care,Biotechnology: Pharmaceutical Preparations
ETON,ETON,"Eton Pharmaceuticals, Inc. - Common Stock",Q,G,N,820401122,,,Health Care,Biotechnology: Pharmaceutical Preparations
MTUS,MTUS,Metallus Inc. Common Shares,N, ,N,817986388,,,Industrials,Steel/Iron Ore
FCBC,FCBC,"First Community Bankshares, Inc. - Common Stock",Q,Q,N,817684035,,,Finance,Major Banks
DRTS,DRTS,Alpha Tau Medical Ltd. - Ordinary Shares,Q,S,N,816730359,,,Health Care,Medical/Dental Instruments
CGEM,CGEM,"Cullinan Therapeutics, Inc. - Common Stock",Q,Q,N,816162851,,,Health Care,Biotechnology: Biological Products (No Diagnostic Substances)
RJET,RJET,Republic Airways Holdings Inc. - Common Stock,Q,Q,N,815301177,,,Consumer Discretionary,Air Freight/Delivery Services
HCMA,HCMA,HCM III Acquisition Corp. - Class A Ordinary Share,Q,G,N,813039801,,,Consumer Discretionary,Hotels/Resorts
CERT,CERT,"Certara, Inc. - Common Stock",Q,Q,N,812047254,,,Technology,Computer Software: Prepackaged Software
ESPR,ESPR,"Esperion Therapeutics, Inc. - Common Stock",Q,G,N,810910617,,,Health Care,Biotechnology: Pharmaceutical Preparations
YALA,YALA,"Yalla Group Limited American Depositary Shares, each representing one Class A Ordinary Share",N, ,N,810766791,,,Technology,Computer Software: Programming Data Processing
ADSE,ADSE,ADS-TEC ENERGY PLC - Ordinary Shares,Q,S,N,809303053,,,Consumer Discretionary,Industrial Specialties
CCU,CCU,"Compania Cervecerias Unidas, S.A. Common Stock",N, ,N,806994268,,,Consumer Staples,Beverages (Production/Distribution)
GSBC,GSBC,"Great Southern Bancorp, Inc. - Common Stock",Q,Q,N,801195081,,,Finance,Major Banks
ADAM,ADAM,"Adamas Trust, Inc. - Common Stock",Q,Q,N,800662472,,,Real Estate,Real Estate Investment Trusts
PHAT,PHAT,"Phathom Pharmaceuticals, Inc. - Common Stock",Q,Q,N,797559530,,,Health Care,Biotechnology: Pharmaceutical Preparations
HNRG,HNRG,Hallador Energy Company - Common Stock,Q,S,N,797446233,,,Energy,Coal Mining
METCB,METCB,"Ramaco Resources, Inc. - Class B Common Stock",Q,Q,N,793829831,,,Energy,Coal Mining
MATW,MATW,Matthews International Corporation - Class A Common Stock,Q,Q,N,793790023,,,Telecommunications,Metal Fabrications
PFLT,PFLT,PennantPark Floating Rate Capital Ltd. Common Stock,N, ,N,792750989,,,Finance,Finance: Consumer Services
KOP,KOP,Koppers Holdings Inc. Common Stock,N, ,N,792735868,,,Basic Materials,Forest Products
PGC,PGC,Peapack-Gladstone Financial Corporation - Common Stock,Q,Q,N,792543048,,,Finance,Commercial Banks
DSP,DSP,Viant Technology Inc. - common stock,Q,Q,N,792305117,,,Technology,Computer Software: Programming Data Processing
HTB,HTB,"HomeTrust Bancshares, Inc. Common Stock",N, ,N,792204199,,,Finance,Savings Institutions
HPP,HPP,"Hudson Pacific Properties, Inc. Common Stock",N, ,N,791933550,,,Finance,Real Estate
WRLD,WRLD,World Acceptance Corporation - Common Stock,Q,Q,N,790943055,,,Finance,Finance: Consumer Services
WGO,WGO,"Winnebago Industries, Inc. Common Stock",N, ,N,790311405,,,Industrials,Homebuilding
CRESY,CRESY,"Cresud S.A.C.I.F. y A. - American Depositary Shares, each representing ten shares of Common Stock",Q,Q,N,790106683,,,Finance,Real Estate
SPFI,SPFI,"South Plains Financial, Inc. - Common Stock",Q,Q,N,789762353,,,Finance,Major Banks
APOG,APOG,"Apogee Enterprises, Inc. - Common Stock",Q,Q,N,789133145,,,Consumer Discretionary,Auto Parts:O.E.M.
IMSR,IMSR,Terrestrial Energy Inc. - Common Stock,Q,Q,N,783920880,,,,
LMRI,LMRI,"Lumexa Imaging Holdings, Inc. - Common Stock",Q,Q,N,781136376,,,Health Care,Medical Specialities
OBE,OBE,Obsidian Energy Ltd. Common Shares,A, ,N,780453562,,,Energy,Oil & Gas Production
CYRX,CYRX,"CryoPort, Inc. - Common Stock",Q,S,N,780227805,,,Health Care,Biotechnology: Pharmaceutical Preparations
ORIC,ORIC,"Oric Pharmaceuticals, Inc. - Common Stock",Q,Q,N,779487242,,,Health Care,Biotechnology: Pharmaceutical Preparations
NEWP,NEWP,New Pacific Metals Corp. Common Shares,A, ,N,777293391,,,Basic Materials,Precious Metals
AGNT,AGNT,"eXp World Holdings, Inc. - Common Stock",Q,G,N,777252161,,,Finance,Real Estate
NXDR,NXDR,"Nextdoor Holdings, Inc. Class A Common Stock",N, ,N,774217082,,,Technology,Computer Software: Programming Data Processing
REPX,REPX,"Riley Exploration Permian, Inc. Common Stock",A, ,N,773894429,,,Energy,Oil & Gas Production
CCBG,CCBG,Capital City Bank Group - Common Stock,Q,Q,N,773838757,,,Finance,Major Banks
SXC,SXC,"SunCoke Energy, Inc. Common Stock",N, ,N,773012634,,,Industrials,Steel/Iron Ore
SSYS,SSYS,"Stratasys, Ltd. - Common Stock",Q,Q,N,772105949,,,Technology,Computer peripheral equipment
ODTX,ODTX,"Odyssey Therapeutics, Inc. - Common Stock",Q,S,N,770310445,,,Health Care,Biotechnology: Biological Products (No Diagnostic Substances)
SMBC,SMBC,"Southern Missouri Bancorp, Inc. - Common Stock",Q,G,N,768670801,,,Finance,Banks
CBRL,CBRL,"Cracker Barrel Old Country Store, Inc. - Common Stock",Q,Q,N,764628497,,,Consumer Discretionary,Restaurants
MRLN,MRLN,"Merlin, Inc. - Common Stock",Q,G,N,761574770,,,Technology,EDP Services
KURA,KURA,"Kura Oncology, Inc. - Common Stock",Q,Q,N,759908564,,,Health Care,Biotechnology: Pharmaceutical Preparations
LOT,LOT,Lotus Technology Inc. - American Depositary Shares,Q,Q,N,757666053,,,Industrials,Auto Manufacturing
RDVT,RDVT,"Red Violet, Inc. - Common Stock ",Q,S,N,754686184,,,Technology,Computer Software: Prepackaged Software
FPH,FPH,"Five Point Holdings, LLC Class A Common Shares",N, ,N,754395728,,,Finance,Real Estate
ODV,ODV,Osisko Development Corp. Common Shares,N, ,N,752661804,,,Basic Materials,Precious Metals
HSTM,HSTM,"HealthStream, Inc. - Common Stock",Q,Q,N,749369572,,,Technology,Computer Software: Programming Data Processing
KRO,KRO,Kronos Worldwide Inc Common Stock,N, ,N,748995785,,,Basic Materials,Major Chemicals
SANA,SANA,"Sana Biotechnology, Inc. - Common Stock",Q,Q,N,748604377,,,Health Care,Biotechnology: Biological Products (No Diagnostic Substances)
BVS,BVS,Bioventus Inc. - Class A Common Stock,Q,Q,N,747636326,,,Health Care,Medical/Dental Instruments
IBTA,IBTA,"Ibotta, Inc. Class A Common Stock",N, ,N,746893755,,,Consumer Discretionary,Advertising
ANL,ANL,Adlai Nortye Ltd. - American Depositary Shares,Q,G,N,745352450,,,Health Care,Biotechnology: Pharmaceutical Preparations
VTS,VTS,"Vitesse Energy, Inc. Common Stock",N, ,N,743732520,,,Energy,Oil & Gas Production
ORRF,ORRF,"Orrstown Financial Services, Inc. - Common Stock",Q,S,N,743473206,,,Finance,Major Banks
REPL,REPL,"Replimune Group, Inc. - Common Stock",Q,Q,N,740676392,,,Health Care,Biotechnology: Biological Products (No Diagnostic Substances)
FOXF,FOXF,Fox Factory Holding Corp. - Common Stock,Q,Q,N,740592109,,,Consumer Discretionary,Motor Vehicles
JBIO,JBIO,"Jade Biosciences, Inc. - Common Stock",Q,S,N,739410928,,,Health Care,Biotechnology: Pharmaceutical Preparations
NMFC,NMFC,New Mountain Finance Corporation - Common Stock,Q,Q,N,735784118,,,Finance,Finance/Investors Services
WEST,WEST,Westrock Coffee Company - Common Stock,Q,G,N,735587033,,,Consumer Staples,Beverages (Production/Distribution)
NX,NX,Quanex Building Products Corporation Common Stock,N, ,N,734941024,,,Industrials,Metal Fabrications
NXRT,NXRT,"NexPoint Residential Trust, Inc. Common Stock",N, ,N,734663272,,,Real Estate,Real Estate Investment Trusts
AHG,AHG,Akso Health Group - American Depositary Shares,Q,S,N,733975365,,,Consumer Discretionary,Business Services
FISI,FISI,"Financial Institutions, Inc. - Common Stock",Q,Q,N,733711010,,,Finance,Major Banks
ALRS,ALRS,Alerus Financial Corporation - Common Stock,Q,S,N,731243599,,,Finance,Major Banks
NAVI,NAVI,Navient Corporation - Common Stock,Q,Q,N,731164276,,,Finance,Investment Bankers/Brokers/Service
HZO,HZO,"MarineMax, Inc.  (FL) Common Stock",N, ,N,728250771,,,Consumer Discretionary,Auto & Home Supply Stores
GROY,GROY,Gold Royalty Corp. Common Shares,A, ,N,727705138,,,Basic Materials,Precious Metals
GFR,GFR,Greenfire Resources Ltd. Common Shares,N, ,N,727488200,,,Energy,Oil & Gas Production
EVMN,EVMN,"Evommune, Inc. Common Stock",N, ,N,727210931,,,Health Care,Biotechnology: Pharmaceutical Preparations
NB,NB,NioCorp Developments Ltd. - Common Stock,Q,G,N,726479370,,,Basic Materials,Metal Mining
SMBK,SMBK,"SmartFinancial, Inc. Common Stock",N, ,N,726001164,,,Finance,Major Banks
KRNT,KRNT,Kornit Digital Ltd. - Ordinary Shares,Q,Q,N,725228465,,,Industrials,Industrial Machinery/Components
GERN,GERN,Geron Corporation - Common Stock,Q,Q,N,724918701,,,Health Care,Biotechnology: Pharmaceutical Preparations
BMM,BMM,Blue Moon Metals Inc. - Common Shares,Q,S,N,723176360,,,,
IVR,IVR,INVESCO MORTGAGE CAPITAL INC Common Stock,N, ,N,723093266,,,Real Estate,Real Estate Investment Trusts
GDOT,GDOT,"Green Dot Corporation Class A Common Stock, $0.001 par value",N, ,N,722673379,,,Finance,Finance: Consumer Services
DJCO,DJCO,Daily Journal Corp. (S.C.) - Common Stock,Q,S,N,722408531,,,Consumer Discretionary,Newspapers/Magazines
VOR,VOR,Vor Biopharma Inc. - Common Stock,Q,Q,N,720130305,,,Health Care,Biotechnology: Biological Products (No Diagnostic Substances)
LAES,LAES,SEALSQ Corp - Ordinary Shares,Q,Q,N,717332277,,,Technology,Semiconductors
RSKD,RSKD,Riskified Ltd. Class A Ordinary Shares,N, ,N,717312761,,,Consumer Discretionary,Business Services
MNTN,MNTN,"MNTN, Inc. Class A Common Stock",N, ,N,716986900,,,Consumer Discretionary,Advertising
BRSP,BRSP,"BrightSpire Capital, Inc. Class A Common Stock",N, ,N,716529358,,,Real Estate,Real Estate Investment Trusts
AVO,AVO,"Mission Produce, Inc. - Common Stock",Q,Q,N,716256740,,,Consumer Staples,Farming/Seeds/Milling
IBCP,IBCP,Independent Bank Corporation - Common Stock,Q,Q,N,716063956,,,Finance,Major Banks
GSM,GSM,Ferroglobe PLC - Ordinary Shares,Q,S,N,715675780,,,Basic Materials,Metal Mining
SHBI,SHBI,"Shore Bancshares, Inc. - Common Stock",Q,Q,N,715287805,,,Finance,Major Banks
ZVRA,ZVRA,"Zevra Therapeutics, Inc.  - Common Stock",Q,Q,N,714701366,,,Health Care,Biotechnology: Pharmaceutical Preparations
OMER,OMER,Omeros Corporation - Common Stock,Q,G,N,712897247,,,Health Care,Biotechnology: Pharmaceutical Preparations
SKYH,SKYH,Sky Harbour Group Corporation Class A Common Stock,N, ,N,712475159,,,Finance,Real Estate
BZH,BZH,"Beazer Homes USA, Inc. Common Stock",N, ,N,710406112,,,Consumer Discretionary,Homebuilding
DGICB,DGICB,"Donegal Group, Inc. - Class B Common Stock",Q,Q,N,709499897,,,Finance,Property-Casualty Insurers
SSII,SSII,SS Innovations International Inc. - Common Stock,Q,S,N,706464319,,,Health Care,Medical/Dental Instruments
CWH,CWH,"Camping World Holdings, Inc. Class A Common Stock",N, ,N,703399496,,,Consumer Discretionary,Retail-Auto Dealers and Gas Stations
PD,PD,"PagerDuty, Inc. Common Stock",N, ,N,697187988,,,Technology,Computer Software: Prepackaged Software
CTO,CTO,"CTO Realty Growth, Inc. Common Stock",N, ,N,696617667,,,Real Estate,Real Estate Investment Trusts
MITK,MITK,"Mitek Systems, Inc. - Common Stock",Q,S,N,695446305,,,Technology,Computer peripheral equipment
NGVC,NGVC,"Natural Grocers by Vitamin Cottage, Inc. Common Stock",N, ,N,693527659,,,Consumer Staples,Food Chains
BIOA,BIOA,"BioAge Labs, Inc. - Common Stock",Q,Q,N,689461904,,,Health Care,Biotechnology: Pharmaceutical Preparations
MEC,MEC,"Mayville Engineering Company, Inc. Common Stock",N, ,N,688598602,,,Industrials,Industrial Specialties
FEIM,FEIM,"Frequency Electronics, Inc. - Common Stock",Q,G,N,688541213,,,Industrials,Electrical Products
CBLL,CBLL,"CeriBell, Inc. - Common Stock",Q,Q,N,688280578,,,Health Care,Biotechnology: Electromedical & Electrotherapeutic Apparatus
BH,BH,Biglari Holdings Inc. Class B Common Stock,N, ,N,687652392,,,Consumer Discretionary,Restaurants
SPIR,SPIR,"Spire Global, Inc. Class A Common Stock",N, ,N,684525235,,,Consumer Discretionary,Telecommunications Equipment
YB,YB,Yuanbao Inc. - American Depositary Shares,Q,G,N,684290985,,,Finance,Specialty Insurers
EVER,EVER,"EverQuote, Inc. - Class A Common Stock",Q,G,N,682704265,,,Technology,Computer Software: Programming Data Processing
NOAH,NOAH,Noah Holdings Limited American Depositary Shares,N, ,N,681915352,,,Finance,Investment Managers
BALY,BALY,Bally's Corporation Common Stock,N, ,N,681856714,,,Consumer Discretionary,Hotels/Resorts
QNST,QNST,"QuinStreet, Inc. - Common Stock",Q,Q,N,681302088,,,Consumer Discretionary,Business Services
TMQ,TMQ,Trilogy Metals Inc. Common Stock,A, ,N,679829818,,,Basic Materials,Precious Metals
NTGR,NTGR,"NETGEAR, Inc. - Common Stock",Q,Q,N,676365556,,,Utilities,Telecommunications Equipment
DC,DC,Dakota Gold Corp. Common Stock,A, ,N,676336890,,,Basic Materials,Metal Mining
CWBC,CWBC,Community West Bancshares - Common Stock,Q,S,N,675370387,,,Finance,Major Banks
VEL,VEL,"Velocity Financial, Inc. Common Stock",N, ,N,674798280,,,Finance,Finance: Consumer Services
JBI,JBI,"Janus International Group, Inc. Common Stock",N, ,N,673778747,,,Industrials,Building Products
MTA,MTA,Metalla Royalty & Streaming Ltd. Common Shares,A, ,N,673722314,,,Basic Materials,Precious Metals
QNC,QNC,Quantum eMotion Corp. Common Shares,A, ,N,673464887,,,,
SDHC,SDHC,Smith Douglas Homes Corp. Class A Common Stock,N, ,N,672368959,,,Consumer Discretionary,Homebuilding
VTEX,VTEX,VTEX Class A Common Shares,N, ,N,671983706,,,Technology,Computer Software: Prepackaged Software
ASC,ASC,Ardmore Shipping Corporation Common Stock,N, ,N,670794974,,,Consumer Discretionary,Marine Transportation
HSHP,HSHP,Himalaya Shipping Ltd. Common Shares,N, ,N,670395000,,,Consumer Discretionary,Marine Transportation
CRMD,CRMD,CorMedix Inc. - Common Stock,Q,G,N,669979149,,,Health Care,Biotechnology: Pharmaceutical Preparations
AURA,AURA,"Aura Biosciences, Inc. - Common Stock",Q,G,N,669944896,,,Health Care,Biotechnology: Biological Products (No Diagnostic Substances)
AVTX,AVTX,"Avalo Therapeutics, Inc. - Common Stock",Q,S,N,669685387,,,Health Care,Biotechnology: Pharmaceutical Preparations
OPFI,OPFI,OppFi Inc. Class A Common Stock,N, ,N,669483064,,,Finance,Finance: Consumer Services
BWMX,BWMX,"Betterware de Mexico, S.A.P.I. de C.V. Ordinary Shares",N, ,N,668155925,,,Consumer Discretionary,Catalog/Specialty Distribution
RSVR,RSVR,"Reservoir Media, Inc.. - Common Stock",Q,G,N,667123014,,,Consumer Discretionary,Services-Misc. Amusement & Recreation
KELYB,KELYB,"Kelly Services, Inc. - Class B Common Stock",Q,Q,N,666341832,,,Consumer Discretionary,Professional Services
PKE,PKE,Park Aerospace Corp. Common Stock,N, ,N,666003702,,,Industrials,Military/Government/Technical
SLDP,SLDP,"Solid Power, Inc. - Class A Common Stock",Q,Q,N,664826810,,,Miscellaneous,Industrial Machinery/Components
TIPT,TIPT,Tiptree Inc. - Common Stock,Q,S,N,664614627,,,Finance,Property-Casualty Insurers
SIBN,SIBN,"SI-BONE, Inc. - Common Stock",Q,G,N,663908767,,,Health Care,Medical/Dental Instruments
OXM,OXM,"Oxford Industries, Inc. Common Stock",N, ,N,663384462,,,Industrials,Garments and Clothing
SB,SB,"Safe Bulkers, Inc Common Stock ($0.001 par value)",N, ,N,662546187,,,Consumer Discretionary,Marine Transportation
NXP,NXP,Nuveen Select Tax Free Income Portfolio Common Stock,N, ,N,659399502,,,Finance,Trusts Except Educational Religious and Charitable
CGNT,CGNT,Cognyte Software Ltd. - Ordinary Shares,Q,Q,N,658444152,,,Technology,Computer Software: Prepackaged Software
TCBX,TCBX,"Third Coast Bancshares, Inc. Common Stock",N, ,N,657875615,,,Finance,Banks
AXG,AXG,Solowin Holdings - Class A Ordinary Share,Q,S,N,657065703,,,Finance,Investment Bankers/Brokers/Service
BSTZ,BSTZ,BlackRock Science and Technology Term Trust Common Shares of Beneficial Interest,N, ,N,656093346,,,Finance,Trusts Except Educational Religious and Charitable
NABL,NABL,"N-able, Inc. Common Stock",N, ,N,655556449,,,Technology,Computer Software: Prepackaged Software
SABR,SABR,Sabre Corporation - Common Stock,Q,Q,N,654243467,,,Technology,Computer Software: Programming Data Processing
HRTG,HRTG,"Heritage Insurance Holdings, Inc. Common Stock",N, ,N,653433885,,,Finance,Property-Casualty Insurers
DSGN,DSGN,"Design Therapeutics, Inc. - Common Stock",Q,Q,N,653299948,,,Health Care,Biotechnology: Pharmaceutical Preparations
EVGO,EVGO,EVgo Inc. - Common Stock,Q,Q,N,652827479,,,Technology,EDP Services
SWBI,SWBI,"Smith & Wesson Brands, Inc. - Common Stock",Q,Q,N,652723239,,,Industrials,Ordnance And Accessories
VMO,VMO,Invesco Municipal Opportunity Trust Common Stock,N, ,N,652151424,,,Finance,Trusts Except Educational Religious and Charitable
INN,INN,"Summit Hotel Properties, Inc. Common Stock",N, ,N,648023166,,,Real Estate,Real Estate Investment Trusts
MAKO,MAKO,Mako Mining Corp - Common Stock,Q,S,N,647978388,,,,
URG,URG,Ur Energy Inc Common Shares (Canada),A, ,N,647650920,,,Basic Materials,Precious Metals
XFLT,XFLT,XAI Floating Rate & Alternative Income Trust Common Shares of Beneficial Interest,N, ,N,647300709,,,Finance,Investment Managers
WASH,WASH,"Washington Trust Bancorp, Inc. - Common Stock",Q,Q,N,646895570,,,Finance,Major Banks
FBRT,FBRT,"Franklin BSP Realty Trust, Inc. Common Stock",N, ,N,644950015,,,Real Estate,Real Estate Investment Trusts
SWMR,SWMR,"Swarmer, Inc - common stock",Q,S,N,644365515,,,Technology,Computer Software: Prepackaged Software
TRTX,TRTX,"TPG RE Finance Trust, Inc. Common Stock",N, ,N,643977381,,,Real Estate,Real Estate Investment Trusts
DRUG,DRUG,Bright Minds Biosciences Inc. - common stock,Q,S,N,640531342,,,Health Care,Biotechnology: Pharmaceutical Preparations
ANRO,ANRO,"Alto Neuroscience, Inc. Common Stock",N, ,N,640113466,,,Health Care,Biotechnology: Pharmaceutical Preparations
CTMX,CTMX,"CytomX Therapeutics, Inc. - Common Stock",Q,Q,N,640046582,,,Health Care,Biotechnology: Pharmaceutical Preparations
GRNT,GRNT,"Granite Ridge Resources, Inc. Common Stock",N, ,N,639695552,,,Energy,Oil & Gas Production
RMR,RMR,The RMR Group Inc. - Class A Common Stock,Q,S,N,638968980,,,Consumer Discretionary,Professional Services
HIPO,HIPO,Hippo Holdings Inc. Common Stock,N, ,N,638921403,,,Finance,Property-Casualty Insurers
ALLO,ALLO,"Allogene Therapeutics, Inc. - Common Stock",Q,Q,N,638535938,,,Health Care,Biotechnology: Biological Products (No Diagnostic Substances)
RMT,RMT,"Royce Micro-Cap Trust, Inc. Common Stock",N, ,N,638513677,,,Finance,Investment Managers
DNUT,DNUT,"Krispy Kreme, Inc. - Common Stock",Q,Q,N,637880000,,,Consumer Staples,Food Chains
FWRG,FWRG,"First Watch Restaurant Group, Inc. - Common Stock",Q,Q,N,637408111,,,Consumer Discretionary,Restaurants
RWT,RWT,"Redwood Trust, Inc. Common Stock",N, ,N,637348101,,,Real Estate,Real Estate Investment Trusts
CARE,CARE,"Carter Bankshares, Inc. - Common Stock",Q,Q,N,637327247,,,Finance,Major Banks
TDUP,TDUP,ThredUp Inc. - Class A Common Stock,Q,Q,N,636171371,,,Consumer Discretionary,Catalog/Specialty Distribution
BTGO,BTGO,"BitGo Holdings, Inc. Class A Common Stock",N, ,N,635457561,,,Finance,Finance: Consumer Services
VRRM,VRRM,Verra Mobility Corporation - Class A Common Stock,Q,S,N,634969810,,,Consumer Discretionary,Transportation Services
OFRM,OFRM,"Once Upon a Farm, PBC Common Stock",N, ,N,634815770,,,Consumer Staples,Packaged Foods
TMCR,TMCR,The Metals Royalty Company Inc. - Common Stock,Q,S,N,633202800,,,Basic Materials,Precious Metals
HOV,HOV,"Hovnanian Enterprises, Inc. Class A Common Stock",N, ,N,632895072,,,Consumer Discretionary,Homebuilding
DGICA,DGICA,"Donegal Group, Inc. - Class A Common Stock",Q,Q,N,632807219,,,Finance,Property-Casualty Insurers
VBNK,VBNK,VersaBank - Common Shares,Q,Q,N,632088369,,,Finance,Commercial Banks
SWIM,SWIM,"Latham Group, Inc. - Common Stock",Q,Q,N,631674349,,,Industrials,Plastic Products
SLDB,SLDB,Solid Biosciences Inc. - Common Stock,Q,Q,N,631061974,,,Health Care,Biotechnology: Biological Products (No Diagnostic Substances)
VINP,VINP,Vinci Compass Investments Ltd. - Class A Common Shares,Q,Q,N,630669025,,,Finance,Investment Managers
ISOU,ISOU,IsoEnergy Ltd. Common Shares,A, ,N,629934603,,,,
PSTL,PSTL,"Postal Realty Trust, Inc. Class A Common Stock",N, ,N,629271485,,,Real Estate,Real Estate Investment Trusts
HY,HY,"Hyster-Yale, Inc. Class A common stock",N, ,N,628131524,,,Industrials,Construction/Ag Equipment/Trucks
EH,EH,EHang Holdings Limited - ADS,Q,G,N,626988113,,,Industrials,Aerospace
SGP,SGP,"SpyGlass Pharma, Inc. - Common Stock",Q,Q,N,626541073,,,Health Care,Medical/Dental Instruments
OIO,OIO,OIO Group - Ordinary Shares,Q,S,N,626439794,,,Utilities,Environmental Services
MCS,MCS,Marcus Corporation (The) Common Stock,N, ,N,625321577,,,Consumer Discretionary,Movies/Entertainment
CNNE,CNNE,"Cannae Holdings, Inc. Common Stock",N, ,N,624833995,,,Consumer Discretionary,Restaurants
BCAL,BCAL,California BanCorp - Common Stock,Q,S,N,623675937,,,Finance,Major Banks
BBOT,BBOT,"BridgeBio Oncology Therapeutics, Inc. - Common Stock",Q,G,N,623233269,,,Health Care,Biotechnology: Pharmaceutical Preparations
CADL,CADL,"Candel Therapeutics, Inc. - Common Stock",Q,G,N,622797032,,,Health Care,Biotechnology: Biological Products (No Diagnostic Substances)
NCDL,NCDL,Nuveen Churchill Direct Lending Corp. Common Stock,N, ,N,622277019,,,,
HIFS,HIFS,Hingham Institution for Savings - Common Stock,Q,G,N,621951462,,,Finance,Banks
BTBT,BTBT,"Bit Digital, Inc. - Ordinary Share",Q,S,N,621558948,,,Finance,Finance: Consumer Services
OCS,OCS,Oculis Holding AG - Ordinary shares,Q,G,N,621013331,,,Health Care,Biotechnology: Pharmaceutical Preparations
CLB,CLB,Core Laboratories Inc. Common Stock,N, ,N,619078439,,,Energy,Oilfield Services/Equipment
MAMA,MAMA,"Mama's Creations, Inc. - Common Stock",Q,S,N,618746400,,,Consumer Staples,Specialty Foods
BBNX,BBNX,"Beta Bionics, Inc. - Common Stock",Q,G,N,618070710,,,Health Care,Medical/Dental Instruments
CCSI,CCSI,"Consensus Cloud Solutions, Inc. - Common Stock",Q,Q,N,617803161,,,Technology,Computer Software: Prepackaged Software
CLYM,CLYM,"Climb Bio, Inc. - Common Stock",Q,G,N,616722758,,,Health Care,Biotechnology: Pharmaceutical Preparations
GRPN,GRPN,"Groupon, Inc. - Common Stock",Q,Q,N,614580796,,,Consumer Discretionary,Advertising
NFGC,NFGC,New Found Gold Corp Common Shares,A, ,N,614532078,,,Basic Materials,Precious Metals
RGR,RGR,"Sturm, Ruger & Company, Inc. Common Stock",N, ,N,613215970,,,Industrials,Ordnance And Accessories
AROW,AROW,Arrow Financial Corporation - Common Stock,Q,Q,N,612896025,,,Finance,Major Banks
CSTL,CSTL,"Castle Biosciences, Inc. - Common stock",Q,G,N,610238634,,,Health Care,Medical Specialities
ELA,ELA,Envela Corporation Common Stock,A, ,N,610141686,,,Consumer Discretionary,Consumer Specialties
KE,KE,"Kimball Electronics, Inc. - Common Stock",Q,Q,N,609399760,,,Technology,Electrical Products
ACRS,ACRS,"Aclaris Therapeutics, Inc. - Common Stock",Q,Q,N,608933645,,,Health Care,Biotechnology: Pharmaceutical Preparations
PFIS,PFIS,Peoples Financial Services Corp.  - Common Stock,Q,Q,N,608861782,,,Finance,Major Banks
BTQ,BTQ,BTQ Technologies Corp. - Common Stock,Q,G,N,608558804,,,,
CASS,CASS,"Cass Information Systems, Inc - Common Stock",Q,Q,N,608547925,,,Consumer Discretionary,Business Services
NFBK,NFBK,"Northfield Bancorp, Inc. - Common Stock",Q,Q,N,606411131,,,Finance,Savings Institutions
BLMN,BLMN,"Bloomin' Brands, Inc. - Common Stock",Q,Q,N,605293009,,,Consumer Discretionary,Restaurants
ONT,ONT,"Onterris, Inc. Common Stock",N, ,N,603163699,,,Consumer Discretionary,Professional Services
IHRT,IHRT,"iHeartMedia, Inc. - Class A Common Stock",Q,Q,N,603098064,,,Consumer Discretionary,Broadcasting
NPB,NPB,"Northpointe Bancshares, Inc. Common Stock",N, ,N,601724051,,,Finance,Major Banks
SMC,SMC,Summit Midstream Corporation Common Stock,N, ,N,600603376,,,Utilities,Natural Gas Distribution
CSV,CSV,"Carriage Services, Inc. Common Stock",N, ,N,600291445,,,Consumer Discretionary,Other Consumer Services
RLMD,RLMD,"Relmada Therapeutics, Inc. - Common Stock",Q,S,N,599972076,,,Health Care,Biotechnology: Pharmaceutical Preparations
BHB,BHB,"Bar Harbor Bankshares, Inc. Common Stock",A, ,N,599702165,,,Finance,Major Banks
MLAB,MLAB,"Mesa Laboratories, Inc. - Common Stock",Q,Q,N,599234016,,,Industrials,Industrial Machinery/Components
RRBI,RRBI,"Red River Bancshares, Inc. - Common Stock",Q,Q,N,598153785,,,Consumer Discretionary,Hotels/Resorts
MSBI,MSBI,"Midland States Bancorp, Inc. - Common Stock",Q,Q,N,596189019,,,Finance,Major Banks
FET,FET,"Forum Energy Technologies, Inc. Common Stock",N, ,N,593814144,,,Consumer Discretionary,Oil and Gas Field Machinery
AMSF,AMSF,"AMERISAFE, Inc. - Common Stock",Q,Q,N,588981749,,,Finance,Property-Casualty Insurers
SERV,SERV,Serve Robotics Inc. - Common Stock,Q,S,N,588810783,,,Consumer Discretionary,Industrial Specialties
WTI,WTI,"W&T Offshore, Inc. Common Stock",N, ,N,587671907,,,Energy,Oil & Gas Production
HELE,HELE,Helen of Troy Limited - Common Stock,Q,Q,N,587489628,,,Consumer Discretionary,Home Furnishings
GYRE,GYRE,"Gyre Therapeutics, Inc. - Common Stock",Q,S,N,587021348,,,Health Care,Biotechnology: Pharmaceutical Preparations
IIM,IIM,Invesco Value Municipal Income Trust Common Stock,N, ,N,586519818,,,Finance,Investment Managers
SCZM,SCZM,Santacruz Silver Mining Ltd. - Common Shares,Q,S,N,586391032,,,,
TLRY,TLRY,"Tilray Brands, Inc. - Common Stock",Q,Q,N,586108678,,,Health Care,Medicinal Chemicals and Botanical Products
PACK,PACK,Ranpak Holdings Corp Class A Common Stock,N, ,N,584271496,,,Consumer Discretionary,Containers/Packaging
VLGEA,VLGEA,"Village Super Market, Inc. - Class A Common Stock",Q,Q,N,582161091,,,Consumer Staples,Food Chains
PRAA,PRAA,"PRA Group, Inc. - Common Stock",Q,Q,N,579741498,,,Finance,Finance: Consumer Services
KRT,KRT,Karat Packaging Inc. - Common Stock,Q,Q,N,579547111,,,Industrials,Plastic Products
HQ,HQ,Horizon Quantum Holdings Ltd. - Class A Ordinary Shares,Q,S,N,578706663,,,Technology,EDP Services
PHR,PHR,"Phreesia, Inc. Common Stock",N, ,N,577323043,,,Consumer Discretionary,Business Services
BWAY,BWAY,BrainsWay Ltd. - American Depositary Shares,Q,G,N,576875905,,,Health Care,Medical/Dental Instruments
EGY,EGY,"VAALCO Energy, Inc.  Common Stock",N, ,N,576548139,,,Energy,Oil & Gas Production
ASIX,ASIX,AdvanSix Inc. Common Stock ,N, ,N,576114599,,,Industrials,Major Chemicals
GEMI,GEMI,"Gemini Space Station, Inc. - Class A Common Stock",Q,Q,N,573784578,,,Finance,Investment Bankers/Brokers/Service
MAX,MAX,"MediaAlpha, Inc. Class A Common Stock",N, ,N,571753370,,,Consumer Discretionary,Business Services
GMRS,GMRS,GMR Solutions Inc. Class A Common Stock,N, ,N,571443902,,,Consumer Discretionary,Transportation Services
MG,MG,Mistras Group Inc Common Stock,N, ,N,570791257,,,Consumer Discretionary,Military/Government/Technical
LEGH,LEGH,Legacy Housing Corporation - Common Stock,Q,Q,N,570282792,,,Consumer Discretionary,Homebuilding
MRAM,MRAM,"Everspin Technologies, Inc. - Common Stock",Q,G,N,569776121,,,Technology,Semiconductors
TCMD,TCMD,"Tactile Systems Technology, Inc. - Common Stock",Q,G,N,569545565,,,Health Care,Medical/Dental Instruments
DDL,DDL,Dingdong (Cayman) Limited American Depositary Shares (each two representing three Ordinary Shares),N, ,N,569308721,,,Consumer Discretionary,Catalog/Specialty Distribution
ILPT,ILPT,Industrial Logistics Properties Trust - Common Shares of Beneficial Interest,Q,Q,N,567989813,,,Real Estate,Real Estate Investment Trusts
ACNB,ACNB,ACNB Corporation - Common Stock,Q,S,N,567176924,,,Finance,Major Banks
TATT,TATT,TAT Technologies Ltd. - Ordinary Shares,Q,G,N,566843761,,,Industrials,Aerospace
BWMN,BWMN,Bowman Consulting Group Ltd. - Common Stock,Q,G,N,566375195,,,Consumer Discretionary,Professional Services
SUJA,SUJA,"Suja Life, Inc. - Class A Common Stock",Q,Q,N,565470176,,,Consumer Staples,Beverages (Production/Distribution)
SFST,SFST,"Southern First Bancshares, Inc. - Common Stock",Q,G,N,564567902,,,Finance,Major Banks
ODD,ODD,ODDITY Tech Ltd. - Class A Ordinary Shares,Q,G,N,562600882,,,Consumer Discretionary,Package Goods/Cosmetics
ACHV,ACHV,"Achieve Life Sciences, Inc.  - Common Shares",Q,S,N,562571632,,,Health Care,Biotechnology: In Vitro & In Vivo Diagnostic Substances
CLFD,CLFD,"Clearfield, Inc. - Common Stock",Q,G,N,558526806,,,Utilities,Telecommunications Equipment
SD,SD,"SandRidge Energy, Inc. Common Stock",N, ,N,558204076,,,Energy,Oil & Gas Production
WRN,WRN,Western Copper and Gold Corporation Common Stock,A, ,N,557314622,,,Basic Materials,Metal Mining
HUYA,HUYA,"HUYA Inc. American depositary shares, each  representing one Class A ordinary share",N, ,N,556597907,,,Technology,Computer Software: Programming Data Processing
RIGL,RIGL,"Rigel Pharmaceuticals, Inc. - Common Stock",Q,Q,N,556542566,,,Health Care,Biotechnology: Pharmaceutical Preparations
GPRK,GPRK,Geopark Ltd Common Shares,N, ,N,556369450,,,Energy,Oil & Gas Production
TITN,TITN,Titan Machinery Inc. - Common Stock,Q,Q,N,556156725,,,Consumer Discretionary,Other Specialty Stores
BDN,BDN,Brandywine Realty Trust Common Stock,N, ,N,555877904,,,Real Estate,Real Estate Investment Trusts
AGCC,AGCC,Agencia Comercial Spirits Ltd - Class A Ordinary Share,Q,S,N,555568850,,,Consumer Staples,Beverages (Production/Distribution)
CSHR,CSHR,CoinShares PLC - Ordinary Shares,Q,Q,N,554794680,,,Finance,Investment Bankers/Brokers/Service
THM,THM,"International Tower Hill Mines, Ltd. Ordinary Shares (Canada)",A, ,N,554671443,,,Basic Materials,Metal Mining
NEXN,NEXN,Nexxen International Ltd. - Ordinary Shares,Q,G,N,553348935,,,Technology,Computer Software: Programming Data Processing
IIIV,IIIV,"i3 Verticals, Inc. - Common Stock",Q,Q,N,552206032,,,Technology,Computer Software: Prepackaged Software
NRIM,NRIM,Northrim BanCorp Inc - Common Stock,Q,Q,N,551892644,,,Finance,Savings Institutions
MDXG,MDXG,"MiMedx Group, Inc - Common Stock",Q,S,N,551099205,,,Health Care,Biotechnology: Pharmaceutical Preparations
TRAX,TRAX,"First Tracks Biotherapeutics, Inc. - Ordinary Shares",Q,Q,N,549555001,,,Health Care,Biotechnology: Pharmaceutical Preparations
UNTY,UNTY,"Unity Bancorp, Inc. - Common Stock",Q,G,N,549337748,,,Finance,Major Banks
IMMX,IMMX,"Immix Biopharma, Inc. - Common Stock",Q,S,N,549252148,,,Health Care,Biotechnology: Pharmaceutical Preparations
TECX,TECX,"Tectonic Therapeutic, Inc. - Common Stock",Q,G,N,549093313,,,Health Care,Biotechnology: Biological Products (No Diagnostic Substances)
CTRN,CTRN,"Citi Trends, Inc. - Common Stock",Q,Q,N,548820581,,,Consumer Discretionary,Clothing/Shoe/Accessory Stores
CIVB,CIVB,"Civista Bancshares, Inc.  - Common Stock",Q,S,N,548056887,,,Finance,Major Banks
PAR,PAR,PAR Technology Corporation Common Stock,N, ,N,547749523,,,Miscellaneous,Office Equipment/Supplies/Services
XMAX,XMAX,"XMAX, Inc. - Common Stock",Q,S,N,546343980,,,Consumer Discretionary,Home Furnishings
MLR,MLR,"Miller Industries, Inc. Common Stock",N, ,N,545512925,,,Consumer Discretionary,Construction/Ag Equipment/Trucks
RR,RR,Richtech Robotics Inc. - Class B Common Stock,Q,S,N,544456194,,,Industrials,Industrial Machinery/Components
BBCP,BBCP,"Concrete Pumping Holdings, Inc.  - Common Stock",Q,S,N,544248936,,,Consumer Discretionary,Engineering & Construction
KRUS,KRUS,"Kura Sushi USA, Inc. - Class A Common Stock",Q,G,N,543739198,,,Consumer Discretionary,Restaurants
IIIN,IIIN,"Insteel Industries, Inc. Common Stock",N, ,N,543547919,,,Industrials,Steel/Iron Ore
VGM,VGM,Invesco Trust for Investment Grade Municipals Common Stock (DE),N, ,N,543404319,,,Finance,Trusts Except Educational Religious and Charitable
UHT,UHT,Universal Health Realty Income Trust Common Stock,N, ,N,542813394,,,Real Estate,Real Estate Investment Trusts
KRNY,KRNY,Kearny Financial - Common Stock,Q,Q,N,541866694,,,Finance,Savings Institutions
IRWD,IRWD,"Ironwood Pharmaceuticals, Inc. - Class A Common Stock",Q,Q,N,541578106,,,Health Care,Biotechnology: Pharmaceutical Preparations
BWB,BWB,"Bridgewater Bancshares, Inc. - Common Stock",Q,S,N,541494987,,,Finance,Major Banks
GDYN,GDYN,"Grid Dynamics Holdings, Inc. - Class A Common Stock",Q,S,N,541060569,,,Technology,Computer Software: Prepackaged Software
RYAM,RYAM,Rayonier Advanced Materials Inc. Common Stock,N, ,N,538834007,,,Basic Materials,Paper
VKQ,VKQ,Invesco Municipal Trust Common Stock,N, ,N,538414561,,,Finance,Trusts Except Educational Religious and Charitable
CLDT,CLDT,Chatham Lodging Trust (REIT) Common Shares of Beneficial Interest,N, ,N,538234467,,,Real Estate,Real Estate Investment Trusts
GMTL,GMTL,Guardian Metal Resources PLC ADS,A, ,N,538178137,,,Basic Materials,Metal Mining
PRME,PRME,"Prime Medicine, Inc. - Common Stock",Q,G,N,534627655,,,Health Care,Biotechnology: Biological Products (No Diagnostic Substances)
CBNK,CBNK,"Capital Bancorp, Inc. - Common Stock",Q,Q,N,534617871,,,Finance,Major Banks
FIP,FIP,FTAI Infrastructure Inc. - Common Stock,Q,Q,N,534099269,,,Energy,Oil Refining/Marketing
NPCE,NPCE,"Neuropace, Inc. - Common Stock",Q,G,N,532885234,,,Health Care,Medical/Dental Instruments
MBUU,MBUU,"Malibu Boats, Inc. - Common Stock",Q,G,N,531967766,,,Industrials,Marine Transportation
ALT,ALT,"Altimmune, Inc. - Common Stock",Q,G,N,530914440,,,Health Care,Biotechnology: Pharmaceutical Preparations
OLP,OLP,"One Liberty Properties, Inc. Common Stock",N, ,N,527376058,,,Real Estate,Real Estate Investment Trusts
ETD,ETD,Ethan Allen Interiors Inc. Common Stock,N, ,N,526484754,,,Consumer Discretionary,Home Furnishings
XOMA,XOMA,XOMA Royalty Corporation - Common Stock,Q,G,N,525719978,,,Health Care,Biotechnology: Pharmaceutical Preparations
OSPN,OSPN,OneSpan Inc. - Common Stock,Q,S,N,525322285,,,Technology,EDP Services
NRDS,NRDS,"NerdWallet, Inc. - Class A Common Stock",Q,G,N,525074288,,,Technology,EDP Services
EVH,EVH,"Evolent Health, Inc Class A Common Stock",N, ,N,524161772,,,Consumer Discretionary,Other Consumer Services
PUBM,PUBM,"PubMatic, Inc. - Class A Common Stock",Q,G,N,522022973,,,Technology,Computer Software: Programming Data Processing
CABA,CABA,"Cabaletta Bio, Inc. - Common Stock",Q,Q,N,521775347,,,Health Care,Biotechnology: Biological Products (No Diagnostic Substances)
CTKB,CTKB,"Cytek Biosciences, Inc. - Common Stock",Q,Q,N,521736051,,,Industrials,Biotechnology: Laboratory Analytical Instruments
IQI,IQI,Invesco Quality Municipal Income Trust Common Stock,N, ,N,521434238,,,Finance,Finance Companies
CERS,CERS,Cerus Corporation - Common Stock,Q,G,N,520959332,,,Technology,EDP Services
ASTL,ASTL,Algoma Steel Group Inc. - Common Shares,Q,G,N,520619778,,,Industrials,Steel/Iron Ore
ELMT,ELMT,The Elmet Group Co. - Common Stock,Q,S,N,520450422,,,Industrials,Metal Fabrications
ANGX,ANGX,"Angel Studios, Inc. Class A Common Stock",N, ,N,520090496,,,Consumer Discretionary,Movies/Entertainment
FLGT,FLGT,"Fulgent Genetics, Inc. - Common Stock",Q,G,N,520015407,,,Health Care,Medical Specialities
CARS,CARS,Cars.com Inc. Common Stock ,N, ,N,519898151,,,Technology,EDP Services
CPS,CPS,Cooper-Standard Holdings Inc. Common Stock,N, ,N,519519610,,,Consumer Discretionary,Auto Parts:O.E.M.
ZSQR,ZSQR,Z Squared Inc. - Common Stock,Q,G,N,518429449,,,Finance,Finance: Consumer Services
ABAT,ABAT,American Battery Technology Company - Common Stock,Q,S,N,518374754,,,Basic Materials,Metal Mining
TASK,TASK,"TaskUs, Inc. - Class A Common Stock",Q,Q,N,518332640,,,Technology,EDP Services
IDR,IDR,"Idaho Strategic Resources, Inc. Common Stock",A, ,N,518089079,,,Basic Materials,Precious Metals
NGS,NGS,"Natural Gas Services Group, Inc. Common Stock",N, ,N,517918785,,,Energy,Oilfield Services/Equipment
AIOT,AIOT,"PowerFleet, Inc. - Common Stock",Q,G,N,517808489,,,Telecommunications,Telecommunications Equipment
TRC,TRC,Tejon Ranch Co Common Stock,N, ,N,517671166,,,Finance,Real Estate
NVEC,NVEC,NVE Corporation - Common Stock,Q,S,N,516947930,,,Technology,Semiconductors
PROK,PROK,ProKidney Corp. - Class A Ordinary Shares,Q,S,N,516521960,,,Health Care,Biotechnology: Biological Products (No Diagnostic Substances)
CINT,CINT,CI&T Inc Class A Common Shares,N, ,N,515559012,,,Technology,EDP Services
HBCP,HBCP,"Home Bancorp, Inc. - Common Stock",Q,Q,N,514476594,,,Finance,Banks
AHRT,AHRT,"AH Realty Trust, Inc. Common Stock",N, ,N,514218031,,,Finance,Real Estate
EBF,EBF,"Ennis, Inc. Common Stock",N, ,N,513807904,,,Consumer Discretionary,Office Equipment/Supplies/Services
ELVA,ELVA,Electrovaya Inc. - Common Shares,Q,S,N,512402418,,,,
BSRR,BSRR,Sierra Bancorp - Common Stock,Q,Q,N,512311637,,,Finance,Major Banks
TYG,TYG,Tortoise Energy Infrastructure Corporation Common Stock,N, ,N,511468481,,,Finance,Investment Managers
GLRE,GLRE,"Greenlight Reinsurance, Ltd. - Class A Ordinary Shares",Q,Q,N,509768306,,,Finance,Property-Casualty Insurers
VCV,VCV,Invesco California Value Municipal Income Trust Common Stock,N, ,N,509076281,,,Finance,Trusts Except Educational Religious and Charitable
SRTA,SRTA,"Strata Critical Medical, Inc. - Class A Common Stock",Q,S,N,507910966,,,Consumer Discretionary,Transportation Services
AGMB,AGMB,AgomAb Therapeutics NV - ADRs representing one common share.,Q,Q,N,507746622,,,Health Care,Biotechnology: Biological Products (No Diagnostic Substances)
RBBN,RBBN,Ribbon Communications Inc.  - Common Stock,Q,Q,N,507280513,,,Technology,EDP Services
TOI,TOI,"The Oncology Institute, Inc. - Common Stock",Q,S,N,506913470,,,Health Care,Medical/Nursing Services
OPTU,OPTU,"Optimum Communications, Inc. Class A common stock",N, ,N,505056769,,,Telecommunications,Cable & Other Pay Television Services
CTGO,CTGO,Contango Silver & Gold Inc. Common Stock,A, ,N,504032436,,,Basic Materials,Precious Metals
DNA,DNA,"Ginkgo Bioworks Holdings, Inc. Class A Common Stock",N, ,N,502675766,,,Health Care,Biotechnology: Biological Products (No Diagnostic Substances)
OIS,OIS,"Oil States International, Inc. Common Stock",N, ,N,502013081,,,Consumer Discretionary,Oil and Gas Field Machinery
INV,INV,"Innventure, Inc. - Common Stock",Q,G,N,500906698,,,Finance,Blank Checks
SFIX,SFIX,"Stitch Fix, Inc. - Class A Common Stock",Q,Q,N,499672423,,,Consumer Discretionary,Catalog/Specialty Distribution
CRNC,CRNC,Cerence Inc. - Common Stock,Q,Q,N,498873411,,,Technology,Computer Software: Prepackaged Software
CHCT,CHCT,Community Healthcare Trust Incorporated Common Stock,N, ,N,496863480,,,Real Estate,Real Estate Investment Trusts
NUAI,NUAI,"New Era Energy & Digital, Inc. - Common Stock",Q,G,N,496832002,,,Energy,Oil & Gas Production
TOYO,TOYO,"TOYO Co., Ltd - Ordinary Shares",Q,S,N,496530811,,,Consumer Discretionary,Miscellaneous manufacturing industries
ETO,ETO,Eaton Vance Tax-Advantage Global Dividend Opp Common Stock,N, ,N,495905056,,,Finance,Investment Managers
ADV,ADV,Advantage Solutions Inc.  - Class A Common Stock,Q,Q,N,495648038,,,Consumer Discretionary,Business Services
ACIC,ACIC,American Coastal Insurance Corporation - Common Stock,Q,S,N,494817920,,,Finance,Property-Casualty Insurers
MSC,MSC,"Studio City International Holdings Limited American depositary shares, each representing four  Class A ordinary shares",N, ,N,493054637,,,Consumer Discretionary,Hotels/Resorts
ANGO,ANGO,"AngioDynamics, Inc. - Common Stock",Q,Q,N,492934656,,,Health Care,Medical/Dental Instruments
TREE,TREE,"LendingTree, Inc. - Common Stock",Q,Q,N,491843885,,,Finance,Finance: Consumer Services
PRTH,PRTH,"Priority Technology Holdings, Inc. - Common Stock",Q,S,N,490836813,,,Consumer Discretionary,Business Services
RPD,RPD,"Rapid7, Inc. - Common Stock",Q,G,N,490536736,,,Technology,Computer Software: Prepackaged Software
AQST,AQST,"Aquestive Therapeutics, Inc. - Common Stock",Q,G,N,490509965,,,Health Care,Biotechnology: Pharmaceutical Preparations
FBIZ,FBIZ,"First Business Financial Services, Inc. - Common Stock",Q,Q,N,488517738,,,Finance,Major Banks
ADUR,ADUR,Aduro Clean Technologies Inc. - Common Stock,Q,S,N,487766923,,,Industrials,Major Chemicals
ITRG,ITRG,Integra Resources Corp. Common Shares,A, ,N,487426503,,,Basic Materials,Precious Metals
EIKN,EIKN,"Eikon Therapeutics, Inc. - Common Stock",Q,Q,N,486164879,,,Health Care,Biotechnology: Biological Products (No Diagnostic Substances)
SSTK,SSTK,"Shutterstock, Inc. Common Stock",N, ,N,485676545,,,Technology,EDP Services
VELO,VELO,"Velo3D, Inc. - Common stock",Q,S,N,483670262,,,Technology,Industrial Machinery/Components
YORW,YORW,The York Water Company - Common Stock,Q,Q,N,481255275,,,Utilities,Water Supply
GCBC,GCBC,"Greene County Bancorp, Inc. - Common Stock",Q,S,N,480288932,,,Finance,Banks
BETR,BETR,Better Home & Finance Holding Company - Class A Common Stock,Q,G,N,480236995,,,Finance,Finance: Consumer Services
ECX,ECX,ECARX Holdings Inc. - Class A Ordinary shares,Q,G,N,480135580,,,Technology,EDP Services
OPTX,OPTX,"Syntec Optics Holdings, Inc. - Class A Common Stock",Q,S,N,479733347,,,Technology,Electronic Components
COFS,COFS,"ChoiceOne Financial Services, Inc. - Common Stock",Q,S,N,479500621,,,Finance,Major Banks
JOUT,JOUT,Johnson Outdoors Inc. - Class A Common Stock,Q,Q,N,477017474,,,Consumer Discretionary,Recreational Games/Products/Toys
XRN,XRN,Chiron Real Estate Inc. Common Stock,N, ,N,476586228,,,Real Estate,Real Estate Investment Trusts
CBIO,CBIO,"Crescent Biopharma, Inc. - Common Stock",Q,S,N,476443037,,,Health Care,Biotechnology: Pharmaceutical Preparations
TWI,TWI,"Titan International, Inc. (DE) Common Stock",N, ,N,475708784,,,Industrials,Steel/Iron Ore
LXFR,LXFR,Luxfer Holdings PLC Ordinary Shares,N, ,N,475552380,,,Basic Materials,Major Chemicals
PANL,PANL,Pangaea Logistics Solutions Ltd. - Common Stock,Q,S,N,472949893,,,Consumer Discretionary,Marine Transportation
ESEA,ESEA,Euroseas Ltd. - Common Stock,Q,S,N,472108998,,,Consumer Discretionary,Marine Transportation
PKOH,PKOH,Park-Ohio Holdings Corp. - Common Stock,Q,Q,N,471108090,,,Industrials,Industrial Specialties
CWCO,CWCO,Consolidated Water Co. Ltd. - Ordinary Shares,Q,Q,N,471045594,,,Utilities,Water Supply
UXIN,UXIN,Uxin Limited - American Depositary Shares,Q,Q,N,470757759,,,Consumer Discretionary,Business Services
GRRR,GRRR,Gorilla Technology Group Inc. - Ordinary shares,Q,S,N,470668680,,,Technology,Computer Software: Prepackaged Software
ULH,ULH,"Universal Logistics Holdings, Inc. - Common Stock",Q,Q,N,470171591,,,Industrials,Trucking Freight/Courier Services
KYTX,KYTX,"Kyverna Therapeutics, Inc. - Common Stock",Q,Q,N,468731085,,,Health Care,Biotechnology: Biological Products (No Diagnostic Substances)
KIDS,KIDS,OrthoPediatrics Corp. - Common Stock,Q,G,N,468237441,,,Health Care,Medical/Dental Instruments
ASPN,ASPN,"Aspen Aerogels, Inc. Common Stock",N, ,N,467428835,,,Consumer Discretionary,RETAIL: Building Materials
GOGO,GOGO,Gogo Inc. - Common Stock,Q,Q,N,467249097,,,Consumer Discretionary,Telecommunications Equipment
WILC,WILC,"G. Willi-Food International,  Ltd. - Ordinary Shares",Q,S,N,466526082,,,Consumer Discretionary,Food Distributors
IPI,IPI,"Intrepid Potash, Inc Common Stock",N, ,N,465723150,,,Industrials,Mining & Quarrying of Nonmetallic Minerals (No Fuels)
OBT,OBT,"Orange County Bancorp, Inc. - Common Stock",Q,S,N,464986111,,,Finance,Major Banks
XRX,XRX,Xerox Holdings Corporation - Common Stock,Q,Q,N,464255698,,,Technology,Computer peripheral equipment
VALN,VALN,Valneva SE - American Depositary Shares,Q,Q,N,462585644,,,Health Care,Biotechnology: Biological Products (No Diagnostic Substances)
CTEV,CTEV,Claritev Corporation Class A Common Stock,N, ,N,461483648,,,Consumer Discretionary,Business Services
UROY,UROY,Uranium Royalty Corp. - Common Stock,Q,S,N,461419897,,,Finance,Investment Bankers/Brokers/Service
ARVN,ARVN,"Arvinas, Inc. - Common Stock",Q,Q,N,461326566,,,Health Care,Biotechnology: Pharmaceutical Preparations
CAL,CAL,"Caleres, Inc. Common Stock",N, ,N,461269718,,,Consumer Discretionary,Shoe Manufacturing
GUT,GUT,Gabelli Utility Trust (The) Common Stock,N, ,N,460945902,,,Finance,Trusts Except Educational Religious and Charitable
OOMA,OOMA,"Ooma, Inc. Common Stock",N, ,N,460239088,,,Technology,EDP Services
SCVL,SCVL,"Shoe Carnival, Inc. - Common Stock",Q,Q,N,459810348,,,Consumer Discretionary,Clothing/Shoe/Accessory Stores
ITIC,ITIC,Investors Title Company - Common Stock,Q,Q,N,459443827,,,Finance,Specialty Insurers
HTT,HTT,"High Templar Tech Limited American depositary shares, each representing one Class A ordinary share",N, ,N,458086337,,,Finance,Finance: Consumer Services
PDLB,PDLB,"Ponce Financial Group, Inc. - Common Stock",Q,G,N,456909450,,,Finance,Savings Institutions
BLZE,BLZE,"Backblaze, Inc. - Common Stock",Q,G,N,456000000,,,Technology,Computer Software: Prepackaged Software
KLC,KLC,"KinderCare Learning Companies, Inc. Common Stock",N, ,N,455948951,,,Consumer Discretionary,Other Consumer Services
DCBO,DCBO,Docebo Inc. - Common Shares,Q,Q,N,454415250,,,Technology,Computer Software: Prepackaged Software
IMXI,IMXI,"International Money Express, Inc. - Common Stock",Q,S,N,454125884,,,Consumer Discretionary,Business Services
ZKH,ZKH,"ZKH Group Limited American Depositary Shares, each representing thirty-five (35) Class A Ordinary Shares",N, ,N,452920053,,,Consumer Discretionary,RETAIL: Building Materials
NGNE,NGNE,Neurogene Inc. - Common Stock,Q,G,N,451934369,,,Health Care,Biotechnology: Pharmaceutical Preparations
FDMT,FDMT,"4D Molecular Therapeutics, Inc. - Common Stock",Q,Q,N,451666835,,,Health Care,Biotechnology: Biological Products (No Diagnostic Substances)
FRPH,FRPH,"FRP Holdings, Inc. - Common Stock",Q,Q,N,451268274,,,Finance,Real Estate
WEAV,WEAV,"Weave Communications, Inc. Common Stock",N, ,N,451137150,,,Technology,Computer Software: Prepackaged Software
DBI,DBI,Designer Brands Inc. Class A Common Stock,N, ,N,450655746,,,Consumer Discretionary,Clothing/Shoe/Accessory Stores
ALMU,ALMU,"Aeluma, Inc. - Common Stock",Q,S,N,448297654,,,Technology,Semiconductors
KREF,KREF,KKR Real Estate Finance Trust Inc. Common Stock,N, ,N,448173906,,,Real Estate,Real Estate Investment Trusts
ACTG,ACTG,Acacia Research Corporation - Common Stock,Q,Q,N,448173572,,,Miscellaneous,Multi-Sector Companies
PRTA,PRTA,Prothena Corporation plc - Ordinary Shares,Q,Q,N,448143709,,,Health Care,Biotechnology: Pharmaceutical Preparations
MFI,MFI,mF International Limited - Class A Ordinary Shares,Q,S,N,446570485,,,Technology,EDP Services
DGXX,DGXX,Digi Power X Inc. - Common Subordinate Voting Shares,Q,S,N,443975376,,,Finance,Finance: Consumer Services
CLMB,CLMB,"Climb Global Solutions, Inc. - Common Stock",Q,G,N,442055444,,,Technology,Retail: Computer Software & Peripheral Equipment
FPI,FPI,Farmland Partners Inc. Common Stock,N, ,N,441842246,,,Real Estate,Real Estate Investment Trusts
ALTI,ALTI,"AlTi Global, Inc. - Class A Common Stock",Q,S,N,441207914,,,Finance,Investment Managers
DDD,DDD,3D Systems Corporation Common Stock,N, ,N,440841159,,,Technology,Computer Software: Prepackaged Software
MNRO,MNRO,"Monro, Inc.  - Common Stock",Q,Q,N,440770905,,,Consumer Discretionary,Automotive Aftermarket
STRZ,STRZ,Starz Entertainment Corp. - Common Shares,Q,Q,N,440713324,,,Consumer Discretionary,Movies/Entertainment
OVID,OVID,Ovid Therapeutics Inc. - Common Stock,Q,S,N,440470641,,,Health Care,Biotechnology: Pharmaceutical Preparations
EOLS,EOLS,"Evolus, Inc. - Common Stock",Q,G,N,439909737,,,Health Care,Biotechnology: Pharmaceutical Preparations
CGC,CGC,Canopy Growth Corporation - Common Shares,Q,Q,N,438213334,,,Health Care,Medicinal Chemicals and Botanical Products
PSFE,PSFE,Paysafe Limited Common Shares,N, ,N,437456751,,,Consumer Discretionary,Business Services
CDRO,CDRO,"Codere Online Luxembourg, S.A. - Ordinary Shares",Q,S,N,436965883,,,Consumer Discretionary,Services-Misc. Amusement & Recreation
FSTR,FSTR,L.B. Foster Company - Common Stock,Q,Q,N,436754477,,,Industrials,Metal Fabrications
ALTO,ALTO,"Alto Ingredients, Inc. - Common Stock",Q,S,N,436241411,,,Industrials,Major Chemicals
NRC,NRC,NRC Health - Common Stock,Q,Q,N,435634334,,,Health Care,Biotechnology: Commercial Physical & Biological Resarch
SKBL,SKBL,Skyline Builders Group Holding Limited - Class A Ordinary Shares,Q,S,N,434321503,,,Consumer Discretionary,Engineering & Construction
CLNE,CLNE,Clean Energy Fuels Corp. - Common Stock,Q,Q,N,433842529,,,Utilities,Natural Gas Distribution
VREX,VREX,Varex Imaging Corporation - Common Stock,Q,Q,N,433209000,,,Technology,Industrial Machinery/Components
CBAN,CBAN,"Colony Bankcorp, Inc. Common Stock",N, ,N,432715231,,,Finance,Major Banks
CTNM,CTNM,"Contineum Therapeutics, Inc. - Common stock",Q,Q,N,431064927,,,Health Care,Biotechnology: Pharmaceutical Preparations
VITL,VITL,"Vital Farms, Inc. - Common Stock",Q,G,N,431055447,,,Consumer Staples,Packaged Foods
SPT,SPT,"Sprout Social, Inc - Class A Common Stock",Q,S,N,430656180,,,Technology,Computer Software: Prepackaged Software
BWFG,BWFG,"Bankwell Financial Group, Inc. - Common Stock",Q,G,N,430551720,,,Finance,Major Banks
FVR,FVR,"FrontView REIT, Inc. Common Stock",N, ,N,430162012,,,Real Estate,Real Estate Investment Trusts
GBFH,GBFH,GBank Financial Holdings Inc. - Common Stock,Q,S,N,429190640,,,Finance,Commercial Banks
MTW,MTW,"Manitowoc Company, Inc. (The) Common Stock",N, ,N,428760433,,,Industrials,Construction/Ag Equipment/Trucks
PACB,PACB,"Pacific Biosciences of California, Inc. - Common Stock",Q,Q,N,428630329,,,Industrials,Biotechnology: Laboratory Analytical Instruments
BSVN,BSVN,Bank7 Corp. - Common stock,Q,Q,N,427989302,,,Finance,Major Banks
OCGN,OCGN,"Ocugen, Inc. - Common Stock",Q,S,N,426537539,,,Health Care,Biotechnology: Biological Products (No Diagnostic Substances)
CCRN,CCRN,"Cross Country Healthcare, Inc. - Common Stock",Q,Q,N,426144472,,,Consumer Discretionary,Professional Services
LOCO,LOCO,"El Pollo Loco Holdings, Inc. - Common Stock",Q,Q,N,426069619,,,Consumer Discretionary,Restaurants
GCO,GCO,Genesco Inc. Common Stock,N, ,N,425750963,,,Consumer Discretionary,Clothing/Shoe/Accessory Stores
AMCX,AMCX,AMC Global Media Inc. - Class A Common Stock,Q,Q,N,425220252,,,Telecommunications,Cable & Other Pay Television Services
AIV,AIV,Apartment Investment and Management Company Common Stock,N, ,N,424375740,,,Real Estate,Real Estate Investment Trusts
EVN,EVN,Eaton Vance Municipal Income Trust Common Stock,N, ,N,422851958,,,Finance,Investment Managers
MOBI,MOBI,"Mobia Medical, Inc. - Common Stock",Q,Q,N,422262376,,,Health Care,Medical/Dental Instruments
RLGT,RLGT,"Radiant Logistics, Inc. Common Stock",A, ,N,421484994,,,Industrials,Integrated Freight & Logistics
STRO,STRO,"Sutro Biopharma, Inc. - Common Stock",Q,G,N,421054855,,,Health Care,Biotechnology: Biological Products (No Diagnostic Substances)
BMRC,BMRC,Bank of Marin Bancorp - Common Stock,Q,Q,N,419637205,,,Finance,Major Banks
NATH,NATH,"Nathan's Famous, Inc. - Common Stock",Q,Q,N,418816687,,,Consumer Discretionary,Restaurants
GLOO,GLOO,"Gloo Holdings, Inc. - Common Stock",Q,Q,N,418629196,,,Technology,EDP Services
KMDA,KMDA,Kamada Ltd. - Ordinary Shares,Q,Q,N,417647045,,,Health Care,Biotechnology: Pharmaceutical Preparations
SGU,SGU,Star Group L.P. Common Stock,N, ,N,416990949,,,Consumer Discretionary,Other Specialty Stores
MATV,MATV,"Mativ Holdings, Inc. Common Stock",N, ,N,416687756,,,Basic Materials,Paper
BBW,BBW,"Build-A-Bear Workshop, Inc. Common Stock",N, ,N,414904197,,,Consumer Discretionary,Recreational Games/Products/Toys
SPCE,SPCE,"Virgin Galactic Holdings, Inc. Common Stock",N, ,N,414815765,,,Consumer Discretionary,Transportation Services
MYGN,MYGN,"Myriad Genetics, Inc. - Common Stock",Q,Q,N,414627642,,,Health Care,Biotechnology: In Vitro & In Vivo Diagnostic Substances
CBK,CBK,"Commercial Bancgroup, Inc. - Common Stock",Q,S,N,414326375,,,Finance,Major Banks
BLND,BLND,"Blend Labs, Inc. Class A Common Stock",N, ,N,414019482,,,Technology,Computer Software: Programming Data Processing
SES,SES,SES AI Corporation Class A Common Stock,N, ,N,413597368,,,Miscellaneous,Industrial Machinery/Components
EBS,EBS,Emergent BioSolutions Inc. Common Stock,N, ,N,412770368,,,Health Care,Biotechnology: Pharmaceutical Preparations
WTBA,WTBA,West Bancorporation - Common Stock,Q,Q,N,412761168,,,Finance,Major Banks
LSAK,LSAK,"Lesaka Technologies, Inc. - Common Stock",Q,Q,N,412391233,,,Finance,Investment Bankers/Brokers/Service
KELYA,KELYA,"Kelly Services, Inc. - Class A Common Stock",Q,Q,N,411869977,,,Consumer Discretionary,Professional Services
PSNYW,PSNYW,Polestar Automotive Holding UK Limited - Class C-1 ADS (ADW),Q,G,N,410859894,,,Industrials,Auto Manufacturing
ERII,ERII,"Energy Recovery, Inc. - Common Stock",Q,Q,N,410815714,,,Technology,Industrial Machinery/Components
RBB,RBB,RBB Bancorp - Common Stock,Q,Q,N,410695284,,,Finance,Major Banks
GTN,GTN,"Gray Media, Inc. Common Stock",N, ,N,409926435,,,Industrials,Broadcasting
OSS,OSS,"One Stop Systems, Inc. - Common Stock",Q,S,N,408441090,,,Technology,Computer Manufacturing
MVST,MVST,"Microvast Holdings, Inc. - Common Stock",Q,S,N,408117795,,,Miscellaneous,Industrial Machinery/Components
CCAP,CCAP,"Crescent Capital BDC, Inc. - Common Stock",Q,G,N,407884689,,,Finance,Finance: Consumer Services
IBEX,IBEX,IBEX Limited - Common Share,Q,G,N,407832473,,,Technology,EDP Services
BOC,BOC,Boston Omaha Corporation Class A Common Stock,N, ,N,406810966,,,Finance,Real Estate
GRVY,GRVY,"GRAVITY Co., Ltd. - American depositary shares, each representing one common share.",Q,G,N,406580139,,,Consumer Discretionary,Business Services
MNPR,MNPR,Monopar Therapeutics Inc. - Common Stock,Q,S,N,406030148,,,Health Care,Biotechnology: Pharmaceutical Preparations
BBBY,BBBY,"Bed Bath & Beyond, Inc. Common Stock",N, ,N,405182953,,,Consumer Discretionary,Catalog/Specialty Distribution
SGMT,SGMT,Sagimet Biosciences Inc. - Series A Common Stock,Q,G,N,403239300,,,Health Care,Biotechnology: Pharmaceutical Preparations
PBFS,PBFS,"Pioneer Bancorp, Inc. - Common Stock",Q,S,N,403234960,,,Finance,Banks
MEI,MEI,"Methode Electronics, Inc. Common Stock",N, ,N,402843887,,,Technology,Electrical Products
CMDB,CMDB,Costamare Bulkers Holdings Limited Common Stock,N, ,N,402363054,,,Consumer Discretionary,Marine Transportation
BXC,BXC,Bluelinx Holdings Inc. Common Stock,N, ,N,401338110,,,Consumer Discretionary,Wholesale Distributors
CLPT,CLPT,ClearPoint Neuro Inc. - Common Stock,Q,S,N,401260353,,,Health Care,Medical/Dental Instruments
MAGN,MAGN,Magnera Corporation Common Stock,N, ,N,400244000,,,Basic Materials,Paper
VHI,VHI,"Valhi, Inc. Common Stock",N, ,N,400194423,,,Basic Materials,Major Chemicals
ISTR,ISTR,Investar Holding Corporation - Common Stock,Q,G,N,400013965,,,Finance,Major Banks
FRBA,FRBA,First Bank  - Common Stock,Q,G,N,399637008,,,Finance,Commercial Banks
CCCC,CCCC,"C4 Therapeutics, Inc. - Common Stock",Q,Q,N,396936327,,,Health Care,Biotechnology: Biological Products (No Diagnostic Substances)
MPTI,MPTI,"M-tron Industries, Inc. Common Stock",A, ,N,396535610,,,Technology,Industrial Machinery/Components
CD,CD,Chaince Digital Holdings Inc. - American Ordinary Shares,Q,G,N,396424562,,,Finance,Finance: Consumer Services
ATNI,ATNI,"ATN International, Inc. - Common Stock",Q,Q,N,396364582,,,Telecommunications,Telecommunications Equipment
NOA,NOA,North American Construction Group Ltd. Common Shares (no par),N, ,N,395644081,,,Energy,Oilfield Services/Equipment
LEO,LEO,"BNY Mellon Strategic Municipals, Inc. Common Stock",N, ,N,395546923,,,Finance,Trusts Except Educational Religious and Charitable
ROMA,ROMA,Roma Green Finance Limited - Class A Ordinary Shares,Q,S,N,395508751,,,Consumer Discretionary,Professional Services
NC,NC,"NACCO Industries, Inc. Common Stock",N, ,N,395504995,,,Energy,Coal Mining
VKI,VKI,Invesco Advantage Municipal Income Trust II Common Shares of Beneficial Interest (DE),A, ,N,395213578,,,Finance,Finance Companies
ALIT,ALIT,"Alight, Inc. Class A Common Stock",N, ,N,394657959,,,Consumer Discretionary,Business Services
LAND,LAND,Gladstone Land Corporation - Common Stock,Q,G,N,393405546,,,Real Estate,Real Estate Investment Trusts
RZLT,RZLT,"Rezolute, Inc. - Common Stock (NV)",Q,S,N,392872710,,,Health Care,Biotechnology: Pharmaceutical Preparations
OFIX,OFIX,Orthofix Medical Inc.  - Common Stock,Q,Q,N,391685808,,,Health Care,Medical/Dental Instruments
NKLR,NKLR,Terra Innovatum Global N.V. - Ordinary shares,Q,G,N,391576280,,,Industrials,Metal Fabrications
EPRX,EPRX,Eupraxia Pharmaceuticals Inc. - Common Stock,Q,S,N,391308413,,,Health Care,Pharmaceuticals and Biotechnology
YEXT,YEXT,"Yext, Inc. Common Stock",N, ,N,390967652,,,Technology,EDP Services
TBRG,TBRG,"TruBridge, Inc. - Common Stock",Q,Q,N,390577501,,,Technology,EDP Services
MTLS,MTLS,Materialise NV - American Depositary Shares,Q,Q,N,390434099,,,Technology,Computer Software: Prepackaged Software
AVBC,AVBC,"Avidia Bancorp, Inc. Common Stock",N, ,N,389479250,,,Finance,Banks
BYND,BYND,"Beyond Meat, Inc. - Common stock",Q,Q,N,389186574,,,Consumer Staples,Packaged Foods
CYH,CYH,"Community Health Systems, Inc. Common Stock",N, ,N,388930125,,,Health Care,Hospital/Nursing Management
AUTL,AUTL,Autolus Therapeutics plc - American Depositary Shares,Q,Q,N,388587448,,,Health Care,Biotechnology: Biological Products (No Diagnostic Substances)
API,API,"Agora, Inc. - ADS",Q,Q,N,388083513,,,Technology,Computer Software: Prepackaged Software
FMAO,FMAO,"Farmers & Merchants Bancorp, Inc. - Common Stock",Q,S,N,387436810,,,Finance,Savings Institutions
OEC,OEC,Orion S.A. Common Shares,N, ,N,386826132,,,Industrials,Major Chemicals
NEWT,NEWT,"NewtekOne, Inc. - Common Stock",Q,G,N,386420952,,,Finance,Major Banks
WAVE,WAVE,Eco Wave Power Global AB (publ) - American Depositary Shares,Q,S,N,386352137,,,Utilities,Electric Utilities: Central
CNXU,CNXU,Conexeu Sciences Inc. - Common Stock,Q,S,N,385702197,,,Health Care,Industrial Specialties
GEVO,GEVO,"Gevo, Inc. - Common Stock",Q,S,N,384589900,,,Industrials,Major Chemicals
MTRX,MTRX,Matrix Service Company - Common Stock,Q,Q,N,384589730,,,Consumer Discretionary,Engineering & Construction
QUAD,QUAD,"Quad Graphics, Inc Class A Common Stock",N, ,N,384118446,,,Consumer Discretionary,Publishing
PLAY,PLAY,"Dave & Buster's Entertainment, Inc. - Common Stock",Q,Q,N,383523031,,,Consumer Discretionary,Restaurants
REA,REA,"Rare Earths Americas, Inc. Common Stock",A, ,N,383414251,,,Basic Materials,Metal Mining
IPSC,IPSC,"Century Therapeutics, Inc. - Common Stock",Q,S,N,382352195,,,Health Care,Biotechnology: Biological Products (No Diagnostic Substances)
CZNC,CZNC,Citizens & Northern Corp - Common Stock,Q,S,N,381981614,,,Finance,Major Banks
LDI,LDI,"loanDepot, Inc. Class A Common Stock",N, ,N,381741006,,,Finance,Finance: Consumer Services
RMNI,RMNI,"Rimini Street, Inc. - Common Stock",Q,G,N,381347200,,,Consumer Discretionary,Business Services
PLBC,PLBC,Plumas Bancorp - Common Stock,Q,S,N,381226721,,,Finance,Finance Companies
RNGR,RNGR,"Ranger Energy Services, Inc. Class A Common Stock",N, ,N,380898817,,,Energy,Oilfield Services/Equipment
DIN,DIN,"Dine Brands Global, Inc. Common Stock",N, ,N,380555250,,,Consumer Discretionary,Restaurants
VMD,VMD,"Viemed Healthcare, Inc. - Common Shares",Q,S,N,380301076,,,Health Care,Misc Health and Biotechnology Services
CMCL,CMCL,Caledonia Mining Corporation Plc Common Shares,A, ,N,380273521,,,Basic Materials,Precious Metals
NEGG,NEGG,"Newegg Commerce, Inc. - Common Shares",Q,S,N,380248159,,,Consumer Discretionary,Other Specialty Stores
TACO,TACO,Berto Acquisition Corp. - Ordinary Shares,Q,G,N,379728057,,,Finance,Blank Checks
QUIK,QUIK,QuickLogic Corporation - Common Stock,Q,S,N,378711469,,,Technology,Semiconductors
SOPH,SOPH,SOPHiA GENETICS SA - Ordinary Shares,Q,Q,N,378410747,,,Health Care,Biotechnology: Biological Products (No Diagnostic Substances)
GBLI,GBLI,"Global Indemnity Group, LLC - Class A Common Shares",Q,Q,N,378367245,,,Finance,Property-Casualty Insurers
DCTH,DCTH,"Delcath Systems, Inc. - Common Stock",Q,S,N,377666818,,,Health Care,Medical/Dental Instruments
SNDL,SNDL,SNDL Inc. - Common Shares,Q,S,N,377435000,,,Health Care,Medicinal Chemicals and Botanical Products
LND,LND,Brasilagro Brazilian Agric Real Estate Co Sponsored ADR (Brazil),N, ,N,375821405,,,Consumer Staples,Farming/Seeds/Milling
SVCO,SVCO,"Silvaco Group, Inc. - Common Stock",Q,Q,N,375591520,,,Technology,Computer Software: Prepackaged Software
CVEO,CVEO,Civeo Corporation (Canada) Common Shares,N, ,N,374479589,,,Consumer Discretionary,Hotels/Resorts
TSSI,TSSI,"TSS, Inc. - Common Stock",Q,S,N,374225833,,,Consumer Discretionary,Professional Services
OPAL,OPAL,OPAL Fuels Inc. - Class A Common Stock,Q,S,N,373105300,,,Utilities,Natural Gas Distribution
FRST,FRST,Primis Financial Corp. - Common Stock,Q,G,N,372571963,,,Finance,Major Banks
GNE,GNE,Genie Energy Ltd. Class B Common Stock Stock,N, ,N,372292184,,,Utilities,Power Generation
BMBL,BMBL,Bumble Inc. - common stock,Q,Q,N,371728829,,,Technology,Computer Software: Programming Data Processing
HNST,HNST,"The Honest Company, Inc. - Common Stock",Q,Q,N,370964933,,,Consumer Discretionary,Catalog/Specialty Distribution
NPWR,NPWR,NET Power Inc. Class A Common Stock,N, ,N,370856774,,,Energy,Industrial Machinery/Components
PAYS,PAYS,"Paysign, Inc. - Common Stock",Q,S,N,370096217,,,Technology,EDP Services
FVRR,FVRR,"Fiverr International Ltd. Ordinary Shares, no par value",N, ,N,368494962,,,Consumer Discretionary,Business Services
PKBK,PKBK,"Parke Bancorp, Inc. - Common Stock",Q,S,N,367999902,,,Finance,Major Banks
XPER,XPER,Xperi Inc. Common Stock ,N, ,N,367828495,,,Technology,Computer Software: Prepackaged Software
ALLT,ALLT,Allot Ltd. - Ordinary Shares,Q,Q,N,367412473,,,Telecommunications,Computer Communications Equipment
BNED,BNED,"Barnes & Noble Education, Inc Common Stock",N, ,N,366625512,,,Consumer Discretionary,Other Specialty Stores
FTW,FTW,Presidio Production Company Class A Common Stock,N, ,N,366024647,,,Energy,Oil & Gas Production
CMPX,CMPX,"Compass Therapeutics, Inc. - Common Stock",Q,S,N,363777588,,,Health Care,Biotechnology: Biological Products (No Diagnostic Substances)
LZM,LZM,Lifezone Metals Limited Ordinary Shares,N, ,N,363759708,,,Basic Materials,Metal Mining
FWRD,FWRD,Forward Air Corporation - Common Stock,Q,Q,N,363688029,,,Industrials,Integrated Freight & Logistics
HVT,HVT,"Haverty Furniture Companies, Inc. Common Stock",N, ,N,362306396,,,Consumer Discretionary,Other Specialty Stores
DVLT,DVLT,Datavault AI Inc. - Common Stock,Q,S,N,361303830,,,Technology,Semiconductors
PCB,PCB,PCB Bancorp - Common Stock,Q,Q,N,361134923,,,Finance,Major Banks
SUPX,SUPX,SuperX AI Technology Limited - Ordinary Shares,Q,S,N,360858067,,,,
REAX,REAX,"The Real Brokerage, Inc. - Common Shares",Q,S,N,360811956,,,Finance,Real Estate
BNTC,BNTC,Benitec Biopharma Inc. - Common Stock,Q,S,N,360720507,,,Health Care,Biotechnology: Pharmaceutical Preparations
GOTU,GOTU,Gaotu Techedu Inc. American Depositary Shares,N, ,N,360047181,,,Real Estate,Other Consumer Services
MCFT,MCFT,"MasterCraft Boat Holdings, Inc. - Common Stock",Q,G,N,359785569,,,Industrials,Marine Transportation
FJET,FJET,"Starfighters Space, Inc. Common Stock",A, ,N,359576132,,,Consumer Discretionary,Air Freight/Delivery Services
SMWB,SMWB,Similarweb Ltd. Ordinary Shares,N, ,N,359171447,,,Technology,Computer Software: Programming Data Processing
LWAY,LWAY,"Lifeway Foods, Inc. - Common Stock",Q,G,N,359124368,,,Consumer Staples,Packaged Foods
ACCO,ACCO,Acco Brands Corporation Common Stock,N, ,N,358882819,,,Consumer Discretionary,Publishing
DUOT,DUOT,"Duos Technologies Group, Inc. - Common Stock",Q,S,N,358626026,,,Technology,Computer Software: Prepackaged Software
ASMB,ASMB,"Assembly Biosciences, Inc. - Common Stock",Q,Q,N,358457773,,,Health Care,Biotechnology: Pharmaceutical Preparations
CMCO,CMCO,Columbus McKinnon Corporation - Common Stock,Q,Q,N,358092500,,,Industrials,Construction/Ag Equipment/Trucks
VNDA,VNDA,Vanda Pharmaceuticals Inc. - Common Stock,Q,G,N,357205238,,,Health Care,Biotechnology: Pharmaceutical Preparations
MVBF,MVBF,MVB Financial Corp. - Common Stock,Q,S,N,355299763,,,Finance,Major Banks
AIRS,AIRS,"AirSculpt Technologies, Inc. - Common Stock",Q,G,N,354844775,,,Health Care,Medical/Nursing Services
PMO,PMO,Putnam Municipal Opportunities Trust Common Stock,N, ,N,353748112,,,Finance,Finance Companies
MGPI,MGPI,"MGP Ingredients, Inc. - Common Stock",Q,Q,N,352625411,,,Consumer Staples,Beverages (Production/Distribution)
VOXR,VOXR,Vox Royalty Corp. - common stock,Q,S,N,351398905,,,Basic Materials,Precious Metals
UPB,UPB,"Upstream Bio, Inc. - Common Stock",Q,Q,N,351008910,,,Health Care,Biotechnology: Pharmaceutical Preparations
CV,CV,"CapsoVision, Inc. - Common Stock",Q,S,N,350744374,,,Health Care,Biotechnology: Electromedical & Electrotherapeutic Apparatus
XFOR,XFOR,"X4 Pharmaceuticals, Inc. - Common Stock",Q,S,N,349926072,,,Health Care,Biotechnology: Biological Products (No Diagnostic Substances)
PBYI,PBYI,Puma Biotechnology Inc - Common Stock,Q,Q,N,348661274,,,Health Care,Biotechnology: Pharmaceutical Preparations
NATR,NATR,"Nature's Sunshine Products, Inc. - Common Stock",Q,S,N,347477051,,,Health Care,Biotechnology: Pharmaceutical Preparations
GASS,GASS,"StealthGas, Inc. - common stock",Q,Q,N,347314307,,,Consumer Discretionary,Marine Transportation
BCML,BCML,BayCom Corp - Common Stock,Q,Q,N,347134467,,,Finance,Major Banks
AVIR,AVIR,"Atea Pharmaceuticals, Inc. - common stock",Q,Q,N,345717068,,,Health Care,Biotechnology: Pharmaceutical Preparations
CUB,CUB,Lionheart Holdings - Class A Ordinary Shares,Q,G,N,345642107,,,Finance,Blank Checks
NECB,NECB,"NorthEast Community Bancorp, Inc. - Common Stock",Q,S,N,345385175,,,Finance,Banks
USNA,USNA,"USANA Health Sciences, Inc. Common Stock",N, ,N,345258306,,,Health Care,Medicinal Chemicals and Botanical Products
PHOE,PHOE,Phoenix Asia Holdings Limited - Ordinary Shares,Q,S,N,344952000,,,Consumer Discretionary,Engineering & Construction
CHMG,CHMG,Chemung Financial Corp  - Common Stock,Q,Q,N,344279743,,,Finance,Major Banks
LE,LE,"Lands' End, Inc. - Common Stock",Q,S,N,343921567,,,Consumer Discretionary,Clothing/Shoe/Accessory Stores
MCI,MCI,Barings Corporate Investors Common Stock,N, ,N,343699539,,,Finance,Trusts Except Educational Religious and Charitable
AVBH,AVBH,"Avidbank Holdings, Inc. - Common Stock",Q,Q,N,343554037,,,Finance,Commercial Banks
PRE,PRE,Prenetics Global Limited - Class A Ordinary Share,Q,G,N,342869260,,,Finance,Blank Checks
MLP,MLP,"Maui Land & Pineapple Company, Inc. Common Stock",N, ,N,342664454,,,Finance,Real Estate
PPT,PPT,Putnam Premier Income Trust Common Stock,N, ,N,342377225,,,Finance,Finance Companies
CION,CION,CION Investment Corporation Common Stock,N, ,N,342051873,,,Finance,Finance/Investors Services
CDZI,CDZI,"Cadiz, Inc. - Common Stock",Q,G,N,341390321,,,Utilities,Water Supply
LX,LX,LexinFintech Holdings Ltd. - American Depositary Shares,Q,Q,N,341111727,,,Finance,Finance: Consumer Services
SOHU,SOHU,Sohu.com Limited  - American Depositary Shares,Q,Q,N,340461427,,,Technology,EDP Services
USCB,USCB,"USCB Financial Holdings, Inc.  - Class A Common Stock",Q,G,N,340256457,,,Finance,Major Banks
PDYN,PDYN,Palladyne AI Corp. - Common stock,Q,G,N,338741093,,,Technology,Computer Software: Prepackaged Software
ORBS,ORBS,Eightco Holdings Inc. - Common Stock,Q,S,N,338617674,,,,
NWFL,NWFL,Norwood Financial Corp. - Common Stock,Q,G,N,336522599,,,Finance,Major Banks
ARTNA,ARTNA,Artesian Resources Corporation - Class A Non-Voting Common Stock,Q,Q,N,335750724,,,Utilities,Water Supply
WSBF,WSBF,"Waterstone Financial, Inc. - Common Stock",Q,Q,N,335606794,,,Finance,Savings Institutions
ZURA,ZURA,Zura Bio Limited - Class A Ordinary shares,Q,S,N,335341916,,,Health Care,Biotechnology: Biological Products (No Diagnostic Substances)
AUNA,AUNA,Auna SA Class A Ordinary Shares,N, ,N,334538602,,,Health Care,Medical/Nursing Services
CATX,CATX,"Perspective Therapeutics, Inc. Common Stock",A, ,N,334155357,,,Health Care,Medical/Dental Instruments
FNLC,FNLC,"First Bancorp, Inc (ME) - Common Stock",Q,Q,N,334100710,,,Finance,Major Banks
SHIP,SHIP,Seanergy Maritime Holdings Corp. - Common Stock,Q,S,N,333906931,,,Consumer Discretionary,Marine Transportation
LTBR,LTBR,Lightbridge Corporation - Common Stock,Q,S,N,333897080,,,Consumer Discretionary,Professional Services
CURR,CURR,Currenc Group Inc. - Ordinary Shares,Q,G,N,333477198,,,Consumer Discretionary,Business Services
NCMI,NCMI,"National CineMedia, Inc. - Common Stock",Q,Q,N,332920026,,,Consumer Discretionary,Advertising
WEYS,WEYS,"Weyco Group, Inc. - Common Stock",Q,Q,N,331911274,,,Consumer Staples,Apparel
LXEO,LXEO,"Lexeo Therapeutics, Inc. - Common Stock",Q,G,N,330576079,,,Health Care,Biotechnology: Biological Products (No Diagnostic Substances)
OABI,OABI,"OmniAb, Inc. - Common Stock",Q,G,N,330537480,,,Health Care,Biotechnology: Commercial Physical & Biological Resarch
AII,AII,"American Integrity Insurance Group, Inc. Common Stock",N, ,N,328538001,,,Finance,Property-Casualty Insurers
SIDU,SIDU,"Sidus Space, Inc. - Class A Common Stock",Q,S,N,328311307,,,Telecommunications,Telecommunications Equipment
CMTG,CMTG,"Claros Mortgage Trust, Inc. Common Stock",N, ,N,328111908,,,Finance,Real Estate
IRD,IRD,"Opus Genetics, Inc. - Common Stock",Q,S,N,328024022,,,Health Care,Biotechnology: Pharmaceutical Preparations
RM,RM,Regional Management Corp. Common Stock,N, ,N,327625799,,,Finance,Finance: Consumer Services
GETY,GETY,"Getty Images Holdings, Inc. Class A Common Stock",N, ,N,326746314,,,Consumer Discretionary,Business Services
STRT,STRT,STRATTEC SECURITY CORPORATION - Common Stock,Q,G,N,325695594,,,Consumer Discretionary,Auto Parts:O.E.M.
FEMY,FEMY,Femasys Inc. - Common Stock,Q,S,N,325505798,,,Health Care,Medical/Dental Instruments
TLS,TLS,Telos Corporation - Common Stock,Q,G,N,325463411,,,Technology,EDP Services
TSBK,TSBK,"Timberland Bancorp, Inc. - Common Stock",Q,G,N,323920695,,,Finance,Banks
ATOM,ATOM,Atomera Incorporated - Common Stock,Q,S,N,323669940,,,Technology,Semiconductors
VSTM,VSTM,"Verastem, Inc. - Common Stock",Q,S,N,322496255,,,Health Care,Biotechnology: Pharmaceutical Preparations
LRMR,LRMR,"Larimar Therapeutics, Inc. - Common Stock",Q,G,N,322037105,,,Health Care,Biotechnology: Pharmaceutical Preparations
ENTA,ENTA,"Enanta Pharmaceuticals, Inc. - Common Stock",Q,Q,N,321897667,,,Health Care,Biotechnology: Pharmaceutical Preparations
PINE,PINE,"Alpine Income Property Trust, Inc. Common Stock",N, ,N,321570837,,,Real Estate,Real Estate Investment Trusts
SLP,SLP,"Simulations Plus, Inc. - Common Stock",Q,Q,N,321469219,,,Technology,EDP Services
VGZ,VGZ,Vista Gold Corp Common Stock,A, ,N,321136961,,,Basic Materials,Precious Metals
FBRX,FBRX,"Forte Biosciences, Inc.  - Common Stock",Q,S,N,320903062,,,Health Care,Biotechnology: Pharmaceutical Preparations
RILY,RILY,"BRC Group Holdings, Inc. - Common Stock",Q,G,N,320065703,,,Finance,Investment Managers
FINS,FINS,Angel Oak Financial Strategies Income Term Trust Common Shares of Beneficial Interest,N, ,N,318546129,,,Finance,Finance/Investors Services
GLSI,GLSI,"Greenwich LifeSciences, Inc. - Common stock",Q,S,N,317783203,,,Health Care,Biotechnology: Pharmaceutical Preparations
AIRJ,AIRJ,AirJoule Technologies Corporation - Class A Common Stock,Q,S,N,317713514,,,Industrials,Industrial Machinery/Components
ZUMZ,ZUMZ,Zumiez Inc. - Common Stock,Q,Q,N,317703808,,,Consumer Discretionary,Clothing/Shoe/Accessory Stores
RGNX,RGNX,REGENXBIO Inc. - Common Stock,Q,Q,N,316906417,,,Health Care,Biotechnology: Biological Products (No Diagnostic Substances)
NNDM,NNDM,Nano Dimension Ltd. - American Depositary Shares,Q,S,N,315904972,,,Technology,Electrical Products
WNC,WNC,Wabash National Corporation Common Stock,N, ,N,315629984,,,Industrials,Construction/Ag Equipment/Trucks
MSB,MSB,Mesabi Trust Common Stock,N, ,N,315536241,,,Industrials,Precious Metals
TCI,TCI,"Transcontinental Realty Investors, Inc. Common Stock",N, ,N,315162248,,,Real Estate,Real Estate Investment Trusts
HLLY,HLLY,Holley Inc. Common Stock,N, ,N,314590719,,,Consumer Discretionary,Auto Parts:O.E.M.
CZFS,CZFS,"Citizens Financial Services, Inc. - Common Stock",Q,S,N,314435012,,,Finance,Major Banks
TRVG,TRVG,trivago N.V. - American Depositary Shares,Q,Q,N,313551353,,,Technology,EDP Services
LAB,LAB,Standard BioTools Inc. - Common Stock,Q,Q,N,313543673,,,Industrials,Biotechnology: Laboratory Analytical Instruments
COSO,COSO,"CoastalSouth Bancshares, Inc. Common Stock",N, ,N,313164517,,,Finance,Major Banks
SSP,SSP,E.W. Scripps Company (The) - Class A Common Stock,Q,Q,N,312154210,,,Industrials,Broadcasting
ISSC,ISSC,"Innovative Solutions and Support, Inc. - Common Stock",Q,Q,N,311512725,,,Technology,EDP Services
EFT,EFT,Eaton Vance Floating Rate Income Trust Common Shares of Beneficial Interest,N, ,N,311267441,,,Finance,Finance Companies
SIGA,SIGA,SIGA Technologies Inc. - Common Stock,Q,G,N,310565340,,,Health Care,Biotechnology: Pharmaceutical Preparations
IONR,IONR,ioneer Ltd - American Depositary Shares,Q,S,N,310135870,,,Industrials,Mining & Quarrying of Nonmetallic Minerals (No Fuels)
FWDI,FWDI,"Forward Industries, Inc. - Common Stock",Q,S,N,309920751,,,Industrials,Plastic Products
BRCB,BRCB,"Black Rock Coffee Bar, Inc. - Class A Common Stock",Q,G,N,309845445,,,Consumer Discretionary,Restaurants
RPAY,RPAY,Repay Holdings Corporation - Class A Common Stock,Q,S,N,309372119,,,Consumer Discretionary,Business Services
ARQQ,ARQQ,Arqit Quantum Inc. - Ordinary Shares,Q,S,N,308841300,,,Technology,Computer Software: Prepackaged Software
OFLX,OFLX,"Omega Flex, Inc. - Common Stock",Q,G,N,308482480,,,Industrials,Industrial Specialties
NODK,NODK,"NI Holdings, Inc. - Common Stock",Q,S,N,308040812,,,Finance,Property-Casualty Insurers
FENC,FENC,Fennec Pharmaceuticals Inc. - Common Stock,Q,S,N,307414900,,,Health Care,Biotechnology: Biological Products (No Diagnostic Substances)
ISBA,ISBA,Isabella Bank Corporation - Common stock,Q,S,N,307380957,,,Finance,Major Banks
PNRG,PNRG,PrimeEnergy Resources Corporation - Common Stock,Q,S,N,307258200,,,Energy,Oil & Gas Production
ELMD,ELMD,"Electromed, Inc. Common Stock",A, ,N,307024773,,,Health Care,Biotechnology: Electromedical & Electrotherapeutic Apparatus
BGS,BGS,"B&G Foods, Inc. Common Stock",N, ,N,306811264,,,Consumer Staples,Packaged Foods
ABEO,ABEO,Abeona Therapeutics Inc. - Common Stock,Q,S,N,306633875,,,Health Care,Biotechnology: Pharmaceutical Preparations
HUMA,HUMA,"Humacyte, Inc. - Common Stock",Q,Q,N,306386369,,,Health Care,Biotechnology: Biological Products (No Diagnostic Substances)
MASS,MASS,908 Devices Inc. - Common Stock,Q,G,N,306290330,,,Industrials,Industrial Machinery/Components
PRLD,PRLD,Prelude Therapeutics Incorporated - Common Stock,Q,Q,N,305837979,,,Health Care,Biotechnology: Pharmaceutical Preparations
HRZN,HRZN,Horizon Technology Finance Corporation - Common Stock,Q,Q,N,305809777,,,Finance,Finance: Consumer Services
YMT,YMT,Yimutian Inc. - American Depositary Shares; each representing 25 Class A ordinary shares,Q,G,N,304820151,,,Technology,EDP Services
JMSB,JMSB,"John Marshall Bancorp, Inc. - Common Stock",Q,S,N,304541772,,,Finance,Major Banks
SEG,SEG,Seaport Entertainment Group Inc. Common Stock,N, ,N,304429420,,,Consumer Discretionary,Services-Misc. Amusement & Recreation
SBC,SBC,SBC Medical Group Holdings Incorporated - Common Stock,Q,G,N,304426951,,,Health Care,Medical/Nursing Services
SHMD,SHMD,SCHMID Group N.V. - Class A Ordinary Shares,Q,G,N,303743540,,,Technology,Industrial Machinery/Components
ONIT,ONIT,Onity Group Inc. Common Stock,N, ,N,303641253,,,Finance,Finance: Consumer Services
PERI,PERI,Perion Network Ltd - Ordinary Shares,Q,Q,N,303236759,,,Technology,EDP Services
ASLE,ASLE,AerSale Corporation - Common Stock,Q,S,N,303126898,,,Consumer Discretionary,Industrial Specialties
VALU,VALU,"Value Line, Inc. - Common Stock",Q,S,N,303020043,,,Finance,Investment Managers
LODE,LODE,Comstock Inc. Common Stock,A, ,N,302893205,,,Industrials,Major Chemicals
PMM,PMM,Putnam Managed Municipal Income Trust Common Stock,N, ,N,302668004,,,Finance,Investment Managers
FLXS,FLXS,"Flexsteel Industries, Inc. - Common Stock",Q,Q,N,302480391,,,Consumer Discretionary,Home Furnishings
ELLO,ELLO,Ellomay Capital Ltd Ordinary Shares (Israel),A, ,N,302404066,,,Utilities,Electric Utilities: Central
DMAC,DMAC,DiaMedica Therapeutics Inc. - Common Stock,Q,S,N,302285565,,,Health Care,Biotechnology: Pharmaceutical Preparations
PALI,PALI,"Palisade Bio, Inc. - Common Stock",Q,S,N,302028626,,,Health Care,Biotechnology: Biological Products (No Diagnostic Substances)
ALCO,ALCO,"Alico, Inc. - Common Stock",Q,Q,N,301992835,,,,
BRCC,BRCC,BRC Inc. Class A Common Stock,N, ,N,301897775,,,Consumer Staples,Beverages (Production/Distribution)
CIX,CIX,CompX International Inc. Common Stock,A, ,N,301791666,,,Consumer Discretionary,Industrial Machinery/Components
LCTX,LCTX,"Lineage Cell Therapeutics, Inc. Common Stock",A, ,N,301650937,,,Health Care,Biotechnology: Biological Products (No Diagnostic Substances)
TRX,TRX,TRX Gold Corporation Common Stock,A, ,N,301584571,,,Basic Materials,Precious Metals
MBI,MBI,MBIA Inc. Common Stock,N, ,N,301020170,,,Finance,Property-Casualty Insurers
LEGO,LEGO,Legato Merger Corp. IV Ordinary Shares,A, ,N,300948867,,,Industrials,Steel/Iron Ore
BGIN,BGIN,Bgin Blockchain Limited - Class A Ordinary Shares,Q,G,N,300941603,,,Finance,Finance: Consumer Services
BKTI,BKTI,BK Technologies Corporation Common Stock,A, ,N,300883751,,,Technology,Radio And Television Broadcasting And Communications Equipment
IVVD,IVVD,"Invivyd, Inc. - Common Stock",Q,G,N,300499601,,,Health Care,Biotechnology: Biological Products (No Diagnostic Substances)
CARL,CARL,"Carlsmed, Inc. - Common Stock",Q,Q,N,300393510,,,Health Care,Medical/Dental Instruments
NMRA,NMRA,"Neumora Therapeutics, Inc. - Common Stock",Q,Q,N,300160475,,,Health Care,Biotechnology: Biological Products (No Diagnostic Substances)
CDLX,CDLX,"Cardlytics, Inc. - Common Stock",Q,G,N,299549520,,,Technology,Computer Software: Programming Data Processing
STTK,STTK,"Shattuck Labs, Inc. - Common Stock",Q,Q,N,299054016,,,Health Care,Biotechnology: Pharmaceutical Preparations
AIFU,AIFU,AIFU Inc. - Class A Ordinary Share,Q,Q,N,298904146,,,Finance,Specialty Insurers
MTC,MTC,"MMTec, Inc. - Common Shares",Q,S,N,298763433,,,Technology,Computer Software: Prepackaged Software
SENS,SENS,"Senseonics Holdings, Inc. - Common Stock",Q,Q,N,298055140,,,Health Care,Medical/Dental Instruments
AMRN,AMRN,Amarin Corporation plc - American Depositary Shares,Q,S,N,297761348,,,Health Care,Biotechnology: Pharmaceutical Preparations
DMRC,DMRC,Digimarc Corporation - Common Stock,Q,Q,N,296596737,,,Technology,EDP Services
PTLO,PTLO,Portillo's Inc. - Class A Common Stock,Q,Q,N,296399521,,,Consumer Discretionary,Restaurants
NAUT,NAUT,"Nautilus Biotechnology, Inc. - Common Stock",Q,S,N,296093732,,,Industrials,Biotechnology: Laboratory Analytical Instruments
BRBS,BRBS,"Blue Ridge Bankshares, Inc. Common Stock",A, ,N,295809529,,,Finance,Major Banks
FCCO,FCCO,First Community Corporation - Common Stock,Q,S,N,295095944,,,Finance,Major Banks
PAMT,PAMT,PAMT CORP - Common Stock,Q,G,N,294880777,,,Industrials,Trucking Freight/Courier Services
RCKT,RCKT,"Rocket Pharmaceuticals, Inc. - Common Stock",Q,G,N,294822582,,,Health Care,Biotechnology: Pharmaceutical Preparations
KWY,KWY,Kingsway Corporation Common Stock,N, ,N,293519173,,,Finance,Property-Casualty Insurers
SI,SI,"Shoulder Innovations, Inc. Common Stock",N, ,N,293445898,,,Health Care,Medical/Dental Instruments
FVCB,FVCB,"FVCBankcorp, Inc. - Common Stock",Q,S,N,293347710,,,Finance,Major Banks
MWC,MWC,"Micware Co., Ltd. - American Depositary Shares",Q,G,N,293189813,,,Technology,EDP Services
NL,NL,"NLI Holdings, Inc. Common Stock",N, ,N,293176404,,,Basic Materials,Major Chemicals
FNKO,FNKO,"Funko, Inc. - Class A Common Stock",Q,Q,N,293077706,,,Consumer Discretionary,Recreational Games/Products/Toys
NUCL,NUCL,Eagle Nuclear Energy Corp. - Common stock,Q,S,N,292835199,,,Basic Materials,Other Metals and Minerals
NREF,NREF,"NexPoint Real Estate Finance, Inc. Common Stock",N, ,N,292451284,,,Real Estate,Real Estate Investment Trusts
DSX,DSX,Diana Shipping inc. common stock,N, ,N,290318429,,,Consumer Discretionary,Marine Transportation
UIS,UIS,Unisys Corporation New Common Stock,N, ,N,290162577,,,Technology,EDP Services
GSIT,GSIT,"GSI Technology, Inc. - Common Stock",Q,Q,N,290032417,,,Technology,Semiconductors
OVLY,OVLY,Oak Valley Bancorp (CA) - Common Stock,Q,S,N,288665744,,,Finance,Major Banks
ESOA,ESOA,Energy Services of America Corporation - Common Stock,Q,S,N,288292041,,,Industrials,Water Sewer Pipeline Comm & Power Line Construction
OIA,OIA,Invesco Municipal Income Opportunities Trust Common Stock,N, ,N,287537758,,,Finance,Finance Companies
ZH,ZH,"Zhihu Inc. American Depositary Shares, each representing three (3) Class A Ordinary Shares",N, ,N,287483237,,,Consumer Discretionary,Business Services
LYEL,LYEL,"Lyell Immunopharma, Inc. - Common Stock",Q,Q,N,287242611,,,Health Care,Biotechnology: Pharmaceutical Preparations
BCYC,BCYC,Bicycle Therapeutics plc - American Depositary Shares,Q,Q,N,286924135,,,Health Care,Biotechnology: Pharmaceutical Preparations
ASYS,ASYS,"Amtech Systems, Inc. - Common Stock",Q,Q,N,286923831,,,Technology,Industrial Machinery/Components
MYFW,MYFW,"First Western Financial, Inc. - Common Stock",Q,Q,N,286420818,,,Finance,Major Banks
RCKY,RCKY,"Rocky Brands, Inc. - Common Stock",Q,Q,N,286270139,,,Consumer Discretionary,Shoe Manufacturing
FNRN,FNRN,First Northern Community Bancorp - Common stock,Q,S,N,286138185,,,Finance,Savings Institutions
RC,RC,Ready Capital Corporation Common Stock,N, ,N,285872243,,,Real Estate,Real Estate Investment Trusts
OSUR,OSUR,"OraSure Technologies, Inc. - Common Stock",Q,Q,N,285721495,,,Health Care,Medical/Dental Instruments
FUFU,FUFU,BitFuFu Inc. - Class A Ordinary Shares,Q,S,N,284977653,,,Finance,Finance: Consumer Services
AZ,AZ,A2Z Cust2Mate Solutions Corp. - Common Shares,Q,S,N,284874057,,,Industrials,Industrial Machinery/Components
VUZI,VUZI,Vuzix Corporation  - Common Stock,Q,S,N,283985451,,,Technology,Radio And Television Broadcasting And Communications Equipment
FLWS,FLWS,"1-800-FLOWERS.COM, Inc. - Class A Common Stock",Q,Q,N,283315295,,,Consumer Discretionary,Other Specialty Stores
FDBC,FDBC,"Fidelity D & D Bancorp, Inc. - Common Stock",Q,G,N,282131748,,,Finance,Major Banks
MIN,MIN,MFS Intermediate Income Trust Common Stock,N, ,N,281499539,,,Finance,Trusts Except Educational Religious and Charitable
TWIN,TWIN,"Twin Disc, Incorporated - Common Stock",Q,Q,N,281245127,,,Industrials,Industrial Machinery/Components
AENT,AENT,Alliance Entertainment Holding Corporation - common stock,Q,S,N,280360465,,,Consumer Discretionary,Durable Goods
TENX,TENX,"Tenax Therapeutics, Inc. - Common Stock",Q,S,N,279575176,,,Health Care,Biotechnology: Pharmaceutical Preparations
TTGT,TTGT,"TechTarget, Inc. - Common Stock",Q,Q,N,279075850,,,Telecommunications,Telecommunications Equipment
RDNW,RDNW,"RideNow Group, Inc. - Class B Common Stock",Q,S,N,278985282,,,Technology,EDP Services
TG,TG,Tredegar Corporation Common Stock,N, ,N,278383711,,,Industrials,Metal Fabrications
ARMP,ARMP,"Armata Pharmaceuticals, Inc. Common Stock",A, ,N,277900832,,,Health Care,Biotechnology: Biological Products (No Diagnostic Substances)
TROO,TROO,"TROOPS, Inc.  - Ordinary Shares",Q,S,N,277303577,,,Finance,Diversified Financial Services
BRT,BRT,BRT Apartments Corp. (MD) Common Stock,N, ,N,277064550,,,Real Estate,Real Estate Investment Trusts
ELDN,ELDN,"Eledon Pharmaceuticals, Inc. - Common Stock",Q,S,N,276332406,,,Health Care,Biotechnology: Pharmaceutical Preparations
EVTL,EVTL,Vertical Aerospace Ltd. Ordinary Shares,N, ,N,276301769,,,Industrials,Aerospace
HCKT,HCKT,"The Hackett Group, Inc. - Common Stock",Q,Q,N,274810757,,,Consumer Discretionary,Professional Services
MPAA,MPAA,"Motorcar Parts of America, Inc. - Common Stock",Q,Q,N,273756095,,,Consumer Discretionary,Auto Parts:O.E.M.
YSG,YSG,"Yatsen Holding Limited American Depositary Shares, each representing twenty (20) Class A Ordinary Shares",N, ,N,273148320,,,Consumer Discretionary,Package Goods/Cosmetics
CAN,CAN,Canaan Inc. - American Depositary Shares,Q,G,N,272800308,,,Technology,Semiconductors
XPOF,XPOF,"Xponential Fitness, Inc. Class A Common Stock",N, ,N,270954250,,,Consumer Discretionary,Services-Misc. Amusement & Recreation
CRNT,CRNT,Ceragon Networks Ltd. - Ordinary Shares,Q,Q,N,270863211,,,Technology,Radio And Television Broadcasting And Communications Equipment
FC,FC,Franklin Covey Company Common Stock,N, ,N,270200483,,,Consumer Discretionary,Other Consumer Services
GTE,GTE,Gran Tierra Energy Inc. Common Stock,A, ,N,268623670,,,Energy,Oil & Gas Production
NAGE,NAGE,"Niagen Bioscience, Inc. - Common Stock",Q,S,N,268401382,,,Health Care,Medicinal Chemicals and Botanical Products
WNEB,WNEB,"Western New England Bancorp, Inc. - Common Stock",Q,Q,N,268067704,,,Finance,Savings Institutions
CIA,CIA,"Citizens, Inc. Class A Common Stock ($1.00 Par)",N, ,N,267933889,,,Finance,Life Insurance
LTRX,LTRX,"Lantronix, Inc. - Common Stock",Q,S,N,267569770,,,Telecommunications,Computer Communications Equipment
VPV,VPV,Invesco Pennsylvania Value Municipal Income Trust Common Stock (DE),N, ,N,267367484,,,Finance,Trusts Except Educational Religious and Charitable
ACRE,ACRE,Ares Commercial Real Estate Corporation Common Stock,N, ,N,266864154,,,Real Estate,Real Estate Investment Trusts
AFRI,AFRI,Forafric Global PLC - Ordinary Shares,Q,S,N,266672130,,,Consumer Staples,Packaged Foods
PPHC,PPHC,"Public Policy Holding Company, Inc. - Common Stock",Q,G,N,266428657,,,,
REI,REI,"Ring Energy, Inc. Common Stock",A, ,N,265949659,,,Energy,Oil & Gas Production
MMT,MMT,MFS Multimarket Income Trust Common Stock,N, ,N,265585440,,,Finance,Trusts Except Educational Religious and Charitable
XYF,XYF,"X Financial American Depositary Shares, each representing six Class A Ordinary Shares",N, ,N,265148946,,,Finance,Finance: Consumer Services
ATLO,ATLO,Ames National Corporation - Common Stock,Q,S,N,264919450,,,Finance,Major Banks
FRAF,FRAF,Franklin Financial Services Corporation - Common Stock,Q,S,N,264774376,,,Finance,Major Banks
FXNC,FXNC,First National Corporation - Common Stock,Q,S,N,263634598,,,Finance,Major Banks
AIRO,AIRO,"AIRO Group Holdings, Inc. - Common Stock",Q,G,N,263514497,,,Industrials,Aerospace
NXDT,NXDT,NexPoint Diversified Real Estate Trust Common Stock,N, ,N,263274030,,,Real Estate,Real Estate Investment Trusts
EU,EU,enCore Energy Corp. - Common Stock,Q,S,N,262214555,,,Basic Materials,Other Metals and Minerals
MKTW,MKTW,"MarketWise, Inc. - Class A Common Stock",Q,G,N,261884285,,,Technology,Computer Software: Prepackaged Software
ZIP,ZIP,"ZipRecruiter, Inc. Class A Common Stock",N, ,N,261687386,,,Technology,Computer Software: Programming Data Processing
MCR,MCR,MFS Charter Income Trust Common Stock,N, ,N,261409777,,,Finance,Trusts Except Educational Religious and Charitable
SITC,SITC,SITE Centers Corp. Common Stock,N, ,N,260800124,,,Real Estate,Real Estate Investment Trusts
VATE,VATE,INNOVATE Corp. Common Stock,N, ,N,260559641,,,Industrials,Metal Fabrications
UP,UP,Wheels Up Experience Inc. Class A Common Stock,N, ,N,260487495,,,Consumer Discretionary,Transportation Services
SABS,SABS,"SAB Biotherapeutics, Inc. - Common Stock",Q,S,N,259977920,,,Health Care,Biotechnology: Biological Products (No Diagnostic Substances)
FUNC,FUNC,First United Corporation - Common Stock,Q,Q,N,259609294,,,Finance,Major Banks
BUUU,BUUU,BUUU Group Limited - Class A Ordinary Share,Q,S,N,259296250,,,Consumer Discretionary,Services-Misc. Amusement & Recreation
EDIT,EDIT,"Editas Medicine, Inc. - Common Stock",Q,Q,N,258962116,,,Health Care,Biotechnology: Biological Products (No Diagnostic Substances)
ELTX,ELTX,"Elicio Therapeutics, Inc. - Common Stock",Q,S,N,258616398,,,Health Care,Biotechnology: Pharmaceutical Preparations
NUS,NUS,"Nu Skin Enterprises, Inc. Common Stock",N, ,N,258288889,,,Health Care,Other Pharmaceuticals
ASUR,ASUR,Asure Software Inc - Common Stock,Q,S,N,257847881,,,Technology,EDP Services
TBCH,TBCH,Turtle Beach Corporation - Common Stock,Q,G,N,257421050,,,Telecommunications,Telecommunications Equipment
HBB,HBB,Hamilton Beach Brands Holding Company Class A Common Stock ,N, ,N,257368870,,,Consumer Discretionary,Home Furnishings
OTLY,OTLY,Oatly Group AB - American Depositary Shares,Q,Q,N,256981750,,,Consumer Staples,Packaged Foods
RWAY,RWAY,Runway Growth Finance Corp. - Common Stock,Q,Q,N,255211921,,,Finance,Finance: Consumer Services
ZNTL,ZNTL,"Zentalis Pharmaceuticals, Inc. - common stock",Q,G,N,254847126,,,Health Care,Biotechnology: Pharmaceutical Preparations
IMRX,IMRX,Immuneering Corporation - Class A Common Stock,Q,G,N,254260790,,,Health Care,Biotechnology: Pharmaceutical Preparations
PPIH,PPIH,"Perma-Pipe International Holdings, Inc. - Common Stock",Q,G,N,254014747,,,Industrials,Pollution Control Equipment
SCM,SCM,Stellus Capital Investment Corporation Common Stock,N, ,N,253577945,,,Finance,Finance/Investors Services
AUDC,AUDC,AudioCodes Ltd. - Ordinary Shares,Q,Q,N,252917006,,,Utilities,Telecommunications Equipment
SGHT,SGHT,"Sight Sciences, Inc. - Common Stock",Q,Q,N,251918031,,,Health Care,Medical/Dental Instruments
MX,MX,Magnachip Semiconductor Corporation Common Stock,N, ,N,251077484,,,Technology,Semiconductors
AKBA,AKBA,"Akebia Therapeutics, Inc. - Common Stock",Q,S,N,250982412,,,Health Care,Biotechnology: Pharmaceutical Preparations
PCYO,PCYO,Pure Cycle Corporation - Common Stock,Q,S,N,250680643,,,Utilities,Water Supply
TYGO,TYGO,"Tigo Energy, Inc. - Common Stock",Q,S,N,250505620,,,Technology,Semiconductors
SND,SND,"Smart Sand, Inc. - Common Stock",Q,Q,N,250176663,,,Industrials,Mining & Quarrying of Nonmetallic Minerals (No Fuels)
NVCT,NVCT,"Nuvectis Pharma, Inc. - Common Stock",Q,S,N,249870521,,,Health Care,Biotechnology: Pharmaceutical Preparations
LPRO,LPRO,Open Lending Corporation - Common Stock,Q,G,N,249438043,,,Finance,Finance: Consumer Services
TKNO,TKNO,"Alpha Teknova, Inc. - Common Stock",Q,G,N,249305230,,,Health Care,Biotechnology: In Vitro & In Vivo Diagnostic Substances
CXDO,CXDO,"Crexendo, Inc. - Common Stock",Q,S,N,249274218,,,Telecommunications,Telecommunications Equipment
EVO,EVO,Evotec SE - American Depositary Shares each representing 1/2 of one ordinary share,Q,Q,N,249227389,,,Health Care,Biotechnology: Pharmaceutical Preparations
PNNT,PNNT,PennantPark Investment Corporation Common Stock,N, ,N,248778118,,,Finance,Finance: Consumer Services
ESCA,ESCA,"Escalade, Incorporated - Common Stock",Q,G,N,248490684,,,Consumer Discretionary,Recreational Games/Products/Toys
CLW,CLW,Clearwater Paper Corporation Common Stock,N, ,N,248328896,,,Basic Materials,Paper
FLYX,FLYX,"flyExclusive, Inc. Class A Common Stock",A, ,N,247768494,,,Consumer Discretionary,Transportation Services
APC,APC,ARKO Petroleum Corp. - Class A Common Stock,Q,S,N,247507691,,,Energy,Oil Refining/Marketing
SILC,SILC,Silicom Ltd - Ordinary Shares,Q,Q,N,247190071,,,Telecommunications,Computer Communications Equipment
HWBK,HWBK,"Hawthorn Bancshares, Inc. - Common Stock",Q,Q,N,247035675,,,Finance,Major Banks
VFF,VFF,"Village Farms International, Inc. - Common Shares",Q,S,N,246863562,,,,
JAKK,JAKK,"JAKKS Pacific, Inc. - Common Stock",Q,Q,N,246741501,,,Consumer Discretionary,Recreational Games/Products/Toys
MGNX,MGNX,"MacroGenics, Inc. - Common Stock",Q,Q,N,246624917,,,Health Care,Biotechnology: Pharmaceutical Preparations
SBMT,SBMT,Silver Bow Mining Corp. Common Shares,A, ,N,245972405,,,Basic Materials,Precious Metals
ECC,ECC,Eagle Point Credit Company Common Share of Beneficial Interest,N, ,N,245683222,,,Finance,Trusts Except Educational Religious and Charitable
OSG,OSG,"Octave Specialty Group, Inc. Common Stock",N, ,N,245324076,,,Finance,Property-Casualty Insurers
MNTK,MNTK,"Montauk Renewables, Inc. - Common Stock",Q,S,N,244826759,,,Utilities,Natural Gas Distribution
AVNW,AVNW,"Aviat Networks, Inc. - Common Stock",Q,Q,N,244426456,,,Technology,Radio And Television Broadcasting And Communications Equipment
ANGI,ANGI,Angi Inc. - Class A Common Stock,Q,Q,N,243542911,,,Consumer Discretionary,Advertising
BZAI,BZAI,"Blaize Holdings, Inc. - Common Stock",Q,G,N,243332078,,,Finance,Blank Checks
TRDA,TRDA,"Entrada Therapeutics, Inc. - Common Stock",Q,G,N,243017056,,,Health Care,Biotechnology: Pharmaceutical Preparations
NMG,NMG,Nouveau Monde Graphite Inc. Common Shares,N, ,N,242848074,,,Basic Materials,Other Metals and Minerals
AVXL,AVXL,Anavex Life Sciences Corp. - Common Stock,Q,Q,N,242800006,,,Health Care,Biotechnology: Biological Products (No Diagnostic Substances)
LFMD,LFMD,"LifeMD, Inc. - Common Stock",Q,G,N,242779800,,,Health Care,Medical/Nursing Services
CFFI,CFFI,C&F Financial Corporation - Common Stock,Q,Q,N,242645231,,,Finance,Major Banks
SNFCA,SNFCA,Security National Financial Corporation - Class A Common Stock,Q,G,N,242152340,,,Finance,Finance: Consumer Services
RELL,RELL,"Richardson Electronics, Ltd. - Common Stock",Q,Q,N,242081613,,,Technology,Electronic Components
MITT,MITT,"TPG Mortgage Investment Trust, Inc. Common Stock",N, ,N,240752306,,,Real Estate,Real Estate Investment Trusts
CABO,CABO,"Cable One, Inc. Common Stock",N, ,N,240528967,,,Telecommunications,Cable & Other Pay Television Services
SRZN,SRZN,"Surrozen, Inc. - Common Stock",Q,S,N,240218576,,,Health Care,Biotechnology: Biological Products (No Diagnostic Substances)
CBNA,CBNA,"Chain Bridge Bancorp, Inc. Class A Common Stock",N, ,N,239834411,,,Finance,Major Banks
LVWR,LVWR,"LiveWire Group, Inc. Common Stock",N, ,N,239571341,,,Consumer Discretionary,Motor Vehicles
BPRN,BPRN,"Princeton Bancorp, Inc. - Common Stock",Q,Q,N,239480034,,,Finance,Major Banks
FOSL,FOSL,"Fossil Group, Inc. - Common Stock",Q,Q,N,238770456,,,Consumer Discretionary,Consumer Specialties
LCNB,LCNB,LCNB Corporation - Common Stock,Q,S,N,238763077,,,Finance,Major Banks
PROF,PROF,Profound Medical Corp. - common stock,Q,S,N,238738275,,,Health Care,Medical/Dental Instruments
REFI,REFI,"Chicago Atlantic Real Estate Finance, Inc. - Common Stock",Q,G,N,238369243,,,Real Estate,Real Estate Investment Trusts
INDP,INDP,"Indaptus Therapeutics, Inc. - Common Stock",Q,S,N,237808880,,,Health Care,Biotechnology: Pharmaceutical Preparations
LEE,LEE,"Lee Enterprises, Incorporated - Common Stock",Q,Q,N,237415716,,,Consumer Discretionary,Newspapers/Magazines
PEBK,PEBK,"Peoples Bancorp of North Carolina, Inc. - Common Stock",Q,G,N,236974051,,,Finance,Major Banks
VLN,VLN,Valens Semiconductor Ltd. Ordinary Shares,N, ,N,236908575,,,Technology,Semiconductors
CDXS,CDXS,"Codexis, Inc. - Common Stock",Q,Q,N,236785557,,,Industrials,Major Chemicals
LAW,LAW,"CS Disco, Inc. Common Stock",N, ,N,236655958,,,Technology,Computer Software: Prepackaged Software
OBIO,OBIO,"Orchestra BioMed Holdings, Inc. - Ordinary Shares",Q,G,N,236528824,,,Health Care,Medicinal Chemicals and Botanical Products
IMPP,IMPP,Imperial Petroleum Inc. - Common Shares,Q,S,N,236467431,,,Consumer Discretionary,Marine Transportation
GDEV,GDEV,GDEV Inc. - Ordinary Shares,Q,G,N,236410119,,,Technology,EDP Services
LOVE,LOVE,The Lovesac Company - Common Stock,Q,G,N,235887204,,,Consumer Discretionary,Other Specialty Stores
DPRO,DPRO,Draganfly Inc. - Common Shares,Q,S,N,234303928,,,Industrials,Aerospace
RGCO,RGCO,RGC Resources Inc. - Common Stock,Q,G,N,233848795,,,Utilities,Oil & Gas Production
CNCK,CNCK,Coincheck Group N.V. - Ordinary Shares,Q,G,N,233794650,,,Finance,Finance: Consumer Services
FTF,FTF,Franklin Limited Duration Income Trust Common Shares of Beneficial Interest,A, ,N,232734954,,,Finance,Finance/Investors Services
POWW,POWW,Outdoor Holding Company - Common Stock,Q,S,N,232231670,,,Industrials,Ordnance And Accessories
QSI,QSI,Quantum-Si Incorporated - Class A Common Stock,Q,G,N,230825773,,,Industrials,Industrial Machinery/Components
EAF,EAF,GrafTech International Ltd. Common Stock,N, ,N,230523340,,,Energy,Industrial Machinery/Components
AREC,AREC,American Resources Corporation - Class A Common Stock,Q,S,N,230523091,,,Energy,Coal Mining
USAU,USAU,U.S. Gold Corp. - Common Stock,Q,S,N,230191224,,,Basic Materials,Metal Mining
MFIN,MFIN,Medallion Financial Corp. - Common Stock,Q,Q,N,229913682,,,Finance,Finance: Consumer Services
ARL,ARL,"American Realty Investors, Inc. Common Stock",N, ,N,229359011,,,Real Estate,Other Consumer Services
VABK,VABK,Virginia National Bankshares Corporation - Common Stock,Q,S,N,229318075,,,Finance,Major Banks
HDSN,HDSN,"Hudson Technologies, Inc. - Common Stock",Q,S,N,229274895,,,Consumer Discretionary,Industrial Specialties
FULC,FULC,"Fulcrum Therapeutics, Inc. - Common Stock",Q,G,N,229131850,,,Health Care,Biotechnology: Pharmaceutical Preparations
TMCI,TMCI,"Treace Medical Concepts, Inc. - Common Stock",Q,Q,N,229001605,,,Health Care,Medical/Dental Instruments
CMRC,CMRC,"Commerce.com, Inc. - Series 1 Common Stock",Q,G,N,228558916,,,Technology,Computer Software: Prepackaged Software
FBLA,FBLA,"FB Bancorp, Inc. - Common Stock",Q,S,N,228361840,,,Finance,Banks
MRBK,MRBK,Meridian Corporation - Common Stock,Q,Q,N,228293338,,,Finance,Major Banks
OVBC,OVBC,Ohio Valley Banc Corp. - Common Stock,Q,G,N,227824008,,,Finance,Major Banks
TC,TC,Token Cat Limited - American Depositary Shares,Q,S,N,227678517,,,Consumer Discretionary,Business Services
TARA,TARA,"Protara Therapeutics, Inc.  - Common Stock",Q,G,N,227065117,,,Health Care,Biotechnology: Biological Products (No Diagnostic Substances)
KINS,KINS,"Kingstone Companies, Inc - Common Stock",Q,S,N,225094429,,,Finance,Property-Casualty Insurers
NKSH,NKSH,"National Bankshares, Inc. - Common Stock",Q,S,N,224804873,,,Finance,Major Banks
SLGL,SLGL,Sol-Gel Technologies Ltd. - Ordinary Shares,Q,S,N,224790320,,,Health Care,Biotechnology: Pharmaceutical Preparations
EFSI,EFSI,Eagle Financial Services Inc - Common Stock,Q,S,N,224667728,,,Finance,Major Banks
STRS,STRS,Stratus Properties Inc. - Common Stock,Q,Q,N,224474171,,,Real Estate,Homebuilding
STI,STI,"Solidion Technology, Inc. - Common Stock",Q,S,N,224237523,,,Miscellaneous,Industrial Machinery/Components
LIEN,LIEN,"Chicago Atlantic BDC, Inc. - Common Stock",Q,G,N,223869988,,,Finance,Finance: Consumer Services
CNDT,CNDT,Conduent Incorporated - Common Stock,Q,Q,N,223339412,,,Consumer Discretionary,Business Services
ACIU,ACIU,AC Immune SA - Common Stock,Q,G,N,222884125,,,Health Care,Biotechnology: Pharmaceutical Preparations
SPOK,SPOK,"Spok Holdings, Inc. - Common Stock",Q,Q,N,222655527,,,Telecommunications,Telecommunications Equipment
FATE,FATE,"Fate Therapeutics, Inc. - Common Stock",Q,G,N,222628045,,,Health Care,Biotechnology: Biological Products (No Diagnostic Substances)
JACK,JACK,Jack In The Box Inc. - Common Stock,Q,Q,N,220872473,,,Consumer Discretionary,Restaurants
IMMR,IMMR,Immersion Corporation - Common Stock,Q,Q,N,220780015,,,Technology,Computer peripheral equipment
TPVG,TPVG,TriplePoint Venture Growth BDC Corp. Common Stock,N, ,N,220452467,,,Consumer Discretionary,Other Consumer Services
FSBW,FSBW,"FS Bancorp, Inc. - Common Stock",Q,S,N,220101132,,,Finance,Banks
CHRS,CHRS,"Coherus Oncology, Inc. - Common Stock",Q,G,N,219034858,,,Health Care,Biotechnology: Biological Products (No Diagnostic Substances)
OWLS,OWLS,OBOOK Holdings Inc. - Class A Common Shares,Q,G,N,219009130,,,Technology,Computer Software: Prepackaged Software
OPRT,OPRT,Oportun Financial Corporation - common stock,Q,Q,N,218172850,,,Finance,Finance: Consumer Services
DEFT,DEFT,"Defi Technologies, Inc. - Common Stock",Q,S,N,217997546,,,Finance,Finance: Consumer Services
INBK,INBK,First Internet Bancorp - Common Stock,Q,Q,N,217916550,,,Finance,Major Banks
SMRT,SMRT,"SmartRent, Inc. Class A Common Stock",N, ,N,217907018,,,Technology,EDP Services
FHTX,FHTX,Foghorn Therapeutics Inc. - Common Stock,Q,G,N,217828651,,,Health Care,Biotechnology: Pharmaceutical Preparations
GENC,GENC,"Gencor Industries, Inc. Common Stock",A, ,N,217520298,,,Industrials,Construction/Ag Equipment/Trucks
EVI,EVI,"EVI Industries, Inc.  Common Stock",A, ,N,216458481,,,Consumer Discretionary,Other Consumer Services
WHWK,WHWK,"Whitehawk Therapeutics, Inc. - Common Stock",Q,S,N,216208983,,,Health Care,Biotechnology: Pharmaceutical Preparations
AP,AP,Ampco-Pittsburgh Corporation Common Stock,N, ,N,216069515,,,Industrials,Fluid Controls
NERV,NERV,"Minerva Neurosciences, Inc - Common Stock",Q,S,N,215705723,,,Health Care,Biotechnology: Pharmaceutical Preparations
ADAG,ADAG,"Adagene Inc. - ADS, each representing 1.25 ordinary shares",Q,G,N,215328196,,,Health Care,Biotechnology: Pharmaceutical Preparations
LMNR,LMNR,Limoneira Co - Common Stock,Q,Q,N,215109699,,,Consumer Staples,Farming/Seeds/Milling
CMTV,CMTV,Community Bancorp.  - Common stock,Q,S,N,214815940,,,Finance,Major Banks
VTN,VTN,Invesco Trust for Investment Grade New York Municipals Common Stock,N, ,N,214735489,,,Finance,Finance Companies
HKD,HKD,AMTD Digital Inc. American Depositary Shares (every five of which represent two Class A Ordinary Shares),N, ,N,214478751,,,Finance,Finance: Consumer Services
IKT,IKT,"Inhibikase Therapeutics, Inc. - Common Stock",Q,S,N,213892870,,,Health Care,Biotechnology: Biological Products (No Diagnostic Substances)
RDCM,RDCM,Radcom Ltd. - Ordinary Shares,Q,S,N,213637850,,,Technology,Computer peripheral equipment
KLTR,KLTR,"Kaltura, Inc. - Common Stock",Q,Q,N,213532134,,,Technology,Computer Software: Prepackaged Software
UTMD,UTMD,"Utah Medical Products, Inc. - Common Stock",Q,Q,N,213488876,,,Health Care,Medical/Dental Instruments
FCAP,FCAP,"First Capital, Inc. - Common Stock",Q,S,N,213043414,,,Finance,Savings Institutions
CLLS,CLLS,Cellectis S.A. - American Depositary Shares,Q,G,N,212691612,,,Health Care,Biotechnology: Pharmaceutical Preparations
CAMP,CAMP,CAMP4 Therapeutics Corporation - Common Stock,Q,G,N,212376522,,,,
ALXO,ALXO,ALX Oncology Holdings Inc. - Common Stock,Q,Q,N,211263780,,,Health Care,Biotechnology: Pharmaceutical Preparations
OPBK,OPBK,OP Bancorp - Common Stock,Q,G,N,210753482,,,Finance,Major Banks
LENZ,LENZ,"LENZ Therapeutics, Inc. - Common Stock",Q,Q,N,210701528,,,Health Care,Biotechnology: Biological Products (No Diagnostic Substances)
YDES,YDES,YD Bio Limited - Ordinary Shares,Q,G,N,210369098,,,Health Care,Medical Specialities
WALD,WALD,Waldencast plc - Class A Ordinary Share,Q,S,N,210346190,,,Consumer Discretionary,Package Goods/Cosmetics
HUHU,HUHU,HUHUTECH International Group Inc. - Ordinary Shares,Q,S,N,210323429,,,Telecommunications,Metal Fabrications
GCTS,GCTS,"GCT Semiconductor Holding, Inc. Common Stock",N, ,N,210195752,,,Technology,Semiconductors
ALTG,ALTG,Alta Equipment Group Inc. Class A Common Stock,N, ,N,209203522,,,Industrials,Industrial Machinery/Components
LCUT,LCUT,"Lifetime Brands, Inc. - Common Stock",Q,Q,N,209009048,,,Consumer Discretionary,Industrial Machinery/Components
LFCR,LFCR,"Lifecore Biomedical, Inc. - Common Stock",Q,Q,N,208927397,,,Health Care,Biotechnology: Pharmaceutical Preparations
TII,TII,Titan Mining Corporation Common Shares,A, ,N,208370780,,,,
INSE,INSE,"Inspired Entertainment, Inc. - Common Stock",Q,S,N,208067769,,,Technology,Computer Software: Prepackaged Software
PDEX,PDEX,"Pro-Dex, Inc. - Common Stock",Q,S,N,207529335,,,Health Care,Medical/Dental Instruments
CMT,CMT,Core Molding Technologies Inc Common Stock,A, ,N,206918699,,,Industrials,Plastic Products
ETX,ETX,Eaton Vance Municipal Income 2028 Term Trust Common Shares of Beneficial Interest,N, ,N,205426332,,,Finance,Investment Managers
RXST,RXST,"RxSight, Inc. - Common Stock",Q,G,N,204913215,,,Health Care,Ophthalmic Goods
EGAN,EGAN,eGain Corporation - Common Stock,Q,S,N,204777604,,,Technology,Computer Software: Prepackaged Software
ANNA,ANNA,"AleAnna, Inc. - Class A Common Stock",Q,S,N,204149920,,,Energy,Oil & Gas Production
SRI,SRI,"Stoneridge, Inc. Common Stock",N, ,N,204140821,,,Consumer Discretionary,Auto Parts:O.E.M.
QTTB,QTTB,Q32 Bio Inc. - Common Stock,Q,S,N,203985672,,,Health Care,Biotechnology: Pharmaceutical Preparations
HITI,HITI,High Tide Inc. - Common Shares,Q,S,N,203923075,,,Consumer Discretionary,Other Specialty Stores
VYGR,VYGR,"Voyager Therapeutics, Inc. - Common Stock",Q,Q,N,203619737,,,Health Care,Biotechnology: Biological Products (No Diagnostic Substances)
III,III,"Information Services Group, Inc. - Common Stock",Q,G,N,203316915,,,Consumer Discretionary,Professional Services
AOMR,AOMR,"Angel Oak Mortgage REIT, Inc. Common Stock",N, ,N,203054373,,,Finance,Real Estate
GWRS,GWRS,"Global Water Resources, Inc. - common stock",Q,G,N,202783620,,,Utilities,Water Supply
SGC,SGC,"Superior Group of Companies, Inc. - Common Stock",Q,G,N,202773616,,,Consumer Discretionary,Apparel
TBI,TBI,"TrueBlue, Inc. Common Stock",N, ,N,202491246,,,Consumer Discretionary,Professional Services
SMTI,SMTI,Sanara MedTech Inc. - Common Stock,Q,S,N,202432075,,,Health Care,Industrial Specialties
ARCT,ARCT,Arcturus Therapeutics Holdings Inc. - Common Stock,Q,G,N,202372251,,,Health Care,Biotechnology: Pharmaceutical Preparations
KTWO,KTWO,K2 Capital Acquisition Corporation - Class A Ordinary Share,Q,G,N,201814481,,,,
ACB,ACB,Aurora Cannabis Inc. - Common Shares,Q,S,N,201552439,,,Health Care,Medicinal Chemicals and Botanical Products
JILL,JILL,"J. Jill, Inc. Common Stock",N, ,N,201532432,,,Consumer Discretionary,Apparel
VENU,VENU,Venu Holding Corporation Common Stock,A, ,N,201514743,,,Consumer Discretionary,Services-Misc. Amusement & Recreation
JFIN,JFIN,Jiayin Group Inc. - American Depositary Shares,Q,G,N,201468752,,,Finance,Finance: Consumer Services
HELP,HELP,Cybin Inc. - Common Stock,Q,G,N,200643538,,,Health Care,Biotechnology: Pharmaceutical Preparations
GLDG,GLDG,GoldMining Inc. Common Shares,A, ,N,200047121,,,Basic Materials,Precious Metals
APYX,APYX,Apyx Medical Corporation - Common Stock,Q,Q,N,199738746,,,Health Care,Medical/Dental Instruments
SMHI,SMHI,SEACOR Marine Holdings Inc. Common Stock ,N, ,N,199178359,,,Consumer Discretionary,Marine Transportation
GORO,GORO,Gold Resource Corporation Common Stock,A, ,N,199115978,,,Basic Materials,Precious Metals
PAL,PAL,"Proficient Auto Logistics, Inc. - Common Stock",Q,Q,N,198833730,,,Consumer Discretionary,Transportation Services
CZWI,CZWI,"Citizens Community Bancorp, Inc. - Common Stock",Q,G,N,198668707,,,Finance,Savings Institutions
FT,FT,Franklin Universal Trust Common Stock,N, ,N,198541963,,,Finance,Trusts Except Educational Religious and Charitable
RMAX,RMAX,"RE/MAX Holdings, Inc. Class A Common Stock",N, ,N,198526830,,,Finance,Real Estate
EMBC,EMBC,Embecta Corp. - Common Stock,Q,Q,N,198154441,,,Health Care,Medical/Dental Instruments
MNTS,MNTS,Momentus Inc. - Class A Common Stock,Q,S,N,198151931,,,Industrials,Military/Government/Technical
KROS,KROS,"Keros Therapeutics, Inc. - common stock",Q,G,N,197918370,,,Health Care,Biotechnology: Pharmaceutical Preparations
RNA,RNA,"Atrium Therapeutics, Inc. - Common Stock",Q,Q,N,197570177,,,Health Care,Biotechnology: Pharmaceutical Preparations
FINW,FINW,FinWise Bancorp - Common Stock,Q,G,N,197229901,,,Finance,Major Banks
TLSI,TLSI,"TriSalus Life Sciences, Inc. - Common Stock",Q,G,N,197147077,,,Health Care,Medical Specialities
OMSE,OMSE,OMS Energy Technologies Inc. - Ordinary Shares,Q,S,N,196537500,,,Consumer Discretionary,Oil and Gas Field Machinery
INTT,INTT,inTest Corporation Common Stock,A, ,N,196385589,,,Industrials,Electrical Products
PMTS,PMTS,CPI Card Group Inc. - Common Stock,Q,G,N,195544360,,,Consumer Discretionary,Publishing
ACH,ACH,"Accendra Health, Inc. Common Stock",N, ,N,195288440,,,Health Care,Medical Specialities
CPSS,CPSS,"Consumer Portfolio Services, Inc. - Common Stock",Q,G,N,195287085,,,Finance,Finance: Consumer Services
FF,FF,FutureFuel Corp.  Common shares,N, ,N,195192606,,,Industrials,Major Chemicals
BCBP,BCBP,"BCB Bancorp, Inc. (NJ) - Common Stock",Q,G,N,194640990,,,Finance,Savings Institutions
LUCD,LUCD,Lucid Diagnostics Inc. - Common Stock,Q,S,N,194558285,,,Health Care,Medical/Dental Instruments
KGEI,KGEI,Kolibri Global Energy Inc. - Common stock,Q,S,N,194271338,,,Energy,Oil & Gas Production
ANIK,ANIK,Anika Therapeutics Inc. - Common Stock,Q,Q,N,194262110,,,Health Care,Medical/Dental Instruments
ATGL,ATGL,Alpha Technology Group Limited - Class A Ordinary Shares,Q,S,N,193928250,,,Technology,EDP Services
SLNH,SLNH,"Soluna Holdings, Inc. - Common Stock",Q,S,N,193645465,,,Technology,EDP Services
RDIB,RDIB,Reading International Inc - Class B Voting Common Stock,Q,S,N,193096710,,,Consumer Discretionary,Movies/Entertainment
CGEN,CGEN,Compugen Ltd. - Ordinary Shares,Q,S,N,192952657,,,Health Care,Biotechnology: Biological Products (No Diagnostic Substances)
KPTI,KPTI,Karyopharm Therapeutics Inc. - Common Stock,Q,Q,N,192635016,,,Health Care,Biotechnology: Pharmaceutical Preparations
SEVN,SEVN,Seven Hills Realty Trust  - Common Stock,Q,S,N,192518576,,,Real Estate,Real Estate Investment Trusts
CFBK,CFBK,CF Bankshares Inc. - Common Stock,Q,S,N,192000279,,,Finance,Major Banks
EXOD,EXOD,"Exodus Movement, Inc. Class A Common Stock",A, ,N,191181466,,,Finance,Finance: Consumer Services
MDV,MDV,"Modiv Industrial, Inc. Class C Common Stock",N, ,N,189852291,,,Real Estate,Real Estate Investment Trusts
BMEZ,BMEZ,BlackRock Health Sciences Term Trust Common Shares of Beneficial Interest,N, ,N,189595516,,,Finance,Trusts Except Educational Religious and Charitable
RICK,RICK,"RCI Hospitality Holdings, Inc. - Common Stock",Q,G,N,189277820,,,Consumer Discretionary,Restaurants
AMPY,AMPY,Amplify Energy Corp. Common Stock,N, ,N,187857838,,,Energy,Oil & Gas Production
CHPT,CHPT,"ChargePoint Holdings, Inc. Common Stock",N, ,N,186721920,,,Consumer Discretionary,Industrial Specialties
TNXP,TNXP,Tonix Pharmaceuticals Holding Corp. - Common Stock,Q,Q,N,186666780,,,Health Care,Biotechnology: Pharmaceutical Preparations
TONX,TONX,TON Strategy Company - Common Stock,Q,S,N,185985730,,,Consumer Discretionary,Other Consumer Services
CVGI,CVGI,"Commercial Vehicle Group, Inc. - Common Stock",Q,Q,N,185530206,,,Consumer Discretionary,Auto Parts:O.E.M.
CNTN,CNTN,"Canton Strategic Holdings, Inc. - Common Stock",Q,S,N,184982932,,,Health Care,Biotechnology: Pharmaceutical Preparations
IMDX,IMDX,Insight Molecular Diagnostics Inc. - Common Stock,Q,S,N,184699755,,,Health Care,Biotechnology: In Vitro & In Vivo Diagnostic Substances
INSG,INSG,Inseego Corp. - Common Stock,Q,Q,N,183601255,,,Telecommunications,Telecommunications Equipment
QMCO,QMCO,Quantum Corporation - Common Stock,Q,G,N,183560884,,,Technology,Electronic Components
JRVR,JRVR,"James River Group Holdings, Inc. - Common Stock",Q,Q,N,183560318,,,Finance,Property-Casualty Insurers
KRMD,KRMD,"KORU Medical Systems, Inc. - Common Stock",Q,S,N,183272670,,,Health Care,Medical/Dental Instruments
EBMT,EBMT,"Eagle Bancorp Montana, Inc. - Common Stock",Q,G,N,183204913,,,Finance,Major Banks
MINE,MINE,Mayfair Gold Corp. Common Shares,A, ,N,183129754,,,Energy,Oil & Gas Production
RBKB,RBKB,"Rhinebeck Bancorp, Inc. - Common Stock",Q,S,N,183075989,,,Finance,Banks
MDWD,MDWD,MediWound Ltd. - Ordinary Shares,Q,G,N,182536885,,,Health Care,Medicinal Chemicals and Botanical Products
CRBU,CRBU,"Caribou Biosciences, Inc. - Common Stock",Q,Q,N,182492258,,,Health Care,Biotechnology: Biological Products (No Diagnostic Substances)
TRAK,TRAK,"ReposiTrak, Inc. Common Stock",N, ,N,182280857,,,Technology,EDP Services
TGEN,TGEN,Tecogen Inc. Common Stock,A, ,N,182200328,,,Industrials,Industrial Machinery/Components
ALEC,ALEC,"Alector, Inc. - Common Stock",Q,Q,N,182081307,,,Health Care,Biotechnology: Biological Products (No Diagnostic Substances)
INFU,INFU,"InfuSystems Holdings, Inc. Common Stock",A, ,N,181837144,,,Health Care,Medical/Dental Instruments
EGG,EGG,Enigmatig Limited Class A Ordinary Shares,A, ,N,181550704,,,Consumer Discretionary,Professional Services
ELME,ELME,Elme Communities Common Stock,N, ,N,181270081,,,Real Estate,Real Estate Investment Trusts
EPSN,EPSN,Epsilon Energy Ltd. - Common Shares,Q,G,N,180886730,,,Energy,Oil & Gas Production
RFIL,RFIL,"RF Industries, Ltd. - Common Stock",Q,G,N,180273831,,,Technology,Electrical Products
NBP,NBP,NovaBridge Biosciences - American Depositary Shares,Q,G,N,179995440,,,Health Care,Biotechnology: Pharmaceutical Preparations
PESI,PESI,"Perma-Fix Environmental Services, Inc. - Common Stock",Q,S,N,179705144,,,Industrials,Environmental Services
NIU,NIU,Niu Technologies - American Depositary Shares,Q,G,N,179618642,,,Industrials,Auto Manufacturing
HQI,HQI,"HireQuest, Inc. - Common Stock",Q,S,N,178893000,,,Consumer Discretionary,Professional Services
INHD,INHD,Inno Holdings Inc. - Common Stock,Q,S,N,178522364,,,Industrials,Steel/Iron Ore
PED,PED,Pedevco Corp. Common Stock,A, ,N,178504828,,,Energy,Oil & Gas Production
HTLM,HTLM,HomesToLife Ltd - Ordinary Shares,Q,S,N,178478125,,,Consumer Discretionary,Other Specialty Stores
LANV,LANV,Lanvin Group Holdings Limited Ordinary Shares,N, ,N,178346198,,,Consumer Discretionary,Apparel
UNCY,UNCY,"Unicycive Therapeutics, Inc. - Common Stock",Q,S,N,177822180,,,Health Care,Biotechnology: Pharmaceutical Preparations
OKUR,OKUR,"OnKure Therapeutics, Inc. - Class A Common Stock",Q,G,N,177740112,,,Health Care,Biotechnology: Pharmaceutical Preparations
PLG,PLG,Platinum Group Metals Ltd. Ordinary Shares (Canada),A, ,N,177556231,,,Basic Materials,Precious Metals
STXS,STXS,"Stereotaxis, Inc. Common Stock",A, ,N,176903427,,,Health Care,Biotechnology: Electromedical & Electrotherapeutic Apparatus
TAYD,TAYD,"Taylor Devices, Inc. - Common Stock",Q,S,N,176439529,,,Industrials,Industrial Machinery/Components
NLOP,NLOP,Net Lease Office Properties Common Shares of Beneficial Interest,N, ,N,176287493,,,Real Estate,Real Estate Investment Trusts
FRD,FRD,Friedman Industries Inc. - Common Stock,Q,Q,N,175386408,,,Industrials,Steel/Iron Ore
STRW,STRW,"Strawberry Fields REIT, Inc. Common Stock",A, ,N,175351527,,,Real Estate,Real Estate Investment Trusts
EQ,EQ,"Equillium, Inc. - Common Stock",Q,S,N,175137560,,,Health Care,Biotechnology: Pharmaceutical Preparations
MPV,MPV,Barings Participation Investors Common Stock,N, ,N,174822033,,,Finance,Finance Companies
DTIL,DTIL,"Precision BioSciences, Inc. - Common Stock",Q,S,N,174681212,,,Health Care,Biotechnology: Biological Products (No Diagnostic Substances)
CBFV,CBFV,"CB Financial Services, Inc. - Common Stock",Q,G,N,174548545,,,Finance,Major Banks
SJT,SJT,San Juan Basin Royalty Trust Common Stock,N, ,N,174316897,,,Energy,Oil & Gas Production
LARK,LARK,Landmark Bancorp Inc. - Common Stock,Q,G,N,173985184,,,Finance,Major Banks
EARN,EARN,Ellington Credit Company Common Shares of Beneficial Interest,N, ,N,173899073,,,Real Estate,Real Estate Investment Trusts
ONEW,ONEW,OneWater Marine Inc. - Class A Common Stock,Q,G,N,173154777,,,Consumer Discretionary,Auto & Home Supply Stores
CURV,CURV,Torrid Holdings Inc. Common Stock,N, ,N,173127347,,,Consumer Discretionary,Clothing/Shoe/Accessory Stores
BHR,BHR,Braemar Hotels & Resorts Inc. Common Stock,N, ,N,173071881,,,Real Estate,Real Estate Investment Trusts
KULR,KULR,"KULR Technology Group, Inc. Common Stock",A, ,N,172539225,,,Technology,Electrical Products
FOCL,FOCL,"EDAP TMS S.A. - American Depositary Shares, each representing One Ordinary Share",Q,G,N,172426717,,,Health Care,Biotechnology: Electromedical & Electrotherapeutic Apparatus
FOA,FOA,Finance of America Companies Inc. Class A Common Stock,N, ,N,172322851,,,Finance,Finance: Consumer Services
RNAC,RNAC,"Cartesian Therapeutics, Inc. - Common Stock",Q,G,N,172175672,,,Health Care,Biotechnology: Pharmaceutical Preparations
ENLV,ENLV,Enlivex Ltd. - Ordinary Shares,Q,S,N,172156999,,,Health Care,Biotechnology: Pharmaceutical Preparations
WW,WW,"WW International, Inc.  - Common Stock",Q,G,N,171878684,,,Consumer Discretionary,Other Consumer Services
NKTX,NKTX,"Nkarta, Inc. - Common Stock",Q,Q,N,171708859,,,Health Care,Biotechnology: Pharmaceutical Preparations
HNVR,HNVR,"Hanover Bancorp, Inc. - Common Stock",Q,Q,N,170113832,,,Finance,Major Banks
MNSB,MNSB,"MainStreet Bancshares, Inc. - Common Stock",Q,S,N,170106768,,,Finance,Major Banks
PERF,PERF,Perfect Corp. Class A Ordinary Share,N, ,N,170087281,,,Technology,Computer Software: Prepackaged Software
RCMT,RCMT,"RCM Technologies, Inc. - Common Stock",Q,G,N,169323098,,,Consumer Discretionary,Professional Services
BVFL,BVFL,"BV Financial, Inc. - Common Stock",Q,S,N,168728087,,,Finance,Savings Institutions
CURI,CURI,CuriosityStream Inc.  - Class A Common Stock,Q,S,N,168376784,,,Consumer Discretionary,Movies/Entertainment
THRY,THRY,"Thryv Holdings, Inc. - Common Stock",Q,S,N,168085689,,,Consumer Discretionary,Advertising
ARTV,ARTV,"Artiva Biotherapeutics, Inc. - Common Stock",Q,G,N,168073370,,,Health Care,Biotechnology: Biological Products (No Diagnostic Substances)
OCC,OCC,Optical Cable Corporation - Common Stock,Q,G,N,167800362,,,Industrials,Telecommunications Equipment
TUSK,TUSK,"Mammoth Energy Services, Inc. - Common Stock",Q,Q,N,167633852,,,Energy,Oilfield Services/Equipment
ESP,ESP,Espey Mfg. & Electronics Corp. Common Stock,A, ,N,166603222,,,Technology,Industrial Machinery/Components
AMPG,AMPG,"Amplitech Group, Inc. - Common Stock",Q,S,N,166475909,,,Telecommunications,Telecommunications Equipment
FLX,FLX,BingEx Limited - American Depositary Shares,Q,Q,N,166004896,,,Industrials,Trucking Freight/Courier Services
ACU,ACU,Acme United Corporation. Common Stock,A, ,N,165903031,,,Consumer Discretionary,Industrial Machinery/Components
DERM,DERM,Journey Medical Corporation - Common Stock,Q,S,N,165207282,,,Health Care,Biotechnology: Pharmaceutical Preparations
IPHA,IPHA,Innate Pharma S.A. - American Depositary Shares,Q,Q,N,165070476,,,Health Care,Biotechnology: Biological Products (No Diagnostic Substances)
DLTH,DLTH,Duluth Holdings Inc. - Class B Common Stock,Q,Q,N,164334688,,,Consumer Discretionary,Clothing/Shoe/Accessory Stores
IMUX,IMUX,"Immunic, Inc.  - Common Stock",Q,S,N,164275604,,,Health Care,Biotechnology: Pharmaceutical Preparations
INGN,INGN,"Inogen, Inc - Common Stock",Q,Q,N,164071567,,,Health Care,Industrial Specialties
COOK,COOK,"Traeger, Inc. Common Stock",N, ,N,163737160,,,Consumer Discretionary,Consumer Electronics/Appliances
ECBK,ECBK,"ECB Bancorp, Inc. - Common Stock",Q,S,N,161860905,,,Finance,Banks
MRDN,MRDN,Meridian Holdings Inc. - Common Stock,Q,S,N,161662552,,,Technology,Computer Software: Prepackaged Software
KORE,KORE,"KORE Group Holdings, Inc. Common Stock",N, ,N,161632351,,,Telecommunications,Telecommunications Equipment
WHG,WHG,Westwood Holdings Group Inc Common Stock,N, ,N,161580265,,,Finance,Investment Managers
FGBI,FGBI,"First Guaranty Bancshares, Inc. - Common Stock",Q,G,N,161349630,,,Finance,Savings Institutions
PIM,PIM,Putnam Master Intermediate Income Trust Common Stock,N, ,N,161313395,,,Finance,Finance Companies
BRR,BRR,"ProCap Financial, Inc. - Common Stock",Q,G,N,161220873,,,Finance,Finance: Consumer Services
PRQR,PRQR,ProQR Therapeutics N.V. - Ordinary Shares,Q,S,N,161202428,,,Health Care,Biotechnology: Pharmaceutical Preparations
ONL,ONL,Orion Properties Inc. Common Stock,N, ,N,160260792,,,Real Estate,Real Estate Investment Trusts
TLYS,TLYS,"Tilly's, Inc. Common Stock",N, ,N,159759321,,,Consumer Discretionary,Clothing/Shoe/Accessory Stores
MOLN,MOLN,Molecular Partners AG - American Depositary Shares,Q,Q,N,159434225,,,Health Care,Biotechnology: Biological Products (No Diagnostic Substances)
TTRX,TTRX,Turn Therapeutics Inc. - Common Stock,Q,G,N,158770253,,,Health Care,Biotechnology: Pharmaceutical Preparations
SPRO,SPRO,"Spero Therapeutics, Inc. - Common Stock",Q,Q,N,158650091,,,Health Care,Biotechnology: Pharmaceutical Preparations
CHCI,CHCI,"Comstock Holding Companies, Inc. - Class A Common Stock",Q,S,N,158299888,,,Finance,Real Estate
GALT,GALT,Galectin Therapeutics Inc. - Common Stock,Q,S,N,158056555,,,Health Care,Biotechnology: Pharmaceutical Preparations
VERI,VERI,"Veritone, Inc. - Common Stock",Q,G,N,158030241,,,Technology,EDP Services
PLX,PLX,"Protalix BioTherapeutics, Inc. (DE) Common Stock",A, ,N,157920418,,,Health Care,Biotechnology: Biological Products (No Diagnostic Substances)
ZJK,ZJK,"ZJK Industrial Co., Ltd. - Class A Ordinary Shares",Q,S,N,157640955,,,Industrials,Metal Fabrications
EPM,EPM,"Evolution Petroleum Corporation, Inc. Common Stock",A, ,N,157481263,,,Energy,Oil & Gas Production
CNTX,CNTX,Context Therapeutics Inc. - Common Stock,Q,S,N,157113393,,,Health Care,Biotechnology: Pharmaceutical Preparations
NRXP,NRXP,"NRX Pharmaceuticals, Inc. - Common Stock",Q,S,N,156871535,,,Health Care,Biotechnology: Pharmaceutical Preparations
ABOS,ABOS,"Acumen Pharmaceuticals, Inc. - Common Stock",Q,Q,N,156733849,,,Health Care,Biotechnology: Biological Products (No Diagnostic Substances)
MRT,MRT,"Marti Technologies, Inc. Class A Ordinary Shares",A, ,N,156597761,,,Consumer Discretionary,Rental/Leasing Companies
AMTX,AMTX,"Aemetis, Inc - Common Stock",Q,G,N,156213579,,,Industrials,Major Chemicals
GRX,GRX,The Gabelli Healthcare & Wellness Trust Common Shares of Beneficial Interest,N, ,N,156058843,,,Finance,Finance/Investors Services
SRBK,SRBK,"SR Bancorp, Inc. - Common stock",Q,S,N,156039961,,,Finance,Banks
BZUN,BZUN,Baozun Inc. - American Depositary Shares,Q,Q,N,155784083,,,Consumer Discretionary,Catalog/Specialty Distribution
RGP,RGP,"Resources Connection, Inc. - Common Stock",Q,Q,N,155511928,,,Consumer Discretionary,Business Services
DOUG,DOUG,Douglas Elliman Inc. Common Stock,N, ,N,155449400,,,Finance,Real Estate
TLSA,TLSA,Tiziana Life Sciences Ltd - Common Shares,Q,S,N,155256140,,,Health Care,Biotechnology: Pharmaceutical Preparations
RMBI,RMBI,"Richmond Mutual Bancorporation, Inc. - Common Stock",Q,S,N,155208623,,,Finance,Major Banks
BDSX,BDSX,"Biodesix, Inc. - Common Stock",Q,G,N,154819345,,,Health Care,Medical Specialities
ANTA,ANTA,Antalpha Platform Holding Company - Class A Ordinary Shares,Q,G,N,154751728,,,Finance,Investment Bankers/Brokers/Service
NRDY,NRDY,Nerdy Inc. Class A Common Stock,N, ,N,154121066,,,Real Estate,Other Consumer Services
MIST,MIST,Milestone Pharmaceuticals Inc. - Common Shares,Q,Q,N,153132515,,,Health Care,Biotechnology: Pharmaceutical Preparations
NNBR,NNBR,"NN, Inc. - Common Stock",Q,Q,N,153043185,,,Industrials,Industrial Machinery/Components
KRRO,KRRO,"Korro Bio, Inc. - Common Stock",Q,S,N,152735027,,,Health Care,Biotechnology: Pharmaceutical Preparations
DAVA,DAVA,Endava plc American Depositary Shares (each representing one Class A Ordinary Share),N, ,N,152660564,,,Technology,EDP Services
SMID,SMID,Smith-Midland Corporation - Common Stock,Q,S,N,152563428,,,Industrials,Building Materials
RAIL,RAIL,"Freightcar America, Inc. - Common Stock",Q,Q,N,152523548,,,Industrials,Railroads
MENS,MENS,Jyong Biotech Ltd. - Ordinary shares,Q,G,N,152055334,,,Health Care,Biotechnology: Pharmaceutical Preparations
PLBY,PLBY,"Playboy, Inc. - Common Stock",Q,G,N,151916850,,,Consumer Discretionary,Other Specialty Stores
ASRT,ASRT,"Assertio Holdings, Inc. - Common Stock",Q,S,N,151408877,,,Health Care,Biotechnology: Pharmaceutical Preparations
DHX,DHX,"DHI Group, Inc. Common Stock",N, ,N,151194775,,,Consumer Discretionary,Business Services
DOMO,DOMO,"Domo, Inc. - Class B Common Stock",Q,G,N,151028633,,,Technology,Computer Software: Prepackaged Software
GPRO,GPRO,"GoPro, Inc. - Class A Common Stock",Q,Q,N,150939974,,,Consumer Discretionary,Industrial Machinery/Components
OGI,OGI,Organigram Global Inc. - Common Shares,Q,Q,N,150629274,,,Health Care,Biotechnology: Pharmaceutical Preparations
NFE,NFE,New Fortress Energy Inc. - Class A Common Stock,Q,Q,N,149815374,,,Utilities,Oil/Gas Transmission
KVHI,KVHI,"KVH Industries, Inc. - Common Stock",Q,Q,N,149742728,,,Technology,Radio And Television Broadcasting And Communications Equipment
NGEN,NGEN,NervGen Pharma Corp. - Common stock,Q,S,N,149591508,,,,
PSIG,PSIG,PS International Group Ltd. - Ordinary Shares,Q,S,N,149306514,,,Industrials,Integrated Freight & Logistics
ORMP,ORMP,Oramed Pharmaceuticals Inc. - Common Stock,Q,S,N,148970935,,,Health Care,Biotechnology: Pharmaceutical Preparations
TNYA,TNYA,"Tenaya Therapeutics, Inc. - Common Stock",Q,Q,N,148948028,,,Health Care,Biotechnology: Biological Products (No Diagnostic Substances)
SRG,SRG,Seritage Growth Properties Class A Common Stock,N, ,N,148696962,,,Finance,Real Estate
SLQT,SLQT,"SelectQuote, Inc. Common Stock",N, ,N,148625904,,,Finance,Specialty Insurers
CITR,CITR,CitroTech Inc. Common Stock,A, ,N,147782493,,,Industrials,Environmental Services
DOYU,DOYU,DouYu International Holdings Limited - American Depositary Shares,Q,Q,N,147574621,,,Technology,Computer Software: Programming Data Processing
QTRX,QTRX,Quanterix Corporation - Common Stock,Q,G,N,147441721,,,Industrials,Biotechnology: Laboratory Analytical Instruments
TORO,TORO,Toro Corp. - Common stock,Q,S,N,147434149,,,Consumer Discretionary,Marine Transportation
TCX,TCX,Tucows Inc. - Common Stock,Q,S,N,147169084,,,Technology,EDP Services
AMWL,AMWL,American Well Corporation Class A Common Stock,N, ,N,146199226,,,Consumer Discretionary,Business Services
INVZ,INVZ,Innoviz Technologies Ltd. - Ordinary shares,Q,S,N,145017927,,,Consumer Discretionary,Auto Parts:O.E.M.
NCSM,NCSM,"NCS Multistage Holdings, Inc. - Common Stock",Q,S,N,144584972,,,Energy,Oilfield Services/Equipment
CTW,CTW,CTW - Class A Ordinary Shares,Q,S,N,143520000,,,Technology,EDP Services
CVRX,CVRX,"CVRx, Inc. - Common Stock",Q,Q,N,143294098,,,Health Care,Medical/Dental Instruments
BOOM,BOOM,DMC Global Inc. - Common Stock,Q,Q,N,143281649,,,Industrials,Industrial Specialties
NINE,NINE,"Nine Energy Service, Inc. Common Stock",A, ,N,142429398,,,Energy,Oilfield Services/Equipment
AMBR,AMBR,Amber International Holding Limited - American Depositary Shares,Q,G,N,142355629,,,Finance,Finance: Consumer Services
LGCY,LGCY,Legacy Education Inc. Common Stock,A, ,N,142208907,,,Real Estate,Other Consumer Services
WATT,WATT,Energous Corporation - Common Stock,Q,S,N,141983417,,,Technology,Radio And Television Broadcasting And Communications Equipment
WTF,WTF,Waton Financial Limited - Ordinary Shares,Q,S,N,141818168,,,Finance,Investment Bankers/Brokers/Service
DIBS,DIBS,"1stdibs.com, Inc. - Common Stock",Q,G,N,141687379,,,Consumer Discretionary,Catalog/Specialty Distribution
FNWD,FNWD,Finward Bancorp - common stock,Q,S,N,141546752,,,Finance,Major Banks
NTCL,NTCL,NETCLASS TECHNOLOGY INC - Class A Ordinary Shares,Q,S,N,141465253,,,Technology,Computer Software: Prepackaged Software
JELD,JELD,"JELD-WEN Holding, Inc. Common Stock",N, ,N,141288166,,,Basic Materials,Forest Products
SKYX,SKYX,SKYX Platforms Corp. - Common Stock,Q,S,N,141208290,,,Consumer Discretionary,Building Products
WSHP,WSHP,WeShop Holdings Limited - Class A Ordinary Shares,Q,S,N,141130972,,,Consumer Discretionary,Other Specialty Stores
SKLZ,SKLZ,Skillz Inc. Class A Common Stock,N, ,N,140468013,,,Technology,EDP Services
USBC,USBC,"USBC, Inc. Common Stock",A, ,N,140120139,,,Industrials,Industrial Machinery/Components
YDDL,YDDL,One and One Green Technologies. INC - Class A Ordinary Shares,Q,S,N,140083333,,,Consumer Discretionary,Industrial Specialties
CRBP,CRBP,"Corbus Pharmaceuticals Holdings, Inc. - Common Stock",Q,S,N,140070130,,,Health Care,Biotechnology: Pharmaceutical Preparations
CPSH,CPSH,CPS Technologies Corp. - Common Stock,Q,S,N,140030472,,,Consumer Discretionary,Building Materials
HYPR,HYPR,"Hyperfine, Inc.  - Class A Common Stock",Q,G,N,139971174,,,Health Care,Biotechnology: Electromedical & Electrotherapeutic Apparatus
SBFG,SBFG,"SB Financial Group, Inc. - Common Stock",Q,S,N,139558602,,,Finance,Major Banks
VWAV,VWAV,"VisionWave Holdings, Inc. - Common Stock",Q,G,N,139124744,,,Technology,Computer Software: Prepackaged Software
OWLT,OWLT,"Owlet, Inc. Class A Common Stock",N, ,N,138915595,,,Industrials,Industrial Machinery/Components
ANTX,ANTX,"AN2 Therapeutics, Inc. - Common Stock",Q,Q,N,138662220,,,Health Care,Biotechnology: Pharmaceutical Preparations
BYRN,BYRN,"Byrna Technologies, Inc. - Common Stock",Q,S,N,138609346,,,Miscellaneous,Industrial Machinery/Components
CNTB,CNTB,Connect Biopharma Holdings Limited - Ordinary Shares,Q,G,N,138520477,,,Health Care,Biotechnology: Pharmaceutical Preparations
GGZ,GGZ,Gabelli Global Small and Mid Cap Value Trust (The) Common Shares of Beneficial Interest,N, ,N,138225246,,,Finance,Investment Managers
AXR,AXR,AMREP Corporation Common Stock,N, ,N,137404654,,,Real Estate,Homebuilding
KRKR,KRKR,36Kr Holdings Inc. - American Depositary Shares,Q,S,N,137377186,,,Consumer Discretionary,Business Services
AFBI,AFBI,"Affinity Bancshares, Inc. - Common Stock",Q,S,N,137134913,,,Finance,Banks
RDZN,RDZN,"Roadzen, Inc. - Ordinary Shares",Q,G,N,137076556,,,Finance,Specialty Insurers
HURC,HURC,"Hurco Companies, Inc. - Common Stock",Q,Q,N,136793754,,,Industrials,Industrial Machinery/Components
GRO,GRO,Brazil Potash Corp. Common Shares,A, ,N,136074711,,,Industrials,Mining & Quarrying of Nonmetallic Minerals (No Fuels)
SPRB,SPRB,"Spruce Biosciences, Inc. - Common Stock",Q,S,N,135742351,,,Health Care,Biotechnology: Pharmaceutical Preparations
LFVN,LFVN,Lifevantage Corporation - Common Stock,Q,S,N,134989295,,,Health Care,Biotechnology: Pharmaceutical Preparations
ZONE,ZONE,CleanCore Solutions Inc. Class B Common Stock,A, ,N,134539335,,,Industrials,Industrial Machinery/Components
MED,MED,MEDIFAST INC Common Stock,N, ,N,134207718,,,Consumer Staples,Packaged Foods
CAAS,CAAS,"China Automotive Systems, Inc. - Ordinary Share",Q,S,N,133957917,,,Consumer Discretionary,Auto Parts:O.E.M.
SMJF,SMJF,SMJ International Holdings Inc. Class A Ordinary Shares,A, ,N,133750000,,,Consumer Discretionary,RETAIL: Building Materials
CMTL,CMTL,Comtech Telecommunications Corp. - Common Stock,Q,Q,N,133654865,,,Technology,Radio And Television Broadcasting And Communications Equipment
SHIM,SHIM,Shimmick Corporation - Common Stock,Q,S,N,133575842,,,Industrials,Military/Government/Technical
BHM,BHM,"Bluerock Homes Trust, Inc. Class A Common Stock",A, ,N,132685842,,,Real Estate,Real Estate Investment Trusts
FORR,FORR,"Forrester Research, Inc. - Common Stock",Q,Q,N,132583960,,,Industrials,Diversified Commercial Services
CODA,CODA,"Coda Octopus Group, Inc. - Common stock",Q,S,N,132156501,,,Industrials,Industrial Machinery/Components
EML,EML,Eastern Company (The) - Common Stock,Q,G,N,132077017,,,Consumer Discretionary,Industrial Machinery/Components
ACR,ACR,ACRES Commercial Realty Corp. Common Stock,N, ,N,131640124,,,Real Estate,Real Estate Investment Trusts
SPWR,SPWR,SunPower Inc. - Common Stock,Q,G,N,131623392,,,Technology,Semiconductors
HYNE,HYNE,"Hoyne Bancorp, Inc. - Common Stock",Q,S,N,131575243,,,Finance,Banks
VIVO,VIVO,VivoPower PLC - Ordinary Shares,Q,S,N,131385481,,,Utilities,Power Generation
GNLX,GNLX,Genelux Corporation - Common Stock,Q,S,N,131382419,,,Health Care,Biotechnology: Pharmaceutical Preparations
ACOG,ACOG,Alpha Cognition Inc. - Common Stock,Q,S,N,131080106,,,,
AGEN,AGEN,Agenus Inc. - Common Stock,Q,S,N,130757233,,,Health Care,Biotechnology: Biological Products (No Diagnostic Substances)
HOFT,HOFT,Hooker Furnishings Corporation - Common Stock,Q,Q,N,130326924,,,Consumer Discretionary,Home Furnishings
KZIA,KZIA,Kazia Therapeutics Limited - American Depositary Shares,Q,S,N,130266649,,,Health Care,Biotechnology: Pharmaceutical Preparations
HURA,HURA,"TuHURA Biosciences, Inc. - Common Stock",Q,S,N,130230770,,,Health Care,Biotechnology: Pharmaceutical Preparations
DWSN,DWSN,Dawson Geophysical Company - Common Stock,Q,Q,N,129800871,,,Energy,Oil & Gas Production
SAMG,SAMG,Silvercrest Asset Management Group Inc. - Common Stock,Q,G,N,129496093,,,Finance,Investment Managers
SIF,SIF,"SIFCO Industries, Inc. Common Stock",A, ,N,129272826,,,Industrials,Aerospace
COE,COE,"51Talk Online Education Group American depositary shares, each representing 60 Class A ordinary shares",A, ,N,129217946,,,Real Estate,Other Consumer Services
HCAT,HCAT,"Health Catalyst, Inc - Common stock",Q,Q,N,128945065,,,Technology,Computer Software: Programming Data Processing
JHS,JHS,John Hancock Income Securities Trust Common Stock,N, ,N,128461833,,,Finance,Finance Companies
BEBE,BEBE,TGE Value Creative Solutions Corp Class A Ordinary Shares,N, ,N,128056500,,,Consumer Discretionary,Diversified Commercial Services
MVIS,MVIS,"MicroVision, Inc. - Common Stock",Q,G,N,128036662,,,Technology,Industrial Machinery/Components
RCEL,RCEL,"Avita Medical, Inc. - Common Stock",Q,S,N,128031026,,,Health Care,Medical/Dental Instruments
HOVR,HOVR,New Horizon Aircraft Ltd. - Class A Ordinary Shares,Q,S,N,127412666,,,Industrials,Aerospace
YOOV,YOOV,Concorde International Group Ltd - Class A Ordinary Shares,Q,S,N,127111862,,,Consumer Discretionary,Diversified Commercial Services
NNOX,NNOX,NANO-X IMAGING LTD - Ordinary Shares,Q,G,N,126654215,,,Health Care,Medical Electronics
MSLE,MSLE,Satellos Bioscience Inc. - Common Stock,Q,G,N,126653635,,,Health Care,Biotechnology: Pharmaceutical Preparations
LASE,LASE,Laser Photonics Corporation - Common Stock,Q,S,N,126503903,,,Miscellaneous,Industrial Machinery/Components
SAFX,SAFX,"XCF Global, Inc. - Class A Common Stock",Q,S,N,126407381,,,Industrials,Major Chemicals
VTVT,VTVT,vTv Therapeutics Inc. - Class A Common Stock,Q,S,N,126280974,,,Health Care,Biotechnology: Pharmaceutical Preparations
RYDE,RYDE,Ryde Group Ltd. Class A Ordinary Shares,A, ,N,126272713,,,Consumer Discretionary,Business Services
AOUT,AOUT,"American Outdoor Brands, Inc. - Common Stock",Q,Q,N,125957600,,,Consumer Discretionary,Recreational Games/Products/Toys
BSET,BSET,"Bassett Furniture Industries, Incorporated - Common Stock",Q,Q,N,125903727,,,Consumer Discretionary,Home Furnishings
CHGG,CHGG,"Chegg, Inc. Common Stock",N, ,N,125393899,,,Real Estate,Other Consumer Services
SNWV,SNWV,"SANUWAVE Health, Inc. - Common Stock",Q,G,N,125115101,,,Health Care,Medical/Dental Instruments
LSBK,LSBK,"Lake Shore Bancorp, Inc. - Common Stock",Q,G,N,124546594,,,Finance,Savings Institutions
CRDL,CRDL,Cardiol Therapeutics Inc. - Class A Common Shares,Q,S,N,124494019,,,Health Care,Biotechnology: Biological Products (No Diagnostic Substances)
BRLT,BRLT,"Brilliant Earth Group, Inc. - Class A Common Stock",Q,G,N,124477476,,,Consumer Discretionary,Consumer Specialties
ADCT,ADCT,ADC Therapeutics SA Common Shares,N, ,N,124354795,,,Health Care,Biotechnology: Pharmaceutical Preparations
IFRX,IFRX,InflaRx N.V. - Common Stock,Q,Q,N,123620789,,,Health Care,Biotechnology: Pharmaceutical Preparations
MXCT,MXCT,"MaxCyte, Inc. - Common Stock",Q,Q,N,123189923,,,Health Care,Biotechnology: Commercial Physical & Biological Resarch
PODC,PODC,"PodcastOne, Inc. - Common Stock",Q,S,N,122871199,,,Technology,Computer Software: Programming Data Processing
ACNT,ACNT,Ascent Industries Co. - Common Stock,Q,G,N,122467813,,,Industrials,Steel/Iron Ore
GLND,GLND,Greenland Energy Company - Common Stock,Q,G,N,122444543,,,Energy,Oil & Gas Production
MBOT,MBOT,Microbot Medical Inc.  - Common Stock,Q,S,N,122239938,,,Health Care,Biotechnology: Biological Products (No Diagnostic Substances)
CUE,CUE,"Cue Biopharma, Inc. - Common Stock",Q,S,N,122145974,,,Health Care,Biotechnology: Pharmaceutical Preparations
DH,DH,Definitive Healthcare Corp. - Class A Common Stock,Q,Q,N,121684012,,,Technology,Computer Software: Prepackaged Software
ALOT,ALOT,"AstroNova, Inc. - Common Stock",Q,G,N,120623731,,,Technology,Computer peripheral equipment
SDA,SDA,SunCar Technology Group Inc. - Ordinary Shares,Q,S,N,120438624,,,Consumer Discretionary,Automotive Aftermarket
SCOR,SCOR,"comScore, Inc. - Common Stock",Q,Q,N,120296757,,,Consumer Discretionary,Business Services
ZENA,ZENA,"ZenaTech, Inc. - Common Stock",Q,S,N,119420502,,,Technology,Computer Software: Prepackaged Software
ALPS,ALPS,ALPS Group Inc - Ordinary Share,Q,G,N,119392234,,,,
BNAI,BNAI,Brand Engagement Network Inc. - Common Stock,Q,S,N,118895441,,,Technology,EDP Services
GGT,GGT,"Gabelli Multi-Media Trust, Inc. (The) Common Stock",N, ,N,118403729,,,Finance,Trusts Except Educational Religious and Charitable
NXTT,NXTT,Next Technology Holding Inc. - Ordinary Shares,Q,S,N,118209780,,,Technology,EDP Services
TSQ,TSQ,"Townsquare Media, Inc. Class A Common Stock",N, ,N,117776876,,,Consumer Discretionary,Broadcasting
PNBK,PNBK,Patriot National Bancorp Inc. - Common Stock,Q,G,N,117669652,,,Finance,Major Banks
SANG,SANG,Sangoma Technologies Corporation - Common Shares,Q,Q,N,117474129,,,Technology,Computer Software: Programming Data Processing
RVSB,RVSB,Riverview Bancorp Inc - Common Stock,Q,Q,N,117223700,,,Finance,Savings Institutions
JYNT,JYNT,The Joint Corp. - Common Stock,Q,S,N,116894247,,,Miscellaneous,Multi-Sector Companies
NTHI,NTHI,"NeOnc Technologies Holdings, Inc. - Common Stock",Q,G,N,116798981,,,Health Care,Biotechnology: Pharmaceutical Preparations
PLYX,PLYX,"Polaryx Therapeutics, Inc. - Common Stock",Q,S,N,116464511,,,Health Care,Biotechnology: Pharmaceutical Preparations
SPAI,SPAI,Safe Pro Group Inc. - Common Stock,Q,S,N,116290128,,,Health Care,Industrial Specialties
JHI,JHI,John Hancock Investors Trust Common Stock,N, ,N,115428020,,,Finance,Trusts Except Educational Religious and Charitable
JXG,JXG,JX Luxventure Group Inc. - Common Stock,Q,S,N,115413023,,,Consumer Staples,Apparel
BSBK,BSBK,Bogota Financial Corp. - Common Stock,Q,S,N,115303968,,,Finance,Banks
VTIX,VTIX,Virtuix Holdings Inc. - Class A Common Stock,Q,G,N,114181212,,,Technology,Computer peripheral equipment
GHG,GHG,"GreenTree Hospitality Group Ltd. American depositary shares, each representing one Class A ordinary share",N, ,N,114013977,,,Consumer Discretionary,Hotels/Resorts
EXFY,EXFY,"Expensify, Inc. - Class A Common Stock",Q,Q,N,113796980,,,Technology,Computer Software: Prepackaged Software
LUD,LUD,Luda Technology Group Limited Ordinary Shares,A, ,N,113790350,,,Industrials,Steel/Iron Ore
ARQ,ARQ,"Arq, Inc. - Common Stock",Q,G,N,113754584,,,Industrials,Major Chemicals
RENT,RENT,"Rent the Runway, Inc. - Class A Common Stock",Q,G,N,113522130,,,Consumer Discretionary,Other Specialty Stores
SUNS,SUNS,"Sunrise Realty Trust, Inc. - Common Stock",Q,S,N,113012194,,,Real Estate,Real Estate Investment Trusts
GLU,GLU,Gabelli Global Utility Common Shares of Beneficial Ownership,A, ,N,112931796,,,Finance,Finance/Investors Services
USGO,USGO,U.S. GoldMining Inc. - Common stock,Q,S,N,112444216,,,Basic Materials,Precious Metals
RPT,RPT,Rithm Property Trust Inc. Common stock,N, ,N,112080373,,,Real Estate,Real Estate Investment Trusts
SRFM,SRFM,Surf Air Mobility Inc. Common Stock,N, ,N,111456707,,,Consumer Discretionary,Transportation Services
WYY,WYY,WidePoint Corporation Common Stock,A, ,N,111428530,,,Technology,EDP Services
VHUB,VHUB,"VenHub Global, Inc. - Common Stock",Q,G,N,111425793,,,Technology,Industrial Machinery/Components
EP,EP,Empire Petroleum Corporation Common Stock,A, ,N,111020249,,,Energy,Oil & Gas Production
ULBI,ULBI,Ultralife Corporation - Common Stock,Q,G,N,110933416,,,Miscellaneous,Industrial Machinery/Components
BAER,BAER,"Bridger Aerospace Group Holdings, Inc. - Common Stock",Q,G,N,110664271,,,Industrials,Aerospace
TEAD,TEAD,Teads Holding Co. - Common Stock,Q,Q,N,110570230,,,Technology,Computer Software: Programming Data Processing
ENGN,ENGN,enGene Therapeutics Inc. - Common Stock,Q,S,N,110532619,,,Health Care,Biotechnology: Biological Products (No Diagnostic Substances)
BOTJ,BOTJ,"Bank of the James Financial Group, Inc. - Common Stock",Q,S,N,110266813,,,Finance,Major Banks
AMCI,AMCI,AMC Robotics Corporation - Common Stock,Q,S,N,110063768,,,Consumer Discretionary,Home Furnishings
NPT,NPT,Texxon Holding Limited - Ordinary shares,Q,S,N,109815750,,,Consumer Discretionary,Specialty Chemicals
PUSA,PUSA,Aureus Greenway Holdings Inc. - Common Stock,Q,S,N,109751785,,,Consumer Discretionary,Hotels/Resorts
MGYR,MGYR,"Magyar Bancorp, Inc. - Common Stock",Q,G,N,109607884,,,Finance,Savings Institutions
CLAR,CLAR,Clarus Corporation - Common Stock,Q,Q,N,108789405,,,Consumer Discretionary,Recreational Games/Products/Toys
ZVIA,ZVIA,Zevia PBC Class A Common Stock,N, ,N,108547618,,,Consumer Staples,Beverages (Production/Distribution)
CGTX,CGTX,"Cognition Therapeutics, Inc. - Common Stock",Q,S,N,108292598,,,Health Care,Biotechnology: Biological Products (No Diagnostic Substances)
SFBC,SFBC,"Sound Financial Bancorp, Inc. - Common Stock",Q,S,N,107954523,,,Finance,Savings Institutions
UNB,UNB,"Union Bankshares, Inc. - Common Stock",Q,G,N,107922676,,,Finance,Major Banks
FGMC,FGMC,FG Merger II Corp. - Common stock,Q,G,N,107831391,,,,
PYXS,PYXS,"Pyxis Oncology, Inc. - Common Stock",Q,Q,N,107070765,,,Health Care,Biotechnology: Pharmaceutical Preparations
BUDA,BUDA,"Buda Juice, Inc. Common Stock",A, ,N,106816661,,,Consumer Staples,Beverages (Production/Distribution)
COYA,COYA,"Coya Therapeutics, Inc. - Common Stock",Q,S,N,106730183,,,Health Care,Biotechnology: Pharmaceutical Preparations
TRT,TRT,Trio-Tech International Common Stock,A, ,N,106586793,,,Technology,Industrial Machinery/Components
GUTS,GUTS,"Fractyl Health, Inc. - Common Stock",Q,G,N,106294805,,,Health Care,Medical/Dental Instruments
TTEC,TTEC,"TTEC Holdings, Inc. - Common Stock",Q,Q,N,106075271,,,Consumer Discretionary,Professional Services
BDTX,BDTX,"Black Diamond Therapeutics, Inc. - Common Stock",Q,Q,N,106008282,,,Health Care,Biotechnology: Biological Products (No Diagnostic Substances)
ATLX,ATLX,Atlas Lithium Corporation - Common Stock,Q,S,N,105577375,,,Industrials,Mining & Quarrying of Nonmetallic Minerals (No Fuels)
BMHL,BMHL,Bluemount Holdings Limited - Class B Ordinary Shares,Q,S,N,105142544,,,Finance,Finance: Consumer Services
PROV,PROV,"Provident Financial Holdings, Inc. - Common Stock",Q,Q,N,104999472,,,Finance,Savings Institutions
YRD,YRD,"Yiren Digital Ltd. American Depositary Shares, each representing two ordinary shares",N, ,N,104986153,,,Finance,Finance: Consumer Services
ALDX,ALDX,"Aldeyra Therapeutics, Inc. - Common Stock",Q,S,N,104958658,,,Health Care,Biotechnology: Pharmaceutical Preparations
KEQU,KEQU,Kewaunee Scientific Corporation - Common Stock,Q,G,N,104766335,,,Industrials,Medical Specialities
BZFD,BZFD,"BuzzFeed, Inc. - Class A Common Stock",Q,S,N,104301643,,,Consumer Discretionary,Telecommunications Equipment
MB,MB,MasterBeef Group - Ordinary Shares,Q,S,N,104130850,,,Consumer Discretionary,Restaurants
NAMM,NAMM,Namib Minerals - Ordinary Shares,Q,G,N,104061875,,,Basic Materials,Precious Metals
RANI,RANI,"Rani Therapeutics Holdings, Inc. - Class A Common Stock",Q,G,N,104012061,,,Health Care,Biotechnology: Pharmaceutical Preparations
TZOO,TZOO,Travelzoo - Common Stock,Q,Q,N,103927858,,,Consumer Discretionary,Advertising
VRCA,VRCA,Verrica Pharmaceuticals Inc. - Common Stock,Q,S,N,102900928,,,Health Care,Biotechnology: Pharmaceutical Preparations
STEX,STEX,Streamex Corp. - Common Stock,Q,S,N,102752405,,,Health Care,Biotechnology: Electromedical & Electrotherapeutic Apparatus
CRDF,CRDF,"Cardiff Oncology, Inc. - Common Stock",Q,S,N,102554844,,,Health Care,Biotechnology: Biological Products (No Diagnostic Substances)
SILO,SILO,"Silo Pharma, Inc. - Common Stock",Q,S,N,101828872,,,Consumer Discretionary,Apparel
REKR,REKR,"Rekor Systems, Inc. - Common Stock",Q,S,N,101568550,,,Telecommunications,Telecommunications Equipment
XGN,XGN,Exagen Inc. - Common Stock,Q,G,N,101471324,,,Health Care,Medical Specialities
OTLK,OTLK,"Outlook Therapeutics, Inc. - Common Stock",Q,S,N,101114230,,,Health Care,Biotechnology: Biological Products (No Diagnostic Substances)
GEOS,GEOS,Geospace Technologies Corporation - Common Stock,Q,Q,N,101027059,,,Industrials,Industrial Machinery/Components
LAKE,LAKE,"Lakeland Industries, Inc. - Common Stock",Q,G,N,100905359,,,Health Care,Industrial Specialties
CCLD,CCLD,"CareCloud, Inc. - Common Stock",Q,G,N,100708289,,,Technology,Computer Software: Prepackaged Software
BLNK,BLNK,Blink Charging Co. - Common Stock,Q,S,N,100591950,,,Consumer Discretionary,Industrial Specialties
PZG,PZG,Paramount Gold Nevada Corp. Common Stock,A, ,N,100367726,,,Basic Materials,Metal Mining
ONCY,ONCY,Oncolytics Biotech Inc. - Common Stock,Q,S,N,100257416,,,Health Care,Biotechnology: Pharmaceutical Preparations
LIXT,LIXT,"Lixte Biotechnology Holdings, Inc. - Common Stock",Q,S,N,99882648,,,Health Care,Biotechnology: Pharmaceutical Preparations
SSTI,SSTI,"SoundThinking, Inc. - Common Stock",Q,S,N,99745315,,,Technology,Computer Software: Prepackaged Software
FNWB,FNWB,First Northwest Bancorp - Common Stock,Q,G,N,99552664,,,Finance,Banks
HFFG,HFFG,HF Foods Group Inc. - Common Stock,Q,S,N,99464276,,,Consumer Discretionary,Food Distributors
KLRS,KLRS,"Kalaris Therapeutics, Inc.  - Common Stock",Q,G,N,99213799,,,Health Care,Biotechnology: Biological Products (No Diagnostic Substances)
VANI,VANI,"Vivani Medical, Inc.  - Common Stock",Q,S,N,99170370,,,Health Care,Biotechnology: Electromedical & Electrotherapeutic Apparatus
AMTD,AMTD,"AMTD IDEA Group American Depositary Shares, each representing six (6) Class A Ordinary Shares",N, ,N,98576721,,,Finance,Finance: Consumer Services
FURY,FURY,Fury Gold Mines Limited Common Shares,A, ,N,98488477,,,Basic Materials,Precious Metals
SEER,SEER,"Seer, Inc. - Class A Common Stock",Q,Q,N,98416976,,,Industrials,Biotechnology: Laboratory Analytical Instruments
GOAI,GOAI,Eva Live Inc. - Common Stock,Q,S,N,98280196,,,Technology,Computer Software: Programming Data Processing
ISPR,ISPR,Ispire Technology Inc. - Common Stock,Q,S,N,98152967,,,Health Care,Medicinal Chemicals and Botanical Products
FFAI,FFAI,Faraday Future Intelligent Electric Inc. - Class A Common Stock,Q,S,N,97857135,,,Industrials,Auto Manufacturing
AKA,AKA,a.k.a. Brands Holding Corp. Common Stock,N, ,N,97550337,,,Consumer Discretionary,Catalog/Specialty Distribution
FTLF,FTLF,"FitLife Brands, Inc. - Common Stock",Q,S,N,97385417,,,Health Care,Medicinal Chemicals and Botanical Products
GRWG,GRWG,GrowGeneration Corp. - Common Stock,Q,S,N,96746357,,,Consumer Discretionary,RETAIL: Building Materials
ARBE,ARBE,Arbe Robotics Ltd. - Ordinary Shares,Q,S,N,96456778,,,Technology,EDP Services
AISP,AISP,"Airship AI Holdings, Inc - Class A Common Stock",Q,G,N,96353779,,,Technology,Computer Software: Prepackaged Software
HDRN,HDRN,"Hadron Energy, Inc. - Common Stock",Q,S,N,95999999,,,Utilities,Electric Utilities: Central
BNR,BNR,Burning Rock Biotech Limited - American Depositary Shares,Q,G,N,95655331,,,Health Care,Medical Specialities
INVE,INVE,"Identiv, Inc. - Common Stock",Q,S,N,95544724,,,Technology,Computer peripheral equipment
SUIG,SUIG,Sui Group Holdings Limited - Common Stock,Q,S,N,95235561,,,Finance,Finance Companies
VIRC,VIRC,Virco Manufacturing Corporation - Common Stock,Q,G,N,95163735,,,Consumer Discretionary,Industrial Specialties
OPRX,OPRX,OptimizeRx Corporation - Common Stock,Q,S,N,94763629,,,Consumer Discretionary,Business Services
FBIO,FBIO,"Fortress Biotech, Inc. - Common Stock",Q,S,N,94674355,,,Health Care,Biotechnology: Pharmaceutical Preparations
DTI,DTI,Drilling Tools International Corporation  - Common Stock,Q,S,N,94172772,,,Consumer Discretionary,Oil and Gas Field Machinery
EIC,EIC,Eagle Point Income Company Inc. Common Stock,N, ,N,94069620,,,Finance,Finance/Investors Services
BNC,BNC,CEA Industries Inc. - Common Stock,Q,S,N,93941892,,,Industrials,Industrial Machinery/Components
CBUS,CBUS,"Cibus, Inc. - Class A Common Stock",Q,S,N,93887910,,,Industrials,Agricultural Chemicals
VRA,VRA,"Vera Bradley, Inc. - Common Stock",Q,Q,N,93846232,,,Consumer Discretionary,Apparel
MGF,MGF,MFS Government Markets Income Trust Common Stock,N, ,N,93554518,,,Finance,Trusts Except Educational Religious and Charitable
PEPG,PEPG,PepGen Inc. - Common Stock,Q,Q,N,93378440,,,Health Care,Biotechnology: Pharmaceutical Preparations
NXXT,NXXT,"NextNRG, Inc. - Common Stock",Q,S,N,93089908,,,Consumer Discretionary,Retail-Auto Dealers and Gas Stations
DFDV,DFDV,DeFi Development Corp. - Common Stock,Q,S,N,93065253,,,Finance,Finance: Consumer Services
BYFC,BYFC,Broadway Financial Corporation - Class A Common Stock,Q,S,N,92710522,,,Finance,Savings Institutions
UBCP,UBCP,"United Bancorp, Inc. - Common Stock",Q,S,N,92496480,,,Finance,Major Banks
RPID,RPID,"Rapid Micro Biosystems, Inc. - Class A Common Stock",Q,S,N,91876712,,,Industrials,Biotechnology: Laboratory Analytical Instruments
AIFC,AIFC,AI Financial Corporation - Common Stock,Q,S,N,91858604,,,Finance,Finance: Consumer Services
SEAT,SEAT,Vivid Seats Inc. - Class A common stock,Q,Q,N,91525134,,,Consumer Discretionary,Services-Misc. Amusement & Recreation
PTHS,PTHS,Pelthos Therapeutics Inc. Common Stock,A, ,N,91409464,,,Health Care,Biotechnology: Biological Products (No Diagnostic Substances)
AVD,AVD,American Vanguard Corporation Common Stock ($0.10 Par Value),N, ,N,91090583,,,Industrials,Agricultural Chemicals
NIPG,NIPG,NIP Group Inc. - American Depositary Shares,Q,G,N,91089250,,,Consumer Discretionary,Services-Misc. Amusement & Recreation
ANPA,ANPA,Rich Sparkle Holdings Limited - Ordinary Shares,Q,S,N,90837056,,,Consumer Discretionary,Other Consumer Services
ZEPP,ZEPP,"Zepp Health Corporation American depositary shares, each representing sixteen Class A ordinary shares",N, ,N,90629583,,,Technology,Computer Manufacturing
KG,KG,"Kestrel Group, Ltd. - Common Stock",Q,S,N,90445787,,,Finance,Property-Casualty Insurers
SLNG,SLNG,"Stabilis Solutions, Inc. - Common Stock",Q,S,N,90378023,,,Utilities,Oil/Gas Transmission
LPA,LPA,Logistic Properties of the Americas Ordinary Shares,A, ,N,90110773,,,Finance,Real Estate
WKEY,WKEY,WISeKey International Holding Ltd - American Depositary Shares,Q,G,N,89775055,,,Technology,EDP Services
INO,INO,"Inovio Pharmaceuticals, Inc. - Common Stock",Q,S,N,89677828,,,Health Care,Medical/Dental Instruments
SSBI,SSBI,Summit State Bank - Common Stock,Q,G,N,89486673,,,Finance,Major Banks
STIM,STIM,"Neuronetics, Inc. - Common Stock",Q,G,N,89072435,,,Health Care,Medical/Dental Instruments
ROC,ROC,Rank One Computing Corporation - Common stock,Q,S,N,88913392,,,Technology,Computer Software: Prepackaged Software
PIII,PIII,P3 Health Partners Inc. - Class A Common Stock,Q,S,N,88751030,,,Health Care,Medical/Nursing Services
FUSB,FUSB,"First US Bancshares, Inc. - Common Stock",Q,S,N,88519545,,,Finance,Major Banks
AIRG,AIRG,"Airgain, Inc. - Common Stock",Q,S,N,88350187,,,Technology,Radio And Television Broadcasting And Communications Equipment
PYPD,PYPD,PolyPid Ltd. - Ordinary Shares,Q,S,N,88164550,,,Health Care,Biotechnology: Pharmaceutical Preparations
RGT,RGT,"Royce Global Trust, Inc. Common Stock",N, ,N,88113219,,,Finance,Trusts Except Educational Religious and Charitable
OPXS,OPXS,"Optex Systems Holdings, Inc. - Common Stock",Q,S,N,88111992,,,Technology,Electronic Components
TELO,TELO,"Telomir Pharmaceuticals, Inc. - Common Stock",Q,S,N,88031944,,,Health Care,Biotechnology: Pharmaceutical Preparations
BTMD,BTMD,Biote Corp. - Class A common stock,Q,G,N,87940251,,,Health Care,Medicinal Chemicals and Botanical Products
HMR,HMR,Heidmar Maritime Holdings Corp. - Common Stock,Q,S,N,87898076,,,Consumer Discretionary,Marine Transportation
CPIX,CPIX,Cumberland Pharmaceuticals Inc. - Common Stock,Q,Q,N,87801007,,,Health Care,Biotechnology: Pharmaceutical Preparations
FLL,FLL,"Full House Resorts, Inc. - Common Stock",Q,S,N,87761743,,,Consumer Discretionary,Hotels/Resorts
ICCC,ICCC,ImmuCell Corporation - Common Stock,Q,S,N,87753950,,,Health Care,Biotechnology: In Vitro & In Vivo Diagnostic Substances
AUBN,AUBN,"Auburn National Bancorporation, Inc. - Common Stock",Q,G,N,87506063,,,Finance,Major Banks
EVF,EVF,Eaton Vance Senior Income Trust Common Stock,N, ,N,87343513,,,Finance,Investment Bankers/Brokers/Service
PMN,PMN,ProMIS Neurosciences Inc. - Common Shares,Q,S,N,87076299,,,Health Care,Biotechnology: Pharmaceutical Preparations
GNTA,GNTA,Genenta Science S.p.A. - American Depositary Shares,Q,S,N,86790344,,,Health Care,Biotechnology: Biological Products (No Diagnostic Substances)
LVO,LVO,"LiveOne, Inc. - Common Stock",Q,S,N,86418024,,,Consumer Discretionary,Restaurants
ATRA,ATRA,"Atara Biotherapeutics, Inc. - Common Stock",Q,Q,N,86317448,,,Health Care,Biotechnology: Biological Products (No Diagnostic Substances)
AURE,AURE,Aurelion Inc.  - Class A Ordinary Shares,Q,S,N,86151092,,,Finance,Finance: Consumer Services
IBIO,IBIO,"iBio, Inc. - Common Stock",Q,S,N,85943911,,,Health Care,Biotechnology: Pharmaceutical Preparations
BWEN,BWEN,"Broadwind, Inc. - Common Stock",Q,S,N,85893106,,,Telecommunications,Metal Fabrications
HRTX,HRTX,"Heron Therapeutics, Inc.   - Common Stock",Q,S,N,85857122,,,Health Care,Biotechnology: Pharmaceutical Preparations
CRGO,CRGO,Freightos Limited - Ordinary shares,Q,S,N,85794607,,,Industrials,Integrated Freight & Logistics
CHMI,CHMI,Cherry Hill Mortgage Investment Corporation Common Stock,N, ,N,85603124,,,Real Estate,Real Estate Investment Trusts
PFX,PFX,PhenixFIN Corporation  - Common Stock,Q,G,N,85430583,,,Finance,Finance: Consumer Services
FATN,FATN,"FatPipe, Inc. - common stock",Q,S,N,85409010,,,Technology,Computer Software: Prepackaged Software
GNSS,GNSS,Genasys Inc. - Common Stock,Q,S,N,85163557,,,Consumer Staples,Consumer Electronics/Appliances
LGCL,LGCL,Lucas GC Limited - Class A Ordinary Shares,Q,S,N,85152904,,,Technology,Computer Software: Programming Data Processing
GAMB,GAMB,Gambling.com Group Limited - Ordinary Shares,Q,G,N,84935200,,,Consumer Discretionary,Services-Misc. Amusement & Recreation
ICG,ICG,Intchains Group Limited - American Depositary Shares,Q,S,N,84874145,,,Technology,Semiconductors
RFL,RFL,"Rafael Holdings, Inc. Class B Common Stock",N, ,N,84779788,,,Finance,Real Estate
SLSN,SLSN,"Solesence, Inc. - Common stock",Q,S,N,84758934,,,Consumer Discretionary,Package Goods/Cosmetics
MAYS,MAYS,"J. W. Mays, Inc. - Common Stock",Q,S,N,84743391,,,Real Estate,Building operators
GIBO,GIBO,GIBO Holdings Limited - Class A Ordinary Shares,Q,S,N,84652910,,,Technology,Computer Software: Prepackaged Software
DTCX,DTCX,"Datacentrex, Inc. - Common Stock",Q,S,N,84355768,,,Technology,EDP Services
RLYB,RLYB,Rallybio Corporation - Common Stock,Q,S,N,84293360,,,Health Care,Biotechnology: Pharmaceutical Preparations
LIDR,LIDR,"AEye, Inc. - Class A Common Stock",Q,S,N,84292972,,,Consumer Discretionary,Auto Parts:O.E.M.
IDN,IDN,"Intellicheck, Inc. - Common Stock",Q,G,N,84245079,,,Technology,Computer Software: Prepackaged Software
NEOV,NEOV,NeoVolta Inc. - Common Stock,Q,S,N,84141263,,,Miscellaneous,Industrial Machinery/Components
AEYE,AEYE,"AudioEye, Inc. - Common Stock",Q,S,N,84080683,,,Technology,Computer Software: Prepackaged Software
SOTK,SOTK,Sono-Tek Corporation - Common Stock,Q,S,N,83911409,,,Technology,Industrial Machinery/Components
CSPI,CSPI,CSP Inc. - Common Stock,Q,G,N,83596330,,,Technology,EDP Services
HERE,HERE,Here Group Limited - American Depositary Shares,Q,G,N,83208461,,,Real Estate,Other Consumer Services
GPUS,GPUS,"Hyperscale Data, Inc. Common Stock",A, ,N,83154617,,,Technology,Industrial Machinery/Components
BMEA,BMEA,"Biomea Fusion, Inc. - Common Stock",Q,Q,N,83144356,,,Health Care,Biotechnology: Pharmaceutical Preparations
BARK,BARK,"BARK, Inc. Class A Common Stock",N, ,N,82614375,,,Consumer Discretionary,Other Specialty Stores
NRXS,NRXS,"Neuraxis, Inc. Common Stock",A, ,N,82603981,,,Health Care,Biotechnology: Electromedical & Electrotherapeutic Apparatus
ANIX,ANIX,"Anixa Biosciences, Inc. - Common Stock",Q,S,N,82478531,,,Health Care,Biotechnology: Pharmaceutical Preparations
AFCG,AFCG,Advanced Flower Capital Inc. - Common Stock,Q,G,N,82350954,,,Finance,Real Estate
SERA,SERA,"Sera Prognostics, Inc. - Class A Common Stock",Q,G,N,82233323,,,Health Care,Medical Specialities
PLCE,PLCE,"Children's Place, Inc. (The) - Common Stock",Q,Q,N,82189976,,,Consumer Discretionary,Clothing/Shoe/Accessory Stores
SKIN,SKIN,SkinHealth Systems Inc. - Class A Common Stock,Q,S,N,82179385,,,Health Care,Medical/Dental Instruments
LGO,LGO,Largo Inc. - Common Shares,Q,Q,N,82149630,,,Industrials,Mining & Quarrying of Nonmetallic Minerals (No Fuels)
JFB,JFB,JFB Construction Holdings - Class A Common Stock,Q,S,N,82018710,,,Consumer Discretionary,General Bldg Contractors - Nonresidential Bldgs
SFWL,SFWL,Shengfeng Development Limited - Class A Ordinary Shares,Q,S,N,81920030,,,Industrials,Trucking Freight/Courier Services
FSI,FSI,Flexible Solutions International Inc. Common Stock (CDA),A, ,N,81519987,,,Industrials,Major Chemicals
NAKA,NAKA,Nakamoto Inc. - Common Stock,Q,G,N,81442015,,,Health Care,Medical/Nursing Services
WSTN,WSTN,Westin Acquisition Corp - Class A Ordinary Share,Q,S,N,81194400,,,,
RNTX,RNTX,"Rein Therapeutics, Inc. - Common Stock",Q,S,N,81150880,,,Health Care,Biotechnology: Pharmaceutical Preparations
PARK,PARK,"Park Dental Partners, Inc. - Common Stock",Q,S,N,81135520,,,Health Care,Misc Health and Biotechnology Services
RRGB,RRGB,"Red Robin Gourmet Burgers, Inc. - Common Stock",Q,Q,N,81028471,,,Consumer Discretionary,Restaurants
CPHC,CPHC,Canterbury Park Holding Corporation - Common Stock,Q,G,N,80860244,,,Consumer Discretionary,Services-Misc. Amusement & Recreation
LONA,LONA,"LeonaBio, Inc. - Common Stock",Q,S,N,80690285,,,Health Care,Biotechnology: Biological Products (No Diagnostic Substances)
HSDT,HSDT,Solana Company - Class A Common Stock,Q,S,N,80573612,,,Health Care,Biotechnology: Electromedical & Electrotherapeutic Apparatus
TISI,TISI,"Team, Inc. Common Stock",N, ,N,80319182,,,Consumer Discretionary,Other Consumer Services
FDSB,FDSB,"Fifth District Bancorp, Inc. - Common Stock",Q,S,N,80289054,,,Finance,Savings Institutions
GDHG,GDHG,Golden Heaven Group Holdings Ltd.  - Class A Ordinary Shares,Q,S,N,80182116,,,Consumer Discretionary,Services-Misc. Amusement & Recreation
OM,OM,"Outset Medical, Inc. - Common Stock",Q,Q,N,80080881,,,Health Care,Biotechnology: Electromedical & Electrotherapeutic Apparatus
ECOR,ECOR,"electroCore, Inc. - Common Stock",Q,S,N,79970615,,,Health Care,Biotechnology: Electromedical & Electrotherapeutic Apparatus
OSTX,OSTX,OS Therapies Incorporated Common Stock,A, ,N,79723210,,,Health Care,Biotechnology: Pharmaceutical Preparations
LINK,LINK,"Interlink Electronics, Inc. - Common Stock",Q,S,N,79695035,,,Technology,Computer peripheral equipment
DLHC,DLHC,DLH Holdings Corp. - Common Stock,Q,S,N,79566762,,,Consumer Discretionary,Professional Services
PROP,PROP,Prairie Operating Co. - Common Stock,Q,S,N,79309658,,,Finance,Finance: Consumer Services
FSEA,FSEA,"First Seacoast Bancorp, Inc. - Common Stock",Q,S,N,78867040,,,Finance,Savings Institutions
BEEP,BEEP,Mobile Infrastructure Corporation - Common Stock,Q,G,N,78692000,,,Finance,Blank Checks
HNNA,HNNA,"Hennessy Advisors, Inc. - Common Stock",Q,G,N,78628820,,,Finance,Investment Managers
CSBR,CSBR,"Champions Oncology, Inc. - Common Stock",Q,S,N,78321699,,,Health Care,Biotechnology: Biological Products (No Diagnostic Substances)
AARD,AARD,"Aardvark Therapeutics, Inc. - Common Stock",Q,Q,N,78320822,,,Health Care,Biotechnology: Pharmaceutical Preparations
CPBI,CPBI,"Central Plains Bancshares, Inc. - Common Stock",Q,S,N,78217743,,,Finance,Savings Institutions
SEV,SEV,Aptera Motors Corp. - Class B Common Stock,Q,S,N,78214854,,,Industrials,Auto Manufacturing
MOB,MOB,Mobilicom Limited - Ordinary Shares,Q,S,N,77442564,,,Industrials,Aerospace
FRMM,FRMM,"Forum Markets, Incorporated - Common Stock",Q,S,N,77223218,,,Health Care,Biotechnology: Pharmaceutical Preparations
MAIA,MAIA,"MAIA Biotechnology, Inc. Common Stock",A, ,N,77216963,,,Health Care,Biotechnology: Pharmaceutical Preparations
UFI,UFI,"Unifi, Inc. New Common Stock",N, ,N,76579486,,,Consumer Discretionary,Textiles
IPWR,IPWR,Ideal Power Inc. - Common Stock,Q,S,N,76466816,,,Technology,Semiconductors
NTIC,NTIC,Northern Technologies International Corporation - Common Stock,Q,G,N,76220768,,,Industrials,Industrial Specialties
MYPS,MYPS,"PLAYSTUDIOS, Inc.  - Class A Common Stock",Q,S,N,76177695,,,Technology,Computer Software: Prepackaged Software
AGPU,AGPU,Axe Compute Inc. - Common Stock,Q,S,N,76161972,,,Health Care,Industrial Specialties
PEW,PEW,GrabAGun Digital Holdings Inc. Common Stock,N, ,N,76146189,,,Consumer Discretionary,Other Specialty Stores
MHH,MHH,"Mastech Digital, Inc Common Stock",A, ,N,76068499,,,Consumer Discretionary,Professional Services
CYPH,CYPH,Cypherpunk Technologies Inc. - Common Stock,Q,S,N,75398146,,,Health Care,Biotechnology: Pharmaceutical Preparations
KNDI,KNDI,"Kandi Technologies Group, Inc. - Ordinary Shares",Q,Q,N,75321565,,,Industrials,Auto Manufacturing
HCHL,HCHL,Happy City Holdings Limited - Class A Ordinary shares,Q,S,N,75118920,,,Consumer Discretionary,Restaurants
NDLS,NDLS,Noodles & Company - Class A Common Stock,Q,Q,N,74829022,,,Consumer Discretionary,Restaurants
HYFT,HYFT,MindWalk Holdings Corp. - Common Stock,Q,S,N,74738986,,,Health Care,Biotechnology: Pharmaceutical Preparations
BLUW,BLUW,Blue Water Acquisition Corp. III - Class A Ordinary Shares,Q,G,N,74732175,,,,
FTCI,FTCI,"FTC Solar, Inc. - Common Stock",Q,S,N,74584670,,,Technology,Semiconductors
SIEB,SIEB,Siebert Financial Corp. - Common Stock,Q,S,N,74512504,,,Finance,Investment Bankers/Brokers/Service
CTOR,CTOR,"Citius Oncology, Inc.  - Common Stock",Q,S,N,74375665,,,Health Care,Biotechnology: Pharmaceutical Preparations
RSSS,RSSS,"Research Solutions, Inc - Common Stock",Q,S,N,74037321,,,Technology,EDP Services
SRXH,SRXH,"SRX Health Solutions, Inc. Common Stock",A, ,N,73663795,,,Consumer Staples,Beverages (Production/Distribution)
IH,IH,"iHuman Inc. American depositary shares, each representing five Class A ordinary shares",N, ,N,73602521,,,Real Estate,Other Consumer Services
AEC,AEC,Anfield Energy Inc. - Common Shares,Q,S,N,73486953,,,Basic Materials,Metal Mining
LNZA,LNZA,"LanzaTech Global, Inc. - Common Stock",Q,S,N,73247323,,,Industrials,Major Chemicals
EXOZ,EXOZ,eXoZymes Inc. - Common Stock,Q,S,N,73088911,,,Health Care,Biotechnology: Biological Products (No Diagnostic Substances)
XPL,XPL,Solitario Resources Corp. Common Stock,A, ,N,73086099,,,Basic Materials,Precious Metals
WRAP,WRAP,"Wrap Technologies, Inc. - Common Stock",Q,S,N,73017108,,,Industrials,Ordnance And Accessories
MCRP,MCRP,Micropolis AI Robotics Ordinary Shares,A, ,N,72567970,,,Consumer Discretionary,Auto Parts:O.E.M.
XBIT,XBIT,XBiotech Inc. - Common Stock,Q,Q,N,72255922,,,Health Care,Biotechnology: Pharmaceutical Preparations
NSTS,NSTS,"NSTS Bancorp, Inc. - Common Stock",Q,S,N,72240848,,,Finance,Savings Institutions
AUC,AUC,ATIF Holdings Limited - Ordinary Shares,Q,S,N,72193611,,,Consumer Discretionary,Professional Services
GANX,GANX,"Gain Therapeutics, Inc. - Common Stock",Q,G,N,72085324,,,Health Care,Biotechnology: Pharmaceutical Preparations
DOMH,DOMH,Dominari Holdings Inc. - Common Stock,Q,S,N,71685686,,,Health Care,Biotechnology: Pharmaceutical Preparations
DIT,DIT,AMCON Distributing Company Common Stock,A, ,N,71611174,,,Consumer Discretionary,Food Distributors
ROLR,ROLR,"High Roller Technologies, Inc. Common Stock",A, ,N,71408105,,,Consumer Discretionary,Services-Misc. Amusement & Recreation
BODI,BODI,"The Beachbody Company, Inc. - Class A Common Stock",Q,S,N,71403793,,,Consumer Discretionary,Other Consumer Services
PLRX,PLRX,"Pliant Therapeutics, Inc. - Common Stock",Q,Q,N,71208286,,,Health Care,Biotechnology: Pharmaceutical Preparations
XTIA,XTIA,"XTI Aerospace, Inc. Common Stock  - Common Stock",Q,S,N,71183910,,,Technology,EDP Services
IOR,IOR,"Income Opportunity Realty Investors, Inc. Common Stock",A, ,N,71158115,,,Real Estate,Real Estate Investment Trusts
ASPS,ASPS,Altisource Portfolio Solutions S.A. - Common Stock,Q,Q,N,71057379,,,Consumer Discretionary,Other Consumer Services
GPMT,GPMT,Granite Point Mortgage Trust Inc. Common Stock,N, ,N,70921045,,,Real Estate,Real Estate Investment Trusts
INTG,INTG,The Intergroup Corporation - Common Stock,Q,S,N,70803355,,,Real Estate,Building operators
ASTI,ASTI,"Ascent Solar Technologies, Inc - Common Stock",Q,S,N,70774915,,,Technology,Semiconductors
BHST,BHST,BioHarvest Sciences Inc. - Common Stock,Q,G,N,70723667,,,,
LSE,LSE,"Leishen Energy Holding Co., Ltd. - Class A Ordinary Shares",Q,S,N,70653750,,,Consumer Discretionary,Oil and Gas Field Machinery
GEG,GEG,"Great Elm Group, Inc.  - Common Stock",Q,Q,N,70239698,,,Technology,Computer Software: Prepackaged Software
PCLA,PCLA,PicoCELA Inc. - American Depositary Shares,Q,S,N,70180777,,,Consumer Discretionary,Building Products
FEAM,FEAM,"5E Advanced Materials, Inc. - Common Stock",Q,Q,N,70160727,,,Industrials,Mining & Quarrying of Nonmetallic Minerals (No Fuels)
NRT,NRT,North European Oil Royality Trust Common Stock,N, ,N,70032296,,,Energy,Oil & Gas Production
BYSI,BYSI,"BeyondSpring, Inc. - Ordinary Shares",Q,S,N,69903694,,,Health Care,Biotechnology: Pharmaceutical Preparations
STEM,STEM,"Stem, Inc. Class A Common Stock",N, ,N,69685094,,,Miscellaneous,Industrial Machinery/Components
ALAR,ALAR,Alarum Technologies Ltd. - American Depositary Shares,Q,S,N,69604522,,,Technology,Computer Software: Prepackaged Software
QTEX,QTEX,QTREX Quantum Ltd. - Ordinary Shares,Q,S,N,69300137,,,Health Care,Medical/Dental Instruments
FLNA,FLNA,"Filana Therapeutics, Inc. - Common Stock",Q,S,N,69080291,,,Health Care,Biotechnology: Pharmaceutical Preparations
PBHC,PBHC,"Pathfinder Bancorp, Inc. - Common Stock",Q,S,N,68998414,,,Finance,Major Banks
CLNN,CLNN,Clene Inc. - Common Stock,Q,S,N,68108376,,,Health Care,Biotechnology: Pharmaceutical Preparations
OPTT,OPTT,"Ocean Power Technologies, Inc. Common Stock",A, ,N,67950985,,,Utilities,Electric Utilities: Central
LNSR,LNSR,"LENSAR, Inc. - Common Stock",Q,S,N,67784237,,,Health Care,Medical/Dental Instruments
MCHX,MCHX,"Marchex, Inc. - Class B Common Stock",Q,Q,N,67783282,,,Technology,Computer Software: Prepackaged Software
STAK,STAK,STAK Inc. - Class A Ordinary Shares,Q,S,N,67769090,,,Consumer Discretionary,Oil and Gas Field Machinery
AIB,AIB,"BlockchAIn Digital Infrastructure, Inc Common Shares",A, ,N,67763039,,,Finance,Investment Bankers/Brokers/Service
VGAS,VGAS,"Verde Clean Fuels, Inc. - Class A Common Stock",Q,S,N,67715424,,,Industrials,Major Chemicals
OPHC,OPHC,"OptimumBank Holdings, Inc. Common Stock",A, ,N,67598680,,,Finance,Major Banks
CTM,CTM,"Castellum, Inc. Common Stock",A, ,N,67596103,,,Consumer Discretionary,Professional Services
ACET,ACET,"Adicet Bio, Inc. - Common Stock",Q,S,N,67494264,,,Health Care,Biotechnology: Pharmaceutical Preparations
RGS,RGS,Regis Corporation - Common Stock,Q,G,N,67442018,,,Consumer Discretionary,Other Consumer Services
WWR,WWR,"Westwater Resources, Inc. Common Stock",A, ,N,67403638,,,Basic Materials,Metal Mining
CHRN,CHRN,ChronoScale Corporation - Common Stock,Q,S,N,67312267,,,Industrials,Industrial Machinery/Components
GENK,GENK,"GEN Restaurant Group, Inc. - Class A Common Stock",Q,G,N,67247821,,,Consumer Discretionary,Restaurants
BTCS,BTCS,BTCS Inc. - Common Stock,Q,S,N,67196751,,,Finance,Finance: Consumer Services
FLNT,FLNT,"Fluent, Inc. - Common Stock",Q,S,N,67085352,,,Consumer Discretionary,Advertising
UPXI,UPXI,"Upexi, Inc. - Common Stock",Q,S,N,66755763,,,Health Care,Medicinal Chemicals and Botanical Products
SYPR,SYPR,"Sypris Solutions, Inc. - Common Stock",Q,G,N,65811832,,,Industrials,Industrial Machinery/Components
CVU,CVU,"CPI Aerostructures, Inc. Common Stock",A, ,N,65784152,,,Industrials,Military/Government/Technical
ODYS,ODYS,Odysight.ai Inc. - Common Stock,Q,S,N,65767102,,,Technology,Electronic Components
ILLR,ILLR,Triller Group Inc. - Common Stock,Q,S,N,65598759,,,Finance,Investment Managers
HIT,HIT,"Health In Tech, Inc. - Class A Common Stock",Q,S,N,65542109,,,Finance,Specialty Insurers
FSP,FSP,Franklin Street Properties Corp. Common Stock,A, ,N,65324914,,,Real Estate,Real Estate Investment Trusts
BRID,BRID,Bridgford Foods Corporation - Common Stock,Q,G,N,65262422,,,Consumer Staples,Specialty Foods
TCRX,TCRX,"TScan Therapeutics, Inc. - Common Stock",Q,G,N,64952177,,,Health Care,Biotechnology: Biological Products (No Diagnostic Substances)
CBAT,CBAT,"CBAK Energy Technology, Inc. - Common Stock",Q,S,N,64941939,,,Miscellaneous,Industrial Machinery/Components
LITB,LITB,"LightInTheBox Holding Co., Ltd. American Depositary Shares, each representing twelve ordinary shares",N, ,N,64865626,,,Consumer Discretionary,Catalog/Specialty Distribution
CLST,CLST,"Catalyst Bancorp, Inc. - common stock",Q,S,N,64668260,,,Finance,Savings Institutions
CRT,CRT,Cross Timbers Royalty Trust Common Stock,N, ,N,64560000,,,Energy,Oil & Gas Production
ELBM,ELBM,Electra Battery Materials Corporation - Common Stock,Q,S,N,64525242,,,Miscellaneous,Industrial Machinery/Components
CATO,CATO,Cato Corporation (The) Class A Common Stock,N, ,N,64467111,,,Consumer Discretionary,Clothing/Shoe/Accessory Stores
IZEA,IZEA,"IZEA Worldwide, Inc. - Common Stock",Q,S,N,64449132,,,Consumer Discretionary,Advertising
HOUR,HOUR,"Hour Loop, Inc. - common stock",Q,S,N,64401159,,,Consumer Discretionary,Catalog/Specialty Distribution
NCEW,NCEW,New Century Logistics (BVI) Limited - Ordinary Shares,Q,S,N,64256000,,,Industrials,Integrated Freight & Logistics
BDL,BDL,"Flanigan's Enterprises, Inc. Common Stock",A, ,N,64123322,,,Consumer Discretionary,Restaurants
MNOV,MNOV,"MediciNova, Inc. - Common Stock",Q,G,N,63987620,,,Health Care,Biotechnology: Pharmaceutical Preparations
MDIA,MDIA,Mediaco Holding Inc. - Class A Common Stock,Q,S,N,63748884,,,Consumer Discretionary,Broadcasting
TJGC,TJGC,TJGC Group Limited - ordinary shares,Q,S,N,63529000,,,Consumer Discretionary,Advertising
IMA,IMA,"ImageneBio, Inc. - Common Stock",Q,S,N,63501502,,,Health Care,Biotechnology: Biological Products (No Diagnostic Substances)
TWG,TWG,Top Wealth Group Holding Limited - Class A Ordinary Shares,Q,S,N,63349142,,,Consumer Staples,Packaged Foods
EDRY,EDRY,EuroDry Ltd. - Common Shares,Q,S,N,63042830,,,Consumer Discretionary,Marine Transportation
LUNG,LUNG,Pulmonx Corporation - Common Stock,Q,Q,N,62933432,,,Health Care,Medical/Dental Instruments
XTNT,XTNT,"Xtant Medical Holdings, Inc. Common Stock",A, ,N,62907938,,,Health Care,Biotechnology: Biological Products (No Diagnostic Substances)
ASRV,ASRV,AmeriServ Financial Inc. - Common Stock,Q,G,N,62428503,,,Finance,Major Banks
AREN,AREN,"The Arena Group Holdings, Inc. Common Stock",A, ,N,62359655,,,Technology,EDP Services
MLGO,MLGO,"MicroAlgo, Inc. - Ordinary Shares",Q,S,N,62187305,,,Technology,EDP Services
SKIL,SKIL,Skillsoft Corp. Class A Common Stock,N, ,N,62058684,,,Technology,Computer Software: Prepackaged Software
ANVS,ANVS,"Annovis Bio, Inc. Common Stock",N, ,N,62017894,,,Health Care,Biotechnology: Pharmaceutical Preparations
VIDA,VIDA,VIDA Global Inc. Class A Common Stock,A, ,N,61510721,,,Technology,Computer Software: Prepackaged Software
POCI,POCI,"Precision Optics Corporation, Inc. - Common stock",Q,S,N,61510164,,,Health Care,Biotechnology: Electromedical & Electrotherapeutic Apparatus
ELTK,ELTK,Eltek Ltd. - Ordinary Shares,Q,S,N,61217624,,,Technology,Electrical Products
HFBL,HFBL,"Home Federal Bancorp, Inc. of Louisiana - Common Stock",Q,S,N,61047241,,,Finance,Savings Institutions
CING,CING,Cingulate Inc. - Common Stock,Q,S,N,61014733,,,Health Care,Biotechnology: Pharmaceutical Preparations
AIRT,AIRT,"Air T, Inc. - Common Stock",Q,S,N,60836404,,,Consumer Discretionary,Air Freight/Delivery Services
MCRB,MCRB,"Seres Therapeutics, Inc. - Common Stock",Q,Q,N,60815106,,,Health Care,Biotechnology: Pharmaceutical Preparations
NYXH,NYXH,Nyxoah SA - Ordinary Shares,Q,G,N,60690740,,,Health Care,Medical/Dental Instruments
ACRV,ACRV,"Acrivon Therapeutics, Inc. - Common Stock",Q,G,N,60350438,,,Health Care,Biotechnology: Pharmaceutical Preparations
IBO,IBO,"Impact BioMedical, Inc. Common Stock",A, ,N,60347543,,,Health Care,Biotechnology: Pharmaceutical Preparations
PN,PN,Skycorp Solar Group Limited - Class A Ordinary Shares,Q,S,N,60252468,,,Technology,Retail: Computer Software & Peripheral Equipment
ATHE,ATHE,Alterity Therapeutics Limited - American Depositary Shares,Q,S,N,60163831,,,Health Care,Biotechnology: Pharmaceutical Preparations
VIOT,VIOT,"Viomi Technology Co., Ltd - American Depositary Shares",Q,Q,N,60044250,,,Consumer Discretionary,Consumer Electronics/Appliances
VNCE,VNCE,Vince Holding Corp. - Common Stock,Q,S,N,59996863,,,Consumer Discretionary,Clothing/Shoe/Accessory Stores
CSTE,CSTE,Caesarstone Ltd. - Ordinary Shares,Q,Q,N,59818340,,,Industrials,Building Materials
RYM,RYM,"RYTHM, Inc. - Common Stock",Q,S,N,59788741,,,Consumer Staples,Farming/Seeds/Milling
GAIA,GAIA,"Gaia, Inc. - Class A Common Stock",Q,G,N,59741455,,,Consumer Discretionary,Movies/Entertainment
THCH,THCH,TH International Limited - Ordinary shares,Q,S,N,59672230,,,Consumer Discretionary,Restaurants
KBSX,KBSX,FST Corp. - Ordinary Shares,Q,G,N,59538784,,,Consumer Discretionary,Recreational Games/Products/Toys
SNT,SNT,Senstar Technologies Corporation - Common Shares,Q,G,N,59495715,,,Telecommunications,Telecommunications Equipment
HAIN,HAIN,"The Hain Celestial Group, Inc. - Common Stock",Q,Q,N,59296538,,,Consumer Staples,Packaged Foods
SXTC,SXTC,"China SXT Pharmaceuticals, Inc. - Class A Ordinary Shares",Q,S,N,59238026,,,Health Care,Biotechnology: Pharmaceutical Preparations
ENTX,ENTX,Entera Bio Ltd. - Ordinary Shares,Q,S,N,59148281,,,Health Care,Biotechnology: Biological Products (No Diagnostic Substances)
KLXE,KLXE,"KLX Energy Services Holdings, Inc.  - Common Stock",Q,Q,N,59137924,,,Energy,Oilfield Services/Equipment
MNY,MNY,MoneyHero Limited - Class A Ordinary Shares,Q,G,N,59096180,,,Consumer Discretionary,Business Services
MDAI,MDAI,"Spectral AI, Inc. - Class A Common Stock",Q,S,N,58874372,,,Health Care,Medical/Dental Instruments
ATLN,ATLN,Atlantic International Corp. - Common Stock,Q,G,N,58862342,,,Industrials,Biotechnology: Laboratory Analytical Instruments
BGM,BGM,BGM Group Ltd. - Class A Ordinary Shares,Q,S,N,58848782,,,Health Care,Biotechnology: Pharmaceutical Preparations
QXL,QXL,Quantum X Labs Inc. - Common Stock,Q,S,N,58680125,,,Technology,Computer Software: Prepackaged Software
SCLX,SCLX,Scilex Holding Company - Common Stock,Q,S,N,58674655,,,Health Care,Biotechnology: Biological Products (No Diagnostic Substances)
GGR,GGR,Gogoro Inc. - Ordinary Shares,Q,S,N,58207641,,,Industrials,Auto Manufacturing
VHC,VHC,VirnetX Holding Corp - Common Stock,Q,S,N,58183343,,,Miscellaneous,Multi-Sector Companies
PMVP,PMVP,"PMV Pharmaceuticals, Inc. - Common Stock",Q,Q,N,58131625,,,Health Care,Biotechnology: Pharmaceutical Preparations
SLND,SLND,"Southland Holdings, Inc. Common Stock",A, ,N,58014204,,,Industrials,Military/Government/Technical
BGSF,BGSF,"BGSF, Inc. Common Stock",N, ,N,57793990,,,Consumer Discretionary,Professional Services
TOUR,TOUR,Tuniu Corporation - American Depositary Shares,Q,S,N,57577912,,,Consumer Discretionary,Transportation Services
SORA,SORA,AsiaStrategy - Ordinary Shares,Q,S,N,57435840,,,Industrials,Other Specialty Stores
SELF,SELF,"Global Self Storage, Inc. - Common Stock",Q,S,N,57222877,,,Real Estate,Real Estate Investment Trusts
INLF,INLF,INLIF LIMITED - Class A Ordinary shares,Q,S,N,57157875,,,Industrials,Industrial Machinery/Components
SPCB,SPCB,"SuperCom, Ltd. - Ordinary Shares",Q,S,N,57110624,,,Technology,Semiconductors
SGA,SGA,"Saga Communications, Inc. - Class A Common Stock",Q,G,N,57084793,,,Consumer Discretionary,Broadcasting
SPHL,SPHL,Springview Holdings Ltd - Ordinary shares,Q,S,N,57018207,,,Consumer Discretionary,Homebuilding
APWC,APWC,"Asia Pacific Wire & Cable Corporation Limited  - Common shares, Par value .01 per share",Q,S,N,56900787,,,Industrials,Telecommunications Equipment
STKS,STKS,"The ONE Group Hospitality, Inc. - Common Stock",Q,S,N,56815742,,,Consumer Discretionary,Restaurants
INKT,INKT,"MiNK Therapeutics, Inc. - Common Stock",Q,S,N,56494735,,,Health Care,Biotechnology: Biological Products (No Diagnostic Substances)
XCH,XCH,XCHG Limited - ADS,Q,G,N,56409696,,,Industrials,Electrical Products
OMEX,OMEX,"Odyssey Marine Exploration, Inc. - Common Stock",Q,S,N,56330726,,,Consumer Discretionary,Marine Transportation
UAVS,UAVS,"AgEagle Aerial Systems, Inc. Common Stock",A, ,N,56171199,,,Industrials,Aerospace
MIND,MIND,"MIND Technology, Inc. - Common Stock",Q,S,N,55897688,,,Industrials,Industrial Machinery/Components
APT,APT,"Alpha Pro Tech, Ltd. Common Stock",A, ,N,55886618,,,Health Care,Industrial Specialties
PDSB,PDSB,PDS Biotechnology Corporation - Common Stock,Q,S,N,55815653,,,Health Care,Biotechnology: Pharmaceutical Preparations
LOOP,LOOP,"Loop Industries, Inc. - Common Stock",Q,G,N,55637427,,,Industrials,Major Chemicals
YTRA,YTRA,"Yatra Online, Inc. - Ordinary Shares",Q,S,N,55620569,,,Consumer Discretionary,Transportation Services
BOF,BOF,BranchOut Food Inc. - Common Stock,Q,S,N,55597189,,,Consumer Staples,Packaged Foods
SKYA,SKYA,"SkyAI, Inc. - Common Stock",Q,S,N,55442040,,,Health Care,Medical/Dental Instruments
DRIO,DRIO,DarioHealth Corp. - Common Stock,Q,S,N,54986308,,,Health Care,Medical/Dental Instruments
TIL,TIL,"Instil Bio, Inc. - Common Stock",Q,S,N,54798366,,,Health Care,Biotechnology: Biological Products (No Diagnostic Substances)
IMMP,IMMP,Immutep Limited - American Depositary Shares,Q,G,N,54299141,,,Health Care,Biotechnology: Pharmaceutical Preparations
GCL,GCL,GCL Global Holdings Ltd - Ordinary Shares,Q,Q,N,54147681,,,Technology,Computer Software: Prepackaged Software
INCR,INCR,Intercure Ltd. - ordinary shares,Q,G,N,54134522,,,Health Care,Biotechnology: Pharmaceutical Preparations
CRMT,CRMT,"America's Car-Mart, Inc. - Common Stock",Q,Q,N,54048950,,,Consumer Discretionary,Retail-Auto Dealers and Gas Stations
BDMD,BDMD,Baird Medical Investment Holdings Ltd - Ordinary Share,Q,S,N,54027217,,,Health Care,Medical/Dental Instruments
DCGO,DCGO,DocGo Inc. - Common Stock,Q,S,N,53844113,,,Health Care,Medical/Nursing Services
OKYO,OKYO,OKYO Pharma Limited - Ordinary Shares,Q,S,N,53805600,,,Health Care,Biotechnology: Biological Products (No Diagnostic Substances)
WFCF,WFCF,"Where Food Comes From, Inc. - Common Stock",Q,S,N,53718682,,,Technology,Computer Software: Prepackaged Software
RADX,RADX,Radiopharm Theranostics Limited - American Depositary Shares,Q,S,N,53694567,,,Health Care,Biotechnology: Pharmaceutical Preparations
MERC,MERC,Mercer International Inc. - Common Stock,Q,Q,N,53519022,,,Basic Materials,Paper
LFT,LFT,"Lument Finance Trust, Inc. Common Stock",N, ,N,53488252,,,Real Estate,Real Estate Investment Trusts
CNVS,CNVS,Cineverse Corp. - Class A Common Stock,Q,S,N,53450114,,,Consumer Discretionary,Consumer Electronics/Video Chains
AIIO,AIIO,Robo.ai Inc. - Class B Ordinary Shares,Q,S,N,53415528,,,Industrials,Auto Manufacturing
CNF,CNF,"CNFinance Holdings Limited American Depositary Shares, each representing two hundred (200) Ordinary Shares",N, ,N,53393655,,,Finance,Finance: Consumer Services
ZTEK,ZTEK,Zentek Ltd. - common stock,Q,S,N,53332190,,,Industrials,Major Chemicals
EHTH,EHTH,"eHealth, Inc. - Common Stock",Q,Q,N,53324910,,,Finance,Specialty Insurers
YIBO,YIBO,Planet Image International Limited - Class A Ordinary Shares,Q,S,N,53109403,,,Industrials,Industrial Machinery/Components
SQNS,SQNS,Sequans Communications S.A. American Depositary Shares (each representing one hundred (100) Ordinary Shares),N, ,N,53020934,,,Technology,Semiconductors
WXM,WXM,WF International Limited - Ordinary Shares,Q,S,N,52963102,,,Consumer Discretionary,Engineering & Construction
GMHS,GMHS,Gamehaus Holdings Inc. - Class A Ordinary Shares,Q,S,N,52674750,,,Technology,EDP Services
BCHT,BCHT,Birchtech Corp. Common Stock,A, ,N,52611932,,,Industrials,Industrial Machinery/Components
AEI,AEI,Alset Inc. - Common Stock,Q,S,N,52509371,,,Finance,Real Estate
ASTC,ASTC,Astrotech Corporation - Common Stock,Q,S,N,52413580,,,Industrials,Biotechnology: Laboratory Analytical Instruments
AGIG,AGIG,Abundia Global Impact Group Inc. Common stock,A, ,N,52387157,,,Energy,Oil & Gas Production
ENGS,ENGS,Energys Group Limited - Ordinary Shares,Q,S,N,52193205,,,Industrials,Engineering & Construction
BSIN,BSIN,Big Sky Industrial Inc. - Common Stock,Q,S,N,51943722,,,,
SOGP,SOGP,Sound Group Inc. - American Depositary Shares,Q,S,N,51759410,,,Technology,Computer Software: Programming Data Processing
NTWK,NTWK,NETSOL Technologies Inc. - Common Stock,Q,S,N,51662401,,,Technology,Computer Software: Prepackaged Software
DDC,DDC,DDC Enterprise Limited Class A Ordinary Shares,A, ,N,51548531,,,Consumer Staples,Packaged Foods
DCX,DCX,Digital Currency X Technology Inc. - Class A Ordinary Shares,Q,S,N,51544899,,,Industrials,Auto Manufacturing
LFS,LFS,"LEIFRAS Co., Ltd. - American Depositary Shares",Q,S,N,51536419,,,Consumer Discretionary,Other Consumer Services
DSWL,DSWL,"Deswell Industries, Inc. - Common Shares",Q,G,N,51470822,,,Industrials,Plastic Products
SPRU,SPRU,Spruce Power Holding Corporation Class A Common Stock,N, ,N,51434040,,,Consumer Discretionary,Auto Parts:O.E.M.
CLPR,CLPR,Clipper Realty Inc. Common Stock,N, ,N,51219484,,,Real Estate,Real Estate Investment Trusts
GROV,GROV,"Grove Collaborative Holdings, Inc. Class A Common Stock",N, ,N,50853971,,,Consumer Discretionary,Catalog/Specialty Distribution
WTO,WTO,UTime Limited - Class A Ordinary Shares,Q,S,N,50817225,,,Technology,Consumer Electronics/Appliances
VRM,VRM,"Vroom, Inc. - Common Stock",Q,G,N,50670211,,,Consumer Discretionary,Retail-Auto Dealers and Gas Stations
COCH,COCH,"Envoy Medical, Inc. - Class A Common Stock",Q,S,N,50664651,,,Health Care,Industrial Specialties
AMSS,AMSS,AMASS Brands Inc. - Common Stock,Q,G,N,50598275,,,Consumer Staples,Beverages (Production/Distribution)
XLO,XLO,"Xilio Therapeutics, Inc. - Common Stock",Q,S,N,50497068,,,Health Care,Biotechnology: Pharmaceutical Preparations
WYHG,WYHG,Wing Yip Food Holdings Group Limited - American Depositary Shares,Q,S,N,50456755,,,Consumer Staples,Specialty Foods
UEIC,UEIC,Universal Electronics Inc. - Common Stock,Q,Q,N,49889693,,,Consumer Staples,Consumer Electronics/Appliances
ABLV,ABLV,Able View Global Inc. - Class B Ordinary Shares,Q,S,N,49883821,,,Consumer Discretionary,Other Consumer Services
SPWH,SPWH,"Sportsman's Warehouse Holdings, Inc. - Common Stock",Q,Q,N,49555140,,,Consumer Discretionary,Other Specialty Stores
XHG,XHG,XChange TEC.INC - American Depositary Shares,Q,S,N,49486009,,,Finance,Real Estate
MYO,MYO,Myomo Inc. Common Stock,A, ,N,49457514,,,Health Care,Industrial Specialties
ARBK,ARBK,Argo Blockchain plc - American Depositary Shares,Q,S,N,49430786,,,Finance,Finance: Consumer Services
SJ,SJ,Scienjoy Holding Corporation - Class A Ordinary Shares,Q,S,N,49256811,,,Technology,EDP Services
TACT,TACT,TransAct Technologies Incorporated - Common Stock,Q,G,N,49223376,,,Technology,Computer peripheral equipment
DWTX,DWTX,"Dogwood Therapeutics, Inc.  - Common Stock",Q,S,N,49099147,,,Health Care,Biotechnology: Pharmaceutical Preparations
WBX,WBX,Wallbox N.V. Class A Ordinary Shares,N, ,N,49059305,,,Consumer Discretionary,Industrial Specialties
LOAN,LOAN,"Manhattan Bridge Capital, Inc - Common Stock",Q,S,N,48917622,,,Real Estate,Real Estate Investment Trusts
SACH,SACH,Sachem Capital Corp. Common Shares,A, ,N,48914760,,,Real Estate,Real Estate Investment Trusts
TCRT,TCRT,"Alaunos Therapeutics, Inc. - Common Stock",Q,S,N,48844292,,,Health Care,Biotechnology: Pharmaceutical Preparations
MGLD,MGLD,"The Marygold Companies, Inc. Common Stock",A, ,N,48804782,,,Finance,Finance: Consumer Services
TVGN,TVGN,Tevogen Bio Holdings Inc. - Common Stock,Q,G,N,48742558,,,Health Care,Biotechnology: Biological Products (No Diagnostic Substances)
NOMA,NOMA,NOMADAR Corp. - Class A Common Stock,Q,S,N,48680819,,,Consumer Discretionary,Services-Misc. Amusement & Recreation
ESLA,ESLA,"Estrella Immunopharma, Inc. - Common Stock",Q,S,N,48628678,,,Health Care,Biotechnology: Biological Products (No Diagnostic Substances)
MGX,MGX,"Metagenomi Therapeutics, Inc. - Common Stock",Q,Q,N,48564447,,,Health Care,Biotechnology: Biological Products (No Diagnostic Substances)
TCBS,TCBS,"Texas Community Bancshares, Inc. - Common Stock",Q,S,N,48474586,,,Finance,Banks
BENF,BENF,Beneficient - Class A Common Stock,Q,S,N,48184545,,,Finance,Finance: Consumer Services
VERU,VERU,Veru Inc. - Common Stock,Q,S,N,48150960,,,Health Care,Biotechnology: Pharmaceutical Preparations
LESL,LESL,"Leslie's, Inc. - Common Stock",Q,Q,N,48013968,,,Consumer Discretionary,Other Specialty Stores
XOS,XOS,"Xos, Inc. - Common Stock",Q,S,N,48006035,,,Consumer Discretionary,Auto Parts:O.E.M.
QUCY,QUCY,Quantum Cyber N.V. - Ordinary Shares,Q,S,N,47811233,,,Health Care,Biotechnology: Pharmaceutical Preparations
EDSA,EDSA,"Edesa Biotech, Inc. - Common Shares",Q,S,N,47749777,,,Health Care,Biotechnology: Pharmaceutical Preparations
PLUT,PLUT,Plutus Financial Group Limited - Ordinary Shares,Q,S,N,47431500,,,Finance,Investment Bankers/Brokers/Service
MREO,MREO,Mereo BioPharma Group plc - American Depositary Shares,Q,S,N,47319410,,,Health Care,Biotechnology: Pharmaceutical Preparations
PRTS,PRTS,"CarParts.com, Inc. - Common Stock",Q,S,N,47299321,,,Consumer Discretionary,Auto & Home Supply Stores
PXS,PXS,Pyxis Tankers Inc. - Common Stock,Q,S,N,47265639,,,Consumer Discretionary,Marine Transportation
ZEO,ZEO,Zeo Energy Corporation - Class A Common Stock,Q,S,N,46396382,,,Miscellaneous,Industrial Machinery/Components
PPSI,PPSI,"Pioneer Power Solutions, Inc. - Common Stock",Q,S,N,46382392,,,Industrials,Electrical Products
PFAI,PFAI,Pinnacle Food Group Limited - Class A Common Shares,Q,S,N,46359491,,,Consumer Staples,Farming/Seeds/Milling
EUDA,EUDA,Euda Health Holdings Limited - Ordinary Shares,Q,S,N,46292265,,,Health Care,Medical/Nursing Services
GLBS,GLBS,Globus Maritime Limited - Common Stock,Q,S,N,46186124,,,Consumer Discretionary,Marine Transportation
QTI,QTI,"QT Imaging Holdings, Inc. - Common Stock",Q,S,N,45761500,,,Health Care,Biotechnology: Electromedical & Electrotherapeutic Apparatus
AXIL,AXIL,"AXIL Brands, Inc. Common Stock",A, ,N,45746881,,,Consumer Discretionary,Package Goods/Cosmetics
NSYS,NSYS,Nortech Systems Incorporated - Common Stock,Q,S,N,45550904,,,Technology,Industrial Machinery/Components
AACG,AACG,"ATA Creativity Global - American Depositary Shares, each representing two common shares",Q,S,N,45396647,,,Real Estate,Other Consumer Services
GNS,GNS,Genius Group Limited Ordinary Shares,A, ,N,45087470,,,Consumer Discretionary,Services-Misc. Amusement & Recreation
LGL,LGL,"LGL Group, Inc. (The) Common Stock",A, ,N,45063597,,,Technology,Industrial Machinery/Components
BEAT,BEAT,"Heartbeam, Inc. - Common Stock",Q,S,N,44960536,,,Health Care,Medical/Dental Instruments
STKE,STKE,Sol Strategies Inc. - Common Shares,Q,Q,N,44752338,,,,
EXYN,EXYN,"Exyn Technologies, Inc. - Common Stock",Q,S,N,44529050,,,,
HYPD,HYPD,"Hyperion DeFi, Inc. - Common Stock",Q,S,N,44412199,,,Health Care,Biotechnology: Pharmaceutical Preparations
JRSH,JRSH,"Jerash Holdings (US), Inc. - Common Stock",Q,S,N,44322791,,,Consumer Discretionary,Apparel
SRTS,SRTS,"Sensus Healthcare, Inc. - Common Stock",Q,S,N,44282939,,,Health Care,Medical/Dental Instruments
SCWO,SCWO,374Water Inc. - common stock,Q,S,N,44263625,,,Consumer Discretionary,Metal Fabrications
SCYX,SCYX,"SCYNEXIS, Inc. - Common Stock",Q,S,N,44189964,,,Health Care,Biotechnology: Pharmaceutical Preparations
HGBL,HGBL,Heritage Global Inc. - Common Stock,Q,S,N,44121772,,,Consumer Discretionary,Business Services
ELWT,ELWT,"Elauwit Connection, Inc. - Common Stock",Q,S,N,44021643,,,Consumer Discretionary,Telecommunications Equipment
ZOOZ,ZOOZ,ZOOZ Strategy Ltd. - Ordinary Shares,Q,S,N,43948630,,,Technology,Industrial Machinery/Components
TLPH,TLPH,"Talphera, Inc. - Common Stock",Q,S,N,43948622,,,Health Care,Biotechnology: Pharmaceutical Preparations
ELUT,ELUT,"Elutia, Inc. - Class A Common Stock",Q,S,N,43774995,,,Health Care,Biotechnology: Biological Products (No Diagnostic Substances)
AIOS,AIOS,AIOS Tech Inc. - Class A Common Shares,Q,S,N,43702480,,,Industrials,Metal Fabrications
RAVE,RAVE,"Rave Restaurant Group, Inc. - Common Stock",Q,S,N,43629508,,,Consumer Discretionary,Food Distributors
ACTU,ACTU,"Actuate Therapeutics, Inc. - Common stock",Q,G,N,43545051,,,Health Care,Biotechnology: Pharmaceutical Preparations
BRAG,BRAG,Bragg Gaming Group Inc. - Common Shares,Q,Q,N,43476283,,,Technology,Office Equipment/Supplies/Services
ATYR,ATYR,"aTyr Pharma, Inc. - Common Stock",Q,S,N,43348441,,,Health Care,Biotechnology: Biological Products (No Diagnostic Substances)
PBK,PBK,PowerBank Corporation - Common Stock,Q,G,N,43195548,,,Utilities,Power Generation
TOON,TOON,"Kartoon Studios, Inc. Common Stock",A, ,N,43103079,,,Consumer Discretionary,Movies/Entertainment
TGE,TGE,The Generation Essentials Group Class A Ordinary Shares,N, ,N,42984969,,,Consumer Discretionary,Newspapers/Magazines
NTRB,NTRB,Nutriband Inc. - Common Stock,Q,S,N,42910620,,,Health Care,Industrial Specialties
CVV,CVV,CVD Equipment Corporation - Common Stock,Q,S,N,42892346,,,Technology,Industrial Machinery/Components
PRPL,PRPL,"Purple Innovation, Inc. - Common Stock",Q,Q,N,42625476,,,Consumer Discretionary,Home Furnishings
KALA,KALA,"KALA BIO, Inc. - Common Stock",Q,S,N,42570715,,,Health Care,Biotechnology: Pharmaceutical Preparations
MBBC,MBBC,"Marathon Bancorp, Inc. - Common Stock",Q,S,N,42490742,,,Finance,Banks
GSIW,GSIW,Garden Stage Limited - Class A Ordinary Shares,Q,S,N,42418062,,,Finance,Investment Bankers/Brokers/Service
LTRN,LTRN,Lantern Pharma Inc. - Common Stock,Q,S,N,42392614,,,Health Care,Biotechnology: Pharmaceutical Preparations
CCG,CCG,Cheche Group Inc. - Class A Ordinary Shares,Q,S,N,42340231,,,Finance,Specialty Insurers
ARAY,ARAY,Accuray Incorporated - Common Stock,Q,Q,N,42172630,,,Health Care,Medical/Dental Instruments
FTEK,FTEK,"Fuel Tech, Inc. - Common Stock",Q,S,N,42073086,,,Industrials,Pollution Control Equipment
MIRA,MIRA,"MIRA Pharmaceuticals, Inc. - Common Stock",Q,S,N,42022087,,,Health Care,Biotechnology: Pharmaceutical Preparations
SLMT,SLMT,Brera Holdings PLC - Class B Ordinary Shares,Q,S,N,42021064,,,Consumer Discretionary,Services-Misc. Amusement & Recreation
YI,YI,"111, Inc. - American Depositary Shares",Q,G,N,41697609,,,Consumer Staples,Retail-Drug Stores and Proprietary Stores
GRDX,GRDX,GridAI Technologies Corp.  - Common Stock,Q,S,N,41382531,,,Health Care,Biotechnology: Pharmaceutical Preparations
PXLW,PXLW,"Pixelworks, Inc. - Common Stock",Q,S,N,41170279,,,Technology,Semiconductors
USIO,USIO,"Usio, Inc. - Common Stock",Q,G,N,41118031,,,Finance,Investment Bankers/Brokers/Service
PRPO,PRPO,"Precipio, Inc. - Common Stock",Q,S,N,41109556,,,Industrials,Biotechnology: Laboratory Analytical Instruments
HOLO,HOLO,MicroCloud Hologram Inc. - Ordinary Shares,Q,S,N,41013124,,,Technology,Computer Software: Programming Data Processing
UCL,UCL,uCloudlink Group Inc. - American Depositary Shares,Q,G,N,40949169,,,Consumer Discretionary,Telecommunications Equipment
ZYBT,ZYBT,Zhengye Biotechnology Holding Limited - Class A Ordinary Shares,Q,S,N,40946149,,,Health Care,Biotechnology: Pharmaceutical Preparations
KTCC,KTCC,Key Tronic Corporation - Common Stock,Q,G,N,40939444,,,Technology,Electrical Products
FNGR,FNGR,"FingerMotion, Inc. - common stock",Q,S,N,40917529,,,Technology,Computer Software: Prepackaged Software
STG,STG,"Sunlands Technology Group American Depositary Shares, representing Class A ordinary shares",N, ,N,40848638,,,Real Estate,Other Consumer Services
MAMO,MAMO,Massimo Group - Common Stock,Q,S,N,40833116,,,Consumer Discretionary,Industrial Specialties
ZDGE,ZDGE,"Zedge, Inc. Class B Common Stock ",A, ,N,40821134,,,Technology,Computer Software: Prepackaged Software
INDO,INDO,Indonesia Energy Corporation Limited Ordinary Shares,A, ,N,40775126,,,Energy,Oil & Gas Production
ACFN,ACFN,"Acorn Energy, Inc. - Common Stock",Q,S,N,40696486,,,Consumer Discretionary,Military/Government/Technical
CREX,CREX,"Creative Realities, Inc. - Common Stock",Q,S,N,40683982,,,Technology,EDP Services
IXHL,IXHL,Incannex Healthcare Inc. - Common Stock,Q,S,N,40679484,,,Health Care,Biotechnology: Pharmaceutical Preparations
CNTY,CNTY,"Century Casinos, Inc. - Common Stock",Q,S,N,40567473,,,Consumer Discretionary,Hotels/Resorts
DXLG,DXLG,"Destination XL Group, Inc. - Common Stock",Q,G,N,40144847,,,Consumer Discretionary,Clothing/Shoe/Accessory Stores
RNXT,RNXT,"RenovoRx, Inc. - Common Stock",Q,S,N,39939792,,,Health Care,Biotechnology: Pharmaceutical Preparations
PHUN,PHUN,"Phunware, Inc. - Common Stock",Q,S,N,39872467,,,Technology,EDP Services
BGDE,BGDE,"Big Digital Energy, Inc. - Common Stock",Q,S,N,39808227,,,Finance,Finance: Consumer Services
GAME,GAME,"GameSquare Holdings, Inc. - Common stock",Q,S,N,39764889,,,Consumer Discretionary,Services-Misc. Amusement & Recreation
ATHR,ATHR,"Aether Holdings, Inc. - Common Stock",Q,S,N,39713267,,,Technology,Computer Software: Prepackaged Software
RMCO,RMCO,Royalty Management Holding Corporation - Class A Common Stock,Q,S,N,39642242,,,Miscellaneous,Multi-Sector Companies
MATH,MATH,Metalpha Technology Holding Limited - Ordinary Shares,Q,S,N,39630656,,,Finance,Finance/Investors Services
STRR,STRR,"Star Equity Holdings, Inc. - Common Stock",Q,Q,N,39546023,,,Consumer Discretionary,Professional Services
AERT,AERT,"Aeries Technology, Inc. - Class A Ordinary Share",Q,S,N,39404586,,,Consumer Discretionary,Professional Services
FGNX,FGNX,FG Nexus Inc. - Common Stock,Q,G,N,39382206,,,Finance,Property-Casualty Insurers
ATOS,ATOS,"Atossa Therapeutics, Inc. - Common Stock",Q,S,N,39181693,,,Health Care,Biotechnology: Pharmaceutical Preparations
CULP,CULP,"Culp, Inc. - Common Shares",Q,S,N,39128003,,,Consumer Discretionary,Textiles
SWAG,SWAG,"Stran & Company, Inc. - Common Stock",Q,S,N,39041927,,,Consumer Discretionary,Advertising
TOP,TOP,TOP Financial Group Limited - Class A Ordinary Shares,Q,S,N,38921615,,,Finance,Investment Bankers/Brokers/Service
GOSS,GOSS,"Gossamer Bio, Inc. - Common Stock",Q,Q,N,38865704,,,Health Care,Biotechnology: Pharmaceutical Preparations
JAGU,JAGU,Jaguar Uranium Corp. Class A Common Shares,A, ,N,38772052,,,,
KOSS,KOSS,Koss Corporation - Common Stock,Q,S,N,38717731,,,Consumer Staples,Consumer Electronics/Appliances
FRTT,FRTT,Fort Technology Inc. - Common Shares,Q,S,N,38632014,,,,
KFFB,KFFB,Kentucky First Federal Bancorp - Common Stock,Q,G,N,38492763,,,Finance,Savings Institutions
OESX,OESX,"Orion Energy Systems, Inc. - Common Stock",Q,S,N,38374755,,,Consumer Discretionary,Building Products
NSPR,NSPR,InspireMD Inc. - Common Stock,Q,S,N,38278739,,,Health Care,Medical/Dental Instruments
BBGI,BBGI,"Beasley Broadcast Group, Inc. - Class A Common Stock",Q,S,N,38121430,,,Consumer Discretionary,Broadcasting
PSTV,PSTV,"PLUS THERAPEUTICS, Inc. - Common Stock",Q,S,N,38063576,,,Health Care,Medical/Dental Instruments
TELA,TELA,"TELA Bio, Inc. - Common stock",Q,G,N,38051224,,,Health Care,Medical/Dental Instruments
HLP,HLP,Hongli Group Inc. - Ordinary Shares,Q,S,N,37907494,,,Industrials,Industrial Machinery/Components
VTSI,VTSI,"VirTra, Inc. - Common Stock",Q,S,N,37878065,,,Consumer Discretionary,Miscellaneous manufacturing industries
PAVM,PAVM,PAVmed Inc. - Common Stock,Q,S,N,37672788,,,Health Care,Medical/Dental Instruments
ONMD,ONMD,OneMedNet Corp - Class A Common Stock,Q,S,N,37580824,,,Health Care,Biotechnology: Commercial Physical & Biological Resarch
TPCS,TPCS,TechPrecision Corporation - Common stock,Q,S,N,37442382,,,Industrials,Metal Fabrications
LSF,LSF,"Laird Superfood, Inc. Common Stock",A, ,N,37304740,,,Consumer Staples,Packaged Foods
NEPH,NEPH,"Nephros, Inc. - Common Stock",Q,S,N,36803691,,,Health Care,Medical/Dental Instruments
SPPL,SPPL,SIMPPLE LTD. - Ordinary Shares,Q,S,N,36796052,,,Consumer Discretionary,Diversified Commercial Services
NAAS,NAAS,NaaS Technology Inc. - American Depositary Shares,Q,S,N,36768363,,,Consumer Discretionary,Other Specialty Stores
MKDW,MKDW,MKDWELL Tech Inc. - Ordinary Shares,Q,S,N,36610414,,,Technology,Consumer Electronics/Appliances
PETS,PETS,"PetMed Express, Inc. - Common Stock",Q,Q,N,36321829,,,Consumer Staples,Retail-Drug Stores and Proprietary Stores
RYET,RYET,Ruanyun Edai Technology Inc. - Ordinary shares,Q,S,N,36310724,,,Technology,Computer Software: Prepackaged Software
KMRK,KMRK,K-Tech Solutions Company Limited - Class A Ordinary Shares,Q,S,N,36292000,,,Consumer Discretionary,Recreational Games/Products/Toys
KSCP,KSCP,"Knightscope, Inc. - Class A Common Stock",Q,S,N,36229481,,,Telecommunications,Telecommunications Equipment
AVX,AVX,Avax One Technology Ltd. - Common Shares,Q,S,N,35954028,,,Finance,Finance: Consumer Services
FUSE,FUSE,Fusemachines Inc. - Common stock,Q,G,N,35884658,,,Technology,EDP Services
BIRD,BIRD,"Allbirds, Inc. - Class A Common Stock",Q,Q,N,35664507,,,Consumer Discretionary,Apparel
WKHS,WKHS,"Workhorse Group, Inc. - Common Stock",Q,S,N,35621418,,,Industrials,Auto Manufacturing
BLNE,BLNE,"Beeline Holdings, Inc. - Common Stock",Q,S,N,35244474,,,Finance,Finance: Consumer Services
BRFH,BRFH,Barfresh Food Group Inc. - Common Stock,Q,S,N,35192832,,,Consumer Staples,Packaged Foods
ABVC,ABVC,"ABVC BioPharma, Inc. - Common Stock",Q,S,N,34840592,,,Health Care,Biotechnology: Pharmaceutical Preparations
PTLE,PTLE,PTL LTD - Class A Ordinary Shares,Q,S,N,34797416,,,Energy,Oil Refining/Marketing
UCAR,UCAR,U Power Limited - Class A Ordinary Shares,Q,S,N,34752582,,,Consumer Discretionary,Auto Parts:O.E.M.
FLD,FLD,"Fold Holdings, Inc. - Class A Common Stock",Q,S,N,34431111,,,Finance,Finance: Consumer Services
ANGH,ANGH,Anghami Inc. - Ordinary Shares,Q,S,N,34264974,,,Consumer Discretionary,Telecommunications Equipment
CANG,CANG,Cango Inc. Class A Ordinary Shares,N, ,N,34250078,,,Technology,Computer Software: Prepackaged Software
FNUC,FNUC,Frontier Nuclear and Minerals Inc. - Common Shares,Q,S,N,34249911,,,Basic Materials,Other Metals and Minerals
MOVE,MOVE,"Corvex, Inc. - Common Stock",Q,S,N,34173061,,,Health Care,Biotechnology: Electromedical & Electrotherapeutic Apparatus
BTAI,BTAI,"BioXcel Therapeutics, Inc. - Common Stock",Q,S,N,34119754,,,Health Care,Biotechnology: Pharmaceutical Preparations
NSRX,NSRX,Nasus Pharma Ltd. Ordinary Shares,A, ,N,34078451,,,Health Care,Biotechnology: Pharmaceutical Preparations
RYOJ,RYOJ,"rYojbaba Co., Ltd. - Common Shares",Q,S,N,34072500,,,Consumer Discretionary,Professional Services
MLSS,MLSS,"Milestone Scientific, Inc. Common Stock",A, ,N,34044179,,,Health Care,Industrial Specialties
GROW,GROW,"U.S. Global Investors, Inc. - Class A Common Stock",Q,S,N,33987497,,,Finance,Investment Managers
NTIP,NTIP,"Network-1 Technologies, Inc. Common Stock",A, ,N,33953921,,,Miscellaneous,Multi-Sector Companies
NTRP,NTRP,"NextTrip, Inc. - Common Stock",Q,S,N,33914715,,,Consumer Discretionary,Miscellaneous manufacturing industries
DUO,DUO,Fangdd Network Group Ltd. - Class A Ordinary Shares,Q,S,N,33884055,,,Finance,Real Estate
DAIO,DAIO,Data I/O Corporation - Common Stock,Q,S,N,33819919,,,Industrials,Electrical Products
BRIA,BRIA,BrilliA Inc Class A Ordinary Shares,A, ,N,33687500,,,Consumer Discretionary,Apparel
ATNM,ATNM,"Actinium Pharmaceuticals, Inc. (Delaware) Common Stock",A, ,N,33257490,,,Health Care,Biotechnology: Pharmaceutical Preparations
JG,JG,Aurora Mobile Limited - American Depositary Shares,Q,S,N,33146998,,,Technology,Computer Software: Programming Data Processing
SNAL,SNAL,"Snail, Inc. - Class A Common Stock",Q,S,N,33012641,,,Technology,Computer Software: Prepackaged Software
INMB,INMB,INmune Bio Inc. - Common stock,Q,S,N,32965720,,,Health Care,Biotechnology: Biological Products (No Diagnostic Substances)
JFU,JFU,9F Inc. - American Depositary Shares,Q,G,N,32965332,,,Finance,Finance: Consumer Services
ATCH,ATCH,"AtlasClear Holdings, Inc. Common Stock",A, ,N,32593229,,,Finance,Finance: Consumer Services
AAME,AAME,Atlantic American Corporation - Common Stock,Q,G,N,32431593,,,Finance,Life Insurance
GRAN,GRAN,Grande Group Limited - Class A Ordinary Shares,Q,S,N,32418750,,,Finance,Finance: Consumer Services
BRLS,BRLS,Borealis Foods Inc. - Class A Common Shares,Q,S,N,32409592,,,Consumer Staples,Packaged Foods
FKWL,FKWL,Franklin Wireless Corp. - common stock,Q,S,N,32406770,,,Utilities,Telecommunications Equipment
FOXX,FOXX,Foxx Development Holdings Inc. - Common Stock,Q,S,N,32319071,,,Telecommunications,Computer Communications Equipment
RCT,RCT,RedCloud Holdings plc - Ordinary Shares,Q,S,N,32269197,,,Technology,Computer Software: Programming Data Processing
WPRT,WPRT,Westport Fuel Systems Inc - Common Shares,Q,Q,N,32182108,,,Industrials,Industrial Machinery/Components
BOLD,BOLD,"Boundless Bio, Inc. - Common Stock",Q,Q,N,32123679,,,Health Care,Biotechnology: Pharmaceutical Preparations
AHMA,AHMA,Ambitions Enterprise Management Co. L.L.C - Class A Ordinary Shares,Q,S,N,32103000,,,Consumer Discretionary,Services-Misc. Amusement & Recreation
FIEE,FIEE,"FiEE, Inc - Common Stock",Q,S,N,31982243,,,Utilities,Telecommunications Equipment
HPAI,HPAI,Helport AI Limited - Ordinary Shares,Q,S,N,31819168,,,Technology,Computer Software: Prepackaged Software
LSTA,LSTA,"Lisata Therapeutics, Inc. - Common Stock",Q,S,N,31690241,,,Health Care,Misc Health and Biotechnology Services
UG,UG,"United-Guardian, Inc. - Common Stock",Q,G,N,31654858,,,Consumer Discretionary,Package Goods/Cosmetics
SDEV,SDEV,Stablecoin Development Corporation Common Stock,A, ,N,31454149,,,Health Care,Biotechnology: Pharmaceutical Preparations
LOCL,LOCL,Local Bounti Corporation Common Stock,N, ,N,31230890,,,Consumer Staples,Farming/Seeds/Milling
EVAX,EVAX,Evaxion A/S - American Depositary Share,Q,S,N,31109002,,,Health Care,Biotechnology: Biological Products (No Diagnostic Substances)
MOBX,MOBX,"Mobix Labs, Inc. - Class A Common Stock",Q,S,N,31041542,,,Technology,Semiconductors
RKTO,RKTO,Rocket One Inc. - Common Stock,Q,S,N,31028033,,,Health Care,Biotechnology: Pharmaceutical Preparations
NNVC,NNVC,"NanoViricides, Inc. Common Stock",A, ,N,30955210,,,Health Care,Biotechnology: Pharmaceutical Preparations
GRCE,GRCE,"Grace Therapeutics, Inc. - Common Stock",Q,S,N,30858491,,,Health Care,Biotechnology: Pharmaceutical Preparations
APLM,APLM,Apollomics Inc. - Class A Ordinary Shares,Q,S,N,30744728,,,Health Care,Biotechnology: Pharmaceutical Preparations
ALGS,ALGS,"Aligos Therapeutics, Inc. - Common stock",Q,S,N,30693586,,,Health Care,Biotechnology: Biological Products (No Diagnostic Substances)
MLCI,MLCI,Mount Logan Capital Inc. - Common Stock,Q,G,N,30657224,,,Finance,Investment Managers
SST,SST,"System1, Inc. Class A Common Stock",N, ,N,30612835,,,Technology,Computer Software: Programming Data Processing
ZTG,ZTG,Zenta Group Company Limited - Class A Ordinary Shares,Q,S,N,29994451,,,Consumer Discretionary,Professional Services
BATL,BATL,Battalion Oil Corporation Common Stock,A, ,N,29945635,,,Energy,Oil & Gas Production
RITR,RITR,Reitar Logtech Holdings Limited - Ordinary shares,Q,S,N,29866846,,,Finance,Real Estate
NMTC,NMTC,NeuroOne Medical Technologies Corporation - Common Stock,Q,S,N,29824771,,,Health Care,Medical/Dental Instruments
BOSC,BOSC,B.O.S. Better Online Solutions - Ordinary Shares,Q,S,N,29820696,,,Telecommunications,Computer Communications Equipment
CRWS,CRWS,"Crown Crafts, Inc. - Common Stock",Q,S,N,29739848,,,Consumer Discretionary,Textiles
QCLS,QCLS,"Q/C Technologies, Inc. - Common Stock",Q,S,N,29685962,,,Health Care,Biotechnology: In Vitro & In Vivo Diagnostic Substances
LICN,LICN,Lichen International Limited - Class A Ordinary Shares,Q,S,N,29586285,,,Consumer Discretionary,Professional Services
CCEL,CCEL,"Cryo-Cell International, Inc. Common Stock",A, ,N,29562401,,,Health Care,Misc Health and Biotechnology Services
BRNS,BRNS,Barinthus Biotherapeutics plc - American Depositary Shares,Q,G,N,29411203,,,Health Care,Biotechnology: Pharmaceutical Preparations
SNTI,SNTI,"Senti Biosciences Holdings, Inc. - Common Stock",Q,S,N,29325900,,,Health Care,Biotechnology: Biological Products (No Diagnostic Substances)
BURU,BURU,"Nuburu, Inc. Common Stock",A, ,N,29072950,,,Miscellaneous,Industrial Machinery/Components
KPLT,KPLT,"Katapult Holdings, Inc. - Common Stock",Q,G,N,29019203,,,Consumer Discretionary,Diversified Commercial Services
AWRE,AWRE,"Aware, Inc. - Common Stock",Q,G,N,29005743,,,Technology,Computer Software: Prepackaged Software
SMXT,SMXT,Solarmax Technology Inc. - Common Stock,Q,S,N,28959754,,,Consumer Discretionary,Engineering & Construction
DGNX,DGNX,Diginex Limited - Ordinary Shares,Q,S,N,28903055,,,Technology,EDP Services
CPHI,CPHI,"China Pharma Holdings, Inc. Common Stock",A, ,N,28774674,,,Health Care,Biotechnology: Pharmaceutical Preparations
TAOX,TAOX,Tao Synergies Inc. - Common Stock,Q,S,N,28766934,,,Health Care,Biotechnology: Pharmaceutical Preparations
LIVE,LIVE,Live Ventures Incorporated - Common Stock,Q,S,N,28658550,,,Consumer Discretionary,Other Specialty Stores
IGC,IGC,"IGC Pharma, Inc. Common Stock",A, ,N,28649589,,,Health Care,Biotechnology: Pharmaceutical Preparations
ZKIN,ZKIN,"ZK International Group Co., Ltd - Ordinary Share",Q,S,N,28592579,,,Industrials,Metal Fabrications
SCAG,SCAG,Scage Future - American Depositary Shares,Q,G,N,28564642,,,Consumer Discretionary,Construction/Ag Equipment/Trucks
EONR,EONR,EON Resources Inc. Class A Common Stock,A, ,N,28531924,,,Energy,Oil & Gas Production
SER,SER,"Serina Therapeutics, Inc. Common Stock",A, ,N,28495260,,,Health Care,Biotechnology: Pharmaceutical Preparations
GIFT,GIFT,"Giftify, Inc. - Common Stock",Q,S,N,28392872,,,Consumer Discretionary,Catalog/Specialty Distribution
CAST,CAST,"FreeCast, Inc. - Class A common stock",Q,G,N,28360484,,,Technology,EDP Services
XBP,XBP,"XBP Global Holdings, Inc. - Common Stock",Q,S,N,28302160,,,Technology,EDP Services
MDXH,MDXH,MDxHealth SA - Ordinary Shares,Q,S,N,28045028,,,Health Care,Medical Specialities
DARE,DARE,"Dare Bioscience, Inc. - Common Stock",Q,S,N,27712079,,,Health Care,Biotechnology: Pharmaceutical Preparations
BEEM,BEEM,Beam Global - Common Stock,Q,S,N,27689448,,,Technology,Semiconductors
BCG,BCG,"Binah Capital Group, Inc. - Common Stock",Q,G,N,27400514,,,Finance,Finance: Consumer Services
INLX,INLX,"Intellinetics, Inc. Common Stock",A, ,N,27374513,,,Technology,Computer Software: Prepackaged Software
BMR,BMR,Beamr Imaging Ltd. - Ordinary Share,Q,S,N,27332543,,,Technology,Computer Software: Prepackaged Software
GRNQ,GRNQ,Greenpro Capital Corp. - Common Stock,Q,S,N,27273729,,,Technology,EDP Services
PAPL,PAPL,Pineapple Financial Inc. Common Stock,A, ,N,27132197,,,Finance,Finance: Consumer Services
BIOX,BIOX,Bioceres Crop Solutions Corp. - Ordinary Shares,Q,Q,N,27131237,,,Industrials,Agricultural Chemicals
ELSE,ELSE,"Electro-Sensors, Inc. - Common Stock",Q,S,N,27129009,,,Industrials,Industrial Machinery/Components
HBIO,HBIO,"Harvard Bioscience, Inc. - Common Stock",Q,S,N,27106194,,,Industrials,Biotechnology: Laboratory Analytical Instruments
SKYE,SKYE,"Skye Bioscience, Inc. - Common Stock",Q,G,N,27060666,,,Health Care,Biotechnology: Pharmaceutical Preparations
QRHC,QRHC,Quest Resource Holding Corporation - Common Stock,Q,S,N,26974097,,,Utilities,Environmental Services
CRVO,CRVO,CervoMed Inc. - Common Stock,Q,S,N,26942872,,,Health Care,Biotechnology: Pharmaceutical Preparations
KYNB,KYNB,"Kyntra Bio, Inc. - Common Stock",Q,Q,N,26838983,,,Health Care,Biotechnology: Pharmaceutical Preparations
CLPS,CLPS,CLPS Incorporation - Common Stock,Q,G,N,26748286,,,Technology,Computer Software: Prepackaged Software
TVRD,TVRD,"Tvardi Therapeutics, Inc. - Common Stock",Q,S,N,26736830,,,Health Care,Biotechnology: Pharmaceutical Preparations
UTSI,UTSI,UTStarcom Holdings Corp - Ordinary Shares,Q,Q,N,26678449,,,Telecommunications,Telecommunications Equipment
NRSN,NRSN,NeuroSense Therapeutics Ltd. - Ordinary Shares,Q,S,N,26568919,,,Health Care,Biotechnology: Pharmaceutical Preparations
UONE,UONE,"Urban One, Inc.  - Class A Common Stock",Q,S,N,26562577,,,Consumer Discretionary,Broadcasting
RDI,RDI,Reading International Inc - Class A Non-voting Common Stock,Q,S,N,26352022,,,Consumer Discretionary,Movies/Entertainment
MODD,MODD,"Modular Medical, Inc. - common stock",Q,S,N,26298320,,,Health Care,Medical/Dental Instruments
SOWG,SOWG,Sow Good Inc. - Common Stock,Q,S,N,26156152,,,Consumer Staples,Packaged Foods
AIXC,AIXC,"AIxCrypto Holdings, Inc. - Common Stock",Q,S,N,26103141,,,Health Care,Biotechnology: Pharmaceutical Preparations
RMTI,RMTI,"Rockwell Medical, Inc. - Common Stock",Q,S,N,26089868,,,Health Care,Biotechnology: Pharmaceutical Preparations
LPSN,LPSN,"LivePerson, Inc. - Common Stock",Q,Q,N,26056698,,,Technology,Computer Software: Prepackaged Software
YQ,YQ,17 Education & Technology Group Inc. - American Depositary Shares,Q,Q,N,26053651,,,Real Estate,Other Consumer Services
CTSO,CTSO,Cytosorbents Corporation - Common Stock,Q,S,N,26009585,,,Health Care,Medical/Dental Instruments
ARAI,ARAI,Arrive AI Inc. - Common Stock,Q,G,N,25965975,,,Consumer Discretionary,Diversified Commercial Services
QNTM,QNTM,Quantum Biopharma Ltd. - Class B Subordinate Voting Shares,Q,S,N,25914350,,,Health Care,Biotechnology: Pharmaceutical Preparations
FOFO,FOFO,"Hang Feng Technology Innovation Co., Ltd. - Ordinary Shares",Q,S,N,25893087,,,Consumer Discretionary,Professional Services
TRSG,TRSG,Tungray Technologies Inc - Class A Ordinary Shares,Q,S,N,25838506,,,Industrials,Industrial Machinery/Components
LITS,LITS,"Lite Strategy, Inc. - Common Stock",Q,S,N,25685623,,,Health Care,Biotechnology: Pharmaceutical Preparations
YOUL,YOUL,Youlife Group Inc. - American Depositary Shares,Q,S,N,25605530,,,Real Estate,Other Consumer Services
OPAD,OPAD,Offerpad Solutions Inc. Class A Common Stock,N, ,N,25556372,,,Finance,Real Estate
BGL,BGL,Blue Gold Limited - Class A ordinary shares,Q,G,N,25482770,,,Basic Materials,Metal Mining
DYAI,DYAI,"Dyadic International, Inc. - Common Stock",Q,S,N,25470653,,,Health Care,Biotechnology: Biological Products (No Diagnostic Substances)
REFR,REFR,Research Frontiers Incorporated - Common Stock,Q,S,N,25453484,,,Miscellaneous,Multi-Sector Companies
NCI,NCI,Neo-Concept International Group Holdings Limited - Class A Ordinary Shares,Q,S,N,25439352,,,Consumer Discretionary,Apparel
MRNO,MRNO,Murano Global Investments PLC - Ordinary Shares,Q,S,N,25302249,,,Consumer Discretionary,Hotels/Resorts
JOB,JOB,GEE Group Inc. Common Stock,A, ,N,25270258,,,Consumer Discretionary,Diversified Commercial Services
FMST,FMST,Foremost Clean Energy Ltd. - Common Shares,Q,S,N,25242905,,,Basic Materials,Other Metals and Minerals
NEUP,NEUP,Neuphoria Therapeutics Inc. - Common Stock,Q,G,N,25239253,,,Health Care,Biotechnology: Pharmaceutical Preparations
GWH,GWH,"ESS Tech, Inc. Common Stock",N, ,N,25192397,,,Miscellaneous,Industrial Machinery/Components
PTN,PTN,"Palatin Technologies, Inc. - Common Stock",Q,S,N,25123363,,,Health Care,Biotechnology: Pharmaceutical Preparations
PSQH,PSQH,"PSQ Holdings, Inc. Class A Common Stock",N, ,N,25086669,,,Consumer Discretionary,Advertising
EHLD,EHLD,Euroholdings Ltd. - Common Stock,Q,S,N,25067874,,,Consumer Discretionary,Marine Transportation
PLUR,PLUR,Pluri Inc. - Common Stock,Q,S,N,24923851,,,Health Care,Biotechnology: Biological Products (No Diagnostic Substances)
AIFF,AIFF,"Firefly Neuroscience, Inc.  - Common Stock",Q,S,N,24914848,,,Technology,Computer Software: Prepackaged Software
JVA,JVA,"Coffee Holding Co., Inc. - Common Stock",Q,S,N,24604062,,,Consumer Staples,Packaged Foods
AYTU,AYTU,"Aytu BioPharma, Inc.  - Common Stock",Q,S,N,24579046,,,Health Care,Biotechnology: Pharmaceutical Preparations
GREE,GREE,Greenidge Generation Holdings Inc. - Class A Common Stock,Q,Q,N,24538394,,,Finance,Finance: Consumer Services
FEDU,FEDU,"Four Seasons Education (Cayman) Inc. American Depositary Shares, each ADS representing 10 ordinary shares",N, ,N,24431227,,,Real Estate,Other Consumer Services
ALLR,ALLR,"Allarity Therapeutics, Inc. - Common stock",Q,S,N,24427944,,,Health Care,Biotechnology: Pharmaceutical Preparations
PMI,PMI,"Picard Medical, Inc. Common Stock",A, ,N,24417299,,,Health Care,Medical/Dental Instruments
MRKR,MRKR,"Marker Therapeutics, Inc. - Common Stock",Q,S,N,24342765,,,Health Care,Biotechnology: Pharmaceutical Preparations
AKTX,AKTX,Akari Therapeutics Plc - American Depositary Shares,Q,S,N,24315712,,,Health Care,Biotechnology: Pharmaceutical Preparations
SUNE,SUNE,"SUNation Energy, Inc. - Common Stock",Q,S,N,24243863,,,Utilities,Telecommunications Equipment
UFG,UFG,Uni-Fuels Holdings Limited - Class A Ordinary Shares,Q,S,N,24241616,,,Energy,Oil Refining/Marketing
DFLI,DFLI,Dragonfly Energy Holdings Corp - Common Stock,Q,S,N,24092839,,,Miscellaneous,Industrial Machinery/Components
BESS,BESS,Bimergen Energy Corporation Common Stock,A, ,N,24060772,,,Utilities,Electric Utilities: Central
EPOW,EPOW,E-Power Inc. - Class A Ordinary Shares,Q,S,N,24008262,,,Consumer Discretionary,Business Services
NIXX,NIXX,"Nixxy, Inc. - Common Stock",Q,S,N,23891234,,,Technology,EDP Services
LGVN,LGVN,Longeveron Inc. - Class A Common stock,Q,S,N,23824856,,,Health Care,Biotechnology: Pharmaceutical Preparations
LVLU,LVLU,"Lulu's Fashion Lounge Holdings, Inc. - Common Stock",Q,S,N,23774562,,,Consumer Discretionary,Catalog/Specialty Distribution
CPOP,CPOP,"Pop Culture Group Co., Ltd - Class A Ordinary Shares",Q,S,N,23614832,,,Consumer Discretionary,Services-Misc. Amusement & Recreation
JL,JL,J-Long Group Limited - Class A Ordinary Shares,Q,S,N,23548248,,,Consumer Discretionary,Clothing/Shoe/Accessory Stores
CELU,CELU,Celularity Inc. - Class A Common Stock,Q,S,N,23501226,,,Health Care,Biotechnology: Pharmaceutical Preparations
DETX,DETX,"Liberty Defense Holdings, Ltd. - Common Shares",Q,S,N,23480455,,,Telecommunications,Telecommunications Equipment
YSXT,YSXT,"YSX Tech. Co., Ltd  - Class A Ordinary Shares",Q,S,N,23437500,,,Consumer Discretionary,Automotive Aftermarket
PLRZ,PLRZ,Polyrizon Ltd. - Ordinary Shares,Q,S,N,23435537,,,Health Care,Biotechnology: Pharmaceutical Preparations
BLIV,BLIV,BeLive Holdings - ordinary shares,Q,S,N,23359324,,,Technology,EDP Services
ZDAI,ZDAI,"DirectBooking Technology Co., Ltd. - Class A Ordinary Shares",Q,S,N,23166000,,,Consumer Discretionary,General Bldg Contractors - Nonresidential Bldgs
EVTV,EVTV,"Envirotech Vehicles, Inc. - Common stock",Q,S,N,23145987,,,Consumer Discretionary,Auto Parts:O.E.M.
ZBAO,ZBAO,Zhibao Technology Inc. - Class A Ordinary Shares,Q,S,N,23018891,,,Finance,Specialty Insurers
NYC,NYC,American Strategic Investment Co. Class A Common Stock,N, ,N,22889999,,,Real Estate,Real Estate Investment Trusts
BAFN,BAFN,BayFirst Financial Corp. - Common Stock,Q,S,N,22834392,,,Finance,Major Banks
ACCS,ACCS,ACCESS Newswire Inc. Common Stock,A, ,N,22794008,,,Consumer Discretionary,Publishing
PLAG,PLAG,Planet Green Holdings Corp. Common Stock,A, ,N,22772342,,,Consumer Staples,Packaged Foods
DBGI,DBGI,"Digital Brands Group, Inc. - Common Stock",Q,S,N,22746508,,,Consumer Discretionary,Clothing/Shoe/Accessory Stores
USEA,USEA,United Maritime Corporation - Common Stock,Q,S,N,22717876,,,Consumer Discretionary,Marine Transportation
EFOI,EFOI,"Energy Focus, Inc. - Common Stock",Q,S,N,22692359,,,Consumer Discretionary,Building Products
VEEA,VEEA,Veea Inc. - Common Stock,Q,S,N,22683405,,,Finance,Blank Checks
PSHG,PSHG,Performance Shipping Inc. - Common Shares,Q,S,N,22625254,,,Consumer Discretionary,Marine Transportation
HTCO,HTCO,High-Trend International Group - Class A Ordinary Shares,Q,S,N,22562782,,,Consumer Discretionary,Marine Transportation
ARKR,ARKR,Ark Restaurants Corp. - Common Stock,Q,G,N,22538481,,,Consumer Discretionary,Restaurants
PASW,PASW,"Ping An Biomedical Co., Ltd. - Class A Ordinary Shares",Q,S,N,22468820,,,Consumer Discretionary,Apparel
CLIR,CLIR,ClearSign Technologies Corporation - Common Stock,Q,S,N,22462427,,,Industrials,Industrial Machinery/Components
BCTX,BCTX,BriaCell Therapeutics Corp. - Common Shares,Q,S,N,22404005,,,Health Care,Biotechnology: Pharmaceutical Preparations
ORIO,ORIO,Orion Digital Corp. - Common Shares,Q,S,N,22266783,,,Finance,Finance: Consumer Services
SLGB,SLGB,Smart Logistics Global Limited - Ordinary Shares,Q,S,N,22102000,,,Industrials,Integrated Freight & Logistics
PMEC,PMEC,Primech Holdings Ltd. - Ordinary Shares,Q,S,N,22072805,,,Consumer Discretionary,Diversified Commercial Services
VNTG,VNTG,Vantage Corp Class A Ordinary Shares,A, ,N,22057563,,,Industrials,Integrated Freight & Logistics
VYNE,VYNE,VYNE Therapeutics Inc. - Common Stock,Q,S,N,21966192,,,Health Care,Biotechnology: Pharmaceutical Preparations
TOMZ,TOMZ,"TOMI Environmental Solutions, Inc. - Common Stock",Q,S,N,21945442,,,Industrials,Major Chemicals
UPLD,UPLD,"Upland Software, Inc. - Common Stock",Q,G,N,21790431,,,Technology,Computer Software: Prepackaged Software
UONEK,UONEK,"Urban One, Inc.  - Class D Common Stock",Q,S,N,21774085,,,Consumer Discretionary,Broadcasting
TXMD,TXMD,"TherapeuticsMD, Inc. - Common Stock",Q,Q,N,21759801,,,Health Care,Biotechnology: Pharmaceutical Preparations
SGRP,SGRP,"SPAR Group, Inc. - Common Stock",Q,S,N,21580267,,,Consumer Discretionary,Business Services
ACCL,ACCL,Acco Group Holdings Limited - Class A Ordinary Shares,Q,S,N,21545000,,,Consumer Discretionary,Professional Services
FLUX,FLUX,"Flux Power Holdings, Inc. - Common Stock",Q,S,N,21361383,,,Miscellaneous,Industrial Machinery/Components
VTGN,VTGN,"Vistagen Therapeutics, Inc. - Common Stock",Q,S,N,21284034,,,Health Care,Biotechnology: Pharmaceutical Preparations
SEGG,SEGG,Sports Entertainment Gaming Global Corporation  - Common Stock,Q,G,N,21114556,,,Technology,Computer Software: Prepackaged Software
CKX,CKX,"CKX Lands, Inc. Common Stock",A, ,N,21064898,,,Energy,Oil & Gas Production
SAIH,SAIH,SAIHEAT Limited - Class A Ordinary Shares,Q,S,N,21017169,,,Technology,EDP Services
LSH,LSH,Lakeside Holding Limited - Common Stock,Q,S,N,21000811,,,,
SDST,SDST,Stardust Power Inc. - Common Stock,Q,S,N,21000758,,,Industrials,Major Chemicals
CTRM,CTRM,Castor Maritime Inc. - Common Shares,Q,S,N,20870685,,,Consumer Discretionary,Marine Transportation
DUKR,DUKR,DUKE Robotics Corp. - Common Stock,Q,S,N,20856819,,,Industrials,Aerospace
ATCX,ATCX,Atlas Critical Minerals Corporation - Common Stock,Q,S,N,20839346,,,Basic Materials,Precious Metals
TRAW,TRAW,"Traws Pharma, Inc. - Common Stock",Q,S,N,20756417,,,Health Care,Biotechnology: Pharmaceutical Preparations
CCM,CCM,Concord Medical Services Holdings Limited American Depositary Shares (Each represents thirty (30) Class A ordinary shares),N, ,N,20753436,,,Health Care,Medical/Nursing Services
YAAS,YAAS,Youxin Technology Ltd - Class A Ordinary shares,Q,S,N,20740678,,,Technology,Computer Software: Prepackaged Software
NEON,NEON,Neonode Inc. - Common Stock,Q,S,N,20726909,,,Technology,Industrial Machinery/Components
RVP,RVP,"Retractable Technologies, Inc. Common Stock",A, ,N,20566828,,,Health Care,Medical/Dental Instruments
PRHI,PRHI,"Presurance Holdings, Inc. - Common Stock",Q,S,N,20229080,,,Finance,Property-Casualty Insurers
DFNS,DFNS,T3 Defense Inc. - Common Stock,Q,G,N,20132978,,,Consumer Discretionary,Professional Services
TURB,TURB,"Turbo Energy, S.A. - American Depositary Shares",Q,S,N,20068624,,,Miscellaneous,Industrial Machinery/Components
CLRB,CLRB,"Cellectar Biosciences, Inc. - Common Stock",Q,S,N,20059448,,,Health Care,Biotechnology: Pharmaceutical Preparations
AEHL,AEHL,Antelope Enterprise Holdings Limited - Class A Ordinary Shares,Q,S,N,19967690,,,Industrials,Building Materials
AHT,AHT,Ashford Hospitality Trust Inc Common Stock,N, ,N,19753298,,,Real Estate,Real Estate Investment Trusts
NAMI,NAMI,Jinxin Technology Holding Company - American Depositary Shares,Q,S,N,19752038,,,Real Estate,Other Consumer Services
LFWD,LFWD,Lifeward Ltd. - Ordinary Shares,Q,S,N,19644575,,,Health Care,Industrial Specialties
NHTC,NHTC,Natural Health Trends Corp. - Common Stock,Q,S,N,19643272,,,Consumer Discretionary,Consumer Specialties
TOPP,TOPP,Toppoint Holdings Inc. Common Stock,A, ,N,19503000,,,Industrials,Trucking Freight/Courier Services
UUU,UUU,"Universal Safety Products, Inc. Common Stock",A, ,N,19502651,,,Technology,Electronic Components
FENG,FENG,"Phoenix New Media Limited American Depositary Shares, each representing 48 Class A ordinary shares.",N, ,N,19457457,,,Industrials,Broadcasting
IRIX,IRIX,IRIDEX Corporation - Common Stock,Q,S,N,19321235,,,Health Care,Biotechnology: Electromedical & Electrotherapeutic Apparatus
APUS,APUS,"Apimeds Pharmaceuticals US, Inc. Common Stock",A, ,N,19316707,,,Health Care,Biotechnology: Pharmaceutical Preparations
KIDZ,KIDZ,KIDZ AI Inc. - Class B Common Stock,Q,S,N,19304066,,,Real Estate,Other Consumer Services
SVRN,SVRN,OceanPal Inc. - Common Stock,Q,S,N,19294020,,,Consumer Discretionary,Marine Transportation
YHC,YHC,LQR House Inc. - Common Stock,Q,S,N,19234490,,,Consumer Staples,Beverages (Production/Distribution)
KTTA,KTTA,Pasithea Therapeutics Corp. - Common Stock,Q,S,N,19233356,,,Health Care,Biotechnology: Pharmaceutical Preparations
AEON,AEON,"AEON Biopharma, Inc. Class A Common Stock",A, ,N,19193741,,,Health Care,Biotechnology: Pharmaceutical Preparations
MWYN,MWYN,"Marwynn Holdings, Inc. - Common stock",Q,S,N,19156791,,,Consumer Discretionary,Food Distributors
MYND,MYND,"Mynd.ai, Inc. American Depositary Shares",A, ,N,19135995,,,Real Estate,Other Consumer Services
XCUR,XCUR,"Exicure, Inc. - Common Stock",Q,S,N,19058072,,,Health Care,Biotechnology: Pharmaceutical Preparations
MDRR,MDRR,"Medalist Diversified, Inc. - Common Stock",Q,S,N,19053450,,,Real Estate,Real Estate Investment Trusts
CYN,CYN,Cyngn Inc. - Common stock,Q,S,N,19038731,,,Technology,EDP Services
HHS,HHS,"Harte Hanks, Inc. - Common Stock",Q,G,N,18882551,,,Consumer Discretionary,Advertising
RECT,RECT,Rectitude Holdings Ltd - Ordinary Shares,Q,S,N,18825515,,,Consumer Discretionary,Industrial Machinery/Components
TPST,TPST,"Tempest Therapeutics, Inc. - Common Stock",Q,S,N,18804886,,,Health Care,Biotechnology: Pharmaceutical Preparations
TLF,TLF,"Tandy Leather Factory, Inc. - common stock",Q,S,N,18648773,,,Consumer Discretionary,Apparel
CODX,CODX,"Co-Diagnostics, Inc. - Common Stock",Q,S,N,18610836,,,Health Care,Medical/Dental Instruments
LGPS,LGPS,LogProstyle Inc. Common Shares,A, ,N,18574002,,,Consumer Discretionary,Homebuilding
MNDO,MNDO,MIND C.T.I. Ltd. - Ordinary Shares,Q,G,N,18570353,,,Technology,EDP Services
HOWL,HOWL,"Werewolf Therapeutics, Inc. - Common Stock",Q,Q,N,18559124,,,Health Care,Biotechnology: Pharmaceutical Preparations
AUID,AUID,authID Inc. - Common Stock,Q,S,N,18552360,,,Technology,Computer Software: Prepackaged Software
MDCX,MDCX,Medicus Pharma Ltd. - Common Stock,Q,S,N,18546293,,,Health Care,Biotechnology: Pharmaceutical Preparations
EQS,EQS,"Equus Total Return, Inc. Common Stock",N, ,N,18436039,,,Finance,Finance/Investors Services
TMDE,TMDE,TMD Energy Limited Ordinary Shares,A, ,N,18380700,,,Energy,Oil Refining/Marketing
CRIS,CRIS,"Curis, Inc. - Common Stock",Q,S,N,18323884,,,Health Care,Biotechnology: Biological Products (No Diagnostic Substances)
WETH,WETH,Wetouch Technology Inc. - Common Stock,Q,S,N,18255247,,,Technology,Computer peripheral equipment
SMSI,SMSI,"Smith Micro Software, Inc. - Common Stock",Q,S,N,18196876,,,Technology,Computer Software: Prepackaged Software
TULP,TULP,"Bloomia Holdings, Inc. - Common Stock",Q,S,N,18087991,,,Consumer Staples,Farming/Seeds/Milling
MXC,MXC,Mexco Energy Corporation Common Stock,A, ,N,18066180,,,Energy,Oil & Gas Production
SMTK,SMTK,"SmartKem, Inc. - Common Stock",Q,S,N,18014819,,,Technology,Semiconductors
RAIN,RAIN,"Rain Enhancement Technologies Holdco, Inc. - Class A Common Stock",Q,S,N,17933544,,,Technology,Industrial Machinery/Components
FABC,FABC,"Fabric.AI, Inc. - Common Stock",Q,S,N,17821810,,,Consumer Discretionary,Telecommunications Equipment
RCON,RCON,"Recon Technology, Ltd. - Class A Ordinary Shares",Q,S,N,17763907,,,Energy,Oilfield Services/Equipment
MSGM,MSGM,Motorsport Games Inc. - Class A Common Stock,Q,S,N,17739734,,,Technology,Computer Software: Prepackaged Software
JZ,JZ,Jianzhi Education Technology Group Company Limited - American Depositary Shares,Q,S,N,17708323,,,Real Estate,Other Consumer Services
ZJYL,ZJYL,JIN MEDICAL INTERNATIONAL LTD. - Class A Ordinary Shares,Q,S,N,17611549,,,Health Care,Industrial Specialties
PASG,PASG,"Passage Bio, Inc. - Common Stock",Q,S,N,17546721,,,Health Care,Biotechnology: Biological Products (No Diagnostic Substances)
AIMD,AIMD,"Ainos, Inc. - Common Stock",Q,S,N,17475311,,,Technology,Computer peripheral equipment
SNSE,SNSE,"Sensei Biotherapeutics, Inc. - Common Stock",Q,S,N,17445233,,,Health Care,Biotechnology: Pharmaceutical Preparations
NCEL,NCEL,NewcelX Ltd. - Ordinary Shares,Q,S,N,17443742,,,Health Care,Biotechnology: Pharmaceutical Preparations
KNRX,KNRX,KNOREX LTD. Class A Ordinary Shares,A, ,N,17341174,,,Technology,Computer Software: Programming Data Processing
ICMB,ICMB,"Investcorp Credit Management BDC, Inc. - Common Stock",Q,Q,N,17318966,,,Finance,Finance: Consumer Services
MMA,MMA,Mixed Martial Arts Group Limited Ordinary Shares,A, ,N,17277862,,,Consumer Discretionary,Other Consumer Services
AUST,AUST,Austin Gold Corp. Common Shares,A, ,N,17253181,,,Basic Materials,Precious Metals
JF,JF,J and Friends Holdings Limited - American Depositary Shares,Q,G,N,17239745,,,Technology,Computer Software: Programming Data Processing
MSW,MSW,Ming Shing Group Holdings Limited - Ordinary Shares,Q,S,N,17127000,,,Consumer Discretionary,Engineering & Construction
LRE,LRE,"Lead Real Estate Co., Ltd - American Depositary Shares",Q,S,N,17052375,,,Consumer Discretionary,Homebuilding
COOT,COOT,Australian Oilseeds Holdings Limited - Ordinary Shares,Q,S,N,17015318,,,Consumer Staples,Packaged Foods
MOGU,MOGU,MOGU Inc. American Depositary Shares (each  representing 25 Class A Ordinary Shares),N, ,N,17001173,,,Consumer Discretionary,Business Services
CXAI,CXAI,CXApp Inc. - Class A Common Stock,Q,S,N,16898525,,,Technology,EDP Services
LPCN,LPCN,Lipocine Inc. - Common Stock,Q,S,N,16818276,,,Health Care,Biotechnology: Pharmaceutical Preparations
FTHM,FTHM,Fathom Holdings Inc. - Common Stock,Q,S,N,16702614,,,Finance,Real Estate
KWM,KWM,"K Wave Media, Ltd. - Ordinary Shares",Q,G,N,16699594,,,Consumer Discretionary,Movies/Entertainment
OPTH,OPTH,Optimi Health Corp. - Common Shares,Q,S,N,16645629,,,,
MGIH,MGIH,Millennium Group International Holdings Limited - Ordinary Shares,Q,S,N,16537500,,,Consumer Discretionary,Publishing
ADGM,ADGM,"Adagio Medical Holdings, Inc - Common Stock",Q,S,N,16515697,,,Health Care,Medical/Dental Instruments
VCIG,VCIG,VCI Global Limited - Ordinary Share,Q,S,N,16513052,,,Consumer Discretionary,Diversified Commercial Services
GGRP,GGRP,"The Glimpse Group, Inc. - Common Stock",Q,S,N,16397522,,,Technology,EDP Services
CHAI,CHAI,"Core AI Holdings, Inc. - Common Shares",Q,S,N,16336387,,,Telecommunications,Telecommunications Equipment
NXPL,NXPL,NextPlat Corp - Common Stock,Q,S,N,16305212,,,Telecommunications,Telecommunications Equipment
QNCX,QNCX,"Quince Therapeutics, Inc. - Common Stock",Q,Q,N,16300740,,,Health Care,Biotechnology: Biological Products (No Diagnostic Substances)
IPM,IPM,Intelligent Protection Management Corp.  - Common Stock,Q,S,N,16264312,,,Technology,Computer Software: Programming Data Processing
THH,THH,TryHard Holdings Limited - Ordinary Shares,Q,S,N,16254814,,,Consumer Discretionary,Services-Misc. Amusement & Recreation
CTXR,CTXR,"Citius Pharmaceuticals, Inc. - Common Stock",Q,S,N,16175054,,,Health Care,Biotechnology: Pharmaceutical Preparations
LEXX,LEXX,Lexaria Bioscience Corp. - Common Stock,Q,S,N,16027563,,,Health Care,Biotechnology: Pharmaceutical Preparations
GIGM,GIGM,GigaMedia Limited - Ordinary Shares,Q,S,N,16025741,,,Technology,Computer Software: Programming Data Processing
EPSM,EPSM,Epsium Enterprise Limited - Class A Ordinary Shares,Q,S,N,15991260,,,Consumer Staples,Beverages (Production/Distribution)
NAII,NAII,"Natural Alternatives International, Inc. - Common Stock",Q,G,N,15813577,,,Health Care,Medicinal Chemicals and Botanical Products
RMCF,RMCF,"Rocky Mountain Chocolate Factory, Inc. - Common Stock",Q,S,N,15790028,,,Consumer Staples,Specialty Foods
TGHL,TGHL,The GrowHub Limited - Class A Ordinary Shares,Q,S,N,15685882,,,Technology,EDP Services
MPU,MPU,Mega Matrix Inc. Class A Ordinary Shares,A, ,N,15637744,,,Consumer Discretionary,Diversified Commercial Services
FAMI,FAMI,"Farmmi, Inc. - Class A Ordinary Shares",Q,S,N,15611185,,,Consumer Staples,Packaged Foods
LEDS,LEDS,SemiLEDS Corporation - Common Stock,Q,S,N,15441811,,,Technology,Semiconductors
YMAT,YMAT,"J-Star Holding Co., Ltd. - Class A Ordinary Shares",Q,S,N,15418847,,,Consumer Discretionary,Recreational Games/Products/Toys
EDTK,EDTK,Skillful Craftsman Education Technology Limited - Ordinary Share,Q,S,N,15387850,,,Real Estate,Other Consumer Services
HIND,HIND,"Vyome Holdings, Inc. - Common Stock",Q,S,N,15370576,,,Health Care,Medical/Dental Instruments
GTBP,GTBP,"GT Biopharma, Inc. - Common Stock",Q,S,N,15333947,,,Health Care,Biotechnology: Pharmaceutical Preparations
SDOT,SDOT,Sadot Group Inc. - Common Stock,Q,S,N,15192200,,,Consumer Discretionary,Restaurants
CALC,CALC,"CalciMedica, Inc. - Common Stock",Q,S,N,15134514,,,Health Care,Biotechnology: Pharmaceutical Preparations
BRN,BRN,"Barnwell Industries, Inc. Common Stock",A, ,N,15115338,,,Energy,Oil & Gas Production
POM,POM,POMDOCTOR LIMITED - American Depositary Shares,Q,G,N,15067036,,,Consumer Discretionary,Other Specialty Stores
TPET,TPET,Trio Petroleum Corp. Common Stock,A, ,N,14946307,,,Energy,Oil & Gas Production
PRZO,PRZO,ParaZero Technologies Ltd. - Ordinary Shares,Q,S,N,14908883,,,Industrials,Military/Government/Technical
INTZ,INTZ,Intrusion Inc. - Common Stock,Q,S,N,14873492,,,Telecommunications,Computer Communications Equipment
DOGZ,DOGZ,Dogness (International) Corporation - Class A Common Stock,Q,S,N,14800871,,,Consumer Discretionary,Miscellaneous manufacturing industries
EBON,EBON,Ebang International Holdings Inc. - Class A Ordinary Shares,Q,Q,N,14723861,,,Technology,Semiconductors
AIRI,AIRI,Air Industries Group Common Stock,A, ,N,14673240,,,Industrials,Military/Government/Technical
WIMI,WIMI,WiMi Hologram Cloud Inc. - Class B Ordinary Shares,Q,G,N,14616118,,,Technology,Computer Software: Prepackaged Software
ANY,ANY,Sphere 3D Corp. - Common Shares,Q,S,N,14598748,,,Finance,Finance: Consumer Services
DLPN,DLPN,"Dolphin Entertainment, Inc. - Common Stock",Q,S,N,14579344,,,Consumer Discretionary,Other Consumer Services
CCHH,CCHH,CCH Holdings Ltd - Class A Ordinary Shares,Q,S,N,14577755,,,Consumer Discretionary,Restaurants
ONEG,ONEG,OneConstruction Group Limited - Ordinary Shares,Q,S,N,14560000,,,Consumer Discretionary,Homebuilding
CISO,CISO,"CISO Global, Inc. - Common Stock",Q,S,N,14545581,,,Consumer Discretionary,Professional Services
BTOC,BTOC,Armlogi Holding Corp. - common stock,Q,S,N,14473621,,,Consumer Discretionary,Office Equipment/Supplies/Services
ELOG,ELOG,Eastern International Ltd. - Ordinary Shares,Q,S,N,14420400,,,Industrials,Integrated Freight & Logistics
PRSO,PRSO,Peraso Inc. - Common Stock,Q,S,N,14392886,,,Technology,Semiconductors
SWVL,SWVL,Swvl Holdings Corp - Ordinary Shares,Q,S,N,14348655,,,Consumer Discretionary,Business Services
TBH,TBH,"Brag House Holdings, Inc. - Common Stock",Q,S,N,14322987,,,Consumer Discretionary,Services-Misc. Amusement & Recreation
SCNX,SCNX,"Scienture Holdings, Inc. - Common Stock",Q,S,N,14302047,,,Health Care,Other Pharmaceuticals
INAB,INAB,"IN8bio, Inc. - Common Stock",Q,S,N,14179808,,,Health Care,Biotechnology: Biological Products (No Diagnostic Substances)
HUIZ,HUIZ,Huize Holding Limited - American Depositary Shares,Q,G,N,14148506,,,Finance,Specialty Insurers
OSRH,OSRH,"OSR Holdings, Inc. - Common Stock",Q,S,N,14147313,,,Health Care,Medical/Dental Instruments
BLRX,BLRX,BioLineRx Ltd. - American Depositary Shares,Q,S,N,14141910,,,Health Care,Biotechnology: Pharmaceutical Preparations
TDIC,TDIC,Dreamland Limited - Class A Ordinary Shares,Q,S,N,13928653,,,Consumer Discretionary,Other Consumer Services
COCP,COCP,"Cocrystal Pharma, Inc. - Common Stock",Q,S,N,13925328,,,Health Care,Biotechnology: Pharmaceutical Preparations
COSM,COSM,Cosmos Health Inc. - Common Stock,Q,S,N,13790109,,,Health Care,Other Pharmaceuticals
TRIB,TRIB,Trinity Biotech plc - American Depositary Shares,Q,Q,N,13770591,,,Health Care,Biotechnology: In Vitro & In Vivo Diagnostic Substances
GYRO,GYRO,"Gyrodyne , LLC - Common Stock",Q,S,N,13744355,,,Real Estate,Building operators
BLIN,BLIN,"Bridgeline Digital, Inc. - Common Stock",Q,S,N,13733868,,,Technology,Computer Software: Prepackaged Software
GTIM,GTIM,Good Times Restaurants Inc. - Common Stock,Q,S,N,13725265,,,Consumer Discretionary,Restaurants
ARTW,ARTW,"Art's-Way Manufacturing Co., Inc. - Common Stock",Q,S,N,13678859,,,Industrials,Industrial Machinery/Components
LHAI,LHAI,Linkhome Holdings Inc. - Common stock,Q,S,N,13633200,,,Finance,Real Estate
GDTC,GDTC,CytoMed Therapeutics Limited - Ordinary Shares,Q,S,N,13602700,,,Health Care,Biotechnology: Pharmaceutical Preparations
PDC,PDC,Perpetuals.com Ltd - American Depositary Shares,Q,S,N,13544531,,,Technology,EDP Services
WVVI,WVVI,"Willamette Valley Vineyards, Inc. - Common Stock",Q,S,N,13494524,,,Consumer Staples,Beverages (Production/Distribution)
BNGO,BNGO,"Bionano Genomics, Inc. - Common Stock",Q,S,N,13425750,,,Industrials,Biotechnology: Laboratory Analytical Instruments
AIFA,AIFA,"All In FutureTech Alliance, Inc. - Common Stock",Q,S,N,13388940,,,Consumer Discretionary,Services-Misc. Amusement & Recreation
GFAI,GFAI,"Guardforce AI Co., Limited - Ordinary Shares",Q,S,N,13387679,,,Consumer Discretionary,Diversified Commercial Services
OMH,OMH,Ohmyhome Limited - Class A Ordinary Shares,Q,S,N,13366314,,,Finance,Real Estate
REBN,REBN,"Reborn Coffee, Inc. - Common Stock",Q,S,N,13346864,,,Consumer Discretionary,Restaurants
GTEC,GTEC,Greenland Technologies Holding Corporation - Class A Ordinary Shares,Q,S,N,13344060,,,Industrials,Industrial Machinery/Components
MBRX,MBRX,"Moleculin Biotech, Inc. - Common Stock",Q,S,N,13180785,,,Health Care,Biotechnology: Pharmaceutical Preparations
REE,REE,REE Automotive Ltd. - Class A Ordinary Shares,Q,S,N,13179979,,,Industrials,Auto Manufacturing
JSPR,JSPR,"Jasper Therapeutics, Inc. - Class A Common Stock",Q,S,N,13102511,,,Health Care,Biotechnology: Biological Products (No Diagnostic Substances)
CYCN,CYCN,"Cyclerion Therapeutics, Inc. - Common Stock",Q,S,N,13034245,,,Health Care,Biotechnology: Pharmaceutical Preparations
CMMB,CMMB,Chemomab Therapeutics Ltd.  - American Depositary Shares,Q,S,N,13016565,,,Health Care,Biotechnology: Pharmaceutical Preparations
BYAH,BYAH,"Park Ha Biological Technology Co., Ltd. - Class A Ordinary Shares",Q,S,N,12962332,,,Consumer Discretionary,Package Goods/Cosmetics
CVKD,CVKD,"Cadrenal Therapeutics, Inc. - Common Stock",Q,S,N,12959420,,,Health Care,Biotechnology: Pharmaceutical Preparations
SAGT,SAGT,SAGTEC GLOBAL LIMITED - Class A Ordinary shares,Q,S,N,12926500,,,Technology,Computer Software: Prepackaged Software
PHIO,PHIO,Phio Pharmaceuticals Corp. - Common Stock,Q,S,N,12662803,,,Health Care,Biotechnology: Pharmaceutical Preparations
TAOP,TAOP,Taoping Inc. - Ordinary Shares,Q,S,N,12609674,,,Technology,Computer Software: Prepackaged Software
BIVI,BIVI,BioVie Inc. - Common stock,Q,S,N,12594871,,,Health Care,Biotechnology: Pharmaceutical Preparations
PETZ,PETZ,"TDH Holdings, Inc. - Common Shares",Q,S,N,12594387,,,Industrials,Steel/Iron Ore
SURG,SURG,"SurgePays, Inc. - Common Stock",Q,S,N,12560948,,,Consumer Discretionary,Advertising
NWGL,NWGL,CL Workshop Group Limited - American Depositary Shares,Q,S,N,12464533,,,Energy,
BFRG,BFRG,"Bullfrog AI Holdings, Inc. - Common Stock",Q,S,N,12434031,,,Health Care,Biotechnology: Pharmaceutical Preparations
HUDI,HUDI,"Huadi International Group Co., Ltd. - Ordinary Shares",Q,S,N,12427419,,,Industrials,Steel/Iron Ore
IDAI,IDAI,T Stamp Inc. - Class A Common Stock,Q,S,N,12319921,,,Technology,Computer Software: Prepackaged Software
STFS,STFS,Star Fashion Culture Holdings Limited - Class A Ordinary Shares,Q,S,N,12176250,,,Consumer Discretionary,Advertising
NVNI,NVNI,Nvni Group Limited - Ordinary Shares,Q,S,N,12159818,,,Technology,Computer Software: Prepackaged Software
BGI,BGI,Birks Group Inc. Common Stock,A, ,N,12154584,,,Consumer Discretionary,Consumer Specialties
ATER,ATER,"Aterian, Inc. - Common Stock",Q,S,N,12117179,,,Consumer Discretionary,Home Furnishings
CDTG,CDTG,CDT Environmental Technology Investment Holdings Limited - ordinary shares,Q,S,N,12114210,,,Industrials,Miscellaneous
SNBR,SNBR,Sleep Number Corporation - Common Stock,Q,Q,N,12103030,,,Consumer Discretionary,Home Furnishings
VVOS,VVOS,"Vivos Therapeutics, Inc. - Common Stock",Q,S,N,12088302,,,Health Care,Medical/Dental Instruments
VNRX,VNRX,VolitionRX Limited Common Stock,A, ,N,11991795,,,Health Care,Biotechnology: In Vitro & In Vivo Diagnostic Substances
AQMS,AQMS,"Aqua Metals, Inc. - Common Stock",Q,S,N,11935121,,,Industrials,Metal Fabrications
BNKK,BNKK,"Bonk, Inc. - Common Stock",Q,S,N,11921401,,,Consumer Discretionary,Package Goods/Cosmetics
BFRI,BFRI,Biofrontera Inc. - Common Stock,Q,S,N,11907110,,,Health Care,Biotechnology: Pharmaceutical Preparations
TOVX,TOVX,"Theriva Biologics, Inc. Common Stock",A, ,N,11886201,,,Health Care,Biotechnology: Pharmaceutical Preparations
MTEK,MTEK,Maris-Tech Ltd. - ordinary shares,Q,S,N,11832324,,,Telecommunications,Telecommunications Equipment
TLIH,TLIH,Ten-League International Holdings Limited - Ordinary Shares,Q,S,N,11808787,,,,
CVM,CVM,Cel-Sci Corporation Common Stock,A, ,N,11720493,,,Health Care,Biotechnology: Biological Products (No Diagnostic Substances)
DKI,DKI,DarkIris Inc. - Class A Ordinary Shares,Q,S,N,11716846,,,Technology,Computer Software: Prepackaged Software
ICU,ICU,SeaStar Medical Holding Corporation - Common Stock,Q,S,N,11591306,,,Health Care,Medical/Dental Instruments
EDUC,EDUC,Educational Development Corporation - Common Stock,Q,G,N,11575455,,,Consumer Discretionary,Consumer Specialties
ZSTK,ZSTK,ZeroStack Corp. - Common Stock,Q,S,N,11562138,,,Health Care,Biotechnology: Pharmaceutical Preparations
FTRK,FTRK,FAST TRACK GROUP - Ordinary shares,Q,S,N,11560625,,,Consumer Discretionary,Package Goods/Cosmetics
CHOW,CHOW,ChowChow Cloud International Holdings Limited Ordinary Shares,A, ,N,11534250,,,Technology,Computer Software: Prepackaged Software
XELB,XELB,"Xcel Brands, Inc - Common Stock",Q,S,N,11492380,,,Miscellaneous,Multi-Sector Companies
HKPD,HKPD,"Cellyan Biotechnology Co., Ltd  - Class A Ordinary Shares",Q,S,N,11491493,,,Health Care,Other Pharmaceuticals
MTVA,MTVA,MetaVia Inc.  - Common Stock,Q,S,N,11464901,,,Health Care,Biotechnology: Pharmaceutical Preparations
SEED,SEED,Origin Agritech Limited - Ordinary Shares,Q,S,N,11443798,,,Consumer Staples,Farming/Seeds/Milling
KPRX,KPRX,"Kiora Pharmaceuticals, Inc.  - Common Stock",Q,S,N,11434405,,,Health Care,Biotechnology: Pharmaceutical Preparations
LZMH,LZMH,LZ Technology Holdings Limited - Class B Ordinary Shares,Q,S,N,11402695,,,Technology,EDP Services
AIRE,AIRE,reAlpha Tech Corp. - Common Stock,Q,S,N,11319627,,,Finance,Real Estate
GAUZ,GAUZ,Gauzy Ltd. - Ordinary Shares,Q,G,N,11292111,,,Miscellaneous,Industrial Machinery/Components
JTAI,JTAI,Jet.AI Inc. - Common Stock,Q,S,N,11231596,,,Consumer Discretionary,Transportation Services
FGI,FGI,FGI Industries Ltd. - Ordinary Shares,Q,S,N,11201372,,,Industrials,Industrial Specialties
BMGL,BMGL,Basel Medical Group Ltd - ordinary shares,Q,S,N,11170007,,,Health Care,Medical/Nursing Services
GOCO,GOCO,"GoHealth, Inc. - Class A Common Stock",Q,S,N,11134948,,,Finance,Specialty Insurers
BTCT,BTCT,BTC Digital Ltd. - Ordinary Shares,Q,S,N,11039691,,,Real Estate,Other Consumer Services
CLWT,CLWT,Euro Tech Holdings Company Limited - Ordinary Shares,Q,S,N,10966743,,,Consumer Discretionary,Professional and commerical equipment
CABR,CABR,"Caring Brands, Inc. - Common Stock",Q,S,N,10909807,,,Consumer Discretionary,Package Goods/Cosmetics
MTEX,MTEX,"Mannatech, Incorporated - Common Stock",Q,S,N,10864042,,,Health Care,Medicinal Chemicals and Botanical Products
LNAI,LNAI,Lunai Bioworks Inc. - Common Stock,Q,S,N,10745319,,,Health Care,Biotechnology: Pharmaceutical Preparations
BON,BON,Bon Natural Life Limited - Class A Ordinary Shares,Q,S,N,10730029,,,Health Care,Medicinal Chemicals and Botanical Products
SKK,SKK,SKK Holdings Limited - Class A Ordinary Shares,Q,S,N,10676240,,,Industrials,Water Sewer Pipeline Comm & Power Line Construction
BANL,BANL,CBL International Limited - Class B Ordinary Shares,Q,S,N,10656377,,,Energy,Oil Refining/Marketing
FEBO,FEBO,Fenbo Holdings Limited - Class A Ordinary Shares,Q,S,N,10620000,,,Consumer Discretionary,Home Furnishings
LOBO,LOBO,LOBO TECHNOLOGIES LTD. - Class A Ordinary Shares,Q,S,N,10602925,,,Consumer Discretionary,Motor Vehicles
BCDA,BCDA,"BioCardia, Inc. - Common Stock",Q,S,N,10464746,,,Health Care,Biotechnology: Biological Products (No Diagnostic Substances)
RIME,RIME,"Algorhythm Holdings, Inc. - Common Stock",Q,S,N,10443374,,,Consumer Staples,Diversified Electronic Products
MBAI,MBAI,Check-Cap Ltd. - Ordinary Share,Q,S,N,10390343,,,Health Care,Medical Electronics
NXL,NXL,"Nexalin Technology, Inc. - Common Stock",Q,S,N,10321695,,,Health Care,Biotechnology: Electromedical & Electrotherapeutic Apparatus
XWEL,XWEL,"XWELL, Inc. - Common Stock",Q,S,N,10217562,,,Consumer Discretionary,Other Consumer Services
INTS,INTS,"Intensity Therapeutics, Inc. - Common Stock",Q,S,N,10216660,,,Health Care,Biotechnology: Biological Products (No Diagnostic Substances)
ICCM,ICCM,IceCure Medical Ltd. - Ordinary Shares,Q,S,N,10216392,,,Health Care,Medical/Dental Instruments
PMNT,PMNT,Perfect Moment Ltd. Common Stock,A, ,N,10171007,,,Consumer Discretionary,Apparel
WGRX,WGRX,"Wellgistics Health, Inc. - Common Stock",Q,S,N,10103969,,,Health Care,Other Pharmaceuticals
NXTC,NXTC,"NextCure, Inc. - Common Stock",Q,Q,N,10077748,,,Health Care,Biotechnology: Pharmaceutical Preparations
WFF,WFF,WF Holding Limited - Ordinary Shares,Q,S,N,10076036,,,Consumer Discretionary,Miscellaneous manufacturing industries
CVR,CVR,Chicago Rivet & Machine Co. Common Stock,A, ,N,9999466,,,Industrials,Industrial Machinery/Components
OFAL,OFAL,OFA Group - Class A Ordinary Shares,Q,S,N,9993639,,,Consumer Discretionary,Military/Government/Technical
RVSN,RVSN,Rail Vision Ltd. - Ordinary Shares,Q,S,N,9919642,,,Industrials,Railroads
CGTL,CGTL,Creative Global Technology Holdings Limited - Class A Ordinary Shares,Q,S,N,9839813,,,Technology,Retail: Computer Software & Peripheral Equipment
AWX,AWX,Avalon Holdings Corporation Common Stock,A, ,N,9826566,,,Utilities,Environmental Services
MTEN,MTEN,Mingteng International Corporation Inc. - Class A Ordinary Shares,Q,S,N,9775390,,,Industrials,Building Products
HCWB,HCWB,HCW Biologics Inc. - Common Stock,Q,S,N,9764451,,,Health Care,Biotechnology: Pharmaceutical Preparations
POAS,POAS,Phaos Technology Holdings (Cayman) Limited Class A Ordinary Shares,A, ,N,9755748,,,Industrials,Industrial Machinery/Components
JBDI,JBDI,JBDI Holdings Limited - Ordinary Shares,Q,S,N,9706726,,,,
SMX,SMX,SMX (Security Matters) Public Limited Company - Ordinary Shares,Q,S,N,9639500,,,Technology,Industrial Machinery/Components
KAPA,KAPA,"Kairos Pharma, Ltd. Common Stock",A, ,N,9635039,,,Health Care,Biotechnology: Pharmaceutical Preparations
MSAI,MSAI,"MultiSensor AI Holdings, Inc. - Common Stock",Q,S,N,9632700,,,Technology,Electronic Components
HTOO,HTOO,Fusion Fuel Green PLC - Ordinary Shares,Q,S,N,9595751,,,Energy,Industrial Machinery/Components
YHGJ,YHGJ,Yunhong Green CTI Ltd. - Common Stock,Q,S,N,9549833,,,Industrials,Specialty Chemicals
APM,APM,Aptorum Group Limited - Class A Ordinary Shares,Q,S,N,9528196,,,Health Care,Biotechnology: Pharmaceutical Preparations
ARBB,ARBB,ARB IOT Group Limited - Ordinary Shares,Q,S,N,9497077,,,Technology,EDP Services
SLAI,SLAI,SOLAI Limited American Depositary Shares (each representing one hundred (100) Class A Ordinary Shares),N, ,N,9490081,,,Technology,EDP Services
ADXN,ADXN,Addex Therapeutics Ltd - American Depositary Shares,Q,S,N,9486561,,,Health Care,Biotechnology: Pharmaceutical Preparations
CETY,CETY,"Clean Energy Technologies, Inc. - Common Stock",Q,S,N,9367902,,,Consumer Discretionary,Metal Fabrications
MRM,MRM,MEDIROM Healthcare Technologies Inc. - American Depositary Share,Q,S,N,9324301,,,Consumer Discretionary,Other Consumer Services
SFHG,SFHG,Samfine Creation Holdings Group Limited - Class A Ordinary Share,Q,S,N,9297400,,,Consumer Discretionary,Publishing
CMCT,CMCT,Creative Media  - Common Stock,Q,S,N,9289836,,,Real Estate,Real Estate Investment Trusts
CSAI,CSAI,"Cloudastructure, Inc. - Class A Common Stock",Q,S,N,9224410,,,Technology,Computer Software: Programming Data Processing
BRTX,BRTX,"BioRestorative Therapies, Inc. - Common Stock",Q,S,N,9223098,,,Health Care,Managed Health Care
QNRX,QNRX,"Quoin Pharmaceuticals, Ltd. - American Depositary Shares",Q,S,N,9178466,,,Health Care,Medical/Dental Instruments
ETS,ETS,Elite Express Holding Inc. - Class A Common Stock,Q,S,N,9144020,,,Industrials,Trucking Freight/Courier Services
KXIN,KXIN,Kaixin Holdings - Ordinary Shares,Q,S,N,9141340,,,Consumer Discretionary,Retail-Auto Dealers and Gas Stations
DTSS,DTSS,Datasea Intelligent Technology Ltd. - Class A Ordinary Shares,Q,S,N,9123499,,,Technology,Computer Software: Prepackaged Software
GXAI,GXAI,Gaxos.ai Inc. - Common Stock,Q,S,N,9118020,,,Technology,Computer Software: Prepackaged Software
APRE,APRE,"Aprea Therapeutics, Inc. - Common Stock",Q,S,N,9092672,,,Health Care,Biotechnology: Pharmaceutical Preparations
NCL,NCL,Northann Corp. Common Stock,A, ,N,9080891,,,Industrials,Plastic Products
BOLT,BOLT,"Bolt Biotherapeutics, Inc. - Common Stock",Q,S,N,9069796,,,Health Care,Biotechnology: Pharmaceutical Preparations
AMOD,AMOD,"Alpha Modus Holdings, Inc. - Class A Common Stock",Q,S,N,8965070,,,Miscellaneous,Multi-Sector Companies
SINT,SINT,"SiNtx Technologies, Inc. - Common Stock",Q,S,N,8940908,,,Health Care,Medical/Dental Instruments
AIDX,AIDX,"20/20 Biolabs, Inc. - Common Stock",Q,S,N,8940212,,,Health Care,Precision Instruments
WETO,WETO,Wetour Robotics Limited - Ordinary Shares,Q,S,N,8938000,,,Industrials,Other Transportation
VRME,VRME,"VerifyMe, Inc. - Common Stock",Q,S,N,8926212,,,Technology,EDP Services
LIQT,LIQT,"LiqTech International, Inc. - Common Stock",Q,S,N,8884417,,,Technology,Industrial Machinery/Components
CLRO,CLRO,"ClearOne, Inc. - Common Stock",Q,S,N,8882368,,,Utilities,Telecommunications Equipment
HCAI,HCAI,"Huachen AI Parking Management Technology Holding Co., Ltd. - Class A Ordinary Shares",Q,S,N,8811816,,,Consumer Discretionary,Miscellaneous manufacturing industries
RAY,RAY,Raytech Holding Limited - Ordinary Shares,Q,S,N,8801362,,,Consumer Discretionary,Consumer Electronics/Appliances
WKSP,WKSP,"Worksport, Ltd. - Common Stock",Q,S,N,8784610,,,Consumer Discretionary,Auto Parts:O.E.M.
HWH,HWH,HWH International Inc. - Common Stock,Q,S,N,8747388,,,Health Care,Other Pharmaceuticals
IOTR,IOTR,iOThree Limited - Ordinary Shares,Q,S,N,8721003,,,Consumer Discretionary,Telecommunications Equipment
CURX,CURX,Curanex Pharmaceuticals Inc - Common Stock,Q,S,N,8659777,,,Health Care,Biotechnology: Pharmaceutical Preparations
INEO,INEO,INNEOVA Holdings Limited - Class A Ordinary Shares,Q,S,N,8659369,,,Consumer Discretionary,Motor Vehicles
YYAI,YYAI,AiRWA Inc. - Common Stock,Q,S,N,8639200,,,Consumer Discretionary,Recreational Games/Products/Toys
ITOC,ITOC,iTonic Holdings Ltd - Class A Ordinary Shares,Q,S,N,8622185,,,Health Care,Biotechnology: Electromedical & Electrotherapeutic Apparatus
ERNA,ERNA,Ernexa Therapeutics Inc. - Common Stock,Q,S,N,8619201,,,Health Care,Biotechnology: Pharmaceutical Preparations
ASBP,ASBP,"Aspire Biopharma Holdings, Inc.  - Common Stock",Q,S,N,8613306,,,Health Care,Biotechnology: Pharmaceutical Preparations
AMS,AMS,American Shared Hospital Services Common Stock,A, ,N,8612500,,,Health Care,Medical Specialities
AIM,AIM,AIM ImmunoTech Inc. Common Stock,A, ,N,8564704,,,Health Care,Biotechnology: Biological Products (No Diagnostic Substances)
DSY,DSY,Big Tree Cloud Holdings Limited - Class A Ordinary Shares,Q,S,N,8553370,,,Consumer Discretionary,Containers/Packaging
SNES,SNES,"SenesTech, Inc. - Common Stock",Q,S,N,8538516,,,Industrials,Agricultural Chemicals
NCNA,NCNA,NuCana plc - American Depositary Shares,Q,S,N,8532041,,,Health Care,Biotechnology: Pharmaceutical Preparations
IFBD,IFBD,"Infobird Co., Ltd - Ordinary Shares",Q,S,N,8516117,,,Technology,Computer Software: Prepackaged Software
IMNN,IMNN,"Imunon, Inc. - Common Stock",Q,S,N,8446257,,,Health Care,Biotechnology: Pharmaceutical Preparations
TKLF,TKLF,"Tokyo Lifestyle Co., Ltd. - American Depositary Shares",Q,S,N,8423234,,,Consumer Discretionary,Other Specialty Stores
SKYQ,SKYQ,Sky Quarry Inc. - Common Stock,Q,S,N,8390631,,,Industrials,Environmental Services
JUNS,JUNS,"Jupiter Neurosciences, Inc. - Common Stock",Q,S,N,8380969,,,Health Care,Biotechnology: Pharmaceutical Preparations
ACON,ACON,"Aclarion, Inc. - Common Stock",Q,S,N,8273160,,,Health Care,Medical Specialities
MSN,MSN,Emerson Radio Corporation Common Stock,A, ,N,8175070,,,Consumer Staples,Consumer Electronics/Appliances
CYAB,CYAB,"Cyabra, Inc. - Common Stock",Q,G,N,8098161,,,Technology,Computer Software: Prepackaged Software
AIXI,AIXI,XIAO-I Corporation - American Depositary Shares,Q,G,N,8093183,,,Technology,Computer Software: Prepackaged Software
KITT,KITT,"Nauticus Robotics, Inc. - Common stock",Q,S,N,8054709,,,Industrials,Industrial Machinery/Components
IMRN,IMRN,Immuron Limited - American Depositary Shares,Q,S,N,8046599,,,Health Care,Biotechnology: Pharmaceutical Preparations
CELZ,CELZ,"Creative Medical Technology Holdings, Inc. - Common Stock",Q,S,N,8019552,,,Finance,Finance: Consumer Services
VSEE,VSEE,"VSee Health, Inc. - Common Stock",Q,S,N,8004325,,,Health Care,Medical/Nursing Services
INTJ,INTJ,Intelligent Group Limited - Class A Ordinary Shares,Q,S,N,7994990,,,Consumer Discretionary,Professional Services
AMZE,AMZE,"Amaze Holdings, Inc. Common Stock",A, ,N,7936109,,,Consumer Staples,Beverages (Production/Distribution)
AKAN,AKAN,Akanda Corp. - Common Shares,Q,S,N,7829224,,,Health Care,Medicinal Chemicals and Botanical Products
JCSE,JCSE,JE Cleantech Holdings Limited - Ordinary Shares,Q,S,N,7826553,,,Consumer Discretionary,Miscellaneous manufacturing industries
MYSE,MYSE,"Myseum.AI, Inc. - Common Stock",Q,S,N,7814467,,,Telecommunications,Telecommunications Equipment
PBM,PBM,Psyence Biomedical Ltd. - Common Shares,Q,S,N,7806010,,,Health Care,Biotechnology: Pharmaceutical Preparations
VS,VS,Versus Systems Inc. - Common Stock,Q,S,N,7793666,,,Technology,EDP Services
GCDT,GCDT,Green Circle Decarbonize Technology Limited Ordinary Shares,A, ,N,7765000,,,Industrials,Industrial Machinery/Components
DFSC,DFSC,"DEFSEC Technologies Inc. - common stock, no R/S concurrent with offering",Q,S,N,7735269,,,Technology,Computer Software: Prepackaged Software
NCPL,NCPL,Netcapital Inc. - Common Stock,Q,S,N,7733320,,,Finance,Finance: Consumer Services
PHGE,PHGE,BiomX Inc. COmmon Stock,A, ,N,7683957,,,Health Care,Biotechnology: Biological Products (No Diagnostic Substances)
OLOX,OLOX,Olenox Industries Inc. - Common Stock,Q,S,N,7658724,,,Consumer Discretionary,RETAIL: Building Materials
DLXY,DLXY,Delixy Holdings Limited - Class A Ordinary Shares,Q,S,N,7637085,,,Energy,Oil Refining/Marketing
WAFU,WAFU,Wah Fu Education Group Limited - Ordinary Shares,Q,S,N,7635560,,,Real Estate,Other Consumer Services
LHSW,LHSW,Lianhe Sowell International Group Ltd - Class A Ordinary Shares,Q,S,N,7634000,,,Technology,Computer Software: Prepackaged Software
MSGY,MSGY,Masonglory Limited - Ordinary Shares,Q,S,N,7571200,,,,
YCBD,YCBD,"cbdMD, Inc. Common Stock",A, ,N,7558502,,,Consumer Discretionary,Package Goods/Cosmetics
PMCB,PMCB,"PharmaCyte  Biotech, Inc. - Common Stock",Q,S,N,7514954,,,Health Care,Biotechnology: Biological Products (No Diagnostic Substances)
ILAG,ILAG,Intelligent Living Application Group Inc. - Ordinary Shares,Q,S,N,7502144,,,Consumer Discretionary,Office Equipment/Supplies/Services
SONM,SONM,"DNA X, Inc. - Common Stock",Q,S,N,7456223,,,Utilities,Telecommunications Equipment
CWD,CWD,CaliberCos Inc. - Class A Common Stock,Q,S,N,7425788,,,Finance,Real Estate
FMFC,FMFC,Kandal M Venture Limited - Class A ordinary Shares,Q,S,N,7422384,,,Consumer Discretionary,Apparel
CNEY,CNEY,CN Energy Group Inc. - Class A Ordinary Shares,Q,S,N,7382976,,,Industrials,Major Chemicals
DTST,DTST,Data Storage Corporation - Common Stock,Q,S,N,7368269,,,Technology,EDP Services
SYNX,SYNX,Silynxcom Ltd. Ordinary Shares,A, ,N,7364228,,,Consumer Staples,Consumer Electronics/Appliances
HCWC,HCWC,Healthy Choice Wellness Corp. Class A Common Stock,A, ,N,7359811,,,Consumer Staples,Food Chains
SOAR,SOAR,"Volato Group, Inc. Class A Common Stock",A, ,N,7354953,,,Consumer Discretionary,Transportation Services
AMST,AMST,Amesite Inc. - Common Stock,Q,S,N,7316231,,,Technology,Computer Software: Prepackaged Software
GLE,GLE,Global Engine Group Holding Limited - Class A Ordinary Shares,Q,S,N,7301700,,,Technology,EDP Services
SNGX,SNGX,"Soligenix, Inc. - Common Stock",Q,S,N,7293072,,,Health Care,Biotechnology: Pharmaceutical Preparations
MIMI,MIMI,Mint Incorporation Limited - Class A Ordinary Shares,Q,S,N,7267975,,,Consumer Discretionary,Business Services
ORKT,ORKT,Orangekloud Technology Inc. - Class A Ordinary Shares,Q,S,N,7241315,,,Technology,Computer Software: Prepackaged Software
ELAB,ELAB,PMGC Holdings Inc. - Common Stock,Q,S,N,7224564,,,Health Care,Biotechnology: Pharmaceutical Preparations
CYCU,CYCU,"Cycurion, Inc. - Common Stock",Q,G,N,7223349,,,Technology,EDP Services
BIAF,BIAF,"bioAffinity Technologies, Inc. - Common Stock",Q,S,N,7197880,,,Health Care,Biotechnology: Commercial Physical & Biological Resarch
MTR,MTR,Mesa Royalty Trust Common Stock,N, ,N,7174822,,,Energy,Oil & Gas Production
BTBD,BTBD,"BT Brands, Inc. - Common Stock",Q,S,N,7174280,,,Consumer Discretionary,Restaurants
CNSP,CNSP,"CNS Pharmaceuticals, Inc. - Common Stock",Q,S,N,7146486,,,Health Care,Biotechnology: Pharmaceutical Preparations
IPDN,IPDN,"Professional Diversity Network, Inc. - Common Stock",Q,S,N,7145818,,,Technology,Computer Software: Programming Data Processing
TGL,TGL,Treasure Global Inc. - Common Stock,Q,S,N,7138589,,,Consumer Discretionary,Business Services
GNPX,GNPX,"Genprex, Inc. - Common Stock",Q,S,N,7103476,,,Health Care,Biotechnology: Pharmaceutical Preparations
SCKT,SCKT,"Socket Mobile, Inc. - Common Stock",Q,S,N,7087224,,,Technology,Computer Manufacturing
XBIO,XBIO,"Xenetic Biosciences, Inc. - Common Stock",Q,S,N,7079363,,,Health Care,Biotechnology: Pharmaceutical Preparations
ORGN,ORGN,"Origin Materials, Inc. - Class A Common Stock",Q,S,N,7043546,,,Industrials,Major Chemicals
JCTC,JCTC,Jewett-Cameron Trading Company - Common Shares,Q,S,N,7040226,,,Consumer Discretionary,RETAIL: Building Materials
TANH,TANH,Tantech Holdings Ltd. - Class A Common Shares,Q,S,N,7010638,,,Industrials,Major Chemicals
GOVX,GOVX,"GeoVax Labs, Inc. - Common Stock",Q,S,N,6982023,,,Health Care,Biotechnology: Pharmaceutical Preparations
ACXP,ACXP,"Acurx Pharmaceuticals, Inc. - Common Stock",Q,S,N,6962336,,,Health Care,Biotechnology: Pharmaceutical Preparations
OXBR,OXBR,Oxbridge Re Holdings Limited - Ordinary Shares,Q,S,N,6922624,,,Finance,Property-Casualty Insurers
AUUD,AUUD,Auddia Inc. - Common Stock,Q,S,N,6919625,,,Technology,EDP Services
AMBO,AMBO,Ambow Education Holding Ltd. American Depository Shares (each representing twenty (20) Class A Ordinary Shares),A, ,N,6864773,,,Real Estate,Other Consumer Services
ALP,ALP,Alpha Compute Corp  - Common Stock,Q,S,N,6847587,,,Energy,Oil & Gas Production
CREG,CREG,Smart Powerr Corp. - Common Stock,Q,S,N,6841820,,,Consumer Discretionary,Business Services
NVNO,NVNO,enVVeno Medical Corporation - Common Stock,Q,S,N,6816900,,,Health Care,Medical/Dental Instruments
RMSG,RMSG,Real Messenger Corporation - Ordinary Shares,Q,S,N,6813144,,,Technology,Computer Software: Programming Data Processing
IQST,IQST,iQSTEL Inc. - Common Stock,Q,S,N,6803305,,,Telecommunications,Telecommunications Equipment
GITS,GITS,"Global Interactive Technologies, Inc. Common Stock - Common Stock",Q,S,N,6797285,,,Technology,Computer Software: Programming Data Processing
SNTG,SNTG,Sentage Holdings Inc. - Class A Ordinary Shares,Q,S,N,6788887,,,Finance,Finance: Consumer Services
TNON,TNON,"Tenon Medical, Inc. - Common Stock",Q,S,N,6780086,,,Health Care,Medical/Dental Instruments
FBGL,FBGL,FBS Global Limited - Ordinary Shares,Q,S,N,6730776,,,Consumer Discretionary,Miscellaneous manufacturing industries
SOS,SOS,SOS Limited Class A Ordinary Shares,N, ,N,6725935,,,Finance,Finance: Consumer Services
CUPR,CUPR,Cuprina Holdings (Cayman) Limited - Class A Ordinary shares,Q,S,N,6703125,,,Health Care,Biotechnology: Pharmaceutical Preparations
GDC,GDC,GD Culture Group Limited - Common Stock,Q,S,N,6683568,,,Industrials,Steel/Iron Ore
GLXG,GLXG,Galaxy Payroll Group Limited - Class A Ordinary Shares,Q,S,N,6676897,,,Industrials,Diversified Commercial Services
PCSA,PCSA,"Processa Pharmaceuticals, Inc. - Common Stock",Q,S,N,6655419,,,Health Care,Biotechnology: Pharmaceutical Preparations
RGNT,RGNT,Regentis Biomaterials Ltd. Ordinary Shares,A, ,N,6629604,,,Health Care,Biotechnology: Pharmaceutical Preparations
CANF,CANF,"Can-Fite Biopharma Ltd American Depositary Shares, each representing two (2) Ordinary Shares",A, ,N,6599045,,,Health Care,Biotechnology: Pharmaceutical Preparations
OLB,OLB,"The OLB Group, Inc. - Common Stock",Q,S,N,6596286,,,Consumer Discretionary,Business Services
POLA,POLA,"Polar Power, Inc. - Common Stock",Q,S,N,6588688,,,Miscellaneous,Industrial Machinery/Components
MASK,MASK,3 E Network Technology Group Ltd - Class A Ordinary Shares,Q,S,N,6580589,,,Technology,EDP Services
ADVB,ADVB,Advanced Biomed Inc. - Common Stock,Q,S,N,6509404,,,Health Care,Medical Specialities
MEGL,MEGL,Magic Empire Global Limited - Class A Ordinary Shares,Q,S,N,6445016,,,Finance,Finance: Consumer Services
ENVB,ENVB,"Enveric Biosciences, Inc.  - Common Stock",Q,S,N,6443297,,,Health Care,Biotechnology: Pharmaceutical Preparations
CENN,CENN,Cenntro Inc. - Common Stock,Q,S,N,6433334,,,Industrials,Auto Manufacturing
BMRA,BMRA,"Biomerica, Inc. - Common Stock",Q,S,N,6396857,,,Health Care,Biotechnology: In Vitro & In Vivo Diagnostic Substances
LCFY,LCFY,Locafy Limited - Ordinary Share,Q,S,N,6386645,,,Technology,Computer Software: Programming Data Processing
LIMN,LIMN,"Liminatus Pharma, Inc. - Class A Common Stock",Q,G,N,6327746,,,,
MGRX,MGRX,"Mangoceuticals, Inc. - Common Stock",Q,S,N,6231774,,,Health Care,Misc Health and Biotechnology Services
MWG,MWG,Multi Ways Holdings Limited Class A Ordinary Shares,A, ,N,6170429,,,Consumer Discretionary,Miscellaneous manufacturing industries
EDHL,EDHL,Everbright Digital Holding Limited - Ordinary Shares,Q,S,N,6165218,,,Consumer Discretionary,Advertising
WAI,WAI,Top KingWin Ltd - Class A Ordinary Shares,Q,S,N,6147076,,,Consumer Discretionary,Business Services
APVO,APVO,Aptevo Therapeutics Inc. - Common Stock,Q,S,N,6093453,,,Health Care,Biotechnology: Pharmaceutical Preparations
SSM,SSM,Sono Group N.V. - Ordinary Shares,Q,S,N,6084041,,,Industrials,Auto Manufacturing
EVGN,EVGN,Evogene Ltd. - Ordinary Shares,Q,S,N,6070641,,,Industrials,Agricultural Chemicals
MITQ,MITQ,"Moving iMage Technologies, Inc. Common Stock",A, ,N,6064054,,,Consumer Discretionary,Industrial Machinery/Components
GURE,GURE,"Gulf Resources, Inc. - Common Stock",Q,S,N,6034962,,,Industrials,Major Chemicals
CLIK,CLIK,Click Holdings Limited - Ordinary Share,Q,S,N,6003981,,,Consumer Discretionary,Diversified Commercial Services
SPRC,SPRC,SciSparc Ltd. - Ordinary Shares,Q,S,N,5973192,,,Health Care,Biotechnology: Pharmaceutical Preparations
JYD,JYD,Jayud Global Logistics Limited - Class A Ordinary Shares,Q,S,N,5897198,,,Industrials,Integrated Freight & Logistics
CDIO,CDIO,Cardio Diagnostics Holdings Inc. - Common stock,Q,S,N,5889343,,,Health Care,Biotechnology: In Vitro & In Vivo Diagnostic Substances
LUCY,LUCY,"Innovative Eyewear, Inc. - Common Stock",Q,S,N,5865174,,,Health Care,Ophthalmic Goods
HSCS,HSCS,HeartSciences Inc. - Common Stock,Q,S,N,5859848,,,Health Care,Industrial Specialties
EEIQ,EEIQ,EpicQuest Education Group International Limited - Common Stock,Q,S,N,5845512,,,Real Estate,Other Consumer Services
FTFT,FTFT,Future FinTech Group Inc. - Common Stock,Q,S,N,5836220,,,Consumer Discretionary,Business Services
CETX,CETX,Cemtrex Inc. - Common Stock,Q,S,N,5827839,,,Technology,Electrical Products
JWEL,JWEL,Jowell Global Ltd. - Ordinary Shares,Q,S,N,5821521,,,Consumer Discretionary,Other Consumer Services
INBS,INBS,Intelligent Bio Solutions Inc.  - Common Stock,Q,S,N,5740430,,,Health Care,Medical/Dental Instruments
MSS,MSS,Maison Solutions Inc. - Class A Common Stock,Q,S,N,5706990,,,Consumer Staples,Food Chains
XHLD,XHLD,"TEN Holdings, Inc. - Common Stock",Q,S,N,5686353,,,Consumer Discretionary,Business Services
DXST,DXST,Decent Holding Inc. - Class A Ordinary Shares,Q,S,N,5681272,,,Industrials,Miscellaneous
EJH,EJH,E-Home Household Service Holdings Limited - Ordinary shares,Q,S,N,5600270,,,Consumer Discretionary,Other Consumer Services
AIHS,AIHS,Senmiao Technology Limited - Common Stock,Q,S,N,5594318,,,Finance,Finance: Consumer Services
CRE,CRE,Cre8 Enterprise Limited - Class A Ordinary Shares,Q,S,N,5578738,,,Consumer Discretionary,Publishing
BCAB,BCAB,"BioAtla, Inc. - Common Stock",Q,S,N,5493124,,,Health Care,Biotechnology: Biological Products (No Diagnostic Substances)
UZX,UZX,Linkage Global Inc - Class A Ordinary Shares,Q,S,N,5470752,,,Consumer Discretionary,Catalog/Specialty Distribution
HXHX,HXHX,Haoxin Holdings Limited - Class A Ordinary Shares,Q,S,N,5461500,,,Industrials,Trucking Freight/Courier Services
FBLG,FBLG,"FibroBiologics, Inc. - Common Stock",Q,S,N,5453103,,,Health Care,Biotechnology: Pharmaceutical Preparations
XPON,XPON,Expion360 Inc. - Common Stock,Q,S,N,5433192,,,Miscellaneous,Industrial Machinery/Components
BJDX,BJDX,"Bluejay Diagnostics, Inc. - Common Stock",Q,S,N,5411559,,,Health Care,Medical/Dental Instruments
TWAV,TWAV,"TaoWeave, Inc. - Common Stock",Q,S,N,5391592,,,Technology,Computer Software: Programming Data Processing
GP,GP,GreenPower Motor Company Inc. - Common Shares,Q,S,N,5381341,,,Consumer Discretionary,Construction/Ag Equipment/Trucks
CLGN,CLGN,CollPlant Biotechnologies Ltd. - Ordinary Shares,Q,S,N,5333597,,,Health Care,Industrial Specialties
CTNT,CTNT,Cheetah Net Supply Chain Service Inc. - Class A Common Stock,Q,S,N,5326904,,,Consumer Discretionary,Motor Vehicles
AGRZ,AGRZ,Agroz Inc. - Ordinary Shares,Q,S,N,5310106,,,Consumer Staples,Farming/Seeds/Milling
NDRA,NDRA,ENDRA Life Sciences Inc. - Common Stock,Q,S,N,5298007,,,Health Care,Biotechnology: Electromedical & Electrotherapeutic Apparatus
RDHL,RDHL,Redhill Biopharma Ltd. - American Depositary Shares,Q,S,N,5295085,,,Health Care,Biotechnology: Pharmaceutical Preparations
BGLC,BGLC,BioNexus Gene Lab Corp - Common stock,Q,S,N,5293918,,,Health Care,Medical Specialities
XTLB,XTLB,XTL Biopharmaceuticals Ltd. - American Depositary Shares,Q,S,N,5275306,,,Health Care,Biotechnology: Pharmaceutical Preparations
CHNR,CHNR,"China Natural Resources, Inc. - Common Shares",Q,S,N,5253521,,,Basic Materials,Precious Metals
MTNB,MTNB,"Matinas Biopharma Holdings, Inc. Common Stock",A, ,N,5253077,,,Health Care,Biotechnology: Pharmaceutical Preparations
XAIR,XAIR,"Beyond Air, Inc. - Common Stock",Q,S,N,5205270,,,Health Care,Medical/Dental Instruments
PULM,PULM,"Pulmatrix, Inc. - Common Stock",Q,S,N,5186245,,,Health Care,Biotechnology: Pharmaceutical Preparations
MLEC,MLEC,Moolec Science SA - Ordinary Shares,Q,S,N,5184483,,,Finance,Blank Checks
SBFM,SBFM,Sunshine Biopharma Inc. - Common stock,Q,S,N,5160433,,,Health Care,Biotechnology: Pharmaceutical Preparations
GELS,GELS,Gelteq Limited - Ordinary Shares,Q,S,N,5142379,,,Health Care,Biotechnology: Pharmaceutical Preparations
AZI,AZI,Autozi Internet Technology (Global) Ltd. - Class A Ordinary Shares,Q,S,N,5141988,,,Consumer Discretionary,Automotive Aftermarket
RTB,RTB,"RTB Digital, Inc. - Common Stock",Q,S,N,5111226,,,Consumer Discretionary,Professional Services
WLDS,WLDS,Wearable Devices Ltd. - Ordinary Share,Q,S,N,5083365,,,Telecommunications,Computer Communications Equipment
NXGL,NXGL,"NexGel, Inc - Common Stock",Q,S,N,5031211,,,Health Care,Medical/Dental Instruments
BNZI,BNZI,"Banzai International, Inc. - Class A Common Stock",Q,S,N,4995390,,,Technology,Computer Software: Prepackaged Software
AQB,AQB,"AquaBounty Technologies, Inc. - Common Stock",Q,S,N,4992788,,,Consumer Staples,Meat/Poultry/Fish
SLE,SLE,"Super League Enterprise, Inc. - Common Stock",Q,S,N,4883814,,,Consumer Discretionary,Services-Misc. Amusement & Recreation
TOPS,TOPS,"TOP Ships, Inc. Common Stock",A, ,N,4875561,,,Consumer Discretionary,Marine Transportation
DRMA,DRMA,"Dermata Therapeutics, Inc. - Common Stock",Q,S,N,4866793,,,Health Care,Biotechnology: Pharmaceutical Preparations
YDKG,YDKG,Yueda Digital Holding - Class A Ordinary Share,Q,S,N,4852969,,,Consumer Discretionary,Advertising
RNAZ,RNAZ,"TransCode Therapeutics, Inc. - Common Stock",Q,S,N,4837037,,,Health Care,Biotechnology: Pharmaceutical Preparations
IZM,IZM,ICZOOM Group Inc. - Class A Ordinary Shares,Q,S,N,4836087,,,Consumer Discretionary,Consumer Electronics/Video Chains
FEED,FEED,"ENvue Medical, Inc. - Common Stock",Q,S,N,4813163,,,Health Care,Industrial Specialties
AEMD,AEMD,"Aethlon Medical, Inc. - Common Stock",Q,S,N,4745387,,,Health Care,Medical/Dental Instruments
ADIL,ADIL,"Adial Pharmaceuticals, Inc - Common Stock",Q,S,N,4737402,,,Health Care,Biotechnology: Pharmaceutical Preparations
CHSN,CHSN,Chanson International Holding - Class A Ordinary Shares,Q,S,N,4731723,,,Consumer Staples,Packaged Foods
WBUY,WBUY,WEBUY GLOBAL LTD. - Class A Ordinary Shares,Q,S,N,4724712,,,Consumer Discretionary,Other Specialty Stores
MBIO,MBIO,"Mustang Bio, Inc. - Common Stock",Q,S,N,4713157,,,Health Care,Biotechnology: Pharmaceutical Preparations
NWTG,NWTG,"Newton Golf Company, Inc. - Common Stock",Q,S,N,4637984,,,Consumer Discretionary,Recreational Games/Products/Toys
ARTL,ARTL,"Artelo Biosciences, Inc. - Common Stock",Q,S,N,4635768,,,Health Care,Biotechnology: Pharmaceutical Preparations
MKZR,MKZR,"MacKenzie Realty Capital, Inc. - Common Stock",Q,S,N,4621040,,,Real Estate,Real Estate Investment Trusts
HYFM,HYFM,"Hydrofarm Holdings Group, Inc. - Common Stock",Q,S,N,4609762,,,Consumer Discretionary,Consumer Specialties
HTCR,HTCR,"Heartcore Enterprises, Inc. - Common Stock",Q,S,N,4591385,,,Technology,EDP Services
AMIX,AMIX,"Autonomix Medical, Inc. - Common Stock",Q,S,N,4588838,,,Health Care,Medical/Dental Instruments
HCTI,HCTI,"Healthcare Triangle, Inc. - Common Stock",Q,S,N,4582790,,,Technology,EDP Services
VSTD,VSTD,Vestand Inc.  - Class A Common Stock,Q,S,N,4523544,,,Consumer Discretionary,Restaurants
GMM,GMM,Global Mofy AI Limited  - Class A Ordinary Shares,Q,S,N,4480952,,,Technology,Computer Software: Programming Data Processing
LABT,LABT,Lakewood-Amedex Biotherapeutics Inc. - Common Stock,Q,S,N,4479199,,,Health Care,Biotechnology: Pharmaceutical Preparations
ALZN,ALZN,"Alzamend Neuro, Inc. - Common Stock",Q,S,N,4413500,,,Health Care,Biotechnology: Pharmaceutical Preparations
BAOS,BAOS,Baosheng Media Group Holdings Limited - Ordinary shares,Q,S,N,4388633,,,Consumer Discretionary,Business Services
RENX,RENX,RenX Enterprises Corp. - Common Stock,Q,S,N,4365175,,,Finance,Real Estate
CJMB,CJMB,Callan JMB Inc. - Common Stock,Q,S,N,4330573,,,Consumer Discretionary,Business Services
INM,INM,InMed Pharmaceuticals Inc. - Common Shares,Q,S,N,4318446,,,Health Care,Biotechnology: Pharmaceutical Preparations
WNW,WNW,Meiwu Technology Company Limited - Ordinary Shares,Q,S,N,4310726,,,Consumer Discretionary,Catalog/Specialty Distribution
CIIT,CIIT,"Tianci International, Inc. - Common Stock",Q,S,N,4270310,,,Energy,Oil & Gas Production
SLXN,SLXN,Silexion Therapeutics Corp - Ordinary Shares,Q,S,N,4256544,,,Health Care,Biotechnology: Biological Products (No Diagnostic Substances)
CHR,CHR,"Cheer Holding, Inc.  - Class A Ordinary Share",Q,S,N,4247891,,,Technology,EDP Services
ISPC,ISPC,iSpecimen Inc. - Common Stock,Q,S,N,4239613,,,Health Care,Biotechnology: Commercial Physical & Biological Resarch
DSS,DSS,"DSS, Inc. Common Stock",A, ,N,4216853,,,Consumer Discretionary,Containers/Packaging
AGMH,AGMH,AGM Group Holdings Inc. - Class A Ordinary Shares,Q,S,N,4128739,,,Technology,EDP Services
ALBT,ALBT,Avalon GloboCare Corp. - Common Stock,Q,S,N,4108249,,,Health Care,Biotechnology: Biological Products (No Diagnostic Substances)
LMFA,LMFA,"LM Funding America, Inc. - Common Stock",Q,S,N,4069110,,,Finance,Finance: Consumer Services
GSUN,GSUN,Golden Sun Technology Group Limited - Class A Ordinary Shares,Q,S,N,4062695,,,Real Estate,Other Consumer Services
WCT,WCT,Wellchange Holdings Company Limited - Class A Ordinary shares,Q,S,N,4046233,,,Technology,Computer Software: Prepackaged Software
CAPS,CAPS,Capstone Holding Corp. - Common Stock,Q,S,N,4015038,,,Consumer Discretionary,RETAIL: Building Materials
SVRE,SVRE,SaverOne 2014 Ltd. - American Depositary Shares,Q,S,N,3989209,,,Technology,EDP Services
REVB,REVB,"Revelation Biosciences, Inc. - Common Stock",Q,S,N,3947504,,,Health Care,Biotechnology: Pharmaceutical Preparations
ENSC,ENSC,"Ensysce Biosciences, Inc. - Common Stock",Q,S,N,3887479,,,Health Care,Biotechnology: Pharmaceutical Preparations
BNBX,BNBX,BNB Plus Corp. - Common Stock,Q,S,N,3886503,,,Consumer Discretionary,Other Consumer Services
NOTV,NOTV,"Inotiv, Inc. - Common Stock",Q,S,N,3876073,,,Health Care,Biotechnology: Commercial Physical & Biological Resarch
CMND,CMND,Clearmind Medicine Inc. - Common Shares,Q,S,N,3862135,,,Health Care,Biotechnology: Pharmaceutical Preparations
BQ,BQ,Boqii Holding Limited Class A Ordinary Shares,A, ,N,3857823,,,Consumer Discretionary,Other Specialty Stores
UBXG,UBXG,U-BX Technology Ltd. - Class A Ordinary Shares,Q,S,N,3846087,,,Technology,Computer Software: Programming Data Processing
GRI,GRI,"GRI Bio, Inc. - Common Stock",Q,S,N,3842718,,,Health Care,Biotechnology: Pharmaceutical Preparations
SXTP,SXTP,"60 Degrees Pharmaceuticals, Inc. - Common Stock",Q,S,N,3802782,,,Health Care,Biotechnology: Pharmaceutical Preparations
MNDR,MNDR,Mobile-health Network Solutions - Class A Ordinary Shares,Q,S,N,3797129,,,Technology,Computer Software: Prepackaged Software
CDT,CDT,CDT Equity Inc. - Common Stock,Q,S,N,3765221,,,Health Care,Biotechnology: Pharmaceutical Preparations
NXTS,NXTS,Nexentis Technologies Inc. - Common Stock,Q,S,N,3754559,,,Industrials,Agricultural Chemicals
UGRO,UGRO,"urban-gro, Inc. - Common Stock",Q,S,N,3754100,,,Consumer Discretionary,Industrial Specialties
RAYA,RAYA,Erayak Power Solution Group Inc. - Class A Ordinary Shares,Q,S,N,3733762,,,Consumer Discretionary,Metal Fabrications
GBR,GBR,"New Concept Energy, Inc Common Stock",A, ,N,3733482,,,Energy,Oil & Gas Production
LGHL,LGHL,Lion Group Holding Ltd. - American Depositary Share,Q,S,N,3723801,,,Finance,Investment Bankers/Brokers/Service
ATXG,ATXG,Addentax Group Corp. - Common Stock,Q,S,N,3678618,,,Consumer Discretionary,Professional Services
PW,PW,Power REIT (MD) Common Stock,A, ,N,3664925,,,Real Estate,Real Estate Investment Trusts
MI,MI,NFT Limited Class A Ordinary Share,A, ,N,3614931,,,Consumer Discretionary,Other Specialty Stores
ABTS,ABTS,Abits Group Inc - Ordinary Shares,Q,S,N,3583351,,,Technology,Computer Software: Programming Data Processing
ICON,ICON,Icon Energy Corp. - Common stock,Q,S,N,3503335,,,Consumer Discretionary,Marine Transportation
OCG,OCG,Oriental Culture Holding LTD - Ordinary Shares,Q,S,N,3488962,,,Consumer Discretionary,Other Consumer Services
SBEV,SBEV,"Splash Beverage Group, Inc. (NV) Common Stock",A, ,N,3467066,,,Consumer Staples,Beverages (Production/Distribution)
EZGO,EZGO,EZGO Technologies Ltd. - Ordinary Shares,Q,S,N,3435790,,,Consumer Discretionary,Motor Vehicles
PMAX,PMAX,Powell Max Limited - Class A Ordinary Shares,Q,S,N,3430666,,,Consumer Discretionary,Other Consumer Services
CLDI,CLDI,"Calidi Biotherapeutics, Inc. Common Stock",A, ,N,3379534,,,Health Care,Biotechnology: Biological Products (No Diagnostic Substances)
GCTK,GCTK,"GlucoTrack, Inc. - Common Stock",Q,S,N,3373751,,,Health Care,Medical/Dental Instruments
XRTX,XRTX,XORTX Therapeutics Inc. - Common Shares,Q,S,N,3372434,,,Health Care,Biotechnology: Pharmaceutical Preparations
FRSX,FRSX,Foresight Autonomous Holdings Ltd. - American Depositary Shares,Q,S,N,3355486,,,Technology,Computer Software: Prepackaged Software
EHGO,EHGO,Eshallgo Inc. - Class A Ordinary Shares,Q,S,N,3337264,,,Consumer Discretionary,Diversified Commercial Services
HIHO,HIHO,Highway Holdings Limited - Common Stock,Q,S,N,3332642,,,Industrials,Metal Fabrications
ZCMD,ZCMD,Zhongchao Inc. - Class A Ordinary Shares,Q,S,N,3332421,,,Real Estate,Other Consumer Services
DCOY,DCOY,Decoy Therapeutics Inc. - Common Stock,Q,S,N,3324800,,,Health Care,Biotechnology: Pharmaceutical Preparations
AZTR,AZTR,Azitra Inc Common Stock,A, ,N,3306496,,,Health Care,Biotechnology: Pharmaceutical Preparations
VEEE,VEEE,Twin Vee PowerCats Co. - Common Stock,Q,S,N,3218326,,,Industrials,Marine Transportation
SQFT,SQFT,"Presidio Property Trust, Inc. - Class A Common Stock",Q,S,N,3183021,,,Real Estate,Real Estate Investment Trusts
IVDA,IVDA,"Iveda Solutions, Inc. - Common Stock",Q,S,N,3180396,,,Technology,Computer Software: Prepackaged Software
ITP,ITP,"IT Tech Packaging, Inc. Common Stock",A, ,N,3177623,,,Consumer Discretionary,Containers/Packaging
PPCB,PPCB,"Propanc Biopharma, Inc. - Common Stock",Q,S,N,3121368,,,Health Care,Biotechnology: Pharmaceutical Preparations
VIVS,VIVS,"VivoSim Labs, Inc. - Common Stock",Q,S,N,3103475,,,Health Care,Biotechnology: Biological Products (No Diagnostic Substances)
SNYR,SNYR,Synergy CHC Corp. - Common Stock,Q,S,N,3097686,,,Health Care,Other Pharmaceuticals
GLMD,GLMD,Galmed Pharmaceuticals Ltd. - Ordinary Shares,Q,S,N,3097218,,,Health Care,Biotechnology: Pharmaceutical Preparations
NVVE,NVVE,Nuvve Holding Corp. - Common Stock,Q,S,N,3096599,,,Industrials,Electrical Products
ATPC,ATPC,Agape ATP Corporation - Common Stock,Q,S,N,3051909,,,Health Care,Medical/Nursing Services
NCT,NCT,Intercont (Cayman) Limited - Class A Ordinary shares,Q,S,N,2999655,,,Consumer Discretionary,Restaurants
RBNE,RBNE,Robin Energy Ltd. - Common Stock,Q,S,N,2969106,,,Consumer Discretionary,Marine Transportation
JEM,JEM,707 Cayman Holdings Limited - Ordinary Shares,Q,S,N,2945073,,,Consumer Discretionary,Clothing/Shoe/Accessory Stores
LNKS,LNKS,Linkers Industries Limited - Class A Ordinary Shares,Q,S,N,2875837,,,Technology,Electrical Products
ONFO,ONFO,Onfolio Holdings Inc. - Common Stock,Q,S,N,2871541,,,Technology,EDP Services
HKIT,HKIT,Hitek Global Inc. - Class A Ordinary Share,Q,S,N,2844408,,,Technology,Computer Software: Prepackaged Software
SHPH,SHPH,"Shuttle Pharmaceuticals Holdings, Inc. - common stock",Q,S,N,2833195,,,Health Care,Biotechnology: Pharmaceutical Preparations
GWAV,GWAV,"Greenwave Technology Solutions, Inc. - Common Stock",Q,S,N,2820745,,,Industrials,Metal Fabrications
BOXL,BOXL,Boxlight Corporation - Class A Common Stock,Q,S,N,2796793,,,Real Estate,Other Consumer Services
FLYE,FLYE,"Fly-E Group, Inc. - Common Stock",Q,S,N,2783218,,,Industrials,Aerospace
VTAK,VTAK,"Catheter Precision, Inc. Common Stock",A, ,N,2746322,,,Health Care,Medical/Dental Instruments
VSA,VSA,VisionSys AI Inc. - American Depositary Shares,Q,S,N,2740846,,,Real Estate,Other Consumer Services
DAIC,DAIC,"CID HoldCo, Inc. - Common Stock",Q,G,N,2735466,,,Technology,EDP Services
OGEN,OGEN,Oragenics Inc. Common Stock,A, ,N,2727027,,,Health Care,Biotechnology: Pharmaceutical Preparations
BNRG,BNRG,Brenmiller Energy Ltd - Ordinary Shares,Q,S,N,2726104,,,Industrials,Building Products
PPBT,PPBT,Purple Biotech Ltd. - American Depositary Shares,Q,S,N,2722240,,,Health Care,Biotechnology: Pharmaceutical Preparations
VIVK,VIVK,"Vivakor, Inc. - Common Stock",Q,S,N,2706258,,,,
ORIS,ORIS,Oriental Rise Holdings Limited - Ordinary Shares,Q,S,N,2677584,,,Consumer Staples,Farming/Seeds/Milling
CNET,CNET,ZW Data Action Technologies Inc. - Common Stock,Q,S,N,2605685,,,Technology,Computer Software: Programming Data Processing
SGLY,SGLY,Singularity Future Technology Ltd. - Common Stock,Q,S,N,2581896,,,Industrials,Integrated Freight & Logistics
MYSZ,MYSZ,"My Size, Inc. - Common Stock",Q,S,N,2553145,,,Technology,Computer Software: Prepackaged Software
FRGT,FRGT,"Freight Technologies, Inc. - Ordinary Shares",Q,S,N,2517350,,,Consumer Discretionary,Professional Services
BTOG,BTOG,Bit Origin Limited - Class A Ordinary Shares,Q,S,N,2510631,,,Finance,Finance: Consumer Services
VBIO,VBIO,"Valion Bio, Inc. - Common stock",Q,S,N,2448630,,,Health Care,Biotechnology: Electromedical & Electrotherapeutic Apparatus
IPST,IPST,"IP Strategy Holdings, Inc. - Common Stock",Q,S,N,2446149,,,Consumer Staples,Beverages (Production/Distribution)
RPGL,RPGL,Republic Power Group Limited - Class A Ordinary Shares,Q,S,N,2430587,,,Technology,Computer Software: Prepackaged Software
SOBR,SOBR,"SOBR Safe, Inc. - Common Stock",Q,S,N,2378014,,,Consumer Discretionary,Newspapers/Magazines
SHFS,SHFS,"SHF Holdings, Inc. - Class A Common Stock",Q,S,N,2360239,,,Finance,Finance: Consumer Services
UPC,UPC,Universe Pharmaceuticals Inc - Class A Ordinary Shares,Q,S,N,2347052,,,Health Care,Biotechnology: Pharmaceutical Preparations
IVF,IVF,"INVO Fertility, Inc. - Common Stock",Q,S,N,2321846,,,Health Care,Medical/Dental Instruments
LXEH,LXEH,"Lixiang Education Holding Co., Ltd. - American Depositary Shares",Q,G,N,2319167,,,Real Estate,Other Consumer Services
XXII,XXII,"22nd Century Group, Inc - Common Stock",Q,S,N,2298669,,,Health Care,Medicinal Chemicals and Botanical Products
MGN,MGN,Megan Holdings Limited - Class A Ordinary Shares,Q,S,N,2258750,,,Consumer Staples,Farming/Seeds/Milling
BBLG,BBLG,Bone Biologics Corp - Common Stock,Q,S,N,2244075,,,Health Care,Industrial Specialties
DRCT,DRCT,"Direct Digital Holdings, Inc. - Class A Common Stock",Q,S,N,2200473,,,Consumer Discretionary,Advertising
IPW,IPW,iPower Inc. - Common Stock,Q,S,N,2188704,,,Consumer Discretionary,RETAIL: Building Materials
IBG,IBG,Innovation Beverage Group Limited - Ordinary Shares,Q,S,N,2179057,,,Consumer Staples,Beverages (Production/Distribution)
MEHA,MEHA,"Functional Brands, Inc. - Common Stock",Q,S,N,2167075,,,Health Care,Medicinal Chemicals and Botanical Products
VSME,VSME,VS Media Holdings Limited - Class A Ordinary Shares,Q,S,N,2129380,,,Consumer Discretionary,Publishing
HUBC,HUBC,Hub Cyber Security Ltd. - Ordinary Shares,Q,S,N,2117720,,,Telecommunications,Computer Communications Equipment
BDRX,BDRX,Biodexa Pharmaceuticals plc - American Depositary Shares,Q,S,N,2113504,,,Health Care,Biotechnology: Pharmaceutical Preparations
FCUV,FCUV,Focus Universal Inc. - Common Stock,Q,S,N,2108714,,,Industrials,Industrial Machinery/Components
ZNB,ZNB,Zeta Network Group - Class A Ordinary Shares,Q,S,N,2070844,,,Consumer Discretionary,Engineering & Construction
EZRA,EZRA,"Reliance Global Group, Inc. - Common Stock",Q,S,N,2050769,,,Finance,Specialty Insurers
UK,UK,Ucommune International Ltd  - Class A Ordinary Shares,Q,S,N,1999955,,,Consumer Discretionary,Business Services
NCRA,NCRA,"Nocera, Inc. - common stock",Q,S,N,1989015,,,Consumer Staples,Farming/Seeds/Milling
SNOA,SNOA,"Sonoma Pharmaceuticals, Inc. - Common Stock",Q,S,N,1986893,,,Health Care,Biotechnology: Pharmaceutical Preparations
FGL,FGL,Founder Group Limited - Class A Ordinary Shares,Q,S,N,1981992,,,Consumer Discretionary,Engineering & Construction
GNLN,GNLN,"Greenlane Holdings, Inc. - Class A Common Stock",Q,S,N,1919635,,,Consumer Discretionary,Durable Goods
RKDA,RKDA,"Arcadia Biosciences, Inc. - Common Stock",Q,S,N,1902206,,,Consumer Staples,Farming/Seeds/Milling
CCTG,CCTG,CCSC Technology International Holdings Limited - Class A Ordinary Shares,Q,S,N,1875347,,,Consumer Discretionary,Building Products
DXF,DXF,"Eason Technology Limited American Depositary Shares (each representing sixty-thousand (60,000) Ordinary Shares)",A, ,N,1860675,,,Finance,Finance: Consumer Services
BIYA,BIYA,Baiya International Group Inc.  - Ordinary Shares,Q,S,N,1848290,,,Consumer Discretionary,Diversified Commercial Services
TNMG,TNMG,TNL Mediagene - Ordinary Shares,Q,S,N,1843761,,,Consumer Discretionary,Advertising
IMCC,IMCC,IM Cannabis Corp. - Common Shares,Q,S,N,1842104,,,Health Care,Medicinal Chemicals and Botanical Products
IMTE,IMTE,Integrated Media Technology Limited - Ordinary Shares,Q,S,N,1785253,,,Consumer Staples,Consumer Electronics/Appliances
LBGJ,LBGJ,Li Bang International Corporation Inc. - Class A Ordinary Shares,Q,S,N,1720475,,,Industrials,Industrial Machinery/Components
TRUG,TRUG,"TruGolf Holdings, Inc. - Class A Common Stock",Q,S,N,1703940,,,Consumer Discretionary,Recreational Games/Products/Toys
RUBI,RUBI,Rubico Inc. - Common Stock,Q,S,N,1683054,,,Consumer Discretionary,Marine Transportation
TRNR,TRNR,Interactive Strength Inc. - Common Stock,Q,S,N,1678274,,,Technology,Consumer Electronics/Appliances
JZXN,JZXN,"Jiuzi Holdings, Inc. - Ordinary Shares",Q,S,N,1674340,,,Consumer Discretionary,Retail-Auto Dealers and Gas Stations
DEVS,DEVS,DevvStream Corp. - Common Stock,Q,S,N,1667657,,,Finance,Finance/Investors Services
STKH,STKH,Steakholder Foods Ltd. - American Depositary Shares,Q,S,N,1649025,,,Consumer Staples,Packaged Foods
LRHC,LRHC,La Rosa Holdings Corp. - Common Stock,Q,S,N,1648403,,,Finance,Real Estate
JAGX,JAGX,"Jaguar Health, Inc. - Common Stock",Q,S,N,1646556,,,Health Care,Biotechnology: Pharmaceutical Preparations
NEXR,NEXR,Nexera Technologies Ltd - Ordinary Shares,Q,S,N,1642282,,,Consumer Discretionary,Other Specialty Stores
SCNI,SCNI,Scinai Immunotherapeutics Ltd. - American Depositary Shares,Q,S,N,1614011,,,Health Care,Biotechnology: Biological Products (No Diagnostic Substances)
VRAX,VRAX,Virax Biolabs Group Limited - Ordinary Shares,Q,S,N,1550013,,,Health Care,Biotechnology: In Vitro & In Vivo Diagnostic Substances
WHLR,WHLR,"Wheeler Real Estate Investment Trust, Inc. - Common Stock",Q,S,N,1512389,,,Real Estate,Real Estate Investment Trusts
GV,GV,Visionary Holdings Inc. - Common Shares,Q,S,N,1418659,,,Real Estate,Other Consumer Services
SUGP,SUGP,SU Group Holdings Limited - Class A Ordinary Shares,Q,S,N,1388164,,,Consumer Discretionary,Diversified Commercial Services
PFSA,PFSA,"Profusa, Inc. - Common Stock",Q,S,N,1374779,,,Health Care,Medical/Dental Instruments
GIPR,GIPR,Generation Income Properties Inc. - Common stock,Q,S,N,1340531,,,Real Estate,Real Estate Investment Trusts
RDGT,RDGT,"Ridgetech, Inc. - Ordinary Shares",Q,S,N,1303414,,,Consumer Staples,Retail-Drug Stores and Proprietary Stores
PRFX,PRFX,PRF Technologies Ltd. - Ordinary Shares,Q,S,N,1268384,,,Health Care,Biotechnology: Pharmaceutical Preparations
EDBL,EDBL,Edible Garden AG Incorporated - Common Stock,Q,S,N,1242628,,,Consumer Staples,Farming/Seeds/Milling
BTTC,BTTC,Black Titan Corp - Ordinary Shares,Q,S,N,1223150,,,Health Care,Biotechnology: Biological Products (No Diagnostic Substances)
ONCO,ONCO,"Onconetix, Inc.  - Common Stock",Q,S,N,1157922,,,Health Care,Biotechnology: Pharmaceutical Preparations
VMAR,VMAR,Vision Marine Technologies Inc. - Common Shares,Q,S,N,1152638,,,Industrials,Marine Transportation
CISS,CISS,C3is Inc. - Common Stock,Q,S,N,1147107,,,Consumer Discretionary,Marine Transportation
ELPW,ELPW,Elong Power Holding Limited - Class A Ordinary Shares,Q,S,N,1099880,,,Miscellaneous,Industrial Machinery/Components
KUST,KUST,"Kustom Entertainment, Inc. - Common Stock",Q,S,N,996707,,,Technology,Radio And Television Broadcasting And Communications Equipment
YYGH,YYGH,YY Group Holding Limited - Class A Ordinary Shares,Q,S,N,825116,,,Consumer Discretionary,Professional Services
GMEX,GMEX,GMEX ROBOTICS CORPORATION - Class A Ordinary Shares,Q,S,N,771022,,,Consumer Discretionary,Recreational Games/Products/Toys
PAVS,PAVS,Paranovus Entertainment Technology Ltd. - Class A Ordinary Shares,Q,S,N,516761,,,Health Care,Medicinal Chemicals and Botanical Products
NUWE,NUWE,"Nuwellis, Inc. - Common Stock",Q,S,N,382179,,,Health Care,Biotechnology: Electromedical & Electrotherapeutic Apparatus
NIVF,NIVF,NewGenIvf Group Limited - Class A Ordinary Shares,Q,S,N,310083,,,Health Care,Misc Health and Biotechnology Services
WOK,WOK,WORK Medical Technology Group LTD - Class A Ordinary Shares,Q,S,N,172633,,,Health Care,Medical/Dental Instruments
FCHL,FCHL,Fitness Champs Holdings Limited - Ordinary Shares,Q,S,N,41556,,,Consumer Discretionary,Services-Misc. Amusement & Recreation
ADTX,ADTX,"Aditxt, Inc. - Common Stock",Q,S,N,40714,,,Health Care,Biotechnology: Pharmaceutical Preparations
EURK,EURK,Eureka Acquisition Corp - Class A Ordinary Share,Q,S,N,0,,,,
EVAC,EVAC,EQV Ventures Acquisition Corp. II Class A Ordinary Shares,N, ,N,0,,,Industrials,Fluid Controls
PCAP,PCAP,ProCap Acquisition Corp - Class A Ordinary Shares,Q,G,N,0,,,Finance,Blank Checks
PCSC,PCSC,Perceptive Capital Solutions Corp - Class A Ordinary Shares,Q,G,N,0,,,,
PDCC,PDCC,Pearl Diver Credit Company Inc. Common Stock,N, ,N,0,,,,
CEPF,CEPF,"Cantor Equity Partners IV, Inc. - Class A Ordinary Shares",Q,G,N,0,,,Finance,Blank Checks
AXIN,AXIN,Axiom Intelligence Acquisition Corp 1 - Class A Ordinary Shares,Q,G,N,0,,,Finance,Blank Checks
SSEA,SSEA,Starry Sea Acquisition Corp - Ordinary Shares,Q,S,N,0,,,Finance,Blank Checks
BACC,BACC,Blue Acquisition Corp. - Class A Ordinary Shares,Q,G,N,0,,,Finance,Blank Checks
IPCX,IPCX,Inflection Point Acquisition Corp. III - Class A ordinary shares,Q,G,N,0,,,Finance,Blank Checks
IPFX,IPFX,Inflection Point Acquisition Corp. VI - Class A Ordinary Shares,Q,G,N,0,,,Finance,Blank Checks
EVOX,EVOX,Evolution Global Acquisition Corp - Class A Ordinary Shares,Q,G,N,0,,,Finance,Blank Checks
SUMA,SUMA,SUMA Acquisition Corporation - Class A Ordinary Shares,Q,G,N,0,,,,
SVAC,SVAC,Spring Valley Acquisition Corp. III - Class A Ordinary Shares,Q,G,N,0,,,Finance,Blank Checks
SVAQ,SVAQ,Silicon Valley Acquisition Corp. - Class A Ordinary Shares,Q,G,N,0,,,Finance,Blank Checks
ETSS,ETSS,Energy Transition Special Opportunities Class A Ordinary Shares,N, ,N,0,,,Finance,Blank Checks
IRAB,IRAB,Iris Acquisition Corp II Class A Ordinary Shares,N, ,N,0,,,,
SSAC,SSAC,SPACSphere Acquisition Corp. - Class A Ordinary Shares,Q,G,N,0,,,Finance,Blank Checks
BAYA,BAYA,Bayview Acquisition Corp - Ordinary Share,Q,S,N,0,,,,
SVCC,SVCC,Stellar V Capital Corp. - Class A Ordinary Shares,Q,G,N,0,,,,
SVIV,SVIV,Spring Valley Acquisition Corp. IV - Class A Ordinary Shares,Q,G,N,0,,,Finance,Blank Checks
CHAR,CHAR,Charlton Aria Acquisition Corporation - Class A Ordinary Shares,Q,G,N,0,,,,
MKLY,MKLY,McKinley Acquisition Corporation - Class A Ordinary Shares,Q,G,N,0,,,,
SPMC,SPMC,"Sound Point Meridian Capital, Inc. Common Stock",N, ,N,0,,,,
BBCQ,BBCQ,Bleichroeder Acquisition Corp. II - Class A Ordinary Shares,Q,G,N,0,,,,
INAC,INAC,Indigo Acquisition Corp. - Ordinary Shares,Q,G,N,0,,,,
SZZL,SZZL,Sizzle Acquisition Corp. II - Class A ordinary shares,Q,G,N,0,,,Finance,Blank Checks
TACH,TACH,Titan Acquisition Corp. - Class A Ordinary Shares,Q,G,N,0,,,Finance,Blank Checks
SPKL,SPKL,Spark I Acquisition Corp. - Class A Ordinary Share,Q,G,N,0,,,,
PECE,PECE,Peace Acquisition Corp - Ordinary Shares,Q,S,N,0,,,Finance,Blank Checks
PACH,PACH,Pioneer Acquisition I Corp - Class A Ordinary Shares,Q,G,N,0,,,,
PAII,PAII,Pyrophyte Acquisition Corp. II Class A Ordinary Shares,N, ,N,0,,,,
PALO,PALO,Paloma Acquisition Corp I - Class A Ordinary Shares,Q,G,N,0,,,Finance,Blank Checks
ILLU,ILLU,Illumination Acquisition Corp I - Class A Ordinary Shares,Q,G,N,0,,,Technology,Computer Software: Programming Data Processing
TAVI,TAVI,Tavia Acquisition Corp. - Ordinary Shares,Q,G,N,0,,,Finance,Blank Checks
MEVO,MEVO,M Evo Global Acquisition Corp II - Class A Ordinary Shares,Q,G,N,0,,,Finance,Blank Checks
SPEG,SPEG,Silver Pegasus Acquisition Corp - Class A Ordinary Shares,Q,G,N,0,,,,
IRHO,IRHO,Iron Horse Acquisitions II Corp. - Common Stock,Q,G,N,0,,,,
IGAC,IGAC,Invest Green Acquisition Corporation - Class A Ordinary Shares,Q,G,N,0,,,Finance,Blank Checks
IGI,IGI,Western Asset Investment Grade Opportunity Trust Inc. Common Stock,N, ,N,0,,,Finance,Investment Managers
MLAA,MLAA,Mountain Lake Acquisition Corp. II - Class A Ordinary Shares,Q,G,N,0,,,Finance,Blank Checks
MLAC,MLAC,Mountain Lake Acquisition Corp. - Class A Ordinary Shares,Q,G,N,0,,,Industrials,Auto Manufacturing
CHPG,CHPG,ChampionsGate Acquisition Corporation - Class A Ordinary Share,Q,G,N,0,,,,
TDAC,TDAC,Translational Development Acquisition Corp. - Ordinary Shares,Q,G,N,0,,,,
SORN,SORN,Soren Acquisition Corp. - Class A Ordinary Shares,Q,G,N,0,,,Finance,Blank Checks
ITHA,ITHA,ITHAX Acquisition Corp III - Class A Ordinary Shares,Q,G,N,0,,,,
SOUL,SOUL,Soulpower Acquisition Corporation Class A Ordinary Shares,N, ,N,0,,,Consumer Discretionary,Publishing
ATII,ATII,Archimedes Tech SPAC Partners II Co. - Ordinary Shares,Q,G,N,0,,,,
TDWD,TDWD,Tailwind 2.0 Acquisition Corp. - Class A Ordinary Shares,Q,G,N,0,,,Finance,Blank Checks
IEAG,IEAG,Infinite Eagle Acquisition Corp. - Class A Ordinary Shares,Q,G,N,0,,,Finance,Blank Checks
OYSE,OYSE,Oyster Enterprises II Acquisition Corp - Class A Ordinary Shares,Q,G,N,0,,,Finance,Blank Checks
CHEC,CHEC,Chenghe Acquisition III Co. - Class A Ordinary Shares,Q,G,N,0,,,,
JACS,JACS,Jackson Acquisition Company II Class A Ordinary Shares,N, ,N,0,,,,
SOCA,SOCA,Solarius Capital Acquisition Corp. - Class A Ordinary Share,Q,G,N,0,,,,
BCAR,BCAR,D. Boral ARC Acquisition I Corp. - Class A Ordinary Shares,Q,G,N,0,,,Finance,Blank Checks
ASPC,ASPC,A SPAC III Acquisition Corp. - Class A Ordinary Shares,Q,S,N,0,,,Finance,Blank Checks
FAC,FAC,Factorial Energy Inc. - Class A Common Stock,Q,S,N,0,,,,
FACT,FACT,FACT II Acquisition Corp. - Class A Ordinary Shares,Q,G,N,0,,,,
IACO,IACO,Idea Acquisition Corp. - Class A Ordinary Shares,Q,G,N,0,,,Finance,Blank Checks
IBAC,IBAC,IB Acquisition Corp. - Common Stock,Q,S,N,0,,,Finance,Blank Checks
PGAC,PGAC,Pantages Capital Acquisition Corporation - Class A Ordinary Shares,Q,G,N,0,,,,
MESH,MESH,Meshflow Acquisition Corp. - Class A Ordinary Shares,Q,G,N,0,,,,
BCSS,BCSS,Bain Capital GSS Investment Corp. Class A Ordinary Shares,N, ,N,0,,,,
BDCI,BDCI,BTC Development Corp. - Class A Ordinary Shares,Q,G,N,0,,,Finance,Blank Checks
DBCA,DBCA,D. Boral Acquisition I Corp. - Class A Ordinary Shares,Q,G,N,0,,,Finance,Blank Checks
MMTX,MMTX,Miluna Acquisition Corp - Class A Ordinary Shares,Q,G,N,0,,,Finance,Blank Checks
TLNC,TLNC,Talon Capital Corp. - Class A Ordinary Shares,Q,G,N,0,,,,
TMTS,TMTS,Spartacus Acquisition Corp. II - Class A Ordinary Shares,Q,G,N,0,,,,
ARTC,ARTC,Art Technology Acquisition Corp. - Class A Ordinary Shares,Q,G,N,0,,,Finance,Blank Checks
CCXI,CCXI,Churchill Capital Corp XI - Class A Ordinary Shares,Q,G,N,0,,,,
HVMC,HVMC,Highview Merger Corp. - Class A Ordinary Share,Q,G,N,0,,,,
FCRS,FCRS,FutureCrest Acquisition Corp. Class A Ordinary Shares,N, ,N,0,,,Finance,Blank Checks
BEAG,BEAG,Bold Eagle Acquisition Corp. - Class A Ordinary Shares,Q,G,N,0,,,,
JENA,JENA,Jena Acquisition Corporation II Class A Ordinary Shares,N, ,N,0,,,Finance,Blank Checks
JATT,JATT,JATT II Acquisition Corp - Ordinary Shares,Q,G,N,0,,,,
HSPT,HSPT,Horizon Space Acquisition II Corp. - Ordinary share,Q,G,N,0,,,Finance,Blank Checks
OTGA,OTGA,OTG Acquisition Corp. I - Class A Ordinary Share,Q,G,N,0,,,Finance,Blank Checks
TRAD,TRAD,APEX Tech Acquisition Inc. Ordinary Shares,N, ,N,0,,,Finance,Investment Bankers/Brokers/Service
CCIX,CCIX,Churchill Capital Corp IX - Ordinary Shares,Q,G,N,0,,,Technology,EDP Services
ARCI,ARCI,Archimedes Tech SPAC Partners III Co. - Ordinary Share,Q,G,N,0,,,,
ARCL,ARCL,ARC Group Acquisition I Corp - Class A Ordinary Shares,Q,G,N,0,,,Finance,Blank Checks
TRGS,TRGS,TRG Latin America Acquisitions Corp. - Class A Ordinary Shares,Q,G,N,0,,,Finance,Blank Checks
MCGA,MCGA,Yorkville Acquisition Corp. - Class A Ordinary Share,Q,G,N,0,,,Utilities,Electric Utilities: Central
PLMK,PLMK,Plum Acquisition Corp. IV - Class A Ordinary Shares,Q,G,N,0,,,,
SIMA,SIMA,SIM Acquisition Corp. I - Class A Ordinary Shares,Q,G,N,0,,,Miscellaneous,Industrial Machinery/Components
ORIQ,ORIQ,Origin Investment Corp I - Ordinary Shares,Q,G,N,0,,,,
DAAQ,DAAQ,Digital Asset Acquisition Corp. - Class A Ordinary shares,Q,G,N,0,,,Finance,Blank Checks
APXT,APXT,Apex Treasury Corporation - Class A Ordinary Share,Q,G,N,0,,,Technology,Computer Software: Prepackaged Software
EMPD,EMPD,Empery Digital Inc. - Common stock,Q,Q,N,0,,,,
BHAV,BHAV,BHAV Acquisition Corp - Class A Ordinary Shares,Q,G,N,0,,,,
FERA,FERA,Fifth Era Acquisition Corp I - Class A Ordinary Shares,Q,G,N,0,,,,
BGMS,BGMS,"Bio Green Med Solution, Inc. - Common Stock",Q,S,N,0,,,,
PLSM,PLSM,Pulsenmore Ltd. - Ordinary Shares,Q,S,N,0,,,Health Care,Medical/Dental Instruments
MBVI,MBVI,M3-Brigade Acquisition VI Corp. - Class A Ordinary Shares,Q,G,N,0,,,,
APAC,APAC,StoneBridge Acquisition II Corporation - Class A Ordinary Shares,Q,S,N,0,,,,
TVA,TVA,Texas Ventures Acquisition III Corp - Class A Ordinary Share,Q,G,N,0,,,,
TVAI,TVAI,Thayer Ventures Acquisition Corporation II - Class A Ordinary Shares,Q,G,N,0,,,,
TVC,TVC,Tennessee Valley Authority Common Stock,N, ,N,0,,,Utilities,Electric Utilities: Central
HLXC,HLXC,Helix Acquisition Corp. III - Class A Ordinary Shares,Q,G,N,0,,,,
TWLV,TWLV,Twelve Seas Investment Company III - Class A Ordinary Shares,Q,G,N,0,,,Finance,Blank Checks
KCHV,KCHV,Kochav Defense Acquisition Corp. - Class A Ordinary Shares,Q,G,N,0,,,,
ANSC,ANSC,Agriculture & Natural Solutions Acquisition Corporation - Class A Ordinary Shares,Q,G,N,0,,,,
UAC,UAC,United Acquisition Corp. I Class A Ordinary Shares,A, ,N,0,,,Finance,Blank Checks
FGII,FGII,FG Imperii Acquisition Corp. - Class A Ordinary Shares,Q,G,N,0,,,Finance,Blank Checks
EMAT,EMAT,Evolution Metals & Technologies Corp. - Common Stock,Q,G,N,0,,,,
KFII,KFII,K&F Growth Acquisition Corp. II - Class A Ordinary shares,Q,G,N,0,,,,
CCII,CCII,Cohen Circle Acquisition Corp. II - Class A Ordinary Shares,Q,G,N,0,,,,
PMTR,PMTR,Perimeter Acquisition Corp. I - Class A Ordinary Shares,Q,G,N,0,,,Finance,Blank Checks
ONCH,ONCH,1RT Acquisition Corp. - Class A Ordinary Share,Q,G,N,0,,,,
FIGX,FIGX,FIGX Capital Acquisition Corp. - Class A ordinary share,Q,G,N,0,,,,
OIM,OIM,OneIM Acquisition Corp. - Class A Ordinary Shares,Q,G,N,0,,,,
CLBR,CLBR,Colombier Acquisition Corp. III Class A Ordinary Shares,N, ,N,0,,,,
BIII,BIII,Black Spade Acquisition III Co Class A Ordinary Shares,N, ,N,0,,,Finance,Blank Checks
DMII,DMII,Drugs Made In America Acquisition II Corp. - Ordinary Shares,Q,G,N,0,,,Finance,Blank Checks
MBAV,MBAV,M3-Brigade Acquisition V Corp. - Class A Ordinary shares,Q,G,N,0,,,,
POLE,POLE,Andretti Acquisition Corp. II - Class A Ordinary Shares,Q,G,N,0,,,,
PONO,PONO,"Pono Capital Four, Inc. - Class A Ordinary Shares",Q,G,N,0,,,Finance,Blank Checks
SDHI,SDHI,Siddhi Acquisition Corp - Class A Common stock,Q,G,N,0,,,Finance,Blank Checks
SCPQ,SCPQ,Social Commerce Partners Corporation - Class A Ordinary Shares,Q,G,N,0,,,,
CEPS,CEPS,"Cantor Equity Partners VI, Inc. - Class A Ordinary Shares",Q,G,N,0,,,Finance,Blank Checks
OHAC,OHAC,Oceanhawk Acquisition Corp. - Class A Ordinary Shares,Q,S,N,0,,,,
HCIC,HCIC,Hennessy Capital Investment Corp. VIII - Class A Ordinary Shares,Q,G,N,0,,,,
BIXI,BIXI,Bitcoin Infrastructure Acquisition Corp Ltd. - Class A Ordinary Shares,Q,G,N,0,,,,
BKHA,BKHA,Black Hawk Acquisition Corporation - Class A Ordinary Shares,Q,G,N,0,,,Health Care,Biotechnology: Biological Products (No Diagnostic Substances)
SBXD,SBXD,SilverBox Corp IV Class A Ordinary Shares,N, ,N,0,,,,
SBXE,SBXE,SilverBox Corp V Class A Ordinary Shares,N, ,N,0,,,,
SCII,SCII,SC II Acquisition Corp. - Class A ordinary share,Q,G,N,0,,,,
AMAN,AMAN,Amanat Acquisition Corp - Class A Ordinary Shares,Q,S,N,0,,,Finance,Blank Checks
DMAA,DMAA,Drugs Made In America Acquisition Corp. - Ordinary Shares,Q,G,N,0,,,,
CCAQ,CCAQ,Collective Acquisition Corp. - Class A ordinary shares,Q,G,N,0,,,Finance,Blank Checks
DNMX,DNMX,Dynamix Corporation III - Class A Ordinary Shares,Q,G,N,0,,,Finance,Blank Checks
MACI,MACI,Melar Acquisition Corp. I - Class A Ordinary Shares,Q,G,N,0,,,,
BIT,BIT,BlackRock Multi-Sector Income Trust Common Shares of Beneficial Interest,N, ,N,0,,,Finance,Trusts Except Educational Religious and Charitable
HCAC,HCAC,Hall Chadwick Acquisition Corp. - Class A Ordinary Shares,Q,G,N,0,,,Consumer Discretionary,Auto Parts:O.E.M.
FMAC,FMAC,Future Money Acquisition Corporation - Ordinary Shares,Q,G,N,0,,,Finance,Blank Checks
HAVA,HAVA,Harvard Ave Acquisition Corporation - Class A Ordinary Share,Q,G,N,0,,,,
HACQ,HACQ,HCM IV Acquisition Corp. - Class A Ordinary Share,Q,G,N,0,,,Finance,Blank Checks
ALUB,ALUB,Alussa Energy Acquisition Corp. II Class A Ordinary Shares,N, ,N,0,,,,
VACH,VACH,Voyager Acquisition Corp - Class A Ordinary Shares,Q,G,N,0,,,,
VACI,VACI,Viking Acquisition Corp. I Class A Ordinary Shares,N, ,N,0,,,Telecommunications,Telecommunications Equipment
KRAQ,KRAQ,KRAKacquisition Corp - Class A Ordinary Shares,Q,G,N,0,,,,
MUZE,MUZE,Muzero Acquisition Corp - Class A Ordinary Shares,Q,G,N,0,,,Finance,Blank Checks
CMII,CMII,Columbus Circle Capital Corp II - Class A Ordinary Shares,Q,G,N,0,,,Finance,Blank Checks
SAC,SAC,Safeguard Acquisition Corp. Class A Ordinary Shares,N, ,N,0,,,Finance,Blank Checks
BLRK,BLRK,Bluerock Acquisition Corp. - Class A Ordinary Shares,Q,G,N,0,,,,
SAGU,SAGU,Shreya Acquisition Group Class A Ordinary Shares,N, ,N,0,,,Finance,Blank Checks
KOYN,KOYN,CSLM Digital Asset Acquisition Corp III - Class A Ordinary Shares,Q,G,N,0,,,,
KPET,KPET,KPET Ultra Paceline Corporation Class A Ordinary Shares,N, ,N,0,,,,
VECA,VECA,Vernal Capital Acquisition Corp. Ordinary Shares,N, ,N,0,,,,
ALOV,ALOV,"Aldabra 4 Liquidity Opportunity Vehicle, Inc. - Class A Ordinary Shares",Q,G,N,0,,,,
ALIS,ALIS,Calisa Acquisition Corp - Ordinary shares,Q,G,N,0,,,,
VHCP,VHCP,Vine Hill Capital Investment Corp. II - Class A Ordinary Shares,Q,G,N,0,,,,
GSRF,GSRF,GSR IV Acquisition Corp. - Class A ordinary share,Q,G,N,0,,,,
GTEN,GTEN,"Gores Holdings X, Inc. - Class A ordinary shares",Q,G,N,0,,,,
GTERA,GTERA,Globa Terra Acquisition Corporation - Class A Ordinary Shares,Q,G,N,0,,,Finance,Blank Checks
OACC,OACC,Oaktree Acquisition Corp. III Life Sciences - Class A Ordinary Share,Q,G,N,0,,,Finance,Blank Checks
OBA,OBA,Oxley Bridge Acquisition Limited - Class A Ordinary Shares,Q,G,N,0,,,Finance,Blank Checks
ZKP,ZKP,Lafayette Digital Acquisition Corp. I - Class A Ordinary Shares,Q,G,N,0,,,Finance,Blank Checks
CAPN,CAPN,Cayson Acquisition Corp - Ordinary Shares,Q,G,N,0,,,,
CAQ,CAQ,Cambridge Acquisition Corp. - Class A Ordinary Shares,Q,G,N,0,,,,
KRSP,KRSP,Rice Acquisition Corporation 3 Class A Ordinary Shares,N, ,N,0,,,,
SAAQ,SAAQ,Space Asset Acquisition Corp. - Class A Ordinary Shares,Q,G,N,0,,,Finance,Blank Checks
ALDF,ALDF,Aldel Financial II Inc. - Class A Ordinary Shares,Q,G,N,0,,,,
ALF,ALF,Centurion Acquisition Corp. - Class A Ordinary Shares,Q,G,N,0,,,,
BMN,BMN,BlackRock 2037 Municipal Target Term Trust Common Shares of Beneficial Interest,N, ,N,0,,,Finance,Trusts Except Educational Religious and Charitable
AACB,AACB,Artius II Acquisition Inc. - Class A Ordinary Shares,Q,G,N,0,,,,
KVAC,KVAC,Keen Vision Acquisition Corporation - Ordinary Shares,Q,G,N,0,,,,
EGHA,EGHA,EGH Acquisition Corp. - Class A ordinary shares,Q,G,N,0,,,Finance,Finance/Investors Services
BLZR,BLZR,Trailblazer Acquisition Corp. - Class A Ordinary Shares,Q,G,N,0,,,Finance,Blank Checks
AACO,AACO,Abony Acquisition Corp. I - Class A Ordinary Share,Q,G,N,0,,,,
VNME,VNME,Vendome Acquisition Corporation I - Class A Ordinary Shares,Q,G,N,0,,,Finance,Blank Checks
GRML,GRML,Greenland Mines Ltd - Common Stock,Q,S,N,0,,,,
MYX,MYX,Maywood Acquisition Corp. 2 - Class A Ordinary Share,Q,G,N,0,,,Finance,Blank Checks
ACGC,ACGC,ACP Holdings Acquisition Corp. - Class A Ordinary Shares,Q,G,N,0,,,Finance,Blank Checks
LWAC,LWAC,LightWave Acquisition Corp. - Class A Ordinary Shares,Q,G,N,0,,,Finance,Blank Checks
RTAC,RTAC,Renatus Tactical Acquisition Corp I - Class A Ordinary Shares,Q,G,N,0,,,Finance,Blank Checks
BOE,BOE,Blackrock Enhanced Global Dividend Trust Common Shares of Beneficial Interest,N, ,N,0,,,Finance,Trusts Except Educational Religious and Charitable
LAFA,LAFA,LaFayette Acquisition Corp. - Ordinary Share,Q,G,N,0,,,,
RREV,RREV,RRE Ventures Acquisition Corp. - Class A Ordinary Shares,Q,G,N,0,,,Finance,Blank Checks
GRAF,GRAF,Graf Global Corp. Class A ordinary shares,A, ,N,0,,,,
LATA,LATA,Galata Acquisition Corp. II - Class A Ordinary Shares,Q,G,N,0,,,Finance,Blank Checks
MZYX,MZYX,MOZAYYX Acquisition Corp. Class A Ordinary Shares,N, ,N,0,,,,
VVR,VVR,Invesco Senior Income Trust Common Stock (DE),N, ,N,0,,,Finance,Trusts Except Educational Religious and Charitable
BOT,BOT,"RoboStrategy, Inc. - Common Stock",Q,G,N,0,,,,
RNGT,RNGT,Range Capital Acquisition Corp II - Class A Ordinary Shares,Q,G,N,0,,,Finance,Blank Checks
PSBD,PSBD,Palmer Square Capital BDC Inc. Common Stock,N, ,N,0,,,,
DRDB,DRDB,Roman DBDR Acquisition Corp. II - Ordinary shares,Q,G,N,0,,,,
GPAT,GPAT,GP-Act III Acquisition Corp. - Class A Ordinary Share,Q,G,N,0,,,,
FSHP,FSHP,Flag Ship Acquisition Corp. - Ordinary Shares,Q,G,N,0,,,,
PTOR,PTOR,Praetorian Acquisition Corp. - Class A Ordinary Shares,Q,G,N,0,,,Finance,Blank Checks
CRAC,CRAC,Crown Reserve Acquisition Corp. I - Class A Ordinary Shares,Q,G,N,0,,,,
LEGT,LEGT,Legato Merger Corp. III Ordinary Shares,A, ,N,0,,,,
LFAC,LFAC,Leapfrog Acquisition Corporation - Class A Ordinary Shares,Q,G,N,0,,,Finance,Blank Checks
LCCC,LCCC,Lakeshore Acquisition III Corp. - Ordinary Shares,Q,G,N,0,,,Finance,Blank Checks
AIIA,AIIA,AI Infrastructure Acquisition Corp. Class A Ordinary Shares,N, ,N,0,,,Finance,Blank Checks
NWAX,NWAX,New America Acquisition I Corp. Class A Common Stock,N, ,N,0,,,Finance,Blank Checks
DXYZ,DXYZ,Destiny Tech100 Inc. Common Stock,N, ,N,0,,,,
BPAC,BPAC,Blueport Acquisition Ltd - Class A Ordinary Shares,Q,S,N,0,,,,
NTWO,NTWO,Newbury Street II Acquisition Corp - Class A Ordinary Shares,Q,G,N,0,,,,
WENC,WENC,West Enclave Merger Corp. Ordinary Shares,N, ,N,0,,,Finance,Blank Checks
WENN,WENN,Wen Acquisition Corp - Class A Ordinary Shares,Q,G,N,0,,,,
CTAA,CTAA,ClearThink 1 Acquisition Corp. - Class A Ordinary Shares,Q,G,N,0,,,Finance,Blank Checks
AFJK,AFJK,"Aimei Health Technology Co., Ltd - Ordinary Share",Q,G,N,0,,,,
RIBB,RIBB,Ribbon Acquisition Corp - Class A Ordinary Shares,Q,S,N,0,,,,
PWRL,PWRL,Powerlaw Corp. - Common Stock,Q,G,N,0,,,,
LPAA,LPAA,Launch One Acquisition Corp. - Class A Ordinary Shares,Q,G,N,0,,,,
LPBB,LPBB,Launch Two Acquisition Corp. - Class A Ordinary Shares,Q,G,N,0,,,,
AEXA,AEXA,American Exceptionalism Acquisition Corp. A Class A Ordinary Shares,N, ,N,0,,,,
COLA,COLA,Columbus Acquisition Corp - Ordinary Shares,Q,G,N,0,,,,
DYOR,DYOR,Insight Digital Partners II - Class A Ordinary Shares,Q,G,N,0,,,Finance,Blank Checks
QADR,QADR,QDRO Acquisition Corp. - Class A Ordinary Shares,Q,G,N,0,,,Finance,Blank Checks
BWIV,BWIV,Blue Water Acquisition Corp. IV Class A Ordinary Shares,N, ,N,0,,,Finance,Blank Checks
QETA,QETA,Quetta Acquisition Corporation - Common Stock,Q,S,N,0,,,Finance,Blank Checks
RFAM,RFAM,RF Acquisition Corp III - Ordinary Shares,Q,G,N,0,,,,
WLII,WLII,Willow Lane Acquisition Corp. II - Class A Ordinary Shares,Q,G,N,0,,,Finance,Blank Checks
GLED,GLED,GalaxyEdge Acquisition Corporation Ordinary Shares,N, ,N,0,,,Finance,Blank Checks
AEAQ,AEAQ,Activate Energy Acquisition Corp. - Class A Ordinary Share,Q,G,N,0,,,,
AACI,AACI,Armada Acquisition Corp. III - Class A Ordinary Share,Q,G,N,0,,,Finance,Blank Checks
WPAC,WPAC,White Pearl Acquisition Corp. Class A Ordinary Shares,N, ,N,0,,,Finance,Blank Checks
GIW,GIW,GigCapital8 Corp. - Class A Ordinary Shares,Q,G,N,0,,,,
GIX,GIX,GigCapital9 Corp. - Class A Ordinary Share,Q,G,N,0,,,Finance,Blank Checks
REED,REED,"Reed's, Inc. Common Stock",A, ,N,0,,,,
CEPT,CEPT,"Cantor Equity Partners II, Inc. - Class A ordinary share",Q,G,N,0,,,Finance,Blank Checks
DYNC,DYNC,Dynamix Corporation - Class A Ordinary Share,Q,G,N,0,,,,
COPL,COPL,Copley Acquisition Corp Ordinary Shares,N, ,N,0,,,,
NPAC,NPAC,New Providence Acquisition Corp. III - Ordinary Shares,Q,G,N,0,,,Finance,Blank Checks
WSBK,WSBK,"Winchester Bancorp, Inc. - Common Stock",Q,S,N,0,,,,
WTG,WTG,Wintergreen Acquisition Corp. - Ordinary Shares,Q,S,N,0,,,Finance,Blank Checks
NOEM,NOEM,CO2 Energy Transition Corp. - Common Stock,Q,G,N,0,,,,
LOKV,LOKV,Live Oak Acquisition Corp. V - Class A Ordinary Shares,Q,G,N,0,,,,
DSAC,DSAC,Daedalus Special Acquisition Corp. - Class A Ordinary Shares,Q,G,N,0,,,Finance,Blank Checks
QRED,QRED,QuasarEdge Acquisition Corporation Ordinary Shares,N, ,N,0,,,Finance,Blank Checks
CEPV,CEPV,"Cantor Equity Partners V, Inc. - Class A Ordinary Shares",Q,G,N,0,,,,
DTSQ,DTSQ,DT Cloud Star Acquisition Corporation - Ordinary Shares,Q,G,N,0,,,,
LKSP,LKSP,Lake Superior Acquisition Corp. - Class A Ordinary Shares,Q,G,N,0,,,,
LILAV,LILAV,Liberty Latin America Ltd. - Class A Common Stock Ex-Distribution When Issued,Q,Q,N,0,,,Telecommunications,Cable & Other Pay Television Services
LILKV,LILKV,Liberty Latin America Ltd. - Class C Common Stock Ex-Distribution When Issued,Q,Q,N,0,,,Telecommunications,Cable & Other Pay Television Services
ADAC,ADAC,American Drive Acquisition Company - Class A Ordinary Shares,Q,G,N,0,,,,
XCBE,XCBE,X3 Acquisition Corp. Ltd. - Class A Ordinary Shares,Q,G,N,0,,,,
XFLH,XFLH,XFLH Capital Corporation Ordinary Shares,N, ,N,0,,,Finance,Blank Checks
NEXM,NEXM,NexMetals Mining Corp. - Common Stock,Q,S,N,0,,,,
FVAV,FVAV,Fortress Value Acquisition Corp. V - Class A Ordinary Shares,Q,G,N,0,,,,
FVN,FVN,Future Vision II Acquisition Corporation - Ordinary Shares,Q,S,N,0,,,,
XRPN,XRPN,Armada Acquisition Corp. II - Class A Ordinary Shares,Q,G,N,0,,,Finance,Blank Checks
RDAC,RDAC,Rising Dragon Acquisition Corp. - Ordinary Shares,Q,S,N,0,,,,
RDAG,RDAG,Republic Digital Acquisition Company - Class A Ordinary Shares,Q,G,N,0,,,Finance,Blank Checks
QSEA,QSEA,Quartzsea Acquisition Corporation - Ordinary Shares,Q,G,N,0,,,Finance,Blank Checks
QUMS,QUMS,Quantumsphere Acquisition Corp. - Ordinary Shares,Q,G,N,0,,,,
NHIC,NHIC,NewHold Investment Corp III - Class A Ordinary shares,Q,G,N,0,,,,
NMP,NMP,NMP Acquisition Corp. - Class A Ordinary Shares,Q,G,N,0,,,Finance,Blank Checks
XSLL,XSLL,Xsolla SPAC 1 - Class A Ordinary Shares,Q,G,N,0,,,Finance,Blank Checks
RANG,RANG,Range Capital Acquisition Corp. - Ordinary Shares,Q,G,N,0,,,Finance,Blank Checks
AACP,AACP,Apogee Acquisition Corp - Class A Ordinary Shares,Q,G,N,0,,,Finance,Blank Checks
NHIV,NHIV,NewHold Investment Corp IV - Class A Ordinary Shares,Q,G,N,0,,,,
CRAN,CRAN,Crane Harbor Acquisition Corp. II - Class A Ordinary Shares,Q,G,N,0,,,Finance,Blank Checks
CRAQ,CRAQ,Cal Redwood Acquisition Corp. - Class A Ordinary Shares,Q,G,N,0,,,Finance,Blank Checks
ACAA,ACAA,Averin Capital Acquisition Corp. - Class A Ordinary Shares,Q,G,N,0,,,Finance,Blank Checks
CEPO,CEPO,"Cantor Equity Partners I, Inc. - Class A Ordinary Shares",Q,G,N,0,,,Finance,Blank Checks
RAAQ,RAAQ,Real Asset Acquisition Corp. - Class A Ordinary Share,Q,G,N,0,,,Finance,Blank Checks
RAC,RAC,Rithm Acquisition Corp. Class A Ordinary Shares,N, ,N,0,,,,
RACC,RACC,Research Alliance Corporation III - Class A Ordinary Shares,Q,S,N,0,,,,
YHNA,YHNA,YHN Acquisition I Limited - Ordinary Shares,Q,G,N,0,,,,
YCY,YCY,AA Mission Acquisition Corp. II Class A Ordinary Shares,N, ,N,0,,,,
BSAA,BSAA,BEST SPAC I Acquisition Corp. - Class A Ordinary Shares,Q,S,N,,,,Finance,Blank Checks
EFTY,EFTY,"Etoiles Capital Group Co., Ltd. - Class A Ordinary Shares",Q,S,N,,,,,
EGHT,EGHT,8x8 Inc - Common stock,Q,Q,N,,,,,
EGO,EGO,Eldorado Gold Corporation Ordinary Shares,N, ,N,,,,,
EGP,EGP,"EastGroup Properties, Inc. Common Stock",N, ,N,,,,,
EMIS,EMIS,Emmis Acquisition Corp. - Class A Ordinary Share,Q,G,N,,,,,
EMPG,EMPG,Empro Group Inc. - Ordinary shares,Q,S,N,,,,,
GPAC,GPAC,General Purpose Acquisition Corp. - Class A Ordinary Shares,Q,G,N,,,,,
GSHR,GSHR,Gesher Acquisition Corp. II - Class A Ordinary Shares,Q,G,N,,,,,
HVII,HVII,Hennessy Capital Investment Corp. VII - Ordinary Shares,Q,G,N,,,,,
IPEX,IPEX,Inflection Point Acquisition Corp. - Class A Ordinary Shares,Q,G,N,,,,Health Care,Biotechnology: Pharmaceutical Preparations
JDZG,JDZG,JIADE LIMITED - Class A Ordinary Shares,Q,S,N,,,,,
JMG,JMG,JM Group Limited Ordinary Shares,A, ,N,,,,,
KBON,KBON,Karbon Capital Partners Corp. - Class A Ordinary Shares,Q,G,N,,,,,
LAWR,LAWR,"Robot Consulting Co., Ltd. - ADS",Q,S,N,,,,,
LPCV,LPCV,Launchpad Cadenza Acquisition Corp I - Class A Ordinary Share,Q,G,N,,,,,
MAGH,MAGH,Magnitude International Ltd - Ordinary Shares,Q,S,N,,,,,
MAMK,MAMK,MaxsMaking Inc. - Class A Ordinary Shares,Q,S,N,,,,,
MCTA,MCTA,Charming Medical Limited - Class A Ordinary Shares,Q,S,N,,,,,
NBRG,NBRG,Newbridge Acquisition Limited - Class A Ordinary Share,Q,S,N,,,,,
NUTR,NUTR,Nusatrip Incorporated - Common Stock,Q,S,N,,,,,
OST,OST,"Ostin Technology Group Co., Ltd. - Class A Ordinary Shares",Q,S,N,,,,,
PAAC,PAAC,Proem Acquisition Corp I - Ordinary Shares,Q,G,N,,,,,
PC,PC,Premium Catering (Holdings) Limited - Ordinary Shares,Q,S,N,,,,,
PLTS,PLTS,Platinum Analytics Cayman Limited - Class A Ordinary Shares,Q,S,N,,,,,
PTNM,PTNM,Pitanium Limited - Class A Ordinary Shares,Q,S,N,,,,,
QMMM,QMMM,QMMM Holdings Limited - Class A Ordinary Shares,Q,S,N,,,,,
RFAI,RFAI,RF Acquisition Corp II - Ordinary Shares,Q,G,N,,,,,
SDM,SDM,Smart Digital Group Limited - Ordinary Shares,Q,S,N,,,,,
SVA,SVA,"Sinovac Biotech, Ltd. - Ordinary Shares (Antigua/Barbudo)",Q,Q,N,,,,,
TCGL,TCGL,TechCreate Group Ltd. Class A Ordinary Shares,A, ,N,,,,,
UCFI,UCFI,CN Healthy Food Tech Group Corp. - Common Stock,Q,S,N,,,,,
UYSC,UYSC,UY Scuti Acquisition Corp. - Ordinary Shares,Q,S,N,,,,,
WHK,WHK,WhiteHawk Minerals Corp Class A Common Stock,N, ,N,,,,,
