Holding Ticker,ETFs Holding This Stock
0001.HK,EWH (6.2209%); ICOW (2.005%)
000150.KS,FPA (1.8544%)
0002.HK,EWH (4.5094%); HDMV (1.9977%); IDLV (0.8519%); TPIF (0.7105%)
000270.KS,RFEM (2.5516%); BCHI (2.4091%)
0003.HK,HDMV (1.7352%)
0006.HK,EWH (3.0711%)
000660.KS,EWY (27.1714%); FLKR (23.6532%); FTHF (18.9251%); EEMO (16.7394%); DRAM (15.8942%); DEHP (14.3858%); KMCA (14.3445%); NXTE (12.9964%); FRDM (12.2751%); STXE (10.496%); EMCS (10.154%); EMEQ (9.9892%); ECON (9.7384%); NTSE (9.4563%); AVSE (9.4371%); EMXC (9.4188%); AVXC (9.3982%); NUEM (9.2345%); FFEM (9.024%); AIS (8.815%); EMES (8.7354%); DEXC (8.7196%); DIEM (8.6969%); AVEM (8.643%); AAXJ (8.5111%); UMMA (8.3876%); EMDM (8.368%); TEMX (8.3629%); BREE (8.2778%); REMG (8.2663%); DFEV (8.1177%); AIQ (8.0892%); BAI (8.0067%); ESGE (7.8579%); FLAX (7.7189%); EEMX (7.6731%); JHEM (7.6542%); AGEM (7.6532%); EEM (7.6305%); XAIX (7.6153%); TEK (7.5645%); VPL (7.5159%); FAI (7.5114%); BBEM (7.4226%); EMMF (7.4154%); OAEM (7.3905%); DBEM (7.3073%); LDEM (7.2666%); BKEM (7.234%); EQLT (7.1859%); GSEE (7.1832%); CGNG (7.1795%); PATN (7.1699%); MEMA (7.0958%); JADE (7.0577%); JEMA (7.025%); KEMX (6.9486%); EMXF (6.9258%); PJIO (6.8319%); CHPS (6.7359%); IEMG (6.7009%); FEMR (6.6386%); BCEM (6.5875%); XSOE (6.5296%); WCME (6.5285%); FDEM (6.397%); DFAE (6.3263%); EMGF (6.2867%); GEM (6.273%); OAIM (6.2387%); TLTE (6.2012%); PIEL (6.1847%); DFEM (5.8638%); PEMX (5.7536%); EMCR (5.724%); DFSE (5.7004%); TEKY (5.6545%); KNCT (5.4719%); CGGO (5.424%); DTCR (5.4128%); CHPX (5.3373%); IGPT (5.3299%); MEMX (5.3064%); AIA (5.2982%); EXUS (5.2016%); EMEM (5.1534%); CHAT (5.1163%); MTRA (5.1015%); MINV (4.9749%); SEEM (4.9327%); TTEQ (4.9209%); IMFL (4.8817%); MKOR (4.7635%); XCEM (4.6808%); ASIA (4.6099%); MEM (4.4625%); QLVE (4.4044%); SPWO (4.3425%); EEMA (4.1226%); EMC (4.1015%); EFFE (4.0953%); AIVC (4.062%); EMM (4.0434%); BIDD (3.9841%); KEMQ (3.8998%); PTIN (3.835%); FFGX (3.6031%); CGXU (3.553%); ARTY (3.5416%); CGGE (3.4057%); FPA (3.3603%); IXN (3.2708%); HFXI (3.2285%); SCHF (3.1934%); BRIE (3.0156%); VEA (2.9944%); CVIE (2.9884%); VSGX (2.9098%); SROI (2.8438%); SPDW (2.7845%); PIZ (2.78%); TIER (2.5812%); CGIC (2.5515%); ACWX (2.5503%); CWI (2.5453%); DGRE (2.5344%); GXUS (2.5025%); SFTX (2.4782%); FRGN (2.4728%); TDI (2.4334%); DBAW (2.4183%); VEU (2.3866%); CGIE (2.3697%); IXUS (2.2123%); VXUS (2.1709%); ROAM (2.1317%); EEMV (2.0914%); IQDF (1.9519%); MFEM (1.9326%); IQDY (1.588%); QEMM (1.3014%); FDT (1.2936%); DOL (1.2906%); DFAX (1.1537%); PXF (1.1324%); FNDF (1.0922%); JPIN (0.5921%)
000762.SZ,ION (3.2809%)
000977.SZ,DRGN (5.6616%)
001309.SZ,ASHS (1.3179%)
0016.HK,EWH (4.1867%); IFGL (2.6037%); GQRE (2.4436%); VNQI (2.1052%); HAUZ (1.9531%)
002008.SZ,ASHS (1.1172%)
002236.SZ,DRGN (4.899%)
002240.SZ,ION (3.5051%)
002281.SZ,ASHS (1.1281%)
002353.SZ,MCHS (4.8853%)
002371.SZ,LIT (7.892%); SMHC (5.8463%); KBA (3.2875%); EMDV (3.1874%); JCHI (2.8261%); ASIA (2.6364%); MINV (2.5951%); GTEK (2.3644%); CNQQ (2.2665%); CQQQ (1.6688%); ASHR (1.3483%); CNYA (1.2179%)
002384.SZ,SMHC (4.6759%)
002460.SZ,ILIT (4.3784%); LIMI (3.8714%)
002463.SZ,KCAI (3.9635%)
002466.SZ,LIMI (5.501%); ION (3.7967%)
002475.SZ,NBCE (3.1787%)
002594.SZ,KARS (3.6387%)
002648.SZ,KCAI (3.2315%)
002709.SZ,LIMI (7.004%); ILIT (4.3505%)
002747.SZ,BOTT (4.7285%)
002851.SZ,MCHS (3.6321%)
002979.SZ,KOID (2.435%)
003230.KS,BCIL (3.859%)
003570.KS,KDEF (4.088%)
00358,EPEM (2.5692%)
004170.KS,FDTS (0.9875%); FNDC (0.2514%); PDN (0.2344%)
005380.KS,HUMN (3.7807%); MFEM (2.1556%); FLKR (2.1263%); EWY (1.7369%); EMMF (1.3869%); AVXC (0.5538%)
005930.KS,EWY (23.191%); MKOR (20.4504%); AIA (17.1082%); FLKR (15.5455%); DRAM (14.3716%); TEMX (13.594%); STXE (13.2324%); FRDM (13.0666%); BCHI (13.0365%); NTSE (12.2323%); EMDM (11.7542%); EMCS (11.6501%); FTHF (11.5126%); MEMA (11.476%); PEMX (11.372%); ASIA (11.3281%); FFEM (10.941%); OAEM (10.9357%); MEMX (10.7913%); EEMO (10.3108%); DGRE (10.2304%); EMXC (10.0514%); EMEM (9.5805%); EMEQ (9.5597%); XCEM (9.5021%); JEMA (9.3012%); UMMA (9.137%); AAXJ (9.0699%); EPEM (8.8809%); KMCA (8.5437%); EEMX (8.4436%); JADE (8.3116%); ESGE (8.2918%); XAIX (8.2322%); FDEM (8.2013%); EEM (8.1436%); ADVE (8.1175%); FLAX (8.0869%); XSOE (7.9559%); VPL (7.8696%); DBEM (7.8068%); PIEQ (7.7535%); KEMX (7.7475%); KNCT (7.7356%); EMSF (7.7121%); REMG (7.6992%); EMM (7.696%); BBEM (7.6949%); EMGF (7.693%); BCEM (7.6608%); QLVE (7.6491%); DIEM (7.5982%); BKEM (7.5145%); GEM (7.456%); GSEE (7.4545%); PATN (7.2472%); IEMG (7.153%); DINT (7.144%); SEEM (7.0936%); IMFL (6.8469%); MEM (6.7082%); PJIO (6.632%); MINV (6.6132%); TLTE (6.4491%); FEMR (6.4271%); EMCR (6.2842%); BREE (6.2726%); AMEM (6.2197%); ECON (5.9332%); JHEM (5.8347%); DFAE (5.8108%); EMMF (5.8078%); TEK (5.5699%); EVLU (5.4857%); EEMA (5.4784%); JDVI (5.4752%); PXF (5.3895%); CARZ (5.2023%); AIQ (5.055%); DFEM (5.0151%); SPWO (5.0006%); WCME (4.9437%); PIEL (4.8583%); DEXC (4.8125%); DWLD (4.6986%); FEOE (4.6552%); PTIN (4.4409%); FNDF (4.4125%); FFGX (4.3706%); WTAI (4.3693%); RGEF (4.3639%); JIVE (4.3549%); HFXI (4.2588%); GKAT (4.2221%); FRWD (4.138%); MFSI (4.0332%); JIG (3.8264%); IXN (3.7875%); EPIN (3.6061%); DOL (3.5654%); CVIE (3.5561%); FEGE (3.4927%); CHAT (3.4396%); SCHF (3.2683%); BIDD (3.1391%); VEA (3.1354%); VSGX (3.047%); TDI (2.9663%); JDIV (2.8423%); CGNG (2.8296%); CGXU (2.7593%); ACWX (2.7212%); GEME (2.7111%); IOO (2.6864%); SFTX (2.6775%); FRGN (2.6709%); GXUS (2.6007%); DBAW (2.581%); DFSE (2.5723%); CGGO (2.5492%); CGIC (2.5471%); VEU (2.4997%); MTRA (2.4128%); IXUS (2.3609%); IQDF (2.3024%); VXUS (2.2732%); LEGR (2.1313%); FPA (2.0458%); IQDY (1.9758%); QEMM (1.7371%); EEMV (1.6695%); DFAX (1.5889%); MFEM (1.5277%); TOUS (1.2871%); ROAM (1.2702%); DFEV (1.2579%); JSTC (0.9871%); VIDI (0.9307%); FDT (0.787%); JPIN (0.4845%)
005935,EMES (12.1479%); AGEM (11.7057%); GEME (6.535%); EEMO (4.4548%); AGQI (3.8453%); KAT (3.7807%); MKOR (2.7267%); BREE (2.6775%); BRIE (2.5748%); EMEQ (2.3762%); QLVE (2.0814%); FLKR (1.7151%); EEMV (1.6148%); STXE (1.4762%); DGRE (1.0996%); EMXC (1.0915%); AAXJ (0.987%); EEMX (0.9253%); FLAX (0.8938%); EEM (0.8868%); BBEM (0.8583%); BKEM (0.826%); GSEE (0.8197%); GEM (0.8111%); IEMG (0.777%); TLTE (0.7163%)
006400.KS,CTEC (6.3183%); IBAT (4.1342%); LIT (4.07%); SMOG (4.0383%); IDRV (3.7357%); KARS (3.3609%); KMCA (2.9038%)
007660.KS,KMCA (3.3719%)
007810.KS,FDTS (0.5361%)
00857,FCA (3.6703%)
009150.KS,KMCA (15.2987%); FPA (6.8594%); MINV (5.4382%); MKOR (4.755%); ROAM (3.6774%); EWY (3.6251%); FLKR (3.6055%); MEM (3.1705%); NUEM (3.1414%); EEMV (3.0473%); PEMX (2.5292%); MFEM (2.3444%); FDT (2.1114%); EEMO (1.8306%); KEMX (1.7948%); LDEM (1.6957%); REMG (1.4892%); FEMR (1.4208%); EMXF (1.3867%); XCEM (1.3273%); QEMM (1.0386%); AVSE (0.7941%); EMGF (0.729%); DEXC (0.6532%); DFEM (0.6276%); TPIF (0.5368%)
00939,FXI (8.9377%); DEM (4.0765%); MCHI (3.6525%); FLCH (3.2897%); ADIV (3.12%); GXC (3.0668%); JCHI (3.0153%); DVYE (2.9023%); EVLU (2.5132%); PXH (2.4522%); FNDE (2.3927%); AIA (2.0767%); BKF (2.0723%); BREE (1.9516%); LDEM (1.8616%); DFEV (1.7786%); NUEM (1.7461%); FFEM (1.5489%); JPEM (1.5447%); ECON (1.5372%); EMXF (1.5265%); QEMM (1.2176%); NTSE (1.0921%); GMF (1.0298%); ESGE (1.012%); SCHE (0.8812%); EMGF (0.8665%); AVSE (0.8544%); AVEM (0.8422%); JHEM (0.807%); SPEM (0.8064%); VWO (0.7456%); GSEE (0.7273%); BKEM (0.7263%); DFAE (0.6644%); TLTE (0.655%); DFEM (0.6432%); DFSE (0.6236%)
0100.HK,LOUP (3.506%)
010120.KS,POW (4.0152%); KMCA (2.3737%)
01072,FCA (3.0935%)
010820.KS,KDEF (3.5884%)
011070.KS,FPA (2.5659%); CGV (1.9974%); VIDI (1.6818%); FDT (1.3168%); AVES (1.0408%); AVEE (1.0243%); EEMS (0.5188%)
011200.KS,BOAT (4.9529%)
01211,KTEC (7.7556%); KGRN (7.4721%); CHIQ (6.5217%); SMOG (4.5042%); BATT (4.2917%); ERTH (3.9243%); FDRV (3.8761%); FXI (3.1271%)
012450.KS,KDEF (18.9827%); WDAF (6.8226%)
01398,FXI (6.0751%); ADIV (3.1888%); DEM (2.4755%); FLCH (2.361%); DVYE (2.2571%); MCHI (2.2472%); RFEM (1.952%); GXC (1.9197%); PXH (1.7374%); FNDE (1.4607%); BKF (1.2724%); DFEV (1.085%); UEVM (1.0562%); QEMM (0.9632%)
0148.HK,ECNS (6.1348%); FPA (4.6683%); MCH (4.663%); FDT (1.7948%); VIDI (1.7707%); AVEE (0.6087%); EEMS (0.5284%)
0175.HK,CHIQ (3.6437%)
01772,LITP (9.8762%)
017800.KS,FGD (1.8681%)
0189.HK,ECNS (2.0659%)
02318,PCCE (4.0626%); FXI (3.8652%); MCH (2.7201%); MCHI (1.7899%); FLCH (1.5259%); GXC (1.2664%)
02338,EPEM (2.4597%); FEM (1.2829%)
02359,KURE (3.3797%); MDEV (2.4369%)
0257.HK,ECNS (1.388%)
02628,FCA (2.8203%); MCH (2.5482%)
028260.KS,EMEQ (4.4946%); NUKZ (3.8495%); URA (3.7569%); EFFE (3.2966%); MKOR (2.9018%); EWY (1.1908%)
0288.HK,SDG (3.1912%); DIM (0.9231%); DEEF (0.4545%)
02899,RING (3.2537%); FTRI (3.2389%); JADE (1.153%)
0293.HK,FYLD (1.0228%)
0316.HK,SEA (4.9297%); BOAT (4.7198%)
032830.KS,FPA (1.9508%); EYLD (1.3635%); EWY (1.0627%); FNDC (0.3197%)
034020.KS,TNUK (6.7756%); FLKR (1.2304%); EWY (1.1066%)
034730.KS,GEME (4.8408%); MKOR (3.6545%); ADVE (2.2154%); FPA (2.1277%); FDT (0.8187%); JPIN (0.4797%)
035420.KS,SOCL (8.5322%)
036930.KQ,GWX (0.2737%)
03750,FPXI (8.3472%); CTEC (6.2253%); KGRN (5.4241%); ETEC (4.9685%); FDRV (4.7666%); IDRV (4.3236%); IBAT (3.5653%); MTRA (3.0071%); ERTH (2.2634%)
0386.HK,OBOR (1.7972%)
0388.HK,EWH (14.999%); PCCE (6.9708%); FDIQ (4.4614%)
03968,EMOP (2.6519%); EMKT (2.2168%); UEVM (1.0593%)
03986,FPXI (4.2821%)
03988,FXI (3.9458%); GSIB (3.5984%); DVYE (2.2284%); MCHI (1.7963%); FLCH (1.5528%); GXC (1.5299%); EEMV (1.2989%); UEVM (1.164%); JPEM (0.9329%)
0425.HK,ECNS (1.6089%)
042700.KS,KMCA (3.1159%)
047040.KS,FNDC (0.2984%); PDN (0.2179%)
047810.KS,WDAF (7.1249%); KDEF (4.7754%)
0522.HK,MCHS (3.973%); IMOM (2.3111%); PDN (0.4115%); FNDC (0.2524%)
055550.KS,FLKR (1.2958%); EWY (1.1866%)
0586.HK,ECNS (1.3057%)
06099,MCH (2.6183%)
064350.KS,KDEF (18.3874%); WDAF (6.488%); WCME (2.755%)
066570.KS,AVES (1.0764%); VIDI (0.8934%)
0669.HK,EWH (5.575%); IDVY (1.2903%)
0700.HK,MCHI (14.2126%); FLCH (12.3743%); MCH (12.0881%); PCCE (11.1627%); JCHI (10.8426%); KWEB (10.4586%); GXC (9.9013%); FDNI (9.7157%); KTEC (9.2349%); FXI (9.2212%); GAMR (9.1488%); SOCL (9.1194%); CGRO (8.8413%); CQQQ (8.4363%); BKF (8.0442%); ODDS (7.6472%); CXSE (7.1954%); CNQQ (7.0943%); ESPO (6.9469%); EMQQ (6.9422%); LDEM (4.5733%); IXP (4.4985%); AIA (4.4551%); FFEM (4.4213%); EMCS (4.4006%); EMXF (4.3765%); PCGG (4.2824%); EMES (3.6483%); DNL (3.5934%); EMCR (3.5241%); PATN (3.5074%); TCHI (3.47%); EMC (3.4472%); BGGG (3.3587%); EEMA (3.3359%); JEMA (3.3119%); GMF (3.2739%); NTSE (3.2737%); BIDD (3.2582%); JADE (3.1873%); SCHE (3.1651%); DEHP (3.1153%); RFEM (3.0826%); AAXJ (3.032%); NUEM (3.0131%); EMKT (2.9686%); EQLT (2.8895%); EPEM (2.8608%); EMMF (2.8514%); FDEM (2.8485%); EEMX (2.8457%); VWO (2.8228%); EMEQ (2.8155%); FLAX (2.7764%); EEM (2.7267%); SPEM (2.7224%); SEEM (2.6862%); DBEM (2.6227%); RNEM (2.5936%); XSOE (2.5799%); EMGF (2.5707%); BKEM (2.5521%); GSEE (2.5424%); BBEM (2.538%); GEM (2.5111%); REMG (2.4697%); ESGE (2.4309%); MEM (2.416%); IEMG (2.3949%); BCEM (2.3453%); QLVE (2.2975%); DFSE (2.2759%); DFAE (2.2573%); ASIA (2.2375%); JHEM (2.2107%); PXH (2.0795%); FEMR (1.9693%); CGNG (1.9582%); FNDE (1.8082%); FFGX (1.7528%); DFEM (1.6855%); AVEM (1.5332%); AVSE (1.3504%); TLTE (1.249%); DIEM (1.1246%); GINN (1.0992%); TIER (1.097%); ACWX (0.9131%); CWI (0.881%); DBAW (0.8735%); GXUS (0.8734%); VEU (0.8417%); IXUS (0.7898%); VXUS (0.7651%); DFAX (0.4483%)
071050.KS,MEM (2.1595%)
0788.HK,SRVR (1.9888%)
079550.KS,KDEF (6.3792%); WDAF (4.4616%)
080220.KQ,FDTS (0.9307%)
0823.HK,EWH (3.6318%); RWX (2.6678%); FIDI (2.3696%)
084370.KQ,EMSF (4.5253%); MEMS (3.999%)
086790.KS,ADVE (2.9005%); MKOR (2.6541%)
095610.KQ,FDTS (0.5905%)
097230.KS,KDEF (3.8619%)
0992.HK,TCHI (4.5145%); EFFE (4.0233%); EQLT (3.6272%); FID (3.0944%); WDIV (2.2364%); EMKT (2.0529%); NUEM (1.7382%); JADE (1.2747%); MFEM (1.2428%); DFSE (0.8287%)
1010.SR,FLSA (3.2365%); KSA (3.1725%)
1015.KL,EWM (3.4795%)
1023.KL,EWM (12.7534%); ASEA (2.7108%)
1024.HK,SOCL (6.9894%); KTEC (4.2212%); KWEB (4.0839%); CQQQ (3.8013%); TCHI (2.8159%)
103140.KS,KDEF (4.0898%)
1044.HK,UEVM (1.0727%)
105560.KS,MKOR (2.941%); FLKR (1.7343%); EWY (1.5761%); EYLD (1.341%)
1060.SR,KSA (2.6481%); FLSA (2.5296%)
1066.KL,EWM (3.3731%); UEVM (1.118%)
1070.HK,ECNS (1.1243%)
108490.KS,HUMN (3.4854%)
1093.HK,OZEM (5.3184%); KURE (3.7111%)
1099.HK,UEVM (1.0488%)
1113.HK,EWH (3.1205%)
1120.SR,FLSA (14.4795%); KSA (14.2006%); XC (2.2672%); STXE (1.3836%); XSOE (1.0902%)
1150.SR,KSA (2.9196%); FLSA (2.8358%)
1155.KL,EWM (13.6095%); ASEA (3.5597%)
1164.HK,URNM (4.2631%); URNJ (4.2589%)
1177.HK,KURE (3.4142%)
1180.SR,FLSA (8.5084%); KSA (8.1355%)
1209.HK,PCCE (3.6967%); FDEM (1.4283%)
1211.SR,FLSA (6.3828%); KSA (4.4682%)
1216.TW,SDG (3.2413%)
1295.KL,EWM (16.2681%); ASEA (3.0665%)
1299.HK,EWH (21.0598%); PCCE (7.3929%); BBAX (4.5384%); DINT (4.48%); EPP (4.3867%); BKCI (4.3439%); OSEA (3.5978%); AIA (1.9883%); TDI (1.6441%)
1303.TW,KEMX (0.9909%)
1308.HK,SEA (4.851%); BOAT (4.7539%)
131290.KQ,FDTS (0.7268%)
1347.HK,CQQQ (4.9833%); KTEC (4.7567%); TCHI (4.143%); KEMQ (3.8393%); NBCE (2.9754%); ROAM (1.1258%)
1357.HK,ECNS (1.1245%)
145020.KS,MEMS (3.1227%)
1503.TW,PBD (1.224%)
1513.TW,EMSC (1.6995%); PBD (1.1636%)
1519.HK,IPOS (3.5093%)
1590.TW,EMES (2.1421%)
1605.T,CCNR (1.1598%)
1609.TW,PBD (1.118%)
1658.HK,UEVM (1.0952%)
1672.HK,OZEM (4.1982%)
1789.HK,PCCE (3.0618%)
1801.HK,KURE (8.875%); THNR (5.0004%)
1802.T,IVAL (2.065%)
1810.HK,KTEC (7.5641%); DRGN (4.6831%); CGRO (4.5082%); FXI (4.4059%); KARS (3.1057%); TCHI (2.6597%); CNQQ (2.3641%); MCHI (1.9933%); EVLU (1.764%); FLCH (1.7239%); CXSE (1.5228%); GXC (1.4273%)
1816.HK,KGRN (4.1895%)
1878.T,FIDI (2.3587%)
1888.HK,MCHS (5.7486%); FPA (5.3889%); CQQQ (3.7214%); NBCE (2.6743%); FDT (2.0729%); AVEE (0.5091%); PDN (0.4942%); FNDC (0.3778%)
1898.HK,FCA (2.873%)
1919.HK,SEA (4.8885%); FCA (3.4312%)
1925.T,VNQI (1.566%)
1942.T,CGV (3.1909%); FJP (1.8706%)
1944.T,NBJP (2.7443%)
1961.T,AZTD (2.4265%); DFJ (0.61%); ISCF (0.4544%)
1969.T,BCGS (2.0854%)
2010.SR,FLSA (4.2299%); KSA (3.0983%)
2015.HK,KGRN (5.258%); IDRV (3.5566%)
2020.HK,CHIQ (2.893%); RNEM (2.7484%)
2059.TW,EEMV (1.2842%)
2082.SR,FLSA (3.873%); KSA (2.8847%)
2162.HK,ECNS (1.2129%)
2222.SR,FLSA (11.653%); KSA (11.265%); DEM (1.9075%); QEMM (1.0062%)
2222.T,JAPN (3.7938%)
2239.TW,OILK (15.982%)
2259.HK,IPOS (2.5631%)
2269.HK,KURE (7.5757%)
2303.TW,EVLU (5.9662%); KEMQ (4.4284%); DEM (3.1744%); DSTX (3.0981%); FLTW (2.8078%); EWT (2.4956%); ROAM (2.2616%); OAEM (2.2146%); NUEM (2.1536%); EEMV (1.9569%); NXTG (1.7916%); QLVE (1.4534%); EYLD (1.3733%); LDEM (1.2581%); AVXC (1.1777%); AVES (0.9576%); VIDI (0.9229%); DIEM (0.8354%); VEXC (0.794%); AVEM (0.7592%); XCNY (0.7293%)
2308.TW,FLTW (5.5102%); POW (5.0713%); EWT (4.2643%); BCHI (3.8955%); EEMO (3.6478%); TEMX (3.4863%); EMM (3.3698%); GTEK (3.2771%); FRDM (3.0841%); EMOP (3.0369%); LDEM (2.5921%); EMC (2.4988%); ASIA (2.4326%); AIA (2.3929%); PEMX (2.3522%); MFEM (2.3109%); SPTE (2.3084%); QEMM (2.2784%); MINV (2.1774%); NUEM (2.1294%); EMXF (2.1135%); ECON (1.8836%); XCNY (1.8526%); BCEM (1.8254%); FTHF (1.8149%); EMCS (1.755%); EMEM (1.5742%); FEMR (1.5553%); VEXC (1.5391%); REMG (1.5323%); FFEM (1.4978%); XCEM (1.4711%); EEMV (1.4392%); DEHP (1.3153%); SEEM (1.2878%); KEMX (1.2844%); SPWO (1.2604%); JEMA (1.2527%); GMF (1.2478%); EMCR (1.2154%); EEMA (1.206%); EMXC (1.1882%); STXE (1.1714%); ESGE (1.1506%); SPEM (1.1224%); SCHE (1.0881%); NTSE (1.0649%); AAXJ (1.0616%); EMGF (1.0583%); EEMX (1.0112%); VWO (0.9903%); EMMF (0.9703%); EEM (0.9632%); FLAX (0.9516%); DBEM (0.9134%); BBEM (0.9096%); BKEM (0.8972%); GSEE (0.865%); IEMG (0.8468%); XSOE (0.7742%); GEM (0.7458%); DFAE (0.7391%)
2313.TW,DGS (0.9413%)
2317.TW,EVLU (5.0696%); FLTW (4.4857%); EPEM (3.6342%); EWT (3.3949%); FNDE (2.8163%); PXH (2.7686%); EMM (2.6663%); FRDM (2.5001%); BREE (1.7192%); DFEV (1.6557%); ECON (1.5881%); EMCS (1.5075%); MEMX (1.4397%); FEMR (1.398%); VEXC (1.2367%); GMF (1.2026%); XCNY (1.1128%); JHEM (1.0605%); XCEM (1.0463%); NTSE (1.0205%); EEMA (1.0111%); EMCR (0.9885%); EMXC (0.9586%); SPEM (0.9277%); SCHE (0.8891%); EEMX (0.8112%); VWO (0.7963%); EEM (0.7776%); DFAE (0.776%); AVSE (0.7693%); AVXC (0.7616%); IEMG (0.6838%); TLTE (0.6219%)
2327.TW,FPXI (3.7358%); EWT (3.1964%); EVLU (2.971%); FLTW (2.6264%); DGRE (1.6879%); EEMO (1.5851%); ROAM (1.5374%); EMEM (1.4027%); MFEM (1.3268%); DFEV (1.2182%); JHEM (0.9876%)
2330.TW,VEXC (24.3925%); AIA (23.6503%); EWT (20.7434%); FLTW (19.8528%); XCNY (19.8432%); PEMX (19.6783%); EMCS (19.2405%); STXE (18.8421%); EMXC (18.5813%); NTSE (17.8412%); EMOP (17.1924%); SCHE (17.0839%); FFEM (16.7957%); AAXJ (16.7778%); NUEM (16.0905%); VWO (15.6747%); EEMX (15.4434%); QLVE (15.3579%); KEMX (15.2503%); DGRE (15.2056%); ESGE (15.1969%); EEM (15.053%); EEMA (15.0086%); FLAX (14.9468%); XCEM (14.8387%); MEM (14.837%); MEMA (14.7402%); SPEM (14.5665%); DBEM (14.4017%); BBEM (14.3734%); EPEM (14.1654%); GEM (13.9059%); JEMA (13.8453%); WCME (13.5696%); BKEM (13.5623%); GSEE (13.4873%); XSOE (13.2473%); IEMG (13.2198%); DIEM (13.1635%); OAEM (13.158%); JADE (12.823%); DFAE (12.6503%); FDEM (12.5734%); EMCR (12.2059%); AGEM (12.1806%); FEMR (11.7909%); BCEM (11.7436%); DEXC (11.7154%); REMG (11.6494%); SEEM (11.4498%); EMDM (11.3146%); DNL (11.2118%); GEME (11.0384%); RFEM (10.9735%); EMES (10.6159%); EMEQ (10.3646%); EMGF (10.2809%); TEMX (10.2403%); PATN (10.195%); DFEM (9.8462%); MTRA (9.6679%); EMM (9.3093%); EMKT (8.9343%); EMSF (8.4833%); DEHP (8.4188%); KNCT (8.4074%); EMMF (8.2444%); FTHF (8.0624%); DFSE (8.0147%); FFGX (7.9612%); BIDD (7.6964%); EXUS (7.5974%); WCMI (7.2005%); CGXU (6.9142%); TXUG (6.8487%); QEMM (6.8361%); TLTE (6.8144%); PXH (6.79%); FBOT (6.5421%); JDIV (6.3333%); EMC (6.2909%); TDI (6.2809%); FNDE (6.0871%); JIG (5.7687%); VSGX (5.7025%); CVIE (5.6913%); LDEM (5.299%); BGGG (5.2325%); AQLT (5.2282%); GMF (5.1926%); EMXF (5.0816%); ACWX (5.0309%); DOL (4.9783%); IXN (4.9037%); EPIN (4.8764%); WRND (4.8631%); DBAW (4.714%); IQDF (4.7093%); GXUS (4.6895%); ECON (4.6855%); ARTY (4.6673%); VEU (4.6572%); SFTX (4.5352%); FRGN (4.524%); AVEM (4.5187%); JHEM (4.4514%); OAIM (4.3937%); ASIA (4.3731%); IQDY (4.3636%); IXUS (4.3614%); VXUS (4.2491%); AGQI (4.0302%); EFFE (3.6484%); TIER (3.5415%); KEMQ (3.5281%); TXUE (3.1226%); IGRO (3.0516%); PIE (3.04%); AGIX (2.7151%); MEMX (2.7046%); ILOW (2.5169%); AVSE (2.3057%); MOTG (2.2397%); JIVE (2.192%); JPEM (2.1535%); KLMT (1.9816%); NZAC (1.8753%); CRBN (1.8654%); ACWI (1.8276%); FWD (1.795%); DFAX (1.714%); VT (1.6425%); EEMV (1.5432%); GLOF (1.4492%); MFEM (1.326%); ACWV (1.263%)
2337.TW,AVEE (0.9003%); DEXC (0.7254%); EWX (0.7069%); EEMS (0.4998%); VSS (0.2385%)
2344.TW,PIE (2.1294%); EMSC (2.1182%); EEMS (1.1836%)
2345.TW,EQLT (4.5162%); PIE (3.8712%); EFFE (3.1622%); OAEM (3.0068%); MEMX (2.0222%); EWT (2.0113%); FEM (1.705%); DGRE (1.5304%); KEMX (1.3499%); QEMM (1.0785%); DEHP (1.0275%); REMG (0.8365%); XCNY (0.7901%)
2360.TW,EMES (2.1922%); AVEM (0.6987%)
2368.TW,MEMS (2.8183%)
2377.TW,EPEM (3.3232%)
2382.TW,EFFE (3.7429%); EVLU (3.1968%); DEM (1.6002%)
2383.TW,EMSF (4.9189%); ADIV (3.8845%); MEMS (3.7232%); PJIO (3.7071%); FLTW (2.485%); GTEK (2.4841%); ASIA (2.4451%); EWT (2.3822%); MEM (2.131%); MEMX (2.0163%); FEM (1.7114%); EEMO (1.256%); ROAM (1.2448%); DEHP (1.0716%); DFSE (0.6095%)
2388.HK,EWH (4.5725%); ADIV (3.5248%); RODM (0.9773%)
2395.TW,SNSR (4.2657%)
2404.TW,PIE (3.4192%)
2408.TW,KEMQ (3.0913%); PIE (2.5078%); EEMS (0.9909%)
2409.TW,VIDI (1.0422%)
2412.TW,EEMV (1.2496%); ESGE (1.0898%); EELV (0.8377%)
2423.HK,KWEB (3.8984%)
2454.TW,FLTW (9.1461%); RFEM (7.4168%); DEM (6.7712%); EWT (6.623%); FRDM (5.4626%); GTEK (4.7922%); GGME (4.7168%); EMM (4.423%); AIA (4.3447%); BCHI (4.3074%); EMC (4.2309%); SPTE (4.193%); EPEM (4.071%); AIVC (4.0017%); FDTX (3.8637%); SNSR (3.707%); AGEM (3.6693%); EMXF (3.3461%); EMEQ (3.2337%); EPIN (3.218%); QEMM (3.1831%); MEMX (3.1759%); FTHF (3.0708%); ECON (2.9118%); EMKT (2.8506%); DEHP (2.7729%); IQDY (2.7207%); XCNY (2.6886%); KEMX (2.5963%); VEXC (2.5459%); GEME (2.538%); FFEM (2.5173%); IQDF (2.4668%); CGIC (2.4396%); JHEM (2.3684%); EMCS (2.3174%); SPWO (2.2725%); PXH (2.2127%); FEMR (2.2102%); GMF (2.1915%); EEMA (2.0428%); DGRE (1.9754%); STXE (1.9417%); EMXC (1.9159%); EMEM (1.907%); DIEM (1.8478%); AVSE (1.8427%); SPEM (1.8076%); NTSE (1.8031%); REMG (1.7472%); AAXJ (1.738%); SCHE (1.7037%); VWO (1.6383%); EMGF (1.6196%); MFEM (1.617%); EEMX (1.6142%); FLAX (1.5995%); BBEM (1.5921%); FDEM (1.59%); XSOE (1.573%); SEEM (1.5714%); BREE (1.5584%); EEM (1.5535%); ESGE (1.5237%); FNDE (1.5217%); BKEM (1.5024%); DBEM (1.4919%); XCEM (1.4575%); ROAM (1.4512%); GSEE (1.4393%); GEM (1.4305%); DFEV (1.4122%); IEMG (1.3648%); JADE (1.3176%); AVXC (1.3133%); DOL (1.2857%); JEMA (1.2813%); EMCR (1.2388%); DFAE (1.1501%); EMMF (1.1316%); AVEM (1.102%); QLVE (1.0932%); JPEM (1.0834%); DFSE (0.9382%); TLTE (0.7635%); DEXC (0.6733%)
2457.TW,PBD (1.1918%)
2489.TW,FEMS (1.125%)
2492.TW,EWX (0.4757%)
2501.TW,OAEM (2.879%)
2513.HK,CHAT (4.4454%); FPXI (4.2231%)
259960.KS,HERO (5.2286%)
2603.TW,DVYE (2.9557%)
2615.TW,SEA (3.9063%)
2618.HK,FCA (3.7319%)
2618.TW,SDEM (2.5296%); FEM (1.3647%)
2633.TW,EELV (0.82%)
2638.HK,IDLV (0.7714%)
2645.TW,EMSC (1.7609%)
267260.KS,EMSF (2.4936%); KMCA (2.3409%)
2689.HK,WOOD (5.0381%)
271560.KS,FDEM (1.4504%)
272210.KS,WDAF (5.1394%); KDEF (3.553%)
277810.KS,HUMN (3.2667%)
2801.TW,EELV (0.7772%)
2812.TW,EELV (0.7496%)
2834.TW,EELV (0.7574%)
285A.T,RAYJ (11.8122%); IPOS (10.4659%); FPXI (8.4879%); OPPJ (7.0279%); WCMI (6.4586%); GRIN (4.4784%); DRAM (4.359%); WCMG (4.3331%); WTAI (3.9827%); FIVA (3.9202%); BBJP (3.5423%); EWJ (3.4%); DBJP (3.2734%); TRFK (3.1772%); NBJP (3.1448%); FLJP (2.9701%); FLJH (2.9168%); IDMO (2.8283%); JPAN (2.7691%); IMTM (2.459%); IFLO (2.2679%); IPAC (1.8973%); EFG (1.5733%); IVLU (1.5343%); VPL (1.4983%)
2875.T,IVAL (2.0872%)
2881.TW,AVES (1.1066%)
2890.TW,OAEM (3.1851%)
2891.TW,FLTW (1.8384%); JPEM (0.8883%)
2914.T,DXJ (2.1926%)
298040.KS,POW (4.3069%); AVEE (0.6382%)
300014.SZ,EART (3.8056%); LIT (3.7528%)
300037.SZ,LIMI (3.3431%)
300059.SZ,CNXT (3.5115%)
300124.SZ,BOTZ (4.0922%)
300136.SZ,ASHS (1.0226%)
300274.SZ,KGRN (3.9852%); CNXT (3.1332%)
300285.SZ,NBCE (2.2906%)
300308.SZ,CNXT (14.5576%); CNQQ (7.3477%); KBA (7.2324%); CXSE (5.2441%); ASHR (4.8043%); EFFE (3.9364%); NBCE (3.7875%); KCAI (3.5296%); JCHI (3.3867%); CNYA (2.6646%); EQLT (2.1577%)
300394.SZ,KCAI (3.7854%); EMDV (2.6227%); CNXT (2.5398%)
300408.SZ,NBCE (3.2406%); CNXT (2.8538%)
300476.SZ,CNXT (2.6457%)
300502.SZ,CNXT (9.5599%); SMHC (6.3621%); KBA (4.3275%); CXSE (3.3033%); ASHR (2.8797%); CNQQ (2.5624%); CNYA (1.5859%)
300604.SZ,CNXT (2.0961%); ASHS (1.3542%)
300750.SZ,CNXT (13.965%); KBA (8.5089%); PCCE (7.0097%); BATT (6.7672%); CNQQ (5.842%); KGRN (5.3062%); CXSE (4.6559%); KARS (4.0229%); JCHI (4.0163%); NBCE (3.8199%); NXTE (3.7387%); LIT (3.6576%); GEME (3.6521%); ASHR (3.5282%); CNYA (3.2841%); BGGG (3.1226%); EMES (2.5242%); ERTH (2.216%); MINV (2.214%); FFEM (2.0973%); EMKT (2.0311%); AGEM (1.7709%); JADE (1.2119%)
300757.SZ,BOTZ (2.7882%)
300760.SZ,KURE (4.3111%)
300857.SZ,ASHS (1.0144%)
300866.SZ,CGRO (4.32%)
301308.SZ,CNXT (2.3305%)
301511.SZ,COPA (3.7622%)
3017.TW,FEM (1.3092%)
3023.TW,EDIV (2.6214%)
3026.TW,EYLD (2.6199%); FEMS (1.9888%)
3034.TW,RNEM (4.1365%); ADIV (3.5787%); DVYE (2.5671%)
3037.TW,RFEM (4.4001%); MINV (2.5576%); EWT (2.3891%); FLTW (2.067%); FEM (1.965%); AVES (1.2601%); DFEM (0.5291%)
3044.TW,EYLD (1.3543%)
3081.TWO,EWX (0.4081%)
3092.T,MOTI (2.6295%)
3099.T,IDVY (1.3854%); SCJ (0.6005%)
3105.TWO,EWX (0.4094%)
3110.T,GWX (0.267%)
3189.TW,FEM (2.9373%); EWX (0.6942%); EEMS (0.5539%); AVEE (0.4226%); VSS (0.2428%)
319660.KS,MKOR (4.134%); FDTS (0.7753%)
3231.TW,EFFE (3.5999%); EMDV (2.6544%)
329180.KS,KDEF (4.7613%); AVES (1.0105%)
3293.TWO,HERO (5.8411%)
3323.HK,FCA (3.0261%)
336260.KS,HYDR (9.4135%)
3393.HK,MCHS (2.9808%)
3436.T,SCJ (0.6581%); AVDS (0.3018%)
3443.TW,ARTY (3.1017%); RFEM (2.0772%)
3455.TWO,EYLD (1.7161%)
3481.TW,SDEM (3.5635%); DGS (3.2569%); FEM (2.3778%); AVES (1.769%); VIDI (1.3124%)
353200.KS,KMCA (4.7846%); FDTS (0.6293%)
3563.T,RAYJ (6.0815%)
3617.TW,EMSC (1.632%)
3659.T,NERD (3.3089%)
3661.TW,EFFE (3.1353%)
3665.TW,BCHI (2.4592%)
3690.HK,KTEC (8.2954%); CHIQ (8.2881%); CQQQ (8.0311%); KWEB (6.8369%); FXI (4.3726%); CGRO (4.3201%); EMQQ (3.8993%); MCH (2.687%); CNQQ (2.3382%); MCHI (1.853%); FLCH (1.7409%); GXC (1.4661%)
3702.TW,DGS (0.7603%)
3711.TW,EPEM (4.7469%); EPIN (3.3542%); FLTW (3.3019%); EWT (3.0817%); MFEM (2.7629%); GTEK (2.3927%); DEHP (2.3754%); MEMX (1.9926%); NXTG (1.6283%); JADE (1.3633%); FEMR (1.2583%); EMXF (1.2462%); ECON (1.243%); JEMA (1.1435%); GMF (1.1365%); XCNY (1.0767%); VEXC (0.9393%); JHEM (0.93%); SPEM (0.8172%)
373220.KS,IDRV (3.8098%); LIT (3.2212%); KMCA (2.3189%)
3798.T,JAPN (3.8334%)
3808.HK,EYLD (1.3685%)
3861.T,WOOD (4.4756%)
3888.HK,DRGN (4.9375%)
3908.HK,MCH (3.1239%)
4004.T,RAYJ (8.438%); IBAT (3.8617%); FJP (2.2782%); BATT (2.2416%)
402340.KS,EMEQ (16.3278%); EMSF (8.955%); WCME (6.4552%); GEME (6.408%); EEMO (5.3435%); BCIL (5.1035%); MEM (4.8088%); MKOR (4.5638%); PIZ (4.5431%); TEMX (4.4885%); PEMX (4.3741%); EWY (4.2593%); ASIA (3.9315%); FPA (3.7267%); FLKR (3.7153%); MEMX (3.4112%); WTAI (3.4077%); GTEK (3.3818%); EMM (3.0752%); JIG (3.0692%); NUEM (2.6946%); BCGS (2.3632%); SEEM (2.2469%); EMC (2.2274%); LDEM (2.1749%); AIA (1.9715%); EMXF (1.7761%); KEMX (1.764%); BREE (1.7354%); EMCS (1.5688%); ECON (1.4503%); FDT (1.4331%); FEMR (1.4037%); JEMA (1.139%); EEMA (1.0363%); EMCR (1.015%); EMXC (1.0072%); EMGF (0.9305%); XCEM (0.9166%); AAXJ (0.9102%); EEMX (0.8528%); EEM (0.8172%); FLAX (0.8016%); DBEM (0.7862%); IEMG (0.7181%); TLTE (0.5976%)
4062.T,NBJP (3.8129%); FJP (2.9787%); FNDC (0.5375%)
4063.T,IPAV (3.0663%); JPAN (2.8996%); MXI (2.8264%)
4186.T,FJP (1.6381%)
4205.T,TINT (6.1635%)
420770.KS,FDTS (0.8313%)
4385.T,DFIS (0.3742%)
4419.T,JAPN (4.7382%)
4502.T,BINV (2.36%); ICOW (2.1189%); IDOG (2.0848%); EFAV (1.3835%)
4503.T,IDOG (2.0884%); DIM (0.6886%)
4519.T,THNR (4.5673%); OZEM (4.5088%); RAYJ (3.4076%)
4528.T,CGV (2.0118%)
454910.KS,HUMN (3.2292%)
4578.T,ASD (2.9525%)
4681.T,JAPN (4.5452%)
4751.T,IVAL (2.0809%)
4958.TW,VIDI (1.9575%); AVES (1.0634%)
500034,INQQ (7.9722%); FMQQ (6.6283%); EMQQ (3.7879%); INDE (3.6628%); TEMX (3.1313%); GIND (2.5839%); NFTY (2.0368%); INDA (1.9244%); FLIN (1.6943%)
500087,NFTY (2.0473%)
500124,INDQ (5.1634%); NFTY (2.0522%)
500251,GLIN (5.3195%); INCO (5.005%)
500312,EPI (2.5682%)
500387,RNEM (2.4472%)
500480,BCHI (2.1752%)
500696,INCO (4.6627%)
500850,IOPP (5.3114%)
5016.T,IPOS (8.5115%); EAFG (4.2765%)
5020.T,CRAK (5.1518%)
5021.T,FYLD (1.023%)
5076.T,DFJ (0.5954%)
517569,SMIN (0.9881%)
5211.KL,EWM (3.0747%)
5225.KL,EWM (3.1808%)
5274.TWO,EQLT (4.2654%); MEMS (2.2788%); ROAM (1.3028%)
5285.KL,UEVM (1.1692%)
531642,IOPP (4.6639%); EMSF (2.8895%)
532497,MEMS (2.3023%); SMIN (0.8511%)
5332.T,SCJ (0.5525%)
5333.T,EVX (5.4218%); FJP (3.1458%); SCJ (0.7469%); SCZ (0.2901%)
5334.T,NBJP (3.6793%); IDVY (1.5435%); SCJ (0.7493%); SCZ (0.2789%)
5347.KL,EWM (8.2315%); ASEA (2.9209%)
5347.TWO,KEMQ (3.2851%); FID (1.9871%); WDIV (1.4492%)
5393.T,DFJ (0.5969%)
5398.KL,EWM (5.1509%)
5401.T,SLX (4.7746%)
5434.TW,PIE (3.6116%)
5483.TWO,EDIV (3.4852%); PBD (1.1933%)
5541.T,ION (3.1473%)
5706.T,FJP (3.383%); AVDV (1.1723%); AVDS (0.2705%)
5711.T,DISV (0.543%)
5801.T,IBAT (3.9607%); PIZ (2.2951%); FDT (0.8005%)
5802.T,NBJP (3.9878%); FJP (2.0717%); IDVY (1.688%)
5803.T,IPAV (3.9448%); PIZ (3.7516%); AMGR (3.0048%); FJP (2.4042%); GRIN (2.2354%); NXTG (1.905%); IDVY (1.1992%); DFAX (0.4888%)
5831.T,SCJ (0.5647%)
5832.T,DFJ (0.6717%)
5844.T,OAIM (3.1641%)
5880.TW,EELV (0.9702%)
600036.SS,JCHI (3.9076%); ASHR (1.4966%); CNYA (1.3915%)
600111.SS,REMX (6.8276%); EART (4.1223%)
600160.SS,KCAI (4.6407%)
600276.SS,KURE (4.6288%)
600392.SS,REMX (4.0346%)
600519.SS,KBA (4.3284%); CNYA (2.8258%); JCHI (2.6315%); ASHR (2.5094%)
600522.SS,MCH (4.6249%); NBCE (3.5204%)
600549.SS,REMX (6.9261%); LIMI (3.4316%)
600900.SS,ICLN (5.7782%); VCLN (5.3296%); KGRN (5.2256%); OBOR (4.4206%); CNYA (1.2208%)
601138.SS,DRGN (5.8592%); KBA (3.9152%); CNYA (1.4418%); ECON (1.243%)
601169.SS,KCAI (3.1026%)
601318.SS,JCHI (3.8712%); CXSE (2.0938%); ASHR (1.7228%)
601398.SS,KCAI (3.1569%)
601881,KCAI (3.3304%)
601899.SS,KBA (5.0126%); ASHR (1.4174%)
601939.SS,KCAI (3.1046%)
601958.SS,REMX (6.0515%)
601985.SS,URAN (3.1231%)
601988.SS,KCAI (3.1343%)
603156.SS,KROP (4.7039%)
603163.SS,MCHS (4.2596%)
603259.SS,KURE (5.8365%); CGRO (4.8935%)
603666.SS,BOTT (4.5375%)
603699.SS,MCHS (3.0674%)
603799.SS,LIMI (5.3307%)
603986.SS,SMHC (6.8974%); CNQQ (3.5835%); ASHR (1.8714%); CXSE (1.8477%)
603993,KBA (2.9658%)
605376.SS,MCHS (6.858%)
6080.T,JAPN (4.3619%)
6082.HK,OND (4.8488%); TINY (4.705%)
6098.T,EFFI (3.9649%); JPY (3.4623%); JPAN (3.3585%)
6101.T,OPPJ (2.5224%); FDTS (0.5686%)
6113.T,NBJP (2.8623%)
6134.T,FDTS (0.555%)
6139.TW,EYLD (1.3166%)
6160.HK,KURE (8.9199%)
6196.TW,PIE (3.9715%)
6198.HK,FCA (3.2821%)
6213.TW,FEMS (2.0257%)
6223.TWO,ROAM (1.3841%); DFEM (0.5093%); AVEE (0.486%)
6238.T,JAPN (4.3066%)
6239.TW,EMSC (2.1441%); EYLD (1.3313%); DGS (1.1668%)
6257.TW,PIE (3.2519%)
6273.T,BOTZ (4.2949%); EXUS (3.1347%)
6274.TWO,DEXC (0.9719%); EEMS (0.7414%); AVEE (0.5396%); VSS (0.3543%)
6282.TW,PBD (1.1675%)
6285.TW,MINV (2.3724%); VIDI (0.853%)
6324.T,HUMN (4.5527%); KOID (3.1224%); ROBO (1.6953%)
6326.T,KROP (10.7505%); MOO (4.775%); FTAG (3.8306%); VEGI (3.0393%); CCNR (1.1369%)
6361.T,PIO (7.4575%); RAYJ (6.0458%); NBJP (3.0463%)
6367.T,EXUS (3.3047%)
6370.T,ETEC (6.366%)
6383.T,RAYJ (5.6707%); BOTZ (3.5556%); FBOT (3.2318%)
6407.T,GWX (0.2607%)
6409.TW,PBD (1.5505%)
6446.TW,RCGE (0.5991%)
6471.T,DFJ (0.5486%)
6481.T,FBOT (3.3738%); KOID (2.4548%); PDN (0.2343%)
6501.T,RCTR (4.3087%); JDVI (3.4615%); JPY (3.0691%); JPAN (2.982%); GSJY (2.4099%); EWJ (2.3875%); DBJP (2.3007%); BBJP (2.2676%); FLJP (1.9494%); FLJH (1.9078%); IQDY (1.5969%); IPAC (1.3329%)
6503.T,OAIM (4.1321%); THMZ (2.7623%); MFSI (1.8619%); JPXN (1.6367%)
6506.T,ETEC (5.155%); SCJ (0.7343%); SCZ (0.278%)
6515.TW,EWX (0.5845%)
6525.T,IPOS (8.8149%); FJP (1.655%); SCJ (1.1398%); SCZ (0.4177%)
6544.T,JAPN (4.9226%); ASCI (4.0472%)
6590.T,DFIS (0.3762%)
6669.TW,SDG (3.7693%); EFFE (3.1953%)
6691.TW,PIE (2.377%)
6723.T,MOTO (3.8784%); KOID (3.2754%); EAFG (2.898%); EWJV (2.0488%); TOUS (1.8508%); FIVA (1.7476%); WWJD (1.0021%); BLES (0.4794%)
6752.T,LIT (6.1884%); KARS (5.3136%); JPAN (2.8636%); EWJV (2.6002%); OPPJ (2.5935%); NUDM (1.863%)
6754.T,CGV (2.571%)
6758.T,GAMR (4.6783%); BNGE (4.2668%); JPAN (3.0384%); JPY (2.9451%); BIDD (2.6728%); EWJ (2.314%); DBJP (2.2293%); BBJP (2.1799%); GSJY (2.1211%); IVAL (2.0276%); FLJP (1.9124%); FLJH (1.872%); DIHP (1.438%)
6762.T,LIT (5.7883%); IBAT (5.6743%); BATT (3.3413%); JPY (2.5263%)
6814.T,JAPN (8.6728%)
6856.T,PDN (0.2474%)
6857.T,FPXI (9.3975%); JPAN (3.7946%); PJIO (3.7326%); BCIL (3.666%); RFDI (3.5953%); GSJY (3.5635%); EAFG (3.3997%); GRIN (3.1676%); RWIN (2.9931%); EWJ (2.8587%); DBJP (2.7548%); BBJP (2.7184%); JPXN (2.4648%); IDMO (2.4295%); IDHQ (2.4094%); FLJP (2.3121%); FLJH (2.2573%); IQDF (2.1296%); FFDI (1.9188%); FJP (1.8579%); IQLT (1.684%); IQDY (1.6032%); IPAC (1.5972%); FEDM (1.361%); DMXF (1.3427%); VPL (1.1449%); DWMF (0.9506%); GSIE (0.9192%); WWJD (0.7135%)
6861.T,BOTZ (9.7657%); IBOT (5.1404%); EFFI (3.5668%); OEFA (2.9675%); FBOT (2.6438%); FHIL (1.9937%)
6869.HK,FCA (14.359%); TCHI (2.6879%)
688008.SS,KSTR (8.7809%); DRGN (7.784%); SMHC (4.5756%); NBCE (4.4243%); MCH (2.351%)
688012.SS,KSTR (8.6797%); SMHC (6.2284%); MCHS (5.0264%); MINV (2.2157%)
688017.SS,BOTT (8.8334%); HUMN (4.2259%); KOID (3.3896%)
688041.SS,KSTR (8.5092%); DRGN (8.1257%); SMHC (7.574%); KBA (4.4119%); CQQQ (2.2423%); CNYA (1.6311%)
688072.SS,KSTR (4.7812%); SMHC (4.5104%)
688120.SS,KSTR (3.6219%); ASHS (1.1334%)
688165.SS,BOTT (5.2002%)
688200.SS,MCHS (5.1452%)
688256.SS,KSTR (9.8969%); SMHC (8.5586%); DRGN (7.432%); KBA (5.1292%); AIVC (3.3212%); NBCE (3.2486%); CNQQ (3.145%); CQQQ (2.6134%); CXSE (2.0527%); CNYA (1.8927%); ASHR (1.7069%)
688306.SS,BOTT (4.7538%)
688320.SS,BOTT (5.8029%)
688347,KSTR (3.8949%); ASHS (1.2119%)
688361.SS,ASHS (0.9373%)
688498.SS,DRGN (7.209%); KSTR (5.3355%); ASHS (1.6714%)
688521.SS,KSTR (4.4352%)
688525.SS,KSTR (5.3012%); SMHC (4.6501%)
688585.SS,HUMN (3.4911%)
6890.T,GWX (0.2745%)
6902.T,QINT (1.1212%)
6920.T,EAFG (3.6181%); EFAD (1.7612%)
6949.TW,FEMS (1.0085%)
6954.T,BOTZ (8.687%); IBOT (2.9339%); THMZ (2.4172%); ROBO (1.6488%)
6963.T,SCJ (0.7852%); SCZ (0.2944%)
6965.T,PDN (0.2307%)
6971.T,KNO (2.2308%)
6976.T,SCJ (1.1754%); AVDS (0.6095%); DDLS (0.5876%); DLS (0.5781%); SCZ (0.4243%); FNDC (0.3039%)
6981.T,IBAT (7.1869%); UMMA (3.4433%); EWJV (2.9752%); EPIN (2.9596%); JPXN (2.7476%); RGEF (2.7343%); BBJP (2.3571%); EFAD (2.3565%); EWJ (2.2284%); DBJP (2.1474%); DXJ (2.111%); GSJY (2.0352%); FLJP (1.9561%); FLJH (1.9122%); SEIE (1.8%); MFDX (0.8576%)
7010.SR,FLSA (6.2592%); KSA (5.4114%); EDIV (2.0728%); EVLU (1.5218%)
7011.T,WDAF (4.2938%); GEOA (2.3643%)
7012.T,RAYJ (4.865%); WDAF (4.2034%)
7189.T,ISCF (0.4356%)
7203.T,EWJV (6.4089%); IQDG (4.1225%); IHDG (4.0846%); DXJ (3.634%); BBJP (3.4862%); RXI (3.1275%); EWJ (3.1185%); DBJP (3.004%); FLJP (2.8754%); FLJH (2.7989%); GSJY (2.679%); DTAN (2.5332%); PATN (2.0749%); IPAC (1.7409%); IVLU (1.7211%); DFIV (1.6648%); EFV (1.4884%); VPL (1.3757%); IQSI (1.2387%); PRXI (1.1195%); DWM (1.0092%); DDWM (0.9801%); FNDF (0.8566%); PXF (0.8485%); TLTD (0.6529%)
7267.T,DVYA (4.7619%); IPKW (4.2306%); IDOG (2.1552%)
7278.T,DFJ (0.5587%)
7327.T,DFJ (0.7153%)
7532.T,JAPN (3.5841%)
7731.T,TINY (4.7389%)
7735.T,TINY (5.8659%); IDVY (1.7114%); DSTX (1.6722%); FIVA (1.4823%)
7741.T,TXUG (5.1684%); OSEA (4.3906%); CEFA (1.3972%)
7762.T,DFJ (0.5967%); GWX (0.2792%)
7832.T,ESPO (4.488%); NERD (4.2652%)
7936.T,RAYJ (5.145%); ASCI (3.9168%); BCIL (3.7111%)
7951.T,MUSQ (4.8492%)
7974.T,NERD (8.6941%); ESPO (6.5337%); HERO (4.7352%); GAMR (4.5896%); ODDS (4.048%)
8001.T,OPPJ (5.1811%); DINT (4.5793%)
8002.T,OPPJ (6.8593%)
8015.T,EFFI (2.986%)
8021.TW,FEMS (1.5343%)
8031.T,OPPJ (6.2217%); EWJV (2.6302%); JPXN (1.6078%)
8035.T,JPAN (6.1938%); VNIE (6.1565%); PCIG (5.1122%); NBJP (4.7142%); JPY (4.6622%); EAFG (4.3099%); EWJ (4.1743%); GSJY (4.1708%); DBJP (4.0214%); AGQI (4.0019%); BBJP (3.8928%); GEOA (3.6898%); ADVE (3.6467%); FLJP (3.3508%); FLJH (3.2904%); DXJ (3.2601%); OPPJ (3.1928%); UMMA (3.0818%); JPXN (2.9579%); IQDF (2.9253%); IQDY (2.8685%); PIEL (2.8341%); DNL (2.7768%); CGXU (2.7081%); GRIN (2.6456%); NVPS (2.6297%); CGIE (2.6222%); IDHQ (2.4656%); NUDM (2.4376%); VDI (2.3951%); IPAC (2.3294%); IHDG (2.2453%); IQDG (2.2401%); DMXF (1.9657%); EFG (1.9323%); EASG (1.8517%); DIHP (1.7871%); IQLT (1.6815%); VPL (1.6392%); HOLA (1.6351%); IQSI (1.585%); JIRE (1.5245%); IMTM (1.5113%); FENI (1.437%); SFTX (1.3471%); FRGN (1.3408%); NTSI (1.2256%); ENHI (1.2236%); ESGD (1.1566%); DWMF (1.1339%); EFAX (1.0613%); MFDX (1.0596%); DIVI (1.0547%); RINT (1.0339%); BBIN (0.9994%); EFA (0.9786%); DBEF (0.9107%); IEFA (0.8436%); AVSD (0.8085%); DFAI (0.7967%); EFAA (0.7854%); DFSI (0.6663%); JPIN (0.535%)
8046.TW,FEM (1.874%); EEMS (0.5526%)
8053.T,OPPJ (7.3461%); GEOA (2.8118%); ADVE (2.1338%)
8058.T,OPPJ (6.838%); EWJV (3.2281%); DXJ (2.3274%); JPXN (1.5903%); QLVD (1.4827%)
8113.T,MOTI (2.6939%)
8150.TW,FEMS (1.2058%)
8210.TW,ASCI (3.1309%)
8227.T,IVAL (2.023%)
8299.TWO,EEMS (0.7944%)
8306.T,RAYJ (9.3931%); EWJV (8.4847%); JPY (5.2029%); DXJ (4.7521%); JPAN (4.674%); VIGI (4.2704%); EWJ (4.1364%); BBJP (4.0937%); GSJY (4.0102%); DBJP (3.9854%); FLJP (3.4419%); FLJH (3.3806%); TXUE (3.2598%); BIDD (3.0903%); EXUS (2.9825%); ADVE (2.7503%); IPAC (2.3091%); EFV (1.9742%); DMXF (1.945%); IQDY (1.738%); JPXN (1.6932%); VPL (1.6649%); FIVA (1.4033%); NTSI (1.3716%); WIMA (1.3084%); JIVE (1.2702%); TOUS (1.2691%); CEFA (1.2549%); PRXI (1.2157%); ENHI (1.1868%); VYMI (1.1805%); BBIN (1.0516%); EFAX (1.0509%); GSID (0.9995%); PTIN (0.9819%); PABD (0.9742%); EFA (0.972%); INTF (0.941%); DBEF (0.9027%); BKIE (0.8768%); IEFA (0.8367%); IDEV (0.7393%); SPDW (0.7157%); DFAI (0.7018%)
8316.T,EWJV (5.762%); JPY (4.4105%); JDVI (3.8674%); DXJ (3.7117%); JPAN (3.292%); EWJ (2.7864%); BBJP (2.7184%); DBJP (2.6844%); GSJY (2.4494%); FLJP (2.2593%); FLJH (2.2194%); JPXN (1.9523%); NUDM (1.8941%); VDI (1.65%); IPAC (1.5554%); IDVY (1.22%); VPL (1.0896%)
8358.TWO,AVEE (0.4806%); EWX (0.3446%)
8411.T,EWJV (4.5024%); NBJP (4.0843%); JPY (3.4337%); DXJ (2.7734%); JPXN (2.1585%); GSJY (2.146%)
8418.T,DFJ (0.5491%)
8464.TW,ADIV (2.9923%)
8630.T,PIEQ (3.5318%); FYLD (1.0146%)
8750.T,RWIN (1.6291%); FYLD (1.035%)
8766.T,NBJP (4.1424%); OPPJ (3.6923%); DXJ (2.8842%); JPY (2.76%)
8801.T,RWX (5.6058%); IFGL (3.3792%); HAUZ (2.6153%); VNQI (2.4327%)
8802.T,IFGL (3.9764%); HAUZ (3.2396%); VNQI (2.9561%); ERET (1.626%)
8830.T,HAUZ (2.2472%); IFGL (2.1413%); VNQI (2.0697%)
8848.T,IVSX (1.782%)
8869.KL,EWM (6.2577%)
8876.T,IVSX (2.1309%)
8972.T,IDLV (0.6921%)
8984.T,IDLV (0.6897%)
8996.TW,FEMS (1.4876%); EWX (0.323%)
8TRA,DIM (0.6979%)
900948.SS,FCA (4.0413%)
9020.T,SDG (3.0878%)
9022.T,IVAL (2.052%)
9076.T,DFJ (0.5104%)
9104.T,BOAT (4.8478%)
9107.T,BOAT (4.9453%)
9432.T,DXJ (2.024%)
9433.T,ICOW (2.1327%)
9434.T,HDMV (1.2838%)
9435.T,JAPN (3.865%)
9618.HK,CHIQ (6.2572%); KTEC (4.2819%); FDNI (4.1738%); KWEB (3.8799%); TCHI (2.977%)
9660.HK,IPOS (2.6776%)
9684.T,HERO (4.5091%)
9688.HK,ECNS (1.334%)
9696.HK,LITP (4.4338%)
9697.T,ESPO (4.5251%); HERO (4.5062%); NERD (3.1845%)
9698.HK,KGRN (3.667%)
9735.T,EFAV (1.516%)
9766.T,NERD (4.2447%)
9866.HK,KGRN (6.3579%); IDRV (3.8497%); CHIQ (2.734%)
9868.HK,KGRN (5.9451%)
9880.HK,CGRO (5.4041%); HUMN (5.3993%)
9888.HK,CQQQ (7.6367%); KTEC (4.5972%); KWEB (4.1963%); TCHI (3.0201%); IPKW (2.5824%)
9926.HK,KURE (3.752%)
9961.HK,CHIQ (4.3483%)
9983.T,RAYJ (6.0264%); DNL (2.2222%)
9984.T,CGXU (4.9927%); NFRA (3.9756%); IXP (3.8759%); EWJV (3.6097%); JPY (2.8451%); EWJ (2.6734%); DBJP (2.576%); BBJP (2.4609%); JPXN (2.355%); FLJP (2.2153%); FLJH (2.1651%); GSJY (2.0562%); NUDM (1.8561%); IPAC (1.4923%); NTSI (1.2568%); WIMA (1.249%); FDT (0.8175%); JHMD (0.7578%)
9988.HK,FDNI (8.5815%); FXI (8.3797%); MCHI (8.345%); FLCH (7.8168%); KWEB (7.7122%); CHIQ (7.5661%); GXC (6.747%); PCCE (6.6072%); CNQQ (6.3742%); JCHI (6.2542%); CXSE (5.8937%); MCH (5.3707%); EMQQ (5.2987%); BKF (4.7162%); KTEC (4.2979%); RXI (3.5785%); AIA (3.5403%); LDEM (3.4188%); GEME (3.2776%); EMC (2.721%); PXH (2.6818%); EMES (2.4024%); FNDE (2.3953%); MEM (2.305%); EMCS (2.2962%); EMCR (2.2155%); GMF (2.2009%); EQLT (2.175%); SCHE (2.0502%); EEMA (2.0021%); EMMF (1.9277%); NTSE (1.8676%); VWO (1.7944%); AAXJ (1.7837%); SPEM (1.7766%); FLAX (1.7619%); XSOE (1.7414%); JHEM (1.6851%); FFEM (1.663%); BBEM (1.6375%); BKEM (1.6164%); EEM (1.601%); EMGF (1.5866%); GSEE (1.5654%); EEMX (1.5582%); DBEM (1.4833%); ESGE (1.4158%); IEMG (1.4056%); SEEM (1.3747%); GEM (1.3442%); JEMA (1.215%); DFAE (0.9366%); DIEM (0.9022%); TLTE (0.7997%); DFSE (0.7528%); DFEM (0.6362%)
9999.HK,KTEC (10.6176%); KWEB (6.9808%); BNGE (5.1349%); FDNI (4.9206%); OND (4.7493%); FXI (4.3025%); TCHI (4.3018%); EMQQ (3.7241%); KEMQ (3.4639%); JCHI (3.4285%); PCCE (3.0584%); ECOW (2.1755%); MCHI (1.9091%); FLCH (1.7005%); GXC (1.3411%); SEEM (1.2254%)
A,FIW (4.5358%); BEEZ (4.43%); PHO (3.7654%); GDOC (3.1444%); TMED (2.5899%); MDEV (2.3685%); FTCS (2.1967%); CZA (1.7677%)
A17U.SI,EWS (4.3157%); HDMV (1.9434%); RWX (1.7801%)
A5G.IR,EIRL (16.3876%); PIEQ (3.8049%); IPKW (2.4618%); BAIV (2.3298%); OPPE (1.8932%); ILOW (1.7779%); DIM (1.3767%)
AA,PWER (4.0109%); PYZ (3.2655%)
AAAU,IAUI (19.4726%); TDSB (11.0658%); TDSC (8.7098%); CLSM (7.408%)
AAL,JETS (11.307%); MNA (5.5146%); FTXR (4.9855%); XTN (3.3133%); RWK (3.0251%)
AAL.L,ICOP (8.0945%); EART (4.9262%); COPA (3.4856%); PICK (3.4273%); NRES (2.7522%); EMKT (2.0608%)
AAMI,JSML (1.4346%)
AAOI,XITK (4.4036%); FOTO (3.1939%); FYC (0.8639%); STXK (0.4818%); FYX (0.4625%)
AAON,TMAT (2.1667%); JHSC (0.4955%)
AAP,CCFE (7.6793%); TSCV (2.3467%)
AAPL,GXPT (17.5966%); VGT (14.3253%); FTEC (14.3163%); MNZL (13.8426%); TOPT (13.5859%); TRUT (13.2204%); LRND (12.9827%); EGUS (12.5464%); MGK (12.1195%); FLCG (12.052%); VUG (11.6366%); IYW (11.6211%); PRXG (11.4753%); IXN (11.4301%); AAPW (11.4289%); SPUS (11.1848%); XLK (11.0854%); IOO (10.7841%); TGRW (10.7821%); HLAL (10.7694%); RECS (10.6524%); SPTE (10.5284%); XLG (10.4502%); VSMV (10.3659%); FBCG (10.1158%); AVUQ (9.9851%); CMAG (9.7987%); TIME (9.6932%); MPLY (9.6666%); QDVO (9.6583%); VSLU (9.4199%); IWFG (9.3785%); ONEQ (9.3181%); PJFG (9.2802%); GROZ (9.2378%); OEF (9.1826%); LDRX (9.1787%); BKLG (9.068%); IQSU (9.0593%); TCHP (9.0003%); QQH (8.9221%); SCHG (8.7805%); QTOP (8.7415%); CLCG (8.6206%); VUSG (8.4582%); LRGG (8.4548%); NUGO (8.3903%); LRGE (8.2468%); ALRG (8.2052%); USNZ (8.1991%); QDF (8.1915%); QRFT (8.1884%); PY (8.1486%); STXG (8.1314%); USCL (8.1284%); HGRO (8.1262%); USCA (8.0748%); MGC (8.0301%); PNQI (8.0209%); HFGO (8.0111%); OMFL (7.9866%); INRO (7.9666%); QDEF (7.9519%); IGM (7.9129%); TMFC (7.9058%); FDLO (7.8416%); CDEI (7.8381%); THRO (7.8082%); GGME (7.7706%); RND (7.7701%); REVS (7.7217%); GDE (7.6242%); SPXN (7.619%); LCF (7.5766%); FELG (7.5735%); WINN (7.5626%); IWX (7.5287%); IWL (7.5279%); BRCE (7.5241%); AAUS (7.4695%); SQS (7.458%); KNCT (7.4114%); PJUS (7.4088%); XVV (7.4067%); FDRR (7.3825%); QVML (7.3807%); QQMG (7.3457%); SPYV (7.3274%); IVE (7.3198%); HIDV (7.3155%); VOOV (7.2903%); DYNF (7.2789%); TEC (7.2766%); TUG (7.2611%); AMGR (7.2522%); SPXV (7.224%); GSPY (7.2218%); AAEQ (7.2185%); HEQQ (7.2138%); SEIQ (7.1933%); ESGV (7.161%); IWY (7.1352%); INFO (7.0894%); FLCC (7.0617%); ROCQ (7.0576%); ZECP (7.0373%); PHEQ (7.0053%); BALQ (6.9926%); GQQQ (6.955%); CATH (6.9505%); JUST (6.9485%); FVAL (6.9477%); FYEE (6.9457%); FHEQ (6.9433%); QQHG (6.9431%); FEUS (6.9387%); IWLG (6.9367%); BAY (6.9208%); FELC (6.9208%); QLC (6.9136%); IUSV (6.9043%); FLQL (6.8499%); FQAL (6.8328%); SEMI (6.8275%); SPYX (6.8109%); FEPI (6.7888%); SPXE (6.7839%); QRMI (6.7595%); CARK (6.7489%); AAUA (6.7341%); OMAH (6.7332%); LCTU (6.7319%); IWF (6.7156%); VV (6.6996%); RAUS (6.6982%); QQQH (6.6951%); VONG (6.6933%); LCDS (6.6869%); QNDX (6.6706%); PTNQ (6.6696%); QQWZ (6.6678%); WAMA (6.6593%); QQQM (6.6576%); QQQ (6.6552%); XRMI (6.6494%); GPIQ (6.6443%); MFSG (6.643%); PABU (6.643%); JOYT (6.6341%); HBTA (6.6289%); USMC (6.6288%); NTSX (6.6281%); FDMO (6.6279%); QQQI (6.6271%); XQQI (6.6271%); ACIO (6.6226%); SPYH (6.6213%); GQI (6.6133%); AGRW (6.5988%); ADME (6.5986%); TUGN (6.5941%); JUSA (6.5907%); PTLC (6.5842%); IVV (6.5823%); BBUS (6.5815%); PBUS (6.5804%); USPX (6.5796%); SPY (6.5769%); VOO (6.5767%); RKSG (6.5752%); ROCY (6.572%); SGLC (6.5635%); QCLR (6.5591%); SPYI (6.5591%); XSPI (6.5591%); QTR (6.5556%); GSLC (6.5511%); CHRI (6.5508%); TSPA (6.5459%); GSUS (6.5412%); XTR (6.5294%); LGRO (6.5193%); VOTE (6.5153%); DUHP (6.5128%); XCLR (6.4958%); GPIX (6.4955%); ILCV (6.4941%); ACGO (6.494%); ILCB (6.4823%); ILCG (6.4574%); ESGU (6.4572%); GUSE (6.4457%); TOV (6.4351%); HELO (6.4116%); ENHU (6.3877%); UDIV (6.3738%); PEPS (6.372%); WRND (6.3686%); HIS (6.3555%); BKLC (6.3375%); FLRG (6.3218%); NELS (6.3124%); TGRT (6.2885%); KLMN (6.2698%); MAVF (6.2633%); QUAL (6.2026%); ONOF (6.197%); SUSA (6.1938%); LRGF (6.1646%); LOWV (6.161%); CVLC (6.1607%); QSIX (6.1558%); SCHX (6.1467%); JGRW (6.1272%); IYY (6.1235%); NBCR (6.1178%); FEAC (6.1136%); LGH (6.0919%); SAWG (6.0835%); SPTM (6.0672%); IWB (6.0272%); VONE (6.013%); DFUS (5.9995%); SFTY (5.9889%); SPYG (5.9859%); IVW (5.9841%); QDPL (5.9834%); APUE (5.9797%); FDVV (5.9774%); VOOG (5.9742%); SCHK (5.9713%); STOX (5.9698%); LCAP (5.9601%); DFSU (5.9595%); TACU (5.9571%); AFLG (5.9452%); DFAU (5.9399%); SCLZ (5.9249%); GUSA (5.9196%); VTI (5.8429%); ITOT (5.8107%); PFDE (5.801%); BALI (5.7955%); JEPQ (5.7746%); TAOZ (5.7635%); IWV (5.7628%); VTHR (5.7592%); VUS (5.7407%); SCHB (5.7189%); IUSG (5.6811%); KRMA (5.6655%); IQQQ (5.6648%); HEMI (5.6592%); BGRO (5.6317%); AIEQ (5.6297%); DAK (5.5976%); ISPY (5.5882%); MUSQ (5.5879%); PGRO (5.5725%); BDIV (5.5598%); SPIN (5.5591%); SXQG (5.5384%); CAML (5.5261%); SCEP (5.5133%); MODL (5.5062%); PSET (5.4956%); QLV (5.4616%); SEPI (5.4464%); MMTM (5.3953%); VONV (5.3903%); GVUS (5.3764%); IWD (5.3716%); DCOR (5.3482%); AVSU (5.3459%); FCPI (5.2538%); QQA (5.1983%); MSLC (5.1973%); BLCV (5.1953%); TDVG (5.1553%); OUSA (5.1519%); TMFE (5.1384%); LRGC (5.1249%); HCMT (5.1189%); LGDX (5.1151%); TGLB (5.1062%); DIVO (5.1002%); HAPI (5.0987%); EPS (5.09%); PLGI (5.0834%); QUSA (5.0734%); FCTE (5.0686%); VNSE (5.0684%); LCOW (5.0543%); HDUS (5.0541%); TOK (5.0448%); JHDV (5.0407%); KOKU (5.0282%); AVLC (5.0177%); BDYN (5.0129%); AVUS (4.9937%); BKCG (4.9803%); XCHG (4.98%); BBHL (4.979%); AVOS (4.9607%); RAFE (4.9329%); TEK (4.899%); FFOG (4.8928%); QARP (4.8664%); EBI (4.8505%); GDIV (4.8468%); DFAC (4.8278%); AQLG (4.8258%); LVDS (4.8192%); MFIG (4.8137%); RFFC (4.8069%); ESG (4.8031%); PEXL (4.7951%); IVES (4.7763%); URTH (4.7565%); JGRO (4.7548%); HQGO (4.7517%); ESGG (4.7396%); GLBL (4.7268%); DEMZ (4.7016%); LSVD (4.6927%); USSE (4.6808%); BRNY (4.6751%); SEMG (4.6749%); FELV (4.6657%); AQLT (4.6525%); NZAC (4.6278%); TCAF (4.6147%); XIGV (4.588%); SPHQ (4.5805%); ABFL (4.5624%); BROL (4.544%); JPEF (4.5352%); TNXT (4.5325%); SFY (4.509%); QLTY (4.5006%); CNEQ (4.4222%); CSM (4.3991%); TILT (4.3906%); JUDO (4.3604%); BEEX (4.3601%); ACSI (4.3492%); GK (4.2977%); GGUS (4.2739%); XXX (4.2646%); JHAC (4.2413%); XLSR (4.2379%); KLMT (4.2304%); VIG (4.1992%); CRBN (4.1981%); ACWI (4.1711%); PHDG (4.1599%); PJFV (4.1318%); SWP (4.1294%); PRF (4.1141%); FNDX (4.1062%); GLOF (4.1058%); DXUV (4.0903%); PTF (4.065%); XPND (4.0634%); LCLG (4.0586%); JPFP (4.0254%); RW (4.0245%); NANC (4.0019%); JHML (3.9867%); FFND (3.9726%); GFGF (3.9433%); RGLO (3.8975%); NBGX (3.8793%); SROI (3.8689%); DGRW (3.8668%); BDVG (3.8628%); KOOL (3.853%); IUS (3.8494%); BAMG (3.8408%); AVTM (3.8385%); UFOX (3.829%); BRES (3.8233%); FNDB (3.8132%); VEGN (3.8034%); SFYF (3.7873%); CGGG (3.7591%); XAIX (3.7374%); USMF (3.7026%); CARZ (3.6886%); PFM (3.6837%); TECB (3.673%); SPGM (3.6671%); BFLX (3.6144%); VT (3.5842%); ABIG (3.56%); RJDI (3.5537%); GEQ (3.5034%); GTOP (3.4695%); PRCS (3.4614%); JGLO (3.4338%); BBLU (3.3803%); SPUT (3.3034%); MILN (3.2708%); IETC (3.2693%); LQAI (3.1921%); QGRO (3.1654%); DSPY (3.1653%); UPRO (3.1109%); BDGS (3.0814%); MFSV (3.0723%); IQM (3.0154%); SPCT (2.9985%); CGGE (2.9659%); PWB (2.9442%); AGIX (2.9323%); SEIM (2.9003%); TVAL (2.8869%); QUS (2.8556%); PDP (2.8533%); SEIV (2.8485%); SELV (2.8315%); AIQ (2.8297%); QGRW (2.8265%); FFLV (2.8226%); AVLV (2.7818%); DGRO (2.7587%); HUSV (2.7508%); DARP (2.6061%); PEVC (2.6012%); JAVA (2.6002%); CGCV (2.5955%); DVND (2.5573%); CGUS (2.3342%); RWL (2.2969%); QWLD (2.2925%); DLN (2.1842%); PALC (2.1367%); DTD (2.1026%); QIDX (2.0497%); DFAL (2.0292%); BMVP (2.0259%); GINN (1.9933%); CGBL (1.9752%); JQUA (1.9491%); JVAL (1.9004%); AQEC (1.8869%); VLU (1.8707%); JMOM (1.8111%); VFQY (1.646%); EQL (1.6084%); USEW (1.5346%); JEPI (1.521%)
AAT,XSHD (3.1549%); FYT (0.7626%)
AAUC.TO,SGDJ (4.4769%)
AAUS,DFAL (2.6923%)
ABBN.SW,SHPP (10.2435%); BOTZ (9.7105%); GRID (8.1296%); FLSW (7.589%); EWL (6.3433%); IBOT (5.1151%); XEML (4.6601%); IDRV (3.8028%); OEFA (3.6856%); DIVS (3.327%); PIZ (3.1765%); PPI (2.9138%); IDHQ (2.7155%); OPPE (2.3686%); FICS (2.2204%); IQLT (2.1773%); JHID (2.1536%); IMOM (2.0915%); NUDM (2.0233%); TILC (2.0077%); RFDI (1.9906%); VDI (1.8835%); ILOW (1.795%); NBIE (1.7822%); EXI (1.6304%); DMXF (1.568%); EFG (1.5461%); EASG (1.4819%); IMFL (1.3159%); PABD (1.3082%); CEFA (1.2515%); FENI (1.2234%); INTF (1.1724%); ESGD (1.1359%); GIEQ (1.1263%); JSTC (1.1087%); PRXI (1.1014%); MFDX (0.7763%)
ABBNY,GENW (5.0614%); NXTE (2.6761%)
ABBV,GLAM (14.3851%); MEDX (8.8537%); JDOC (7.9118%); XLV (7.7241%); TRUH (7.689%); IYH (7.4776%); FTXH (7.3874%); PBPH (6.9831%); VHT (6.5429%); FHLC (6.5349%); HDV (6.4785%); PJP (5.6254%); LGCF (5.5907%); THNR (5.195%); IXJ (5.1181%); DHS (4.9488%); FLAG (4.9466%); FDV (4.9464%); LCOW (4.8106%); PPH (4.5954%); PINK (4.5237%); UDI (4.3888%); DIVN (4.2493%); BDVG (3.8779%); PWV (3.8488%); DIVL (3.6785%); AGNG (3.5611%); BGIG (3.5145%); PAYR (3.4546%); RJDI (3.3652%); DSTL (3.3537%); DIVS (3.3111%); NEWZ (3.2994%); MEDI (3.2519%); QDEF (3.1044%); BGDV (3.0855%); DGRO (3.0493%); QDF (2.9747%); ASD (2.7193%); ABFL (2.7068%); MODL (2.7028%); AQLG (2.6617%); SAMT (2.5998%); FLCG (2.5383%); FLCC (2.5279%); QLV (2.5216%); VUSE (2.4762%); CGCV (2.3965%); XT (2.3691%); ANEW (2.2603%); SDOG (2.2534%); NUDV (2.2094%); JDIV (2.1526%); CRTC (2.1146%); MGV (2.0982%); FDIV (2.0856%); PRXV (1.9942%); AVIE (1.9695%); NULV (1.9638%); DIVB (1.9181%); CGDG (1.9143%); LVDS (1.9045%); KVLE (1.9007%); PWS (1.8462%); VYM (1.841%); RSPH (1.8159%); DLN (1.7554%); FLCV (1.7442%); JEPI (1.7302%); KNG (1.728%); NOBL (1.714%); VTV (1.6561%); JAVA (1.644%); SDY (1.622%); DTD (1.5529%); EVUS (1.5307%); STXV (1.5186%); DEW (1.4881%); JSTC (1.1435%); RCGE (0.5598%)
ABCB,AFSC (2.6311%); PSCF (1.2477%)
ABCL,CPAI (2.3034%); BBC (0.9301%)
ABDN.L,FEP (1.0039%)
ABEO,SURI (2.7632%)
ABEV,VICE (4.667%); OTGL (3.2473%); DIVD (2.3059%)
ABEV3.SA,EDIV (3.4392%); EWZ (3.2013%); FLBR (2.9506%); MOTG (2.1082%); DWX (1.7854%)
ABG,RWJ (1.1107%)
ABG.JO,EZA (3.6029%)
ABI.BR,EWK (21.9381%); INEQ (3.5189%); HEDJ (2.697%)
ABK.KW,KWT (2.7221%)
ABN.AS,FDD (4.0723%); EWN (2.402%); ISCF (1.0944%)
ABNB,PEJ (4.9855%); AVRY (4.8161%); GENZ (4.8075%); AWAY (4.49%); OAKM (3.5478%); MILN (3.2609%); MOAT (2.6388%); SMOT (1.3895%)
ABNB.SW,DIME (7.8988%)
ABRA.TO,SLVR (4.2278%)
ABSI,ARKG (7.013%)
ABT,IHI (16.9319%); DHLX (5.9213%); PJP (4.9881%); SCHD (4.2654%); TRUH (2.7701%); XLV (2.7458%); JDOC (2.6831%); IYH (2.6391%); FHLC (2.3458%); VHT (2.3232%); MHIP (2.1815%); SPXD (1.8446%); MHIG (0.8451%)
ABVX,AADR (3.1196%)
ABX.TO,FTRI (9.6695%); GDMN (9.5517%); RING (9.2776%); GDX (7.9513%); SGDM (7.7827%); KEAT (4.7791%); AMEM (3.7678%); ACEP (3.4632%); NANR (2.5592%); GRIN (2.2115%); ICOW (1.9482%); IFLO (1.6677%)
AC.MX,FLMX (3.7107%); TAOZ (3.1723%); EWW (2.8418%); EDIV (1.8989%)
AC.PA,LPRE (4.8702%)
AC.TO,JETS (3.6167%)
ACA,PWER (4.4915%); CTEX (4.2374%); CNRG (3.0065%); OSCV (2.7659%); FAN (2.6782%); PSCI (2.2604%)
ACA.PA,JHID (2.1111%)
ACAD,IBRN (4.169%); ASD (2.8914%); SBIO (2.2951%); GRPZ (1.5525%)
ACB.TO,MJ (3.1844%)
ACGL,IAK (3.7721%); SPGP (1.9161%); ONEV (0.9202%)
ACHC,ASD (2.9027%); XHS (1.9957%); RZV (1.8296%)
ACHR,JEDI (4.0396%)
ACHV,SURI (12.1052%)
ACI,RWK (2.7388%)
ACKB.BR,EWK (2.9119%)
ACLN.SW,IEUS (0.6334%); SCHC (0.3659%); AVDS (0.2776%); SCZ (0.2752%); VSS (0.2506%)
ACLS,TINY (4.7174%); AFSM (0.7387%); AVSC (0.3568%)
ACM,COWS (2.9631%); SMDX (0.8301%)
ACMR,GLRY (4.4656%); RZG (3.6501%); XITK (3.1139%); WCME (3.056%); PSCT (2.8153%); XSMO (2.5372%); FYC (0.9363%); FESM (0.9%); QSML (0.7815%); FYX (0.5109%); AVSC (0.3249%)
ACN,DIVB (3.5638%); KNGZ (2.4019%); ONEY (1.0911%)
ACS.MC,EWP (4.2166%); FEUZ (1.2616%); FEP (0.9685%); DEEF (0.6466%)
ACT,SIXS (2.2841%)
ACTG,FORH (10.2525%)
ACWX,WSGE (8.1465%); DYTA (4.8107%); HAWX (1.0012%)
AD.AS,EWN (3.1036%); ICOW (2.0254%); DEEF (0.5042%)
ADAS.SW,DIME (4.4976%)
ADBE,PKW (3.9162%); MFVL (3.8362%); GGME (3.8198%); VFLO (3.3674%); SHRY (2.896%); VFQY (1.6784%)
ADC,NETL (8.0112%); LPRE (4.9468%); XMLV (1.5811%); SMMV (1.3913%); HSMV (1.3783%)
ADCB.AB,UAE (4.634%)
ADCPA,EPRF (3.893%)
ADEA,CAFG (2.8543%); SYZ (0.8764%)
ADI,CTIF (4.9672%); RJDI (4.932%); FPAG (4.5074%); MOTO (4.2093%); PSI (4.0883%); DIVL (3.4693%); IWFG (3.313%); SPDG (3.1441%); QQQG (3.1044%); XT (3.0964%); JPEF (3.073%); TDVI (2.8762%); TDIV (2.8742%); DAK (2.8355%); MFSV (2.5255%); NUDV (2.0185%); VFMV (1.5035%); XOEF (1.0613%)
ADIB.AB,UAE (4.4918%)
ADM,FTXG (9.4262%); VEGI (6.9922%); MOO (5.0951%); FMKT (5.0253%); PBJ (4.9923%); KROP (3.8075%); TURF (3.5774%); GUNR (3.3064%); PSL (3.0097%); NANR (2.469%); RPV (2.2021%); FLOW (2.1314%); DEUS (0.8414%); ONEO (0.5968%)
ADM.L,DIM (0.834%)
ADNOCDIST.AB,EDIV (1.8636%)
ADNOCDRILL.AB,EMIF (5.8706%)
ADNOCGAS.AB,UAE (3.6253%); ECOW (2.1275%)
ADNT,XSVM (1.2357%)
ADP,DIVB (4.8712%); QOWZ (2.6177%); FTCS (2.2515%); SDY (1.5353%); IMCV (1.3136%); IMCB (0.6251%)
ADP.PA,BILD (3.1511%)
ADPT,HELX (3.988%); HTEC (2.0616%)
ADS.DE,EXUS (3.0227%)
ADSK,BULD (6.3415%); MAKX (4.3461%); IBOT (3.2361%); VFQY (1.6135%)
ADT,QVAL (2.0691%)
ADVANC-R,THD (7.1275%)
ADYEN.AS,BGCG (4.4138%); FINX (4.0366%)
AED.BR,EWK (2.9065%); ISVL (0.9639%)
AEE,NUIF (4.3978%); TPHD (1.6066%); ULVM (1.4779%); SPLV (1.2579%); TPLC (0.7024%); CFA (0.3835%); CFO (0.3826%)
AEHR,PTF (3.2865%); ETHO (0.7505%); ISMD (0.4143%)
AEIS,VOLT (4.4206%); QCLN (4.1969%); EPSV (2.8679%); FEMD (2.1593%); NUSC (1.0292%); PRFZ (0.3807%); DFAS (0.2629%)
AEM.TO,RING (12.6587%); GDX (10.5202%); SGDM (9.3187%); GDMN (9.079%); AUMI (4.7258%); KEAT (4.627%); SLVP (4.5476%); NANR (3.2292%); GBUG (3.1346%); LENS (2.8511%); TURF (2.6775%); BBCA (2.6684%); EWC (2.6441%); MXI (2.608%); FLCA (2.5926%); IGE (2.2392%); ICOW (1.9824%); IFLO (1.7454%)
AENA.MC,RIFR (5.3736%); GII (5.1136%); IGF (5.0993%); GLIX (4.6673%); BILT (4.4574%); NFRX (3.632%); EWP (3.4765%)
AEP,PWRZ (10.352%); NUIF (8.0381%); QQLV (5.3581%); XLU (5.2312%); UTES (5.0895%); VPU (4.7142%); FUTY (4.6868%); IDU (4.5068%); BILT (4.3386%); FMKT (4.314%); VOLT (4.1921%); URAN (4.0978%); GQGU (3.9898%); ZAP (3.9839%); RSPU (3.3054%); TBG (3.2941%); RIFR (3.2588%); JXI (3.2443%); BILD (3.043%); HALX (2.7064%); PPI (2.0634%); QQXT (2.0133%)
AER,BRNY (3.5036%); EWN (2.4327%)
AES,FXU (3.4879%); ARB (2.7928%); DIVG (1.6698%); EZM (0.6703%)
AEV.XPHS,EPHE (2.495%)
AEVA,CABZ (4.5138%); HAIL (1.7419%)
AF.PA,IVSX (1.4038%)
AFB,RTAI (6.5795%)
AFCG,DVDN (5.1579%)
AFG,LYLD (2.0597%); FDIV (2.0474%); DON (0.9694%)
AFL,IAK (4.5429%); PKW (2.7188%); TPHD (1.4912%); TPLC (0.6516%)
AFRM,LATR (5.7536%); IPAY (5.3846%); TOGA (4.6277%); FINX (4.4831%); IBUY (2.9308%); RCGE (0.5504%); SMMD (0.3035%)
AG.TO,SLVR (21.8211%); SLVP (10.4098%); SILJ (9.6533%); AGMI (4.6016%); GDXJ (2.6721%)
AGCO,KROP (4.7234%)
AGG,MPRO (49.6972%); RSMV (23.8579%); MAMB (12.4992%); HNDL (8.9012%); LOTI (5.6917%); ELM (2.2805%)
AGGH,SVOL (10.668%)
AGI.TO,GDXJ (6.2575%); AUMI (4.4155%); GOEX (3.3198%)
AGIO,BBP (1.6876%)
AGL,ISMD (2.2985%)
AGM,MGMT (2.8103%); SMDV (1.0551%)
AGN.AS,FDD (4.2557%)
AGNC,DVDN (6.533%); DDIV (5.6273%); GHTA (4.7243%); HYIN (3.5289%); KBWD (3.4153%); DVOL (2.8567%); DVLU (2.7997%); MDIV (1.6151%); RIET (1.5525%); FXO (1.5506%); CRDT (0.8497%)
AGPXX,JELH (98.826%); UUP (49.1303%); UDN (48.389%); DBB (44.5469%); DBP (40.9358%); DBE (40.7397%); DBA (40.598%); DBC (37.0199%); DBO (36.7444%); BWET (25.8753%); BDRY (14.7658%); IMTG (12.486%); GAMR (7.1541%); LODI (4.7816%); EMEQ (4.6986%); EEMO (4.3808%); FLXI (3.0373%); IDVO (2.601%); PFLD (1.8537%); VRIG (1.7187%); VRP (0.9534%); MJ (0.2413%); HYGM (0.0774%); LQDM (0.0557%)
AGS.BR,EWK (4.3094%)
AGX,ABLS (15.5116%); PRN (4.8977%); AIRR (4.7292%); GASZ (4.3185%); NRSH (4.0281%); XSHQ (3.9174%); FFTY (3.6336%); PSCI (3.5326%); TFGZ (2.7643%); ABFL (2.7128%); HYP (2.5275%); CAFG (2.33%); AZTD (2.3084%); QMOM (2.0501%); RZG (1.9613%); FLRG (1.9596%); BWQG (1.905%); GRPZ (1.8739%); SLYG (1.2203%); IJT (1.2194%); VIOG (1.2188%); ELFY (1.0693%); ACSG (1.0377%); PSC (1.0319%); QVMS (0.7616%); XJR (0.6767%); IWO (0.657%); VTWG (0.6465%); SPSM (0.6044%); IJR (0.6032%); VIOO (0.6029%); RUSC (0.5676%); STXK (0.4547%); BBSC (0.3906%); JPSE (0.3831%); RSSL (0.3409%); IWM (0.3396%); VTWO (0.3336%); ITWO (0.2927%); GSSC (0.2902%)
AGZ,HFND (5.2323%)
AGZD,WBIG (2.6314%)
AHLT,AHLT (25.3143%); FARX (21.1564%)
AHR,SCDV (4.6143%); PFI (4.3186%); IPO (2.8231%); OSCV (2.4744%); FSCC (2.0829%)
AHRT,KBWY (3.8561%); RDOG (2.2892%)
AI,JEDI (4.8205%)
AI.PA,IBAT (5.9762%); EWQ (5.8694%); BKCI (4.1878%); MXI (4.1702%); TXUG (3.6706%); MFSI (2.2178%); FFDI (2.1959%); FHIL (2.122%); QLVD (1.785%); JIG (1.7743%)
AIA.NZ,ENZL (12.6876%); BILD (3.2627%); GII (3.0324%); IGF (3.032%)
AIG,DHLX (6.7381%); IAK (4.2832%); CZA (1.9232%); TMVE (1.6255%); HWSM (1.2974%)
AII.TO,REMX (4.5932%)
AIN,GCAD (5.9531%)
AIO,CCEF (2.8782%)
AIP,FSCC (1.2933%); XSW (1.0597%)
AIQ,GXDW (22.2894%)
AIQUY,QLTI (3.7964%)
AIR,ACSG (0.8276%)
AIR.PA,XDEF (8.9563%); DAX (6.6878%); EWQ (6.1447%); NATO (5.0846%); TOAO (4.6815%); ARMY (3.99%); EXUS (3.026%); IDEF (2.4986%); MTRA (2.292%); CGXU (2.2515%); DTAN (2.1901%)
AIRARABIA.AE,SDEM (2.2585%)
AIT,REGL (1.7371%); SDVY (0.9966%); SDVD (0.9964%)
AIXA.DE,GWX (0.356%)
AIZ,BEDY (2.7079%); BKDV (2.382%); FSCS (1.1729%); ESML (0.4511%)
AJBU.SI,REAI (4.3394%); BLDX (4.0645%)
AJG,KBWP (4.1507%); CVMC (0.5152%)
AKAM,BUG (4.8595%); CLOU (4.1589%); XA (4.0819%); CIBR (2.8364%); QMOM (2.0551%); ISCB (0.2612%)
AKBNK.IS,TUR (6.3757%)
AKRBP.OL,ENOR (4.7122%); NORW (4.7101%); FDD (3.9234%)
AKTS,BBC (0.9125%)
AKZA.AS,TINT (5.1201%)
ALAB,IPO (11.7606%); SPRX (11.1017%); WAR (9.4467%); AIPI (8.0987%); XOVR (7.7447%); SMHX (5.9584%); CNAV (5.695%); COWG (4.4289%); FFTY (4.0238%); ATFV (3.9906%); FMTM (3.8845%); TMFX (3.8501%); WBIL (3.7603%); FRTY (3.3753%); CHAT (3.334%); AGIX (3.1771%); XSD (3.0776%); QTEC (2.9499%); CBLS (2.895%); CBSE (2.8612%); QQEW (2.7638%); THNQ (2.6827%); JSMD (2.619%); JMID (2.3387%); GURU (2.2913%); CPAI (2.2907%); IWP (2.0236%); WBIG (1.981%); QTUM (1.551%); QQQE (1.3894%); QEW (1.3868%); SMLF (1.0485%); VBK (1.0196%); TRFM (0.8722%); VXF (0.7306%); BTAL (0.6058%); IWR (0.5337%); VB (0.4462%); SIZE (0.3623%); EUSA (0.3587%); GSEW (0.2645%)
ALB,LITP (9.6703%); LIMI (7.4366%); ILIT (7.1915%); REMX (6.8206%); ACES (4.6611%); LIT (4.6394%); IDRV (3.8059%); SETM (3.6953%)
ALBPA,PFXF (3.1541%); CVRT (1.9058%)
ALC.SW,RUNN (1.9097%)
ALDAR.AB,UAE (4.3946%)
ALE.WA,EPOL (6.0117%); EBIZ (4.5859%); FMQQ (4.5728%); ISHP (2.3129%)
ALFEN.AS,PBD (1.1208%)
ALGM,ETEC (8.4581%); QCLN (3.8372%); FDRV (3.5979%); XSD (3.2945%); AZTD (3.0205%); HAIL (2.1504%); GSC (2.1168%); DTEC (1.5432%); BTAL (0.5738%); BKSE (0.3637%)
ALGN,GLAM (4.1495%); CAMX (3.6333%)
ALGT,JETS (4.2579%); XTN (3.611%)
ALHC,HEAL (3.9699%); RZG (1.4653%); LITL (0.9404%)
ALK,JETS (3.4818%); XTN (3.0813%)
ALKS,MEDX (5.5293%); IBRN (4.4709%); PSIL (4.3015%); FBT (4.2354%); PSCH (3.8739%); KNO (2.1292%); FLQS (1.1358%); IJT (0.9553%); VIOG (0.9548%); SLYG (0.953%); GSSC (0.4111%)
ALKT,SOVF (3.6683%)
ALL,IAK (6.5512%); KBWP (4.1981%); GQGU (3.586%); VSMV (3.3839%); FTDS (2.195%); QDIV (2.0948%); FDIV (2.0463%); BMVP (2.039%); RDVI (2.0098%); RDVY (2.0078%); GOP (1.9426%); ONEY (1.7993%); SPVM (1.7019%); FXO (1.6374%); ONEV (1.4571%); FLQM (1.1274%); CVY (1.1183%); FTA (0.9829%); DEUS (0.9358%); FMDE (0.9197%); ONEO (0.6133%); IWS (0.5984%); FAB (0.4823%)
ALL.AX,BNGE (5.6891%); ESPO (5.4104%); FICS (2.3827%)
ALLPH,PGF (1.8058%); PSK (1.3049%)
ALLY,DFAT (0.5723%)
ALMS,XPH (2.1404%)
ALNY,PBE (4.627%); GNMX (3.8752%); BBH (3.7254%); IBB (3.1173%); NUMG (2.8995%); IBBQ (2.8102%); FDG (2.6133%); TMED (2.5091%); VXF (0.4547%)
ALOS3.SA,EWZS (3.6945%)
ALOY,REXC (4.4452%)
ALPHA.AT,GREK (6.782%)
ALQ.AX,ASCI (3.5125%)
ALSN,CWS (4.5761%); NPFE (3.3728%); KDVD (1.9937%)
ALTO,VICE (5.2373%)
ALV,LOHA (1.1697%)
ALV.DE,EWG (9.5257%); DAX (9.2076%); FLGR (8.9698%); EUFN (5.2155%); HDEF (4.4116%); TLCI (3.9051%); FEZ (3.5482%); IQLT (2.591%); BIDD (2.5744%); EZU (2.3325%); IDHQ (2.2875%); PTEU (2.277%); FLEU (2.2689%); DBEZ (2.0198%); RWIN (2.0078%); NUDM (2.0018%); TILC (1.7986%); IVSI (1.7824%); EFV (1.6871%); DMXF (1.6572%); EASG (1.5696%); HOLA (1.4781%); JIRE (1.4544%); GIEQ (1.3449%); BBEU (1.321%); IEV (1.2851%); IEUR (1.1437%); VGK (1.1382%); QEFA (1.0533%); ESGD (1.0034%); TLTD (0.604%); AVDE (0.5422%)
ALVO,GLCR (4.5595%)
ALWN.AT,BETZ (6.7371%)
ALX,DIV (2.4402%); SDIV (1.2033%)
AM,MDST (4.7192%); NBET (4.1831%); DDIV (3.0754%); DON (0.956%)
AM.PA,ARMY (4.2133%)
AMAT,PRCS (12.4469%); BULD (10.0738%); HBMX (7.8643%); GARY (7.2922%); XPND (7.039%); PSI (6.8707%); EUV (6.8224%); PWRD (6.7752%); ABIG (6.5615%); SHOC (6.5317%); NANC (6.4708%); NPFE (6.2861%); TINY (6.188%); QQQA (5.8395%); SOXQ (5.8391%); WUGI (5.8234%); SOXX (5.7732%); THMZ (5.7583%); SMH (5.7252%); XNTK (5.673%); NXTE (5.666%); QQQG (5.6579%); EPAI (5.5995%); STNC (5.2485%); ULTI (5.1698%); PWB (4.9851%); MAKX (4.8721%); CHPS (4.8159%); RDVI (4.6907%); RDVY (4.6862%); PRVS (4.6049%); SEMI (4.5453%); MAVF (4.5264%); EQRR (4.4776%); TDV (4.4258%); TOLL (4.4248%); QUAL (4.406%); PEXL (4.3739%); SNPG (4.3434%); KQQQ (4.2846%); BBHL (4.2345%); FTXL (4.2315%); SEMG (4.0785%); RSMV (4.0293%); NVPS (3.9599%); JHDG (3.9457%); VEGN (3.9362%); NUGO (3.8981%); LCF (3.8764%); MTUM (3.8603%); CGUS (3.8113%); STXD (3.7756%); NULG (3.6738%); XLK (3.6559%); CGDV (3.6176%); TDVI (3.548%); TDIV (3.5454%); FMCX (3.5331%); RGEF (3.5295%); FMTM (3.514%); SAWG (3.5135%); AMOM (3.4927%); BAY (3.4585%); SEIM (3.3695%); QTEC (3.3643%); USRD (3.3392%); PSET (3.323%); PRMR (3.2008%); EPMB (3.1975%); ZECP (3.1686%); CGVV (3.1639%); GFLW (3.1413%); QQMG (3.0781%); TEKY (3.0424%); GVIP (3.0099%); EPMV (3.0042%); BOBP (2.9896%); DIVN (2.9599%); PDP (2.8486%); EMOT (2.8263%); TUG (2.8106%); LSVD (2.7219%); CGCV (2.6288%); SPIN (2.6286%); GQQQ (2.6273%); BUYB (2.6191%); EGUS (2.501%); THRO (2.4899%); LRGC (2.4306%); GXPT (2.3872%); PALC (2.3732%); FDMO (2.3559%); FWD (2.3542%); VGT (2.2638%); YNOT (2.2562%); ESMV (2.2431%); FTEC (2.2417%); FLQL (2.2404%); LRND (2.2316%); FQAL (2.2148%); USXF (2.2147%); JUDO (2.2144%); OPTZ (2.1784%); HGRO (2.1426%); SURE (1.9933%); FXL (1.9723%); MNZL (1.8881%); RSPT (1.8632%); VALQ (1.856%); IQSU (1.847%); SPHB (1.8093%); ALTL (1.8087%); ACVF (1.7325%); SCHV (1.7175%); SUSL (1.6862%); USSG (1.68%); QUS (1.6768%); RAFE (1.6662%); DSI (1.6478%); AVSU (1.6373%); SUSA (1.6271%); QQQE (1.5843%); QEW (1.5842%); SROI (1.5522%); QTUM (1.5455%); MFUS (1.4853%); ROUS (1.438%); EFIV (1.4369%); SNPE (1.4357%); AFLG (1.4257%); EQWL (1.4215%); CHGX (1.3966%); JOET (1.3131%); ROE (1.0993%); USMF (1.0538%); TRUT (0.8394%); TRFM (0.7945%); WDAI (0.7893%); JPUS (0.5098%); DFVE (0.3405%); EUSA (0.3224%); SIZE (0.2994%); GSEW (0.2851%); RSP (0.2816%)
AMBA,CBOT (4.6735%); XSD (2.8885%); THNQ (2.698%); ROBO (1.961%); HAIL (1.8851%); KOMP (1.0417%)
AMBQ,MAKX (6.1756%); ISMD (0.5501%)
AMCR,CUT (5.5606%); RSPM (4.2195%); BEEX (3.5639%); SPHD (2.7327%); SNPD (2.3024%); SDOG (2.1777%)
AMD,AMDW (22.6659%); AOTG (17.2295%); GAMR (11.5778%); WISE (11.3969%); KWIN (10.5098%); MFMO (10.2797%); GGME (9.4416%); USMD (8.865%); IGPT (8.7739%); ARKW (8.6995%); CARZ (8.1513%); SOXX (8.0901%); BBLU (7.9075%); SEPI (7.8378%); FRWD (7.8033%); QQQA (7.6467%); FAI (7.5393%); NBDS (7.5311%); FEPI (7.3458%); ARKQ (7.3417%); TTEQ (7.3205%); CHPS (6.5159%); FTXL (6.3224%); KYLD (6.2729%); SHE (6.0407%); ARKX (5.9547%); XIGV (5.8718%); AIX (5.8083%); SMHX (5.7289%); XNTK (5.6051%); AIQ (5.5616%); KQQQ (5.5463%); TRFK (5.5288%); PEXL (5.4782%); MTUM (5.445%); TGLB (5.4384%); SMH (5.4277%); WUGI (5.4221%); HIS (5.388%); ARTY (5.27%); ILDR (5.267%); QQMG (5.1959%); GARY (5.1268%); IVES (5.1062%); QTOP (5.0874%); BAI (5.0686%); BWTG (5.0511%); TOAO (5.013%); SHOC (5.0049%); PSI (4.9833%); ARKK (4.9791%); CHPX (4.9655%); AIS (4.9638%); DEMZ (4.9061%); TECB (4.8593%); CNAV (4.8244%); HEQQ (4.7964%); TEC (4.793%); BAY (4.7637%); SCLZ (4.7262%); XLK (4.7079%); ROCQ (4.6927%); TXUG (4.6818%); TEK (4.656%); RGEF (4.6433%); VEGN (4.5978%); SFYF (4.5966%); GTOP (4.5949%); IETC (4.5842%); PRMR (4.5683%); QFRD (4.5389%); EGGY (4.5%); EGGQ (4.4998%); NITE (4.484%); CRTC (4.4724%); AMOM (4.4179%); TUGN (4.3885%); CHAT (4.3881%); TUG (4.3709%); LRNZ (4.3517%); SPMO (4.338%); NULG (4.3155%); NACP (4.2729%); BALQ (4.2649%); SAWG (4.2646%); PABU (4.1903%); QQHG (4.1612%); QRMI (4.1589%); JXX (4.1565%); GPIQ (4.1371%); IGM (4.1266%); QQQH (4.1255%); QQQI (4.1166%); XQQI (4.1166%); PTNQ (4.1035%); QNDX (4.1032%); QQWZ (4.1027%); QQQM (4.0965%); QQQ (4.095%); AMGR (4.0948%); DTCR (4.0712%); QTR (4.0409%); QCLR (4.0374%); GSGO (4.0161%); GXPT (3.9198%); RULE (3.857%); JEPQ (3.8308%); QSIX (3.7864%); RKNG (3.7369%); FFTY (3.7286%); FCUS (3.7146%); TMFC (3.7019%); BRNY (3.6894%); AIPI (3.6887%); LEGR (3.6854%); AIVC (3.6805%); JTEK (3.6695%); USXF (3.6556%); VGT (3.6467%); QQQG (3.6197%); RSMV (3.6167%); PWB (3.6164%); PJFG (3.6099%); CDEI (3.5613%); QDVO (3.544%); IYW (3.5216%); FMAG (3.4967%); FTEC (3.4918%); IQQQ (3.4856%); LQAI (3.4084%); TEKY (3.4081%); IXN (3.3891%); BUZZ (3.3474%); DAK (3.3463%); GTPE (3.3397%); QQA (3.1986%); BAMG (3.163%); JGRO (3.148%); MNZL (3.1281%); SPIN (3.1251%); EGUS (3.1146%); NULC (3.1143%); GOP (3.1129%); ALRG (3.1103%); PVAL (3.0596%); GQQQ (2.9892%); USRD (2.9867%); OPTZ (2.9537%); WINN (2.9396%); GRNY (2.9172%); SCHG (2.8896%); ILCG (2.8765%); JHAI (2.8455%); SUSL (2.7833%); USSG (2.7729%); DSI (2.72%); XSD (2.707%); AGIX (2.6906%); IQSU (2.6858%); IWLG (2.6722%); HEMI (2.6713%); FXL (2.6638%); RPG (2.6565%); TGRT (2.655%); XITK (2.6261%); QGRW (2.6002%); ACGO (2.4931%); SPUS (2.4925%); GVIP (2.4897%); THNQ (2.4875%); AIPO (2.4854%); TCAF (2.4823%); TNXT (2.3736%); QQH (2.3603%); SPTE (2.3464%); MMTM (2.3413%); FWD (2.2825%); PJUS (2.2715%); GLBL (2.242%); JQUA (2.2268%); JMOM (2.2043%); XMAG (2.1786%); HBTA (2.1573%); TAX (2.1509%); PEPS (2.1233%); TMAT (2.0966%); LDRX (2.0482%); DGT (2.0435%); LST (1.966%); AVUQ (1.9592%); DSPY (1.9459%); SFTY (1.8386%); STOX (1.8214%); QVML (1.7512%); NXTG (1.6663%); ACVF (1.613%); SUSA (1.6127%); FTC (1.6073%); ALTL (1.6019%); SPHB (1.596%); ESMV (1.5197%); LGDX (1.5162%); CVLC (1.5132%); NZAC (1.4262%); TRUT (1.3975%); WCEO (1.3642%); GSPY (1.3482%); JOET (1.2761%); EQWL (1.2567%); CHGX (1.239%); VFMO (0.9788%); JSTC (0.8992%); FEX (0.8766%); FAD (0.8109%); WDAI (0.687%); RSPE (0.6784%); BFOR (0.6584%)
AME,KMID (6.1946%); ZAP (3.964%); RW (3.4268%); DVOL (2.9891%)
AMG,FXO (1.745%); OASC (1.5237%)
AMGN,BBH (15.1365%); IBBQ (7.8833%); IBB (7.8186%); DOGG (5.9604%); PJP (5.1358%); DJD (4.9078%); PBE (4.8959%); THNR (4.5801%); PBPH (4.3646%); SCHD (4.2741%); DIVO (4.1883%); DIA (4.099%); MEDX (3.9141%); OZEM (3.8503%); ELCV (3.7765%); FDV (3.7214%); QNXT (3.5704%); EDOW (3.4865%); XLV (3.3954%); TRUH (3.3345%); IYH (3.2804%); FTXH (3.1782%); TIME (3.0611%); AGNG (3.051%); VHT (2.8696%); FHLC (2.8236%); MBOX (2.6334%); IXJ (2.5353%); QQXT (2.0044%)
AMH,HAUS (4.8126%)
AMKR,HBMX (5.407%); ADPV (5.0506%); FXL (1.7864%); TAX (1.5813%); DFSV (0.7538%); DFAT (0.7462%); FNDA (0.4564%); DFAS (0.315%)
AMLX,XPH (2.0359%)
AMMN.JK,IDX (2.8082%)
AMN,HYP (2.504%); CAFG (2.0707%); SVAL (0.6073%)
AMP,SHRY (3.6113%); ABCS (1.5641%)
AMR,COAL (7.5069%)
AMRQ.L,GLCR (5.3189%)
AMRX,BCUS (3.9021%); PJP (3.6271%); ASCE (2.7464%)
AMRZ.SW,PKB (4.7157%); CAMX (3.8753%)
AMS.MC,BKCI (3.8638%); EWP (3.6035%)
AMT,SRVR (13.8096%); FPRO (8.9537%); DTCR (8.6768%); IDGT (7.7052%); CRED (7.2486%); PSR (7.211%); ICF (6.6908%); BYRE (6.1468%); DTRE (6.0944%); JPRE (5.6082%); XLRE (5.2287%); WTRE (4.5326%); REAI (4.3239%); VGSR (4.2359%); VNQ (4.0297%); FREL (3.9799%); SCHH (3.9545%); IYRI (3.9046%); DFAR (3.8824%); DFGR (3.8795%); IYR (3.8547%); AVRE (3.8184%); TOLZ (3.6556%); CSRE (3.3586%); FREI (1.8478%)
AMTM,TNUK (4.9862%); UFOD (3.6873%)
AMUN.PA,DIM (0.7067%)
AMX,IDVO (3.0017%)
AMXB.MX,EWW (8.5832%); FLMX (7.4918%); ILF (3.7283%); FLLA (2.473%); DSTX (2.0306%); EMDM (1.705%)
AMZN,GXPD (37.9043%); TRUD (24.863%); ONLN (22.8418%); XLY (22.2024%); AMZW (22.1737%); RTH (20.3379%); FDIS (19.915%); VCR (19.7068%); RXI (15.2975%); AIUP (14.8087%); IYC (14.0443%); HULL (13.2752%); BCHP (11.4793%); BUYZ (10.9913%); FDN (9.9749%); FDND (9.9546%); KQQQ (9.2592%); ABIG (8.6487%); FDG (8.6234%); IWX (8.3206%); FFOG (8.2558%); JXX (8.2282%); JHAC (8.2056%); NITE (8.1455%); OWN (8.1285%); GVLE (8.0593%); BGGG (7.9429%); IEDI (7.9197%); BLCV (7.8741%); FBCG (7.8531%); RND (7.7964%); EAGL (7.6362%); PNQI (7.6178%); PJFG (7.6056%); BELT (7.5593%); BGRO (7.4952%); TCHP (7.4548%); LRGE (7.3375%); BKCG (7.2779%); LSGR (7.1354%); SFYF (7.0396%); FFLV (6.8605%); QGRW (6.8235%); TOAO (6.7558%); FEPI (6.7107%); WINN (6.6673%); IWFG (6.6282%); JGRW (6.5755%); BASG (6.5501%); FMAG (6.5023%); EGUS (6.5006%); TLG (6.5001%); FAI (6.4128%); ATFV (6.3545%); BLCR (6.3291%); PCLG (6.2732%); LVDS (6.2652%); ASLV (6.2412%); PRVS (6.1852%); PRCS (6.1603%); BCGD (6.1404%); QDVO (6.1314%); TMFG (6.0736%); BEEX (6.062%); JAVA (6.0495%); VUSG (6.0209%); OGIG (5.9651%); VONV (5.9576%); GVUS (5.9482%); IWD (5.9368%); IOO (5.9202%); TCAF (5.9167%); JHDG (5.8714%); MPLY (5.8613%); SPXT (5.8253%); LCF (5.742%); XLG (5.737%); TGRW (5.7323%); EPS (5.7089%); ICAP (5.6738%); LRGG (5.664%); USSE (5.6222%); ONEQ (5.621%); HAPI (5.5915%); GGRW (5.5169%); EGLE (5.514%); CMAG (5.5119%); MFSV (5.4296%); AVRY (5.3901%); ALAI (5.3672%); QRFT (5.3652%); TSEL (5.2885%); AGRW (5.2869%); QTOP (5.2735%); HFGO (5.2455%); TEC (5.174%); MAVF (5.165%); AVUQ (5.1627%); FELV (5.1489%); SQS (5.1371%); TVAL (5.0788%); MUSQ (5.0624%); TMFE (5.0554%); HIS (5.0445%); OEF (5.041%); LDRX (5.0161%); BKLG (5.0094%); ILDR (4.9857%); SCHG (4.9854%); THRO (4.9716%); PFDE (4.9553%); DFVX (4.9017%); ALRG (4.8959%); EBIZ (4.8717%); BBHL (4.866%); MFIG (4.8485%); GROZ (4.8461%); YNOT (4.8353%); BKDV (4.8259%); FDCF (4.8043%); TMFC (4.8012%); SPIN (4.7245%); BROL (4.7084%); ITAN (4.7066%); BALQ (4.6982%); JUST (4.69%); SCEP (4.6784%); IVES (4.673%); HQGO (4.6669%); CGVV (4.6643%); IQSU (4.6608%); NACP (4.6581%); NANC (4.6523%); TOS (4.6356%); CNEQ (4.6181%); XIGV (4.6056%); LRGC (4.5991%); JUDO (4.5958%); LGRO (4.5811%); CGUS (4.5727%); HEQQ (4.5705%); XCHG (4.5479%); KAT (4.5388%); AIX (4.5302%); STXG (4.5127%); JGLO (4.5017%); DARP (4.4936%); GLBL (4.4923%); GSPY (4.492%); WUGI (4.4789%); ROCQ (4.4772%); VUG (4.4586%); FLCG (4.4541%); MGK (4.4423%); FLAG (4.4264%); CDIG (4.4215%); SUPP (4.4171%); USCL (4.4139%); USCA (4.3819%); CRTC (4.374%); TOPT (4.365%); NOEQ (4.3633%); MGC (4.3598%); ACSI (4.3579%); QQH (4.3444%); BAFE (4.3278%); HEMI (4.3277%); TSPA (4.3213%); JPEF (4.3174%); MSLC (4.3056%); QVML (4.301%); GDE (4.2794%); PJFV (4.2782%); CBOT (4.2656%); GPIQ (4.2313%); TUG (4.2208%); QQMG (4.1924%); PRXG (4.1858%); SPXN (4.1821%); IWL (4.1603%); KOOL (4.1427%); BRCE (4.1399%); QQHG (4.1363%); LCDS (4.1346%); FDLO (4.1232%); FFND (4.1198%); JOYT (4.1021%); HELO (4.1006%); IETC (4.0963%); QRMI (4.0781%); INRO (4.0761%); XVV (4.0661%); ROCY (4.0636%); QQQH (4.0556%); QQQI (4.0475%); XQQI (4.0475%); WRND (4.0337%); GUSE (4.0317%); QNDX (4.0278%); PTNQ (4.0232%); QQWZ (4.0217%); QQQM (4.0163%); QQQ (4.0149%); BCTK (4.0079%); AAEQ (3.9917%); VNSE (3.9869%); LRND (3.9837%); SPXV (3.9654%); ESGV (3.9578%); QTR (3.9533%); QCLR (3.9523%); JUSA (3.9491%); FVAL (3.946%); USMD (3.934%); ILCG (3.9108%); NBGX (3.9038%); BAMG (3.8958%); PJUS (3.8743%); AOTG (3.8542%); ARKX (3.8511%); FELC (3.8502%); PHEQ (3.8444%); FHEQ (3.8331%); XAIX (3.824%); FYEE (3.8228%); FEUS (3.822%); RWL (3.8136%); FMCE (3.8077%); LCAP (3.7994%); SCLZ (3.7981%); GTOP (3.7906%); SPYV (3.7812%); TECB (3.7793%); IVE (3.7773%); CLOD (3.7688%); ENHU (3.7643%); VOOV (3.7621%); TUGN (3.7519%); OALC (3.7489%); PLGI (3.7452%); SPYX (3.739%); SGLC (3.7247%); RAUS (3.724%); SPXE (3.7236%); SAWG (3.7212%); WAMA (3.7202%); DYNF (3.7196%); TEKY (3.7158%); ARKW (3.7139%); QSIX (3.7128%); USNZ (3.7083%); NTSX (3.7049%); AAUS (3.704%); LSVD (3.6896%); NELS (3.6672%); CATH (3.6623%); CHRI (3.6486%); XRMI (3.6484%); FBCV (3.644%); JEPQ (3.642%); ADME (3.6415%); ACIO (3.6407%); VV (3.6375%); SPYI (3.6312%); XSPI (3.6312%); USPX (3.6276%); BBUS (3.6266%); PTLC (3.6177%); FLCC (3.6158%); GSUS (3.6143%); IVV (3.6135%); SPYH (3.6118%); SPY (3.6106%); VOO (3.6105%); UDIV (3.6054%); VOTE (3.5902%); XTR (3.5873%); PBUS (3.5733%); THMZ (3.5733%); ILCB (3.572%); XCLR (3.5694%); IUSV (3.5629%); TOV (3.5576%); NBCR (3.537%); GQQQ (3.5175%); BKLC (3.5026%); SEPI (3.4969%); SCHX (3.4932%); ESGU (3.4915%); AVLC (3.4883%); SPYG (3.4832%); IVW (3.4822%); AAUA (3.4792%); VOOG (3.4764%); TIME (3.4648%); WISE (3.4582%); CVLC (3.4551%); SKYY (3.4531%); EQL (3.448%); LCLG (3.4451%); RFFC (3.4346%); PEPS (3.4261%); QLTY (3.425%); ONOF (3.4222%); IQQQ (3.4174%); GPIX (3.4006%); KLMN (3.3991%); HDUS (3.3988%); SCHK (3.3922%); CARK (3.3856%); LGH (3.378%); IYY (3.3617%); GSLC (3.3602%); RILA (3.3578%); LOWV (3.3372%); DFUS (3.3367%); NUGO (3.335%); IWB (3.331%); SPTM (3.3307%); WTAI (3.3306%); VONE (3.3232%); IUSG (3.3059%); AIEQ (3.3039%); ESG (3.2951%); FDTX (3.2941%); IWLG (3.2921%); QDPL (3.2847%); GUSA (3.2709%); SCHB (3.2489%); APUE (3.2473%); FDMO (3.2459%); CGGG (3.2417%); NPFE (3.2385%); GQI (3.2294%); ILCV (3.2239%); AVUS (3.2213%); JHAI (3.2206%); TACU (3.2178%); HGRO (3.2164%); RGEF (3.2138%); BALI (3.2062%); ITOT (3.1902%); IWV (3.1853%); VTHR (3.1828%); VTI (3.1723%); PY (3.1574%); SPIT (3.1537%); DFAU (3.1529%); INFO (3.137%); QQA (3.1359%); TGRT (3.1063%); DFLV (3.1054%); AVSU (3.1016%); TNXT (3.0719%); ISPY (3.0678%); FLQL (3.0571%); MILN (3.0023%); LRGF (3.0021%); LGDX (2.9599%); HIDV (2.9538%); LOGO (2.9427%); DFSU (2.9379%); PVAL (2.9281%); SPCT (2.9084%); VUSV (2.8557%); FPAG (2.853%); SFY (2.852%); LCTU (2.8518%); SROI (2.8307%); AGIX (2.8251%); DCOR (2.8217%); HCMT (2.8101%); BDYN (2.7979%); RGLO (2.7971%); KRMA (2.766%); CSM (2.7628%); TOK (2.7395%); JHML (2.7357%); DFAC (2.7355%); ACGO (2.7331%); KOKU (2.7303%); TTEQ (2.6899%); HBTA (2.6676%); XT (2.6557%); AVLV (2.6446%); IUS (2.6067%); VLU (2.6005%); URTH (2.5829%); MFSG (2.5664%); DFUV (2.5279%); FEAC (2.5114%); TILT (2.4173%); CGGR (2.3834%); DXUV (2.3407%); NZAC (2.3387%); MMTM (2.3378%); XXX (2.3286%); AVOS (2.309%); KLMT (2.2934%); QLC (2.2906%); CRBN (2.2842%); PHDG (2.2841%); ACWI (2.2657%); PSET (2.2497%); FLCV (2.236%); AFLG (2.1911%); VUS (2.1878%); BWQG (2.1795%); GEQ (2.1503%); GLOF (2.0931%); PRF (2.0745%); QARP (2.0717%); VUSE (2.0551%); RKSG (2.0433%); VT (1.9807%); BDGS (1.9578%); DSPY (1.9455%); SPGM (1.9018%); OMFL (1.825%); SPUT (1.8247%); EBI (1.7458%); FNDX (1.7205%); GINN (1.7145%); TEQI (1.7032%); FNDB (1.5989%); LEGR (1.427%); BDVL (1.229%)
AN,XMVM (1.8339%)
ANA.MC,PWRZ (3.762%); FRNW (2.9558%); IMOM (2.0779%); FEUZ (1.2781%); COPY (0.9939%); FEP (0.9812%); ISCF (0.4464%)
ANDINA-B,ARGT (3.3402%)
ANDR.VI,EWO (4.2398%)
ANET,IYZ (11.0219%); FDCF (5.9809%); KWIN (5.1526%); BBHM (5.0616%); FDN (5.0175%); FDND (5.0082%); AIFD (4.9125%); TLG (4.8975%); USSE (4.8273%); BIBL (4.6971%); IDGT (4.6261%); CARK (4.5075%); SKYY (4.177%); SXQG (3.8886%); QIDX (3.6252%); BRIF (3.4495%); FDRS (3.4139%); BRNY (3.4103%); XTL (3.3838%); AIPI (3.2609%); GOP (3.0369%); CAML (2.8822%); GRNY (2.6807%); DRUP (2.6539%); RILA (2.1983%); PRMR (2.0968%); NXTG (1.4526%); WCEO (1.2518%); PTL (1.1596%); EQAL (0.4189%)
ANF,GRPM (2.2453%)
ANRO,PSIL (4.2066%)
ANTM.JK,NIKL (13.1498%)
ANTO.L,COPP (9.3254%); COPX (5.2773%); ICOP (4.6412%); EART (4.5457%); AMEM (3.5735%); COPA (3.1418%)
ANZ.AX,EWA (5.2299%); FLAU (4.449%); DVYA (3.894%); BBAX (3.4675%); EPP (3.3757%)
AOD,YYY (3.5144%)
AOHY,WBIG (2.4373%)
AOK,XFLX (8.3357%)
AON,KBWP (7.6318%); DHLX (5.8403%); PCGG (4.8384%); EQTY (4.1026%); PCIG (3.9335%); CGGO (1.4896%)
AOR,MFUL (9.9187%); XFLX (8.6854%); XRLX (6.4398%)
AORT,XHE (1.8011%)
AOS,QDIV (2.1781%); SAGP (2.054%)
AOT-R,EMIF (9.381%); THD (4.8093%)
APA,OILT (4.4097%); FXN (4.0661%); SMCF (3.4112%); FCPI (3.0087%); SPDV (2.3068%); PSAI (1.6181%); SPYD (1.4629%); HWSM (1.3683%); DON (0.9522%); EZM (0.6737%)
APA.AX,FID (2.0661%); WDIV (1.4943%)
APAM,ABLS (3.7206%)
APAM.AS,DFE (1.5005%)
APD,IBAT (6.0032%); IYM (4.8755%); XLB (4.6172%); VAW (3.871%); FMAT (3.7711%); CCOR (3.3943%); YLDE (2.7674%); HALX (2.6829%)
APG,RW (3.4675%); CGVV (2.7797%)
APGE,SBIO (4.3567%); GURU (1.7234%); XBI (1.4881%); BBC (0.933%)
APH,LCLG (5.7189%); HVAC (5.4634%); CWS (5.2424%); GLRY (5.0508%); MOTO (4.7427%); RACK (4.6719%); BIBL (4.6142%); VOLT (4.5576%); MADE (4.3099%); CGGG (4.2575%); DEMZ (4.2103%); RILA (3.9913%); RND (3.5143%); CAML (3.4276%); WBIF (3.3968%); PDP (3.1766%); BGDV (3.096%); GTEK (2.5079%); WBIG (2.371%); TGLB (2.3615%); FTGS (2.3155%); FGSI (2.3105%); BCGS (2.1108%); USMV (1.7571%); XOEF (1.1884%); VFMO (0.8731%); JPUS (0.4584%)
APLD,DAPP (5.1084%); NODE (3.7159%)
APLE,BEDZ (5.8332%); SRET (4.5514%); XSHD (3.5584%); RDOG (2.3055%); RIET (1.6894%); HAPS (1.5221%); VRAI (1.4873%); FYT (0.8305%); GYLD (0.8169%)
APN.JO,EDOG (2.7016%)
APO,LBO (9.2334%); GPZ (7.4716%); FDFF (4.1258%); BGIG (3.1879%); YLDE (2.7153%)
APOG,SMDV (1.1022%); MYLD (1.0613%)
APOLLOHOSP.NS,IOPP (4.8285%); NDIA (4.0687%)
APOPA,EPRF (4.0404%)
APP,BUYZ (5.3047%); CLOD (5.0169%); XDAT (4.9653%); AIUP (4.7719%); GAMR (4.7616%); IGV (4.7578%); BGGG (4.5198%); AOTG (4.4424%); FCLD (4.3244%); LCLG (4.1576%); XOVR (3.9488%); LOUP (3.9077%); DWLD (3.8692%); GLRY (3.7376%); FFF (3.6521%); OGIG (3.1669%); FDRS (2.7784%); FTCE (2.6374%); FPX (2.3382%); SPGP (2.2815%); PALC (1.9182%); WLDR (1.8603%); ROE (1.1477%)
APPS,FDLS (1.4706%); XSW (0.9225%)
APRW,SPBW (8.3025%)
APTB/US.SW,DIME (4.604%)
APTUS.BO,EMSC (1.6107%)
APTV,FDRV (3.4342%)
AR,MGNR (3.1974%); XOP (2.6748%); LCO (2.0447%)
ARB,NDOW (3.2585%)
ARCB,CCFE (6.1051%); RZV (1.4482%)
ARCC,BIZD (14.3392%); PBDC (11.2597%); LBO (10.5143%); FBDC (10.4565%); PEX (10.1567%)
ARE,CVAR (2.3425%)
ARES,GPZ (6.2611%); LBO (5.9849%); DIVG (1.6497%)
ARESPB,EPRF (3.9017%); SPFF (3.5268%)
ARG.TO,COPJ (3.3276%)
ARGX,BBH (4.875%); BOUT (4.5474%); GDOC (3.8539%); IBB (3.7544%); TSCM (3.7212%); FMED (2.9993%); IBBQ (1.7895%)
ARGX.BR,EWK (15.5467%); CEFA (1.5048%)
ARI,SRET (3.5857%); HYIN (3.3253%)
ARION.IC,GLCR (13.2011%)
ARIS.TO,SGDJ (4.6242%)
ARKW,AESR (11.3711%)
ARLO,SIMS (2.6781%)
ARLP,COAL (4.7235%); DADS (3.7317%); EIPX (1.7139%)
ARM,ARMH (97.4823%); ARMW (22.5569%); FPXE (9.221%); IPO (8.5439%); QQQA (7.68%); SPRX (7.2802%); PTNT (6.9859%); NBDS (6.6437%); AIPI (6.2714%); AIX (5.3354%); FPXI (4.962%); SMHX (4.8321%); CHPX (4.6235%); TRFK (3.9713%); WBIL (3.0724%); USRD (3.0589%); UFOX (2.758%); QNXT (2.7458%); CAML (2.6757%); XITK (2.581%)
ARMK,DUSG (0.6425%); ISCV (0.4836%)
AROC,PSCE (8.073%); XES (4.5538%); IEZ (4.0421%); USNG (4.0097%); BCUS (3.5776%); PXJ (3.4453%); EPSB (3.184%); SAWS (3.0839%); DGRS (2.8269%); DES (0.8879%); AVUV (0.7306%)
ARQQ,QTUP (7.4023%); CQTM (4.9232%); QTUM (2.4121%); QQQS (0.888%)
ARR,KBWD (3.9905%); HYIN (3.5644%); XSHD (3.1764%)
ARTCU,SPCK (3.3011%)
ARW,RFV (4.0246%); EPSB (2.2818%); EPMB (2.1877%); XMVM (1.7634%); RWK (1.3316%); DFSV (0.6949%); JHSC (0.5851%); STXK (0.4601%)
ARWR,THNR (5.0837%); IBRN (4.0729%); RFG (2.3171%); HTEC (2.0584%); BBSC (0.3774%)
ASA,CEFS (8.0903%)
ASAI3.SA,EWZS (3.9862%)
ASB,KRE (1.3589%)
ASELS.IS,TUR (11.225%)
ASG,CCEF (3.9094%)
ASH,MVFD (3.139%)
ASII.JK,IDX (5.3252%); EIDO (3.7029%)
ASM.AS,EWN (4.7839%); TXUG (3.5224%); BIDD (3.2575%); EAFG (2.8062%)
ASML,ASMH (97.112%); TOS (11.4641%); EUV (8.7606%); BULD (8.2767%); TOAO (7.3598%); PFOE (7.2949%); AMGR (7.0117%); BELT (6.4276%); NXTE (6.3354%); HBMX (5.7282%); GARY (5.6704%); GRW (5.391%); SUPP (5.2116%); BCGD (5.1682%); IBOT (5.1433%); FRWD (5.067%); GFGF (4.969%); SMH (4.9543%); SHOC (4.9496%); CHPX (4.868%); OAIM (4.7514%); BKCG (4.6395%); QLTI (4.6045%); BWTG (4.5911%); WUGI (4.5241%); SOXQ (4.4833%); NBDS (4.3615%); DIHP (4.35%); QQQA (4.3445%); SAMM (4.3219%); PJIO (4.1171%); LRGE (4.0371%); AMEM (3.9858%); YOKE (3.9785%); FMCE (3.7673%); XNTK (3.7456%); EPAI (3.6725%); SEMI (3.5967%); TTEQ (3.5148%); RSMV (3.494%); IDVO (3.4923%); NBGX (3.4872%); IDVZ (3.4506%); QNXT (3.3254%); FFGX (3.3205%); JTEK (3.1916%); DFSI (3.0713%); CBLS (2.938%); MBOX (2.8986%); NVPS (2.8627%); QTEC (2.5842%); PRAY (2.5031%); QQEW (2.42%); GVIP (2.4076%); BWQG (2.3729%); THNQ (2.2898%); APIE (2.2274%); GOP (2.1452%); DFAI (2.0462%); VUSV (1.8942%); AVDE (1.6373%); AVSD (1.3564%); DFIC (1.3078%); RODM (1.2912%); QEW (1.2213%); QQQE (1.2166%); DXIV (1.1527%); DFAX (0.7668%)
ASML.AS,EWN (27.5276%); FEZ (10.3498%); EZU (9.8932%); PTEU (9.5774%); FLEU (9.5512%); DBEZ (8.5496%); DNL (7.9814%); HEDJ (7.7226%); BKCI (7.6662%); TXUG (7.64%); PCIG (7.3783%); DMXF (7.035%); EFG (6.9403%); IVSI (6.8374%); SPTE (6.7822%); EASG (6.6798%); IQLT (6.5621%); MTRA (6.4299%); PIEQ (6.3639%); OSEA (6.2793%); BGGG (6.0947%); IMTM (6.0832%); CGIE (5.719%); WRND (5.6703%); BBEU (5.6413%); PIEL (5.6268%); VNIE (5.5789%); FFDI (5.5392%); IQSI (5.4765%); IDHQ (5.4733%); IEV (5.4507%); BGCG (5.3893%); OEFA (5.2071%); PATN (5.1098%); NUDM (5.1048%); FLEE (5.079%); DBEU (5.0084%); UMMA (4.9522%); IEUR (4.8675%); VGK (4.8265%); GSEU (4.8238%); TINY (4.7723%); XEML (4.7119%); SPEU (4.6994%); EXUS (4.5254%); TLCI (4.4359%); SFTX (4.3743%); FRGN (4.3674%); HOLA (4.3171%); JIRE (4.242%); TOUS (4.1749%); FAI (4.1363%); CEFA (4.1327%); NBIE (4.0853%); GRIN (4.0748%); FENI (4.0555%); NTSI (4.0204%); VDI (3.9713%); WIMA (3.936%); GIEQ (3.8353%); EFAX (3.8089%); ESGD (3.7682%); PRXI (3.6878%); TDI (3.6375%); FEDM (3.6344%); EPIN (3.6261%); CHPS (3.6179%); ILOW (3.6078%); SPWO (3.5994%); BBIN (3.5865%); ENHI (3.5679%); PABD (3.5517%); EFA (3.5229%); JIG (3.4787%); FIVA (3.4372%); CGIC (3.37%); GSID (3.3468%); EAFG (3.3148%); CGGE (3.2954%); LCTD (3.2792%); DBEF (3.2716%); DIVI (3.2294%); PTIN (3.2035%); TILC (3.1864%); FHIL (3.1463%); IEFA (3.0318%); EUDG (3.015%); JGLO (3.0094%); BRIE (3.0061%); EUDV (2.9762%); BKIE (2.9382%); IQDG (2.9272%); IHDG (2.9242%); AQLT (2.9084%); INTF (2.877%); QLVD (2.8298%); CGXU (2.7813%); CGGO (2.7769%); EFAA (2.7716%); IXN (2.7328%); RFDI (2.7278%); IDEV (2.6608%); RINT (2.6127%); GSIE (2.5597%); DWMF (2.5503%); QEFA (2.5365%); CVIE (2.4912%); SCHF (2.4057%); JDIV (2.3492%); JHMD (2.3491%); HFXI (2.3489%); VEA (2.3387%); RWIN (2.3286%); VSGX (2.2729%); SPDW (2.2727%); CWI (2.1087%); ACWX (2.0617%); TIER (2.0002%); JHID (1.9936%); DBAW (1.9449%); GXUS (1.9415%); VEU (1.8652%); IXUS (1.7886%); EFAD (1.7747%); VXUS (1.6959%); IDVY (1.6907%); SEIE (1.6147%); BDVL (1.5745%); QINT (1.5436%); TLTD (1.5025%); IQDF (1.4973%); DGT (1.3899%); QWLD (1.3868%); FEUZ (1.2643%); MFDX (1.1755%); DWM (1.1545%); DDWM (1.1243%); JFLI (0.3973%)
ASND,MEDI (14.1719%); AFOS (3.4302%); AADR (3.1852%); BBP (1.6388%); MSSM (0.9962%)
ASPN,HAIL (1.6037%)
ASR,EMIF (5.9617%); EDOG (2.1671%)
ASSA-B.ST,EWD (4.1459%)
ASTH,XHS (1.9381%); FDLS (1.1294%)
ASTOR.IS,MEMS (2.4075%)
ASTRAL.NS,INDQ (3.9526%)
ASTS,ORBX (10.6112%); MARS (7.956%); WARP (6.578%); DIPR (5.3386%); NASA (5.2853%); UFO (5.2704%); WTRE (4.5471%); JEDI (4.2577%); UFOX (3.4766%); FPX (2.1077%); EQAL (0.423%)
ASURB.MX,EWW (2.5108%)
ASX,NSI (4.6104%); AVES (1.8046%); BREE (1.498%); AVEM (0.7683%); AVXC (0.5239%)
ASX.AX,CZAR (3.9548%)
AT1.DE,FGM (3.5617%)
ATAI,PSIL (10.4832%); XPH (2.1273%)
ATAT,BEDZ (4.5839%); ECNS (1.1184%)
ATCO B,EWD (3.5352%)
ATCO-A.ST,EWD (6.8027%)
ATD.TO,BKCI (4.9285%); FICS (2.1966%)
ATEN,OSCV (2.4467%); CAFG (2.3421%); FSCS (1.3492%); ROSC (0.925%); JPSE (0.3498%)
ATEX,XTL (3.1894%); LITL (0.9943%); ISMD (0.4072%)
ATEYY,HBMX (7.4551%)
ATHPA,SPFF (2.8426%)
ATI,USSE (6.9054%); PYZ (6.3646%); BLCR (3.5539%); XMMO (3.2748%); PDP (2.3564%); PAMC (1.7656%); MDYG (1.4175%); IJK (1.4127%); IVOG (1.4035%); NUSC (1.2868%); FSGS (1.19%); XJH (0.8348%); PTMC (0.7415%); SPMD (0.7405%); IJH (0.7382%); IVOO (0.7351%); BKMC (0.6417%); SCHA (0.5347%); PRFZ (0.42%); ESML (0.4108%); SMMD (0.3545%)
ATLO,AFSM (0.7574%)
ATO,NFRX (4.2954%); TPYP (4.108%); PUI (3.8677%); TPHD (1.4888%); ULVM (1.4847%); VBR (0.6135%)
ATR,GLAM (4.258%); NBSM (2.1135%)
ATRL.TO,TNUK (5.3246%)
ATS.VI,GVAL (8.3446%); EWO (6.521%); AVDV (2.5556%); AVDS (0.6647%); GWX (0.3966%)
ATW,AFK (5.7043%)
ATYM.L,COPJ (4.8015%)
ATZ.TO,SCHC (0.4127%); VSS (0.2751%)
AU,EZA (11.0582%); GDMN (7.0493%); FTRI (6.4818%); GDX (5.0725%); AUMI (4.8764%); RING (4.6579%); AFK (4.335%); FXZ (3.8356%); IYM (3.4167%); MGNR (3.2659%); FCPI (2.6273%); CALF (1.8724%); EMDM (1.845%); ONEY (1.2043%); JPEM (0.8922%); ONEO (0.6748%)
AUB,ACSV (1.7867%); KRE (1.367%); PSCF (1.3281%); KBE (1.0192%)
AUGU,SPBU (8.3621%)
AUGW,SPBW (8.3745%)
AUR,CBOT (5.88%); CABZ (4.2481%); HAIL (1.5515%)
AVA,CSB (1.6331%); ALTY (1.3565%); XSLV (1.098%); USVM (0.6792%); TPSC (0.4044%)
AVAV,DRNZ (13.0998%); ARKX (4.2891%); BZZ (4.0305%); FORH (3.072%); JEDI (3.0394%); KOMP (0.8849%)
AVB,RITA (4.5268%); REZ (4.266%); PPTY (3.6304%); GQRE (3.3577%); RSPR (3.3227%); RWR (2.4508%); RWO (1.5373%)
AVDE,AVNM (39.4533%); AVGE (10.3404%); AVTM (8.5132%); AVMA (6.5722%)
AVDS,AVNM (1.7906%)
AVDV,FGSM (26.0844%); AVNV (24.7897%); PRAE (13.6462%); AVGV (9.046%); AVNM (6.9539%); TOS (5.1831%)
AVEE,AVNM (1.8274%)
AVEM,FINT (22.64%); AVNM (19.7219%); AVGE (6.8822%); AVMA (4.6269%); WSGE (4.3175%); AVTM (4.1983%)
AVES,AVNV (29.9178%); AVGV (10.3499%); AVNM (10.2619%); AVGE (3.3415%)
AVEX,DRNZ (2.9944%)
AVGB,AVMA (8.1165%)
AVGO,AVGW (26.3095%); SMHX (14.4258%); PTL (10.8173%); SHOC (9.5183%); IETC (8.3646%); CHPX (8.099%); GRW (7.9053%); SEMI (7.6905%); SOXQ (7.6832%); CGGG (7.64%); IGM (7.596%); PCLG (7.4848%); IWLG (7.4575%); RJDI (7.4266%); KNCT (7.4187%); TRFK (7.3711%); VYM (7.2616%); TDVI (7.2545%); TDIV (7.2495%); JXX (7.2421%); BELT (7.1863%); GXPT (7.0435%); TFGZ (6.9377%); HFGO (6.7849%); FAI (6.7772%); CIBR (6.7151%); FEPI (6.6351%); NUGO (6.5871%); USXF (6.5582%); TLG (6.5188%); BCTK (6.4293%); QOWZ (6.4237%); TGRW (6.3614%); AMGR (6.213%); KQQQ (6.1466%); WINN (6.1075%); TCHP (6.1019%); SOXX (6.0772%); HACK (6.0073%); SPMO (5.9631%); TOAO (5.9284%); FMAG (5.9229%); NULG (5.9073%); RVER (5.8791%); YALL (5.858%); MNZL (5.8188%); FLCG (5.8075%); TEK (5.7794%); ICAP (5.7461%); GROZ (5.7154%); VDIG (5.6668%); TRUT (5.6476%); IWY (5.637%); TEC (5.6156%); TGRT (5.5083%); SCEP (5.4853%); CGUS (5.4639%); FELG (5.4313%); SMH (5.4053%); SEMG (5.3868%); GK (5.3812%); ILCG (5.3468%); PGRO (5.3396%); BRIF (5.2602%); EGUS (5.2457%); STXD (5.2349%); IWF (5.2069%); VONG (5.1896%); AGRW (5.152%); TTEQ (5.1343%); AIFD (5.0555%); SPYG (5.0381%); IVW (5.0367%); PCGG (5.0309%); VOOG (5.0283%); DVGR (4.9896%); MFIG (4.9714%); ACGO (4.9039%); QUSA (4.8924%); RILA (4.8813%); LCOW (4.8724%); BGIG (4.8653%); ALRG (4.8377%); BGDV (4.832%); BASG (4.8251%); IXN (4.8102%); ESG (4.8101%); CGDV (4.809%); IWFG (4.8016%); IUSG (4.7816%); USMC (4.7728%); PEXL (4.7701%); ESGG (4.7445%); FTXL (4.7381%); NBGX (4.7287%); CGGR (4.7172%); SPUS (4.7071%); JHAI (4.6859%); GDIV (4.6769%); VUSG (4.6739%); XLK (4.6651%); FRWD (4.6494%); XIGV (4.6418%); QDEF (4.6254%); BCHP (4.6156%); SCLZ (4.5921%); USMD (4.588%); IVES (4.5731%); AIX (4.5623%); CGBL (4.546%); BGRO (4.5438%); IOO (4.5383%); LOWV (4.5312%); LCLG (4.5257%); VIG (4.524%); HLAL (4.5237%); GLRY (4.5006%); CLCG (4.4938%); AQLT (4.4337%); SPTE (4.4297%); TOPT (4.4247%); GGRW (4.4197%); CZAR (4.4156%); XLG (4.398%); CGGE (4.3976%); SQS (4.37%); JGRO (4.3602%); PJFG (4.3464%); ACEP (4.3031%); TMFC (4.2757%); ARTY (4.2754%); VUG (4.2716%); MGK (4.2559%); IYW (4.2321%); FFOG (4.2059%); RACK (4.1923%); QDVO (4.1805%); TGLR (4.175%); MFMO (4.1696%); MPLY (4.168%); CNEQ (4.166%); RND (4.1583%); FDLO (4.1512%); PRXG (4.1407%); TDVG (4.1354%); CGCV (4.1302%); LOGO (4.1054%); CAML (4.104%); CGDG (4.1005%); SHE (4.042%); SWP (4.0388%); IQM (4.0379%); GLBL (4.0346%); BBLU (4.0184%); YNOT (4.012%); MTUM (4.0005%); BAMG (3.9962%); HBTA (3.9778%); ABIG (3.9723%); MMTM (3.9434%); LRND (3.9409%); QLTY (3.9355%); CHAT (3.9329%); QDF (3.9283%); ONEQ (3.9228%); LDRX (3.9077%); FBCG (3.9066%); BAI (3.8965%); FTEC (3.8871%); BAY (3.8721%); CARK (3.8705%); OEF (3.8643%); SFY (3.8579%); MIGO (3.8567%); VGT (3.8424%); BKLG (3.842%); FDRR (3.8328%); UFOX (3.8168%); GGUS (3.8128%); PABU (3.8007%); TIME (3.7813%); TGLB (3.7774%); ALAI (3.7753%); ILDR (3.7645%); JPEF (3.7601%); PJUS (3.7579%); SCHG (3.745%); QRFT (3.7385%); XPND (3.7048%); HIDV (3.6946%); NULC (3.676%); PFDE (3.666%); JHDG (3.6535%); FMCX (3.6374%); AVUQ (3.6176%); VEGN (3.6114%); PWRD (3.5937%); AIPO (3.5775%); LGDX (3.5764%); SPIN (3.5461%); MFSG (3.5413%); WISE (3.5306%); JUDO (3.4926%); QVML (3.4873%); HQGO (3.4751%); DIVS (3.4638%); VUS (3.457%); TSPA (3.4426%); THMR (3.4361%); STXG (3.4174%); WRND (3.402%); FVAL (3.3987%); JTEK (3.3983%); SAWG (3.3981%); DVND (3.3872%); MGC (3.3794%); PFM (3.359%); LCAP (3.3487%); QQH (3.3464%); AQLG (3.3424%); HEMI (3.3382%); KVLE (3.3338%); TEKY (3.3134%); HIS (3.3017%); XCHG (3.2989%); FQAL (3.2974%); GQQQ (3.2813%); LRGC (3.2736%); USCL (3.251%); BROL (3.2391%); USCA (3.2308%); SPXN (3.2066%); FDMO (3.1883%); INFO (3.1817%); QGRW (3.1769%); FYEE (3.1724%); IWL (3.1621%); FELC (3.157%); BRES (3.142%); TCAF (3.1231%); XVV (3.117%); FDVV (3.1129%); FHEQ (3.1065%); BDIV (3.0939%); SGLC (3.0767%); SPXV (3.0413%); CGGO (3.0395%); FEAC (3.039%); ADIV (3.0247%); UDIV (3.0201%); ESGV (3.0081%); SPCT (3.0069%); TUGN (3.0013%); TUG (3.0008%); QQHG (2.9912%); HELO (2.961%); OWN (2.9586%); AAUA (2.9531%); PHEQ (2.9301%); SFTY (2.9283%); CATH (2.925%); STOX (2.9187%); GDE (2.9099%); JUST (2.9079%); LRGF (2.9026%); AAEQ (2.8959%); USNZ (2.8849%); VSLU (2.883%); PRAY (2.8744%); JUSA (2.8742%); QLC (2.874%); GSGO (2.8665%); SPYX (2.8663%); SPXE (2.8554%); RAUS (2.8277%); PEPS (2.8242%); VV (2.8194%); AIQ (2.819%); ACIO (2.8107%); GPIX (2.8099%); FLRG (2.8033%); XRMI (2.7957%); SPYH (2.7909%); AIEQ (2.7899%); THRO (2.7887%); SPYI (2.7826%); XSPI (2.7826%); GSUS (2.7731%); PTLC (2.771%); IVV (2.77%); XMAG (2.7688%); ADME (2.7685%); SPY (2.7679%); VOO (2.7676%); CHRI (2.7585%); DYNF (2.753%); RKSG (2.751%); XTR (2.7499%); TNXT (2.7457%); XCLR (2.7318%); LQAI (2.7295%); BBUS (2.7248%); USPX (2.7246%); GUSE (2.6997%); VOTE (2.6974%); BKLC (2.6874%); ILCB (2.6837%); TOV (2.6786%); AFLG (2.6693%); ENHU (2.6441%); ESGU (2.6382%); AAUS (2.6362%); ONOF (2.6358%); PBUS (2.6318%); SUSA (2.6237%); ACVF (2.6216%); SCHX (2.6208%); CVLC (2.6171%); VUSE (2.608%); LCDS (2.5971%); IYY (2.577%); JOYT (2.5768%); OALC (2.5651%); SPTM (2.5533%); ROCY (2.5524%); TACU (2.5517%); DGRO (2.5484%); SCHK (2.5446%); DFUS (2.5398%); WAMA (2.5332%); IWB (2.5318%); VONE (2.5258%); APUE (2.5222%); NTSX (2.5221%); QDPL (2.5179%); GUSA (2.5096%); KLMN (2.5093%); FLCC (2.4846%); LGH (2.467%); FLQL (2.4595%); VTI (2.4589%); MSLC (2.4563%); ITOT (2.4455%); SCHB (2.4375%); GSLC (2.4222%); IWV (2.421%); VTHR (2.4192%); JHDV (2.3991%); NELS (2.375%); HDUS (2.3582%); ISPY (2.3517%); DGRW (2.3414%); LCTU (2.3369%); MODL (2.3212%); FCPI (2.3129%); FFND (2.3046%); BRCE (2.2774%); DFAU (2.2729%); SROI (2.23%); GFLW (2.2188%); BDYN (2.2054%); DLN (2.1797%); FEUS (2.1755%); HCMT (2.1542%); TOK (2.0177%); KOKU (2.0112%); INRO (2.0021%); DFSU (2.0007%); MOTG (1.9754%); KRMA (1.9545%); JQUA (1.9388%); DTD (1.9279%); JMOM (1.9192%); URTH (1.9024%); GEQ (1.8959%); RGLO (1.8901%); EBI (1.8749%); NZAC (1.8406%); AVLC (1.8252%); JVAL (1.8216%); TILT (1.8156%); GLOF (1.8124%); DSPY (1.8113%); CSM (1.8076%); FWD (1.7938%); NBCR (1.7655%); QLV (1.7625%); XXX (1.7515%); JHML (1.7493%); PHDG (1.7492%); QWLD (1.7406%); GSPY (1.7195%); CGNG (1.7158%); JPFP (1.6956%); KLMT (1.6931%); CRBN (1.674%); ACWI (1.6693%); USMF (1.6259%); DCOR (1.6245%); EPS (1.5467%); VT (1.5057%); MFUS (1.4594%); SPGM (1.4584%); SPUT (1.3994%)
AVIG,AVMA (18.0422%)
AVIV,AVNV (45.1731%); AVNM (19.9132%); AVGV (17.3838%); AVGE (5.237%); AVMA (3.4702%)
AVLV,AVGV (37.1316%); AVGE (15.3457%); AVMA (10.0869%)
AVMV,AVGV (7.38%); AVGE (1.3784%)
AVNS,TSCV (2.7265%)
AVOL.SW,FSZ (3.6517%); DWMF (1.6694%)
AVPT,DAT (4.4935%)
AVRE,AVGE (2.7404%)
AVSC,AVGE (3.5893%); AVMA (2.4888%)
AVSF,AVMA (8.2312%)
AVT,RFV (4.0012%); EPSV (2.4273%); DGRS (2.386%); EPMV (2.1544%); XMVM (1.8423%); HAPS (1.5693%); AVUV (0.7803%); PAPI (0.7036%)
AVUQ,AVTM (3.1971%)
AVUS,AVGE (42.9918%); AVMA (28.3646%)
AVUV,AVGV (18.6078%); EDGU (14.8266%); PRAE (14.2847%); FGSM (11.6531%); HECA (6.4495%); AVGE (3.6098%); AVMA (2.3827%)
AVY,CUT (4.9569%); COWS (3.0285%)
AWF,THRV (3.2974%)
AWI,XSHQ (1.9116%)
AWK,AQWA (8.3045%); CGW (7.7713%); TBLU (7.329%); EFRA (6.0332%); BLDX (4.5802%); FTRI (4.1028%); PHO (4.1011%); FIW (4.0092%); RSPU (3.2311%); HALX (2.6915%)
AWR,CSB (1.7024%); SMLV (0.5599%); TPSC (0.4093%)
AX,KBE (1.0317%)
AXAHY,DIVD (2.223%)
AXGN,HTEC (1.992%); XHE (1.8331%)
AXIA,EMIF (6.0123%); BRAZ (4.8349%); FTRI (3.9481%); PBW (1.6054%)
AXIA3.SA,RNRG (6.0882%); EWZ (3.4682%); FLBR (3.0531%); ECOW (2.1604%)
AXISBANK.BO,NDIA (5.8064%); INDY (3.5158%); INDH (3.1174%); INDE (3.0398%); GIND (2.6564%); INDA (2.3122%); FLIN (1.9142%); IND (1.8796%); NUEM (1.5535%)
AXON,WAR (8.7127%); EYES (6.8708%); NITE (4.9941%); TMFM (4.7551%); FBOT (4.2927%); BCSM (4.2891%); TSCM (4.2126%); LOUP (3.505%); NUMG (3.5048%); FRTY (3.2807%); ARWG (3.2563%); XAR (3.2243%); USRD (2.5404%); QQEW (2.4509%); SAGP (2.3467%); QQXT (2.329%); FCTR (2.0511%); RSPN (1.4521%); QQQE (1.2322%); QEW (1.231%); MAGA (0.9106%)
AXP,IPAY (6.2529%); OMAH (6.0153%); WNDR (5.7688%); CTIF (4.8673%); DIVO (4.5173%); TGLR (4.35%); DIA (3.8288%); NYNY (3.654%); EDOW (3.5102%); LGCF (3.4173%); BAMV (2.875%); NANC (2.7347%); IYG (2.6223%); ZECP (2.4939%); XLF (2.3686%); WBIF (2.2768%); IYJ (2.1089%); FNCL (2.1073%); RSPF (1.3918%)
AXS,PCPP (5.8944%); PJFM (3.217%); FDIV (2.0501%); CVY (1.0859%)
AXSM,IBRN (3.8475%); FBT (3.7059%); PTH (2.7022%)
AXTI,XITK (4.6376%)
AYA.TO,SLVR (7.0846%); SLVP (4.8501%); AGMI (4.3628%); GOAU (4.022%); SILJ (3.2129%)
AYI,QCLN (3.3795%); SMOT (1.6559%); ELFY (1.0891%); TMSL (0.9078%)
AYV.PA,XIDV (2.1075%)
AZJ.AX,COAL (4.7389%)
AZN.L,EWU (9.1347%); FLGB (8.4791%); MEDX (4.9848%); PRVS (4.8392%); OSEA (4.4834%); PPH (4.3372%); TXUG (4.3044%); PBPH (4.3017%); JDOC (4.1513%); GDOC (3.9037%); PIEL (3.824%); HRTS (3.822%); IXJ (3.7653%); FHIL (3.3808%); GENW (3.1744%); IDVO (3.1666%); CANC (2.9341%); DNL (2.8351%); BIDD (2.7871%); UMMA (2.756%); CVGD (2.7424%); CGIE (2.679%); EUDG (2.6433%); CGDG (2.6412%); IQDG (2.608%); IHDG (2.5991%); EFG (2.5708%); DTAN (2.5535%); EASG (2.4706%); TOUS (2.4397%); JIG (2.1778%); BBEU (2.1239%); GRIN (2.0898%); IEV (2.0711%); HOLA (2.019%); JIRE (1.9809%); IQSI (1.9395%); IVSI (1.9292%); FLEE (1.8803%); CGIC (1.8785%); IQLT (1.8743%); QEFA (1.8721%); DBEU (1.855%); IEUR (1.805%); SPEU (1.7858%); VGK (1.7687%); GSEU (1.7253%); FDEV (1.5886%); FEDM (1.5318%); DIHP (1.4713%); EFAX (1.411%); GIEQ (1.4043%); ENHI (1.3941%); LCTD (1.38%); SPWO (1.3765%); BBIN (1.3503%); PABD (1.3276%); EFA (1.3051%); GSID (1.2555%); DIVI (1.2543%); PTIN (1.2168%); DBEF (1.2115%); WIMA (1.185%); ESGD (1.1525%); APIE (1.1352%); IEFA (1.124%); BKIE (1.1006%); HFXI (1.0392%); EFAA (1.0182%); CVIE (1.0084%); IDEV (0.987%); SEIE (0.9746%); SCHF (0.9605%); INTF (0.9285%); DFAI (0.9253%); TIER (0.9103%); RINT (0.9056%); GSIE (0.8769%); SPDW (0.8646%); DFSI (0.8597%); VEA (0.857%); VSGX (0.833%); ACWX (0.7642%); CWI (0.7591%); GXUS (0.7256%); VEU (0.6835%); IXUS (0.6637%); VXUS (0.6214%); TLTD (0.581%)
AZO,LOHA (1.1743%)
AZZ,MGMT (3.2748%); SCDS (0.9313%)
B3SA3.SA,EWZ (3.158%); FLBR (3.1092%)
BA,ITA (8.8969%); MISL (7.3149%); NATO (7.2487%); FOWF (6.9917%); PPA (6.7751%); GCAD (5.9391%); WDGF (5.2798%); IDEF (4.9909%); YALL (4.3649%); NOEQ (4.1891%); LSGR (4.0164%); AV (3.8856%); XLI (2.9602%); TRUI (2.9555%); FIDU (2.2098%); VIS (2.1545%); IYJ (1.9322%); EXI (1.6732%)
BA.L,XDEF (7.6855%); WDGF (5.0859%); SHLD (4.4559%); ARMY (4.4024%); CZAR (4.3045%); FOWF (3.3128%); BIDD (2.9881%); IDEF (2.7349%); ILOW (1.7746%); CGIC (1.547%)
BAB,MAMB (6.2536%)
BAB.L,WCMI (3.3528%)
BABA,BABW (28.1523%); ONLN (9.654%); CGRO (7.3165%); PGJ (6.796%); SPWO (2.4192%); BINV (2.3502%); REMG (1.2977%); APIE (1.2903%); QLVE (1.0403%); AVSE (0.7429%)
BAC,KBWB (8.2315%); FTXO (8.093%); IYG (5.4191%); TFNS (5.3272%); DURA (5.1587%); BAMV (5.1258%); ICAP (4.9753%); XLF (4.8948%); BCFN (4.869%); OMAH (4.8575%); IYF (4.5852%); FNCL (4.5701%); EQIN (4.4358%); VFH (4.3588%); DVAL (4.1132%); AIVL (4.0551%); CSTK (3.9214%); REVS (3.8126%); PWV (3.5581%); BROL (3.5235%); OAKM (3.4584%); ACSI (3.4356%); LCF (3.2659%); BDVG (3.1846%); DVVY (3.1287%); VLLU (3.1165%); CLCV (3.0603%); AQLG (3.0089%); BASV (2.9901%); GDIV (2.6345%); BUSA (2.6208%); IXG (2.4866%); FBCV (2.44%); GMOV (2.3342%); JAVA (2.2286%); PY (2.1808%); FFLV (2.1604%); DVND (2.1382%); STXV (2.1356%); GINX (2.0162%); TRUF (1.9966%); RECS (1.9813%); LVDS (1.9705%); VLUE (1.9395%); TVAL (1.9202%); FDVV (1.866%); TDVG (1.8561%); VYM (1.5572%); PRXV (1.4388%); SPYV (1.2827%); IVE (1.2815%); VOOV (1.2763%); IUSV (1.2087%)
BACPB,PGF (2.0531%); PGX (1.2989%)
BACPL,SPFF (3.2682%); PFF (1.4019%); PFFD (1.3812%); CVY (1.1493%)
BACPM,PGF (1.7985%); PGX (1.143%)
BAER.SW,DINT (4.7752%); DFNL (4.3401%); DWLD (3.7509%)
BAESY,EUAD (2.7006%)
BAI,GDMA (2.6839%)
BAJAJ-AUTO.BO,INCO (4.7351%); IOPP (4.6056%)
BAKKA.OL,GLCR (4.2214%)
BALL,NPFE (4.5497%); RSPM (4.2368%); WBIF (2.6216%); WBIG (1.9014%); DFAT (0.6796%)
BAM.TO,GPZ (4.6222%); LBO (4.0607%)
BAMI.MI,XIDV (2.4581%); EFAS (2.3639%); IDOG (2.155%); JHID (2.109%); TDI (1.8263%); FGD (1.7108%)
BAMNB.AS,AZTD (2.3821%)
BANCPF,PFFV (2.6123%); PFFA (2.2239%)
BAND,IWC (0.4139%)
BANDHANBNK.BO,MEMS (4.0838%); EMSF (3.9111%)
BAP,EPU (26.317%); ILF (4.2202%); OAIM (4.0629%); FLN (3.1658%)
BAPA,PFXF (9.6991%); CVRT (4.9439%); PFFD (4.4403%); PFF (3.6209%); FCVT (2.5053%); PFFA (2.1009%); CWB (1.8673%)
BAR,MOOD (2.9943%)
BARC.L,PBEU (4.0312%); EPIN (3.0274%); EWU (2.9732%); FLGB (2.7704%); FKU (2.2648%); BAIV (2.0924%); RFDI (1.9284%); SEIE (1.0687%); JPIN (0.4492%)
BAS.DE,FTAG (8.8198%); IBAT (5.4425%); HEDJ (1.9985%); DFIV (1.1942%); JHMD (0.9635%)
BATRK,SMLV (0.5431%)
BATS.L,SCHY (4.2025%); IDV (4.0756%); EWU (4.0237%); PIEQ (3.9943%); FLGB (3.8056%); FEOE (3.7023%); KXI (3.2688%); HDEF (3.0479%); IGRO (2.9951%); FEGE (2.748%); AIVI (2.33%); GCOW (2.1662%); DTH (1.9856%); CGDG (1.9747%); IVSI (1.872%); IVLU (1.7271%); BRIE (1.6058%); DDWM (0.9542%); DWM (0.9476%); JPIN (0.4343%)
BAX,MDEV (2.5499%)
BAYN.DE,FTAG (10.0313%); MOO (8.814%); KROP (5.0563%); IDNA (4.612%); FGM (4.2504%); HAP (3.6654%); EWG (2.8755%); DFIV (1.044%); JHMD (0.9877%); RCGE (0.6198%); DXIV (0.5376%)
BB.TO,SPAM (5.4761%); IHAK (5.0951%); RKNG (4.5093%); LOUP (4.0111%); DRIV (2.882%); CPAI (2.2138%); FITE (1.8301%)
BBAI,WISE (3.3681%)
BBAJIOO.MX,DGS (0.9749%); GYLD (0.8587%)
BBAR,ARGT (3.9023%)
BBAX,DUKX (4.7471%)
BBBY,ONLN (3.9375%)
BBCA.JK,EIDO (19.125%); IDX (8.7371%)
BBCQU,SPCK (5.0985%)
BBD,BRAZ (4.974%)
BBD-B.TO,PIZ (2.7049%)
BBDC,FBDC (5.0705%); PBDC (4.1761%)
BBDC3.SA,EDIV (2.2098%)
BBDC4,FLBR (3.9534%); EWZ (3.7619%); FLLA (2.2734%)
BBEU,ELM (5.2967%)
BBHY,JFLI (31.6358%)
BBIO,HELX (3.4991%); SEIS (1.0086%)
BBJP,EDGI (13.2909%)
BBNI.JK,EIDO (3.416%); IDX (2.6541%)
BBOX.L,FKU (2.2564%)
BBRI.JK,EIDO (10.8352%); IDX (8.1961%)
BBSE3.SA,SDEM (2.2101%)
BBVA,AADR (4.8523%); GENW (4.1598%); GMOI (3.3906%); DIVD (2.42%); AVIV (2.4118%); GINX (2.0214%); CVY (1.0782%); AVDE (0.5621%)
BBVA.MC,EWP (13.0232%); PBEU (6.6321%); HEDJ (6.5256%); EUFN (4.0795%); EUDG (3.3561%); EXUS (3.318%); IQDG (3.1846%); IHDG (3.1824%); IDMO (2.6626%); JHID (2.0113%); EZU (1.8244%); RFDI (1.7917%); PTEU (1.7768%); FLEU (1.7713%); DTH (1.6914%); FEDM (1.4197%); QINT (1.3245%); NBIE (1.3213%); CGNG (1.1632%); JHMD (1.1125%); DDWM (0.9446%); DWM (0.9438%)
BBVAP2,FPEI (1.6855%)
BBWI,GLAM (4.0169%); ZIG (3.6962%); XRT (1.725%); SQLV (0.672%); GVLU (0.4593%)
BBY,WBIY (5.5248%); XUDV (4.0078%); POWA (2.4406%); QFHD (2.3523%); SNPD (2.3274%); ISHP (2.0083%); DON (1.2748%); ISCV (0.4805%)
BBY.L,FKU (2.5961%)
BCAT,YYY (3.5461%)
BCI,HIDE (22.875%); NDAA (9.9766%); MOOD (7.3712%)
BCI.SN,ECH (4.4671%)
BCO,SAEF (3.9307%)
BCP,AFK (3.0373%)
BCPC,PSCM (6.8292%)
BCS,GENW (5.0823%); AADR (4.0872%)
BDMS-R,THD (3.7277%)
BDMS.BK,EDOG (2.6751%)
BDO.XPHS,EPHE (9.5833%)
BDX,IHI (4.6262%); USFE (4.2143%); MDPL (3.6929%); EQTY (3.1623%); FLV (3.0494%); FPAG (2.7028%); BUSA (2.529%); FEGE (2.4134%)
BE,HYDR (16.0824%); ICLN (14.7493%); CTEC (10.458%); WATS (9.9776%); EGGY (9.4198%); USNG (9.3065%); IBAT (9.2926%); QCLN (9.2329%); VCLN (8.8314%); EGGQ (8.3614%); SMOG (6.8595%); EGGS (6.4339%); ZAP (5.6673%); IVEP (5.4628%); AIPO (5.0676%); BATT (5.0349%); HVAC (4.7764%); FCUS (4.6837%); FRNW (4.5088%); VOLT (4.0736%); CTEX (3.9613%); RKNG (3.8098%); JSML (3.74%); UPGR (3.6413%); IQM (3.5886%); CNRG (3.2851%); SIMS (3.164%); SSMG (2.9491%); CGMM (2.6048%); JSMD (2.4805%); DRIV (2.3495%); FSCC (1.9255%); FCTR (1.8401%); RBLD (1.7956%); VOT (1.7926%); SEIS (1.5155%); MMSC (1.3624%); SCHM (1.2927%); FTC (1.2576%); IMCG (1.0674%); ELFY (1.0143%); VXF (0.8962%); FEX (0.8573%); VO (0.7884%); FAD (0.6344%); AVMC (0.5766%); BLES (0.518%)
BEAM,ARKG (4.3427%); ARKK (3.3067%)
BEL.NS,WDAF (7.0998%); GLIN (4.0959%)
BELA.AT,GREK (3.2516%)
BELFB,VOLT (8.2894%); POW (3.9504%); TSME (3.1555%); ALIL (3.1317%); MGMT (2.9053%); DWAS (1.7632%); PBW (1.6338%)
BEN,VSDA (3.9304%); SPHD (3.0679%); DIVG (2.3814%); SNPD (2.3348%); KNG (1.7204%); NOBL (1.7065%); KCE (1.7052%); SPYD (1.5572%); DON (1.4159%)
BEP-UN.TO,RNRG (5.5346%); ACES (5.099%)
BESI.AS,LOUP (4.3294%); TXUG (3.9187%); EAFG (3.136%); EWN (2.5283%); ISCF (0.6756%)
BETA,BZZ (3.7864%); PBW (1.5896%)
BEZ.L,FKU (3.2914%); EWUS (2.1366%); IEUS (0.6356%); SCZ (0.2787%)
BF-B,MVAL (4.6709%); MOAT (2.596%); VSDA (2.4892%)
BFH,MVPA (5.9862%); LATR (4.6981%); CTEF (4.5573%); SCOW (3.4524%); PSC (0.923%); FYT (0.8227%); BSVO (0.7587%); EES (0.6979%); EBIT (0.6314%); AVSC (0.3489%)
BFLY,XHE (2.561%)
BFS,XSLV (1.0802%)
BFT.WA,BCIL (4.2768%); EPOL (2.7074%)
BG,CSNR (3.999%); FTAG (3.6708%); DIVL (3.455%); MOO (3.437%); VEGI (2.5537%); RPV (2.1886%)
BG.VI,EWO (12.827%); DFIS (0.4618%)
BGC,EES (0.6154%)
BGEO.L,FKU (2.5923%); DISV (0.6028%); AVDV (0.5473%)
BHARTIARTL.NS,DGIN (7.8486%); NDIA (5.8209%); INDY (5.1489%); GLIN (4.5805%); INDH (4.5643%); INDA (3.8902%); FLIN (3.4748%); INDE (3.0981%); IND (2.7269%); PEMX (2.0467%); GIND (1.8993%); XC (1.4457%); BKF (1.2879%); VEXC (0.758%)
BHE,BSVO (0.7038%)
BHF,RFV (1.9429%)
BHP,SLX (7.5507%); COAL (5.4345%); BOUT (4.0697%); HAP (3.0318%); GMOI (2.7455%); AVIV (1.4782%); AVDE (0.5588%)
BHP.AX,EWA (14.815%); PICK (13.7825%); FLAU (12.5997%); BBAX (9.9982%); EPP (9.5675%); DVYA (9.1765%); ICOP (8.1025%); BATT (7.2912%); MXI (6.9094%); RCTR (5.5025%); COPX (5.4586%); GNR (5.3498%); GUNR (4.7604%); INEQ (4.3665%); COPA (4.0605%); TURF (4.0084%); SCHY (3.5298%); PIEL (2.7684%); IVSI (2.6862%); IPAC (2.291%); LVHI (2.2066%); VDI (2.1527%); IVAL (2.0243%); NBIE (1.9424%); TILC (1.9195%); DTH (1.9073%); VPL (1.6284%); DIHP (1.5467%); IQDF (1.4389%); GIEQ (1.26%); CCNR (1.2098%); FENI (1.1898%); VYMI (1.1556%); FNDF (1.1205%); QEFA (1.0506%); DIVI (1.0395%); TIER (0.9937%); PXF (0.9882%); DWMF (0.9439%); INTF (0.9301%); DXIV (0.7736%)
BHVN,PINK (4.3168%)
BIDU,PGJ (7.4291%); DRGN (5.6883%); CABZ (5.2377%); SOCL (4.7729%)
BIIB,PBE (5.0825%); IBRN (4.0406%); FMKT (3.8399%); FTXH (3.8367%); BMED (3.7917%); BBH (3.6251%); IBB (2.463%); FXH (2.3933%); IBBQ (2.2304%); INVN (2.1724%); CALF (2.1575%); SAGP (2.0847%); RSPH (1.8062%); TMFX (1.5135%); SMOT (1.4565%); RCGE (0.5391%)
BIL,GMMA (32.3437%); YFYA (25.9731%); BAMO (18.4851%); THRV (12.3881%); MFUL (10.8013%); NDAA (10.2109%); BOBP (9.6896%); MAPP (5.4191%); THIR (1.0087%)
BILL,INVN (2.18%); RNIN (1.3579%)
BILS,WLTG (4.6246%)
BIMAS.IS,TUR (8.8693%)
BINC,CEFZ (6.692%); LEXI (5.1958%)
BIOCON.BO,SMIN (0.7946%)
BIP-UN.TO,FORH (4.154%); PID (2.5273%)
BIPC.TO,TBG (3.1759%)
BIRG.IR,EIRL (14.6493%)
BISXX,MBB (7.3202%); BRTR (5.7029%); BINC (4.6629%)
BIV,TDSB (9.0199%)
BJRI,MYLD (1.0872%)
BKCH,GXDW (18.614%)
BKD,WCMG (3.7625%); XHS (1.9847%)
BKH,MNA (3.7234%); TSCV (2.2619%); CSB (1.5456%)
BKLC,DUBS (24.8955%); RAA (15.2921%); ONOF (1.9571%)
BKLN,DUKH (19.6694%); DUKZ (9.9446%)
BKMC,MVFG (4.5515%)
BKNG,BUL (5.4064%); FDN (4.9734%); FDND (4.963%); AWAY (4.4647%); PNQI (4.3386%); WNDR (4.3065%); YUNG (4.1927%); EBIZ (4.1556%); MFVL (3.9404%); XLY (3.4335%); ZIG (3.424%); COWS (3.2306%); MILN (2.9707%); FTCE (2.9262%); QNXT (2.523%); GXPD (2.2965%); RSPD (2.287%); COWZ (2.208%); FDIS (2.1906%); RXI (2.175%); EMOT (2.1572%); VCR (2.1288%); SMRI (2.0817%); DSTL (1.8145%); VSLU (1.2848%); TRUD (0.1013%)
BKR,IEZ (22.1439%); OIH (12.011%); PXJ (4.8344%); WEEI (4.2516%); XES (3.5158%); NUMV (2.0062%)
BKT.MC,FDFF (4.8834%); COPY (1.219%)
BKU,FSCC (1.0635%); BSVO (0.667%)
BLBD,ASCE (2.9313%); FSGS (1.2638%); AFSM (0.9478%)
BLDG,GAA (6.7594%); ENDW (5.3078%); TRTY (4.1719%)
BLDP.TO,HYDR (4.8061%)
BLDR,CCFE (4.354%); XHB (3.654%); SMCF (2.9843%); RSPN (1.3902%)
BLK,FDFF (5.5371%); LBO (4.6858%); CZAR (3.3349%); FFF (3.2366%); FLV (3.1935%); IYF (2.3602%)
BLLN,LFSC (4.2929%)
BLMN,MVPA (5.8376%); DEEP (1.1091%)
BLND.L,FEP (0.931%)
BLOK,THMR (8.8997%); QVOY (4.1329%)
BLV,TDSB (9.1308%)
BLX.TO,FAN (3.2896%)
BMA,ARGT (5.2296%)
BME.L,FDD (4.1851%)
BMED.MI,DIM (0.9233%)
BMI,BEEZ (4.8224%); TDV (2.9625%); SIMS (2.8282%); RSMC (2.6509%); SMDV (1.0918%)
BMN.AX,URNJ (3.721%)
BMNR,DAPP (5.1164%)
BMO.TO,BBCA (4.2058%); FLCA (4.096%); EWC (4.0742%); IDVO (3.5231%); RODM (1.2301%)
BMPS.MI,EWI (3.829%); XIDV (2.7752%); EFAS (2.5503%); IDOG (2.0878%)
BMRI.JK,EIDO (9.0768%); IDX (6.7254%); AGEM (1.7962%)
BMW.DE,KARS (3.2824%)
BMY,FTXH (6.294%); ROPE (4.9345%); MFVL (4.9212%); PPH (4.5148%); MVAL (4.4393%); MEDX (4.4231%); IHE (4.3683%); CAMX (4.0846%); DIVP (3.5282%); FDL (3.4368%); JDOC (3.1675%); CANC (3.137%); NYNY (3.0232%); VALQ (2.4961%); MOAT (2.4749%); DHS (2.3141%); GCOW (2.071%); COWZ (2.0671%); MOTG (2.0323%); VFVA (0.9851%); VFMF (0.9094%)
BN.TO,GPZ (12.0905%); BCHP (8.6267%); AKRE (7.9993%); GKAT (6.2238%); KAT (4.3054%); BCGD (3.1885%); FLCA (2.9284%); EWC (2.8529%); BBCA (2.6363%)
BN4.SI,EWS (4.6152%)
BND,DRAI (13.6221%); HNDL (8.8947%)
BNDX,DUKZ (10.1722%); NDOW (6.0612%); GAA (4.2025%)
BNL,NETL (4.0068%); SRET (3.7225%); XSLV (1.0987%); USVM (0.6787%)
BNP.PA,PBEU (5.5182%); EWQ (5.3829%); GMOI (3.5138%); TXUE (3.5002%); EUFN (3.3527%); IDOG (2.1752%); VDI (1.9138%); IVLU (1.8422%); RFDI (1.7802%); BRIE (1.6993%); DTH (1.5308%); TILC (1.4109%)
BNPQY,GENW (4.233%); GSIB (3.6061%); DIVD (2.3033%)
BNR.DE,BAIV (3.1371%)
BNS.TO,BBCA (3.6105%); EWC (3.5857%); GMOI (3.5561%); FLCA (3.5149%); LVHI (2.1833%); UIVM (1.1912%); RODM (0.9981%)
BNTX,IDNA (3.6794%)
BNY,USFE (4.0129%); DVOL (3.1462%); VLLU (3.026%); DAK (2.3499%); VMAX (2.2077%); RDVI (2.1537%); RDVY (2.1516%); KCE (1.6519%); FMDE (0.9711%); VFMF (0.8377%); IMCB (0.6637%)
BNYPK,EPRF (3.884%)
BNZL.L,EUDV (2.3823%)
BOE.AX,URNJ (2.7553%)
BOH,DGRS (1.4942%)
BOL.ST,SILJ (5.4905%); COPX (5.0412%); CCNR (1.3585%)
BOND,BLUI (19.7655%)
BOROUGE.AB,EELV (0.9444%)
BOUBYAN.KW,EELV (0.7612%)
BOX,SCOW (2.6887%)
BOXX,BDGS (56.3363%); GDMA (29.1369%); MOOD (15.5412%)
BP,BPH (95.6088%); AVIV (1.2775%)
BP.L,PBOG (4.1404%); EWU (3.142%); IXC (3.0185%); FLGB (2.9369%); EUDG (2.8459%); IQDG (2.816%); IHDG (2.7986%); FNDF (0.9875%); PXF (0.7773%)
BPE.MI,EWI (3.9298%); BCGS (2.0832%)
BPI.XPHS,EPHE (4.8441%)
BPOP,DVLU (2.8951%); CLCV (2.4101%); FTDS (2.2285%); EPSV (2.16%); EPMV (2.0264%); TMSL (1.1968%)
BRAV3.SA,BRF (3.0317%)
BRAZ,EMM (5.6289%)
BRBR,CPAI (2.1291%); DEEP (1.3237%)
BREN.JK,IDX (2.8659%)
BRK-B,IYG (13.3633%); XLF (12.0706%); IYF (11.7191%); OMAH (10.4415%); ABEQ (10.3766%); TFNS (9.7616%); FNCL (8.0234%); VFH (7.8418%); BRKW (7.8035%); DHLX (6.9969%); IXG (6.1268%); AVIE (5.4751%); DFNL (5.3609%); GABF (5.3123%); QUSA (5.1674%); RW (4.9342%); TRUF (4.7624%); FMCE (4.613%); SFYF (4.3883%); OWN (4.2923%); GVLE (4.0387%); SPXD (3.8817%); IWX (3.6597%); ASLV (3.4926%); NPFE (3.4272%); FLV (3.4077%); BAFE (3.3311%); MGV (3.3174%); NXTI (3.2547%); QARP (3.1148%); FELV (3.0858%); CAPE (2.9804%); ESG (2.9469%); VTV (2.9343%); ILCV (2.8434%); SCHV (2.833%); IUS (2.7283%); WTV (2.6465%); DFUV (2.6207%); VONV (2.6201%); IWD (2.611%); GVUS (2.6096%); SFTY (2.6007%); STOX (2.5935%); VLU (2.5372%); AVOS (2.3061%); SPXT (2.2909%); EGLE (2.1619%); AQEC (2.0508%); BKDV (1.9951%); RWL (1.9911%); ESGG (1.9457%); FHEQ (1.9186%); FELC (1.9162%); QLV (1.9102%); FVAL (1.869%); FDLO (1.8534%); PRF (1.8045%); LVDS (1.7762%); DFLV (1.7382%); EPS (1.7003%); JQUA (1.6676%); ULVM (1.6587%); FNDX (1.6379%); ACVF (1.6253%); XMAG (1.6051%); GSPY (1.5728%); VFMV (1.5216%); GPIX (1.5136%); FNDB (1.4931%); USMV (1.461%); USEW (1.437%); STXV (1.3754%); SPLV (1.3057%); GEW (1.2993%); ACWV (1.0979%); CFA (0.4%); CFO (0.399%)
BRK.A,FMCX (4.8245%)
BRKR,TINY (5.87%); FBT (4.3172%); KOMP (0.9713%)
BRKRP,SPFF (4.091%)
BRMS.JK,EIDO (2.272%)
BRNK6,WTIP (9.7383%)
BRNU26,CTA (57.6912%)
BRNU6,ISMF (0.0%)
BRNV26,CTA (21.7034%)
BRNX26,BNO (48.1375%); HARD (6.0361%); CRDT (1.231%)
BRNZ26,DBE (15.5198%); DBC (7.558%)
BRO,KBWP (4.1468%); MDPL (3.8797%); RUNN (1.9301%); CGMM (1.7573%); FVD (0.4301%)
BROS,BREW (4.3105%)
BRPT.JK,IDX (2.1446%); EIDO (2.0894%)
BSANTANDER.SN,ECH (4.7649%)
BSCU,DRSK (10.3345%)
BSCV,DRSK (11.7613%)
BSCW,DRSK (12.0981%)
BSCX,DRSK (11.1172%)
BSCY,DRSK (4.82%)
BSE.NS,GLIN (6.2173%); INDZ (2.2765%)
BSJR,PLGI (3.2085%)
BSL.AX,SCZ (0.2738%)
BST,FCEF (3.0973%); PCEF (2.0504%)
BSTZ,CEFS (13.1745%); CEFZ (4.8435%); PCEF (3.3769%)
BSV,FARX (22.0068%); LDSF (4.9831%)
BTC,RAA (2.4234%)
BTE.TO,CCNR (0.9285%)
BTI,DIVZ (3.8654%); IDVZ (3.1948%); PID (3.1287%); PAYR (3.1111%); BLCV (2.8283%); IDVO (2.776%); BAIV (2.5957%); DIVD (2.2523%); DSTX (2.0253%)
BTO.TO,AVDV (0.5487%)
BTQ.NE,CQTM (4.89%)
BTSG,PSCH (4.8934%); SAWS (3.5101%); IPO (3.1238%); ASD (2.7049%); XSMO (2.3751%); IVSS (1.6605%); FSCC (1.5157%); ROSC (1.3601%); SLYG (1.2072%); IJT (1.2066%); VIOG (1.2061%); FNY (0.9856%); RWJ (0.9569%); IWO (0.6813%); VTWG (0.6707%); XJR (0.6694%); SPSM (0.598%); IJR (0.5969%); VIOO (0.5965%); FLDZ (0.5832%); QVMS (0.5708%); FNX (0.5304%); GVLU (0.5271%); BBSC (0.395%); RSSL (0.3535%); IWM (0.3522%); VTWO (0.3457%); ITWO (0.3035%)
BTSGU,PFXF (2.2751%)
BUCK,SVOL (9.9842%)
BUCN.SW,FSZ (3.4391%)
BUL,HERD (21.4688%)
BVI.PA,MOTI (2.5905%)
BVN,SILJ (4.5483%); SIL (3.8549%); EPU (3.6931%); AADR (3.365%)
BWA,ETEC (5.1022%); ECML (2.1256%); AFMC (1.2703%); DFSV (0.8111%); DFAT (0.6552%); EZM (0.6504%); ISCV (0.4423%); DFAS (0.2662%)
BWIN,KIE (2.4577%)
BWPA,PFFA (2.0725%)
BWXT,TNUK (8.0449%); NLR (6.5251%); KYLD (4.7924%); GLRY (3.8823%); AIRR (2.9667%); FFOX (2.0955%); FFND (1.5514%)
BWZ,GDMA (2.9746%)
BX,GPZ (12.4103%); PSP (4.9872%); AVRY (4.9484%); BAMD (4.7652%); TBG (4.3492%); FFF (3.3853%)
BXP,DESK (10.0196%); RSPR (3.3273%)
BXSL,FBDC (8.1666%); LBO (7.7296%); BIZD (5.582%); PBDC (4.3577%)
BYD,ODDZ (5.0473%)
BZ,PGJ (3.5143%)
C,FTXO (8.9897%); PKW (5.7382%); MDLV (5.0648%); BRES (5.0336%); PVAL (4.6315%); NYNY (4.3198%); HECO (4.21%); DECO (4.1902%); KBWB (4.1432%); OAKM (4.1389%); IYF (3.7485%); TFNS (3.7225%); FPAG (3.6139%); PWV (3.5962%); AQLG (3.5895%); IYG (3.4773%); PFI (3.2905%); BASV (3.1957%); XLF (3.1409%); VLLU (3.1345%); UDI (2.9631%); BAMV (2.9431%); RFDA (2.837%); FNCL (2.8268%); CLCV (2.6607%); ALRG (2.6549%); VFH (2.5388%); PFDE (2.5063%); BUSA (2.3986%); NULV (2.1868%); WBIL (2.1856%); REVS (2.1614%); VMAX (2.1273%); SEIV (2.0148%); RAFE (1.9312%); WTV (1.8353%); VLUE (1.6296%); LST (1.5587%); MFUS (1.5554%); TRUF (1.2921%); RECS (1.2387%)
C38U.SI,RWX (2.442%); HDMV (1.8019%)
C6L.SI,EWS (4.9365%); IDOG (2.2704%); UIVM (1.3338%)
CA.PA,XIDV (2.4586%); DISV (0.7743%)
CABK.MC,EWP (4.5915%); EFAS (2.2701%); FFDI (2.0432%); FFGX (1.5138%); IDVY (1.1843%)
CABO,SQLV (0.702%)
CACC,MIGO (2.5292%); SRHQ (1.7204%); LSAF (1.3002%)
CACI,RUNN (1.9255%)
CAF.MC,OAIM (2.8948%)
CAG,PSCC (11.5486%)
CAH,EASY (5.8109%); EGGS (4.5764%); PEZ (4.2145%); BASV (4.0669%); BLCR (3.6019%); FTXH (3.5303%); SELV (3.1688%); LOTI (2.9777%); SPCT (2.689%); SEIV (2.4816%); NUMV (2.4177%); POWA (2.339%); FXH (2.283%); FLOW (2.1189%); LST (1.9422%); RSPH (1.7829%); KNG (1.6329%); NOBL (1.6197%); MCDS (1.1401%)
CAIIU,SPCK (3.3242%)
CALF,HERD (21.9901%)
CALM,PSCC (5.7498%); XSHD (3.4032%); SIXS (1.9254%); GRPZ (1.7077%); DGRS (1.7002%); FGD (1.5283%); DES (0.8871%); GYLD (0.8423%)
CALY,BSVO (0.6929%)
CANE,TAGS (24.7737%)
CAOS,ATTR (56.3316%)
CAPL,MDIV (1.1359%)
CAR-UN.TO,ISVL (0.8531%)
CARG,RNIN (1.3788%); DEEP (1.1021%)
CARL-B.CO,AGQI (3.9253%); EDEN (3.1666%)
CARR,CCSO (5.3181%); CGDV (3.0436%); BASG (2.6272%); PKW (2.4098%); CVMC (0.517%)
CARS,JPSV (1.6769%); MYLD (1.0713%)
CART,PBJ (3.2484%); IBUY (2.7786%); INVN (2.2436%); XRT (1.5527%); SFLO (1.1276%)
CARTRADE.BO,MEMS (2.7022%)
CAS,QIS (32.1484%)
CASY,PSL (5.9046%); CWS (5.734%); EASY (5.2339%); FXG (4.6738%); PRAY (4.4819%); GLRY (3.7274%); TMFX (1.4243%); AFMC (1.2517%); VBK (0.8039%); BBMC (0.6135%)
CAT,GASZ (15.6314%); DIA (12.0541%); BIBL (9.8496%); XLI (8.5088%); TRUI (8.2967%); TEXN (8.2665%); SEPI (7.4861%); DIVO (6.9782%); FIDU (6.6281%); VIS (6.6059%); UDOW (6.5819%); QUSA (6.3848%); IYJ (5.6801%); HWAY (5.515%); AMOM (5.1265%); ZECP (5.0443%); HVAC (4.9975%); CBOT (4.9718%); EXI (4.8095%); IFRA (4.5787%); MADE (4.5362%); RFFC (4.3925%); EGGS (4.2714%); MTUM (4.1694%); EDOW (4.0446%); GFLW (3.8024%); SPCT (3.7929%); SNPG (3.7155%); PWB (3.676%); PRN (3.6054%); RSMV (3.5807%); CNAV (3.5016%); ELCV (3.3035%); FTIF (3.1265%); DUHP (2.9782%); YNOT (2.959%); NULG (2.8371%); GRNY (2.7216%); THRO (2.6691%); CSTK (2.6544%); PTL (2.5324%); RFDA (2.4982%); BOBP (2.359%); WBIL (2.3567%); MGV (2.3148%); DVND (2.1838%); QMOM (2.0625%); VYM (1.9991%); DFVX (1.8943%); AVOS (1.8856%); KNG (1.8739%); NOBL (1.859%); VTV (1.8272%); AVLV (1.8144%); FWD (1.6806%); FXR (1.5583%); SCHV (1.4826%); RSPN (1.4419%); DGT (1.416%); SURE (1.3928%); RBLD (1.2807%); EQWL (1.2186%); JPUS (0.4678%)
CB,IAK (13.1348%); KBWP (7.949%); OMAH (4.8079%); EASY (4.7335%); DFNL (4.5067%); KAT (4.2117%); PCPP (3.6311%); CCOR (3.4159%); VUSV (2.2396%); TDVG (1.9613%); TVAL (1.6781%); USMV (1.52%); ULVM (1.3886%); THEQ (0.2724%)
CBA.AX,EWA (13.5218%); FLAU (11.4633%); BBAX (9.0406%); EPP (8.7326%); IPAC (2.093%); NUDM (1.9527%); DMXF (1.7583%); EFG (1.7347%); EASG (1.6638%); VPL (1.462%); IQSI (1.3361%); FEDM (1.3304%)
CBC,QABA (2.9354%)
CBL,DIV (2.9396%)
CBNK,MGMT (2.7481%)
CBOE,TOLL (3.5081%)
CBQK.QA,QAT (4.2966%)
CBRE,BBHM (4.1771%); XLRE (4.08%); IYRI (2.918%); IYR (2.9151%); TXS (2.675%); FREL (2.5401%); EPSV (2.1503%); EPMB (2.1263%)
CBRL,RZV (1.3322%); SVAL (0.6536%)
CBRS,CGMM (1.5713%)
CBSH,QABA (3.3926%); FTDS (2.2522%); REGL (1.7216%)
CBT,TINT (5.4628%); REGL (1.8017%); DGRS (1.5749%); VRAI (1.3954%); FSCS (1.214%); AVUV (0.727%); SQLV (0.6782%)
CBU,NBSM (2.0591%)
CC,PSCM (4.1886%); HAPS (1.4694%)
CCC,INVN (2.1439%); ROBT (1.6424%)
CCEP.L,QQLV (4.3833%); QQXT (2.057%)
CCI,CSRE (6.7021%); DTCR (6.0356%); DTRE (5.8647%); IDGT (5.3162%); BYRE (4.5911%); SRVR (3.8925%); WTRE (3.7412%); JHAC (3.2318%)
CCII,SPCK (4.7697%)
CCK,COWS (3.4105%); LOPP (3.184%); QVAL (2.0554%); TMVE (1.6865%)
CCL,BUL (4.8991%); SMOT (1.4003%)
CCO.TO,URA (24.5005%); URNM (18.1189%); NUKZ (8.7096%); NLR (8.4554%); TNUK (7.2507%); SETM (5.0723%); RACK (4.5597%); FTWO (4.5594%); INFL (4.1894%); METL (4.148%); CCSO (4.1041%); AIPO (3.5747%); LOPP (3.1986%); URAN (3.1096%)
CDE,SIL (11.0266%); GDXJ (5.1044%); GOEX (4.4321%); XME (4.4271%); GBUG (3.9747%); SGDM (3.7889%); RING (3.487%); VFLO (3.0254%); AVDV (0.536%); AVDS (0.2976%)
CDNL,SPIT (4.9954%)
CDNS,BELT (5.291%); PTNT (5.1194%); KWIN (4.8597%); BCHP (4.734%); SMHX (4.1845%); CLOD (4.1227%); MID (3.9586%); IGV (3.9141%); QFRD (3.7752%); FDG (3.2261%); ASLV (3.0891%); QOWZ (2.733%); FTGS (2.3938%); FGSI (2.3846%); GTEK (2.3165%)
CDP,DESK (4.717%); XMLV (1.6332%)
CDW,QDIV (2.1391%); BMVP (2.065%); WCEO (1.4815%); DSMC (1.2385%)
CE,PSCM (6.3464%)
CECO,TSME (2.5669%); ACSG (1.0609%); RUSC (0.4711%)
CEF,EDGH (9.1799%)
CEG,UTES (9.9037%); URAN (9.6382%); NLR (8.3112%); FTWO (7.9772%); XLU (5.5797%); TNGY (5.4322%); TNUK (5.1452%); FUTY (4.9906%); VPU (4.8486%); TPZ (4.8271%); IDU (4.817%); RACK (4.4846%); TOS (4.3997%); RCTR (4.3125%); PUI (3.5711%); JXI (3.4609%); AIPO (3.2388%); VOT (1.7653%); VO (0.7763%)
CELH,BREW (4.6638%); ICAP (3.7221%); SCAP (3.3134%)
CEMARGOS.CL,COLO (4.3462%)
CEMB,IYLD (5.0254%)
CEMEXCPO.MX,FLMX (6.9734%); EWW (4.4876%); FLN (2.9059%); FLLA (2.2868%)
CEN.NZ,RNRG (4.1806%); ENZL (4.1124%)
CENCOSUD.SN,ECH (4.4287%)
CEPS,SPCK (4.1162%)
CEPU,ARGT (3.5763%)
CEPV,SPAQ (4.0896%)
CERY,RLY (24.0609%); GAL (5.574%); ENDW (5.0268%); TRTY (4.2943%)
CEU.TO,NVIR (5.9434%)
CEVA,MAKX (3.9347%); ETHO (0.7253%); ISMD (0.3785%)
CEZ.PR,NUKZ (3.0601%); GVAL (1.596%)
CF,PYZ (4.723%); MOO (4.2521%); FXZ (3.808%); ZIG (3.5407%); VEGI (3.1586%); FTIF (2.3529%); QVAL (2.0681%); LYLD (2.0607%); CALF (1.6417%); SYLD (1.0552%); EZM (0.8176%); ONEO (0.4705%)
CFG,ICAP (4.7973%); IAT (4.6199%); DIVY (4.2681%); FTXO (3.9629%); BOUT (3.8437%); CSTK (2.5703%); PSAI (1.5762%); KRE (1.3633%)
CFR,SMCO (2.5094%); KRE (1.3514%)
CFR.SW,EWL (5.0401%); XEML (4.6439%); AGQI (4.0836%); FLSW (3.8023%); FEOE (2.52%); BINV (2.1057%); RXI (1.9578%); FEGE (1.6768%); SEIE (0.9792%)
CG,GPZ (4.409%)
CG.TO,SGDJ (5.2124%); DISV (0.5287%)
CGCB,CGBL (15.6584%)
CGCP,CGBL (23.2998%)
CGNX,MAKX (6.3195%); CBOT (5.8043%); SUPP (5.0674%); TDV (3.2539%); BOTZ (2.5616%); DTEC (1.2156%); ELFY (0.9758%); STXK (0.5124%)
CGON,SBIO (3.3279%)
CHCO,SMLV (0.5724%)
CHCT,KBWY (5.3387%)
CHD,PSL (4.6302%)
CHDN,VICE (4.966%)
CHE,SCDV (4.7584%); OUSM (2.1649%); REGL (1.8792%)
CHEF,PSCC (4.3765%); SCDS (0.9238%); SIXL (0.6321%)
CHG.L,ARMY (4.2409%)
CHILE.SN,ECH (11.4028%); FRDM (2.5907%)
CHKP,ITEQ (3.1858%)
CHOLAFIN.NS,INDZ (2.7049%)
CHRD,SFLO (1.2195%)
CHRW,AIRR (4.0792%); HULL (3.8567%); BOBP (2.3919%); QMOM (2.0604%); IQSM (0.8417%)
CHTR,RSPC (4.8136%); YALL (4.2706%); GHTA (2.6239%); EQAL (0.4381%)
CHWY,PAWZ (10.1913%); ONLN (3.8301%)
CHYM,BPAY (3.9098%)
CI,IHF (4.0029%); GQGU (3.8566%); VSMV (3.0791%); MFSV (2.7057%); DVAL (2.529%); BUSA (2.2776%); RUNN (1.9432%); RPV (1.6585%); DSTL (1.511%); ONEY (1.4596%); IMCV (1.0224%); VFVA (0.8891%); ONEV (0.8727%)
CIB,EPEM (3.885%); CVY (1.108%)
CIBEST,COLO (7.4395%)
CICHY,NSI (3.4321%)
CIEN,FOTO (8.1042%); TCAI (4.1397%); NUMG (3.9994%); DARP (3.8689%); IYZ (3.6337%); NRSH (3.5616%); XTL (3.4115%); PTF (3.335%); EUV (3.086%); RPG (2.3329%); SAGP (2.115%); FFOX (2.06%); NXTG (1.4646%); SCHM (1.2164%); FSMD (0.9654%); AVMC (0.6677%); JHMM (0.5266%); EQAL (0.4568%); JPUS (0.4398%)
CIFR,HECO (7.1023%); DECO (7.0009%); NODE (6.2809%); TEKX (5.5766%); DAPP (5.0875%)
CIGI.TO,TAOZ (3.3875%)
CII,HIPS (1.9964%)
CIM,HYIN (3.3884%)
CIMPC,CRDT (0.81%)
CINF,KBWP (4.2764%); NEWZ (3.3258%); SPGP (2.2371%); FTCS (2.2368%); FTDS (2.2129%); QDIV (2.2106%); FTGS (2.2017%); FGSI (2.1994%); KIE (1.9925%); OASC (1.7179%); FXO (1.6788%); TMDV (1.6703%); SPVM (1.4922%); RSPF (1.4343%); FLQM (1.1506%); ONEV (0.8164%); DEUS (0.5541%)
CJTXX,KNOW (8.5791%)
CL,GLAM (7.8946%); DHLX (6.2948%); XLP (4.6898%); BEDY (3.1588%); IYK (3.0957%); USFE (2.8288%); MVFD (2.6407%); EMOP (2.5379%); GXPS (2.3934%); VDC (2.3778%); FSTA (2.3685%); GINX (1.972%); BKDV (1.9662%); TRUO (0.6536%)
CLB,CVAR (2.3834%)
CLBT,DAT (4.8241%)
CLDT,BEDZ (7.2694%); BLDG (1.9813%)
CLDX,SURI (2.5593%)
CLH,EFRA (4.0378%); SMCO (2.5127%)
CLIP,COMD (88.2538%)
CLIS.TA,AVDV (0.5641%)
CLMB,MGMT (3.0266%)
CLNX.MC,SRVR (4.2383%); WTRE (3.2571%)
CLOV,SYZ (0.7951%)
CLPT,QQQS (0.6945%)
CLS.TO,IQM (4.2867%); PJFM (3.0605%); SSMG (2.568%); AVSD (0.663%)
CLSK,MNVT (7.7433%); HECO (4.4387%); DECO (4.3758%)
CLX,MVAL (4.0341%); VSDA (2.2424%)
CM.TO,BBCA (3.5955%); EWC (3.5384%); FLCA (3.4693%); LVHI (2.0135%); QLVD (1.8223%)
CMCAX,CMCI (23.9066%)
CMCO,CCFE (5.0424%)
CMCSA,RSPC (4.7767%); XLC (4.6975%); SHRY (4.2065%); ROPE (4.1623%); IYZ (3.74%); GEND (3.3648%); FCOM (3.3572%); VOX (3.2889%); FDL (3.1411%); XTL (3.096%); DVAL (2.8206%); FCFY (2.7101%); KNGZ (2.4156%); SPDG (2.3325%); ONEY (2.2453%); LYLD (2.1458%); QVAL (2.1405%); GCOW (2.1215%); COWZ (2.1174%); VLUE (1.71%); DSTL (1.4961%); GXPC (1.3803%); SYLD (1.0874%); ROE (1.0706%); VFVA (0.9491%); ONEV (0.7409%); EQAL (0.44%); FVD (0.4295%)
CMDT,TDSB (10.4185%)
CME,DIVO (3.9818%); IAI (3.8408%)
CMG,HALX (2.7659%); RSPD (2.3037%); SAGP (2.0945%); AVMV (1.1381%)
CMI,DOCK (4.7457%); VNSE (4.4319%); GASZ (4.408%); MADE (4.1254%); PRVS (3.9363%); MDLV (3.7431%); EPMV (3.5777%); BRIF (3.399%); RULE (3.1527%); LOPP (3.1068%); EPMB (2.8675%); BMVP (2.355%); FTIF (2.3442%); FTGS (2.2558%); FGSI (2.2421%); PPI (2.0526%); VOE (1.6934%); HAIL (1.5571%); IMCG (1.2986%); LOHA (1.2934%); JSTC (1.1394%); VO (0.9486%); PAPI (0.6962%); IMCB (0.6804%)
CMIG4,FLN (3.0043%)
CMM.AX,GOAU (3.3084%)
CMPS,PSIL (11.4659%)
CMS,RSPU (3.2339%); CDL (1.5838%); CDC (1.5818%); TPHD (1.539%); MCDS (0.9456%); TPLC (0.6727%)
CMTG,DVDN (5.1808%)
CNA,OASC (1.8153%)
CNBS,MJ (53.8896%)
CNC,IHF (4.2197%); FCFY (4.0621%); FCTR (3.2006%); RPV (2.7203%); SRHQ (2.2442%); FLDZ (0.701%); SCHM (0.5438%)
CNH,KROP (4.8127%); VEGI (1.8523%); DFAT (0.6587%)
CNO,SEIS (1.1529%)
CNP,UTES (6.5473%); NFRX (4.4203%); TCAF (3.1073%); TPHD (1.5742%); ULVM (1.4766%); TPLC (0.6881%)
CNQ.TO,PBOG (4.2869%); EWC (2.7619%); BBCA (2.7268%); FLCA (2.6502%); IXC (2.5577%); FIDI (2.4975%); IGE (2.3384%); LVHI (2.0095%); IFLO (1.6589%); FDEV (1.1361%)
CNR,COAL (6.0377%); PSCE (4.5645%)
CNR.TO,GLIX (8.7063%); DOCK (4.7605%); SUPL (4.5736%); SHPP (3.8926%); NFRX (3.8565%); IPAV (3.2768%); NFRA (3.1969%); RIFR (2.4271%); IQRA (1.6357%); FIVA (1.398%)
CNS,GABF (4.7587%); DGRS (1.686%)
CNX,XOP (2.7725%); EBIT (0.5919%)
COALINDIA.NS,EPI (2.7141%)
COCO,PSCC (4.6612%)
COF,DFNL (10.3015%); DUSA (7.3078%); IPAY (6.2112%); FDFF (5.8181%); BPAY (3.973%); OAKM (3.5685%); ASLV (3.3529%); TGLB (2.7229%); TMVE (1.7216%); RSPF (1.4561%); SSPY (1.1331%)
COFORGE.BO,SMIN (1.37%)
COFPI,PGF (1.852%); PSK (1.5645%); PGX (1.0564%)
COFPJ,PSK (1.2494%)
COGT,LFSC (7.263%); CANC (4.7199%); FMED (2.8358%)
COHR,FOTO (10.0536%); TOS (9.2055%); SPRX (8.4231%); EGGS (7.7456%); DARP (5.4595%); EGGY (5.2162%); XSPC (5.1776%); IVEP (4.0855%); TAOZ (3.8925%); FDTX (3.8191%); BCTK (3.6342%); EUV (3.4741%); NEWZ (3.3692%); MADE (3.3185%); BCSM (2.8734%); UFOD (2.5703%); TSME (2.2921%); OASC (1.5874%); SPHB (1.5803%); ALTL (1.5795%); SCHM (1.3748%); BUYO (1.2963%); FSMD (0.8717%); JHMM (0.6459%); FNDA (0.4306%)
COHU,AFSC (2.8783%); CGV (2.5969%); GSC (1.7146%); ISMD (0.3584%)
COIN,DAPP (7.615%); FINX (4.4105%); ARKK (3.535%)
COKE,FXG (4.262%)
COLB,ACSV (1.8053%); DFSV (0.6195%)
COLD,DTRE (5.4956%); RDOG (2.4183%); RIET (1.5437%)
COLL,ABLS (4.1885%)
COMP,VMAX (1.6904%); FLQS (0.9244%); FNDA (0.4681%); JPSE (0.3886%); BKSE (0.3584%)
COMS,DIME (7.8574%)
COO,POWA (2.2778%)
COP,IEO (17.264%); CSEN (7.6225%); FTXN (7.2599%); OILT (7.0323%); GXPE (6.3311%); IYE (6.1996%); XLE (5.8666%); WEEI (5.6383%); FENY (5.6228%); VDE (5.4819%); EAGL (5.2328%); DHLX (5.1549%); ROPE (4.9375%); PXE (4.7483%); FCG (4.3313%); PBOG (4.3239%); DRLL (4.269%); IXC (3.9258%); PWER (3.783%); IGE (3.5944%); WR (3.457%); DIVP (3.4268%); UDI (3.3566%); CSNR (3.3404%); GVLE (3.2911%); NANR (2.5393%); RFDA (2.0327%); AKAF (1.9947%); TEQI (1.7133%)
COP.U,COPP (5.2123%)
COPEC.SN,ECH (3.8703%)
COR,TMED (2.3506%); RWL (1.6956%); ACWV (1.0632%)
CORN,TAGS (25.2097%)
CORT,FBT (5.5947%); LFSC (5.2282%); SCOW (4.8378%); PJP (3.8606%); SPIT (3.7736%); PSCH (3.6852%); FORH (3.5304%); SURI (2.9752%); ASCE (2.8548%); GURU (1.613%); VIOG (0.9083%); SLYG (0.9063%); ETHO (0.6197%)
CORZ,NODE (3.9813%)
COST,GXPS (14.1969%); VDC (11.3956%); FSTA (11.3706%); TRUO (10.4179%); XLP (9.0159%); COSW (8.4994%); RTH (8.2864%); IEDI (7.9205%); KXI (7.1686%); PSL (4.9612%); QUSA (4.5446%); QQLV (4.4832%); YALL (4.3946%); TMFE (4.2248%); BROL (4.1913%); SXQG (4.1607%); IYC (4.0945%); DVGR (3.9766%); USMC (3.7362%); SPHQ (3.6839%); JHDG (3.6334%); BRES (3.5899%); TMFG (3.4066%); PWB (2.9265%); STXD (2.7496%); PWS (2.664%); SCEP (2.4115%); CAPE (2.2646%); AVLV (2.1545%); MGV (1.9586%); VFQY (1.6401%); SPYV (1.4311%); IVE (1.4304%); VOOV (1.4239%); IUSV (1.3487%); SPXD (1.2208%); SSPY (0.7483%)
COWZ,HERD (19.2645%)
CP.TO,DOCK (4.5484%); SUPL (4.4456%); BWTG (4.2709%); SHPP (4.1036%); ASLV (3.789%); NFRA (3.7291%); BILT (3.3761%)
CPA,DIV (2.1549%)
CPALL-R,THD (4.2714%)
CPAY,IPAY (4.413%)
CPB,PSCC (7.0223%); WBIY (5.111%); FXG (3.4243%)
CPG.L,BKCI (4.4342%); TLCI (4.4004%); FICS (2.2543%); JIG (1.9342%)
CPI.JO,EZA (5.2237%)
CPLE3.SA,FLN (3.3926%)
CPN,PSK (3.6802%); PFFD (2.2717%); PFF (1.2095%); VRP (0.9233%)
CPN-R,THD (2.4443%)
CPNG,ONLN (4.8468%); TOGA (4.3444%); XRT (1.5525%); EMMF (1.5112%)
CPR,SPFF (2.7481%)
CPRX,FSGS (1.1906%); ROSC (1.138%)
CPS,CCFE (9.9302%)
CPSA,CPSL (8.3445%)
CPSD,CPSL (8.3219%)
CPSF,CPSL (8.3218%)
CPSJ,CPSL (8.3193%)
CPSN,CPSL (8.3298%)
CPSO,CPSL (8.3374%)
CPSP,CPSL (8.3842%)
CPSR,CPSL (8.325%)
CPST,CPSL (8.3188%)
CPSU,CPSL (8.3074%)
CPT,HAUS (4.8001%); PSR (3.9292%)
CPX.TO,SCHC (0.3213%); VSS (0.2107%)
CQP,MLPA (6.2079%); AMLP (4.5592%); AMZA (3.0752%)
CR,CSD (4.6758%)
CRAFTSMAN.BO,IOPP (4.6746%)
CRBG,DIVY (3.2342%)
CRC,PSCE (4.3871%); DGRS (1.7401%)
CRCL,DAPP (6.0455%); IPO (3.864%); ARKW (3.2766%)
CRDO,EGGS (8.6472%); LOUP (5.2312%); TFGZ (4.7652%); SPIT (4.5779%); EGGQ (4.5453%); EGGY (4.5417%); KOID (4.3935%); FFTY (3.3656%); TCAI (3.356%); ASCE (3.2402%); FORH (3.1597%); JSML (2.9849%); SSMG (2.9558%); QQQJ (2.4625%); THNQ (2.315%); MMSC (1.8424%); FCTR (1.5276%); PSC (1.3779%); SEIS (1.3339%); SMIZ (1.2443%); VBK (1.2355%); TRFM (0.8084%); SMLF (0.6447%); VB (0.5407%); BFOR (0.5041%); VXF (0.4994%); ONEO (0.4679%); SIZE (0.2985%); EUSA (0.2912%)
CRGY,MVPA (5.7781%); OILT (4.6922%); EES (0.5504%)
CRH,FMAT (4.7883%); PKB (4.7701%); VAW (4.6742%); XLB (4.6603%); HWAY (3.5853%); BASV (3.0623%); IFRA (2.5156%); MXI (2.364%); VOE (1.2302%)
CRL,BMED (3.6673%); RSPH (1.9762%)
CRM,IGV (4.8059%); FDN (4.1083%); FDND (4.1007%); FCLD (3.9505%); MFVL (3.7608%); VFLO (2.8961%); CVGD (2.624%); QOWZ (2.5772%); DSTL (1.7073%); WTV (1.6059%); VFVA (0.8459%)
CRML,REXC (4.4722%)
CRN.L,EIRL (3.5173%)
CRON.TO,MJ (9.131%)
CROX,MVPA (7.0701%); ECML (2.2357%); LSAF (1.3319%); GVLU (0.4625%)
CRRFY,KEAT (3.4424%)
CRS,PYZ (9.4571%); SUPP (7.2878%); FXZ (5.0031%); BCUS (4.8311%); TSEL (4.602%); CSMD (3.8307%); ASCE (3.4763%); XMHQ (3.2488%); IYM (3.0378%); XAR (3.0359%); SSMG (2.9875%); PDP (2.8715%); RFG (2.5537%); XMMO (2.4583%); GRPM (2.4043%); BCGS (2.3874%); FFOX (2.2529%); MDYG (1.6137%); IJK (1.6096%); MIDE (1.2204%); SQLT (0.9833%); XJH (0.9512%); PTMC (0.8465%); SPMD (0.8437%); IJH (0.8412%); IVOO (0.8377%); QVMM (0.8288%); VBK (0.7969%); BKMC (0.7338%); BBMC (0.6332%); ESML (0.4517%); UMDD (0.4479%); JPME (0.446%); JPUS (0.4393%); SMMD (0.3956%)
CRSP,ARKG (6.5629%); ARKK (4.868%); NXTE (2.8113%)
CRUS,BRNY (3.4037%); VFMV (1.6074%)
CRWD,XA (10.8752%); AIPI (9.5092%); CIBR (8.2912%); WCBR (7.7412%); TOAO (7.3536%); KWIN (7.3094%); IGV (7.2843%); BUG (7.2481%); CLOD (7.1237%); TXS (6.9866%); PSWD (6.1066%); SPAM (6.0472%); HACK (5.538%); LRNZ (5.4037%); DUTY (4.6317%); FFF (4.4272%); XDAT (4.3393%); IHAK (4.3136%); EQRR (4.3115%); FTCE (4.1339%); QFRD (3.9066%); FDRS (3.6253%); NRSH (3.6193%); NANC (3.4411%); TEXN (3.2736%); PRMR (3.1096%); XNTK (3.0734%); DRUP (2.626%); OGIG (2.6213%); WCLD (2.6132%); TMAT (2.4304%); WBIL (2.3278%); RPG (2.1967%); BWQG (2.1239%); DTEC (1.2854%); XOEF (1.0688%)
CRWV,IPO (8.995%); IDGT (4.3827%); ARTY (4.2997%); ARKW (3.3361%); SKYY (2.9695%)
CS.PA,EWQ (3.6548%); RWIN (2.2087%); EFAS (2.1892%); DTH (1.6436%); FYLD (1.0199%)
CS.TO,COPP (3.3274%)
CSCO,IYZ (22.617%); FDN (8.5409%); FDND (8.5248%); CIBR (7.7468%); SPDG (7.6757%); DJD (6.2674%); CZAR (6.156%); PVAL (5.9935%); HACK (5.7908%); BAMV (5.3954%); NXTI (4.8514%); AMOM (4.5714%); DVAL (4.5323%); VLUE (4.4904%); OUSA (4.3914%); FLAG (4.377%); GEND (4.3278%); DIVS (4.2965%); XPND (4.2744%); USMD (4.1701%); KNCT (4.1064%); XAIX (4.0878%); TRFK (4.003%); DRUP (3.8899%); AIQ (3.8374%); MDLV (3.8179%); WOMN (3.7746%); CSTK (3.6257%); SEIQ (3.6246%); HUSV (3.6211%); SPHQ (3.5478%); BRIF (3.4699%); BBLU (3.3899%); BDVG (3.3828%); HAPI (3.3737%); UFOX (3.3521%); BEDY (3.3156%); CLCV (3.3007%); DIVY (3.2678%); TDV (3.1606%); QDF (3.0224%); SELV (2.9777%); BKDV (2.9666%); XLK (2.9562%); ACVF (2.9454%); FBCV (2.8058%); QIDX (2.7714%); FTCS (2.7447%); CGCV (2.7404%); BMVP (2.69%); LOWV (2.6655%); NULV (2.6496%); DVVY (2.5499%); FFLV (2.3818%); QDEF (2.3466%); FDLO (2.3349%); USRD (2.3235%); DVND (2.2572%); VALQ (2.2402%); NUDV (2.215%); DFLV (2.2049%); CRTC (2.1953%); OALC (2.1074%); FDRR (2.0709%); ITAN (2.0628%); WTV (2.0557%); AUSF (1.9811%); MGV (1.9664%); BUYB (1.9653%); GXPT (1.925%); KVLE (1.9241%); NULC (1.9214%); VYM (1.9177%); QLC (1.8866%); FTEC (1.8812%); LST (1.8532%); REVS (1.8304%); VGT (1.8236%); IWX (1.8224%); PRXV (1.8167%); LSVD (1.8018%); USXF (1.7908%); VUS (1.723%); EVUS (1.6261%); DFUV (1.5543%); VTV (1.5521%); ACWV (1.5348%); USMV (1.503%); ESMV (1.4824%); EGLE (1.4679%); QUS (1.4529%); ROUS (1.3412%); GVUS (1.3088%); VONV (1.3049%); IWD (1.3003%); FELV (1.2293%); LGLV (1.0791%); AFLG (1.0713%); DGT (0.9689%); PAPI (0.7601%); THEQ (0.2966%)
CSEI.SW,DIME (7.5249%)
CSGP,AKRE (4.6343%)
CSIQ,PBW (1.5675%)
CSL,RUNN (1.8974%); DSMC (1.0765%)
CSL.AX,EWA (2.7333%); FLAU (2.3228%); EFAD (1.4844%)
CSMG3.SA,EWZS (4.9912%)
CSPF,BLUI (9.9014%)
CSRE,BLUI (10.7575%)
CSTM,TSCV (2.8197%); FNDC (0.2326%)
CSU.TO,AKRE (12.0497%); UMMA (2.9775%); PIZ (2.818%); WCMI (2.6694%)
CSWC,FBDC (4.7004%); HIPS (1.9034%)
CSX,IYT (8.6581%); DOCK (4.779%); GLIX (4.7302%); SHPP (4.7096%); SUPL (4.6754%); HWAY (4.4213%); QQLV (4.181%); FTXR (4.0823%); SAMM (3.9359%); PAVE (3.4922%); RIFR (3.4504%); IFRA (3.1096%); DGLO (2.0705%)
CTAS,QQLV (4.54%)
CTO,KBWY (3.4921%); RDOG (2.2865%)
CTON,DIME (4.8532%)
CTOS,FYC (0.8866%)
CTRE,REIT (3.1907%); OMFS (1.6636%); SMMV (1.1533%); FLQS (0.9043%); IWN (0.5914%); VTWV (0.5887%)
CTRN,MVPA (4.7273%)
CTSH,DIVB (1.7739%)
CTVA,KROP (12.3824%); VEGI (10.7983%); FTAG (10.4461%); MOO (8.7739%); TURF (6.3333%); GUNR (5.6355%); PBJ (5.4585%); XLB (4.9528%); FTXG (4.5019%); RSPM (4.2258%); FTWO (4.0062%); NANR (3.8493%); VAW (3.7105%); PYZ (3.6793%); FMAT (3.6775%); OAKM (3.4477%); NRES (3.2671%); GNR (3.2455%); HAP (3.195%); ANEW (2.0593%); SMOT (1.3976%); CCNR (1.0837%); IWS (0.558%); JPME (0.4422%); JPUS (0.4398%)
CU.TO,FDEV (1.1563%)
CUBE,INDS (3.7748%)
CURY3.SA,BRF (3.2494%)
CUZ,DESK (10.0646%)
CVC.AS,PSP (4.307%)
CVCO,MGMT (2.9708%)
CVE.TO,CSEN (4.3341%)
CVEO,BEDZ (4.8121%)
CVERDEC1.LM,EPU (2.9079%)
CVLG,AIMS (1.3173%)
CVLT,DAT (5.4498%); WCBR (4.4161%); SRHQ (2.0824%); JSML (2.006%); JSMD (1.7604%); SMIZ (1.2277%); FLQS (0.8605%)
CVNA,CDIG (7.6555%); ONLN (4.4728%); TCHP (3.9052%); BUYZ (3.6396%)
CVS,IHF (14.7952%); MFVL (7.0775%); DUSA (5.9192%); ROPE (5.9085%); RTH (4.7925%); IYK (4.6471%); GEND (4.5714%); CVGD (4.3395%); CSTK (3.6156%); JDOC (3.1104%); ESN (2.9375%); BLCV (2.8144%); CLCV (2.7565%); SPDV (2.3862%); RWL (2.2074%); RPV (2.1338%); REVS (1.7689%); SPVM (1.6348%); ITAN (1.5409%); SPYD (1.5133%); SPXD (0.99%); VFVA (0.8169%); DEUS (0.5532%)
CVX,DRLL (21.7655%); GXPE (15.2679%); IYE (15.0383%); XLE (14.374%); FENY (13.6379%); VDE (13.4314%); WEEI (13.4077%); PBOG (11.2769%); IXC (9.6188%); IGE (8.8069%); FDL (7.445%); FTXN (7.0335%); DJD (6.4942%); NANR (6.2013%); WR (5.6498%); HDV (5.4138%); TEXN (5.2548%); BDVG (4.857%); DURA (4.4004%); OILT (4.367%); HAP (4.3642%); LENS (4.2646%); DIVL (4.2444%); DIVZ (4.0113%); MFVL (3.9057%); LGCF (3.8765%); EQIN (3.6169%); FTWO (3.5495%); GUNR (3.3306%); TBG (3.2515%); FLV (3.0058%); FDV (2.9786%); TURF (2.9114%); PWS (2.8713%); INCE (2.7994%); AVIE (2.5707%); REVS (2.4717%); GNR (2.4187%); DHS (2.2009%); DEW (1.781%); STXV (1.7414%); DFUV (1.7035%); DFLV (1.6424%); DTD (1.3841%); RECS (1.3235%); IUS (1.2584%); INCM (1.1243%)
CW,TNUK (8.488%); SCDV (6.3824%); HVAC (4.8031%); GLRY (4.766%); CSMD (4.087%); XMMO (4.0357%); XMHQ (3.415%); PAMC (2.1756%); MDYG (1.4746%); IJK (1.4701%); IVOG (1.4606%); SMOX (1.2038%); QVMM (0.8738%); XJH (0.8688%); MDY (0.7859%); SPMD (0.7706%); PTMC (0.7693%); IJH (0.7682%); VBK (0.7662%); IVOO (0.7651%); JMEE (0.6992%); BBMC (0.5829%)
CWB,MAMB (6.0624%); MFUL (5.858%); WTBN (5.0258%)
CWEN,PWRZ (5.7583%); ACES (4.6132%); PSCU (4.0694%); NBET (3.722%); VCLN (3.4581%); OASC (1.6724%)
CWI,MVFG (4.4436%)
CWR.L,HYDR (7.5893%)
CWST,RSMC (2.8767%)
CX,OTGL (3.3118%); BCHI (3.1275%); WCME (2.7518%)
CXSE3.SA,SDEM (2.1513%)
CXT,FXR (1.3067%); CVY (1.2547%); RUSC (0.4543%)
CXW,SIXL (0.687%)
CYD,AADR (4.4633%)
CYRE3.SA,BRF (3.3549%)
CYTK,LFSC (4.257%); HRTS (3.5375%); BBP (1.627%); IWN (0.6489%); VTWV (0.6452%); RSSL (0.3499%); IWM (0.3486%); VTWO (0.3421%); ITWO (0.3004%)
CZR,ODDZ (5.1506%); EVNT (4.0026%); MRGR (2.478%); PSCD (2.4367%)
D,ZAP (4.2581%); XLU (4.2206%); VPU (3.8051%); FUTY (3.8001%); FXU (3.7031%); IDU (3.6337%); BKGI (3.2689%); NUKZ (3.1559%); JXI (2.6191%); HWSM (1.9407%)
D05.SI,EWS (22.7614%); ASEA (18.0791%); FDFF (5.9983%); DVYA (4.8955%); BBAX (4.8864%); EPP (4.7145%); INEQ (4.7057%); ADIV (3.3502%); ASIA (2.9502%); FICS (2.2298%); ADVE (2.1641%); JHID (2.0683%); EFAV (1.3681%); AAXJ (0.9329%); FLAX (0.832%); TPIF (0.544%)
DAL,JETS (10.4983%); OMAH (5.9322%); IYT (5.2851%); FTXR (5.227%); CAMX (4.3128%); WNDR (3.9268%); YUNG (3.8879%); AV (3.8796%); OAKM (3.846%); DVLU (3.8181%); XTN (3.0142%); ESN (3.0065%); FLOW (2.7252%); BEDY (2.5431%); ECML (2.1871%); BKDV (2.1376%); QVAL (2.0484%); AKAF (1.916%); FXD (1.8786%); AVMV (1.7049%); SPVM (1.4765%); RSPN (1.4199%); LOHA (1.2209%); FTA (1.2067%); FLQM (1.1095%); MAGA (0.8888%); AVMC (0.7177%); ONEO (0.6153%); FAB (0.5921%); IWS (0.5644%); CVMC (0.5396%)
DANSKE.CO,EDEN (6.9288%); DINT (4.0817%); OPPE (1.6843%); RWIN (1.6048%)
DAR,FXG (3.78%); MGNR (3.265%); VEGI (1.6466%)
DARP,GMOM (6.2295%)
DASH,OND (5.2078%); GENZ (5.1622%); AIUP (4.6017%); TOGA (4.3152%); MILN (3.5143%); BUYZ (3.2905%); IBUY (2.5894%); RSPD (2.5189%); AKAF (2.3431%); ANEW (2.2913%); QQEW (2.2726%); PSAI (2.223%); ISHP (2.0377%); CGMM (1.7498%); TRFM (0.7453%)
DAVE,CTEF (5.7816%); XSHQ (2.0875%); GRPZ (1.9964%); IVSS (1.8867%); RZG (1.7823%); GSSC (0.3055%)
DB1.DE,FDIQ (4.4781%); OSEA (3.4591%)
DBB,GMOM (5.9148%)
DBD,EBIT (0.8153%)
DBK.DE,DAX (3.3084%); EWG (3.2515%); FLGR (2.9039%)
DBMF,RAA (9.1799%); FARX (6.7368%); NDOW (6.1534%); MAPP (4.9657%); ENDW (4.6553%)
DBRG,EVNT (4.4536%)
DBRGPI,PFFR (2.0216%)
DCC.L,EIRL (4.271%); BAIV (2.2828%); DWX (1.9925%); EWUS (1.5493%)
DCH,FDM (1.6089%)
DCI,EVX (4.5213%); OUSM (2.0568%)
DCO,GCAD (3.8683%); ROKT (3.6759%); AFSC (3.2834%); FITE (1.5351%)
DCOR,DFAW (17.5811%)
DCRE,NMBL (4.1083%)
DCRU.SI,REAI (7.9278%)
DCTH,SURI (4.2556%)
DDD,MAKX (5.9888%); PRNT (4.8821%); BULD (4.2428%); KOMP (1.0892%)
DDOG,EYES (9.5729%); CLOU (7.1155%); WCBR (6.8719%); XA (6.8498%); QFRD (6.5237%); JXX (6.2713%); DAT (5.0747%); NUMG (4.8662%); LRNZ (4.6499%); TMFM (4.1876%); XDAT (4.066%); FCLD (3.8763%); USRD (3.5621%); BGRO (3.4534%); NYNY (3.2144%); TEKY (3.0044%); WCLD (2.9884%); ARWG (2.6619%); BCSM (2.5859%); IWP (2.3403%); WBIL (2.2663%); JMID (2.1596%); VOT (1.888%); JOET (1.4431%); FOWF (1.2679%); IMCG (1.0758%); VO (0.8302%); ETHO (0.639%); IWR (0.6172%); BLES (0.4862%)
DE,VEGI (29.2868%); KROP (13.5727%); FTWO (11.2496%); FTAG (10.5315%); MOO (8.7677%); ARKX (6.0762%); HAP (5.5017%); FBOT (5.0509%); PRCS (4.3061%); ARKQ (4.2996%); HWAY (4.1827%); MADE (4.1315%); PAVE (3.1933%); TRUI (2.8756%); XLI (2.7643%); GEOA (2.4408%); TGLB (2.355%); SPCT (2.3004%); ANEW (2.1952%); FIDU (2.1003%); NUDV (2.0639%); VIS (2.0558%); EQWL (1.1087%)
DEA,KBWY (3.5198%); XSHD (3.2945%); RDOG (2.3068%)
DECK,STYL (3.9584%); QMID (1.2039%)
DECW,SPBW (8.4305%)
DEI,DESK (4.1891%)
DELL,ACSI (9.6936%); WLDR (6.7648%); FFF (6.0312%); DVLU (5.8613%); ULTI (5.0685%); TCAI (4.8575%); BASV (4.8086%); FCUS (4.6501%); BRIF (3.6796%); ELCV (3.5903%); FDRR (3.5645%); RKNG (3.5599%); FMTM (3.4695%); CNAV (3.4408%); AIVC (3.4094%); NXTI (3.344%); SAMM (3.2266%); FXL (3.2183%); RULE (3.1563%); WTV (3.0418%); FDVV (2.9289%); GFLW (2.7985%); CLCV (2.674%); FDRS (2.6456%); WQTM (2.5899%); HYP (2.5275%); LSAF (2.2927%); TEXN (2.2184%); FOWF (2.181%); QMOM (2.1651%); CPAI (2.0913%); LST (1.9774%); FTC (1.8496%); PY (1.7867%); ITAN (1.5696%); OWN (1.5376%); IMCG (1.1521%); ROUS (1.1472%); KRMA (1.0247%); FEX (1.0087%); FAD (0.9331%); IMCB (0.8525%); BFOR (0.6218%); EUSA (0.3327%); SIZE (0.3182%); DFVE (0.2981%)
DELTA-R,THD (19.0202%); ASEA (4.9157%); EQLT (2.5466%); XC (1.7985%)
DEM,GINX (3.2307%)
DEMANT.CO,MDEV (2.7019%)
DEUS,MVFG (5.4527%)
DEWA.AE,UAE (2.9015%); ECOW (2.1606%)
DFAC,DFAW (53.2433%); DFAL (9.9529%)
DFAS,APUE (4.7199%)
DFAT,DFAL (3.9191%)
DFE,EDGI (2.8706%)
DFEM,DFAW (9.162%)
DFGR,DFAW (1.6749%)
DFIC,DFAW (18.3387%)
DFIN,KCE (1.7806%)
DFTX,PSIL (12.8645%); NBDS (5.6867%); ASD (4.7701%); XPH (3.0884%); SBIO (2.7261%); BBC (1.1801%)
DFUV,DFAL (11.4406%)
DG,RSPS (3.1327%); CVAR (1.7847%)
DG.PA,GLIX (6.327%); TOLZ (4.5162%); XEML (4.48%); SCHY (4.0298%); IPAV (3.2463%); INEQ (3.245%); ICOW (2.1252%); IFLO (1.747%); JHMD (1.6965%); AVIV (1.5532%); DSTX (1.4457%)
DGCXX,DVND (3.4704%); TDI (2.79%); LCF (2.5962%); SIO (2.2748%)
DGII,EPSV (2.8657%); SAWS (2.4912%); CAFG (1.8558%); AIMS (0.9995%)
DGX,IHF (3.5052%)
DHC,HAUS (7.1037%)
DHI,ITB (15.7699%); LPRE (6.7625%); ICAP (4.8567%); SHRY (4.4424%); LSAT (3.5156%); RSPD (2.2893%); FLOW (2.2596%); FXD (1.5828%); HOMZ (1.5427%); AVMV (1.1078%); FTA (1.0167%); FAB (0.4989%)
DHL.DE,SUPL (4.6479%); SCHY (3.8835%); SHPP (3.7226%); FGM (3.6924%); EWG (2.9541%); DAX (2.9365%); NFRA (2.7717%); ICOW (2.1038%)
DHLGY,DIVD (2.3219%)
DHR,EAGL (5.1768%); PRCS (5.0627%); MVAL (4.3822%); FMCX (4.332%); LRGG (4.3317%); FMCE (3.8594%); FMED (3.6947%); BMED (3.5881%); NPFE (3.485%); AIVL (3.0811%); TMED (2.9706%); MOAT (2.445%); ANEW (2.1899%); TCAL (2.0323%); MOTG (2.0123%)
DHT,SEA (5.1188%)
DIA,THIR (33.2501%); BAMO (21.1347%)
DIB.AE,UAE (3.665%)
DINO,FXN (4.7304%); CRAK (4.6585%); PWER (4.0089%); PXI (3.2747%); SMCF (3.2719%); DDIV (3.0127%); PXE (2.9509%); XOP (2.6703%); RFV (2.4795%); QVAL (2.0634%); LYLD (2.0575%); XMVM (1.7647%); PAMC (1.5711%); DSMC (1.0979%); SYLD (1.0676%); DFSV (0.8039%)
DIOD,AVSC (0.3664%)
DIRR3.SA,BRF (2.4852%)
DIS,WNDR (5.4718%); MFVL (4.7426%); RSPC (4.5522%); IXP (4.5436%); FCOM (4.5318%); XLC (4.4767%); PTNT (4.3762%); VOX (4.3584%); BNGE (4.3293%); PNQI (4.0869%); IYC (2.8302%); GXPC (2.6736%); BAMV (2.2864%); JAVA (1.456%); SPXD (1.2295%); TRUC (0.5553%)
DISV,TOS (7.8141%)
DK,PXE (3.4518%); XOP (2.7974%)
DKL,HIPS (2.0117%)
DKNG,ODDS (7.3241%); BETZ (6.5954%); ODDZ (5.2347%)
DKS,QMID (1.2051%)
DLB,VFMV (1.514%)
DLR,SRVR (15.4002%); DTCR (10.623%); CSRE (9.8941%); REAI (9.1029%); RITA (8.3894%); IDGT (8.2745%); JRE (7.142%); PSR (6.4114%); DTRE (6.3988%); CRED (6.0323%); JPRE (6.0006%); WTRE (4.9729%); ERTH (4.8944%); VGSR (4.5518%); TXS (4.543%); XLRE (4.5245%); FPRO (4.407%); DFAR (4.3953%); IYR (4.3845%); RWR (4.38%); FRI (4.3665%); IYRI (4.3237%); SCHH (4.3013%); USRT (4.2534%); BBRE (4.1015%); ICF (4.0176%); FREL (3.9771%); RWO (3.4813%); PPTY (3.4509%); REET (3.4198%); BLDX (3.3692%); VNQ (3.2617%); AVRE (3.2008%); DFGR (3.199%); ERET (2.433%); IWS (0.6155%)
DLRPL,PFFR (2.7079%)
DLTR,RSPS (3.2809%); LYLD (2.0772%); MAGA (0.8357%); GVLU (0.4614%)
DLX,FDM (1.3673%)
DMART.BO,IOPP (5.2669%)
DMC,XSVM (1.2112%)
DML.TO,URNJ (12.4317%); URNM (5.1187%); NLR (4.8158%); METL (3.5582%); URAN (3.0889%)
DMLP,HIPS (2.022%)
DNB.OL,ENOR (11.7785%); NORW (11.7734%); AIVI (2.0938%); FID (1.7544%)
DNTH,IBRN (4.4214%); SBIO (2.8291%)
DOC,LPRE (7.0184%); BKGI (6.6812%); SPHD (3.6751%); RSPR (3.435%); REZ (3.0456%); JPRE (2.7977%); CRED (2.2547%); SPDV (2.246%); RIET (1.5772%)
DOCN,CLOU (5.8947%); AIFD (4.4311%); SKYY (3.9481%); WCLD (3.2768%); XITK (3.1395%); RFG (2.4297%); QMOM (2.1488%); BUYO (1.6422%); GSC (1.6%); PSC (1.1917%); FNY (1.1023%); FNX (0.5932%); STXK (0.5293%); BBSC (0.4446%); DFAS (0.2587%)
DOCU,MCOW (2.8215%); SFLO (1.2821%)
DOFG.OL,DFE (1.6454%); DDLS (0.4597%); DLS (0.4596%)
DORL.TA,TAN (4.4594%); IMOM (2.1342%)
DOV,VUSV (1.7336%); MCDS (1.0351%)
DOW,RPV (1.7752%)
DOX,BSMC (2.1902%); RUNN (1.9157%)
DPLM.L,RW (6.8395%); ASCI (4.5264%); EWUS (2.7834%); IVSX (1.2758%); IEUS (0.8279%); SCZ (0.3593%)
DPM.TO,AUMI (5.2221%); GBUG (4.9583%); GOEX (4.4238%); CGV (2.6055%)
DRAM,GDMA (3.3255%)
DRH,CSRE (3.3563%); BLDG (1.5162%)
DRI,FDV (2.8961%); EPMV (2.1166%); RUNN (1.9514%)
DRIV,GXDW (21.2067%)
DRO.AX,DRNZ (5.1587%); WAR (5.0086%)
DRS,DGLO (1.8077%)
DRTS,IZRL (2.4639%)
DSCT.TA,EIS (3.0264%)
DSFIR.AS,MOTI (3.564%); BINV (1.9162%)
DSG.TO,HULL (2.5521%)
DSL,YYY (3.2038%)
DSMC,NMBL (4.213%)
DSTKF.IS,IPOS (3.8424%); FEM (1.8871%)
DSV,AGMI (6.2974%); SLVP (4.7977%); GBUG (3.9109%)
DSV.CO,EDEN (9.7486%); SUPL (4.3915%)
DSY.PA,BULD (5.54%); PRNT (4.1487%)
DT,DAT (4.7487%); EYES (3.9689%); TSCM (3.5699%); CVSM (2.7334%); BCSM (2.6464%); ROBT (1.5424%); MSSM (0.5727%)
DTE,PUI (3.4784%); RSPU (3.2393%); CDL (1.6367%); CDC (1.6348%); TPHD (1.6103%); SPLV (1.2605%); INCM (1.2154%); LGLV (0.9959%); TPLC (0.704%); CFA (0.3828%); CFO (0.3819%)
DTE.DE,EWG (4.952%); DAX (4.828%); FLGR (4.7002%); INEQ (4.0414%); BLDX (3.4089%); HEDJ (3.2679%); NFRA (2.5563%); IXP (2.5165%); IVSI (1.8116%)
DTM,MDST (6.5614%); NBET (6.4075%); UMI (6.2839%); ENFR (5.2715%); EINC (4.7435%); MLPI (4.5421%); MLPX (4.4373%); SMIG (4.1907%); USNG (3.9925%); DVOL (2.933%); HSMV (1.277%)
DTRXX,WTIP (9.9984%); GDT (1.5932%)
DUK,XLU (6.9348%); VPU (6.2446%); FUTY (6.2412%); IDU (5.9637%); RCTR (4.5358%); JXI (4.3009%); URAN (3.9415%); PUI (3.8218%); FLV (3.6191%); RIFR (3.4157%); SIXA (2.7268%); IFRA (2.6754%); GII (2.6566%); SIXH (2.6555%); IGF (2.6377%); EIPI (2.5207%); LVHD (2.2233%); CDL (1.6573%); CDC (1.6553%); USMV (1.479%); LGLV (1.4386%); ACWV (1.2527%); SPLV (1.245%); INCM (1.1967%); CFA (0.3877%); CFO (0.3867%)
DUKPA,PSK (1.4016%)
DUOL,GRPM (2.419%)
DVA,OMAH (5.076%); LSAT (4.0569%); FXH (2.9397%); AZTD (2.7151%); SAGP (2.1001%); BUYB (2.0967%); RSPH (1.8185%); SURE (1.6768%); WTV (1.6387%); SIXL (0.6171%); JPME (0.4295%)
DVN,DUSA (5.7522%); PXE (4.8749%); OILT (4.709%); DWLD (4.4696%); FXN (4.3511%); DRLL (4.2843%); IEO (4.2499%); FCG (3.9694%); FTIF (3.7439%); GEND (3.6074%); FTXN (3.5173%); VFLO (3.4906%); AVMV (1.4134%); JOET (1.2619%); MAGA (1.0698%); AVMC (0.6436%); FLDZ (0.5996%)
DVY,TDSC (5.0914%); DUKQ (4.9335%)
DVYE,GINX (2.8818%)
DWS.F,CGV (1.9159%)
DX,DVDN (6.0904%); KBWD (3.6566%); HYIN (3.4131%); CRDT (1.1903%)
DXC,MYLD (1.0601%); DSMC (0.9617%); SQLV (0.7405%)
DXCM,EKG (7.0359%); TMFM (4.6914%); SNSR (4.4444%); HEAL (4.2222%); IHI (4.0246%); LGHT (4.0102%); JMID (2.124%)
DY,JOUL (4.8191%); AIRR (3.7563%); NRSH (3.491%); SMCO (3.1833%); QMID (1.3316%); FDLS (1.1074%); FNX (0.4836%)
DYL.AX,URNJ (4.7589%); URNM (4.6187%)
E,PID (2.5094%)
EA,NERD (8.8359%); GENZ (7.5661%); HERO (7.5202%); ESPO (6.4274%); EVNT (4.7102%); RSPC (4.706%); XLC (4.628%); BNGE (4.5534%); OND (4.468%); GAMR (4.3933%); MNA (3.8822%); ODDS (3.6316%); ARB (2.8057%); QFRD (2.799%); AUSF (1.5179%)
EADSY,EUAD (5.4538%); CAMX (4.5478%); BEEX (3.5535%)
EAGG,EAOK (68.4836%); EAOM (58.2953%); EAOR (38.3361%); EAOA (18.9139%)
EAND.AB,UAE (10.5432%); ECOW (2.0805%)
EARN,DVDN (5.7325%)
EAT,BCUS (3.4393%); PSCD (2.8559%); BCGS (2.2124%); XSHQ (2.0133%); OMFS (0.8769%)
EB5.SI,CGV (1.8297%); COPY (1.0927%); DDLS (0.4532%); DLS (0.453%)
EBAY,ONLN (11.7741%); EBIZ (5.7248%); BUYZ (3.2614%); NUMG (3.1678%); MILN (2.9722%); QQQJ (2.4359%); PKW (2.3394%); LYLD (2.0739%); ISHP (1.9966%); AQEC (1.7466%); WLDR (1.6171%); USMF (1.0197%)
EBC,QABA (2.0716%)
EBND,INKM (4.982%)
EBO.NZ,ENZL (4.1944%)
EBP.WA,EPOL (4.6921%)
EBS,MYLD (1.0502%)
EBS.VI,EWO (24.176%); PIEQ (3.3579%); EPIN (3.1136%)
ECAT,CEFS (6.3979%); YYY (3.2903%)
ECC,VPC (4.267%)
ECG,CSD (4.948%); PSCI (2.6842%); XSHQ (2.0671%); SLYG (0.9266%); IJT (0.9265%); VIOG (0.9261%); QVMS (0.5595%)
ECHO,NASA (9.0044%); WARP (4.5904%); UFO (4.349%); DIPR (3.9637%)
ECL,PIO (8.4734%); PHO (8.3628%); EVX (8.2367%); TBLU (7.6358%); IYM (6.369%); XLB (4.721%); FMAT (4.6528%); VAW (4.6215%); CGW (4.1019%); RSPM (4.0278%)
ECOPETROL.CL,COLO (9.3017%)
ECVT,MGMT (2.6698%)
ED,FXU (4.0959%); ZAP (3.8838%); NUMV (1.9552%); CDL (1.4168%); CDC (1.4146%); ULVM (1.3889%); LGLV (1.1769%)
EDELWEISS.BO,WAGN (8.8783%)
EDEN.PA,MOTI (2.9168%); BAIV (2.5622%)
EDIV,KOOL (3.1718%)
EDP.LS,FRNW (3.7244%); IDOG (2.1121%)
EDPR.LS,FAN (6.8017%); RNRG (6.4225%)
EDV,BSR (4.6064%)
EDV.AX,MOTI (2.5647%)
EDV.L,GDXJ (5.3401%); AUMI (5.296%); AFK (4.4981%); GOAU (3.8029%); SGDM (3.2724%); IFLO (2.2673%)
EE,SPIT (2.7607%)
EEFT,SOVF (2.9432%); ACSV (1.7855%)
EEM,HEEM (99.9998%)
EEMA,DWAW (20.4015%)
EEMV,DUKX (5.0735%)
EFA,OCIO (4.0149%); KOOL (3.9137%); HEFA (1.0019%)
EFC,HYIN (3.8125%); HSMV (1.6071%); XSLV (1.0905%); USVM (0.6566%)
EFR.TO,URNJ (11.2551%); URNM (5.1453%); URA (3.6378%)
EFSC,OSCV (2.2293%)
EFV,PRAE (15.6148%); IYLD (10.6388%)
EFX.TO,NVIR (4.203%)
EG,QDIV (2.0859%); PSAI (1.7138%); FXO (1.5595%); QMID (1.2491%)
EGIE3.SA,RNRG (4.8118%)
EGP,SPRE (4.9698%); INDS (4.485%); DTRE (4.4123%)
EH,DRNZ (2.9475%)
EICHERMOT.NS,INDQ (4.9514%); INCO (4.703%); GLIN (4.5453%)
EIM,RTAI (11.2755%)
EINC,RAAX (3.2969%)
EIX,BAMD (4.8825%); FXU (4.263%); DDIV (3.7892%); RSPU (3.2335%); SNPD (2.8236%); SEIV (2.0734%); DVY (1.6326%); SPVM (1.5257%); SPYD (1.4689%); SDY (1.4448%); ALTY (1.3546%); DEUS (0.633%); ONEO (0.4971%)
EL,GLAM (4.7417%)
EL.PA,CEFA (1.4342%)
ELAN,IHE (2.8055%); BSMC (2.6547%)
ELD.TO,GOEX (3.8996%); GBUG (3.5269%); BRES (3.0321%); GDXJ (2.4741%); DISV (0.6343%)
ELE.MC,PWRZ (4.9598%); NUKZ (3.308%); FDEV (1.4741%)
ELI.BR,EWK (2.7256%)
ELPC,BRAZ (3.8366%); EMIF (3.3594%)
ELS,SPRE (4.9798%); LPRE (4.7096%); REIT (3.4894%); XMLV (1.4903%); FREI (1.2704%)
ELS.AX,DRNZ (5.2424%)
ELV,IHF (7.1289%); CAMX (4.3934%); CVGD (3.8758%); USFE (3.7742%); BEEX (3.5228%); OAKM (3.3738%); FXH (2.6826%); ABCS (2.1788%); FEGE (1.9192%); IMCV (1.1795%); FTA (1.1315%); SIXL (0.5615%); FAB (0.5553%)
ELV.AX,LITP (4.4091%)
ELVN,XPH (2.0928%)
EMA.TO,IDLV (0.6923%); TPIF (0.5799%)
EMAAR.AE,UAE (11.8155%); SDEM (2.0608%); VNQI (1.9154%)
EMAARDEV.AE,FDEM (1.4502%)
EMB,DUKZ (7.5372%); DUKH (5.084%); RAA (4.1265%)
EMBASSY.BO,SMIN (1.0949%)
EMBD,ALTY (19.7663%)
EMBJ,WCME (3.1512%)
EMBLA.CO,GLCR (5.4858%)
EMCURE.BO,EMSC (1.6388%)
EME,FMKT (5.0512%); GLRY (4.501%); PKB (4.3855%); YOKE (4.0404%); AIRR (3.7483%); KONG (3.7066%); NUMG (2.7129%); ASCE (2.5845%); SMIZ (1.5643%); SDVD (0.982%); SDVY (0.9818%); SMLF (0.9491%); FSMD (0.5199%); VB (0.4417%)
EMF,CCEF (2.7999%)
EMG.L,DDLS (0.5514%); DLS (0.5455%)
EMGF,FINT (11.2555%)
EMHC,INKM (9.0198%)
EMIRATESNBD.AE,UAE (8.7463%)
EMLC,DUKZ (7.4781%); NDOW (5.0232%); DUKH (4.9722%)
EMN,PSCM (9.6359%); FXZ (4.0081%); SLYV (0.8238%); IJS (0.8225%); VIOV (0.8194%)
EMR,MAKX (5.2554%); IBOT (4.9611%); HWAY (4.0187%); CCOR (3.6017%)
EMXC,QAI (4.7559%)
EN.PA,BKGI (4.2705%)
ENB.TO,MLPI (9.3895%); MDST (8.9771%); MLPX (8.9335%); ENFR (8.2598%); EINC (7.8826%); BKGI (7.5913%); TPYP (7.2694%); USAI (7.096%); UMI (7.0488%); USNG (6.5635%); TOLZ (6.4833%); BILD (5.9244%); PIPE (4.5963%); NUIF (4.4547%); GEND (4.228%); BBCA (3.9797%); GII (3.9789%); IGF (3.968%); EWC (3.9592%); FLCA (3.8833%); IXC (3.6693%); GENW (3.3652%); IGE (3.3595%); PAYR (3.2377%); PID (2.9869%); FIDI (2.7529%); LCTD (1.174%)
ENEL.MI,EWI (11.3491%); PWRZ (7.7924%); SMOG (6.6181%); SCHY (4.1716%); BKGI (4.0074%); JXI (3.8713%); IDV (3.2503%); FIDI (2.632%); GCOW (2.1226%); IDOG (2.1142%); NBIE (1.4075%)
ENELCHILE.SN,ECH (4.3349%); FLN (3.1628%)
ENEV3.SA,FLN (3.7949%)
ENGI.PA,BKGI (4.8721%); PPI (2.5323%); FIDI (2.5134%); CGIE (2.1938%); FDEV (1.3999%); JHMD (1.0419%)
ENI.MI,EWI (4.7191%); IDV (2.588%); OPPE (1.9245%); EFAV (1.3094%)
ENLAY,IDVZ (3.7876%); GENW (3.218%)
ENLT.TA,RNRG (7.3407%); TAN (6.5958%); FAN (5.0044%); CCSO (3.3334%); FRNW (3.1512%); EIS (3.0268%); ITEQ (2.6446%); AVDS (0.3485%)
ENO.MC,DFE (1.9236%); DDLS (0.7571%); DLS (0.7467%)
ENOG.L,DFE (1.0829%)
ENOV,ACSV (1.3718%)
ENPH,TAN (7.1493%); WATS (6.7504%); VCLN (4.9715%); ICLN (4.8738%); ACES (4.7113%); CTEC (4.7071%); ETEC (3.4223%); SCOW (3.3415%); PSCT (2.5238%); NIXT (0.6879%)
ENR.DE,DAX (7.8826%); EWG (7.77%); FLGR (7.16%); TEKX (6.1059%); FPXI (4.4392%); PJIO (4.3838%); FPXE (4.1995%); WCMI (3.2811%); VNIE (3.218%); FEZ (3.0376%); WCMG (2.679%); GRIN (2.311%); DTAN (2.2887%); IDMO (2.2502%); PIZ (2.2474%); PPI (2.1712%); IMOM (2.1088%); EZU (1.9026%); PTEU (1.809%); FLEU (1.8038%); DBEZ (1.6437%); DFSI (0.6144%)
ENRG.TA,FAN (2.7322%)
ENS,WATS (5.4301%); UPGR (2.378%); SDVY (1.2822%); SDVD (1.282%); FESM (0.7659%); BKSE (0.3665%); GSSC (0.2943%)
ENSG,SCDV (7.3805%)
ENT.L,BETZ (4.9731%); ODDS (4.1105%)
ENTG,BBHM (6.4129%); EPAI (3.647%); EPMB (3.4819%); SAMM (3.1578%); CSMD (2.8644%); MIDE (1.0933%); IJJ (0.9463%); MDYV (0.9449%); IVOV (0.9442%); QVMM (0.8857%); XJH (0.8513%); PTMC (0.757%); SPMD (0.7551%); IJH (0.7528%); VBK (0.7506%); IVOO (0.7496%); EZM (0.6993%); FNDA (0.3588%); SIZE (0.2734%); GSEW (0.2521%)
ENVA,ABLS (5.7265%); SCOW (4.6111%); NEWZ (3.4678%); AZTD (2.6945%); SIXS (1.7482%); SEIS (1.405%); PSCF (1.313%); FNY (1.0672%); VAMO (1.0095%); BSVO (0.8158%); GSSC (0.3873%); JPSE (0.3841%)
EOAN.DE,FTRI (7.2647%); GRID (3.8919%); TXUE (2.9628%); TOLZ (2.8245%); PPI (2.0491%)
EOG,IEO (6.5624%); OILT (6.2061%); FTXN (5.6023%); PXE (5.0736%); DRLL (4.6024%); FCG (4.5035%); XLE (4.4432%); PBOG (4.3311%); AGQI (3.905%); DIVP (3.6781%); GXPE (3.4481%); IYE (3.3969%); TEXX (3.1755%); FENY (3.1151%); VDE (3.0917%); SPDV (2.2567%); ONEY (1.3464%); VFVA (1.0464%)
EOS,CCEF (3.0533%)
EOS.AX,WAR (4.0904%)
EPC,BSMC (2.5641%); RZV (1.5063%); ACSV (1.3923%)
EPD,AMLP (12.836%); MLPA (12.1309%); AMZA (11.991%); EIPI (7.9462%); NBET (7.616%); UMI (7.5621%); USAI (7.2477%); EIPX (7.123%); ENFR (7.0519%); EMLP (7.0356%); MDST (6.6468%); BESF (5.1196%); ESN (2.5758%); MBOX (2.486%)
EPHE,SSXU (6.9338%)
EPR,SRET (3.5794%); DES (1.03%)
EPRT,CSRE (3.3098%); PSCF (1.4156%); XSLV (1.0647%)
EQH,LSAT (3.5019%)
EQIX,SRVR (15.5936%); SPRE (12.4357%); DTCR (12.2819%); REAI (9.7777%); CRED (9.7733%); FPRO (9.4269%); REIT (9.0727%); JRE (8.9506%); IDGT (8.708%); JPRE (8.6271%); BYRE (8.2223%); ICF (7.6688%); XLRE (7.054%); GQRE (6.8616%); DTRE (6.7741%); USRT (6.2391%); CSRE (6.0426%); RWO (6.0328%); VGSR (5.6659%); REET (5.5926%); FREL (5.561%); AVRE (5.4954%); VNQ (5.434%); WTRE (5.3579%); DFGR (5.2237%); DFAR (5.2206%); PSR (5.1272%); IYRI (4.6739%); PPTY (4.6107%); IYR (4.5543%); FRI (4.4432%); RWR (4.4268%); ERET (4.4105%); SCHH (4.3048%); BBRE (4.2638%); IQRA (4.0726%); FCLD (3.8999%); IVEP (3.7284%); TMFG (3.2624%); VUSV (1.6916%); FREI (1.6243%)
EQNR,KEAT (3.5371%)
EQNR.OL,ENOR (10.8408%); NORW (10.836%); FIDI (3.0538%); IPKW (2.7563%); IVAL (2.0215%); CCNR (1.0407%)
EQR,HAUS (5.0482%); RITA (4.4975%); REZ (4.2729%); GQRE (3.0894%); PPTY (2.8855%)
EQT,RVER (7.0565%); TNGY (5.9721%); PXE (5.0373%); RSPG (4.8883%); IEO (4.8439%); USAI (4.8252%); BESF (4.7892%); NVIR (4.0578%); FCG (4.0221%); XOP (2.7417%); CALF (2.0449%)
EQT.ST,PSP (4.4432%); GPZ (4.3991%)
EQTL3.SA,ICLN (2.5579%)
EQX.TO,GDXJ (6.2351%); GOEX (3.4869%)
ERAS,PTH (2.5516%); XBI (1.2708%); DWAS (1.1375%)
EREGL.IS,TUR (3.7527%)
ERIC,GENW (3.3772%); HWSM (1.7586%)
ERIC-B.ST,EWD (3.9538%); GEOA (2.7412%); RODM (0.9661%)
ERII,SIMS (2.7877%)
ERO.TO,PWER (5.0105%); COPJ (4.6476%)
ES,BAMD (4.9524%); FXU (4.3712%); DIVY (3.823%); RSPU (3.2441%); SDOG (2.1459%)
ESAB,QSML (0.6168%)
ESE,JOUL (4.6556%); ROKT (3.5107%); XSMO (2.8959%); PSCI (2.8737%); GSC (1.5165%); FLQS (1.0983%); SLYG (0.9923%); IJT (0.9919%); VIOG (0.9915%); ACSG (0.8411%); IWO (0.5553%); XJR (0.5503%); VTWG (0.5466%); SPSM (0.4915%); IJR (0.4907%); VIOO (0.4904%)
ESGD,EAOA (16.6042%); EAOR (12.6207%); EAOM (8.5295%); EAOK (6.4418%)
ESGE,EAOA (9.6648%); EAOR (7.3462%); EAOM (4.9649%); EAOK (3.7495%)
ESGU,EAOA (49.5143%); EAOR (37.6345%); EAOM (25.4359%); EAOK (19.2089%)
ESI,PSCM (13.7566%); ADPV (4.3124%); FMTM (3.3386%); FTIF (3.2121%); PYZ (3.15%); TSME (2.742%); TSCV (2.2563%); QVMS (0.7088%); XJR (0.6636%); JHSC (0.6055%); SPSM (0.5925%); IJR (0.5917%); VIOO (0.5913%); JPME (0.4407%)
ESLT.TA,ITEQ (6.3905%); ARMY (5.883%); EIS (5.223%); ISRA (4.0547%); QQQJ (1.7319%); KOMP (0.9241%)
ESML,EAOA (5.1977%); EAOR (3.9506%); EAOM (2.6686%); EAOK (2.0161%)
ESNT,OUSM (2.141%); KBE (1.0207%); FLQS (0.9508%); QSML (0.6336%)
ESS,HAUS (5.2327%); REIT (4.4338%); REZ (3.827%); RSPR (3.3659%); RITA (2.8725%); JPRE (2.6804%); NOBL (1.6092%)
ET,AMZA (16.6961%); MLPA (13.5717%); AMLP (13.2686%); MDST (8.6549%); ENFR (7.8228%); UMI (7.7563%); NBET (7.5008%); EMLP (7.3267%); USAI (7.2635%); TPZ (7.1287%); EIPI (6.5657%); EIPX (6.4592%); TNGY (5.5779%); BESF (4.978%); EINC (4.522%); MLPI (4.458%); TPYP (4.0535%); CSEN (4.0219%); TOLZ (2.9036%); MBOX (2.4436%); ALTY (1.2909%)
ETE.AT,GREK (14.7425%)
ETERNAL.BO,DGIN (7.1713%); INQQ (7.1025%); INDE (6.414%); IOPP (6.0973%); INCO (5.3912%); FMQQ (4.7452%); NFTY (2.0735%)
ETG,FCEF (3.3665%)
ETHA,GLDB (0.0855%)
ETJ,CCEF (3.6652%)
ETN,JOUL (11.9646%); GRID (8.5381%); AIPO (7.9969%); SUPP (5.8565%); VOLT (5.2854%); CTIF (5.0236%); GASZ (4.6089%); MADE (4.1393%); RACK (4.1301%); IVEP (4.1129%); GVLE (4.0964%); ZAP (4.0784%); POW (4.073%); VNSE (4.0243%); MOTO (3.8999%); GPT (3.8558%); DIVS (3.3623%); PAVE (3.3527%); XLI (2.8703%); TRUI (2.8102%); FTIF (2.2504%); VIS (2.2041%); FIDU (2.1839%); DVVY (2.1605%); IYJ (1.9444%); JEPI (1.6299%); EXI (1.6183%)
ETO,FCEF (3.2673%)
ETOR,BPAY (4.031%)
ETPI,PFFA (2.3703%)
ETR,NUIF (8.8459%); TPZ (6.3789%); UTES (5.109%); RCTR (4.7361%); ELCV (4.6575%); ZAP (3.8703%); MDLV (3.8096%); XLU (3.6959%); VPU (3.3333%); FUTY (3.3282%); PUI (3.2735%); IDU (3.1775%); BILT (3.0894%); DVOL (2.9893%); HALX (2.6587%); EMLP (2.4407%); DVVY (2.1871%)
ETSY,EBIZ (5.359%); ONLN (4.8225%); SCOW (4.5578%); PSCD (2.8336%); IBUY (2.7326%); INVN (2.1401%)
ETV,PCEF (2.5066%)
ETW,CCEF (4.1103%)
ETY,PCEF (2.6725%)
EUFN,HECA (4.2376%)
EUPWR.IS,FEMS (1.5724%)
EUROB.AT,GREK (11.7554%)
EVER,SURE (1.3647%); FDLS (1.1348%)
EVK.DE,DWX (2.0129%); DISV (0.5465%)
EVN.AX,GDXJ (6.4898%); ICOP (4.96%)
EVO.ST,ODDS (7.527%); BETZ (6.5544%)
EVOX,SPAQ (4.1536%)
EVR,SMIG (3.1647%)
EVRG,FMKT (5.2754%); FXU (3.5368%); RSPU (3.2404%); HALX (2.6519%); CDL (1.6756%); TPHD (1.6756%); CDC (1.6736%); ULVM (1.4987%); SPLV (1.2401%); TPLC (0.7324%); CFA (0.3919%); CFO (0.3911%)
EVT,FCEF (3.2914%)
EW,IHI (4.7534%); BMED (4.6977%); GDOC (3.5853%); AGNG (3.424%); MDEV (2.3817%)
EWBC,SMCF (5.4222%); UDI (3.5366%); SCAP (3.3678%); FTDS (2.1809%); NUSC (0.9888%); SMDX (0.9305%); TMSL (0.8897%); SQLT (0.7894%)
EWC,CORO (12.7147%)
EWG,EDGI (8.2276%)
EWH,SSXU (6.2118%)
EWJ,HEWJ (99.881%); CORO (18.1835%)
EWL,CORO (4.847%)
EWM,SSXU (6.4308%)
EWP,CORO (5.7928%)
EWQ,SSXU (3.0769%)
EWT,CORO (4.4169%)
EWTX,SBIO (2.3206%)
EWU,CORO (10.9359%)
EWW,SSXU (6.417%); DUKX (2.3674%)
EWY,CORO (9.4561%)
EWZ,SSXU (7.0265%)
EXC,QQLV (4.9994%); FXU (3.9851%); UDI (2.9183%); CGMM (1.8927%)
EXE,RSPG (4.9805%); AIUP (4.6497%); BESF (4.5601%); FXN (4.3996%); IEO (4.1044%); FCG (3.9588%); XOP (2.7934%); QVAL (2.0579%); CALF (2.0519%)
EXEL,SAWG (3.6268%); XMHQ (2.8137%); MCOW (2.6485%); FXH (2.5762%); ASCE (2.4984%); JSMD (1.643%); FSGS (1.2011%); AFMC (1.0676%); SMDX (0.8821%); DUSG (0.6839%); GVLU (0.4801%)
EXG,PCEF (4.3333%)
EXI,GMOM (6.3422%); RAAX (1.4104%)
EXK,SLVR (4.8665%); SILJ (4.2863%); AGMI (4.1469%); SLVP (4.135%); SGDJ (3.9867%); GOAU (3.758%)
EXO.AS,FYLD (1.0252%)
EXPD,HULL (4.0049%)
EXPE,BRNY (5.3506%); BRES (5.308%); PEJ (5.3047%); AWAY (4.7258%); EBIZ (4.2569%); BUL (4.0297%); VFLO (3.4082%); RSPD (2.4091%); INVN (2.2823%); CALF (2.2729%); UPGD (2.255%); WBIL (2.2164%); JMID (2.0206%); FLOW (2.0161%); ISHP (1.8958%); USMF (1.1212%); FLQM (1.107%); ONEO (0.5134%)
EXPN.L,FDIQ (4.7602%)
EXR,INDS (14.7101%); REZ (5.4829%); BYRE (3.7815%); VGSR (2.965%); RWR (2.8701%); USRT (2.4855%); BBRE (2.4231%); RWO (1.8009%)
EXTR,IDGT (4.7832%); XTL (3.4238%)
EYLD,GMOM (11.7393%); ENDW (10.6226%); GAA (10.5861%); TRTY (7.9946%)
EZA,INTL (2.2029%)
EZJ.L,FKU (2.327%)
EZPW,SIXL (0.5716%)
EZU,HEZU (1.0029%)
F,FTXR (7.2343%); FLOW (2.2273%); RPV (1.9935%); VLUE (1.927%); DVY (1.5819%)
F34.SI,FTAG (3.6422%)
F3C.DE,HYDR (5.3147%)
FAAR,LALT (21.4496%)
FAB.AB,UAE (11.9416%)
FAF,FXO (1.6232%)
FALABELLA.SN,ECH (4.7121%)
FALN,THY (18.5575%)
FANG,OILT (7.3017%); PXE (4.7972%); TNGY (4.5044%); IEO (4.2864%); TEXX (4.1071%); FCG (4.0327%); FTXN (3.9953%); DRLL (3.4405%); PBOG (3.0914%); MMID (1.5095%)
FAST,KONG (5.448%); IYM (4.4434%); BEEZ (4.2268%); QQLV (3.9206%); RISN (3.1734%); QQXT (2.0257%)
FBIN,FXR (1.4605%); BTAL (0.5607%)
FBK.MI,FDFF (4.6594%)
FBOT,FDIF (20.5857%)
FBT,FV (20.4922%); FVC (20.4688%)
FBTPU26,FLSP (11.533%)
FBTSU26,MFUT (28.9188%); TFPN (6.5096%)
FBU.NZ,ENZL (4.0272%)
FCEL,UPGR (10.5942%); HYDR (9.2688%); CTEX (7.0915%); ULTI (6.9798%); CNRG (5.6503%); SAMT (3.201%); SIMS (3.2008%); PBW (2.204%); QQQS (0.8201%); IWC (0.4307%)
FCEN26,ISMF (0.0%)
FCFS,RSMC (3.546%); OMFS (1.4488%); MMSC (1.1589%); SMMV (1.0262%); FLQS (0.8991%); IWO (0.5336%); VTWG (0.5254%)
FCNCA,FTXO (3.2161%); IAT (3.145%); DVLU (2.8052%)
FCNCN,PFFA (2.2438%)
FCOR,XFLX (10.6272%)
FCPT,PPTY (3.6172%); HSMV (1.3552%); XSLV (1.1459%)
FCX,COPP (25.0707%); COPA (8.5324%); IYM (8.2426%); ICOP (7.9277%); PICK (5.9573%); VAW (5.8985%); FMAT (5.8186%); BATT (5.4533%); SETM (5.3718%); XLB (5.2921%); COPX (4.8875%); EART (4.6992%); XME (4.2348%); TEKX (4.0802%); NANR (3.7256%); SAMM (3.7012%); AFOS (3.3825%); FTWO (3.2808%); PYZ (3.2196%); MXI (2.9854%); PVAL (2.9151%); TURF (2.5736%); IGE (2.5658%); GNR (2.3504%); ECML (2.1114%); IMCG (1.1961%); IMCB (0.6267%)
FDAXU26,RSSY (10.0228%); ISMF (0.0%)
FDCF,FDIF (20.4115%)
FDFF,FDIF (14.7225%)
FDMT,BBC (0.9352%)
FDRXX,USDX (2.4788%)
FDS,MDPL (3.7518%)
FDT,DALI (17.7969%)
FDTX,FDIF (25.8719%)
FDX,HULL (4.6167%); DOCK (4.3986%); SUPL (4.3727%); IYT (4.2323%); SHPP (3.9838%); MFVL (3.6978%); SPDV (2.3408%); AKAF (1.7229%); DGT (0.9553%); VFVA (0.7768%)
FDXF,CSD (5.8856%)
FDY.TO,COPJ (4.9545%)
FE,CDL (1.6209%); CDC (1.6189%); SPLV (1.3262%)
FEBU,SPBU (8.3082%)
FEBW,SPBW (8.3426%)
FEIM,ROSC (0.9366%)
FELE,MVFD (2.6989%)
FEM,DALI (16.9855%)
FEMB,HISF (5.0293%); LDSF (2.9974%)
FEMSAUBD.MX,EWW (8.8927%); FLMX (8.2973%); ILF (3.3995%); EMOP (2.8828%); FLLA (2.7521%); ECOW (2.1068%); DEM (1.4941%)
FEOE,FINT (9.7038%)
FEP,IFV (19.7278%); DALI (12.8849%)
FER.AS,PFOE (5.8542%); EWP (4.3588%); IPAV (3.171%)
FERG,AQWA (7.6094%); TBLU (7.3619%); PHO (7.0818%); PIO (4.0885%); FIW (3.7723%); VXF (0.5207%)
FERREYC1.LM,EPU (2.9265%)
FESXU26,RSSY (5.5656%); HFND (5.0874%); DBEZ (2.4522%); DBEU (1.3077%); WTMF (0.4501%); MATE (0.0642%)
FEUZ,IFV (19.6895%); DALI (12.8599%)
FEZ,EDGI (6.5779%)
FF,MYLD (1.0875%)
FFIN,QABA (1.9979%)
FFIV,XA (4.5598%); PSWD (4.4597%); SPAM (4.4497%); KONG (4.3741%); HACK (4.3443%); CIBR (3.4065%); XTL (3.2178%); HWSM (2.5849%); QIDX (2.174%); COWG (1.9061%); LSAF (1.2637%); IQSM (0.8807%); BKMC (0.5836%); VBR (0.5008%); SMMD (0.3127%)
FFM.AX,COPJ (4.3407%)
FGBLM26,KMLM (54.2703%); ASMF (1.0694%)
FGBLU26,ASGM (26.6376%); FLSP (24.1383%); RSST (9.2904%); RSIT (8.3002%)
FGBMU26,IMF (27.5941%); MFUT (8.7004%); MATE (0.0655%)
FGBSU26,IMF (31.2926%); MFUT (14.1459%)
FGBXU26,FFUT (0.1104%)
FGII,SPCK (4.2699%)
FGM,IFV (19.9806%); DALI (13.0499%)
FGTXX,SOYB (42.5295%); WEAT (39.1331%); CORN (37.7428%); GTPE (17.6114%); CANE (10.2404%); FMCE (9.8242%); FMCX (5.0353%); OGSP (4.9521%); GSGO (3.8308%); OOSP (2.3175%); ODHY (2.2057%)
FGUXX,CARY (3.5895%); AOHY (1.073%)
FGXXX,HFMF (84.1221%); TSYX (73.6067%); GLDB (71.1551%); MSTW (70.2435%); TDAX (65.3816%); HFGM (62.0027%); CMAG (38.014%); MFUT (35.7326%); HFND (32.5479%); DRAI (19.5161%); RMIF (16.6476%); RSSY (15.581%); QTUP (14.4017%); RSIT (14.2027%); DRAM (14.1726%); HECA (13.819%); AMDW (13.4875%); AVGW (12.2857%); COSW (12.105%); THTA (12.0527%); UNHW (11.9209%); MSTQ (11.8466%); RW (11.5802%); RSST (11.5183%); DRMP (11.2162%); AMZW (9.8995%); RVER (9.8055%); IVAL (9.7689%); QLDY (9.7445%); USOY (9.5768%); EDGE (9.4754%); MAGS (9.4092%); ARMW (9.2728%); METW (9.1732%); AFOS (9.0438%); GLDW (8.5309%); RKSG (8.4758%); BRKW (7.8066%); MBOX (7.6713%); RISR (7.5967%); AAPW (7.5444%); GFGF (7.3228%); CTEF (7.1193%); EGGY (6.7054%); ULTI (6.4853%); UX (6.3109%); HGRO (6.1579%); BABW (6.1099%); EGGQ (6.1087%); CCFE (5.9997%); NFLW (5.9385%); MDLV (5.7924%); UBEW (5.7029%); GOOW (5.6666%); MSFW (5.6191%); FDAT (5.4134%); CDIG (5.2948%); TBG (5.197%); BREW (5.1567%); OWNS (4.9718%); TFPN (4.9471%); EMSC (4.868%); ACEP (4.7317%); CQTM (4.5463%); WNDR (4.2237%); FMKT (3.9833%); CMBO (3.5128%); MSTB (3.4275%); STYL (3.4076%); LENS (3.316%); GOLI (3.1323%); NYNY (3.0154%); NMBL (2.8843%); FFOX (2.7193%); LIBD (2.5716%); WMTI (2.4631%); ZHDG (2.2878%); LIAU (2.187%); AIMS (1.777%); SPYT (1.6935%); PLTW (1.6653%); QXQ (1.6614%); EMEM (1.6178%); XMAG (1.5819%); USDX (1.5418%); NDAA (1.5348%); QQQT (1.4716%); ABCS (1.356%); GEW (1.3365%); SMOX (1.3326%); ATTR (1.0889%); SNTH (1.0879%); ORO (1.0%); GDXW (0.9537%); SHDG (0.795%); EDGH (0.4949%); HIDE (0.4358%); TSPY (0.3705%); OVLH (0.3659%); HFSP (0.3609%); CAOS (0.2507%); JOJO (0.2282%); DDXX (0.2114%); AAVM (0.2081%); HOOW (0.1999%); TDAQ (0.1375%); TSII (0.1299%); ODTE (0.1298%); QGRD (0.1207%); MKAM (0.1205%); BENJ (0.0874%); DDV (0.0062%)
FHB,JHAC (3.2786%)
FHI,AFMC (0.9833%); SQLV (0.7162%)
FHN,AQLG (3.8808%)
FHYS,PCPP (8.1934%)
FHZN.SW,PIZ (2.2426%)
FIBIH.TA,DDLS (0.4324%); DLS (0.4276%)
FIBK,KRE (1.3456%)
FICO,AKRE (6.9164%); FDIQ (5.3108%); KYC (2.9442%); FCTR (1.3582%); TMFX (1.3565%)
FIGR,MVPA (4.2493%); NODE (3.4589%)
FIGXX,AMAX (17.3841%); MSFY (7.4248%); RHTX (6.4593%); XSHP (5.8934%); AAPY (3.2558%); KGLD (3.196%); NFLP (3.1376%); RHRX (2.4737%); TSLP (1.7469%); AMZP (1.623%); KCOP (1.2022%); GOOP (1.0068%)
FIIG,HISF (9.9826%); FTBI (4.1932%)
FINMY,EUAD (2.7114%)
FINV,PID (3.1716%)
FIS,FINX (3.5776%)
FISV,FINX (4.7681%); SHRY (3.7989%); GKAT (3.4965%); SOVF (2.8228%); FLCV (2.008%)
FISXX,PSQO (1.41%)
FITB,IAT (6.3964%); DFNL (6.0575%); KBWB (4.2079%); BEDY (3.3096%); FTDS (2.2329%)
FIX,GOP (8.954%); CWS (8.5598%); HVAC (7.151%); CTEF (5.6409%); PKB (4.7899%); PRN (4.7031%); AMID (4.5087%); AIRR (4.4146%); NUMG (4.2258%); CNAV (4.2231%); PRAY (3.6194%); FRTY (3.6136%); JSMD (3.4349%); JMID (3.3974%); FFTY (3.3798%); TSCM (3.3647%); RPG (3.362%); PDP (3.105%); HYP (2.5175%); SPGP (2.2066%); IWP (1.8901%); CGMM (1.8512%); BUYB (1.812%); SMIZ (1.5818%); TAX (1.5414%); FXR (1.4899%); SDVY (1.2446%); SDVD (1.2437%); RBLD (1.1943%); FMDE (0.9726%); FSMD (0.9529%); AVMC (0.7023%); JHMM (0.6394%); FLDZ (0.5849%); FNDA (0.3334%)
FIXD,HISF (9.9854%); FTBI (6.7485%)
FLBL,QAI (8.6987%); CANQ (2.3219%)
FLCA,SSXU (12.4279%); INTL (2.4893%)
FLEX,LCLG (5.673%); EPSV (4.9321%); EPMV (4.8916%); BASV (4.6793%); EPAI (4.0661%); FEMD (3.2193%); QQQJ (2.9152%); CZA (2.7231%); SEIV (2.4974%); CLCV (2.4197%); TAX (2.2577%); LST (2.024%); AFMC (1.9205%); OASC (1.7263%); AVMV (1.6646%); MDY (1.5806%); CGMM (1.5621%); SMOX (1.3918%); BUYO (1.3815%); WCEO (1.3805%); SMLF (1.0713%); SCHM (1.0538%); FSMD (0.8932%); JHMM (0.8542%); AVMC (0.714%); IWS (0.5818%); CVMC (0.5192%); JPME (0.4443%); VB (0.3556%)
FLGB,SSXU (9.7603%)
FLGPA,PFFA (2.5873%)
FLIN,BCEM (15.572%)
FLJP,SSXU (21.7593%); EDGI (15.7746%); MAPP (7.9392%); DUKX (2.4859%)
FLKR,DUKX (2.7197%)
FLNC,WATS (5.5699%); MNVT (5.4993%); RVER (4.8257%); UPGR (2.825%)
FLO,PEY (4.0425%)
FLOT,QAI (16.614%); IYLD (15.0616%); NDOW (3.7592%)
FLR,TEXX (3.1768%)
FLRN,QAI (5.3961%)
FLRY3.SA,BRF (2.5912%)
FLSP,LALT (9.459%)
FLT.AX,AWAY (3.8653%)
FLTR,XFLX (9.6473%)
FLTW,DUKX (2.8316%)
FLUT,ODDZ (8.7183%); ODDS (7.5513%); BETZ (7.5365%); FCTR (1.326%)
FLXR,FOPC (25.0579%); LOTI (6.6143%)
FLY,WARP (3.8323%); NASA (3.78%); MARS (2.901%)
FM.TO,COPX (5.0874%); COPP (4.6938%); CGXU (4.5218%); COPA (3.5028%)
FME.DE,BAIV (2.1392%)
FMED,FDIF (18.2959%)
FMF,LALT (21.5328%)
FMG.AX,DVYA (5.039%); SLX (4.6302%)
FMINU26,IND (2.5164%)
FMX,FEOE (2.2141%)
FN,FOTO (9.1259%)
FNDF,GDMA (2.4704%)
FNF,SMCF (3.7182%)
FNV.TO,GOAU (9.9323%); ABEQ (6.5468%); SGDM (5.855%); PCPP (5.6766%); GDX (4.8395%); GKAT (4.7178%); INFL (4.7162%); GDMN (4.7137%); NRES (2.2934%)
FOATU26,FLSP (19.7876%); BCPL (1.6555%)
FORM,PSCT (4.8471%); EPAI (3.6739%); EPSB (3.1483%); XSMO (2.623%); GSC (1.6415%); SLYG (1.3646%); IJT (1.3637%); VIOG (1.3632%); QVMS (0.8096%); XJR (0.7566%); SPSM (0.6758%); IJR (0.6746%); VIOO (0.6742%); STXK (0.5336%); BBSC (0.4695%); JHSC (0.4636%)
FORTUM.HE,NLR (5.6178%); EFNL (3.7825%)
FOUR,BPAY (3.0883%)
FOXA,SHRY (4.4856%); LYLD (2.137%)
FPA,IFV (19.1016%); DALI (12.4759%)
FPAG,FPAA (60.1923%)
FPAS,FPAA (37.3747%)
FPEI,LDSF (2.4938%)
FPH.NZ,ENZL (20.8387%)
FPS,SUPP (5.0848%); JXX (5.0145%); JOUL (4.953%); GRW (3.8244%); BCSM (2.7329%)
FPT.VN,VNAM (3.8549%)
FPXI,IFV (21.3508%); DALI (13.9448%)
FR,REAI (4.3452%); INDS (3.373%); IQRA (1.7355%)
FRDM,GIAX (7.9914%)
FRES.L,AGMI (9.6382%); SLVP (8.9211%); SIL (4.4779%); EAFG (2.5222%)
FRO,PXJ (5.5251%); BOAT (5.328%)
FROG,ITEQ (3.6642%); AFSC (3.5005%); IZRL (3.2518%); WCLD (3.1966%); ISRA (2.261%); IWO (0.594%); VTWG (0.5844%); BKSE (0.3842%); IWM (0.307%); RSSL (0.3069%); VTWO (0.3013%)
FRPT,PAWZ (11.2435%); PSCC (4.5378%); FXG (3.4336%); PBJ (3.2232%)
FRSH,SMLL (3.1621%); ARWG (2.6824%); RNIN (1.3416%)
FRT,STNC (2.9611%)
FRW.NZ,ENZL (2.6673%)
FSIG,LDSF (29.9099%); HISF (5.0057%); FTBI (4.2095%)
FSK,PEX (4.4352%); KBWD (3.5008%); VPC (2.5829%)
FSLR,TAN (9.3262%); ICLN (8.4051%); VCLN (7.8973%); QCLN (6.686%); CTEC (6.4855%); FXN (5.062%); RVER (4.756%); PWER (4.5326%); ACES (4.5314%); SDG (4.2181%); FRNW (3.6801%); CTEX (3.637%); CSEN (3.4993%); ERTH (3.4703%); ETEC (3.4196%); BUL (3.3266%); SMOG (3.2625%); UPGR (2.3039%); SPGP (1.9911%); CCNR (1.0217%)
FSLY,IDGT (4.488%); CPAI (2.1486%)
FSR.JO,EZA (7.9382%); AFK (3.6009%); BCEM (1.837%); FTHF (1.7666%); XC (1.3499%)
FSS,SCDV (5.2386%); BEEZ (4.1559%); PSCI (2.4839%)
FTAI,XAR (3.0848%); SSMG (2.9328%); MSSM (0.8355%); VBK (0.7595%)
FTC.L,NASA (3.1407%)
FTCB,HISF (27.972%); FTBI (6.7448%)
FTDR,TMFS (4.1853%); AZTD (2.4102%); SRHQ (1.6811%)
FTGC,LALT (7.9973%)
FTHI,FTBI (19.6623%)
FTI,OIH (6.8344%); PXJ (5.3965%); IEZ (4.767%); RSPG (4.5845%); XMHQ (3.888%); XES (3.7839%); BCUS (3.6992%); BUL (3.4689%); XMMO (3.0953%); FCPI (2.9878%); SSMG (2.483%); IBOT (2.1025%); GRIN (1.9665%); RFG (1.9295%); PAMC (1.6691%); MDYG (1.3918%); IJK (1.3883%); IVOG (1.3793%); SMOX (1.14%); MIDE (1.0475%); AFMC (0.9763%); TMSL (0.8636%); XJH (0.8204%); MSSM (0.7969%); MDY (0.7891%); PTMC (0.7303%); SPMD (0.7277%); IJH (0.7255%); IVOO (0.7225%); JMEE (0.5671%)
FTLS,LALT (21.4651%)
FTNT,CIBR (8.8429%); KWIN (8.3106%); BUG (7.7147%); WCBR (6.1295%); XA (6.0623%); PSWD (6.017%); SPAM (6.0013%); LSAT (5.5363%); RISN (5.486%); HACK (5.358%); TOLL (4.9355%); DUTY (4.908%); IHAK (4.0274%); AMID (3.9925%); CLOD (3.8075%); FTGS (3.7237%); FGSI (3.716%); IGV (3.6172%); IDEF (3.3551%); USRD (3.3065%); BRES (3.3063%); QOWZ (3.018%); TMAT (2.2762%); EMOT (2.1537%); COWG (2.1131%); VFQY (1.7715%); SURE (1.6269%); ROUS (1.3116%); IMCG (1.265%); DTEC (1.2106%); IMCB (0.6627%); BLES (0.4448%)
FTOXX,GEM (3.1345%); GSEU (1.9597%); GSID (1.3496%); GSIE (1.2339%); GSEE (0.8%)
FTQI,FTBI (10.387%)
FTS.TO,IDLV (0.7039%); TPIF (0.6172%)
FTSL,BLUI (9.816%); LDSF (6.4858%); HISF (5.0092%)
FTSM,LDSF (2.9915%)
FTT.TO,ISCF (0.5447%); DFIS (0.3776%); SCHC (0.3471%); AVDS (0.2685%); VSS (0.24%)
FTV,CZAR (4.4651%); AIVL (2.6882%)
FTXL,FV (19.8745%); FVC (19.8519%)
FTXR,FV (19.6426%); FVC (19.6202%)
FUEVFVND,KPHO (24.0217%)
FUL,PSCM (4.2179%)
FULT,KRE (1.3457%)
FUNO11.MX,FLN (3.6521%); FDEM (1.5909%)
FUTR.L,FYLD (1.0375%)
FVAL,USEW (1.9415%)
FVI.TO,SGDJ (4.4972%); GOAU (3.8125%)
FWONK,FRTY (3.6166%)
FXFXX,TYLD (34.391%); RMIF (16.6476%); MSTQ (11.8466%); JUCY (10.0382%); VAMO (7.2172%); BLDG (5.041%); BRIF (4.4893%); OSCV (3.9708%); HYBI (3.5796%); MSTB (3.4275%); MSMR (3.1937%); TAIL (3.0532%); GVAL (2.741%); NIHI (1.9405%); IAUI (0.9858%); IWMI (0.7559%); DEFR (0.2504%); DUBS (0.074%); IDUB (0.0389%)
FXL,FV (19.8616%); FVC (19.8388%)
FYLD,ENDW (12.2999%); GMOM (12.0722%); FINT (8.2856%); TRTY (8.1421%); GAA (6.8517%)
G.MI,EWI (4.8029%); EFAS (2.2952%)
GALD.SW,VNIE (5.3887%); PJIO (4.5248%); FSZ (4.5205%); FPXE (4.3551%); RWIN (1.6061%)
GALDY,BFLX (2.8876%)
GALP.LS,CRAK (4.4066%)
GAM,CEFS (3.2078%)
GAPB.MX,EWW (4.1474%); FLMX (3.8287%); IQRA (1.749%)
GATX,AVUV (0.7414%)
GAW.L,ASCI (3.9644%); EWUS (2.0743%); IEUS (0.617%); SCHC (0.3775%); DFIS (0.3324%); VSS (0.2437%)
GBCI,KRE (1.3613%)
GBDC,FBDC (9.5145%); PBDC (7.6385%); LBO (5.6552%); PEX (4.4695%)
GBK.KW,KWT (4.3382%)
GBLB.BR,EWK (2.7741%)
GCOW,HERD (18.1664%)
GD,SHLD (8.9462%); FOWF (7.612%); DUTY (7.5507%); WDGF (5.1932%); HACK (4.9257%); AV (4.8912%); CTIF (4.8617%); PPA (4.5179%); IDEF (4.4532%); ITA (4.3344%); NATO (3.6143%); WR (3.2394%); DGLO (2.9562%); COWZ (2.0387%); AQEC (1.9501%); RUNN (1.915%); TMVE (1.7956%)
GDDY,FCFY (2.6952%); CALF (1.8749%); SFLO (1.6457%); RNIN (1.355%); DSMC (0.9848%)
GDV,CEFS (3.7245%); FCEF (2.9024%)
GDX,CEFS (6.4603%); KYLD (4.8233%); AMAX (4.4163%)
GE,ITA (22.6153%); AV (11.3526%); NATO (9.6903%); PWRD (9.2464%); MISL (8.9134%); PPA (7.274%); GRW (6.9652%); TRUI (6.8593%); XLI (6.7643%); FTWO (6.1134%); FMCX (5.5296%); FIDU (5.3836%); TOLL (5.3494%); VIS (5.2059%); FMCE (5.0706%); DVAL (4.7802%); RW (4.6145%); IYJ (4.5328%); PJFG (4.1814%); SPHQ (3.8516%); EXI (3.8326%); GGRW (3.5783%); CGDV (3.5705%); DRNZ (3.2015%); XAR (3.0187%); PEXL (2.9712%); GRNY (2.7941%); QDF (2.7405%); IDEF (2.5819%); CGCV (2.5318%); CGGE (2.283%); HGRO (2.1923%); BCGS (2.1641%); RDVI (2.1357%); RDVY (2.1337%); SPGP (2.0867%); TDVG (1.9757%); PSET (1.8878%); DGLO (1.601%); EQWL (1.1477%)
GEB.CL,COLO (4.248%)
GEBN.SW,TBLU (3.9725%); PIO (3.9602%)
GEF,USVM (0.6234%)
GEHC,CSD (6.8617%); LGHT (5.4103%); IHI (4.5092%); HEAL (4.0268%); MVAL (3.5503%); HWSM (1.5679%)
GEKTERNA.AT,GREK (3.9491%)
GEL,MLPA (3.9112%); AMLP (2.8672%)
GEN,XA (3.8744%); HUSV (2.8371%); FCFY (2.3451%); SMRI (2.1101%); ISCV (0.4405%)
GEO,FYT (0.9996%); SVAL (0.6131%); FYX (0.4642%)
GEV,JOUL (14.7577%); FPX (11.1699%); GASZ (10.8919%); AIPO (9.5419%); CSD (9.2605%); RCTR (6.1905%); FRNW (5.9941%); PUI (5.9049%); DARP (5.4831%); XLI (5.4768%); CCSO (5.2296%); GK (5.1463%); TRUI (5.059%); PWRD (5.0366%); TLG (4.6292%); IVEP (4.6224%); SPHQ (4.6015%); VOLT (4.5221%); NUKZ (4.289%); VIS (4.2217%); CAML (4.1443%); AFOS (4.1429%); FIDU (4.0972%); AMOM (4.0727%); LOPP (4.0325%); SAMM (4.014%); GGRW (3.9645%); CTEX (3.9591%); KOOL (3.8071%); ETEC (3.7193%); IWFG (3.7179%); IYJ (3.7121%); USMD (3.659%); PPI (3.6582%); FLCG (3.5405%); POW (3.5097%); CNRG (3.4529%); IQM (3.3887%); ELCV (3.2791%); MTUM (3.1813%); EXI (3.0962%); MFSG (3.0565%); FLCC (2.9882%); ABFL (2.8777%); LCAP (2.8404%); RDVI (2.8053%); AGRW (2.8033%); RDVY (2.8027%); UFOD (2.7394%); PALC (2.626%); PSAI (2.5468%); GRNY (2.5289%); GFLW (2.413%); QMOM (2.1848%); NULC (1.8674%); PTL (1.7283%); RSPN (1.5708%); TAX (1.5288%); ESMV (1.4982%); FXR (1.3953%); EQWL (1.3265%); CGBL (1.2263%); VFMO (1.1353%); ROE (1.0842%); ELFY (1.0819%); RSPE (0.7154%); WDAI (0.6412%); RSP (0.2627%)
GEVO,PBW (1.5769%)
GFF,TMVE (1.7313%); JSMD (1.591%); JSML (1.4706%)
GFI,GDMN (5.4498%); FTRI (4.434%); AUMI (4.0727%); GDX (4.0146%); AADR (3.1373%); AFK (2.8356%); LENS (2.6683%)
GFI.JO,EZA (8.0669%); RING (4.376%); FTHF (2.2145%)
GFNORTEO.MX,FLMX (11.2729%); EWW (10.5041%); ILF (4.0736%); FLLA (3.8397%); DVYE (2.4927%); DEM (1.7939%); JADE (1.1291%)
GFS,PRFZ (0.3872%)
GFTU.L,EIRL (3.5572%)
GGAL,ARGT (6.6084%)
GGD.TO,SLVR (2.75%)
GH,HELX (9.0876%); EKG (6.1293%); GNOM (5.6607%); LFSC (5.5648%); LRNZ (4.7104%); SPIT (4.5539%); GDOC (4.5343%); ARKG (4.2843%); GNMX (3.7662%); FFOX (3.1096%); HTEC (2.2045%); FESM (1.0883%); TMSL (0.9599%); PSC (0.8744%); ISCG (0.5913%); SCHA (0.4043%); ISCB (0.2977%)
GHM,SSMG (2.8409%); DWAS (1.2374%)
GHRS,PSIL (4.3161%)
GII,RLY (25.8897%); INKM (11.0057%)
GIII,XSVM (1.1338%)
GIL.TO,SCDV (4.3956%); SMIG (3.776%)
GILD,BBH (12.7468%); IBBQ (6.8907%); IBB (6.8341%); BMED (4.7723%); PJP (4.5011%); MEDI (4.4233%); TMED (4.3957%); PBE (4.291%); PBPH (3.6677%); CVGD (3.2348%); LGCF (2.9015%); QNXT (2.8656%); XLV (2.7252%); TRUH (2.6961%); IYH (2.6343%); SELV (2.5183%); CLCV (2.3882%); VHT (2.3052%); FHLC (2.278%); COWZ (2.0096%); VFMF (0.8308%)
GIS,WBIY (4.735%); XUDV (4.5184%); MDPL (3.7647%); RSPS (3.0793%); QFHD (1.7696%)
GIVN.SW,EUDV (2.6584%); ANEW (2.3042%); FICS (2.2084%); EFAD (1.5698%)
GKOS,PSCH (3.6418%); XHE (1.8719%)
GL,KIE (1.9691%); RSPF (1.4177%); FSCS (1.1705%); ISCV (0.45%)
GL9.IR,EIRL (5.0277%); FEUZ (1.4825%); FEP (1.1381%)
GLD,QPX (17.8345%); RHTX (7.6111%); BDYN (1.8953%)
GLDM,RPAR (9.2759%); LENS (8.8701%); USAF (6.3917%); PPI (5.8123%); GLDB (0.4897%)
GLE.PA,PBEU (3.0544%); DFIV (1.0759%)
GLEN.L,COPX (4.8023%); COPA (4.4458%); PICK (4.2218%); NRES (3.6134%); WCME (2.985%); EFFI (2.9829%); OPPE (2.3796%); FKU (2.1513%); FNDF (0.9837%); PXF (0.7868%); MFDX (0.6753%)
GLENMARK.BO,SMIN (0.9113%)
GLO.XPHS,EDOG (2.2649%)
GLOF,WSGE (16.653%)
GLPI,BYRE (3.9129%); PJFM (3.7171%)
GLQ,CEFZ (4.7164%)
GLUE,IWC (0.3962%)
GLW,RJDI (6.3527%); MFMO (5.7864%); EUV (5.624%); RULE (5.5996%); CNAV (5.5076%); ULTI (5.4142%); EPAI (4.3549%); AMOM (4.0507%); STNC (3.9471%); FMTM (3.7232%); NEWZ (3.6423%); CTEX (3.6244%); PRMR (3.35%); BOBP (3.244%); SPDG (3.1343%); CNRG (3.0589%); SAMT (2.9416%); HFGO (2.8509%); AIS (2.8165%); YNOT (2.6326%); ZECP (2.1614%); RSPT (1.9451%); MFUS (1.5428%); SMIZ (1.4387%); FTC (1.3218%); ELFY (1.2067%); JOET (1.1178%); XOEF (1.0956%); PAPI (1.0042%); RSPE (0.8029%); WDAI (0.7436%); FEX (0.7209%); TRFM (0.7124%); FAD (0.6668%); RSP (0.2943%); DFVE (0.2826%); GSEW (0.2528%)
GM,FTXR (7.1814%); VLUE (3.2991%); PKW (3.2938%); DVLU (3.1669%); SEIV (2.2601%); PSAI (1.7229%); RPV (1.702%); SPVM (1.6056%); VOE (1.1959%); VFVA (0.8361%)
GMAB,GNMX (2.6876%)
GMAB.CO,EDEN (4.1817%); IDNA (3.8801%)
GMD.AX,GOAU (3.1943%)
GMD.VN,KPHO (4.0266%)
GME,BUZZ (3.0133%); TXS (2.7172%)
GMEXICOB.MX,EWW (13.8686%); FLMX (11.784%); ICOP (7.9886%); ILF (5.6316%); EART (4.4658%); FLLA (4.0343%); AGEM (3.7259%); EMDM (3.5569%); OAEM (3.4264%); BATT (2.7449%); PICK (2.1816%); DSTX (1.4864%); DGRE (1.4311%); XC (1.3738%); CGNG (1.1078%)
GMG.AX,SPRE (11.9891%); IFGL (6.1383%); WTRE (4.9176%); HAUZ (4.5994%); VGSR (4.227%); VNQI (4.2013%); EWA (3.0463%); AVRE (2.6628%); FLAU (2.5891%); REET (2.3458%); DFGR (2.3033%); ERET (1.8904%)
GMIN.TO,GBUG (4.9586%); GOEX (3.1651%)
GMTAS.IS,WAGN (7.6887%)
GNL,KBWY (3.4906%); XSHD (2.9859%)
GNLPD,PFFA (2.1011%)
GNR,RLY (27.1686%)
GNRC,MAVF (5.7594%); GASZ (5.4292%); PWER (4.508%); WATS (4.1677%); CTEX (4.1017%); FORH (3.7027%); CNRG (3.1187%); SIMS (2.9984%); SAEF (2.8359%); FEMD (2.0094%); RSPN (1.4197%); ISCG (0.5305%); ISCB (0.2665%)
GNTX,ROBT (1.5647%); FXD (1.5421%)
GNW,XSVM (1.4333%)
GOAU4,EWZS (2.601%)
GOLF,SMDV (1.1447%); QSML (0.6953%)
GOOD,KBWY (4.1868%)
GOOG,GXPC (25.6487%); FDG (15.0789%); TRUC (11.7257%); XLC (10.4127%); IXP (10.3867%); JGRO (10.3603%); MPLY (9.8521%); CGGG (9.8218%); GTOP (9.7655%); LCF (9.4671%); BCHP (9.355%); IWLG (9.3233%); ACGO (9.302%); GK (8.4273%); TMFC (8.3597%); PNQI (8.1204%); BELT (7.8739%); BKCG (7.8251%); TMFG (7.8028%); MAVF (7.7982%); VOX (7.7866%); FCOM (7.7546%); IWFG (7.7108%); BROL (7.2579%); NOEQ (7.1201%); USSE (6.9944%); YNOT (6.9337%); TCHP (6.8727%); AGRW (6.8563%); JUDO (6.8131%); LRGG (6.7786%); ACSI (6.7181%); BBHL (6.6925%); JPEF (6.6297%); PCLG (6.6255%); LOWV (6.6178%); QVML (6.4544%); HEQQ (6.3773%); LRGC (6.3441%); NANC (6.2608%); ROCQ (6.2475%); PRXG (6.2152%); QQHG (6.1372%); ALRG (6.1184%); PFOE (6.0727%); PCGG (5.9823%); BCTK (5.9427%); ACIO (5.8479%); GGRW (5.8475%); ADME (5.8399%); XLSR (5.8144%); CNEQ (5.6488%); DUSA (5.5818%); TMFE (5.5073%); BCGD (5.4459%); TOPT (5.3386%); IWY (5.1409%); LCOW (5.069%); TOAO (5.0304%); MFIG (5.0087%); JEPQ (5.0032%); IWF (4.9777%); VONG (4.957%); EGUS (4.8751%); SUSL (4.7997%); USSG (4.7862%); IQSU (4.7331%); ALAI (4.7264%); IYW (4.7185%); SPYG (4.7042%); IVW (4.7028%); VOOG (4.696%); DSI (4.6904%); MGK (4.644%); USFE (4.5628%); VUG (4.5201%); IUSG (4.4647%); FPAG (4.459%); BDYN (4.4467%); ARKQ (4.4387%); FDN (4.4244%); FDND (4.4159%); HLAL (4.3246%); EQTY (4.3041%); MFMO (4.2761%); GGUS (4.2447%); LRGF (4.2383%); IOO (4.2375%); ONEQ (4.2266%); ASLV (4.1917%); EFIV (4.1829%); SNPE (4.1795%); SPXT (4.1706%); PABU (4.1075%); XLG (4.1064%); BWTG (4.0603%); AGQI (4.0392%); XCHG (4.0164%); MOTO (4.0075%); QTOP (3.965%); JTEK (3.9497%); BKLG (3.9171%); MMTM (3.9051%); GLBL (3.9007%); ARKX (3.8668%); TGLB (3.8357%); BAFE (3.8345%); ARKW (3.79%); TSPA (3.7114%); AVTM (3.6776%); QLC (3.6472%); DAK (3.6261%); OEF (3.6082%); SNPG (3.6064%); GLOF (3.5536%); IGM (3.5418%); ESGU (3.5366%); SCHG (3.5223%); LGDX (3.4919%); LSVD (3.3884%); SUSA (3.3538%); FELG (3.3528%); GSGO (3.3481%); SPMO (3.331%); JHAI (3.2221%); USNZ (3.217%); DFVX (3.2116%); STXG (3.2099%); TUG (3.2043%); CGGR (3.1857%); SEIQ (3.1461%); USCL (3.125%); MGC (3.113%); USCA (3.1035%); PSET (3.0932%); BFLX (3.0869%); QRMI (3.0661%); QQQI (3.0643%); XQQI (3.0643%); QQQH (3.034%); PHEQ (3.031%); QNDX (3.0264%); PTNQ (3.0251%); QQWZ (3.0241%); IWL (3.023%); QQQM (3.0199%); QQQ (3.0188%); FLQL (3.0064%); SPXN (2.9939%); AVUQ (2.9787%); QCLR (2.9754%); AAUS (2.9734%); QTR (2.9712%); RGLO (2.9696%); FBOT (2.9601%); FEUS (2.9295%); MODL (2.9109%); XVV (2.9104%); ILCG (2.8777%); ESGV (2.8755%); SPXV (2.8393%); AAEQ (2.8308%); GSUS (2.8289%); JUST (2.7992%); ENHU (2.7849%); PEPS (2.7799%); CGBL (2.7796%); FEGE (2.7669%); SELV (2.7545%); BKLC (2.7419%); MIGO (2.7338%); SEIV (2.7222%); GQQQ (2.6949%); AIEQ (2.6876%); OALC (2.6823%); KNOW (2.6785%); SPYX (2.6763%); ONOF (2.6753%); SPXE (2.6658%); AAUA (2.6558%); KVLE (2.6553%); SGLC (2.6354%); NBCR (2.6209%); CHRI (2.615%); XRMI (2.61%); CATH (2.6058%); VV (2.6019%); SPYI (2.6012%); XSPI (2.6012%); PTLC (2.5897%); IVV (2.5864%); SPY (2.5845%); VOO (2.5842%); USPX (2.5809%); BBUS (2.5808%); SPYH (2.5723%); XTR (2.5639%); OMFL (2.5614%); GUSA (2.56%); XCLR (2.5552%); VOTE (2.5549%); ILCB (2.5419%); PBUS (2.5296%); JUSA (2.5269%); FHEQ (2.4836%); LGH (2.4766%); DVND (2.4678%); SCHX (2.4658%); UDIV (2.4615%); SPCT (2.4502%); DFUS (2.4386%); IWB (2.4203%); VONE (2.4124%); GEQ (2.4082%); PFDE (2.4078%); IYY (2.4053%); SCHK (2.3958%); SPTM (2.3815%); HELO (2.3771%); NZAC (2.3769%); FELC (2.3701%); APUE (2.3558%); QDPL (2.3511%); GUSE (2.3281%); IWV (2.3145%); VTHR (2.3089%); SCHB (2.2948%); TNXT (2.2938%); ITOT (2.2857%); VTI (2.2688%); DFAU (2.2544%); BUSA (2.2472%); ILCV (2.1973%); ISPY (2.1958%); LCTU (2.1866%); AVSU (2.174%); FYEE (2.1331%); JDIV (2.1211%); TVAL (2.1079%); SFY (2.1013%); INRO (2.0784%); KLMN (2.0751%); MSLC (2.0606%); JPFP (2.0498%); BDGS (2.0447%); HCMT (2.0114%); DFSU (1.9859%); CAPE (1.9644%); HIDV (1.9556%); TOK (1.9394%); KOKU (1.9318%); FBCV (1.84%); URTH (1.8304%); TACU (1.8186%); GSLC (1.7862%); AVUS (1.7775%); TEQI (1.7237%); FEAC (1.72%); TILT (1.7162%); ITAN (1.7049%); DCOR (1.7043%); XXX (1.6969%); VLU (1.6391%); PHDG (1.633%); ACWI (1.604%); CSM (1.5667%); FNDX (1.5334%); AVLC (1.5286%); SPGM (1.5041%); CRBN (1.4785%); SPUT (1.4257%); FNDB (1.4229%); VT (1.4172%); KLMT (1.4001%); BDVL (1.3811%); DXUV (1.1777%); DFAC (1.0824%); EBI (0.866%)
GOOGL,GXPC (32.678%); GOOW (26.027%); TRUC (17.3517%); DARP (14.7434%); VOX (14.403%); FCOM (14.2839%); XLC (13.066%); IXP (13.0335%); LSGR (12.985%); SEMG (12.1297%); OWN (11.7733%); KQQQ (11.5303%); NUGO (11.5249%); PGRO (10.6377%); CBOT (10.5672%); CARK (10.1805%); TGRT (9.9665%); MFSG (9.9507%); CMAG (9.7849%); PJFG (9.7249%); XDAT (9.6546%); GSGO (9.4236%); NBGX (9.4151%); TLG (9.196%); CLCG (9.1754%); LRND (8.9969%); ABIG (8.9028%); ATFV (8.8056%); TGRW (8.7286%); HFGO (8.6284%); QDVO (8.6242%); FFOG (8.5008%); RND (8.4639%); PRCS (8.43%); FDCF (8.3769%); FBCG (8.3052%); LDRX (8.295%); DRUP (8.2649%); SQS (8.1076%); QGRW (8.034%); GROZ (7.9172%); VUSG (7.7923%); ZECP (7.6879%); GRW (7.5979%); VSLU (7.5358%); XLSR (7.5222%); GDE (7.5096%); WINN (7.4971%); TFGZ (7.4528%); TAOZ (7.4061%); IGPT (7.369%); CDEI (7.3285%); WRND (7.1529%); JHDG (7.0769%); HBTA (7.0056%); JGRW (7.0002%); SEIM (6.9991%); VNSE (6.9085%); FAI (6.8223%); SROI (6.7564%); AMGR (6.7175%); TOPT (6.6989%); FLCG (6.6963%); FEPI (6.6724%); TIME (6.6421%); FELG (6.5955%); BEEX (6.562%); WAMA (6.558%); NTSX (6.531%); PJUS (6.5266%); FDLO (6.5241%); XOVR (6.5218%); INFO (6.4696%); IWY (6.3721%); HEMI (6.3644%); RKSG (6.2429%); EPS (6.2274%); TSEL (6.197%); IWF (6.1699%); AFLG (6.1658%); TEC (6.1649%); VONG (6.1535%); BRES (6.1452%); HIS (6.1367%); SUSL (6.1145%); USSG (6.0878%); VLLU (6.0763%); OGIG (6.0363%); SPIN (6.0109%); RAUS (6.004%); PRVS (5.985%); DSI (5.9753%); SPYG (5.9029%); IVW (5.9012%); SXQG (5.9%); MGK (5.894%); BRNY (5.8911%); VOOG (5.8905%); SCEP (5.8695%); IYW (5.8485%); USMC (5.7959%); FVAL (5.7857%); CCOR (5.776%); VUG (5.739%); RGEF (5.7134%); SFTY (5.7106%); STOX (5.7065%); GQI (5.6702%); FDRR (5.667%); OUSA (5.6617%); FQAL (5.6612%); CABZ (5.6383%); CVLC (5.6263%); IUSG (5.6023%); JHAC (5.5996%); MUSQ (5.5856%); SOCL (5.5532%); FDN (5.5518%); FDND (5.5413%); HDUS (5.5336%); NPFE (5.5239%); SPUS (5.5148%); FLRG (5.5126%); IQSU (5.5041%); NELS (5.449%); TOV (5.4216%); EGUS (5.3828%); LCAP (5.3822%); FLCC (5.3701%); HLAL (5.3603%); HAPI (5.3545%); IOO (5.3173%); LCDS (5.3075%); FDMO (5.2962%); QLTY (5.2832%); EQL (5.2658%); JOYT (5.2658%); GGUS (5.2613%); EFIV (5.2496%); SNPE (5.2448%); GFGF (5.242%); SPXT (5.2332%); ROCY (5.2162%); WCMG (5.1858%); HGRO (5.1836%); MMTM (5.1804%); TEKY (5.1639%); XLG (5.1528%); BGRO (5.1429%); CHAT (5.1119%); SCLZ (5.1028%); HQGO (5.0445%); AQLG (5.0296%); RFFC (4.997%); LGRO (4.9429%); ILDR (4.9171%); CRTC (4.8934%); CGGE (4.8831%); KRMA (4.8804%); PLGI (4.867%); SEPI (4.8639%); WOMN (4.8593%); GSPY (4.8343%); BLCR (4.8151%); PEXL (4.7933%); AIFD (4.7785%); EAGL (4.695%); YOKE (4.6657%); AIUP (4.6462%); IVES (4.6229%); XIGV (4.6039%); ONEQ (4.5631%); BKLG (4.5594%); FLCV (4.5585%); NBCR (4.5568%); CAML (4.5294%); AIX (4.5284%); OEF (4.5276%); GLBL (4.5226%); SNPG (4.5225%); AFOS (4.4914%); NACP (4.4626%); USMD (4.452%); IGM (4.4443%); SCHG (4.4001%); BAY (4.3958%); THRO (4.3925%); LGDX (4.3842%); GPIX (4.3838%); QRFT (4.365%); TCAF (4.3463%); JGLO (4.3307%); BDIV (4.2968%); QTOP (4.281%); DEMZ (4.2515%); SPMO (4.205%); SEMI (4.2038%); BAMG (4.1865%); CLOD (4.1412%); QLC (4.1341%); PRXG (4.1189%); XPND (4.1172%); CSTK (4.0713%); FMAG (4.0536%); DIA (4.0453%); BAFE (4.0351%); STXG (4.0271%); AVOS (4.0258%); BUYZ (4.0152%); LSVD (3.9953%); USCL (3.981%); MGC (3.9649%); PEVC (3.9632%); KOOL (3.9573%); XAIX (3.9568%); USCA (3.9525%); USMF (3.9469%); GIAX (3.8636%); FBCV (3.8585%); IUS (3.8463%); AOTG (3.8431%); SFYF (3.8375%); USNZ (3.8325%); CGVV (3.8096%); CGDV (3.807%); SAWG (3.7936%); TECB (3.7831%); SPXN (3.7571%); TACU (3.7562%); FLQL (3.7488%); IWL (3.747%); CARZ (3.7254%); PRF (3.7187%); AVUQ (3.7015%); SWP (3.6985%); SKYY (3.6842%); FYEE (3.6669%); TGLR (3.6666%); GUSE (3.6643%); XVV (3.652%); FELC (3.6477%); VEGN (3.6227%); GQQQ (3.6207%); ILCG (3.6165%); LCLG (3.6107%); ENHU (3.5864%); GPIQ (3.5675%); ESGV (3.5643%); SPXV (3.5629%); AAEQ (3.5545%); THMZ (3.5524%); YLDE (3.5208%); AIEQ (3.5162%); PHEQ (3.5133%); TUG (3.4929%); FHEQ (3.48%); JUST (3.4696%); FEUS (3.442%); AGIX (3.4419%); KLMN (3.4034%); HIDV (3.3793%); MODL (3.3756%); TEK (3.3693%); SPYX (3.3582%); DVVY (3.3555%); SPXE (3.3455%); SGLC (3.3263%); QQQI (3.3183%); XQQI (3.3183%); MILN (3.3132%); QRMI (3.3097%); VV (3.3034%); HELO (3.3029%); AAUS (3.3018%); PVAL (3.2881%); GSUS (3.2861%); CHRI (3.2784%); LQAI (3.277%); XRMI (3.2766%); OALC (3.2747%); QQQH (3.274%); CATH (3.2698%); JUSA (3.269%); QIDX (3.2671%); SPYI (3.267%); XSPI (3.267%); QNDX (3.2661%); PTNQ (3.266%); QQWZ (3.265%); QQQM (3.2605%); QQQ (3.2593%); PTLC (3.248%); IVV (3.2455%); PRAY (3.2445%); USPX (3.2439%); SPY (3.2429%); BBUS (3.2428%); VOO (3.2427%); SPYH (3.2416%); PBUS (3.2229%); XTR (3.2206%); TUGN (3.2185%); QTR (3.2165%); PFDE (3.2134%); VOTE (3.2103%); XCLR (3.209%); QCLR (3.2052%); BGDV (3.1956%); ILCB (3.194%); DFVX (3.1918%); BKLC (3.1852%); OMFL (3.1714%); CGUS (3.1649%); CGGO (3.1574%); IETC (3.1532%); GSLC (3.1395%); WTAI (3.1339%); PEPS (3.1332%); LRGE (3.1317%); AAUA (3.1224%); UDIV (3.1179%); ONOF (3.1085%); SCHX (3.0801%); QGRO (3.0753%); PJFV (3.0625%); CGGR (3.0623%); BALI (3.0608%); IYY (3.0193%); GEOA (3.0112%); MSLC (3.0092%); IWB (3.0%); VONE (2.9952%); SCHK (2.9924%); SPTM (2.9915%); APUE (2.9855%); DFUS (2.9779%); GUSA (2.9738%); QDPL (2.9502%); QQMG (2.9345%); FFND (2.9294%); BRCE (2.8864%); VTI (2.8813%); LGH (2.8712%); VTHR (2.8703%); IWV (2.8688%); SCHB (2.8661%); ITOT (2.8628%); INRO (2.8594%); LCTU (2.8143%); FEAC (2.7865%); FCPI (2.7853%); TSPA (2.7807%); IQQQ (2.7742%); ILCV (2.7613%); ISPY (2.7554%); DFAU (2.7455%); AVSU (2.7402%); EQRR (2.7196%); SSUS (2.6854%); DRIV (2.6675%); VUSV (2.6574%); JHML (2.648%); DYNF (2.611%); VUSE (2.5838%); SUSA (2.5806%); TNXT (2.5736%); JPFP (2.5632%); EBI (2.5605%); QQA (2.5457%); HCMT (2.5239%); AQLT (2.5101%); QDEF (2.5006%); CAPE (2.4708%); TOK (2.4708%); KOKU (2.4634%); DFSU (2.4537%); XCHG (2.3789%); URTH (2.3296%); KLMT (2.2964%); SFY (2.2619%); AVUS (2.2115%); BMVP (2.2084%); LST (2.1872%); CRBN (2.1789%); ESGU (2.1628%); DCOR (2.1605%); TILT (2.1529%); TEQI (2.1351%); XXX (2.1304%); RDVI (2.1251%); RDVY (2.1231%); QLV (2.0842%); VMAX (2.0721%); PHDG (2.0494%); ACWI (2.0444%); CSM (2.0336%); QARP (2.0305%); FDVV (2.0187%); JVAL (1.9722%); AVLC (1.971%); JQUA (1.9484%); JMOM (1.9287%); FNDX (1.9208%); ISHP (1.9191%); SPGM (1.8088%); VT (1.8069%); GINN (1.7881%); FNDB (1.7823%); VUS (1.7414%); GEQ (1.7365%); DFAC (1.7146%); ITAN (1.7065%); SPUT (1.6584%); NZAC (1.577%); DFAL (1.5754%); JEPI (1.5061%); DXUV (1.3906%); ROUS (1.3783%); CGNG (1.2467%); QWLD (1.1676%); VFMO (0.8941%)
GOOY,AMAX (1.2706%)
GOTO.JK,EIDO (3.7736%)
GOVT,MSMR (40.2676%); IRTR (24.7393%); ITDC (14.0387%); ITDB (13.2067%); ITDD (8.5819%); ITDE (4.1569%); ITDF (0.3369%)
GPC,RSPD (2.4704%); SDOG (2.3193%); VSDA (2.1382%); TMDV (1.7536%)
GPCR,WDNA (2.1178%)
GPI,RWJ (1.2225%)
GPN,IPAY (4.6663%); BPAY (4.0492%); FINX (3.8249%); ABCS (1.7434%); RSPF (1.4976%); MMID (1.497%)
GPOR,ZIG (3.4835%)
GRAB,OND (4.9952%); FMQQ (4.7685%); TOGA (4.7212%); EWS (4.6914%)
GRAL,CBSE (2.8489%)
GRBK,ALIL (3.5905%); HOMZ (1.6428%)
GRC,SAWS (2.7848%); TMDV (1.6831%); SMDV (1.0638%)
GRDN,SAWS (2.8284%)
GRID,GDMA (1.9998%); RAAX (1.5573%)
GRMN,UFO (4.8769%); SNSR (4.6216%); AIEQ (4.2374%); DIPR (4.1029%); KNO (2.3867%)
GROWW.NS,INQQ (4.7257%)
GRPN,XRT (1.777%)
GRRR,WISE (5.4846%); FITE (1.5746%)
GRT-UN.TO,ISVL (0.9123%)
GRT.JO,DGS (1.2238%)
GRUPOARGOS.CL,COLO (3.3123%)
GRUPOSURA.CL,GVAL (1.6107%)
GS,IAI (20.6176%); DIA (11.4482%); KBWB (7.3521%); UDOW (6.251%); LGCF (5.6766%); CTIF (5.2416%); DJD (5.0675%); NYNY (4.6823%); TGLR (4.6246%); DIVO (4.5946%); NITE (4.3864%); IYG (4.3462%); TFNS (4.1654%); SEPI (4.0688%); BOUT (3.9657%); XLF (3.9252%); IYF (3.9019%); DVGR (3.8044%); PFI (3.7884%); FNCL (3.5005%); PWV (3.315%); EQIN (3.2406%); VFH (3.1889%); GROZ (2.9951%); HIS (2.8272%); NUDV (2.6312%); IXG (1.9904%); TRUF (1.6326%); STXV (1.4791%)
GSAT,ORBX (5.5718%); WARP (4.7696%); MARS (4.3301%); ARB (2.5009%); EQAL (0.4131%)
GSBD,KBWD (3.5533%)
GSK,GSKH (97.6049%); PPH (4.424%); KEAT (3.9971%); DIVY (3.5556%); IDVZ (3.2442%); GMOI (2.6623%); AQEC (1.9534%)
GSK.L,SCHY (4.193%); EWU (3.4429%); FLGB (3.1665%); GCOW (2.085%); MOTG (1.9894%); NBIE (1.4077%); SEIE (1.2178%); RINT (0.8771%)
GSL,SEA (4.0287%)
GSPD,PFFV (2.8248%)
GTES,NBSM (2.2192%)
GTLS,EVNT (4.3048%); ARB (2.7328%); AUSF (1.5074%)
GTT.PA,ASCI (3.0364%); SCHC (0.3041%)
GTX,PEZ (3.4384%); LST (1.6049%); ROSC (1.5494%); SYLD (1.0783%); FYC (0.9835%); VIDI (0.9423%); EES (0.7593%); SYZ (0.7576%); FYX (0.5265%)
GTY,NETL (4.0216%); SRET (3.8217%); WDIV (1.6027%)
GULF-R,THD (4.2277%)
GVA,SAWS (2.619%); FSCS (1.2656%)
GVAL,GMOM (12.5436%); TRTY (8.4374%); GAA (7.0191%); ENDW (5.5431%)
GVMXX,CERY (94.4849%); ALLW (18.6645%); HYBL (5.0463%); DECO (4.9564%); KRBN (4.1112%); TEKX (4.1064%); HECO (4.0741%); YLD (3.459%); PIEQ (3.3526%); KCCA (3.2074%); SRLN (2.9638%); TGLB (2.5721%); IG (2.4769%); TOTL (1.2458%)
GWO.TO,FICS (2.4511%); RODM (1.0194%); TPIF (0.6406%)
GWW,CTIF (5.8525%); SEMG (5.0431%); BMVP (2.2174%); KNG (1.6364%); NOBL (1.6233%); MMID (1.543%); FLQM (1.0774%); CVMC (0.5132%)
GXO,TMFM (4.6249%); CCFE (4.2233%); TMFS (4.1005%); XTN (2.6101%)
H,RONB (4.4172%); MMID (1.3815%)
H.TO,JSTC (0.9705%); IDLV (0.7121%); TPIF (0.6015%)
HAE,NBSM (1.9371%)
HAFNI.OL,DDLS (0.6437%); DLS (0.6428%)
HAL,OIH (6.4633%); PXJ (4.7976%); IEZ (4.2974%)
HAL.AS,PSP (4.9764%)
HAL.BO,WDAF (6.9887%); GLIN (4.3432%)
HALO,LSAT (3.4905%); SCAP (3.2284%); FFOX (3.1967%); GRPM (2.2558%); FFND (1.6252%); RNIN (1.3839%); ROE (1.077%)
HAP,RAAX (1.4488%)
HAPN,BPAY (3.7684%)
HARD,USAF (3.2256%)
HAS,DON (0.9258%); DUSG (0.615%)
HASI,PWRZ (6.5794%); ACES (5.4163%); RSMC (3.7992%); TAN (3.6839%)
HAUTO.OL,SEA (3.7983%); DFE (2.5842%); SDIV (1.2671%); DLS (0.72%); DDLS (0.7191%)
HAWX,MVFG (4.1557%)
HAYW,ACSG (0.7771%)
HBAN,IAT (4.5093%); CVGD (3.584%); ELCV (3.1326%)
HBM.TO,PWER (5.6663%); COPX (5.6178%); MGNR (4.4851%); COPA (4.335%); COPP (4.2859%); METL (3.9211%); SCAP (3.1366%); AVDV (0.5291%); DFIS (0.3746%); SCHC (0.3594%); VSS (0.2591%)
HCA,BUL (5.039%); IHF (4.4857%); USFE (3.1901%); PKW (3.1274%); COWZ (2.1525%); VFMF (0.8674%)
HCC,COAL (11.0953%); WAGN (9.8561%); CDIG (4.5503%)
HCI,SIXS (2.126%)
HCSG,ABLS (3.7872%); CVAR (2.9635%)
HD,IEDI (10.2775%); DOGG (6.0827%); XLY (5.8215%); GXPD (5.7599%); RTH (5.543%); PKB (5.1698%); VCR (5.1268%); FDIS (5.1244%); HDV (4.9585%); RXI (4.9364%); FLAG (4.8911%); DJD (4.8503%); SCHD (4.4941%); ITB (4.4414%); IYC (4.273%); OUSA (4.1463%); DIA (3.9922%); DIVZ (3.8567%); EQIN (3.7816%); EDOW (3.596%); SPDG (3.3988%); ELCV (3.3055%); VDIG (3.3029%); HOMZ (3.0668%); MILN (3.054%); DGRW (2.8075%); LVHD (2.4693%); DGRO (2.3339%); POWA (2.2273%); EMOT (2.1475%); PTL (2.1379%); TRUD (2.1211%); PY (1.844%); VYM (1.4539%); PRXV (1.4372%); EVUS (1.2805%); SPYV (1.2112%); IVE (1.2094%); VOOV (1.2051%); IUSV (1.1404%)
HDB,OSEA (3.9128%); AGEM (2.7942%); EMES (2.2191%); FFEM (1.7044%); XCEM (0.9192%)
HDB.VN,KPHO (7.9466%)
HDFCAMC.BO,EMDV (2.2988%)
HDFCBANK.NS,INDY (11.1201%); NDIA (8.0805%); INDH (7.7383%); INDE (6.8941%); INDA (6.5177%); IND (5.9171%); FLIN (5.6223%); EPI (5.0125%); GIND (3.7194%); INDZ (3.1704%); XC (2.3417%); BKF (2.2905%); RFEM (2.0999%); EMDM (1.7863%); EMCS (1.7342%); EMXF (1.5898%); STXE (1.5613%); QLVE (1.3319%); VEXC (1.2236%); XCNY (1.0504%); GMF (0.975%); ESGE (0.959%); SCHE (0.9134%); EMXC (0.9043%); XSOE (0.8838%); REMG (0.8608%); SPEM (0.8302%); VWO (0.7879%); BKEM (0.7197%)
HDV,MSMR (15.143%); FDAT (7.9348%)
HEI,RW (6.7132%); GRW (4.6712%); MISL (4.4152%); CWS (4.3637%); DVGR (3.6452%); ROKT (3.3921%); XAR (2.8575%); QIDX (2.653%); POWA (2.3171%); MAGA (0.8678%)
HEI-A,KMID (4.0776%); BBHM (4.0716%)
HEI.DE,BCIL (3.5633%); IPAV (2.9529%)
HEIA.AS,EWN (2.2303%)
HEINY,GKAT (3.7705%)
HEIO.AS,FPAG (3.4234%); BINV (2.072%)
HELP.NE,PSIL (4.3593%); QQQS (0.7166%)
HEN,BINV (2.3433%); QINT (1.0481%)
HEN3.DE,UIVM (0.9092%)
HEROMOTOCO.NS,INDQ (4.4227%)
HESM,AMLP (8.9342%); MLPA (8.5867%); BKGI (7.3174%); AMZA (4.9701%); FCG (4.8269%); RISN (3.1273%)
HFSI,LOTI (2.8519%)
HGER,ARP (30.817%); EDGH (22.473%); FARX (15.0331%)
HGT.L,PEX (3.6814%)
HGV,BEDZ (4.7973%)
HHH,OASC (1.6675%)
HHPD,NSI (3.167%)
HIG,IAK (4.0561%); ONEV (0.7493%)
HIGPG,EPRF (3.8814%)
HII,CVSM (2.3147%)
HILS.L,ASCI (2.9988%)
HIMS,THNR (5.5711%); GLAM (5.2867%); HEAL (4.856%); IBUY (3.0397%); XHS (2.0167%); PSC (1.3077%); QSML (0.6916%)
HIMX,KOMP (1.0596%)
HINDALCO.NS,EPI (2.3557%)
HITI.V,MJ (3.4216%)
HIW,DESK (4.3987%); KBWY (3.994%); WDIV (1.7311%); RIET (1.7101%); BLDG (1.6961%); FYT (0.801%); GYLD (0.7978%)
HL,SLVP (13.6354%); SILJ (9.6061%); GOEX (5.3477%); SIL (4.8268%); XME (4.5909%); GDXJ (2.6037%); GRPM (2.4344%)
HLT,PEJ (4.7172%); GRW (3.7625%); WNDR (3.5225%); YUNG (3.4294%); PEZ (3.3763%); PVAL (2.8391%); IWLG (2.3996%); IEDI (1.6957%)
HMC,GPT (2.2906%)
HMN,SIXS (2.5063%); XSLV (1.097%); SMLV (0.6249%)
HMY,GOAU (3.9559%)
HNGE,XHS (2.1611%); TMAT (2.0557%)
HNI,SMDV (1.1717%)
HO.PA,XDEF (4.2917%); SHLD (3.6931%); WDGF (3.666%)
HOC.L,EPU (3.3166%)
HOG,FXD (1.613%)
HOLN.SW,FSZ (3.7346%); BCIL (3.7102%); IPAV (3.016%); EWL (2.503%); FLSW (2.4108%)
HON,GCAD (4.2174%); VDIG (4.0609%); EDOW (3.4773%)
HONA,PPA (4.4602%); EQWL (1.1185%)
HOOD,FINX (7.7275%); ARKW (5.8428%); IAI (4.9164%); HECO (4.7321%); DECO (4.7015%); TEKX (4.6644%); FMKT (4.6205%); ARKK (4.4943%); KYC (4.1186%); AOTG (4.0144%); GENZ (3.9971%); BPAY (3.9155%); HOOW (3.5866%); XOVR (3.5539%); GRNY (2.9501%); SPHB (1.9558%); ALTL (1.9545%); KCE (1.8531%); IWP (1.7458%); VOT (1.7391%); RSPF (1.4972%); IMCG (1.0319%); MAGA (0.8907%); VO (0.7647%); IWR (0.556%)
HOT.DE,FGM (6.1107%); BCIL (4.0417%); FPXE (2.9019%); FEUZ (1.3606%); FEP (1.0446%)
HPE,RVER (12.2072%); ADPV (4.323%); KNGZ (4.2855%); NUMV (2.7286%); AMID (2.5845%); NULV (1.8843%); ABCS (1.4288%); MCDS (1.0442%); JHMM (0.6046%); IWS (0.5857%); CVMC (0.5198%)
HPEPC,SPFF (5.3722%); PFXF (4.3285%); PFFD (2.5341%); CVRT (1.7734%); PFF (1.6248%)
HPG.VN,VNAM (6.3482%); VNM (4.7631%); KPHO (3.8581%)
HPOW.L,HYDR (2.8958%)
HPP,ISMD (0.4076%)
HPPPC,PFFR (2.4906%)
HPQ,WBIY (5.3468%); KNGZ (4.086%); WLDR (3.5454%); FCFY (3.0503%); DIVG (2.3154%); DIVB (2.183%); DVY (1.6835%)
HQ,QTUP (7.669%); CQTM (7.1427%); QTUM (2.3814%)
HQH,YYY (3.6238%)
HQY,TMFM (5.0574%); TMFS (3.9748%); SMCO (2.17%); IVSS (1.5175%)
HR,SRET (3.9385%); ADPV (3.8885%)
HRB,ZIG (3.7157%); LSAT (3.5113%); MDPL (3.5028%)
HRI,TMFS (4.126%); SCAP (4.001%)
HRL,VSDA (3.4533%); RSPS (3.0579%); POWA (2.345%); SNPD (1.9956%); KNG (1.6452%); NOBL (1.6318%)
HRMY,ABLS (3.5465%); FSGS (1.2011%); ROSC (1.0378%)
HRZN,VPC (3.9299%)
HSAI,CABZ (4.2538%)
HSBA.L,PBEU (15.1166%); EWU (10.5411%); FLGB (9.8396%); EUFN (9.4498%); OAIM (4.5523%); IDMO (4.4721%); OEFA (4.0693%); RFDI (3.2134%); DTH (3.174%); EFV (3.0566%); EASG (2.8527%); IMTM (2.6188%); BBEU (2.3861%); VDI (2.3366%); IEV (2.32%); FHIL (2.2193%); FLEE (2.1833%); IXG (2.1811%); DBEU (2.1391%); IVLU (2.1209%); IEUR (2.0819%); VGK (2.0494%); SEIE (2.0079%); SPEU (2.0076%); DOL (2.0043%); IQDY (1.9271%); GSEU (1.8694%); WIMA (1.8663%); JIVE (1.8533%); NTSI (1.8526%); VYMI (1.7667%); CEFA (1.751%); DWM (1.7095%); DDWM (1.6867%); EFAX (1.6271%); BBIN (1.517%); EFA (1.5049%); ENHI (1.4859%); ESGD (1.4809%); DEW (1.4713%); GSID (1.4597%); DIVI (1.4505%); HOLA (1.4144%); DBEF (1.398%); JIRE (1.3885%); PTIN (1.368%); PABD (1.3532%); LCTD (1.3295%); IEFA (1.2921%); BKIE (1.2814%); DWMF (1.2748%); PXF (1.2439%); PRXI (1.2388%); HFXI (1.2028%); EFAA (1.1717%); RINT (1.1519%); IDEV (1.134%); SCHF (1.0967%); TLTD (1.0893%); INTF (1.0794%); CVIE (1.0712%); FNDF (1.0711%); DFAI (1.0694%); GSIE (1.0606%); JHMD (1.0524%); VEA (0.9931%); TIER (0.9852%); SPDW (0.9693%); CWI (0.9428%); ACWX (0.8745%); GXUS (0.8419%); DBAW (0.8254%); VEU (0.792%); IXUS (0.7593%); VXUS (0.72%); JPIN (0.4467%)
HSBC,GSIB (3.5982%); DFIV (1.2292%); AVSD (1.065%); APIE (0.9419%); AVDE (0.835%); DFIC (0.4596%)
HSIC,CWS (4.4373%)
HST,ADPV (3.8324%); REIT (3.6349%); SPDV (2.3858%); FTIF (2.2482%); GQRE (2.0648%); SPYD (1.5131%); VRAI (1.3031%); NUSC (0.9814%); ISCV (0.518%)
HSX.L,FDFF (3.9461%); EWUS (1.7364%); AVDS (0.2696%)
HSY,PBJ (4.6796%)
HTD,FCEF (3.2246%)
HTGC,FBDC (10.68%); PBDC (7.8322%); LBO (5.1971%); PEX (4.6435%); HYIN (3.5082%); BIZD (3.0895%)
HTHIY,FHIL (1.8046%)
HTHT,BEDZ (4.6525%); PGJ (4.0414%)
HTO.AT,GREK (4.0581%)
HUBB,CTIF (5.4275%); FCTE (5.013%); TEKX (4.4057%); SMIG (4.0091%); GRID (2.6147%); GPT (2.5582%)
HUM,ACSI (4.8772%); IHF (4.6813%); FXH (4.6522%); EAGL (4.0359%); YUNG (3.8474%); TGLB (2.9027%); SRHQ (2.621%); RPV (2.4622%); FCTR (2.2424%); CZA (2.2217%); SAGP (2.0427%); CVAR (2.0054%); FTA (1.5698%); FMDE (0.9456%); FLDZ (0.889%); FAB (0.7703%); ONEO (0.4662%)
HUT,NODE (6.1037%); DAPP (4.8199%); FFTY (3.311%); BKSE (0.494%); RSSL (0.3705%); IWM (0.3691%); VTWO (0.3622%); ITWO (0.318%); HDG (0.0549%)
HWC,QABA (2.4437%)
HWKN,PSCM (4.0246%); BCUS (3.4742%)
HWM,BELT (9.0237%); KYLD (5.5743%); JXX (5.1458%); NATO (4.8313%); AV (4.826%); FMKT (4.7866%); ITA (4.4973%); PPA (4.1999%); TLG (4.153%); MISL (3.9127%); WR (3.3527%); PAVE (3.2465%); CAML (2.7397%); VOT (2.3579%); JEPI (1.6889%); BDVL (1.2782%); VO (1.0369%); FMDE (0.9615%); VFMO (0.8633%)
HXL,BZZ (5.438%); TINT (5.174%); GCAD (4.5945%); ROKT (3.3296%); EPMB (2.3487%); ACSG (0.7855%)
HYBB,FPAA (1.7485%)
HYDB,BAMY (20.032%); FARX (4.5022%)
HYDR,GXDW (17.2452%)
HYG,HYTR (29.9867%); RMIF (16.6064%); DRAI (13.5938%); USLN (3.9698%); BINC (1.2816%); HYGM (1.0009%)
HYLB,HYBI (32.2775%); THY (22.3892%); RMIF (16.5849%); TBFC (9.2988%); TBFG (4.7461%)
HYLS,MDIV (19.6921%); LDSF (11.9553%); HISF (10.0005%)
HYMB,DUKH (10.1518%); DUKZ (10.0757%)
HYMC,SILJ (4.3075%)
HYNSE,NVPS (13.0232%); TRFK (7.4336%)
HYS,XFLX (9.9285%)
HYT,PCEF (2.383%)
HZO,XRT (1.5182%); RZV (1.4003%)
IAG.L,ICOW (1.9436%); JPIN (0.4545%)
IAGG,AOK (10.4867%); AOM (8.9464%); AOR (5.9084%); AOA (2.9254%)
IART,NIXT (0.7846%)
IAU,MAMB (5.5607%)
IAUM,USAF (7.5823%); LENS (5.7009%)
IBB,FDAT (4.1421%); GLOW (3.4161%); LCR (3.1647%)
IBDR,PLGI (3.0163%)
IBDU,DRSK (9.9861%); KNOW (1.6928%)
IBDV,DRSK (8.8999%); KNOW (1.6844%)
IBDW,DRSK (10.4113%); KNOW (1.6881%)
IBDX,DRSK (10.7965%); KNOW (1.6928%)
IBDZ,DRSK (4.0665%)
IBE.MC,EWP (14.4631%); SMOG (8.4226%); JXI (6.7694%); HAP (4.2242%); GII (4.1715%); IGF (4.1598%); VCLN (3.8306%); HDEF (3.7179%); BLDX (3.5697%); OEFA (3.3427%); FEZ (3.0923%); VIGI (2.7956%); NFRA (2.4627%); EUDV (2.4117%); IDMO (2.2211%); IGRO (2.1923%); PTEU (2.1281%); FLEU (2.1213%); EZU (1.9668%); DBEZ (1.7%); QLVD (1.6964%); VDI (1.6693%); EFAV (1.6645%); CGDG (1.6021%); FENI (1.2135%)
IBHF,PLGI (4.0714%)
IBIT,AMAX (6.0249%); GOP (2.6733%); GLDB (0.1711%)
IBKR,PFI (5.1823%); FMKT (4.5753%); BCFN (4.4627%); IAI (3.7121%); KONG (3.6736%); RONB (3.5148%); TSCM (3.2356%); PRAY (3.2247%); BIBL (3.1665%); WCMG (3.0731%); WBIF (2.259%); TMFX (1.8065%); SDVY (1.0075%); SDVD (1.0073%); SMLF (0.7932%)
IBM,TDVI (8.102%); TDIV (8.0964%); DJD (6.2303%); PTNT (5.5405%); DIVB (5.0032%); SPDG (4.7651%); CQTM (4.6216%); FTCE (4.5557%); NXTE (4.0726%); DIVP (4.0326%); ACEP (3.7858%); SKYY (3.7026%); WQTM (3.5542%); KNGZ (3.4803%); NXTI (3.4451%); MDLV (3.3023%); SWP (3.2678%); PABU (2.8679%); EQIN (2.827%); NUDV (2.6971%); RFDA (2.6408%); CLCV (2.4373%); WOMN (2.3385%); PEVC (2.2444%); VALQ (2.1317%); ITAN (1.8229%); NULV (1.7596%); LEGR (1.4245%); SSPY (1.0711%); FVD (0.4354%)
IBN,NDIA (8.0841%); EMOP (3.3974%); GEME (3.2699%); EMC (2.2266%); XCEM (0.87%); AVXC (0.5449%)
IBOC,QABA (1.9032%); SQLV (0.6762%)
IBP,XHB (3.58%); QSML (0.6346%)
IBRX,RVER (7.0261%); BUZZ (3.6953%); CBSE (3.1268%); CBLS (2.9468%); BBP (1.6521%)
IBTH,BAMA (13.7397%)
ICE,IAI (4.0248%); INFL (3.6967%); EQTY (3.5462%); RUNN (1.9063%)
ICG.L,GPZ (4.4072%); EWUS (1.3366%)
ICHR,PSI (3.6398%); RZV (3.001%)
ICICIBANK.NS,INDY (8.9523%); INDH (7.065%); GIND (5.9782%); INDE (5.6242%); INDA (5.5851%); EPI (5.3787%); IOPP (5.2842%); IND (4.8021%); FLIN (4.5106%); PEMX (2.149%); XC (1.9148%); RNEM (1.903%); BKF (1.8459%); STXE (1.2946%); VEXC (0.9852%); XCNY (0.8348%); SCHE (0.7369%); VWO (0.6344%)
ICLN,EZRO (11.4741%)
ICLR,EIRL (6.4594%); CDIG (6.4532%); BAIV (4.9116%); TLCI (4.2859%); BASV (3.0289%); BUSA (2.113%); WWJD (0.7777%)
ICOW,HERD (19.0698%)
ICSH,TSPX (13.2414%)
ICT.XPHS,EPHE (25.0265%); TMFG (6.6829%); ASEA (2.787%); RFEM (2.3115%); DGRE (1.4233%)
ICVT,DUKZ (10.1358%); QVOY (4.9671%); QAI (4.1541%)
IDA,UTES (4.6232%); LOPP (3.3849%); SMCO (2.2602%); CSB (1.9528%); XMLV (1.6246%); HSMV (1.5911%); SMMV (1.2822%); TPSC (0.4831%)
IDCC,DAT (4.9559%); BCUS (4.1608%); RSMC (2.6482%); GRPM (2.5425%); IVSS (1.5134%)
IDEA.BO,DGIN (4.4272%)
IDEV,INTL (36.9525%); ITDH (25.6693%); ITDI (25.6693%); ITDJ (25.6693%); ITDG (25.3763%); ITDF (23.944%); AOA (22.3048%); ITDE (21.3671%); ITDD (18.5124%); AOR (16.8932%); ITDC (15.7773%); ITDB (12.4761%); AOM (11.3687%); IRTR (8.9513%); AOK (8.5666%)
IDR.MC,ARMY (3.8611%)
IDXX,PAWZ (9.3992%); PHO (6.1763%); PFOE (4.8219%); IHI (4.2706%); PIO (3.6365%); NUMG (2.9078%)
IE,COPJ (3.7331%)
IEF,JOJO (20.0788%); MAMB (13.7872%); DRAI (13.6454%); TDSC (13.0349%); TDSB (8.9918%); LALT (7.4753%); WTBN (7.2411%); ROMO (0.0845%)
IEFA,NIHI (98.3794%); OVF (75.0229%); ASGM (55.7931%); ROMO (34.2993%); BAMA (10.288%); NDAA (10.2036%); MOOD (8.4182%); AAAA (6.996%)
IEI,WTBN (16.8089%); TDSB (8.915%); OCIO (3.8907%)
IEMG,ASGM (28.5413%); OVF (25.3365%); BINT (21.3377%); INTL (19.7616%); NDAA (12.7605%); MAPP (12.1602%); ITDH (12.1238%); ITDI (12.1237%); ITDJ (12.1237%); ITDG (11.9251%); BAMA (11.3301%); ITDF (11.3014%); ITDE (10.1145%); AOA (9.0428%); ITDD (8.6814%); AAAA (7.659%); ITDC (7.4152%); AOR (6.8488%); ITDB (5.9239%); AVOS (4.7418%); BGCG (4.6568%); AOM (4.6091%); IRTR (4.2552%); AOK (3.473%); GINX (3.0223%); SEEM (2.1704%)
IEP,MDIV (1.5362%)
IESC,CWS (7.4702%); ALIL (3.9873%); SSMG (2.5858%); FSGS (1.365%); FLDZ (0.6505%); DUSG (0.6454%); FNX (0.4997%); DFAS (0.2583%)
IEUR,GLOW (15.0201%); ELM (4.5195%)
IEUS,EDGI (6.031%)
IEX,TBLU (3.9744%); FIW (3.9293%); FTDS (2.1979%)
IFF,GLAM (5.2165%); FPAG (3.6357%); BSMC (2.7053%); ANEW (2.1131%); QDIV (2.0998%)
IFNNY,TTEQ (2.4916%)
IFS.LM,OTGL (3.4482%); EPU (3.142%)
IFT.NZ,ENZL (12.3876%)
IFX.DE,EWG (6.4494%); DAX (6.2341%); FLGR (6.1021%); MOTO (5.6621%); FDRV (4.6396%); UMMA (4.0386%); VNIE (3.432%); KOID (3.2716%); VCLN (3.1008%); GTEK (2.8472%); LEGR (2.523%); DRIV (2.4723%); IMOM (2.0678%); JIG (1.8038%); SROI (1.6619%); WWJD (0.9897%); AVSD (0.63%); DFIC (0.5128%); BLES (0.4734%)
IG.MI,BKGI (3.4629%); IVSX (1.861%)
IGEB,FOPC (15.9982%)
IGF,ITDD (2.1979%); ITDC (1.9337%); ITDE (0.9548%)
IGG.L,FKU (2.3533%); EWUS (1.7104%); COPY (1.4153%); ISVL (1.1146%); SCHC (0.307%)
IGIB,XFLX (9.7045%); XRLX (5.318%); ITDB (3.4029%); IRTR (2.8335%); CANQ (2.6811%); ITDC (2.6143%)
IGLB,ITDF (3.9926%); ITDD (3.291%); ITDC (3.2843%); ITDE (3.1489%); ITDB (2.5647%); ITDG (1.9599%); IRTR (1.9323%); ITDH (0.9748%); ITDI (0.9747%); ITDJ (0.9747%)
IGLD,THMR (13.1617%); AMAX (10.5265%)
IGM,GLOW (3.3058%); MIGO (3.0055%)
IGO.AX,NIKL (9.5477%); LITP (4.548%); ION (3.6461%); LIMI (3.5639%)
IGRO,DUKX (4.8707%)
IGSB,PCPP (7.964%); ITDB (5.0081%); IRTR (4.1324%); ITDC (3.837%); ITDD (2.3%); ITDE (1.1138%); ITDF (0.4171%)
IHC.AB,QLVE (3.6979%)
IHF,MSSS (10.3285%); HECA (6.3164%); LCR (2.8003%)
IHG.L,TLCI (4.5294%); DWMF (1.6396%)
IHI,MSSS (9.783%); FDAT (5.7895%)
III,WISE (3.4425%)
III.L,PEX (9.4691%); PSP (5.7262%); IMFL (1.2842%)
IIPR,KBWY (6.3181%); NETL (4.1913%); XSHD (4.1334%); SDIV (1.3856%)
IJH,DYTA (14.5033%); AAAA (5.4688%); AOA (2.6149%); AOR (1.9805%); AOM (1.3328%); AOK (1.0043%)
IJR,FGSM (22.7455%); QPX (10.0878%); NDAA (8.1084%); QAI (5.9753%); AAAA (5.6898%); GLOW (5.1122%); AOA (1.2887%); OVS (1.0043%); AOR (0.976%); AOM (0.6568%); AOK (0.4949%)
ILCB,BLUC (19.8567%)
ILF,INTL (9.9516%)
ILMN,EKG (5.0164%); GNOM (4.553%); ARKG (3.9767%); FBT (3.9209%); GNMX (3.7347%); XMHQ (3.6674%); BEEX (3.4958%); IBB (2.0666%); IBBQ (1.86%); ROBT (1.6141%); MIDE (1.0587%); MAGA (0.8471%); XJH (0.8256%); QVMM (0.8112%); PTMC (0.735%); SPMD (0.7324%); IJH (0.7301%); IVOO (0.727%); MDY (0.7104%)
ILU.AX,REXC (4.5658%)
IMG.TO,AUMI (4.8241%); GBUG (4.1276%); SGDM (3.1569%); GDXJ (2.6142%)
IMI.L,EWUS (2.0888%); IEUS (0.6213%)
IMKTA,BSMC (2.8181%)
IMNM,WDNA (2.2588%)
IMO.TO,FEOE (2.8284%)
IMOM,AAVM (29.6157%)
IMP.JO,OBOR (2.502%)
IMTM,DWAW (18.2782%); LEXI (4.2519%)
IMVT,GURU (1.485%)
INCO.JK,NIKL (4.5373%)
INCY,IDNA (3.8565%); QFRD (3.4614%); GNMX (3.0645%); FXH (2.4459%); FTGS (2.299%); FGSI (2.2957%); UPGD (2.239%); SMRI (2.1248%); SAGP (2.0157%)
INDA,MEMA (9.5832%); BDVL (2.7481%)
INDF.JK,EIDO (2.3141%)
INDI,HAIL (1.5686%)
INDIGO.NS,NFTY (2.071%)
INDUSTOWER.BO,DGIN (4.9723%); INDQ (4.3699%)
INDV,ROSC (1.1329%); FSCC (1.0684%)
INFQ,WQTM (2.6188%)
INFXX,FLSP (18.3087%); MULT (13.5939%); FLBL (9.8269%); XIDV (3.9924%); INCE (3.6549%); INCM (3.4131%); FLGR (2.8605%); FLHY (2.1238%); FLEE (2.0876%); DIVI (1.4681%); FLCO (1.24%); DIEM (1.156%)
INFY,EDOG (4.5341%)
INFY.NS,INDH (3.5408%); EQLT (3.3787%); INDY (3.202%); EPI (2.4961%); INDA (2.3312%); EVLU (2.2906%); FLIN (2.1017%); IND (1.699%)
ING,GSIB (3.6431%)
INGA.AS,EWN (7.9705%); IPKW (6.0454%); PBEU (4.3192%); EXUS (3.7715%); EUDG (2.7032%); EUFN (2.6753%); IHDG (2.5601%); IQDG (2.5555%); IDV (1.924%); SEIE (1.1943%)
INGR,FXG (3.5984%); HSMV (1.5454%)
INKM,MFUL (4.8134%)
INN,RDOG (2.5152%); VRAI (1.6914%)
INOD,IWC (0.5302%)
INSM,MEDI (2.8501%)
INSW,SEA (4.8671%); BOAT (4.0839%); WCEO (1.3781%)
INTC,FTXL (13.3416%); MFMO (10.7262%); KQQQ (8.0448%); ADPV (7.5988%); FEPI (7.5719%); GOP (7.5226%); CARZ (7.5114%); XNTK (7.5091%); QQQA (7.2202%); BELT (6.9462%); ESN (6.6741%); DRIV (6.5455%); SOXX (6.3303%); CHPS (5.982%); AIX (5.93%); STNC (5.7522%); TTEQ (5.7461%); KYLD (5.5486%); FCUS (5.5478%); TECB (5.4929%); MTUM (5.4861%); USMD (5.4791%); EGGS (5.4686%); AIQ (5.2336%); JTEK (5.2045%); KNCT (5.0854%); SMH (5.0409%); WUGI (4.9701%); IGPT (4.9542%); PSI (4.8863%); XAIX (4.8685%); FMCE (4.7904%); CHPX (4.6561%); SHOC (4.5263%); DTCR (4.5069%); XIGV (4.4832%); SOXQ (4.4256%); CGVV (4.3007%); XLK (4.2032%); AIPI (4.1696%); CNAV (4.1224%); TRFK (4.0972%); SHE (4.0348%); QTOP (4.0065%); ITAN (3.8821%); LEGR (3.8712%); LQAI (3.8058%); RSMV (3.7673%); AMOM (3.7381%); TEK (3.7241%); RKNG (3.6905%); BAY (3.6259%); AIS (3.5742%); ROCQ (3.5465%); VEGN (3.5269%); MFUS (3.5177%); BLCR (3.5068%); FMTM (3.4388%); SPMO (3.3463%); BAI (3.2724%); RULE (3.2381%); LCO (3.2337%); DGT (3.1732%); TUGN (3.1042%); QRMI (3.0804%); QQQH (3.069%); BUZZ (3.0567%); WQTM (3.0491%); PTNQ (3.0402%); QNDX (3.0402%); QQWZ (3.0391%); QQQM (3.035%); QQHG (3.034%); QQQ (3.0339%); GPIQ (3.0333%); IYW (3.0122%); QTR (2.9928%); QCLR (2.9879%); QQQI (2.9855%); XQQI (2.9855%); QQMG (2.8966%); IGM (2.8739%); TMFC (2.8046%); PRF (2.7793%); XSD (2.7498%); NACP (2.71%); IQQQ (2.5824%); QTEC (2.5497%); GXPT (2.5447%); CDEI (2.5051%); YNOT (2.4864%); VGT (2.4082%); IWX (2.4046%); QQA (2.3697%); USXF (2.3678%); FTEC (2.3375%); GVIP (2.3334%); SPYV (2.2747%); STXV (2.2736%); IVE (2.2724%); VOOV (2.2632%); UPGD (2.2506%); FNDX (2.1638%); IUSV (2.1434%); EVUS (2.0416%); TNXT (2.0324%); FNDB (2.0011%); IQSU (1.9596%); SCHV (1.9388%); PY (1.9151%); JVAL (1.8225%); TVAL (1.7979%); DFUV (1.791%); JMOM (1.7824%); FELV (1.7748%); DSI (1.7618%); VONV (1.7217%); GINN (1.7209%); GVUS (1.7206%); MMTM (1.7184%); IWD (1.7157%); NXTG (1.6927%); RSPT (1.6706%); EFIV (1.6529%); SNPE (1.6514%); FCTR (1.5274%); XMAG (1.371%); BDVL (1.3146%); EQWL (1.2766%); CHGX (1.2572%); QQQE (1.2008%); QEW (1.1988%); TRUT (0.9628%); RSPE (0.6899%); WDAI (0.6478%)
INTF,FINT (14.7809%)
INTU,KYC (3.0015%); VFLO (2.8707%)
INVA,SIXS (2.1133%)
INVE B,EWD (9.5598%); IVSI (2.0525%); FFDI (1.8635%); IMFL (1.818%); TILC (1.4141%); UIVM (0.9099%)
INVH,HAUS (5.1133%); REZ (3.6734%); RSPR (3.341%); CRED (2.2678%); DIVG (1.8631%); FREI (1.3774%)
INVP.L,FDD (3.9393%)
INVX,BSMC (2.6112%)
IONQ,CQTM (18.0653%); QTUP (16.0695%); MNVT (5.1874%); WQTM (4.7532%)
IONR,PBW (1.6724%)
IONS,MEDX (4.5321%); FFOX (2.0604%)
IOO,XCOR (8.5595%); AAAA (7.0939%)
IOS.DE,IVSX (1.3959%)
IOT,SNSR (3.7033%); EYES (3.3784%); TSCM (3.2295%); BCSM (2.8455%)
IP,CUT (6.1036%); WOOD (4.7247%); RSPM (4.4444%); UPGD (2.3658%); SDOG (2.1497%)
IPAC,IYLD (9.1662%)
IPAR,PSCC (3.6607%); MVFD (2.8576%); DGRS (1.6286%)
IPGP,FOTO (12.116%); ROBO (1.7288%)
IPN.PA,IDNA (3.6853%)
IQCD.QA,QAT (6.2461%); FTAG (3.7236%)
IQLT,FINT (15.3273%)
IQMM,RINF (77.4645%); OILK (65.6545%); UPRO (24.8846%); URTY (17.9125%); VIXM (17.8159%); TQQQ (17.1631%); UDOW (17.1616%); ISPY (10.3446%); IQQQ (7.1751%); CSM (4.905%)
IQV,EKG (8.286%); LGHT (4.983%); HEAL (4.7028%); BBH (4.2946%)
IRDM,ORBX (6.3887%); PSCU (5.6983%); WARP (5.651%); LSAT (5.605%); CAFG (5.0228%); COWG (4.6453%); DIPR (4.3251%); ROKT (3.6638%); XTL (3.6353%); MARS (3.502%); SRVR (1.9303%); SURE (1.5777%); FITE (1.5345%); FDLS (1.2032%); DES (0.8721%); AVUV (0.7839%); NIXT (0.6615%); SQLV (0.659%); JPUS (0.5519%); EQAL (0.4951%); BFOR (0.4822%); JPME (0.4664%); PRFZ (0.4254%)
IREN,DAPP (6.0284%); NODE (3.9803%); LCO (2.1274%)
IRM,REAI (5.7445%); SRVR (4.7025%); BOUT (4.2408%); BYRE (4.1317%); WTRE (4.0767%); ICF (3.7783%); VGSR (3.6304%); CRED (3.5191%); RSPR (3.3641%); DDIV (3.1823%); USRT (3.0469%); CSRE (2.9425%); BBRE (2.9338%); DFAR (2.9005%); FRI (2.7663%); SCHH (2.6421%); REET (2.0336%); SPYD (1.6051%)
IRMD,SAWS (2.8665%)
IRT,LPRE (8.1616%)
IRWD,FDLS (1.1917%)
ISA.CL,COLO (10.5486%); EPU (2.8704%); EMDV (2.5645%)
ISB.IC,GLCR (13.95%)
ISCF,FGSM (9.6805%)
ISCTR.IS,TUR (2.9629%)
ISCV,BLUX (15.1881%)
ISNPY,IDVZ (3.316%)
ISO.TO,URNJ (4.6401%)
ISP.MI,EWI (12.4054%); PBEU (4.3659%); EUFN (2.7627%); DTH (2.1937%); LVHI (2.1855%); DOL (1.4065%); IQDF (1.3454%); DDWM (1.1544%); DWM (1.1453%)
ISRG,IHI (15.0884%); LGHT (9.9183%); BOTZ (6.0965%); EKG (6.0624%); GDOC (3.2031%); MEDI (3.1057%); QNXT (2.5727%); TMED (2.4638%); TRUH (2.4548%); XLV (2.4469%); IYH (2.3528%); FHLC (2.0948%); VHT (2.0763%); ROBO (1.6382%)
ISS.CO,ISCF (0.4882%)
ISTB,IYLD (15.0721%)
ITAUCL.SN,OTGL (3.6697%)
ITB,EMPB (11.0956%); FDAT (4.2193%)
ITC.NS,INCO (4.5281%)
ITM.L,HYDR (4.4712%)
ITOT,MOOD (44.8137%)
ITRI,SIMS (2.6582%)
ITRK.L,WWJD (0.7578%)
ITRN,BRF (2.3953%)
ITSA4,BRAZ (4.9018%); FLBR (3.2908%); DVYE (2.3327%)
ITT,BBHM (4.3349%)
ITUB,BRAZ (11.5284%); ILF (7.0446%); PID (4.3175%); MEM (2.3335%); EMEM (1.4185%)
ITUB4,FLBR (9.6625%); EWZ (8.6074%); FLLA (5.5705%); FTHF (2.8719%); PEMX (2.0216%); JPEM (0.9828%); DIEM (0.8664%)
ITW,QDIV (2.1505%)
ITX.MC,QLTI (5.0667%); EWP (4.5057%); EUDG (3.4142%); IQDG (3.3875%); IHDG (3.3729%); DNL (2.0886%)
IUGXX,EVMT (87.0077%); PDBC (84.107%); PDBA (83.5551%); QBIG (55.2045%); RSPA (17.2333%); EFAA (15.8856%); QQA (15.7132%); PHDG (14.8433%); BKLN (7.7206%); CSTK (3.0012%); IMF (1.6549%)
IUSB,AOK (58.4449%); AOM (49.8607%); AOR (32.9291%); AOA (16.3041%)
IUSV,NDAA (10.2067%)
IVAL,AAVM (26.7942%)
IVLU,DWAW (17.534%); DDXX (10.8375%)
IVN.TO,AFK (3.0573%)
IVR,DVDN (6.2893%); KBWD (4.2639%)
IVV,XDIV (99.8953%); SPUC (99.6958%); IVVM (98.2468%); SPYT (98.2127%); IVVB (98.1365%); SPD (95.4781%); SPYC (93.6203%); TWOX (90.7121%); MRSK (76.6718%); RSSY (71.1437%); GMMA (67.7561%); ROMO (65.1513%); HEDG (64.9169%); MKAM (51.7168%); MATE (48.7317%); AOA (45.3823%); AOR (34.3716%); AOM (23.1311%); BAMO (20.8319%); AOK (17.4305%); MAPP (11.022%); WSGE (5.4834%); FFUT (5.0357%); OCIO (4.4995%); CORO (3.972%); DAK (3.7606%); AQLG (3.6769%); GEQ (3.2726%); PBL (2.8839%); SHDG (1.0515%); ASGM (1.042%); HEQT (1.0066%)
IVZ,ADPV (3.7995%); DDIV (3.3689%); DVLU (3.1028%); DSMC (1.0846%); DFSV (0.6986%)
IWB,ITDH (56.6748%); ITDI (56.6743%); ITDJ (56.6729%); ITDG (55.9872%); ITDF (52.874%); ITDE (47.9639%); ITDD (42.6871%); ITDC (37.489%); ITDB (30.9227%); IRTR (23.8492%); WLTG (10.1423%)
IWD,PRAE (38.8336%); LEXI (4.8794%); USEW (1.945%)
IWF,VUSG (2.8628%)
IWM,SMMD (41.0225%); RHTX (8.0181%); MAPP (4.147%); ITDI (3.4452%); ITDH (3.4448%); ITDJ (3.4447%); ITDG (3.3461%); ITDF (3.0892%); ITDE (2.5727%); ITDD (2.0146%)
IWP,DFAL (3.1131%)
IWS,DFAL (6.68%); DUKQ (5.0475%)
IWX,DFAL (15.3199%)
IWY,DFAL (20.0048%); XCOR (8.8314%)
IXN,GMOM (6.0117%)
IYM,AESR (0.9896%)
IYR,DYTA (14.5959%)
IYT,GLOW (3.3056%)
IYW,QPX (20.0356%); EZRO (12.6397%)
IYZ,EMPB (9.377%)
J36.SI,IDX (4.7775%)
JA,JABS (2.1878%)
JAAA,KAMO (22.5846%); CANQ (10.8199%); HECA (10.5442%); XFLX (9.0177%); NDOW (7.6332%); PVEX (6.4801%); XRLX (4.8011%); FARX (3.4549%); JABS (2.3267%)
JAN,LPRE (7.4438%); JRE (3.3857%)
JANU,SPBU (8.3211%)
JANW,SPBW (8.3326%)
JAVA,FLCE (15.2757%)
JAZZ,PINK (4.6073%); IHE (3.451%); MCOW (2.3327%); QMOM (2.0636%); KNO (1.7002%); DSMC (1.008%); ISCV (0.4887%); DFAS (0.2686%)
JBBB,XFLX (9.6061%); JIII (2.7682%)
JBCHEPHARM.BO,IOPP (4.8741%); UEVM (1.0365%)
JBHT,HULL (4.0302%); MVFD (3.1502%); LYLD (2.102%); BUYB (1.8065%); LOHA (1.3271%); LSAF (1.2089%); VBR (0.4659%)
JBI,SMLL (3.0201%)
JBL,HVAC (5.9581%); AMEM (5.2518%); FCTE (5.0378%); CTEF (5.0122%); PRN (4.0058%); WLDR (3.5824%); STNC (3.5288%); SEIM (2.6397%); BMVP (2.5785%); JSMD (2.4011%); KOID (2.2952%); EMOT (2.1299%); BUYB (1.8787%); FXL (1.7773%); LST (1.5204%); BUYO (1.4451%); SPXD (1.0452%); SMLF (0.8851%); VBR (0.8679%); VB (0.4871%)
JBLU,JETS (3.5825%); XTN (3.0586%)
JBS,DINT (5.2335%); DWLD (4.1455%)
JBSS,FDLS (1.1092%)
JBTM,GLCR (5.384%); CBOT (4.7389%); PSCI (2.3925%); ROBO (1.6062%); IWN (0.4969%); VTWV (0.4942%)
JCI,GRID (8.0042%); MID (5.8377%); CCSO (5.1468%); PKB (4.7432%); PKW (4.5318%); RJDI (4.207%); IMCG (1.1827%); IMCB (0.6196%)
JCPB,FOPC (15.0823%)
JD,PGJ (7.7736%); EBIZ (4.1317%); PXH (1.4747%)
JD.L,FEP (0.9591%)
JEMB,JIII (2.3247%)
JEPI,YFYA (4.8929%); JFLI (4.1191%)
JEPQ,JFLI (20.5609%); YFYA (5.1083%)
JFC.XPHS,EPHE (2.6103%)
JFR,HYIN (3.351%); YYY (3.0614%)
JGRO,FLCE (11.4195%)
JHG,EVNT (4.6278%)
JHX,LOHA (1.2294%)
JIMXX,JFLX (9.8803%); HEQQ (7.0589%); HELO (5.2079%); JPFP (4.569%); JMEE (4.4253%); MCDS (3.4448%); SCDS (3.4179%); JPIE (2.5532%); JGRO (2.0464%); JEMA (1.7716%); JIVE (1.6242%); JFLI (1.3489%)
JIOFIN.BO,DGIN (6.3315%); INQQ (6.1801%); FMQQ (4.3945%)
JKHY,RSPF (1.3918%); FVD (0.4358%)
JLL,SAEF (3.2611%); RSMC (2.7964%); SMDX (1.224%); RWK (1.1157%); ISCV (0.4654%)
JMAT.L,AVDV (0.5593%)
JNEU,SPBU (8.4632%)
JNJ,IHE (22.4438%); TRUH (10.6665%); XLV (10.6213%); IYH (10.271%); PBPH (9.5964%); FHLC (9.0458%); VHT (8.8681%); GDOC (8.2132%); IXJ (7.038%); FTXH (6.9646%); OUSA (5.7508%); MEDX (5.5914%); DIVL (5.4877%); EASY (5.3958%); PJP (5.2569%); BMED (5.1341%); VLLU (5.1034%); JDOC (4.9182%); DIVZ (4.8325%); DRUP (4.8%); GQGU (4.7272%); PINK (4.704%); NOEQ (4.6997%); UDI (4.5611%); QLTY (4.4482%); PPH (4.406%); QLV (4.4032%); CCOR (4.243%); SPMO (4.04%); BGIG (4.0252%); NXTI (4.0112%); VSMV (3.9843%); SEIQ (3.9038%); HRTS (3.8424%); RFFC (3.7988%); TGLR (3.6379%); AGQI (3.6182%); PWV (3.5964%); EDOW (3.4628%); SEPI (3.441%); LCOW (3.4152%); ESGG (3.3821%); TBG (3.3198%); MDLV (3.2866%); RAFE (3.257%); XT (3.242%); BDIV (3.2408%); DIVN (3.181%); AGNG (3.1636%); RFDA (3.16%); FLV (3.1474%); SELV (3.1411%); ASLV (3.1396%); DGRO (3.123%); JPEF (3.0907%); MTUM (3.0596%); GDIV (3.0334%); SIXA (2.9799%); DIVS (2.9784%); WDNA (2.9732%); YOKE (2.9527%); CANC (2.9056%); SIXH (2.902%); DFUV (2.9019%); MGV (2.8852%); QDF (2.8104%); BBLU (2.8047%); QDEF (2.7941%); JGLO (2.794%); BEDY (2.7905%); BKDV (2.775%); ESN (2.7369%); PRXV (2.7075%); LVHD (2.6699%); VIG (2.6612%); MHIP (2.6569%); ESG (2.564%); SPCT (2.5623%); GMOV (2.5383%); VYM (2.5288%); DFLV (2.497%); AVIE (2.4516%); IWX (2.4033%); BRCE (2.3809%); DVND (2.3635%); DGRW (2.3423%); KVLE (2.2782%); VTV (2.2773%); DIVB (2.2651%); PFM (2.2376%); QARP (2.2219%); PWS (2.2069%); RKSG (2.2007%); FTCS (2.1857%); DFVX (2.1727%); AQEC (2.1403%); SPDG (2.1101%); FDIV (2.074%); JDIV (2.0683%); DLN (2.0359%); FLCV (2.0204%); MNZL (2.0171%); DEW (1.9701%); VUS (1.9482%); SCHV (1.9387%); AVOS (1.9372%); QUS (1.9303%); ILCV (1.8711%); DTD (1.8082%); QLC (1.808%); SUSL (1.7977%); USSG (1.7899%); JMOM (1.7687%); STXV (1.7418%); VMAX (1.7355%); GVUS (1.7237%); VONV (1.7207%); IWD (1.7147%); TVAL (1.7102%); AUSF (1.6871%); JEPI (1.6628%); MFUS (1.6347%); SPUS (1.6295%); JQUA (1.6152%); ACWV (1.591%); FLRG (1.5793%); JVAL (1.5778%); ULVM (1.5563%); NELS (1.5474%); USMV (1.5453%); SPXT (1.527%); VFMV (1.5127%); EVUS (1.4989%); LVDS (1.4527%); EGLE (1.4394%); XMAG (1.4138%); HDUS (1.3688%); QWLD (1.3589%); FELV (1.2982%); SPLV (1.2584%); BDVL (1.1868%); MHIG (1.0285%); VFMO (1.0165%); LGLV (1.0098%); FVD (0.4288%)
JNK,HYTR (30.0265%); BLUI (19.9146%); RMIF (16.6101%); INKM (13.0814%); GAL (6.0158%); THRV (5.2545%)
JOBY,BZZ (5.0866%)
JPC,PCEF (2.4431%)
JPIE,LOTI (7.6043%); JFLI (1.8153%)
JPM,IYG (12.7764%); XLF (11.5404%); IYF (11.032%); FNCL (10.2764%); NYNY (9.5977%); VFH (9.1755%); KBWB (8.1524%); FTXO (7.7145%); IXG (5.8577%); LGCF (5.4045%); PFI (5.3109%); BAMD (5.1842%); TFNS (5.0468%); STXD (5.0419%); ESGG (4.8715%); DIVO (4.8614%); BAMV (4.7819%); EQIN (4.7544%); GVLE (4.7266%); DFLV (4.6633%); TRUF (4.6269%); TGLR (4.4967%); HECO (4.4871%); DVVY (4.4257%); DECO (4.4238%); USMC (4.4009%); DVAL (4.3879%); MFSV (4.291%); PJFV (4.287%); DFNL (4.2486%); DFUV (4.2294%); BDVG (4.1721%); JHDG (4.1436%); GOP (4.1041%); BKDV (4.0328%); RJDI (4.0201%); BEDY (3.9334%); DVGR (3.9125%); PRVS (3.872%); GEND (3.8667%); MGV (3.8628%); BCFN (3.7574%); BDIV (3.7533%); MAVF (3.7502%); BBLU (3.695%); ESG (3.6917%); SCLZ (3.6603%); CCOR (3.594%); FTCE (3.593%); ACEP (3.5857%); DYNF (3.5539%); VIG (3.5524%); SCEP (3.5482%); PWV (3.4786%); IWX (3.4369%); TMFC (3.4097%); CDEI (3.4021%); VYM (3.3651%); WOMN (3.3555%); PRXV (3.3543%); ACSI (3.3441%); ZECP (3.2193%); SQS (3.2179%); PFM (3.2102%); THRO (3.1753%); FLV (3.0946%); HAPI (3.0748%); TDVG (3.06%); VTV (3.044%); DGRO (3.027%); ALRG (3.0198%); SHE (2.961%); MBOX (2.9558%); RFDA (2.9458%); DLN (2.8864%); DAK (2.884%); LCAP (2.8621%); DVOL (2.8407%); CGVV (2.7986%); CAPE (2.7557%); SCHV (2.7497%); DIVB (2.7433%); DFVX (2.7177%); ILCV (2.6991%); GINX (2.6959%); DTD (2.6752%); FDVV (2.6487%); AVTM (2.6428%); FELV (2.6182%); EVUS (2.5929%); RAFE (2.4868%); GPT (2.4809%); IWD (2.4523%); GVUS (2.4521%); FLCV (2.4194%); HGRO (2.3476%); VONV (2.2837%); JUDO (2.2545%); CGGE (2.2365%); IOO (2.2256%); SPXT (2.1926%); NELS (2.1872%); SPIN (2.1837%); MODL (2.1695%); AVLV (2.1036%); KVLE (2.0949%); EPS (2.0769%); FDRR (2.0741%); EGLE (2.0681%); FEUS (2.0639%); INRO (2.0352%); XMAG (2.0225%); GMOV (2.0198%); HQGO (2.0124%); JUST (1.9639%); QLC (1.8496%); TEQI (1.6962%); OALC (1.6304%); PRF (1.6092%); FNDX (1.5644%); RWL (1.546%); DFSU (1.5205%); MSLC (1.5135%); LRGF (1.4984%); FNDB (1.4532%); VLU (1.4475%); CVLC (1.4091%); AVUS (1.3073%); DCOR (1.3026%); AVLC (1.2408%); JHML (1.128%); GEW (1.0367%); DFAC (1.0199%); EBI (0.922%); DXUV (0.719%)
JPME,MVFG (4.2259%)
JPMPC,PGF (2.8426%); PGX (1.8006%)
JPMPD,PGF (2.4689%); PGX (1.5668%)
JPMPK,PGF (1.6758%); PGX (1.0643%)
JPMPL,PGF (2.0994%); PGX (1.3334%)
JPMPM,PGF (2.0866%); PGX (1.3213%)
JPST,TSPX (8.8575%); LEXI (5.2858%); THRV (4.6441%); FARX (4.304%)
JQC,YYY (2.795%)
JQUA,WSGE (5.6405%)
JSAIY,KEAT (3.6598%)
JTCXX,BSMC (3.9461%)
JULU,SPBU (8.3936%)
JULW,SPBW (8.3604%)
JXN,SCOW (4.2276%); PSCF (1.5609%); IJS (0.7662%); VIOV (0.764%); SLYV (0.763%)
JXNPA,PFFV (2.8682%)
K.TO,GDMN (6.0986%); SGDM (4.6372%); AUMI (4.5592%); GDX (4.4019%); JDVI (4.3779%); RING (4.3596%); LENS (3.4442%); IFLO (2.2833%); NRES (2.2798%)
KALU,PSCM (4.2991%); BOUT (3.9393%)
KAP,SETM (5.3327%); URNM (5.1175%); URA (4.8046%)
KB,GPT (2.3506%)
KBANK.BK,UEVM (1.1718%)
KBC.BR,EWK (4.6471%); ILOW (1.7761%)
KBE,GDMA (2.9855%)
KBH,XHB (3.6565%); SCAP (3.5599%); HOMZ (1.7532%)
KBR,MDPL (3.8284%); MSSM (0.5602%)
KBWB,AESR (2.0057%)
KBWP,MSSS (10.4994%)
KCHOL.IS,TUR (3.4981%)
KCN.AX,SGDJ (4.4746%)
KCSH,KCCA (74.6352%); KRBN (55.1388%)
KD,SQLV (0.6718%)
KDP,BREW (5.1443%); FTXG (4.6036%); OAKM (4.0716%); DIVP (3.1556%); RSPS (3.0898%); TCAF (2.6854%); BLCV (2.5508%); QQXT (2.0318%)
KEEL.TO,HECO (6.3123%); DECO (6.2216%); TEKX (5.0795%)
KEP,EMIF (3.8758%)
KEX,NBSM (2.1832%)
KEY,IAT (3.4477%)
KEY.TO,PIPE (4.8526%); UMI (4.6138%); FID (1.7268%)
KEYPL,PFFV (3.0654%)
KEYS,BBHM (4.8782%); SAMM (3.4418%); EPMB (3.3224%); TOLL (3.2987%); FTIF (2.8959%); NUMG (2.8547%); SAEF (2.8317%); UFOD (2.5941%); THMZ (2.5548%); BFLX (2.4172%); FMDE (0.9946%); JHMM (0.578%); CVMC (0.5184%)
KFH.KW,KWT (22.1676%); OBOR (9.3598%); EELV (0.9089%)
KGH.WA,COPX (5.2213%); SILJ (5.1616%); COPP (4.8773%); EPOL (4.5061%); OBOR (4.239%); GVAL (1.6922%); DGRE (1.2538%)
KGS,PSCE (8.3213%); PIPE (4.9509%); XES (4.511%); IEZ (4.1672%); USNG (3.8839%); PXI (3.3193%); DES (1.1831%); AIMS (0.9553%); FESM (0.7087%)
KHC,FTXG (8.1754%); XUDV (4.6266%); SPHD (3.0261%); FLOW (2.0274%)
KIE,MSSS (10.6966%)
KIM,FPRO (3.918%); PAYR (3.088%); SPHD (2.6262%); SPDV (2.2777%); GQRE (2.1741%); DIVG (1.6559%); SPYD (1.4445%)
KIMBERA.MX,FDEM (1.3752%)
KIMPM,PFFR (2.1628%)
KIT.OL,GWX (0.2585%)
KKPNY,IDVZ (3.2474%)
KKR,GPZ (9.9834%); LBO (7.4069%); AKRE (7.1153%); FMCX (5.4212%); PSP (4.8042%); GABF (4.7012%); JHAC (3.9831%)
KKRPD,EPRF (3.8372%); PFFA (2.1672%); PFFD (1.6502%)
KLAC,SPRX (8.799%); GLRY (8.3447%); BIBL (7.4146%); JGRW (6.9907%); TOLL (6.734%); LCLG (6.7283%); VSMV (6.5099%); PSI (6.4832%); BBHL (6.2524%); AIX (6.1528%); GARY (5.8539%); PWRD (5.8532%); QOWZ (5.7916%); BULD (5.7361%); SOXQ (5.7067%); EUV (5.694%); SOXX (5.6422%); QQQA (5.6041%); DEMZ (5.4696%); SMH (5.3398%); XPND (5.163%); SHOC (5.1034%); HBMX (4.8262%); QLTY (4.7153%); RILA (4.6389%); CHPS (4.6267%); KNOW (4.5743%); QUSA (4.5185%); EQRR (4.3647%); RULE (4.3313%); FTXL (4.3122%); QQQG (4.2133%); JHAI (4.1491%); RDVI (4.1441%); RDVY (4.14%); TDV (4.078%); QUAL (4.0694%); ZIG (3.8778%); MFSV (3.856%); ABFL (3.809%); GTOP (3.7599%); GRNY (3.7035%); SPHQ (3.6699%); BOBP (3.6535%); NVPS (3.5972%); CLCG (3.5464%); SAWG (3.5355%); BAFE (3.4765%); FFOG (3.3178%); QTEC (3.2877%); POWA (3.234%); MBOX (3.1144%); PRMR (3.1097%); DVND (3.1085%); QQEW (3.0799%); RPG (3.076%); PEXL (3.003%); SNPG (2.9925%); COWG (2.914%); QDEF (2.8502%); EMOT (2.7444%); QDF (2.7422%); MFSG (2.6984%); DIVN (2.6779%); STXD (2.6177%); GSGO (2.6013%); HAPI (2.5472%); QGRO (2.5165%); FXL (2.5088%); SAMT (2.4768%); QIDX (2.4319%); PALC (2.4249%); GFLW (2.4183%); UFOD (2.4092%); GEQ (2.3826%); TDVI (2.3563%); TDIV (2.3547%); DUHP (2.3151%); BRCE (2.2713%); FMAG (2.2095%); OPTZ (2.1952%); XOEF (2.1587%); FDMO (2.022%); FLQL (1.9695%); FQAL (1.8841%); SPHB (1.8307%); ALTL (1.8259%); PTL (1.8166%); RSPT (1.8093%); VFQY (1.727%); FWD (1.7201%); CGDG (1.5771%); QQQE (1.5483%); QEW (1.5459%); SURE (1.523%); QTUM (1.5009%); ROUS (1.4764%); MNZL (1.2992%); JOET (1.1668%); ROE (1.1515%); VFMO (0.9667%); KOMP (0.8341%); TRFM (0.7805%); WDAI (0.7685%); RSPE (0.7469%); JPUS (0.474%); BLES (0.4573%); DFVE (0.3272%); EUSA (0.3149%); SIZE (0.2976%); GSEW (0.284%); RSP (0.2736%)
KLAR,LATR (5.7714%); BPAY (4.0091%)
KLIC,MVFD (4.8238%); TDV (3.8472%); PSCT (2.7221%); SMIZ (1.5245%); OMFS (1.0163%); AFSM (0.8666%); FESM (0.7782%); SLYV (0.7524%); IJS (0.7518%); VIOV (0.7489%); JPSE (0.3573%); PDN (0.3535%)
KLRA,OZEM (6.2124%)
KMB,VSDA (3.6634%); SDG (3.2739%); RSPS (3.2338%); LVHD (2.7264%); CVAR (2.4721%); QDIV (2.1478%); EMOT (2.1042%); SNPD (2.0548%); WBIG (2.0271%); QQQJ (1.7888%); SDY (1.7486%); QFHD (1.7431%); DVY (1.6756%); TMDV (1.6411%)
KMI,MLPX (7.8827%); TPYP (7.5621%); USNG (6.9587%); EINC (6.6129%); MLPI (6.478%); UMI (6.2293%); MDST (5.6602%); ENFR (5.1399%); RSPG (4.8566%); GASZ (4.7916%); PIPE (4.4753%); XLE (4.3442%); USAI (4.1729%); WEEI (4.0188%); EIPI (3.9932%); EMLP (3.7029%); AQLG (3.3907%); IYE (3.0399%); GXPE (3.0238%); TOLZ (3.0025%); FENY (2.7353%); VDE (2.712%); EIPX (2.6537%); WCEO (1.4513%); IWS (0.6095%)
KMPR,KIE (1.9534%)
KMX,PSCD (2.9753%); FLOW (2.146%); RWJ (1.8434%); IJS (0.806%); VIOV (0.803%); SLYV (0.8019%)
KN,AFSC (2.6899%); SCDS (0.8858%)
KNEBV.HE,EFNL (4.3687%)
KNG,FTBI (6.6798%)
KNIN.SW,SEA (4.1249%)
KNSA,BBP (1.6512%)
KNSL,PCPP (5.0767%); GRPM (2.3239%); WBIF (2.2706%)
KNTK,XSHD (3.4781%)
KNX,BUSA (2.187%); DFSV (0.8107%)
KO,BREW (18.1716%); IYK (12.3638%); GXPS (10.7798%); FTXG (8.4877%); FSTA (8.0312%); VDC (8.0122%); TRUO (7.9262%); XLP (6.8364%); DOGG (5.7267%); DJD (5.3633%); PBJ (5.1489%); DURA (5.0725%); EASY (4.7123%); OMAH (4.574%); KXI (4.4067%); SCHD (4.2074%); HDV (3.9784%); VNIE (3.9103%); DIVS (3.0224%); DGRW (2.8799%); GDIV (2.6188%); LVHD (2.605%); NUDV (2.5859%); NULV (2.2144%); AVIE (2.1606%); HUSV (2.1041%); PWS (2.0189%); FDVV (1.8812%); AQEC (1.7773%); VFMV (1.5071%); CDL (1.4978%); CDC (1.4958%); PRXV (1.4955%); LGLV (1.1107%)
KOD,DWAS (1.3316%)
KOFUBL,FLN (3.7619%); FLMX (2.6017%)
KOG.OL,ENOR (6.1295%); NORW (6.1269%); ARMY (4.9587%); XDEF (4.3514%)
KOMB.PR,GVAL (1.7553%)
KOTAKBANK.NS,INDY (2.6469%); GIND (2.2681%); INDH (2.0988%); IND (1.4076%); FLIN (1.327%)
KPN.AS,DIM (0.7158%)
KR,PBJ (4.3853%); PSL (3.0661%); GEOA (2.4212%); ONEV (0.735%)
KRC,DESK (7.8096%); SRET (3.5134%); PPTY (2.8935%); BLDG (1.6159%); RIET (1.6042%); FNK (0.9173%)
KRE.KW,KWT (2.5322%)
KRP,HIPS (2.0281%)
KRX.IR,EIRL (4.6567%)
KRYS,HELX (6.3267%); NEWZ (4.5086%); PSCH (4.3259%); FBT (3.8697%); CBSE (3.0351%); CBLS (2.9399%); XSMO (2.702%); GRPZ (1.7589%); SLYG (1.067%); IJT (1.0667%); VIOG (1.0662%); OMFS (1.0338%); XJR (0.5917%); IWO (0.5814%); QVMS (0.5762%); VTWG (0.5723%); JHSC (0.5457%); SPSM (0.5286%); IJR (0.5277%); VIOO (0.5273%)
KRZ.IR,EIRL (10.5049%); QLTI (3.7042%)
KSPI,WAGN (5.1363%); FMQQ (4.2913%); BPAY (3.4905%); TEMX (2.6903%)
KSS,XSVM (2.27%); RWJ (1.0518%); FYT (0.7811%); DFVE (0.2884%)
KTB,ABLS (3.1908%); CVSM (2.347%); DGRS (1.4586%)
KTB-R,BCHI (3.2877%)
KTLEV.IS,FEMS (1.7215%); AVEE (0.4893%); EWX (0.3693%)
KTOS,ARKX (5.4373%); ARKQ (4.6978%); BZZ (3.9272%)
KVUE,GLAM (5.1165%); MVAL (4.6539%); RSPS (3.1683%); MRGR (2.7403%); MOAT (2.5917%); SDOG (2.1487%); SDY (1.7535%); FLQM (1.0813%)
KWR,AFSC (2.7132%); SMDV (1.0635%)
KYMR,FMED (2.4714%); HAPS (2.3326%); GURU (1.4717%); XBI (1.3594%)
L,ABEQ (7.635%); DEMZ (4.0445%); JPEF (3.073%); ULVM (1.4929%); SPVM (1.4899%); SPLV (1.3662%); CFA (0.3997%); CFO (0.3988%)
LAC.TO,LITP (4.5471%); ILIT (4.1599%)
LAD,CCFE (4.3802%); FXD (1.5511%); RWK (1.4425%)
LAMR,UDI (3.3022%); SMDX (1.0046%)
LAND.L,EFAS (2.2293%)
LANDP,PFFR (1.9983%)
LAR.TO,LITP (4.8914%); ILIT (4.3785%); METL (4.1619%)
LASR,FOTO (8.1754%); MMSC (1.2902%)
LAURUSLABS.BO,SMIN (1.5601%)
LB,TEXX (7.2185%); INFL (6.909%)
LBRDK,EQAL (0.4381%)
LBRT,PSCE (4.8359%); XES (3.7037%); OIH (3.6567%); PXI (3.4765%)
LCID,MNVT (4.7862%); HAIL (1.9589%)
LCII,MYLD (1.0899%)
LDO.MI,SHLD (3.451%); EWI (3.4191%)
LDOS,QVAL (2.0527%); FOWF (1.6146%)
LEA,CVSM (2.326%); RFV (2.2978%); XMVM (1.829%); AVUV (0.7549%)
LECO,OUSM (2.015%)
LEG,MRGR (2.4735%)
LEG.DE,FGM (3.605%)
LEGN,MEDI (4.432%); GNOM (3.7636%); CANC (3.5064%); MEMS (3.2153%)
LEMB,IYLD (3.1378%)
LEN,ITB (7.1506%); JHAC (4.8574%); ICAP (4.2337%)
LENSKART.NS,INQQ (4.7228%)
LEU,XME (4.5685%); URA (3.0381%)
LEVI,EES (0.5768%)
LFSC,NMBL (3.6406%)
LFST,FMED (4.6164%); ASD (3.0425%); XHS (2.2018%)
LFUS,SCDV (4.4686%); TSME (2.8772%); REGL (1.732%); JHSC (0.5879%)
LGEN.L,FDD (6.121%); XIDV (2.7406%); FID (2.4653%); EFAS (2.1892%); WDIV (1.7832%); FGD (1.5104%)
LGIH,PKB (3.3821%)
LGND,HELX (4.6205%); PSCH (2.8106%); AFSC (2.7372%); CSMD (2.6763%); XPH (1.9427%); FFOX (1.9332%); AIMS (1.8598%); BBP (1.6573%); RUSC (0.6942%); QSML (0.6117%); JPSE (0.3746%)
LGOV,HISF (6.971%)
LH,DHLX (4.7962%); IHF (3.4301%); ASLV (3.0305%); STNC (2.7066%); KNO (2.2232%); FVD (0.4297%)
LHA.DE,FGM (4.8369%); FEUZ (1.429%); FEP (1.097%)
LHX,DUTY (6.829%); ARKX (6.4998%); SHLD (4.5349%); EYES (4.4518%); WDGF (3.9656%); PPA (3.9574%); ITA (3.7974%); GCAD (3.6067%); FOWF (2.1909%); FMDE (0.951%)
LI.PA,FIDI (2.7815%); RWX (2.0373%); HDMV (1.3182%)
LIF,WCEO (1.6299%)
LIGHT.AS,FDD (3.9818%)
LII,KMID (3.7429%); ITB (3.3514%); RISN (3.26%); WBIF (2.6808%); UPGD (2.2267%); WBIG (1.9491%); LOHA (1.2054%)
LIN,IYM (21.7573%); VAW (15.6931%); FMAT (15.5597%); XLB (14.0446%); MXI (7.9278%); QQLV (5.4821%); VDIG (4.3157%); VNIE (3.9043%); PWS (3.8853%); FMCE (3.7989%); GRW (3.73%); FMCX (3.6352%); BBHL (3.3146%); PRCS (3.193%); BRIF (3.1354%); DVVY (2.3583%); EQL (1.9168%); TCAL (1.6086%); AUSF (1.5743%); PTL (1.4138%)
LIN.AX,REXC (4.3302%)
LIND,SAEF (3.5529%); PEJ (3.3321%)
LINE,DTRE (4.7127%); RIET (1.5387%)
LIQD.SW,DIME (4.9417%)
LIT,GXDW (20.5427%); XNAV (4.5102%)
LITE,FOTO (12.2867%); EGGQ (7.012%); EGGS (6.294%); EGGY (5.6644%); XSPC (4.7275%); AIFD (4.6269%); NUMG (3.7283%); PTF (3.6159%); EUV (3.2387%); IYZ (3.1955%); FPX (2.5767%); TMAT (2.2134%); JMID (2.1679%); IWP (1.6685%); SCHA (1.3132%); SCHM (1.1897%); FSMD (0.8559%); FNDA (0.4931%)
LIVN,LFSC (6.9068%); SPIT (2.9757%); MDEV (2.6881%); HTEC (1.9717%); JPSV (1.7197%); AVSC (0.3414%)
LKNCY,CGRO (5.4304%)
LKQ,PSCD (2.6594%); IJS (0.7205%); VIOV (0.7177%); SLYV (0.7166%)
LLOY.L,PBEU (4.1709%); QINT (1.1438%); DFIV (1.0327%)
LLY,IHE (22.2454%); MEDI (21.2558%); PPH (20.6202%); MEDX (18.4596%); TMED (17.1098%); TRUH (16.6246%); XLV (16.4841%); IYH (16.0717%); PBPH (15.9033%); FHLC (14.3502%); VHT (14.16%); YUNG (13.277%); GDOC (13.0795%); OZEM (12.691%); HRTS (11.8732%); IXJ (10.923%); THNR (9.2617%); JDOC (8.1455%); FTXH (7.7671%); GK (7.5056%); SNPG (7.1886%); VNSE (6.9468%); EASY (6.4128%); PCLG (6.412%); LRND (6.1732%); DRUP (6.0415%); STXD (5.8941%); CARK (5.6189%); MFIG (5.4268%); NOEQ (5.4227%); SXQG (5.3728%); PJP (5.3673%); DUHP (5.2274%); JGRW (4.9739%); WINN (4.9593%); PINK (4.9221%); BKCG (4.919%); SEMG (4.8989%); CANC (4.8942%); VDIG (4.7779%); HFGO (4.7664%); SQS (4.7139%); FLAG (4.701%); USSE (4.7004%); AMGR (4.697%); PJFG (4.6927%); BAMG (4.6413%); PGRO (4.5306%); GDIV (4.5224%); BGDV (4.5186%); EGGS (4.4791%); MFMO (4.4754%); RND (4.4511%); BGIG (4.4395%); BRIF (4.4335%); QUSA (4.3812%); MHIP (4.3434%); RILA (4.3385%); LOGO (4.3285%); GFGF (4.2178%); SCLZ (4.1737%); PFM (4.1343%); VIG (4.1301%); FTCE (4.1291%); NULG (4.0984%); WDNA (4.0824%); XT (4.0758%); BWTG (4.0364%); CGUS (4.0253%); TAOZ (4.018%); NUGO (4.0051%); GROZ (3.9301%); AVIE (3.8172%); QUAL (3.8107%); GGRW (3.7965%); ILDR (3.7824%); AGNG (3.7618%); ESGG (3.7559%); CGCV (3.7444%); VSLU (3.726%); WLTG (3.6957%); CDEI (3.5844%); ESG (3.5728%); ACGO (3.5049%); QDVO (3.493%); PABU (3.435%); JHDG (3.4323%); PWS (3.4254%); RSMV (3.4249%); MGK (3.3869%); RKSG (3.3723%); IWY (3.3499%); QGRW (3.3498%); SCHG (3.3114%); HGRO (3.3111%); QGRO (3.2925%); LOTI (3.2876%); FPX (3.2698%); GSGO (3.2672%); NBGX (3.2105%); TGRT (3.1906%); GGUS (3.1773%); BCGD (3.165%); MNZL (3.1593%); SPCT (3.1568%); BROL (3.1117%); BDIV (3.1043%); ALRG (3.0888%); VUSG (3.0777%); AQLT (3.0245%); HELX (2.9529%); ILCG (2.922%); ABFL (2.9208%); BBLU (2.9171%); ZECP (2.9146%); CLCG (2.8504%); IWF (2.8373%); GPT (2.831%); SUSL (2.8308%); VONG (2.828%); USSG (2.8193%); VUG (2.7983%); PRXG (2.7766%); EGUS (2.7646%); WRND (2.7348%); TGRW (2.7141%); TCHP (2.6806%); SPYG (2.6727%); IVW (2.672%); VOOG (2.6676%); GRNY (2.6606%); HAPI (2.6249%); VUSE (2.5872%); FGSI (2.5799%); FTGS (2.5666%); ESN (2.5609%); IUSG (2.5367%); SFY (2.5235%); FELG (2.515%); SPUS (2.4961%); QRFT (2.4628%); HLAL (2.4603%); FBCG (2.4426%); AGRW (2.43%); IOO (2.4076%); HEMI (2.4005%); EFIV (2.375%); SNPE (2.3743%); SPXT (2.3692%); SGLC (2.3614%); QUS (2.3384%); XMAG (2.333%); USRD (2.2994%); HIDV (2.2825%); BDYN (2.271%); ANEW (2.2697%); GFLW (2.2642%); EGLE (2.2288%); MODL (2.2217%); JUDO (2.2076%); GVIP (2.1694%); FDRR (2.1521%); STOX (2.1261%); HQGO (2.1246%); SFTY (2.0867%); PRMR (2.065%); TNXT (2.0575%); OMFL (2.0409%); INFO (1.9914%); FDLO (1.9751%); SPGP (1.9322%); FVAL (1.8805%); FQAL (1.8641%); HBTA (1.8536%); USCL (1.8431%); USCA (1.8283%); AVTM (1.8097%); WAMA (1.7867%); OALC (1.7816%); NTSX (1.778%); BUYB (1.7562%); GUSE (1.7523%); ACVF (1.7307%); MHIG (1.7%); FEAC (1.6477%); RAUS (1.6368%); CVLC (1.6113%); EQL (1.6058%); JUST (1.6032%); TOV (1.5991%); QVML (1.4985%); DFSU (1.488%); QWLD (1.4572%); MFUS (1.4231%); DSPY (1.3822%); USMF (1.3311%); TSPA (1.3011%); GSLC (1.277%); GINN (1.1145%); DFAC (1.0985%); JHML (1.0853%); JSTC (1.0487%); DXUV (0.9291%); DGT (0.9003%)
LMB,TSME (2.3045%)
LMBS,LDSF (32.8964%); LALT (10.4844%); HISF (10.009%)
LMN.V,WAGN (4.5506%)
LMND,PFI (4.4823%); KIE (2.0858%)
LMP.L,FID (1.6961%)
LMT,DIPR (10.7127%); SHLD (8.2725%); DUTY (7.322%); FOWF (7.2747%); IDEF (6.8653%); MISL (6.1048%); GCAD (5.8483%); PPA (5.7198%); NATO (5.1686%); FCTE (5.026%); WDGF (4.9797%); ICAP (4.6934%); AV (4.2206%); ITA (4.0496%); WR (3.8118%); BDVG (3.3589%); DVAL (3.0863%); VALQ (2.3613%); INCE (2.1744%); TCAL (1.5803%)
LNC,MVPA (4.2669%); XSVM (1.4673%); PSCF (1.3145%); RWJ (1.1715%)
LNG,USAI (7.4359%); TPYP (7.1903%); BESF (6.1255%); EINC (6.0774%); TPZ (5.6644%); NBET (5.648%); TNGY (5.3236%); ENFR (5.0174%); MLPI (4.6824%); MLPX (4.5931%); FXN (4.465%); GASZ (4.4316%); NUIF (4.0551%); AMZA (3.941%); NVIR (3.8647%); BILD (3.7922%); JHAC (3.3403%); LOGO (3.1181%); BILT (2.8879%); TXS (2.4496%); MMID (1.4835%); VXF (0.5659%)
LNN,KROP (4.9714%)
LNT,UTES (5.087%); NUIF (5.0275%); EASY (4.3447%); RSPU (3.2454%); HALX (2.6694%); CDL (1.712%); CDC (1.71%); TPHD (1.6945%); MMID (1.408%); SPLV (1.2676%); TPLC (0.7407%); CFA (0.4004%); CFO (0.3995%)
LNTH,ZIG (3.5606%); GRPM (2.4022%); XHE (1.8159%); IVSS (1.2626%); AVUV (0.8624%); FLQS (0.8408%)
LNW,BETZ (4.7014%)
LOAR,RW (7.9583%); BCSM (3.1567%)
LOGN.SW,ISCF (0.4566%)
LONN.SW,PCIG (4.912%); EWL (2.5972%); FLSW (2.5836%)
LOPE,SOVF (2.9391%)
LOTB.BR,EWK (2.2662%)
LOW,FCTE (5.0093%); IEDI (4.9206%); RTH (4.6079%); ITB (4.0952%); XLY (3.0699%); HOMZ (2.7917%); SIXA (2.7195%); SIXH (2.6484%); COWZ (2.1494%); GXPD (2.0286%); VALQ (1.8533%); FDIS (1.8365%); VCR (1.8328%); TRUD (0.0974%)
LPP.WA,EPOL (3.6302%)
LQD,LQDM (99.9971%); MAMB (16.2588%)
LQDA,FFTY (3.5163%); CAFG (2.5359%); PTH (2.4984%); RZG (1.4506%); FYC (1.042%); AFSM (0.7391%); FYX (0.5578%)
LRCX,BULD (9.2779%); BCTK (8.8139%); SEMI (8.8106%); TMFE (7.8594%); SUPP (7.4486%); AFOS (7.2683%); TOLL (7.1702%); VSMV (6.6906%); BDIV (6.6723%); FRWD (6.6451%); MFMO (6.6137%); CARK (6.5722%); CTEF (6.4722%); QLTY (6.3505%); EUV (6.2698%); XPND (5.9679%); HBMX (5.9612%); ACEP (5.8881%); PSI (5.8045%); GARY (5.7894%); TINY (5.7731%); MFIG (5.6805%); TGLR (5.6513%); BEEZ (5.6499%); TEC (5.63%); DEMZ (5.5687%); SPHQ (5.5088%); XNTK (5.4895%); JHAI (5.437%); NXTE (5.3658%); QQQA (5.3007%); TEK (5.2903%); SMH (5.2307%); ULTI (5.2011%); BAI (5.1813%); QUAL (5.1461%); QUSA (5.1442%); JTEK (5.0691%); SPRX (5.0264%); SOXQ (4.9503%); QQQG (4.8964%); SOXX (4.8944%); SHOC (4.8723%); TOS (4.7036%); RULE (4.6267%); KNOW (4.5489%); EPAI (4.5411%); PGRO (4.5271%); SPMO (4.4824%); CHPS (4.4406%); RDVI (4.4247%); RDVY (4.4204%); EQRR (4.28%); HEQQ (4.2646%); PWB (4.2126%); ROCQ (4.1755%); BOBP (4.1594%); PEXL (4.1294%); SNPG (4.106%); TDV (4.0481%); FTXL (4.0371%); CLCG (4.0338%); MTUM (3.9952%); STNC (3.9376%); LOUP (3.9342%); SEIM (3.863%); QDF (3.8323%); NRSH (3.8242%); COWG (3.7782%); RSMV (3.7419%); IETC (3.6509%); VEGN (3.6293%); SIXA (3.6007%); NVPS (3.5918%); ABFL (3.5797%); FMTM (3.5759%); STXD (3.574%); DYNF (3.5543%); GROZ (3.5131%); SIXH (3.5065%); DVVY (3.4665%); XLK (3.4529%); QGRO (3.4168%); PTF (3.3896%); LCAP (3.3746%); ARWG (3.3694%); NULG (3.3659%); FFTY (3.3015%); RFFC (3.2803%); BAY (3.2573%); PALC (3.2472%); AGRW (3.1476%); DUHP (3.14%); GFLW (3.1162%); USRD (3.0587%); IQM (2.9358%); PJUS (2.9085%); JEPQ (2.8649%); QTEC (2.852%); JHDV (2.8019%); GVIP (2.7665%); QQEW (2.6717%); EMOT (2.6223%); CRTC (2.5692%); DIVN (2.5472%); THNQ (2.5465%); SCEP (2.4858%); FXL (2.4841%); RPG (2.3906%); VIG (2.3589%); VUS (2.3424%); AVUQ (2.3149%); NACP (2.29%); BRCE (2.2862%); EMSF (2.282%); CDEI (2.2804%); GXPT (2.2401%); FWD (2.1851%); FDMO (2.1804%); NULC (2.1793%); VGT (2.1431%); OPTZ (2.1269%); LRND (2.1109%); ENHU (2.0998%); FTEC (2.094%); FMAG (2.0903%); USXF (2.0887%); AFLG (2.0338%); OMFL (2.0021%); NBCR (1.998%); PFM (1.9834%); FLQL (1.9748%); FQAL (1.9628%); JSTC (1.9379%); JGRO (1.8939%); ALTL (1.8683%); SPHB (1.8672%); AVLV (1.8588%); HIDV (1.7865%); MNZL (1.7841%); LCDS (1.7539%); JOYT (1.7402%); SURE (1.7308%); RSPT (1.7246%); VFQY (1.709%); AVSU (1.6151%); SCHV (1.601%); GURU (1.5942%); JEPI (1.5638%); DSI (1.5541%); INFO (1.54%); JVAL (1.5206%); MFUS (1.469%); QTUM (1.4306%); ROUS (1.3803%); EFIV (1.3584%); SNPE (1.3567%); QQQE (1.3431%); QEW (1.3404%); EQWL (1.3177%); AVUS (1.2808%); JOET (1.2275%); ROE (1.0838%); VFMO (1.0785%); TRUT (0.8225%); RSPE (0.7124%); WDAI (0.7096%); BTAL (0.5435%); JPUS (0.4725%); EUSA (0.2876%); DFVE (0.286%); RSP (0.2609%); GSEW (0.2509%)
LREN3.SA,EWZS (4.8823%); OTGL (3.2106%)
LRGF,FLCE (18.8353%)
LRLCY,QLTI (3.8182%)
LSCC,SNSR (6.6813%); MCOW (4.3293%); WAR (4.0528%); SMHX (4.0516%); SQLT (0.849%)
LSEG.L,FDIQ (4.4371%)
LSEGY,EAGL (6.4155%)
LST,LCR (4.6563%)
LSTR,RISN (4.0814%); MGMT (2.7243%); SMLV (0.5422%)
LT.NS,NDIA (4.5088%); INDY (4.4298%); IPAV (3.3457%); INDH (2.767%); INDZ (2.434%); IND (2.3592%); INDA (2.1396%); FLIN (1.7273%)
LTC,SRET (3.5065%); XSLV (1.097%)
LTH,PSCD (2.4866%); SCDS (0.8326%)
LTM.SN,ECH (12.1489%); FRDM (3.7717%); ECOW (2.176%)
LTMC.MI,BETZ (5.3178%); FPXE (3.1472%); WCMI (2.9648%); IVSX (1.3112%)
LTR.AX,LITP (8.4607%); ILIT (7.1314%); ION (3.917%); LIMI (3.8686%)
LUG.TO,GOEX (3.3969%); SGDM (3.3635%)
LULU,STYL (3.6766%); PSAI (1.554%)
LUMI.TA,EIS (8.2439%); ISRA (5.3999%)
LUMN,PSCU (7.1532%); DUSG (0.5813%); IWN (0.4817%); VTWV (0.4796%)
LUN.TO,ICOP (4.3563%); COPP (4.3149%); COPA (3.354%)
LUNR,JEDI (5.8467%); WAR (4.9495%); NASA (3.8249%); MARS (2.9237%)
LUV,JETS (10.646%); CAMX (4.8601%); LSAT (4.0714%); IYT (3.1399%); XTN (3.0564%); WTV (1.933%); RSPN (1.4399%); MAGA (0.8681%)
LVHI,FINT (6.8765%)
LVS,ODDZ (8.6572%); PEJ (4.292%); BUL (4.0166%)
LW,PSCC (9.5557%); FXG (3.4989%)
LXP,NETL (4.0916%)
LYC.AX,REXC (20.2118%); REMX (6.7519%); SETM (5.0823%); METL (3.8053%); EART (3.5928%); KARS (2.7089%)
LYFT,XTN (2.685%); SFLO (1.3678%)
LYG,CDIG (4.4053%)
LYTS,TSME (2.5423%)
LYV,MUSQ (13.2966%); RSPC (5.0986%); TOGA (4.5066%)
M,XMVM (2.4003%); RFV (1.7474%); FXD (1.7359%); VMAX (1.699%); FNK (0.899%); AVUV (0.7612%)
M&M.NS,FTAG (4.5027%); INCO (4.4765%); INDH (3.0776%); GIND (2.5188%); INDA (2.0624%); FLIN (1.758%)
MA,AKRE (13.857%); LATR (12.0786%); KYC (8.0157%); IYG (6.0366%); IPAY (6.0226%); TFNS (5.7796%); BCFN (5.5619%); XLF (5.4526%); BCHP (4.9212%); IYJ (4.8718%); FNCL (4.8539%); SPHQ (4.8471%); VFH (4.7391%); PCGG (4.6896%); QOWZ (4.616%); LCOW (4.5756%); TMFE (4.5695%); XPND (4.5567%); PCLG (4.5493%); JGRW (4.5348%); VDIG (4.3622%); SXQG (4.3621%); FDFF (4.3529%); OUSA (4.3415%); MFIG (4.2809%); GABF (4.0285%); USMC (4.0101%); GARY (3.9978%); ABIG (3.8758%); TMFG (3.8666%); BKCG (3.7448%); VUSG (3.7413%); BBHL (3.6446%); BAFE (3.5252%); JGLO (3.4603%); GGRW (3.4507%); CZAR (3.3647%); TFGZ (3.3046%); PWB (3.2675%); CGGG (3.2538%); NUGO (3.0931%); LCLG (3.0889%); CLCG (2.8385%); PEVC (2.8047%); STXD (2.77%); IXG (2.7657%); WINN (2.6455%); SEIQ (2.6027%); GQI (2.4399%); PALC (2.2611%); RECS (2.2224%); PFDE (2.2105%); TRUF (2.1748%); VSLU (2.1672%); OMFL (2.0605%); PSET (1.7432%); USXF (1.6233%); QUS (1.4562%); BDVL (1.2888%); JSTC (1.0144%)
MAA,SPRE (5.0599%); JRE (3.4473%); REZ (3.2977%)
MABANEE.KW,KWT (3.9073%)
MAC,REIT (4.7872%); PSCF (1.5599%); IWN (0.4657%); VTWV (0.4623%)
MAERSK-B.CO,BOAT (4.4845%); EDEN (2.5081%)
MAGS,HBTA (8.0286%); SFTY (6.1667%); STOX (6.1537%); THMR (3.3811%)
MAHABANK.BO,INDQ (4.0874%)
MAIN,FBDC (11.8197%); PEX (7.2818%); PBDC (6.3817%); BIZD (5.2499%); PEY (2.4197%)
MAN,RWJ (1.1433%)
MANE,LFSC (3.6288%); SBIO (2.7241%); XPH (2.0174%)
MANH,MCOW (2.5804%)
MAR,PEJ (4.582%); WNDR (3.6869%); YUNG (3.5895%); PEZ (3.3632%); SAMM (3.191%); XLY (2.0164%); GXPD (1.3357%); FDIS (1.2971%); VCR (1.2742%); TRUD (0.0656%)
MARA,DAPP (4.7881%); NODE (3.5175%)
MARK.QA,QAT (4.3144%)
MARU,SPBU (8.2939%)
MARUTI.NS,INCO (4.5738%); INDZ (2.9206%); NFTY (2.1403%)
MARW,SPBW (8.3671%)
MAS,FIW (4.1204%); XHB (3.4987%); MVAL (3.0901%); ITB (3.033%); MOAT (2.9309%); ESN (2.5914%); EPMB (2.1467%); QVAL (2.0598%); DGLO (2.0462%); BUYB (1.8302%); SMOT (1.543%); DSMC (1.1372%); ISCB (0.254%)
MATX,BOAT (4.2957%); MVFD (2.9094%); HULL (2.8342%); ECML (2.3849%); AVUV (1.0172%); AFMC (0.9309%); FNK (0.8098%); AFSM (0.7268%); EES (0.7154%)
MAU.TO,GBUG (3.6937%)
MAUG,LADM (8.2336%)
MAX,JPSV (2.0618%)
MAXHEALTH.BO,NFTY (2.0972%)
MAYU,SPBU (8.423%)
MBB,WTBN (25.9811%); MAMB (18.765%); DUKZ (14.976%); IRTR (12.7834%); ITDB (9.8233%); ITDC (8.413%); FOPC (6.9594%); TBFC (5.8803%); ITDD (5.7752%); ITDE (3.3995%); ITDF (0.5345%)
MBG.DE,EFFI (2.8498%); IDV (2.1428%)
MBIN,MGMT (2.6132%)
MBK.WA,EPOL (3.6995%)
MBLY,CABZ (4.4007%); IZRL (1.9234%)
MBMA.JK,NIKL (11.1443%)
MBRF3.SA,EDOG (2.2442%); SDEM (2.0837%)
MBT.XPHS,EPHE (4.2604%)
MBX,XPH (2.7178%); BBC (0.9652%)
MC,XSHQ (1.7785%)
MC.PA,EWQ (6.4035%); HEDJ (4.0782%); PIEL (3.5836%); EUDG (3.3592%); IQDG (3.3529%); IHDG (3.2946%); DNL (3.0159%); FEOE (2.7613%); RXI (2.2123%); FEGE (1.7253%); QINT (1.598%); DIHP (1.3382%); DFSI (0.6085%)
MCB,AIMS (1.0153%)
MCD,PTNT (7.3742%); DOGG (5.1976%); XLY (4.1503%); OUSA (3.3425%); IYC (3.1816%); GXPD (3.1581%); RXI (3.0244%); VCR (2.8294%); FDIS (2.8098%); TCAL (1.6819%); TRUD (0.5465%)
MCH.VN,VNM (5.0224%)
MCHI,SSXU (12.5944%); CORO (3.4065%); RFEM (3.0934%)
MCHP,KNGZ (3.6228%); PJFM (3.4155%); MMID (1.4554%)
MCHPP,SPFF (3.7364%); PFXF (2.7966%); PFFD (1.7715%)
MCK,FCTE (5.018%); SEMG (4.6977%); TXS (4.5338%); GKAT (4.4665%); RTH (4.289%); KAT (4.1352%); FXG (3.7375%); IYK (3.5415%); PEZ (3.0115%); SELV (2.3459%); WBIF (2.0492%); RWL (1.9772%); LST (1.5614%); ONEV (0.9443%); VFMF (0.8387%); DEUS (0.6611%)
MCO,AKRE (7.1533%); FDIQ (4.978%); IAI (4.6108%); OMAH (4.583%); GABF (4.3112%); BCFN (3.6776%)
MCRI,VICE (5.8044%); BEDZ (5.337%); SCDS (0.9149%); SQLV (0.6389%)
MCX.NS,GLIN (3.3065%); INDZ (2.769%)
MCY,IVSS (1.3231%); GVLU (0.5111%)
MCY.NZ,RNRG (4.4116%); ENZL (4.1225%)
MD,ROSC (1.0548%)
MDA.TO,ORBX (5.4566%); BOTT (4.8081%); WARP (4.7977%); DIPR (4.3091%); NASA (4.0112%); UFO (3.7963%); MARS (3.2025%)
MDB,XDAT (3.7123%); SKYY (3.2708%); RBLD (1.3894%)
MDCR,LADM (8.244%)
MDI.TO,METL (3.8248%)
MDLN,IPO (5.0542%); FPX (2.4997%); XHE (1.7633%); QQQJ (1.6373%)
MDLZ,FTXG (8.0008%); XLP (4.1468%); IYK (3.0527%); FSTA (2.5662%); GXPS (2.5405%); VDC (2.4986%); MOAT (2.4354%); IMCV (1.0929%); TRUO (0.6383%)
MDT,ABEQ (5.0557%); IHI (4.4042%); YUNG (4.0051%); UDI (3.0032%); AIVL (2.9889%)
MDU,PSCU (4.3558%)
MDYV,USEW (1.8542%)
ME8U.SI,IDLV (0.7144%)
MEC,SVAL (0.6307%)
MEDP,MCOW (3.2224%); ALIL (3.1358%); AMID (3.0657%); XMHQ (2.9203%); AZTD (2.5463%); GRPM (2.1743%); HTEC (2.0017%); QMID (1.2025%); DUSG (0.5785%)
MEL.NZ,RNRG (5.9071%); ENZL (4.2198%)
MELI,ARGT (22.8955%); BGCG (9.2784%); EMQQ (8.3418%); FMQQ (7.4676%); CDIG (7.0099%); EAGL (6.9076%); PCIG (6.8511%); PFOE (5.1546%); MVPA (4.4514%); KYC (4.1828%); PLGI (3.7346%); KEMQ (3.571%); XC (3.4431%); BUYZ (3.256%); TXUG (3.1741%); LOGO (3.0703%); TEMX (3.0384%); EMMF (1.4616%); CGNG (1.3191%)
MER.XPHS,EPHE (4.1348%)
MET,SHRY (5.2973%); IAK (4.2373%); TEQI (2.0415%)
META,METW (23.8092%); FCOM (20.4571%); VOX (20.3082%); XLC (19.8818%); GXPC (19.4277%); IXP (16.6149%); AIUP (14.8839%); TRUC (9.9555%); FDN (9.8265%); FDRS (9.8103%); FDND (9.8058%); GAMR (9.6467%); SOCL (9.1477%); GGME (7.8664%); PNQI (7.7013%); IGPT (7.3108%); LSGR (6.8782%); FEPI (6.5607%); CGGR (6.3917%); XDAT (6.3607%); FFF (6.2568%); LRGE (6.2161%); DRUP (6.0593%); OGIG (5.9899%); RECS (5.6406%); QGRW (5.5556%); FDCF (5.5447%); OWN (5.4388%); TSEL (5.4123%); DUSA (5.252%); GMOV (5.2321%); LCF (5.1773%); FCTE (5.031%); CGGG (5.0171%); RVER (4.9557%); NBGX (4.9478%); AVRY (4.8156%); PEXL (4.7933%); TFGZ (4.7614%); TCHP (4.6707%); RSPC (4.6006%); KONG (4.5792%); XIGV (4.5773%); IVES (4.5335%); XOVR (4.4677%); GEOA (4.4072%); TMFE (4.3132%); TOPT (4.2996%); TLG (4.2905%); DFVX (4.2801%); MAVF (4.2043%); TCAF (4.2031%); IGM (4.1645%); LCOW (4.1533%); KQQQ (4.134%); IWLG (4.1076%); HAPI (4.0704%); BDGS (4.067%); XLSR (4.0635%); MGK (4.0617%); IWFG (4.0522%); CGDV (4.0077%); AQLT (3.9957%); BLCR (3.9951%); CRTC (3.9804%); GGRW (3.9053%); VSLU (3.8949%); MFIG (3.8907%); BUYZ (3.8811%); FTCE (3.8665%); PGRO (3.8595%); TGRW (3.8569%); QARP (3.8529%); ALAI (3.8526%); FMAG (3.8344%); QLTY (3.8272%); ACSI (3.8248%); HFGO (3.8244%); QQH (3.759%); SEIQ (3.7396%); QUAL (3.718%); NULV (3.7154%); PEVC (3.715%); GTOP (3.7087%); TECB (3.7058%); TAOZ (3.6894%); LRND (3.6803%); IWY (3.6764%); BCUS (3.6439%); BAFE (3.6418%); IYW (3.6185%); USFE (3.6094%); BKCG (3.6079%); AVUQ (3.5903%); BGRO (3.577%); CAPE (3.5391%); AGRW (3.5129%); PRXG (3.5009%); SPYG (3.4845%); IVW (3.4827%); EVUS (3.4818%); VOOG (3.4778%); TMFC (3.4713%); BAY (3.4644%); DUHP (3.4494%); PJFG (3.4249%); VUG (3.3994%); CGVV (3.3851%); GSGO (3.3729%); GGUS (3.361%); NACP (3.3594%); FFOG (3.3589%); RND (3.3587%); CGUS (3.3485%); IUSG (3.3069%); MPLY (3.2551%); FELG (3.2392%); BAMG (3.2365%); DFSU (3.1887%); HLAL (3.1873%); AGIX (3.1633%); SWP (3.1045%); SPXT (3.0897%); QDVO (3.0717%); XLG (3.0417%); BUZZ (3.0028%); IWF (3.0015%); NULC (2.9946%); VONG (2.9917%); TGRT (2.9862%); WLTG (2.9841%); WRND (2.9825%); DGRW (2.9703%); GLBL (2.9324%); BCGD (2.9094%); EPS (2.8846%); LRGC (2.8678%); XCHG (2.8552%); FPAG (2.8348%); GPIQ (2.7975%); FBCG (2.7769%); RGEF (2.7342%); SPIN (2.7278%); BKLG (2.7019%); HQGO (2.6754%); OEF (2.6727%); LDRX (2.6705%); WINN (2.6274%); QRFT (2.6226%); PJUS (2.5318%); RILA (2.5302%); LGDX (2.527%); GSPY (2.5056%); IUS (2.4657%); SGLC (2.4293%); LCDS (2.4174%); GDE (2.4135%); STXG (2.4063%); ILCV (2.4031%); JOYT (2.3985%); ROCY (2.3758%); USCL (2.3669%); JEPQ (2.3577%); USCA (2.3499%); MGC (2.3373%); TSPA (2.3214%); AVLV (2.3025%); FYEE (2.2306%); GQI (2.2303%); IWL (2.228%); PSAI (2.2219%); SPXN (2.2178%); QVML (2.2168%); BRCE (2.2139%); INFO (2.191%); AIEQ (2.1774%); FELC (2.1691%); XVV (2.1559%); USNZ (2.1522%); JGRO (2.1271%); ESGV (2.1195%); QUS (2.1152%); WAMA (2.1105%); MSLC (2.1068%); NTSX (2.1045%); AVSU (2.1031%); SPXV (2.1031%); AAEQ (2.086%); FHEQ (2.0642%); JUSA (2.0602%); LSVD (2.0391%); FVAL (2.0266%); ENHU (2.0219%); DXUV (2.0201%); AAUS (1.9987%); NBCR (1.991%); AVTM (1.9859%); SPYX (1.9824%); MODL (1.9774%); SPXE (1.9753%); AVUS (1.9744%); RAUS (1.9626%); VV (1.95%); FQAL (1.9465%); GSUS (1.946%); ACIO (1.9446%); HDUS (1.9404%); DCOR (1.9346%); CHRI (1.9338%); XRMI (1.9325%); CATH (1.9306%); ADME (1.928%); GSLC (1.9277%); PTLC (1.9164%); IVV (1.9159%); PBUS (1.9152%); SPY (1.9144%); VOO (1.9143%); REVS (1.9124%); USPX (1.9109%); BBUS (1.9106%); SPYI (1.908%); XSPI (1.908%); SFY (1.9047%); SPYH (1.9041%); AVLC (1.9023%); TACU (1.8995%); LCTU (1.8989%); XTR (1.8987%); AAUA (1.8951%); FDRR (1.8936%); VOTE (1.8914%); BKLC (1.8889%); FLRG (1.8854%); XCLR (1.884%); ILCB (1.8818%); TOV (1.8708%); JAVA (1.8624%); KLMN (1.8444%); UDIV (1.8435%); SCHX (1.8362%); DFAU (1.8157%); DLN (1.7937%); QWLD (1.7881%); FEGE (1.7856%); ESGU (1.7847%); IWB (1.7838%); SCHK (1.7828%); IYY (1.7824%); DFUS (1.7815%); VONE (1.7797%); SPTM (1.7634%); GUSA (1.7631%); DFAC (1.7592%); APUE (1.7312%); GUSE (1.7302%); JVAL (1.7254%); LRGF (1.721%); SCHB (1.7079%); IWV (1.7058%); VTHR (1.7045%); VTI (1.7007%); NELS (1.6956%); LGH (1.694%); ITOT (1.6912%); JQUA (1.6818%); GPIX (1.6809%); EQL (1.6756%); ISPY (1.6262%); DSPY (1.5936%); TILT (1.5804%); JHML (1.5659%); RGLO (1.5528%); JPFP (1.5085%); JMOM (1.488%); TOK (1.469%); DTD (1.4679%); KOKU (1.4639%); GINN (1.4572%); PRF (1.4086%); URTH (1.385%); XXX (1.3059%); KLMT (1.2445%); ACWI (1.2149%); EBI (1.1251%); KRMA (1.1192%); GLOF (1.0934%); SPGM (1.0703%); VT (1.0606%); SSPY (0.6847%)
METSO.HE,EFNL (4.0511%)
MF.PA,PEX (3.8732%)
MFA,DVDN (5.3828%); KBWD (3.5618%); MDIV (1.5999%); CRDT (1.0972%)
MFC.TO,GMOI (2.1539%)
MFEB,LADM (8.2504%)
MFSB,BLUI (19.7284%)
MFSL.BO,SMIN (1.2012%)
MFUT,TRTY (5.9924%); GMOM (5.6802%); ENDW (5.2244%)
MG.TO,GINX (2.5415%); DEEF (0.7993%)
MGC,TDSC (4.9938%)
MGEE,CSB (1.5562%); TPSC (0.3873%)
MGK,TBFG (5.3748%); LEXI (4.6618%); TBFC (4.1747%); WLTG (3.4599%); XCOR (1.5153%)
MGM,ODDZ (5.8281%); DUSA (5.2555%); NITE (4.9976%); DWLD (3.9604%)
MGMXX,DMX (5.8673%); DABS (5.156%); DCRE (4.9398%); DCMT (3.7385%); JPHY (3.3881%); ROCY (2.4517%); BBMC (1.1081%); BBSC (1.0006%); BBEM (0.9539%)
MGOR.TA,IMOM (2.1077%); GWX (0.3265%)
MGV,MFUL (5.0738%)
MGY,PSCE (5.3531%); SCOW (3.2821%); HAPS (1.6436%)
MHD,RTAI (17.5093%)
MHK,PSCD (2.4625%); FXR (1.2775%); FNK (0.851%)
MHO,HOMZ (1.6863%)
MICC.AS,BAIV (3.6479%)
MIDD,TMSL (1.0762%)
MILDEF.ST,WAR (7.167%)
MIN.AX,ILIT (7.9992%); ION (3.5662%)
MINEROS.CL,GVAL (1.8782%)
MINT,THRV (9.216%); CMDT (5.9468%); LEXI (5.2555%)
MIR,TNUK (7.6778%)
MIRM,LFSC (4.9462%); FSCC (1.0018%)
MIST,SURI (5.8097%)
MISXX,FTGC (24.6701%); FAAR (24.0817%); FMF (23.8571%); FTSL (6.8244%); LMBS (5.0108%); EMLP (4.8621%); EIPX (4.6375%); FCEF (4.3721%); FRI (3.8932%); MGOV (2.64%); SCIO (1.9846%); FTCB (1.9456%); MMSC (1.3888%); LDSF (0.3017%)
MITK,XSW (0.919%)
MJUN,LADM (8.2591%)
MKC,VSDA (2.2446%); ANEW (2.0494%)
MKL,DFNL (6.0897%); DUSA (5.4023%); KAT (5.3998%); PJFM (4.1912%)
MKSI,SPRX (6.788%); FOTO (5.1472%); TSCM (4.4866%); SCAP (4.2986%); PRN (3.7485%); ARWG (3.3373%); SMCO (3.2844%); XMMO (2.9493%); TSCV (2.6489%); TMVE (2.2585%); PAMC (1.5901%); BUYO (1.5066%); QTUM (1.4951%); FTC (1.3618%); MIDE (1.1989%); TMSL (1.1668%); IQSM (1.1008%); XJH (0.9325%); QVMM (0.9221%); SPMD (0.8271%); PTMC (0.8246%); IJH (0.8245%); IVOO (0.821%); FEX (0.7427%); JMEE (0.7061%); FAD (0.687%); BKMC (0.6721%); BBMC (0.6194%); BTAL (0.5579%); SCHA (0.5568%); JHMM (0.5435%); FNDA (0.5066%); FSMD (0.4795%); UMDD (0.4387%); SMMD (0.3965%); VB (0.3598%); GSEW (0.2603%)
MKTX,CVAR (3.1976%); SCOW (2.6017%)
ML.PA,IDOG (2.097%)
MLI,CWS (4.2393%); SMCF (3.9569%); FIW (3.7795%); GDIV (3.6652%); RISN (3.0078%); ECML (2.388%); AFMC (1.169%); SYZ (0.8755%)
MLM,PKB (4.6801%); XLB (4.5422%)
MLPA,BLUI (9.5853%)
MLPX,HNDL (6.0174%)
MMAR,LADM (8.2506%)
MMAY,LADM (8.2539%)
MMD,RTAI (3.346%)
MMM,IMCV (1.2315%)
MMT.PA,FYLD (1.0346%)
MMU,RTAI (10.7003%)
MMYT,INQQ (4.9123%); AWAY (4.3998%)
MNA,XFLX (8.3155%)
MNDI.L,WOOD (5.7988%)
MNG.L,EFAS (2.2228%)
MNPR,BBC (0.9618%)
MNR,BESF (5.0223%); MDIV (1.5039%)
MNST,BREW (6.0144%); PBJ (5.6048%); FTXG (4.7993%); LSGR (4.7118%); VICE (4.6756%); XLP (4.4472%); PSL (3.907%); RSPS (3.1536%); IYK (3.0004%); FTCS (2.5251%); FTGS (2.4854%); FGSI (2.481%); FSTA (2.403%); VDC (2.3994%); GXPS (2.3345%); WBIL (2.2162%); QQXT (2.0343%); MAGA (0.8156%)
MNVR,LADM (8.241%)
MO,SIXA (5.4677%); SIXH (5.325%); WBIY (5.2171%); VICE (4.6626%); FDL (4.6469%); DURA (4.6228%); XUDV (4.5676%); XLP (4.5271%); GQGU (4.5031%); IYK (4.3311%); GEND (4.1976%); GXPS (4.1319%); FSTA (4.0319%); VDC (3.9686%); DHS (3.7963%); SPHD (3.6231%); VSDA (3.4961%); ZIG (3.4713%); VSMV (3.3215%); PSL (3.318%); AIVL (3.2246%); KXI (3.2051%); SHRY (2.9243%); VLLU (2.8739%); LVHD (2.6621%); SEIQ (2.652%); REVS (2.5528%); PEY (2.4788%); SELV (2.435%); BFLX (2.4138%); DVY (2.2562%); DIVG (2.2342%); DIV (2.1961%); TRUO (2.1538%); ECML (2.0814%); FLOW (2.059%); GCOW (2.0515%); COWZ (2.0476%); QFHD (1.9994%); JHDV (1.9931%); WDIV (1.7389%); DSTL (1.5935%); AUSF (1.5224%); DEW (1.4267%); RECS (1.3804%); ONEY (1.0451%); VFMF (0.9439%)
MOD,CTEF (5.0554%); TSME (3.4106%); FRTY (3.311%); ALIL (3.2097%); HYP (2.5089%); NUSC (0.9422%)
MOG-A,GCAD (5.3167%); EPSV (4.014%); SCAP (3.8337%); EPSB (3.695%); ROKT (3.3887%); XAR (2.8552%); GSC (2.3101%); FLQS (1.0708%); SCDS (0.9944%); IWO (0.7269%); VTWG (0.7155%); BBSC (0.4508%); RSSL (0.3772%); IWM (0.3757%); VTWO (0.3688%); ITWO (0.3237%); HDG (0.0567%)
MOH,SOVF (5.5571%); PSCH (5.2858%); RWJ (3.1737%); FXH (2.7873%); ECML (2.1171%); RZV (1.4362%); IJS (1.2796%); VIOV (1.2748%); SLYV (1.2744%); SEIS (0.9109%); XJR (0.7231%); SPSM (0.6457%); IJR (0.6448%); VIOO (0.6444%); QVMS (0.6274%); FLDZ (0.6131%)
MOH.AT,GREK (3.5856%)
MONET.PR,GVAL (2.9498%)
MOO,RLY (3.147%)
MORN,SMLL (3.6129%)
MOWI.OL,GLCR (4.1525%); ENOR (3.9108%); NORW (3.9092%); CSNR (2.6629%)
MP,REXC (19.3257%); REMX (5.9456%); XME (4.3805%); SETM (3.424%)
MPC,IEO (10.174%); CRAK (8.1478%); TNGY (7.9794%); PXI (6.0956%); PXE (5.4904%); FTXN (5.1009%); DRLL (4.7763%); RSPG (4.697%); WEEI (4.5799%); XLE (4.4564%); AFOS (3.9231%); GXPE (3.7548%); IYE (3.6779%); PKW (3.5162%); MDPL (3.4702%); FENY (3.4071%); VDE (3.3633%); ESN (3.2284%); GEOA (2.8508%); EQRR (2.5429%); WCEO (1.5738%); VOE (1.2843%); MCDS (1.0889%); IWR (0.5429%)
MPL.AX,EFFI (2.6188%)
MPLT,ASD (2.8862%)
MPLX,AMLP (12.991%); MLPA (11.7433%); AMZA (11.5377%); USNG (6.6056%); DIVZ (5.6148%); ENFR (5.0219%); UMI (4.7063%); MLPX (4.6957%); EIPI (4.6033%); TPZ (4.5154%); EINC (4.5035%); EMLP (4.1731%); EIPX (3.9548%)
MPWR,QCLN (7.6726%); MID (6.3411%); KMID (5.3978%); GLRY (4.5499%); NBDS (3.6579%); AMEM (3.3234%); AMID (2.9167%); QQQG (2.4646%); RPG (2.0686%); JHMM (0.5238%)
MQG.AX,EWA (4.4482%); FLAU (3.6425%); BBAX (2.9923%); EPP (2.8862%)
MQY,RTAI (13.5496%)
MRCY,DIPR (5.512%); XSPC (5.1539%); BCSM (2.5559%); XSMO (2.4093%); FFOX (2.1918%); GSC (1.7227%)
MRK,PPH (9.8532%); FTXH (7.0703%); GDOC (6.6882%); DOGG (6.4624%); NOEQ (6.3049%); DJD (5.9843%); BMED (5.9016%); TRUH (5.5225%); XLV (5.5138%); DURA (5.3875%); IYH (5.3356%); PJP (5.1139%); PBPH (4.9838%); PAWZ (4.8645%); JDOC (4.7818%); FLAG (4.773%); VHT (4.6703%); FHLC (4.6472%); IHE (4.5482%); SCHD (4.5225%); TBG (4.3743%); GVLE (4.3074%); DHS (4.2732%); DIVP (4.2068%); TECB (4.1503%); HDV (4.1241%); HRTS (4.1227%); IXJ (4.117%); DIVN (4.0138%); MEDX (3.9553%); IDNA (3.7051%); GEND (3.6766%); EDOW (3.5087%); PWV (3.4986%); CANC (3.4371%); OUSA (3.2234%); AGNG (3.138%); VFLO (2.9802%); GMOV (2.9427%); DSTL (2.9385%); BUSA (2.7015%); CSTK (2.6786%); SELV (2.6614%); VUSV (2.6426%); VALQ (2.5824%); DVVY (2.5144%); NUDV (2.3992%); MBOX (2.3908%); BLCV (2.3798%); FBCV (2.2341%); RAFE (2.2119%); SDOG (2.2018%); FTCS (2.175%); LOWV (2.1205%); SMRI (2.1197%); FFLV (2.119%); RKSG (2.0138%); PY (1.9807%); VMAX (1.9169%); ITAN (1.8761%); ESMV (1.5423%); DEW (1.38%); DFLV (1.3611%); VFMF (0.8925%); RCGE (0.5368%); FVD (0.4345%); THEQ (0.2512%)
MRK.DE,BKCI (4.1475%); FEOE (2.6603%); FEGE (1.7394%); RCGE (0.5376%)
MRNA,LGHT (7.9799%); IDNA (5.1413%); GNOM (4.2562%); WDNA (4.1489%); BMED (3.7777%); GNMX (3.7412%); FMED (2.5356%); PTH (2.5164%); RSPH (2.4715%); IBBQ (1.9428%); BBP (1.8799%); XBI (1.4122%); IQSM (0.8827%); RSPE (0.8051%); NIXT (0.72%); BTAL (0.5521%); VBR (0.5337%); RSP (0.2949%); GSEW (0.292%)
MRO.L,XDEF (4.6188%)
MRP,KBWY (5.174%); GRPZ (2.065%); RIET (1.5818%)
MRP.JO,EDOG (2.1414%)
MRSH,KBWP (7.5769%); FLV (4.5772%); MDPL (3.5344%); RUNN (1.9055%)
MRVI,NIXT (0.799%)
MRVL,FDTX (9.7281%); FTXL (7.946%); QQQA (7.4783%); XNTK (7.1747%); SDG (6.6978%); EQRR (6.555%); AIFD (6.2437%); WUGI (5.7774%); DTCR (5.7667%); SMHX (5.2825%); SOXQ (5.2818%); CHPX (4.8797%); SOXX (4.8751%); QNXT (4.7603%); GTEK (4.6393%); ARTY (4.5652%); FAI (4.5466%); CHPS (4.333%); SPRX (4.2621%); SHOC (4.1325%); NVPS (4.1167%); AIS (4.0747%); AIVC (3.8324%); ILDR (3.8084%); UFOX (3.7966%); FXL (3.6828%); PABU (3.68%); IGPT (3.6759%); FMTM (3.5263%); EUV (3.3731%); TIME (3.1039%); GVIP (3.061%); WBIL (3.0497%); QTEC (3.043%); BUZZ (3.0017%); SAMT (2.8067%); KNCT (2.5717%); XSD (2.4861%); SURE (2.0821%); FBCG (1.9746%); FTC (1.6928%); ESMV (1.6565%); NXTG (1.5304%); QQQE (1.4331%); QEW (1.4307%); XOEF (1.4287%); JOET (1.3846%); FCTR (1.2644%); ROE (1.0813%); FEX (0.9233%); FAD (0.8541%); BFOR (0.7423%); BLES (0.7117%); BTAL (0.5871%); CFA (0.3842%); CFO (0.3833%); DFVE (0.3166%); EUSA (0.3066%); SIZE (0.2937%)
MS,IAI (17.3161%); KBWB (7.5021%); PFI (5.0588%); CCOR (4.8596%); NYNY (4.5163%); NITE (4.4885%); BCFN (4.2866%); BWTG (4.2415%); JHAC (3.7847%); GVLE (3.7458%); IYG (3.6502%); IYF (3.6136%); PWV (3.3772%); XLF (3.2972%); TFNS (3.0993%); JPEF (3.0804%); FNCL (2.9182%); MBOX (2.8256%); VFH (2.7914%); MFSV (2.4365%); NUDV (2.4289%); NULV (2.0946%); LEGR (1.6989%); VUSV (1.6885%); IXG (1.6704%); DLN (1.5059%); TRUF (1.3175%)
MSA,TMDV (1.6619%)
MSCI,FDIQ (4.9799%); RONB (4.4683%); GFGF (4.4357%); IAI (3.9031%); BCFN (3.5879%); MID (3.3131%)
MSD,THRV (3.6337%)
MSFT,MSFW (32.7043%); VUSG (11.5575%); GXPT (10.9081%); TFGZ (9.9201%); TCHP (9.5934%); IWFG (9.5458%); LRGG (9.3661%); TGRW (9.1392%); LRND (8.9182%); BCHP (8.8449%); EGLE (8.7685%); TRUT (8.7275%); DRUP (8.6412%); FTEC (8.395%); VGT (8.2804%); PRXG (8.2333%); IYW (8.0887%); IGV (8.0721%); NPFE (8.0156%); PCLG (7.9287%); SPYG (7.8056%); IVW (7.8033%); VOOG (7.7904%); SUSL (7.7332%); USSG (7.7034%); VUG (7.5932%); DSI (7.5572%); FMAG (7.5458%); IGM (7.4852%); MGK (7.4753%); IXN (7.4524%); IUSG (7.4081%); PRCS (7.4002%); SPUS (7.2925%); EVUS (7.2628%); NULV (7.2542%); QGRW (7.2421%); XLK (7.2277%); PNQI (7.1648%); HLAL (7.134%); LCF (7.1214%); TDVI (7.1084%); TDIV (7.1035%); IOO (7.0312%); QDVO (7.0083%); EFIV (6.9409%); SNPE (6.9352%); RND (6.867%); SPTE (6.8633%); BLCV (6.8424%); XLG (6.8133%); BAMV (6.7962%); FMCX (6.7855%); GFGF (6.768%); FLCG (6.6944%); SEMG (6.6707%); SNPG (6.6177%); CMAG (6.4699%); GVLE (6.4549%); ILCV (6.3942%); MPLY (6.3551%); MAVF (6.3434%); VSLU (6.1942%); JGRW (6.152%); ALRG (6.1508%); BASG (6.1302%); JHDG (6.1046%); ONEQ (6.0751%); CARK (6.0208%); AVUQ (6.0068%); BKLG (5.9915%); OEF (5.987%); SEIQ (5.9846%); LDRX (5.9651%); QLTY (5.9224%); BBHL (5.9018%); SAWG (5.8882%); WINN (5.8748%); SCHG (5.8077%); QQH (5.802%); CNEQ (5.8009%); PABU (5.7963%); OGIG (5.7769%); GMOV (5.7718%); LGRO (5.7653%); DGRW (5.7469%); QUAL (5.7269%); REVS (5.7211%); QTOP (5.6995%); GROZ (5.6562%); SPIN (5.6357%); BALQ (5.5964%); ZECP (5.5761%); ABIG (5.5129%); HIS (5.5117%); CDEI (5.4999%); BDIV (5.4992%); IWX (5.4414%); TLG (5.4279%); JUDO (5.3959%); USSE (5.3937%); STXG (5.393%); USNZ (5.3706%); FDLO (5.3319%); SWP (5.3246%); CGDV (5.3235%); TMFC (5.3156%); DVGR (5.2921%); AGRW (5.2766%); FBCG (5.2655%); BKCG (5.2433%); MGC (5.2355%); GSGO (5.2318%); THRO (5.1874%); CLCG (5.1397%); LOWV (5.1317%); XCHG (5.1246%); VDIG (5.1175%); TCAF (5.1156%); HEQQ (5.0897%); FFOG (5.0878%); CGUS (5.0554%); USCL (5.0349%); FELG (5.0219%); FCTE (5.0209%); NANC (5.0194%); AAUS (5.0097%); USCA (4.9999%); FDRR (4.9985%); BGRO (4.9962%); ROCQ (4.9896%); IWL (4.9867%); CGGG (4.9791%); QQMG (4.9738%); SPXN (4.9719%); LRGC (4.9653%); KONG (4.9571%); LCDS (4.9518%); TOPT (4.9435%); FFLV (4.9384%); DIVO (4.9263%); KVLE (4.9187%); JOYT (4.9129%); ATFV (4.8936%); PRVS (4.8918%); YNOT (4.8883%); PCGG (4.8879%); QLV (4.885%); NUGO (4.8772%); GSPY (4.8687%); ROCY (4.8667%); OMFL (4.8642%); BAFE (4.8478%); XVV (4.8292%); AAEQ (4.8213%); LGDX (4.8154%); HEMI (4.8089%); QQHG (4.7946%); BELT (4.7908%); TSPA (4.7867%); GDE (4.7822%); ALAI (4.7809%); BALI (4.7572%); ESGV (4.7435%); HELO (4.7404%); LSGR (4.7387%); DEMZ (4.7339%); SPXV (4.7159%); QVML (4.703%); ESG (4.6905%); TUG (4.6873%); DFVX (4.6735%); JUSA (4.6662%); SEMI (4.6623%); FVAL (4.6456%); AIUP (4.6372%); ESGG (4.6273%); JUST (4.611%); PEXL (4.6056%); CGCV (4.5952%); IWY (4.5613%); FQAL (4.5561%); TDVG (4.5533%); CATH (4.5315%); HDUS (4.531%); QUSA (4.5256%); WOMN (4.5234%); FDG (4.5222%); SQS (4.5059%); LCOW (4.5001%); SXQG (4.4957%); IWLG (4.4796%); CAML (4.4612%); FEUS (4.4447%); TMFE (4.4408%); SPYX (4.4407%); RAUS (4.4406%); PHEQ (4.4291%); SPXE (4.4273%); ENHU (4.4186%); QQQH (4.4075%); QRMI (4.4072%); SGLC (4.4055%); LVDS (4.3926%); GLBL (4.3859%); AMGR (4.3823%); QQQI (4.3768%); XQQI (4.3768%); VV (4.3681%); NBCR (4.3672%); STXD (4.3617%); UDIV (4.3558%); QNDX (4.3491%); PTNQ (4.3482%); QQWZ (4.3471%); AAUA (4.3459%); ACIO (4.3448%); RFFC (4.3414%); PJFG (4.341%); QQQM (4.3408%); QQQ (4.3392%); AQLT (4.3349%); XRMI (4.3338%); ADME (4.3311%); INFO (4.3279%); SPYH (4.3249%); GSUS (4.3213%); JGLO (4.3164%); IQSU (4.3071%); NACP (4.302%); OALC (4.299%); USMC (4.298%); USPX (4.2979%); BBUS (4.2956%); SPYI (4.2952%); XSPI (4.2952%); PTLC (4.2945%); IVV (4.2917%); SPY (4.2882%); VOO (4.288%); TUGN (4.2878%); AGQI (4.2793%); FAI (4.2783%); QTR (4.2735%); MSLC (4.273%); CHRI (4.2722%); QCLR (4.2708%); XTR (4.261%); TOV (4.2604%); VOTE (4.2524%); HAPI (4.251%); XCLR (4.2375%); ILCB (4.2309%); DIA (4.2224%); FYEE (4.2196%); NBGX (4.211%); CRTC (4.2061%); PJFV (4.1921%); WAMA (4.1913%); INRO (4.1904%); BKLC (4.1847%); BDGS (4.1794%); KAT (4.1773%); NTSX (4.1717%); GQQQ (4.1668%); FLAG (4.1611%); FCLD (4.1479%); FLRG (4.1458%); JDIV (4.1425%); PEPS (4.1329%); TEC (4.1312%); MFSG (4.1267%); FHEQ (4.1089%); IWF (4.1057%); TACU (4.1013%); VONG (4.0926%); BEEX (4.0915%); ONOF (4.0902%); TEKX (4.0817%); DFAU (4.0813%); ESGU (4.0786%); PBUS (4.0761%); GSLC (4.0722%); SCHX (4.066%); FDVV (4.0502%); GTOP (4.0483%); STOX (4.0419%); SFTY (4.0391%); QSIX (4.0135%); ACVF (4.0114%); PJUS (4.0014%); CVLC (3.9987%); DUHP (3.9963%); BRCE (3.9949%); DXUV (3.9927%); IWB (3.9926%); IYY (3.9926%); FELC (3.9875%); GPIQ (3.985%); VONE (3.9834%); DFUS (3.977%); JHDV (3.9668%); TGLR (3.9642%); IETC (3.9616%); SPTM (3.9558%); SCHK (3.9509%); SHE (3.9307%); APUE (3.9285%); LRGF (3.9262%); WRND (3.9252%); GKAT (3.9197%); GPIX (3.917%); ACGO (3.9122%); GUSA (3.9107%); QDPL (3.9011%); KLMN (3.901%); GVUS (3.897%); VONV (3.8961%); ACSI (3.8921%); LGH (3.8862%); IWD (3.8825%); BLCR (3.8688%); RKSG (3.8685%); LCAP (3.8674%); JEPQ (3.8645%); SUSA (3.8629%); DYNF (3.8611%); IWV (3.818%); DVND (3.8178%); VTHR (3.815%); EQTY (3.8127%); VTI (3.8095%); FLQL (3.7993%); GGUS (3.7878%); ITOT (3.7878%); SCHB (3.7839%); SFY (3.7803%); QARP (3.7694%); PFDE (3.7666%); HIDV (3.7544%); SROI (3.7495%); PLGI (3.7459%); CLOD (3.7222%); OUSA (3.7073%); NELS (3.7043%); DLN (3.6936%); IQQQ (3.6934%); HQGO (3.6869%); RAFE (3.6796%); GGRW (3.674%); ISPY (3.6436%); SCLZ (3.6289%); HFGO (3.6146%); CGGR (3.5545%); SEPI (3.554%); PGRO (3.5406%); MODL (3.5339%); DFAC (3.533%); RGEF (3.5309%); XDAT (3.5151%); VIG (3.507%); MFSV (3.5011%); AVSU (3.4996%); KRMA (3.4956%); PEVC (3.4943%); GQI (3.4938%); FCPI (3.4408%); LCTU (3.4391%); QLC (3.4355%); AVLC (3.4346%); SCEP (3.4208%); DCOR (3.4076%); EPS (3.4073%); FELV (3.3904%); QQA (3.3893%); BGIG (3.3878%); SFYF (3.3841%); TIME (3.3825%); CCOR (3.3758%); HCMT (3.3376%); CARZ (3.3197%); ICAP (3.3187%); QDEF (3.314%); ILDR (3.3106%); PSET (3.3006%); PFM (3.2913%); AOTG (3.2889%); FLCC (3.2765%); USMD (3.2529%); SKYY (3.2486%); AIEQ (3.2296%); QDF (3.216%); AVUS (3.2134%); JAVA (3.1903%); AGIX (3.1617%); JPEF (3.1356%); GUSE (3.1353%); TOK (3.125%); XT (3.1167%); KOKU (3.1139%); IUS (3.1003%); FEAC (3.0904%); DTD (3.0823%); LQAI (3.0582%); TGRT (3.0474%); BDVG (3.0232%); AFLG (3.0122%); VUS (2.9619%); CGGE (2.956%); GARY (2.9496%); URTH (2.9463%); GEQ (2.9286%); PVAL (2.9226%); NULC (2.9219%); NZAC (2.9194%); CSM (2.9051%); BFLX (2.898%); VUSV (2.8674%); TILT (2.8638%); QUS (2.8073%); THMZ (2.7747%); EBI (2.7527%); XXX (2.7179%); PHDG (2.7125%); DGRO (2.6736%); TNXT (2.6636%); SEIM (2.6596%); KLMT (2.6321%); GLOF (2.6275%); JPFP (2.6252%); YLDE (2.609%); BKDV (2.6022%); CRBN (2.5911%); ACWI (2.5836%); DFSU (2.5457%); LSVD (2.5385%); WQTM (2.5175%); JHML (2.5099%); DAK (2.4958%); RGLO (2.4821%); VT (2.3739%); QWLD (2.3402%); PSTR (2.3396%); HUSV (2.3322%); SPGM (2.2927%); VLU (2.2867%); TVAL (2.2558%); AVTM (2.245%); BDYN (2.2094%); SPUT (2.1827%); PRF (2.1366%); FNDX (2.123%); FFND (2.0421%); UPRO (2.0283%); DSPY (1.9827%); FNDB (1.974%); CGBL (1.8762%); GINN (1.737%); JVAL (1.6583%); CGGO (1.5051%); JMOM (1.4993%); ACWV (1.0107%); FFUT (0.9822%); SSPY (0.9762%); JFLI (0.5643%)
MSGE,MUSQ (6.3803%)
MSGS,PSCU (7.0987%)
MSI,EYES (6.6803%); LRGG (4.0764%); IYZ (3.4259%); BGDV (2.934%); HUSV (2.1799%); ACWV (1.201%); EQAL (0.4214%); THEQ (0.2674%)
MSM,IBUY (2.6698%); CVSM (2.4415%)
MSN.VN,VNM (5.7714%); VNAM (3.465%)
MSPA,PFFV (4.2108%)
MSPP,FPFD (1.24%)
MSTR,AMAX (4.2289%); RHTX (1.2982%)
MT,SLX (4.9481%); MGNR (4.0763%)
MT.AS,OPPE (2.3507%); FEUZ (1.2349%); DGT (0.9786%)
MTAL,SPAQ (4.0251%)
MTARTECH.BO,MINV (2.9762%)
MTB,IAT (4.5523%); GEND (3.9047%); FTXO (3.8817%); DIVY (3.2242%); TMVE (2.2763%); MMID (1.3636%); MCDS (1.0166%)
MTBA,CANQ (23.0967%)
MTCH,PSCU (8.7214%); SCOW (3.82%); LSAT (3.6711%); IJS (0.9532%); VIOV (0.9496%); SLYV (0.9486%); SPSM (0.4806%); VIOO (0.4803%)
MTD,POWA (2.3144%); UPGD (2.2625%); EMOT (2.2088%); RSPH (1.8337%)
MTDR,FXN (4.1751%)
MTG,OUSM (2.0868%); KBE (1.0239%)
MTH,XHB (3.6213%); PSCD (2.2171%); ACSV (2.1575%); HOMZ (1.7772%); FNK (0.9364%); EBIT (0.631%)
MTLN.L,GREK (4.2951%)
MTLS,PRNT (4.882%)
MTN.JO,EZA (5.2022%); ECOW (2.1932%)
MTRN,PSCM (5.8771%); XME (4.192%); AFSC (3.5561%); UFOD (3.4291%); BUYO (1.4306%); SMDV (1.161%); AVSC (0.4588%); JPSE (0.3643%)
MTSI,SPRX (4.7081%); SMCO (2.556%); FXL (2.0974%); MDYG (1.3139%); IJK (1.3108%); IVOG (1.3023%); MMSC (1.1923%); MIDE (0.9925%); IQSM (0.9286%); BKMC (0.5804%); SCHA (0.4844%); ESML (0.3671%); SMMD (0.3382%)
MTUAY,EUAD (4.9832%)
MTUM,DWUS (51.0795%); DYTA (14.0006%); XCOR (10.1849%); XNAV (5.8451%); QAI (5.1327%); XRLX (4.8699%); LEXI (4.831%); FARX (3.5543%)
MTX.DE,XDEF (5.3978%)
MTZ,JOUL (4.9188%); AIRR (4.1817%); NRSH (3.7116%); EPAI (3.6262%); XMMO (2.3423%); RFG (2.1787%); TMFX (1.6126%); MDYG (1.3495%); SMIZ (1.3486%); IJK (1.3464%); FXR (1.3406%); IVOG (1.3376%); QVMM (0.8656%); SMDX (0.8289%); JMEE (0.6621%)
MU,VLUE (24.4704%); KNO (23.7344%); SHOC (13.8062%); CHPX (13.6505%); FTXL (12.1988%); SPMO (11.8657%); AOTG (11.2744%); GK (10.8347%); DARP (10.5095%); NVPS (10.011%); SNPG (9.8574%); XNTK (9.7327%); FDTX (9.3278%); CARZ (9.0934%); XAIX (8.9414%); FAI (8.8882%); KNCT (8.7772%); USMC (8.7499%); SOXQ (8.6418%); WLDR (8.5798%); IGPT (8.551%); SOXX (8.5443%); WAR (8.5368%); HBMX (8.4935%); CTEF (8.4426%); SEMI (8.2%); EGGY (7.7636%); SCLZ (7.7478%); LQAI (7.718%); GIAX (7.6392%); TRFK (7.5976%); EGGQ (7.492%); FEPI (7.4202%); QTOP (7.3918%); CHPS (7.2686%); AIFD (7.2181%); MTUM (7.1916%); WUGI (7.1763%); AIS (7.0984%); AIQ (7.0533%); SEPI (6.7953%); HEQQ (6.7774%); ROCQ (6.6423%); BAI (6.62%); JHAI (6.6043%); TUG (6.3037%); TSEL (6.225%); BRNY (6.1553%); MGV (6.1433%); TUGN (6.0146%); LCLG (5.9561%); XIGV (5.9481%); EMSF (5.9254%); AMOM (5.9203%); RULE (5.9102%); VEGN (5.8473%); SMH (5.8447%); AIX (5.8278%); CGGO (5.7844%); DFUV (5.768%); BALQ (5.7529%); QRMI (5.7144%); NACP (5.7018%); TCAI (5.678%); AIVL (5.6694%); QQQH (5.668%); GPIQ (5.6651%); QQHG (5.6446%); QNDX (5.6431%); PTNQ (5.6392%); QQWZ (5.6373%); QQQM (5.6296%); QQQ (5.6276%); QQQI (5.6085%); XQQI (5.6085%); ESGG (5.6005%); PSI (5.5687%); BAMG (5.5578%); QTR (5.5508%); JEPQ (5.5289%); QCLR (5.5259%); IGM (5.4634%); ESG (5.4602%); BWTG (5.4252%); IETC (5.4228%); DTCR (5.4217%); ARTY (5.4189%); RACK (5.3779%); PTF (5.3745%); GXPT (5.3727%); IVES (5.3436%); TOPT (5.3364%); TMAT (5.3064%); WTAI (5.2291%); PRMR (5.2266%); QSIX (5.2023%); FTEC (5.148%); FRWD (5.1448%); QQMG (5.1413%); CGGR (5.0684%); VGT (5.0421%); USXF (5.0245%); PRVS (5.0108%); GQQQ (4.91%); IWY (4.8722%); SFYF (4.855%); VTV (4.8492%); VLLU (4.8449%); FCUS (4.8274%); AFOS (4.8031%); IQQQ (4.79%); BCTK (4.7542%); DFLV (4.7014%); XLK (4.6756%); PRXV (4.6674%); GTOP (4.6644%); IXN (4.6574%); BWQG (4.5893%); SQS (4.4714%); QQA (4.3957%); BLCR (4.3559%); FLCV (4.3532%); AIVC (4.343%); LRNZ (4.3153%); CHAT (4.3085%); MNZL (4.3063%); FELG (4.2267%); RPG (4.2066%); FXL (4.1848%); CGGG (4.137%); EGLE (4.129%); SFY (4.1055%); PWB (4.0415%); SCHV (4.0239%); AIPI (3.956%); IQSU (3.9465%); JHDV (3.9401%); IYW (3.931%); BOBP (3.9206%); EBI (3.9033%); CNAV (3.8744%); RKNG (3.8741%); IWF (3.8553%); PFDE (3.8474%); VONG (3.8425%); GGUS (3.8423%); FVAL (3.8312%); EVUS (3.8185%); NRSH (3.8093%); TTEQ (3.741%); JGRO (3.7044%); FDMO (3.6757%); AVSU (3.6754%); FFTY (3.67%); SPYG (3.6669%); IVW (3.6658%); VOOG (3.6598%); LEGR (3.5725%); AVLV (3.5506%); BUZZ (3.4894%); IUSG (3.4802%); THRO (3.4493%); QQH (3.4387%); SPUS (3.4253%); LCO (3.4019%); MMTM (3.3921%); HLAL (3.3493%); ACGO (3.3319%); EFIV (3.2623%); SNPE (3.2581%); MIGO (3.2569%); LGRO (3.2283%); SPTE (3.2185%); XLG (3.2008%); VUS (3.1846%); ILDR (3.1711%); HBTA (3.1538%); FBCV (3.1466%); SEIV (3.1401%); QGRW (3.1371%); GLBL (3.1081%); VUSE (3.1044%); JHDG (3.0603%); HIDV (3.0525%); OPTZ (3.05%); AQLG (3.0312%); PDP (3.0292%); LCDS (2.9895%); SEIM (2.9786%); XMAG (2.9781%); JOYT (2.9664%); DFVX (2.9634%); BDYN (2.9496%); NANC (2.9448%); ROCY (2.9383%); LDRX (2.9195%); GVIP (2.8954%); SFTY (2.8808%); GSPY (2.8688%); ONEQ (2.8564%); BKLG (2.8488%); STOX (2.8389%); RECS (2.8149%); OEF (2.8126%); AVUS (2.7838%); QRFT (2.7431%); XSD (2.7285%); PEPS (2.7248%); AVLC (2.7229%); ENHU (2.6932%); JUDO (2.6722%); OALC (2.6188%); DUHP (2.5907%); SGLC (2.5746%); PJUS (2.5594%); DYNF (2.521%); HEMI (2.511%); FLRG (2.4879%); FEAC (2.4835%); MGC (2.4596%); LSVD (2.4345%); DSPY (2.4266%); FTC (2.4039%); IWL (2.3413%); JVAL (2.334%); YNOT (2.3336%); QQEW (2.3321%); SPXN (2.3276%); CGBL (2.3267%); JQUA (2.306%); USNZ (2.306%); INFO (2.3054%); QVML (2.2923%); JMOM (2.2827%); HELO (2.2763%); JUSA (2.274%); XVV (2.2687%); ESGV (2.2272%); SPXV (2.2061%); GDE (2.175%); ILCG (2.1652%); ALTL (2.1528%); SPHB (2.1513%); JUST (2.1502%); FHEQ (2.1427%); AAEQ (2.1389%); PHEQ (2.1377%); CATH (2.1277%); GUSE (2.1232%); FEUS (2.0958%); RAUS (2.0926%); FELC (2.0867%); SPYX (2.0861%); FLCC (2.0761%); SPXE (2.072%); UDIV (2.0678%); GSUS (2.0542%); VV (2.052%); XRMI (2.0333%); GPIX (2.0298%); CVLC (2.0249%); INRO (2.0196%); PTLC (2.0171%); IVV (2.0163%); PBUS (2.0157%); SPY (2.0146%); VOO (2.0145%); CHRI (2.0139%); BBUS (2.0127%); USPX (2.0108%); XTR (1.9994%); FYEE (1.9991%); TRUT (1.9988%); VOTE (1.9925%); BKLC (1.9913%); STXG (1.9907%); ACIO (1.985%); ADME (1.9848%); XCLR (1.9826%); ILCB (1.9824%); ACVF (1.9823%); SPYI (1.9819%); XSPI (1.9819%); TOV (1.9773%); ESGU (1.9772%); DFAU (1.9671%); AAUS (1.962%); KLMN (1.9558%); ONOF (1.954%); SUSA (1.9226%); SCHX (1.9196%); SPYH (1.917%); WAMA (1.8942%); DFUS (1.8882%); NTSX (1.8864%); IYY (1.8756%); IWB (1.8746%); VONE (1.8702%); SCHK (1.8637%); EPS (1.8604%); GUSA (1.8591%); SPTM (1.8582%); TACU (1.8528%); APUE (1.8492%); ILCV (1.7946%); IWV (1.7926%); VTHR (1.7912%); VTI (1.7896%); SCHB (1.7847%); LCTU (1.7819%); ITOT (1.7798%); LGH (1.7748%); AAUA (1.7143%); ISPY (1.712%); LRGF (1.692%); NXTG (1.6795%); TILT (1.6653%); RSPT (1.6572%); NELS (1.6372%); JOET (1.6189%); JHML (1.6158%); MSLC (1.5779%); STXV (1.5568%); TOK (1.5458%); KOKU (1.5408%); DFAC (1.5365%); XXX (1.5291%); URTH (1.4575%); DCOR (1.4562%); HDUS (1.4041%); DXUV (1.3238%); KLMT (1.3196%); GSLC (1.3152%); FEX (1.311%); CRBN (1.3105%); USMF (1.2952%); ACWI (1.2793%); VLU (1.2775%); PHDG (1.2732%); EQWL (1.2653%); CHGX (1.2577%); FAD (1.2128%); KRMA (1.2072%); ROUS (1.1589%); VT (1.1149%); SPGM (1.1076%); GLOF (1.0824%); SPUT (1.0391%); VFMF (0.8285%); WDAI (0.735%); RSPE (0.6842%); BTAL (0.6204%); BFOR (0.5923%); EUSA (0.2997%)
MUB,DUKZ (5.0029%)
MUC,RTAI (5.1921%)
MUFG,AADR (4.4958%); GENW (4.0099%); IDVO (3.1676%); LEGR (1.516%)
MULT3.SA,EWZS (3.2577%)
MUV2.DE,FLGR (4.554%); EWG (3.8592%); DAX (3.6253%)
MVRXX,CVSM (8.4397%); CVGD (6.5179%); EVLN (6.3647%); PEPS (4.7255%); LIBD (2.5716%); EVHY (2.4206%); LIAU (2.187%); XAGG (1.8185%); PAPI (1.1072%)
MWG.VN,BCHI (2.1718%)
MXL,UFOX (6.4652%); PSCT (4.1899%); XSD (3.751%); FYC (2.9051%); HYP (2.551%); ETHO (2.1329%); FYX (1.1663%); ISMD (1.0066%); FESM (0.9569%); QVMS (0.8159%); QQQS (0.6799%); IWO (0.664%); XJR (0.6542%); VTWG (0.6534%); PRFZ (0.6341%); SPSM (0.5838%); IJR (0.5831%); VIOO (0.5828%); BBSC (0.3903%); RSSL (0.3445%); IWM (0.3432%); VTWO (0.3368%); ITWO (0.2957%)
MYE,JPSV (1.5215%); LITL (0.884%); SVAL (0.658%)
MYGN,QQQS (0.7095%)
MYI,RTAI (13.6144%)
MYLD,GMOM (6.6468%); TRTY (3.3291%)
MYRG,JOUL (5.1764%); NRSH (3.6345%); TCAI (3.4032%); PSCI (2.469%); XSHQ (2.3531%); XSMO (2.0968%); OMFS (1.8172%); FSGS (1.508%); SCDS (1.049%); ELFY (0.9819%); FYC (0.8742%); SYZ (0.7762%); QVMS (0.5388%); GVLU (0.4993%); FYX (0.468%); AVSC (0.3383%)
MZTF.TA,EIS (2.5458%); ISRA (2.0765%)
NA.TO,UIVM (1.0349%); COPY (1.0161%)
NAB.AX,EWA (5.7005%); FLAU (4.8372%); BBAX (3.8011%); EPP (3.6816%); AIVI (2.208%)
NABL,FITE (1.5254%)
NAM-INDIA.BO,INDQ (3.9891%)
NAT,SDIV (1.2529%)
NATIONALUM.BO,INDQ (3.9904%)
NATU3.SA,EWZS (2.6282%)
NAVI,EBIT (1.2563%)
NAVINFLUOR.BO,EMSC (1.6132%)
NB,REXC (3.5303%)
NBH,RTAI (13.0739%)
NBIS,ATFV (8.8959%); BWQG (8.2351%); GIAX (7.1436%); WCMG (6.5855%); SPAM (6.3847%); MNVT (5.8355%); EWN (5.5508%); CNEQ (5.3981%); ULTI (5.3601%); WTRE (4.9538%); PJIO (4.779%); WCMI (4.6582%); JXX (4.1779%); ALAI (4.1172%); FRTY (3.9834%); RKNG (3.9007%); CHAT (3.8304%); JHAI (3.8061%); BUZZ (3.565%); AIVC (3.4968%); DRIV (2.685%); THNQ (2.4472%); WBIL (2.2733%); DTEC (1.2804%)
NBIX,PSIL (4.3869%); FBT (3.5261%); MCOW (2.5171%); FTGS (2.5091%); FGSI (2.5041%); QMID (1.2781%); FSCS (1.2585%); FSGS (1.252%); ISCG (0.521%); ISCB (0.2617%)
NBK.KW,KWT (21.89%)
NBSM,FGSM (6.0456%)
NBXG,CEFS (3.222%)
NCGXX,USDX (8.379%)
NCKL.JK,NIKL (4.6789%)
NCLH,SAEF (3.3957%); RSPD (2.4281%); SMOT (1.4327%)
NDA-SE.ST,EFNL (18.0202%); JDVI (3.2159%)
NDA.DE,FGM (5.9258%); FEUZ (1.241%); ISVL (0.9687%); FEP (0.9527%)
NDAQ,FDIQ (4.4066%)
NDIA,EMM (16.838%)
NDSN,DEMZ (4.4991%); ISCG (0.4651%)
NDX1.DE,FAN (8.2169%); FGM (5.1554%); CTEC (4.2539%)
NE,PSCE (5.3194%); PXJ (4.3303%); OIH (4.0433%); IEZ (2.6632%)
NEAR,MFUL (8.6374%)
NEAS.DE,DIME (4.7138%)
NED.JO,EDIV (1.8883%); DWX (1.656%)
NEE,XLU (12.8624%); VPU (11.6025%); FUTY (11.5541%); IDU (11.0805%); JXI (7.9771%); NUIF (7.6333%); SMOG (7.0994%); PWRZ (6.6929%); GII (4.8191%); IGF (4.7883%); VOLT (4.7828%); RIFR (4.75%); DIVZ (4.7256%); DIVL (4.1282%); DVGR (4.0078%); NFRX (3.9864%); IFRA (3.9755%); HAP (3.9471%); ASLV (3.9348%); MNA (3.6721%); BLDX (3.4593%); BILD (3.2771%); BILT (2.7667%); NFRA (2.5717%); JDIV (2.5296%); JGLO (2.3424%)
NEEPS,DADS (4.3117%); PFXF (2.7056%); PFFD (1.8028%)
NEEPT,PFFD (1.2655%)
NEEPV,PFXF (2.7846%)
NEL.OL,HYDR (3.7977%)
NEM,RING (16.4462%); GDMN (14.2105%); GDX (10.4836%); AGMI (9.692%); IYM (9.1173%); SGDM (7.1021%); FMAT (6.7059%); VAW (6.5824%); XLB (5.8366%); BUL (4.6624%); SLVP (4.4346%); NRES (4.3756%); XME (4.2087%); NANR (4.2046%); FTWO (3.6375%); MXI (3.293%); VFLO (3.0108%); IGE (2.8298%); CSNR (2.7374%); FCPI (2.7148%); GNR (2.6502%); GUNR (1.9641%); VFMF (0.9778%); VFMO (0.9726%)
NEO,FBT (5.1163%); XHS (2.092%)
NEO.TO,REXC (5.5817%)
NESN.SW,FLSW (11.9228%); EWL (11.6395%); HDEF (5.0852%); EUDG (4.9472%); KXI (4.6717%); PAWZ (4.6234%); XEML (4.5201%); VIGI (3.9197%); IDHQ (3.6242%); PIEL (3.473%); OEFA (3.2761%); IGRO (3.1017%); FIDI (2.7716%); IMFL (2.5778%); EFV (2.4857%); DTH (2.4398%); GCOW (2.1841%); PATN (2.1507%); DIHP (2.0991%); IQSI (1.9424%); IEV (1.8935%); IQLT (1.8934%); BBEU (1.8737%); FLEE (1.7767%); FENI (1.7419%); QLVD (1.7382%); DBEU (1.7374%); QEFA (1.7134%); GIEQ (1.7095%); IEUR (1.6883%); VGK (1.6673%); SPEU (1.6327%); JIVE (1.6243%); FIVA (1.5603%); DOL (1.4514%); PRXI (1.4489%); VYMI (1.4395%); HOLA (1.4098%); JIRE (1.387%); NTSI (1.377%); WIMA (1.3764%); DIVI (1.3687%); EFAX (1.3231%); LCTD (1.2496%); GSEU (1.2402%); EFA (1.221%); DDWM (1.1956%); DWM (1.1938%); BBIN (1.1913%); GSID (1.186%); ESGD (1.169%); ENHI (1.146%); DBEF (1.1345%); PTIN (1.1112%); DEW (1.1088%); IEFA (1.0511%); BKIE (1.0429%); INTF (0.9934%); HFXI (0.9714%); EFAA (0.954%); CVIE (0.9281%); IDEV (0.9213%); SCHF (0.9089%); DFAI (0.886%); MFDX (0.838%); VEA (0.808%); SPDW (0.7967%); VSGX (0.7854%); DFIC (0.6516%); DXIV (0.5525%); DFAX (0.4088%)
NESR,PXJ (3.6624%)
NESTE.HE,CRAK (5.4379%); EFNL (4.4748%)
NESTLEIND.NS,INCO (5.2069%); NFTY (2.0417%)
NET,XDAT (10.0312%); MID (6.852%); SPRX (6.721%); LRNZ (5.7897%); HACK (4.8413%); GGME (4.6733%); BGGG (4.4172%); CLOU (4.3327%); XA (4.0331%); CIBR (4.0278%); IWP (2.1212%); VOT (1.7178%); RBLD (1.206%); VXF (0.8867%); IWR (0.5594%)
NEU,FXZ (5.6379%); NEWZ (3.7237%)
NEU.AX,ASD (3.2349%)
NEULANDLAB.BO,INDE (3.771%)
NEX.PA,ISVL (0.9537%)
NEXT,BESF (8.5911%)
NFG,EMLP (3.4574%); EIPX (3.3678%); EIPI (2.5596%); SQLT (1.0786%)
NFJ,CEFS (7.8122%); PCEF (2.2198%)
NFLX,NFLW (9.7478%); GGME (6.9746%); PTNT (5.3614%); XLC (4.8322%); GXPC (4.7212%); FCOM (4.3615%); VOX (4.2134%); IXP (4.0723%); BDGS (3.9182%); FDN (3.9029%); FDND (3.8957%); IYC (3.6721%); PNQI (3.5889%); FDG (3.5852%); SHE (3.5138%); TAOZ (3.391%); LOGO (3.1937%); HFGO (2.774%); TRUC (2.6705%); QGRO (2.2862%); FBCG (1.8522%); VFQY (1.3808%)
NG.L,GLIX (8.1315%); TOLZ (5.0911%); NFRX (4.9519%); GRID (4.1228%); JXI (3.5886%); BILD (3.2786%); BLDX (3.1319%); RIFR (3.0761%)
NGVT,TINT (4.5178%)
NHC,OUSM (2.1111%); SDVY (1.1853%); SDVD (1.1852%); ROSC (1.1336%); AFSM (0.932%)
NHC.AX,COAL (4.6191%)
NHIVU,SPAQ (4.5551%)
NHPC.BO,EMDV (2.365%)
NHY.OL,ENOR (5.6795%); NORW (5.6771%)
NI,NUIF (4.9782%); PJFM (4.8085%); PJFV (4.2977%); TPYP (4.1161%); PUI (4.1055%); SMIG (3.2969%); AIVL (2.9535%)
NIBE-B.ST,CTEC (4.0812%)
NIC,KBE (1.0665%)
NIC.AX,NIKL (16.3265%)
NICE,ITEQ (2.1864%)
NICE.TA,DAT (4.4668%)
NICU.TO,NIKL (4.7203%)
NIE,CCEF (4.1359%)
NIKL.XPHS,NIKL (3.4462%)
NIND.KW,KWT (3.1929%)
NIO,PGJ (3.9737%)
NJR,CSB (1.7596%); XMLV (1.5463%); USVM (0.6994%); TPSC (0.4237%)
NKE,STYL (8.7491%); DOGG (5.1628%); MVAL (2.9488%)
NKT.CO,IEUS (0.5224%); SCHC (0.3066%); AVDS (0.278%); VSS (0.2071%)
NLY,DVDN (6.5474%); HYIN (3.4189%); PAMC (2.011%); RIET (1.5158%); MDIV (1.477%); CRDT (1.0843%); IJJ (0.942%); MDYV (0.941%); IVOV (0.94%)
NMAI,CCEF (2.6374%)
NMB,SVOL (9.6998%)
NMFC,FBDC (4.1635%)
NMIH,KBE (1.036%)
NN.AS,TXUE (3.0522%); UIVM (0.9857%); DIM (0.7598%)
NNDM,BULD (3.8732%)
NNN,NETL (8.1989%); XMLV (1.6244%); HSMV (1.5407%); RIET (1.5038%)
NOBL,HECA (5.605%); MFUL (5.1205%)
NOC,BZZ (8.0231%); SHLD (7.946%); DUTY (6.6027%); GCAD (5.8037%); FOWF (4.9841%); WDGF (4.9825%); PPA (4.3962%); HACK (4.3007%); VDIG (4.0972%); ITA (3.9205%); AV (3.8678%); IDEF (3.317%)
NODE,NMBL (2.8133%)
NOFR.TA,TAN (3.2785%)
NOGXX,HYBI (0.871%)
NOK,AADR (3.9334%); RODM (1.1396%)
NOKIA.HE,EFNL (20.767%)
NOS.LS,DFE (1.5594%); DLS (0.5058%); DDLS (0.5039%)
NOSXX,IAUI (0.0144%)
NOV,PXJ (5.1236%); IEZ (3.7715%)
NOVN.SW,FLSW (13.1607%); EWL (12.6686%); HDEF (5.1999%); EUDG (5.1448%); JDVI (4.7746%); IDHQ (4.5472%); PBPH (4.4966%); XEML (4.4962%); PIEL (4.2093%); SDG (4.1219%); QLVD (3.9725%); CANC (3.9626%); IXJ (3.7268%); OEFA (3.6492%); VIGI (3.6312%); DTAN (3.5566%); IGRO (3.0797%); IMFL (2.8577%); DMXF (2.6466%); NUDM (2.5206%); EASG (2.5103%); PATN (2.4994%); IVSI (2.315%); NBIE (2.2242%); BBEU (2.1867%); INTF (2.1809%); GCOW (2.1705%); RFDI (2.1645%); QEFA (2.1334%); LVHI (2.1229%); TILC (2.1139%); IEV (2.0505%); MFSI (2.0288%); IQSI (2.0283%); ILOW (2.0255%); FLEE (1.9614%); GSEU (1.9358%); IMTM (1.8874%); DBEU (1.8822%); VGK (1.8417%); SPEU (1.8386%); IEUR (1.8322%); IQLT (1.8189%); BRIE (1.8069%); EFV (1.7497%); LCTD (1.6464%); PRXI (1.6332%); WIMA (1.6199%); NTSI (1.6175%); FEDM (1.5979%); VYMI (1.5899%); ESGD (1.5733%); PABD (1.5378%); DOL (1.5033%); FDEV (1.5033%); EFAV (1.4962%); DWMF (1.473%); EFAX (1.4329%); IVLU (1.4069%); ENHI (1.3981%); BBIN (1.3902%); EFA (1.3223%); GSID (1.2716%); DWM (1.2344%); DBEF (1.2285%); DDWM (1.2109%); PTIN (1.2034%); SEIE (1.1758%); DIVI (1.1424%); IEFA (1.1392%); SFTX (1.1386%); FRGN (1.1345%); BKIE (1.1163%); HFXI (1.0859%); GSIE (1.0492%); EFAA (1.0333%); GLOF (1.0258%); IDEV (1.0066%); MFDX (1.0033%); CVIE (0.9961%); SCHF (0.9893%); JHMD (0.9085%); VEA (0.8925%); VSGX (0.8676%); SPDW (0.8589%); CWI (0.7815%); ACWX (0.7764%); GXUS (0.7542%); DBAW (0.7281%); VEU (0.7117%); IXUS (0.6746%); VXUS (0.647%); TLTD (0.599%)
NOVO-B.CO,EDEN (23.4635%); HRTS (5.2274%); XEML (4.8126%); AGNG (3.8722%); HDEF (3.7914%); PBPH (3.5891%); IGRO (2.8204%); VIGI (2.7645%); CGXU (2.7%); IQDG (2.6048%); IHDG (2.5981%); MTRA (2.3628%); IVSI (2.1551%); IQDY (2.1328%); GRIN (2.0022%); IQDF (1.7008%); EASG (1.3612%)
NOVT,CBOT (4.7973%); FOTO (2.8124%); CSMD (2.6479%); ROBO (1.7327%); ACSG (0.7379%)
NOW,PCLG (5.8737%); KONG (5.2342%); BEEZ (4.1918%); CLOD (4.0905%); CLOU (4.0614%); IGV (3.8713%); QOWZ (2.345%)
NPI.TO,FAN (5.6774%); ACES (4.8463%)
NPN.JO,EZA (10.6134%); FDNI (4.4189%); AFK (4.0434%); EVLU (2.6777%); EMDM (1.8558%); NTSE (1.3253%); JPEM (0.8519%)
NPO,SCDV (5.9307%); ALIL (4.938%); BCSM (2.6881%); PSCI (2.5234%); SMDV (1.0806%)
NRC,DEEP (1.1518%)
NRG,BCUS (4.4697%); TPZ (3.8562%); RSPU (3.7595%); AMID (2.6373%); BCGS (2.1432%); SMRI (2.0941%); ELFY (0.9849%); VBR (0.6576%); VB (0.3691%)
NRGV,WATS (3.6801%); CNRG (2.7673%); UPGR (2.7503%)
NRIX,IWC (0.5125%)
NRO,CCEF (3.3805%)
NRP,COAL (4.4497%); MGMT (4.162%)
NRP.JO,EDIV (1.9957%)
NRXP,PSIL (6.0729%)
NSA,MRGR (2.5989%)
NSC,SUPL (4.6564%); DOCK (4.4191%); IYT (4.3941%); GLIX (4.2824%); EVNT (4.1261%); MNA (4.082%); SHPP (3.767%); HWAY (3.5344%); PAVE (2.8582%); FLV (2.6771%); ARB (2.6659%); IFRA (2.4895%)
NSIS-B.CO,EDEN (4.7523%)
NSIT,JPSV (2.0821%); FYT (0.8268%); NIXT (0.7695%); SVAL (0.6417%)
NSLR,GABF (5.4009%)
NSP,SOVF (4.2535%); PEY (3.3137%); SRHQ (1.7478%)
NSRGY,YLDE (2.8776%)
NST.AX,AUMI (4.3067%); GDX (2.7014%)
NTAP,FCFY (3.0081%); SPDV (2.9961%); BMVP (2.686%); UPGD (2.4943%)
NTCT,AFMC (0.9339%)
NTDOY,CAMX (3.6511%)
NTES,NERD (12.2559%); ESPO (8.0666%); GENZ (7.7145%); PGJ (7.1993%); HERO (6.96%); SOCL (5.6519%); VICE (5.1025%); ODDS (4.8063%); EBIZ (4.4592%); ADIV (3.4031%); NSI (2.2394%)
NTGY.MC,BKGI (6.7847%); XIDV (2.376%)
NTNX,SKYY (3.8374%)
NTPC.BO,EPI (2.175%)
NTR.TO,KROP (10.5737%); MOO (5.9899%); NRES (5.8248%); VEGI (5.7548%); FTRI (4.8131%); GNR (4.7879%); GUNR (4.1959%); FTAG (4.1375%); JDVI (4.088%); TURF (3.7351%); HAP (2.0841%)
NTRA,HELX (7.4591%); LRNZ (5.458%); BBH (4.9194%); EKG (4.6699%); GNOM (4.4148%); ARKG (4.1057%); FBT (3.7922%); XOVR (3.6983%); IBB (2.8871%); MEDI (2.7346%); HTEC (2.3272%); WDNA (2.325%); SSMG (2.2166%); FFOX (2.0252%); QQQJ (1.9086%); GURU (1.4418%); VBK (1.0107%); BBMC (0.7743%); VB (0.4423%); GSEW (0.2527%)
NTRS,GEND (4.5962%); SAEF (2.8018%); KCE (1.6687%)
NTRSO,EPRF (3.872%)
NTSK,XSW (0.944%)
NTST,NETL (4.0899%)
NTSX,HNDL (5.3103%)
NU,BRAZ (11.5981%); EWZ (9.1235%); ILF (8.1762%); FMQQ (6.581%); EMQQ (6.3684%); BGCG (4.4993%); PCIG (4.2412%); LATR (4.1631%); LOUP (3.3926%); BGGG (3.1876%); KYC (3.1057%); TEMX (2.9793%); OTGL (2.9787%); EMES (2.1059%)
NUE,SLX (6.2757%); CCSO (4.717%); METL (4.427%); FXZ (4.2112%); IYM (3.8628%); BDVG (3.6077%); FMAT (3.3352%); PICK (3.2589%); VAW (3.2282%); AVMV (1.1015%)
NUTX,RNIN (1.4081%); VAMO (1.0269%)
NUVAMA.BO,WAGN (5.0751%)
NUVB,XPH (1.8923%)
NVBU,SPBU (8.3075%)
NVBW,SPBW (8.3563%)
NVDA,GXPT (19.1341%); SMHX (18.6938%); SMH (17.7539%); FDG (17.6155%); SHOC (17.264%); TLG (16.6682%); VGT (16.0954%); FTEC (16.0865%); LSGR (16.0569%); LRGG (15.8362%); CLCG (15.7546%); LRGE (15.5691%); TOPT (15.4918%); AIUP (15.4646%); TCHP (15.3382%); VUSG (15.1419%); TRUT (15.1238%); CARK (14.7709%); FBCG (14.6864%); EGUS (14.4118%); TGRW (14.3923%); IWFG (14.326%); ILCG (14.2666%); NULG (14.2308%); SFY (14.2224%); LRND (14.1632%); IWY (14.161%); TGRT (14.0518%); HFGO (14.0387%); AGRW (13.9761%); IWF (13.83%); VONG (13.7841%); SPYG (13.6518%); IVW (13.6477%); VOOG (13.625%); SUSL (13.5745%); USSG (13.523%); FLCG (13.4254%); NUGO (13.3533%); DSI (13.2656%); MGK (13.217%); SEMI (13.138%); FELG (13.1287%); CNEQ (13.0542%); IXN (13.0339%); IUSG (12.9565%); IYW (12.8344%); MFSG (12.764%); BGRO (12.756%); SPUS (12.7544%); XLK (12.6409%); VUG (12.5939%); ACGO (12.5509%); PRXG (12.5444%); IETC (12.5402%); IOO (12.2973%); ALAI (12.2419%); EFIV (12.1389%); SNPE (12.1283%); XLG (11.9163%); HLAL (11.782%); IWLG (11.7415%); CBOT (11.6773%); PGRO (11.5815%); GGUS (11.5628%); ATFV (11.4245%); QGRW (11.3639%); TSEL (11.2951%); RECS (11.2617%); RVER (11.2466%); GTOP (11.2274%); FMAG (11.1104%); SPTE (11.0963%); GSGO (11.0652%); JHAI (10.9691%); USXF (10.9333%); SEMG (10.7693%); CMAG (10.7669%); PJFG (10.6272%); ONEQ (10.6158%); CGGG (10.5807%); WINN (10.5526%); OWN (10.5303%); AVUQ (10.481%); OEF (10.471%); LDRX (10.4687%); JGRO (10.459%); SOXQ (10.3337%); VSLU (10.2737%); QDVO (10.2621%); BKLG (10.2389%); MMTM (10.0391%); SCHG (10.0209%); FFOG (9.9643%); QTOP (9.9596%); BKCG (9.8948%); MPLY (9.8937%); NBGX (9.8776%); AOTG (9.867%); TIME (9.8151%); EGLE (9.7416%); TTEQ (9.7168%); QOWZ (9.7071%); AIPI (9.6302%); BCHP (9.6072%); GAMR (9.5067%); FDRS (9.5058%); XOVR (9.4716%); PFDE (9.3866%); QQMG (9.3399%); USNZ (9.2859%); SPIN (9.2849%); SQS (9.2113%); TMFC (9.1631%); RKSG (9.1119%); STXG (9.1054%); GROZ (9.0717%); ABIG (8.932%); QBIG (8.8893%); PABU (8.8871%); USCL (8.8382%); USCA (8.7796%); GDE (8.7042%); MGC (8.6917%); GGRW (8.6873%); SPXN (8.6868%); JPEF (8.6475%); NITE (8.6418%); TEK (8.6394%); HIDV (8.6392%); LGDX (8.5946%); TOS (8.5312%); BRCE (8.5123%); HEQQ (8.4683%); XVV (8.446%); CDEI (8.4438%); IWL (8.3989%); QRFT (8.3755%); FDRR (8.3556%); LCDS (8.3353%); BOTZ (8.3115%); QVML (8.3086%); ROCQ (8.291%); JOYT (8.2697%); CHPX (8.2517%); SPXV (8.241%); ROCY (8.192%); VNSE (8.1276%); NULC (8.0902%); FRWD (8.088%); DYNF (8.0744%); BASG (8.0646%); BRIF (8.0262%); ESGV (7.989%); HEMI (7.9823%); IGM (7.9605%); YNOT (7.959%); HELO (7.9572%); TUG (7.9528%); DGRW (7.9456%); NANC (7.9371%); INFO (7.9354%); CATH (7.9258%); TSPA (7.9208%); JUDO (7.9121%); FVAL (7.8745%); JUSA (7.8643%); FELC (7.8603%); FYEE (7.8419%); FHEQ (7.8404%); RND (7.8217%); BALQ (7.8143%); SGLC (7.8124%); JUST (7.8057%); TRFK (7.8016%); SPYX (7.7666%); GGME (7.7533%); FQAL (7.7467%); LRGC (7.7434%); SPXE (7.7386%); QQHG (7.7155%); XCHG (7.7112%); AAEQ (7.7103%); QRMI (7.7023%); PHEQ (7.7008%); ACVF (7.6894%); AAUA (7.6714%); FEUS (7.669%); QQQI (7.6513%); XQQI (7.6513%); TUGN (7.6416%); QQQH (7.6012%); PTNQ (7.5997%); QNDX (7.5991%); QQWZ (7.5957%); GQQQ (7.5952%); QQQM (7.5854%); DARP (7.5838%); QQQ (7.5827%); XRMI (7.5826%); AAUS (7.577%); WAMA (7.5725%); GUSE (7.553%); ACIO (7.5455%); ILDR (7.54%); NTSX (7.5373%); USMC (7.537%); GPIQ (7.5369%); SPYI (7.5353%); XSPI (7.5353%); GSLC (7.529%); SPYH (7.5247%); PTLC (7.5137%); ADME (7.5132%); IVV (7.5059%); SNPG (7.5035%); RAUS (7.5014%); SPY (7.4997%); VOO (7.4991%); HBTA (7.4911%); CHRI (7.4718%); QTR (7.4686%); QCLR (7.4669%); GQI (7.4658%); SPMO (7.4591%); XTR (7.4469%); CAML (7.4383%); SFYF (7.4277%); BRES (7.4128%); XCLR (7.4099%); FDMO (7.3975%); GSUS (7.387%); LCF (7.3832%); GPIX (7.3619%); THRO (7.3564%); NBCR (7.3536%); AFLG (7.3384%); BROL (7.3065%); LCTU (7.3013%); WRND (7.2825%); USPX (7.271%); BBUS (7.2704%); SUSA (7.2613%); VV (7.2515%); TOV (7.2513%); QQH (7.2216%); IGPT (7.2052%); VOTE (7.1973%); FLRG (7.1803%); PCGG (7.1788%); ILCB (7.1609%); BKLC (7.1579%); PBUS (7.1549%); PRCS (7.15%); ENHU (7.1463%); ESGU (7.1451%); INRO (7.128%); QLC (7.122%); BGGG (7.1191%); DUHP (7.1157%); TNXT (7.1137%); EPS (7.0995%); LRGF (7.0917%); LCAP (7.064%); YALL (7.0455%); OALC (7.0328%); FEAC (7.0289%); SCHX (7.015%); QSIX (7.0132%); ONOF (7.002%); SEIQ (6.9926%); FLCC (6.991%); UDIV (6.9829%); IYY (6.9828%); SPTM (6.9185%); AIEQ (6.9145%); GK (6.9109%); PJUS (6.8798%); JHDV (6.8727%); SUPP (6.8637%); JGLO (6.8301%); QDPL (6.823%); BRNY (6.8189%); SCHK (6.8144%); KLMN (6.8126%); SOXX (6.8114%); BALI (6.8064%); TACU (6.798%); KVLE (6.7957%); HDUS (6.7882%); FDVV (6.7648%); PEPS (6.7512%); HGRO (6.7398%); CVLC (6.7384%); SAWG (6.7376%); IWB (6.7246%); GSPY (6.7161%); TEC (6.7141%); VONE (6.7087%); NELS (6.6983%); FLQL (6.6933%); GUSA (6.685%); KRMA (6.6844%); DFUS (6.6829%); CGUS (6.6605%); LGH (6.6263%); ITOT (6.6259%); JEPQ (6.6237%); DFAU (6.6159%); PLGI (6.592%); IQM (6.5777%); SCHB (6.5266%); QDEF (6.5118%); APUE (6.4759%); BLCR (6.4753%); PSET (6.4687%); LSVD (6.4664%); IQQQ (6.4542%); IWV (6.4305%); BAY (6.4265%); VTHR (6.4255%); DFSU (6.4171%); NBDS (6.415%); BCGD (6.3849%); ISPY (6.3722%); QDF (6.3669%); MSLC (6.3549%); AMGR (6.3469%); VTI (6.3242%); USSE (6.3068%); CHAT (6.2979%); JGRW (6.2833%); SFTY (6.257%); STOX (6.2469%); SEIM (6.2452%); JHAC (6.2448%); QLV (6.1318%); PRAY (6.0987%); FFF (6.0971%); HIS (6.0728%); MODL (6.061%); AIFD (6.0239%); FCPI (5.9681%); FAI (5.9498%); QQA (5.9227%); BGCG (5.8651%); LOWV (5.8599%); CGDV (5.8535%); HCMT (5.8372%); QUAL (5.8125%); SCLZ (5.7686%); NZAC (5.6887%); TOAO (5.6787%); BCTK (5.6005%); DCOR (5.5484%); SXQG (5.5451%); SCEP (5.512%); TOK (5.4853%); LQAI (5.4691%); KOKU (5.4677%); KOOL (5.4487%); FDCF (5.3461%); VUS (5.3419%); AVTM (5.3375%); TGLB (5.2568%); DFAC (5.2212%); HQGO (5.2162%); TCAF (5.2062%); BDYN (5.1821%); URTH (5.1718%); TMFE (5.1542%); AVUS (5.1516%); QUSA (5.1234%); AVSU (5.1124%); CSM (5.1059%); EBI (5.05%); XXX (5.0033%); AVLC (4.9724%); LCOW (4.9627%); XSPC (4.9446%); HAPI (4.9368%); FFND (4.8816%); PCLG (4.8573%); TILT (4.8565%); XLSR (4.8497%); OMFL (4.8483%); FTXL (4.8117%); CGGR (4.8049%); ESG (4.7863%); TEKY (4.7815%); WUGI (4.7785%); MFIG (4.7778%); PHDG (4.7439%); AGOX (4.7313%); IVES (4.7106%); ESGG (4.7061%); DEMZ (4.7017%); WISE (4.6929%); RILA (4.6602%); IBOT (4.6336%); SROI (4.6236%); ERTH (4.6044%); XIGV (4.6002%); KLMT (4.5966%); VICE (4.5962%); NACP (4.596%); JPFP (4.5903%); RGLO (4.5838%); DXUV (4.5817%); GLOF (4.5808%); BOTT (4.5423%); ACWI (4.539%); AIX (4.5361%); CRBN (4.5216%); JHDG (4.4453%); TINT (4.44%); GLBL (4.4358%); CRTC (4.4258%); FLAG (4.4158%); FBOT (4.4074%); WOMN (4.3962%); ARTY (4.3947%); AQLT (4.3921%); TEKX (4.3812%); HECO (4.3326%); OND (4.32%); ABFL (4.3064%); BFLX (4.2703%); DECO (4.255%); GARY (4.2473%); USMD (4.2374%); SEPI (4.1974%); XPND (4.1527%); GFGF (4.1247%); LGRO (4.1187%); FDTX (4.0911%); AGIX (4.0851%); PTF (4.0747%); RACK (4.0728%); LOGO (4.0592%); SPGM (4.0582%); MFMO (4.0523%); PSI (4.0253%); JHML (4.0196%); VT (4.0%); SHE (3.9894%); MOTO (3.927%); AFOS (3.9051%); DSPY (3.8563%); BBLU (3.8448%); BAI (3.8398%); TECB (3.806%); RFFC (3.7625%); WTAI (3.7568%); XT (3.745%); RW (3.7359%); SPUT (3.7324%); BAMG (3.7318%); YOKE (3.7241%); UFOX (3.712%); KONG (3.702%); USMF (3.693%); XAIX (3.6925%); GIAX (3.6532%); WLTG (3.6367%); CARZ (3.6125%); THMR (3.5996%); SDG (3.5946%); RGEF (3.5915%); DLN (3.5886%); SEIV (3.5683%); VEGN (3.5642%); BEEX (3.556%); UPRO (3.5474%); AIPO (3.5171%); GFLW (3.4893%); NPFE (3.4391%); DTD (3.3812%); ALRG (3.3643%); WTV (3.2989%); JTEK (3.2568%); BWQG (3.1821%); GOP (3.0226%); GDIV (2.9814%); JDIV (2.9717%); YLDE (2.9669%); PWB (2.9211%); FFUT (2.7557%); THMZ (2.7326%); PEVC (2.7317%); GEQ (2.7181%); DRIV (2.7043%); AIQ (2.6291%); QGRO (2.6065%); QARP (2.5953%); RFDA (2.5791%); QUS (2.5344%); EQRR (2.4938%); VUSE (2.3324%); QWLD (2.2137%); SPGP (2.1793%); CGGE (2.1001%); IUS (2.0266%); BDGS (1.9672%); GINN (1.9457%); JQUA (1.9123%); JMOM (1.8877%); FWD (1.8042%); EQL (1.7595%); JVAL (1.6942%); JEPI (1.5217%); VFMV (1.5085%); CGNG (1.4045%); JFLI (0.3649%)
NVMI,BWQG (6.476%); NBDS (5.6528%); EIS (3.9747%); ITEQ (3.6787%); ISRA (2.2077%)
NVO,NVOH (97.2715%); OZEM (12.9634%); THNR (9.7554%); PINK (6.7505%); PPH (5.3782%); APIE (0.89%)
NVR,ITB (6.7559%); ZIG (3.4845%); SMRI (2.083%)
NVS,PPH (10.6203%); MEDX (6.8909%); QLTI (4.1082%); GKAT (4.033%); DIVD (2.2957%); AQEC (1.8173%); KNOW (1.6633%); DIHP (1.4587%); SPWO (1.3531%); DFSI (1.1233%); AVSD (0.8592%); DFIC (0.7967%); DFAX (0.6863%); DXIV (0.6736%); DFAI (0.6662%); AVDE (0.5737%)
NVST,XHE (1.7967%)
NVT,JOUL (5.3889%); HVAC (4.6538%); POW (3.7518%); CSMD (3.6819%); XMHQ (3.2776%); GRID (2.8754%); OSCV (2.7916%); SAEF (2.7259%); XMMO (2.702%); SMCO (2.6856%); TSME (2.4233%); FEMD (2.21%); MDYG (1.4444%); IJK (1.4406%); IVOG (1.4312%); RBLD (1.252%); NUSC (1.1316%); MIDE (1.0894%); SMOX (1.0318%); IQSM (0.9975%); TMSL (0.9764%); QVMM (0.8769%); SMLF (0.8518%); XJH (0.8513%); MDY (0.7683%); SPMD (0.7551%); PTMC (0.7535%); IJH (0.7528%); IVOO (0.7494%); JMEE (0.7046%); BKMC (0.6745%); ESML (0.4165%); SMMD (0.3622%)
NWBI,WDIV (1.5693%)
NWE,MNA (3.6574%); MRGR (2.676%); ALTY (1.4198%); DES (0.8965%); SMLV (0.5705%)
NWG.L,FDD (3.9883%); JDVI (3.235%); INEQ (3.0853%); NBIE (1.3301%)
NWL,RZV (1.6498%); QQQS (0.8908%); NIXT (0.7156%)
NWN,CSB (1.4087%); XSLV (1.0634%)
NWPX,FDM (1.8071%)
NWSA,BUYO (1.2782%)
NXE.TO,URNM (11.9716%); URA (5.9966%); NLR (5.0787%); METL (3.8195%); URAN (3.1463%)
NXG,URNJ (12.0453%)
NXPI,FDRV (4.2864%); TEQI (2.823%); DIVD (2.6004%); WWJD (0.7019%)
NXSN.TA,DRNZ (11.5825%)
NXT,TAN (10.3277%); ICLN (7.3195%); VCLN (6.931%); CTEC (5.5819%); ACES (4.8567%); SMCF (4.485%); ETEC (3.7594%); FRNW (3.3092%); MGNR (3.1342%); XMHQ (2.7314%); LOPP (2.5757%); ERTH (2.485%); EPSV (2.3651%); IVSS (1.6462%)
NXT.AX,DTCR (5.0294%); SRVR (2.8969%)
NXTI,SVOL (7.1841%)
NYKAA.BO,INQQ (5.1243%); DGIN (4.8913%)
NYT,SMMV (1.2444%); SQLT (0.7068%)
O,NETL (7.93%); ERET (4.8541%); XLRE (4.5438%); DFAR (4.448%); RWR (4.3985%); ICF (4.36%); IYR (4.2705%); FRI (4.253%); USRT (4.1656%); IYRI (4.0925%); SCHH (4.0169%); DESK (3.9713%); BBRE (3.9542%); FREL (3.5697%); RWO (3.3909%); REET (3.1499%); VNQ (3.0306%); DFGR (2.9362%); AVRE (2.6925%); SDY (2.1345%); HUSV (2.0785%); SNPD (2.0612%); LGLV (1.8212%); ULVM (1.4944%); IWS (0.567%)
O39.SI,EWS (20.1869%); ASEA (10.9165%); OBOR (8.08%); DVYA (4.0037%); BBAX (2.9623%); EPP (2.8467%); AIVI (2.1431%); JHID (2.0992%); ILOW (1.8552%); HDMV (1.2806%); UIVM (1.1166%); TPIF (0.5806%)
OACC,SPAQ (5.3097%)
OBDC,PBDC (9.9898%); FBDC (6.4612%); BIZD (6.0594%)
OC,XHB (4.209%); COWS (4.0216%); AIRR (3.8917%); CVSM (2.3303%); ECML (2.2675%); SRHQ (1.6805%); RCGE (0.6149%); DFVE (0.2734%)
OCC,QQQS (0.7441%)
OCCI,VPC (3.3054%)
OCFC,SVAL (0.7888%); RUSC (0.4659%)
OCS,GLCR (7.9514%)
OCTU,SPBU (8.3023%)
OCTW,SPBW (8.3396%)
ODC,PAWZ (4.877%); FDM (1.3097%)
ODD,MNVT (6.3966%); DEEP (1.1524%)
ODFL,KMID (5.2531%); FCTE (5.0207%); HULL (4.4354%); SUPL (4.1602%); IYT (3.9612%); RISN (3.9489%); AVMV (1.2046%)
ODL.OL,DFE (1.0667%)
OEF,AAAA (10.1933%)
OGC.TO,AUMI (4.2888%); GOEX (3.6573%); GBUG (3.5068%)
OGE,GLIX (4.6068%); HSMV (2.0667%); XMLV (1.6716%); SMMV (1.1898%)
OGI.TO,MJ (1.8818%)
OGN,FXH (3.6723%); MRGR (2.4589%); HAPS (1.7064%); ROSC (1.0821%); EES (0.8308%); FYT (0.7566%)
OGS,CSB (1.5296%); USVM (0.718%); TPSC (0.3923%)
OGVXX,USFE (2.461%)
OHI,BKGI (6.5737%); DDIV (4.6468%); PSR (4.0462%); SRET (3.6337%); DVOL (3.0818%); SMMV (1.4091%)
OIH,QVOY (13.3451%)
OII,KEAT (4.7901%); PSCE (4.5983%); XES (4.1161%); ROBT (1.5856%); AVSC (0.3318%)
OKE,MLPX (6.8821%); TPYP (6.6177%); EINC (5.4088%); MLPI (5.3913%); BESF (5.0581%); UMI (4.8075%); USFE (4.7994%); MDST (4.7133%); GASZ (4.7017%); PIPE (4.6623%); RSPG (4.643%); ABEQ (4.5844%); BAMD (4.5802%); USAI (4.2435%); PUI (4.2073%); XUDV (3.5369%); FLV (3.0587%); EIPI (2.9676%); SPHD (2.7957%); EIPX (2.5145%); DVY (1.7112%); ONEY (1.3629%)
OKLO,URA (6.7238%); NLR (5.2144%); URAN (3.3618%)
OKTA,BUG (7.8451%); AVRY (7.0496%); PSWD (6.3589%); SPAM (6.3442%); XA (5.9083%); WCBR (5.8178%); DUTY (4.6112%); HACK (4.439%); IHAK (4.3595%); CIBR (3.5156%); WCLD (2.4386%); COWG (1.9191%); DTEC (1.3032%); NIXT (0.853%); IQSM (0.8424%); ISCG (0.7065%); BTAL (0.6356%); BKMC (0.5818%); JMEE (0.5756%); ISCB (0.3561%); SIZE (0.3034%); EUSA (0.2888%)
OLED,ETEC (5.712%)
OM.TO,COPJ (4.3899%)
OMAB,EMIF (4.3018%)
OMAB.MX,NRSH (3.6203%); DGS (0.7269%)
OMC,RSPC (4.5914%); DIVY (4.1%); FCFY (2.4962%); KNGZ (2.4643%); WLDR (2.1757%); CALF (1.8973%)
OMCL,AVRY (5.7438%); XHE (1.7844%)
OMF,WBIG (2.03%); FGD (1.4531%)
OMU,DGS (0.9288%)
OMV.VI,EWO (8.085%); CRAK (4.3296%); XIDV (2.0948%); FGD (1.3838%)
ON,QCLN (6.8135%); KWIN (6.1709%); EPMV (2.8228%); QQQJ (1.8189%); LSAF (1.2992%); AVMV (1.1231%)
ONB,DVLU (2.8933%); TSCV (2.2423%); ACSV (1.9576%); JPSV (1.7931%); IWN (0.517%); VTWV (0.5143%)
ONDS,DRNZ (12.579%); JEDI (6.668%)
ONEX.TO,PEX (8.1885%); ISVL (0.9565%)
ONON,STYL (3.5544%)
ONTO,HBMX (9.3228%); PJFM (3.9872%); ASCE (2.91%); TEC (2.7785%); SAMT (2.6863%); RSMC (2.5375%); FEMD (2.3779%); XITK (2.3063%); BUYO (1.6769%); GSC (1.5944%); QTUM (1.4928%); SQLT (0.9323%); SYZ (0.8224%); ISCG (0.5805%); PRFZ (0.4691%); SCHA (0.3468%); DFAS (0.3058%); ISCB (0.2928%)
OOMA,FDLS (1.1155%)
OPAL,PBW (1.845%)
OPER,HEDG (0.4819%)
OPFI,DEEP (1.1823%)
OPLN,SYZ (0.827%); ACSG (0.7552%)
OPTU,DFVE (0.4921%)
OR.PA,EWQ (4.8986%); EFFI (3.4842%); HEDJ (3.136%); DTAN (2.8014%)
OR.TO,GOAU (9.5619%); SIL (4.2128%)
ORA.PA,TXUE (3.8496%); DWX (1.8046%); DXIV (0.507%)
ORANY,IDVZ (4.1499%)
ORC,DVDN (6.2494%); KBWD (4.2412%)
ORCL,PCLG (7.2937%); IGV (6.2613%); JXX (5.6551%); TDVI (5.3499%); TDIV (5.3462%); FDRS (4.9117%); DVGR (4.8122%); FFF (4.7065%); FDN (4.5894%); FDND (4.5805%); TEXN (4.2912%); OGIG (4.1487%); CLOD (3.9213%); XAIX (3.5151%); SWP (2.7115%); ILDR (2.645%); DGRW (2.3375%); OWN (2.332%); IWLG (2.2906%); SHE (1.599%)
ORCLPD,PFXF (5.67%); CVRT (3.6693%); CWB (1.1003%)
ORDS.QA,QAT (4.5202%)
ORK.OL,ENOR (3.7207%); NORW (3.719%)
ORKA,SBIO (3.0485%); XBI (1.3785%)
ORLY,FMCX (4.3921%); RTH (4.3816%); QQLV (4.1097%); GRW (3.4536%); IEDI (3.1054%)
ORNBV,EFNL (3.3309%)
ORSTED.CO,FAN (7.5024%); RNRG (6.3099%); PWRZ (4.2967%); EDEN (3.1093%); FRNW (2.9201%)
OSB.L,COPY (0.9336%)
OSCR,HEAL (5.5564%); ABLS (5.1123%); EKG (4.1344%); HYP (2.4989%); SFLO (1.5059%)
OSK,MDPL (4.3572%); COWS (3.5196%); ECML (2.2094%)
OSW,SAEF (5.6039%)
OTB.L,AWAY (4.4072%)
OTEX.TO,PID (2.5277%)
OTF,PBDC (10.3246%); BIZD (2.9201%)
OTGA,SPAQ (4.0291%)
OTP.BD,EMDM (2.1003%); PEMX (2.0154%); XC (1.4002%); JPEM (0.8044%); WWJD (0.6695%)
OTTR,PSCU (3.7116%)
OUST,MAKX (11.5549%); BZZ (8.3714%); CABZ (5.6825%); UFOD (2.9335%); HYP (2.5079%); SAMT (2.4937%); ROBO (1.9313%); KOMP (1.3334%); IWC (0.8633%)
OUT,CSRE (3.2463%); DES (0.8543%)
OUT1V.HE,DFE (1.0681%)
OVV,OILT (4.7078%); FXN (4.6991%); FTIF (2.2584%); EZM (0.6603%); DFAT (0.6175%)
OWL,LBO (4.454%); PSP (3.9055%)
OXLC,VPC (4.4255%)
OXY,OILT (6.8903%); KAT (5.4992%); FTXN (5.2314%); TNGY (4.5087%); PXE (4.5014%); GQGU (4.1587%); FCG (3.8694%); DRLL (3.5182%)
OZK,QABA (2.2916%); XMVM (1.6918%); FXO (1.6196%)
P,MCOW (4.8523%); SKYY (3.8855%); XMHQ (3.3971%); IVOG (1.2973%); QVMM (0.8885%); MDY (0.7111%)
PAA,AMZA (14.5787%); AMLP (12.907%); MLPA (10.901%); TEXX (3.0959%); DIV (2.2127%); HIPS (2.0565%)
PAAS.TO,SIL (12.3991%); GDMN (4.1605%); AGMI (3.9815%); FORH (3.561%); RING (3.4058%); GDX (2.9511%)
PAC,EMIF (11.2439%); GII (3.9017%); IGF (3.8897%)
PACS,XHS (2.0071%)
PAG,XMVM (1.764%); FXD (1.5959%); RWK (1.2488%)
PAGP,SURI (39.9729%); PIPE (6.0311%); ENFR (5.0171%); TNGY (4.4676%); EMLP (3.9648%); EIPX (2.7021%)
PAGYO.IS,BLDG (1.5202%)
PALL,GHTA (2.716%)
PAM,ARGT (4.2809%)
PANW,XA (13.8316%); ISRA (12.5613%); IGV (10.3712%); CIBR (9.6148%); ITEQ (9.2272%); BUG (8.0534%); CLOD (7.5193%); KWIN (7.198%); USSE (6.8366%); WCBR (6.7598%); HACK (6.5824%); PSWD (6.4551%); SPAM (6.4314%); LRGE (6.0103%); AIFD (5.6747%); RVER (5.367%); DUTY (5.1992%); BRIF (4.7589%); IHAK (4.7546%); LRNZ (4.7163%); AIUP (4.687%); TECB (4.6039%); XDAT (4.4881%); HECO (4.3614%); DECO (4.302%); RILA (4.2909%); FDTX (4.15%); HIS (4.0855%); FTGS (4.0304%); FGSI (4.0287%); TMAT (4.02%); ESN (3.9876%); QFRD (3.7364%); AIPI (3.7119%); PRMR (3.6875%); JTEK (3.6167%); FMTM (3.5949%); LOGO (3.5621%); USRD (3.4472%); DRUP (3.3761%); BBHL (3.3633%); BGRO (3.337%); GARY (3.19%); WCLD (3.0402%); WTAI (2.8558%); KNCT (2.7306%); XT (2.7026%); PSET (2.6478%); OGIG (2.638%); PEVC (2.5786%); QTEC (2.5352%); THNQ (2.4767%); MOAT (2.4521%); NULG (2.4216%); QQEW (2.3749%); ESMV (2.0667%); COWG (1.9649%); ROBT (1.8111%); RSPT (1.6591%); FITE (1.6532%); XOEF (1.5145%); GEW (1.501%); DTEC (1.4145%); CHGX (1.2483%); KRMA (0.9917%); XSW (0.9467%); WDAI (0.7135%); RSPE (0.6853%); TPLC (0.6512%); CFA (0.3921%); CFO (0.3913%); DFVE (0.2895%)
PAR,XSW (0.9445%)
PARAUCO.SN,ECH (4.5359%); EPU (2.9301%)
PARR,XOP (2.6399%); RNIN (1.3588%); SFLO (1.228%); VAMO (0.9787%); AFSM (0.7574%)
PAVE,HECA (5.3531%); RAAX (4.3559%)
PAYC,SOVF (3.3285%); XSHQ (1.8695%)
PAYO,SIXS (1.5683%)
PAYTM.BO,DGIN (4.5297%)
PAYX,BAMD (5.0789%); FDV (4.0034%); XUDV (3.7491%); PAYR (3.4196%); CZAR (2.9998%); DIVB (2.3356%); JHDV (1.9679%); DIVG (1.7593%); QFHD (1.6915%)
PBF,PXI (3.9012%); RFV (2.9444%); XOP (2.9009%); XMVM (2.6746%); CPAI (2.1538%); QMOM (2.0755%); RWK (1.2944%); VAMO (0.9898%); EBIT (0.6918%)
PBH.TO,CCFE (6.6656%)
PBI,SIXS (1.7017%)
PBR,BRAZ (13.3605%); ILF (4.7929%); OTGL (3.0459%); EMOP (2.6366%)
PBT,TEXX (6.9651%); NVIR (4.0025%)
PCAR,DOCK (4.7882%); QQXT (2.0288%); CVMC (0.5331%)
PCG,FXU (4.0114%); CZA (1.7699%)
PCGPX,SPFF (4.5268%)
PCT,PINK (6.8941%); UPGR (2.8643%)
PDBA,EDGH (9.6277%); USAF (9.1906%)
PDBC,RAA (9.3142%); THMR (6.3424%)
PDD,CHIQ (8.5214%); CQQQ (8.4581%); KWEB (7.9302%); EMQQ (6.2359%); FDNI (4.6634%); KEMQ (3.0977%); TCHI (2.9554%); BGGG (2.8923%); OGIG (2.3902%); NSI (2.2955%); FLCH (2.1222%); CXSE (1.8486%); MCHI (1.8242%); GXC (1.7772%)
PDFS,AIMS (2.311%); ETHO (0.6217%); RUSC (0.5942%)
PDM,BLDG (1.6737%)
PDN.AX,URNJ (11.1761%); URNM (4.3888%); URA (3.0656%)
PE&OLES.MX,SLVP (10.8076%); AGMI (9.5377%); SIL (4.7154%); EWW (3.6096%); FLMX (3.1422%); GDXJ (2.9117%)
PEB,BEDZ (4.7773%)
PEBPG,PFFR (2.3271%)
PECO,HSMV (2.1713%); HAPS (1.9594%); XSLV (1.2671%); SMLV (0.6228%)
PEG,NLR (7.127%); TNUK (5.2561%); RACK (4.1719%); ZAP (3.8723%); URAN (3.7168%); NEWZ (3.4397%); CZA (1.918%); LGLV (1.265%)
PEJ,GGM (20.4757%); MSSS (10.3356%)
PEN,ARB (2.7159%)
PENG,HBMX (6.3711%); OPTZ (4.0727%); XSD (2.7383%); AFSM (0.9994%); SVAL (0.96%); IWC (0.843%); ISMD (0.6255%)
PENN,ODDZ (4.9635%)
PEO.WA,EPOL (6.9146%); FRDM (2.6594%)
PEP,IYK (7.3624%); FTXG (6.7948%); GXPS (6.3299%); FDL (4.8466%); PBJ (4.7379%); TRUO (4.6872%); XLP (4.3169%); KXI (4.2523%); FSTA (4.2168%); VDC (4.1759%); BAMD (4.1649%); BREW (4.0344%); DURA (3.9586%); SCHD (3.9008%); SIXA (3.724%); SIXH (3.6268%); TBG (3.3387%); FDV (3.1271%); INCE (2.5548%); VFQY (1.5517%); INCM (1.1869%)
PET.TO,PAWZ (4.3028%)
PETR3.SA,FLBR (6.566%); EWZ (5.8265%); FLLA (3.7784%); FNDE (2.0973%)
PETR4,FLBR (7.2831%); EWZ (6.1949%); FTHF (4.5985%); FLLA (4.1781%); PXH (3.6992%); DVYE (3.5493%); FNDE (2.226%); EMDM (1.9601%)
PEY.TO,COPY (1.0934%)
PFAVAL,COLO (4.1385%)
PFCIBEST.CL,COLO (16.2636%); SDEM (2.4285%)
PFDAVIGRP,COLO (3.7979%)
PFE,OZEM (6.3848%); FDL (5.922%); XUDV (4.6198%); PPH (4.534%); PJP (4.4382%); HDV (4.3064%); WBIY (4.1655%); IHE (3.9649%); NYNY (3.1958%); SPHD (2.7944%); LGCF (2.5286%); PEY (2.3998%); GMOV (2.1129%); DVY (1.9874%); QFHD (1.8709%)
PFF,IYLD (14.7246%)
PFFD,DUKH (19.9832%); ALTY (19.5365%); DUKZ (14.6649%)
PFG,SPDV (2.224%); BMVP (2.1255%)
PFGC,PSL (4.8993%); TOLL (4.3642%); TSCM (3.6807%); RWK (2.9719%); EPSV (2.1471%); FEMD (2.0263%); IJJ (1.0096%); MDYV (1.0086%); IVOV (1.0077%); DFAT (0.6541%)
PFIX,THMR (3.3696%)
PFLD,YFYA (19.9947%)
PFLT,KBWD (3.2147%)
PFS,ACSV (1.9122%)
PFSI,KBE (1.0157%)
PG,IYK (13.3397%); GXPS (11.661%); VDC (8.7399%); FSTA (8.7207%); TRUO (8.5766%); XLP (7.4179%); KXI (5.898%); DOGG (5.5776%); HDV (4.8069%); DJD (4.7658%); SCHD (4.2456%); BAMD (3.988%); EQIN (3.741%); TBG (3.7408%); AVIE (3.7123%); DIVN (3.636%); DIVL (3.4382%); GVLE (3.3882%); AIVL (2.966%); INCE (2.5597%); INRO (2.4832%); LVHD (2.44%); QDEF (2.43%); NUDV (2.4211%); VALQ (2.2936%); DGRO (2.2625%); PWS (2.1904%); GMOV (2.0251%); NULV (2.0101%); PY (1.9689%); RAFE (1.9196%); INCM (1.9008%); PRXV (1.7976%); TVAL (1.767%); SPXD (1.4246%)
PGEN,BBP (1.7161%)
PGFXX,USDX (2.8438%)
PGHN.SW,PSP (4.4811%)
PGLXX,PGRO (3.745%)
PGNY,ABLS (2.9624%); SIXS (1.7062%); FSGS (1.5527%); SIXL (0.6804%)
PGR,IAK (13.6406%); KBWP (8.3436%); FMCE (4.2401%); GQGU (4.1699%); ONEY (3.735%); BIBL (2.7397%); SOVF (2.6856%); DIVN (2.5725%); IYF (2.0522%); SPGP (2.042%); ONEV (1.2288%); BDVL (1.1537%)
PGY,MNVT (6.0365%); IZRL (1.904%)
PH,CTIF (6.1553%); BOUT (4.3946%); HWAY (4.0691%); ACEP (3.9974%); PPA (3.6451%); MADE (3.4661%); BFLX (2.8276%); SCEP (2.5712%); BIBL (2.5303%); TRUI (2.2114%); BCGS (2.129%); FIDU (1.6773%); VIS (1.646%); TRFM (0.7247%)
PHAT,SURI (3.5009%)
PHG,LGHT (4.6183%)
PHIA.AS,HEAL (3.9652%); MOTI (2.6682%); MOTG (2.0028%)
PHM,ITB (9.5951%); XHB (3.5285%); RSPD (2.3869%); HOMZ (1.6044%); FXD (1.5556%); FTA (0.9993%); FAB (0.4903%)
PHOE.TA,EIS (3.1409%); ISRA (2.2269%)
PHOENIXLTD.BO,INDZ (2.7855%)
PHYL,PFRL (1.4866%)
PHYS,EDGH (20.7444%); RAA (4.5062%)
PIDILITIND.NS,EMDV (2.5152%); RNEM (2.3535%)
PINFRA.MX,OAEM (2.3682%)
PINS,SOCL (5.3997%); ISHP (2.0013%)
PIPR,WBIF (2.1408%); JSML (1.4486%)
PIT,RAAX (20.7208%)
PJT,IVSS (1.4284%)
PK,KBWY (4.3684%); RFV (1.8049%); VRAI (1.4358%); SDIV (1.3065%); GYLD (0.8568%)
PKG,CUT (5.5236%); RSPM (4.0864%); SMIG (3.3011%); GRNY (2.5176%); DGLO (2.4127%)
PKN.WA,EPOL (12.6293%); CRAK (5.2963%); DVYE (2.1434%); DEM (1.6608%); GVAL (1.1707%)
PKO.WA,EPOL (15.5115%); DEM (1.4899%)
PL,ORBX (9.4434%); XSPC (5.3846%); WARP (5.3416%); UFO (5.1981%); MARS (5.0891%); DIPR (3.9808%); PRN (3.3788%); ROKT (3.2852%); CPAI (2.2335%); DWAS (1.251%)
PLD,INDS (13.8865%); RITA (12.0965%); CRED (11.8089%); SPRE (11.43%); JRE (11.2468%); FPRO (9.7787%); JPRE (9.5737%); FRI (9.2973%); RWR (9.1059%); PSR (9.0431%); BBRE (8.972%); IYRI (8.8351%); IYR (8.7252%); XLRE (8.6661%); REIT (8.5642%); SCHH (8.3359%); ICF (7.6472%); FREL (7.6026%); RWO (7.413%); USRT (7.1216%); REET (6.8769%); VNQ (6.6753%); DTRE (6.5801%); AVRE (6.4282%); DFGR (6.4259%); DFAR (6.3564%); ERET (5.5357%); WTRE (5.1365%); ELCV (4.8925%); CSRE (4.7007%); VGSR (4.6314%); GQRE (4.4118%); BYRE (4.3915%); PPTY (3.7716%); FDV (2.9155%); BIBL (2.7559%); SWP (2.6869%); CAPE (2.3297%); FREI (1.4879%)
PLMR,KIE (1.9973%); GRPZ (1.6658%)
PLOW,SMLL (4.3979%); KDVD (1.8246%); FDM (1.5602%)
PLPC,AIMS (1.1517%)
PLS.AX,LITP (9.4384%); LIMI (9.0557%); ILIT (7.0999%); REMX (6.7012%); SETM (4.1966%); ION (3.8151%); EART (3.7571%); IDRV (3.6408%)
PLTR,PLTW (19.8872%); EYES (10.9923%); AIPI (8.4979%); IGV (7.7046%); SHLD (7.3879%); MISL (6.7%); DUTY (5.9651%); WDGF (5.1504%); FDRS (4.9991%); FFF (4.8788%); XSPC (4.613%); YALL (4.542%); WR (4.1706%); OGIG (3.5544%); NXTI (3.4268%); ARKQ (3.1161%); IETC (2.9418%); UFOD (2.7315%); DRUP (2.592%); OWN (1.697%); PTL (1.3793%); ROE (1.0754%)
PLUG,HYDR (10.511%); ICLN (2.8544%)
PLUS,ALIL (3.3508%)
PLUS.L,DLS (0.6443%); DDLS (0.6412%)
PLXS,PSCT (3.1282%); ACSG (1.0554%); FESM (0.7171%); MSSM (0.5817%)
PM,IYK (11.0787%); GXPS (9.648%); TRUO (7.0434%); XLP (6.1252%); FDL (6.0734%); DIVZ (5.8045%); GQGU (5.5495%); ROPE (5.3706%); DURA (5.1565%); KXI (4.4819%); HDV (4.4164%); VDC (4.3798%); FSTA (4.3646%); EQTY (4.0688%); DIVN (3.8871%); TLCI (3.8684%); CGDG (3.8256%); PSL (3.7853%); DDIV (3.3742%); BDIV (3.3279%); USFE (3.3261%); BAMD (3.294%); CGCV (3.2093%); DHS (3.1621%); EQIN (3.08%); NANC (2.9391%); SWP (2.7927%); SIXA (2.6965%); LCF (2.4629%); AVIE (2.3691%); GCOW (2.0886%); DGRO (2.0787%); CGBL (2.0524%); LVDS (1.6244%); DEW (1.3404%)
PME.AX,HEAL (5.5174%); EFAD (1.994%)
PML,RTAI (4.832%)
PMT,KBWD (3.8749%); MDIV (1.6722%); XSVM (1.2781%)
PNC,IAT (14.9589%); DFNL (4.9689%); BOUT (4.5557%); FDV (4.48%); KBWB (4.1503%); BGIG (4.1128%); FTXO (4.1032%); MAVF (3.8856%); STNC (2.9122%); GRNY (2.5297%); BUSA (2.3007%); LVHD (2.2182%); IMCV (1.4489%); COPY (0.9589%); IMCB (0.6894%)
PNDORA.CO,EDEN (2.3752%); FIVA (1.4354%)
PNFP,KRE (1.3695%); IJJ (0.8724%); MDYV (0.8714%); IVOV (0.8705%)
PNGAY,NSI (2.2392%)
PNN.L,DFE (1.1632%)
PNNT,VPC (2.4695%)
PNR,PIO (8.4254%); AQWA (6.3719%); PHO (3.7506%); BASV (3.5866%); EFRA (3.2654%); COWS (3.1257%)
PNW,GLIX (4.7099%); FXU (4.4502%); SMMV (1.5189%); USVM (0.8087%)
PODD,LGHT (4.4372%); TMED (2.4449%)
POLI.TA,EIS (7.2947%); ISRA (4.8916%)
POLICYBZR.BO,DGIN (6.1044%); INQQ (5.515%)
POLYCAB.BO,GLIN (4.1042%); INDQ (3.9974%)
POMO4,BRF (2.344%)
POOL,SMLL (5.7196%); PSCD (2.7312%); IJS (0.7401%); VIOV (0.7373%); SLYV (0.7361%)
POR,GLIX (4.2352%); CSB (1.5258%); XMLV (1.4976%); ALTY (1.3089%); USVM (0.684%); TPSC (0.3931%)
POW.TO,RWIN (1.5368%); COPY (0.9973%); TPIF (0.5441%)
POWERGRID.BO,EPI (2.0082%)
POWI,CAFG (3.6438%); TDV (3.0009%); WCEO (1.2698%); PAPI (0.7275%)
POWL,VOLT (6.8698%); POW (4.6803%); PWRD (4.5563%); CAFG (3.5705%); PSCI (2.5786%); XSHQ (2.2011%); XSMO (2.1228%); RZG (1.9696%); GRPZ (1.6463%); JSML (1.5327%); HAPS (1.4463%); FSCC (1.0668%); DUSG (0.5603%)
PPC.AT,GREK (6.6233%)
PPG,TINT (5.1069%); RSPM (3.989%); MVFD (3.0543%); CVGD (2.4435%); BLCV (2.4254%); UPGD (2.2279%); HWSM (2.1201%); NUMV (1.9061%)
PPL,BDVG (2.998%); EMLP (2.5314%)
PPL.TO,PIPE (4.7848%); MLPI (4.445%); MLPX (4.4093%); MDLV (3.014%); DWX (1.8985%); FID (1.7801%)
PPLC,JHPI (1.1138%)
PR,FXN (4.5756%); PXI (3.8029%); FCG (3.7508%); DON (0.8889%); DFAT (0.7025%)
PRAX,IBRN (4.7919%); PTH (4.6275%); XBI (1.2902%)
PRCH,XSW (1.1681%)
PRF,PRAE (17.6721%); TBFG (6.7014%); TBFC (3.5331%)
PRG,CVY (1.336%); DEEP (1.1794%); FYT (0.9238%)
PRGO,PEY (3.6759%); DIVY (3.2355%)
PRI,OUSM (1.9949%)
PRLB,BULD (7.9744%); PRNT (4.5188%)
PRTXX,USDX (0.016%)
PRU,IAK (4.1708%); PEY (2.3275%); QFHD (2.1832%); DIVG (2.0273%); DVY (2.0134%); NUMV (1.9469%); WBIG (1.859%); CZA (1.7609%)
PRU.AX,CGV (1.9076%); AVDV (0.5733%)
PRX.AS,EWN (4.8231%); IPKW (4.7212%); FDNI (4.5167%); DINT (3.9421%); FEOE (2.3627%); PRAY (2.2867%); FEGE (1.5602%)
PRY.MI,EWI (4.3798%); POW (4.2373%); GRID (3.8779%); EPIN (3.2256%); VCLN (3.0576%); IPAV (3.0147%); FAN (2.7319%); ILOW (2.059%); FEUZ (1.5189%); FEP (1.1661%)
PSA,INDS (14.8898%); REZ (9.0567%); HAUS (5.0926%); ICF (4.9388%); JRE (4.7541%); REAI (4.6143%); XLRE (4.4767%); RWR (4.3336%); USRT (3.9466%); BBRE (3.8862%); DFAR (3.8639%); IYRI (3.7387%); IYR (3.7171%); FRI (3.7018%); REIT (3.6888%); SCHH (3.5028%); FPRO (3.2371%); FREL (3.2111%); RWO (2.951%); AVRE (2.8338%); REET (2.7406%); ERET (2.7075%); VNQ (2.6582%); DFGR (2.5562%); YLDE (2.5283%)
PSCJ,PSFF (6.0785%)
PSCQ,PSFF (7.1737%)
PSCW,PSFF (8.9635%)
PSCX,PSFF (4.4084%)
PSDM,NMBL (14.192%)
PSFD,PSFF (5.6207%)
PSFO,PSFF (4.9856%)
PSH,CEFZ (6.65%)
PSK,INKM (6.034%)
PSK.TO,INFL (4.796%)
PSLV,SLVR (16.9097%)
PSMD,PSFF (13.7357%); LADM (8.261%)
PSMJ,PSFF (13.3937%)
PSMO,PSFF (14.6436%); LADM (8.2556%)
PSMR,PSFF (13.2661%); LADM (8.2381%)
PSMT,PSCC (7.9246%); SAWS (3.1588%); OSCV (2.2842%); SDVY (1.1785%); SDVD (1.1784%); AVSC (0.327%)
PSNL,ARKG (6.1851%); ETHO (0.6043%)
PSPN.SW,RWX (1.8071%); IEUS (0.5336%)
PST.MI,FICS (2.4456%); EFAS (2.3463%); JHID (2.0535%); WWJD (0.677%); JPIN (0.4438%)
PSTL,RDOG (2.2947%); BLDG (1.602%); FSCC (1.1604%)
PSUS,CEFZ (6.9646%)
PSX,CRAK (6.4402%); DRLL (4.7363%); IEO (4.4588%); XLE (4.3887%); WEEI (4.2369%); FXN (3.9276%); GXPE (3.3732%); IYE (3.3141%); FENY (3.0553%); VDE (2.9784%); UDI (2.9191%); VOE (1.1663%); IWS (0.6238%)
PTBD,TRND (17.924%)
PTCT,IBRN (4.1975%); PSCH (3.0016%); QSML (0.6672%)
PTGX,NBDS (3.5806%); PSCH (3.2875%); XSMO (2.0245%); RZG (1.5275%)
PTIN,TRND (20.1525%)
PTLC,TRND (19.7301%)
PTMC,TRND (20.463%)
PTNQ,TRND (21.5832%)
PTON,IBUY (2.6784%)
PTORU,SPCK (3.3176%)
PTT-R,THD (6.4999%); OBOR (3.566%); EDIV (1.8139%)
PTTEP-R,THD (3.3689%)
PUB.PA,DIVS (3.1982%); IFLO (1.7558%)
PUBM,MYLD (1.1027%)
PUCOBRE.SN,COPJ (3.541%)
PUK,CVGD (2.444%)
PULS,KAMO (16.3359%)
PWP,KCE (1.7322%)
PWR,GRID (8.1205%); AIPO (7.7948%); MOTO (5.504%); KOOL (5.4061%); JOUL (5.3203%); VOLT (5.2126%); USSE (5.1327%); HWAY (5.0535%); POW (4.9544%); ZAP (4.655%); GPT (4.6212%); CCSO (4.5541%); TSEL (4.4897%); IVEP (4.3744%); PAVE (4.0378%); TEXX (4.0057%); GK (3.956%); PRN (3.8396%); IFRA (3.7749%); TCAI (3.4794%); UFOD (2.7828%); VOT (2.3684%); FXR (1.3597%); RBLD (1.1718%); VO (1.0415%)
PXH,CEFZ (4.4012%)
PYLD,LOTI (6.6502%); LEXI (5.2214%); FOPC (4.7666%)
PYPL,IPAY (5.6342%); FINX (5.625%); SHRY (4.446%); LGRO (2.8545%); KYC (2.6601%)
PZU.WA,EPOL (6.2694%)
Q,CSD (7.9877%); ASLV (3.3899%); KDVD (1.9651%); BBMC (0.713%)
QAI,QVOY (5.0371%)
QBE.AX,DVYA (3.1029%); IDVY (1.1748%); DEEF (0.4727%)
QBR-B.TO,FDCF (3.0726%); FDEV (1.2109%)
QBTS,CQTM (18.7778%); WQTM (5.5289%); QTUP (4.7925%); IWO (0.5305%); VTWG (0.5035%); BKSE (0.3651%)
QCOM,PTNT (6.4287%); FTXL (5.657%); SMHX (4.7418%); VSMV (4.4072%); FTCE (4.3727%); KNGZ (4.3007%); SHRY (4.1057%); DIVN (4.1033%); GGME (4.0658%); LGCF (3.6561%); SPDG (3.5809%); AMEM (3.332%); TDV (3.2903%); TDVI (3.1581%); TDIV (3.1559%); FCFY (3.1394%); FLOW (2.6235%); BAMV (2.5998%); NXTI (2.4702%); DSTL (2.3746%); DRIV (2.311%); BUYB (2.0286%); AVLV (1.8197%); TEQI (1.7547%); VLUE (1.6945%); SDY (1.5659%); ITAN (1.555%); VFQY (1.5491%); PTL (1.1577%)
QDEL,XHE (2.1288%)
QEFA,WSGE (3.2438%)
QFIN,SDIV (1.2166%)
QFLS.QA,QAT (3.2913%)
QGEN,DFIS (0.3791%)
QGRW,XCOR (10.0061%); XNAV (5.7425%); XRLX (4.784%)
QGTS.QA,EMIF (4.707%); QAT (4.3928%)
QIBK.QA,QAT (13.8313%)
QID,TIME (2.9403%)
QIIK.QA,QAT (4.2136%)
QINT,MVFG (4.6618%)
QIS,SVOL (9.4953%)
QLTY,FLCE (5.1292%)
QLYS,PSWD (5.0503%); BUG (5.0228%); IHAK (4.7454%); CLOU (3.7382%); ABLS (3.0674%); WCLD (1.9705%); SRHQ (1.7906%); FITE (1.592%); NIXT (0.7282%)
QMOM,AAVM (22.7362%); GAA (4.4873%)
QNBK.QA,QAT (22.4845%)
QNC.V,CQTM (4.5123%)
QNNS.QA,QAT (3.7827%)
QNT,QTUP (17.8091%); WQTM (7.1577%); CQTM (7.0623%); QTUM (1.567%)
QQQ,QQQT (98.3631%); EZMO (66.6632%); MSTQ (64.0207%); DVQQ (49.4282%); THIR (32.9737%); ARP (27.4879%); RSEE (26.6373%); EDGU (23.6695%); QVOY (14.0289%); EZRO (12.7777%); AAAA (11.2962%); EMPB (9.8537%); OCIO (7.089%); WLTG (5.1335%); MIGO (4.8766%); AGOX (4.6476%); DAK (2.6652%); QXQ (2.3505%)
QQQM,TDAQ (99.5548%); DWUS (48.6211%); QTAC (37.1201%); ODTE (32.6169%); CLSM (30.8991%); DUKQ (19.4634%); TDSC (16.4253%); TDSB (12.1617%); MAPP (6.8168%); SECT (6.2847%); HNDL (5.6156%)
QQQX,PCEF (2.2801%)
QRVO,PSCT (2.9047%)
QS,CTEC (3.4515%); UPGR (2.3537%)
QSR.TO,BREW (4.4515%)
QTEC,FV (19.9397%); FVC (19.9169%)
QTRX,QQQS (0.6964%)
QTWO,TMFS (3.8739%)
QUAL,DWAW (19.2423%)
QUBT,QTUP (4.6372%); CQTM (4.2184%); WQTM (2.7853%)
QUIK,WISE (7.5173%)
QURE,BBC (1.0372%)
QVAL,AAVM (20.3361%)
QXO,TMFM (4.5081%); ISCG (0.5314%); ISCB (0.2618%)
QYLD,ALTY (20.6756%)
R,EPSB (2.8301%); REGL (1.7223%); LOHA (1.2043%); JHSC (0.5214%)
RACE.MI,STYL (7.421%); EWI (4.7683%)
RAL,CSD (4.8351%); PSCT (3.2041%); TMVE (1.6182%)
RAMP,TMFS (4.8328%)
RARE,TMFS (3.9571%); BBP (1.8372%)
RBA.TO,EBIZ (5.0805%)
RBC,FXZ (5.4157%); ALIL (3.8327%)
RBI.VI,EWO (5.0327%); GVAL (1.4242%)
RBIL,SPIT (5.1179%)
RBLX,NERD (7.5508%); ESPO (7.057%); OND (5.7548%); GENZ (5.5221%); LOUP (5.497%); HERO (4.6894%); BNGE (4.4244%); FDCF (3.7846%); ARKW (3.3138%); INVN (2.5588%); XSW (0.9577%); TRFM (0.8111%)
RBRK,PSWD (5.4894%); SPAM (5.482%); WCBR (4.9911%); BUG (4.7936%); XA (4.1362%); CSMD (3.4342%); IPO (3.3735%); BCSM (3.2811%); WCLD (2.123%); DTEC (1.2266%)
RCAT,MNVT (5.2118%); DRNZ (4.9863%); JEDI (4.6467%)
RCL,WNDR (4.2872%); CGDV (4.147%); YUNG (3.9542%); RSPD (2.4354%); BCGS (2.1381%); AKAF (2.1279%); EPMV (2.1023%); SPGP (2.0557%); XLY (1.9689%); GXPD (1.3332%); FDIS (1.272%); VCR (1.2472%); IMCG (1.049%); IWR (0.5762%)
RDDT,SOCL (10.8549%); IPO (6.6181%); TOGA (5.4515%); NEWZ (3.5438%); TLG (2.9329%); XOVR (2.7787%); ISHP (2.1411%); TMFX (1.6415%)
RDF.JO,DGS (0.7001%)
RDN,OUSM (2.1586%)
RDNT,RSMC (3.0984%)
RDVI,FTBI (7.2464%)
RDW,JEDI (11.6052%); MNVT (5.2252%); ORBX (3.924%)
RDWR,IZRL (1.882%)
RDY,EDOG (2.7624%); EMOP (2.5445%)
REAL,XRT (1.7471%)
REET,IYLD (5.0658%)
REG,JPRE (3.3889%)
REGN,BBH (6.2722%); IBB (4.9006%); IBBQ (4.4914%); PBE (4.4625%); SPXD (1.0578%); DEUS (0.549%)
RELIANCE.NS,INDH (8.6965%); EMQQ (8.1905%); INDY (7.9773%); FMQQ (7.8238%); INQQ (7.5282%); EPI (6.5852%); INDA (6.0531%); FLIN (5.3728%); IND (4.2478%); INDZ (3.3568%); GIND (3.0739%); INDE (2.9753%); RNEM (2.5574%); XC (2.4484%); BKF (1.9717%); LDEM (1.7902%); DFEV (1.7664%); VEXC (1.1721%); STXE (1.102%); XCNY (1.03%); KEMX (0.9986%); SCHE (0.8745%); EMXC (0.827%); BBEM (0.7834%); VWO (0.7536%)
RENE.LS,DFE (1.2841%)
REP.MC,EWP (3.8552%); IVAL (2.0834%); IDV (1.8909%); FYLD (1.029%); DEEF (0.4859%)
REXR,INDS (3.1723%)
REYN,FXG (4.341%); FVD (0.4404%)
RF,YALL (4.2232%); IAT (4.1828%)
RGA,SMCF (4.2909%); EPSB (2.1867%); ISCV (0.4412%)
RGLD,XME (4.2342%)
RGNX,BBC (1.1168%)
RGTI,WQTM (5.1435%); QTUP (4.7836%)
RHHBY,HRTS (3.9408%); CANC (3.6725%); QLTI (3.6492%); AQEC (1.8007%); DSTX (1.4999%); SPWO (1.3631%); APIE (1.1088%)
RHI,WBIY (3.3757%); PEY (3.3197%); XSHD (3.0872%); SNPD (2.9414%); FGD (2.0462%); SDIV (1.2037%); GYLD (1.073%); SYLD (1.0429%)
RHM.DE,XDEF (6.5572%); WDGF (5.0161%); SHLD (3.8787%); FLGR (2.9874%)
RHP,RDOG (2.3286%); JSML (1.967%); JSMD (1.8688%); PSCF (1.7736%); VRAI (1.4716%); SCDS (1.0081%)
RICHTER.BD,EDOG (2.5032%)
RIG,WAGN (9.6384%); PXJ (4.3828%); OIH (4.2724%); IEZ (2.7835%)
RIGD,CRAK (8.7509%); DGIN (7.8993%); NDIA (7.0694%); EMEQ (4.0057%); CSNR (2.8289%); MTRA (2.2996%); NSI (2.2141%); XSOE (0.8279%); SPEM (0.7978%)
RING,MOOD (1.7389%); EDGI (1.7213%)
RIO,LIT (20.0056%); SLX (7.2936%); ICOP (5.1592%); FPXI (3.8914%); AMEM (3.5756%)
RIO.AX,SLX (5.0022%); EWA (3.1484%); PICK (2.9274%); FLAU (2.6648%); ADVE (2.0921%)
RIO.L,PICK (6.6459%); EART (4.4124%); MXI (3.3301%); FPXE (3.2963%); EWU (3.2547%); FLGB (2.9557%); IDV (2.7873%); GUNR (2.353%); LVHI (2.1333%); BRIE (1.7729%); DTH (1.5227%); MFDX (0.7904%)
RIOT,HECO (8.5844%); DECO (8.462%); TEKX (7.8445%); DAPP (5.5147%); NODE (3.1153%); ACSG (0.7829%); BKSE (0.386%); RSSL (0.3037%); IWM (0.3025%); VTWO (0.2969%)
RITM,HYIN (3.3415%); CRDT (2.6088%); MDIV (1.2161%)
RIVN,ACES (5.6926%); IDRV (4.6447%); QCLN (4.6265%); FDRV (3.8208%); KARS (3.6615%); SFYF (3.1924%); UPGD (2.423%); PBW (1.6723%); HAIL (1.618%); PBD (1.2%)
RJF,CZAR (3.4566%); EPMV (2.0295%)
RKLB,ORBX (18.9316%); WARP (13.4964%); MARS (10.2131%); NASA (9.537%); DIPR (8.9314%); ARKX (6.4353%); XSPC (6.0287%); ARMY (5.8269%); MISL (5.4926%); DUTY (5.3403%); JEDI (5.268%); UFOX (4.8751%); UFO (4.8527%); ARKQ (4.368%); ITA (3.6315%); FDG (2.8995%); JSMD (1.5812%); FXR (1.3128%); MAGA (0.8444%); VXF (0.5857%)
RKT,KBE (1.1729%)
RL,STYL (4.3085%); PEZ (3.8746%); BFLX (2.6184%); OASC (1.5565%); QMID (1.276%)
RLAY,FYC (0.9275%); FYX (0.4965%)
RLI,KIE (1.9615%); TMDV (1.6576%); FVD (0.4374%)
RLJ,SMLL (2.909%); RDOG (2.3919%); GYLD (0.9841%); FYT (0.9081%)
RLMD,PSIL (6.843%)
RLY,MFUL (5.2293%)
RMBS,SNSR (4.5691%); CSMD (3.6583%); MCOW (3.2307%); RFG (1.9137%); NUSC (0.9518%)
RMD,LGHT (9.1063%); EKG (5.8306%); IHI (4.3777%)
RMME,RSEE (31.1068%); RULE (3.0315%)
RMS.PA,DNL (2.1971%)
RMT,CEFZ (4.2004%)
RNAC,QQQS (0.6817%)
RNG,RNIN (1.3561%)
RNR,SMCF (4.2767%); GRPM (2.4781%); CGMM (2.0246%); XMVM (1.8167%); SMMV (1.3171%); AFMC (1.0641%); EZM (0.7404%)
RO,AGNG (3.0398%)
ROIV,PTH (5.0052%); ADPV (4.259%); PRFZ (0.4094%)
ROK,MAKX (5.8539%); IBOT (3.8496%); PAVE (3.059%); FDIV (2.0835%); ROBO (1.84%); RBLD (1.1896%); AVMC (0.5692%)
ROKU,RSPC (5.5093%); BNGE (4.8091%); BRES (3.308%); ISCG (0.5549%); ISCB (0.2788%)
ROP,PIO (8.0934%); PHO (7.9875%); AKRE (6.8491%); FIW (4.0104%); COWS (2.9484%); HUSV (2.3819%)
ROP.SW,FLSW (13.0381%); EWL (12.8417%); HDEF (4.9328%); IDHQ (4.7089%); PBPH (4.4899%); XEML (4.4211%); EUDG (4.415%); JDVI (4.2575%); SCHY (4.2268%); TLCI (3.9917%); BKCI (3.9296%); PIEL (3.8162%); IXJ (3.7601%); DTAN (3.6629%); VIGI (3.3844%); IVSI (3.3583%); DIHP (3.0159%); RWIN (3.0135%); OEFA (2.9035%); IGRO (2.8254%); UMMA (2.7608%); IMFL (2.6338%); PATN (2.2865%); IQLT (2.0907%); BBEU (2.0822%); IEV (2.0682%); IQSI (2.031%); AVIV (2.0161%); VDI (1.9881%); FLEE (1.9449%); DBEU (1.8988%); GSEU (1.8697%); QEFA (1.8577%); IEUR (1.8439%); VGK (1.8262%); IMTM (1.8112%); SPEU (1.7833%); EFV (1.7648%); VYMI (1.573%); PRXI (1.5072%); FDEV (1.4737%); EFAX (1.4452%); SFTX (1.4443%); GIEQ (1.444%); FRGN (1.4425%); IVLU (1.4112%); WIMA (1.4093%); NTSI (1.4081%); FENI (1.3865%); ENHI (1.3683%); EFA (1.3367%); JIVE (1.3325%); BBIN (1.3238%); PABD (1.3162%); GSID (1.2974%); DOL (1.2843%); DIVI (1.2777%); DBEF (1.2396%); PTIN (1.2138%); DFSI (1.1694%); ESGD (1.167%); HFXI (1.151%); IEFA (1.1481%); BKIE (1.1406%); QINT (1.0699%); DDWM (1.0682%); DWM (1.0659%); EFAA (1.043%); PXF (1.0415%); INTF (1.0323%); AVSD (1.0245%); CVIE (1.022%); IDEV (1.0067%); DFAI (1.0066%); GSIE (0.9768%); AVDE (0.9341%); VEA (0.8851%); DXIV (0.8809%); SPDW (0.8624%); VSGX (0.8606%); CWI (0.815%); ACWX (0.7784%); JHMD (0.7635%); GXUS (0.7447%); DBAW (0.7323%); VEU (0.7062%); IXUS (0.6766%); VXUS (0.6421%); TLTD (0.5475%); DFIC (0.5461%)
ROST,KMID (4.3103%); RTH (3.8337%); IEDI (3.3161%); STNC (2.6959%); RDVI (2.0109%); RDVY (2.009%); VFMV (1.5646%); JEPI (1.5136%); SSPY (0.675%)
RPAY,SOVF (4.1511%)
RPG,XCOR (11.4278%); XRLX (6.7292%)
RPM,TINT (4.8935%)
RPRX,PBE (4.7283%); IHE (4.335%); PTNT (3.7816%); ELCV (3.4395%); TFGZ (2.8905%); OUSM (1.9841%); AUSF (1.6929%); OASC (1.5259%); SMOT (1.4774%); PAPI (0.722%)
RR.L,XDEF (9.3354%); NATO (7.1347%); WCMI (6.4838%); RCTR (5.7691%); WCMG (5.2104%); EWU (5.198%); IDEF (5.1814%); FLGB (4.8584%); BCIL (4.3623%); ARMY (4.2095%); NUKZ (3.3988%); TXUG (3.2184%); IDHQ (2.6772%); IDMO (2.5709%); FFDI (2.4186%); CGIE (2.3656%); JIG (2.1511%); MFSI (1.8764%); TDI (1.8145%); TOUS (1.7862%); FFGX (1.5894%); EXI (1.5802%); EFG (1.4629%); AVIV (1.4588%); DFSI (0.7678%); JPIN (0.4743%)
RRC,MGNR (3.6542%); LENS (2.4669%)
RREVU,SPAQ (4.0093%); SPCK (3.3143%)
RRKABEL.BO,EMSC (1.6915%)
RRR,ODDZ (5.5516%); RONB (2.9876%)
RRX,PJFM (3.3305%); KDVD (2.1122%); IJJ (0.9118%); MDYV (0.9104%); IVOV (0.9097%); MSSM (0.6339%)
RS,SLX (4.5208%); SMLL (4.3306%); FXZ (3.9299%); METL (3.4274%); FTDS (2.2881%); IJJ (1.0967%); MDYV (1.0948%); IVOV (1.0942%)
RSG,EVX (6.2339%); CCSO (5.2593%); DGLO (2.4657%); QOWZ (2.4372%)
RSI,BETZ (5.8011%); ODDZ (5.1661%); ODDS (3.6703%); PEZ (2.9837%)
RSP,BWQG (37.7293%); SNAV (34.9291%); DUKQ (10.0109%); LEXI (5.2402%); USEW (1.8066%)
RSPD,LCR (3.9533%)
RSPT,NMBL (3.7265%)
RSW.L,PRNT (4.3269%)
RTO,EASY (4.3871%)
RTX,ITA (14.8191%); SHLD (9.2906%); AV (8.645%); IDEF (8.3806%); FOWF (7.9722%); NATO (7.5784%); PPA (7.2115%); MISL (6.9225%); WR (5.5205%); BZZ (5.2304%); WDGF (5.1073%); TGLR (4.5576%); TRUI (4.4411%); XLI (4.4324%); FTWO (4.0117%); FIDU (3.4764%); MFMO (3.4239%); VIS (3.4047%); MADE (3.2891%); ROKT (3.2589%); IYJ (3.0052%); CGDV (2.9847%); EXI (2.5054%); AQEC (1.9386%)
RU26,RSSY (16.5019%); FLSP (10.8475%)
RUN,TAN (4.7829%); WATS (4.493%); CNRG (2.8599%)
RVLV,ONLN (4.8081%); IBUY (2.6718%); XRT (1.52%)
RVMD,CANC (5.842%); BBH (5.4073%); IDNA (4.3706%); GNMX (3.7368%); HRTS (3.4528%); MEDI (2.7988%); IBBQ (2.7839%); IBB (2.777%); GVIP (2.337%); QQQJ (1.9545%); TAX (1.7357%); IQSM (1.2786%); XBI (1.2045%); VBK (1.0351%); BKMC (0.8421%); SCHA (0.763%); BBMC (0.7232%); SCHM (0.6914%); FSMD (0.561%); VB (0.453%); PRFZ (0.3832%)
RVT,CEFZ (3.7119%); YYY (3.5282%)
RVTY,ASD (2.6847%); MDEV (2.5407%); NBSM (2.2218%); RSPH (1.7827%)
RWAY,VPC (2.2344%)
RWE.DE,PWRZ (8.5731%); DEEF (0.6683%)
RWR,RLY (2.729%)
RWX,RLY (0.7641%)
RXL.PA,DFIS (0.3344%)
RXO,ARWG (3.2315%)
RXRX,ROBT (1.5293%)
RY,BBCA (9.7698%); EWC (9.685%); FLCA (9.5017%); VIGI (4.9316%); BWTG (4.4164%); GSIB (3.6518%); QLVD (3.0983%); IGRO (2.9034%); DIVD (2.4724%); IMTM (2.3857%); FICS (2.3004%); LCTD (2.2039%); FEDM (2.0412%); IXG (1.9338%); PABD (1.5779%); VYMI (1.575%); TIER (1.3192%); RODM (1.2352%); INTF (1.2261%); PTIN (1.2141%); FDEV (1.1757%); DFSI (1.1482%); GSIE (1.1361%); BKIE (1.1313%); JIVE (1.123%); IDEV (1.0047%); CVIE (1.004%); SCHF (0.9693%); DFIC (0.8993%); CWI (0.8957%); VEA (0.8866%); SPDW (0.8618%); VSGX (0.8615%); AVSD (0.8356%); ACWX (0.7809%); GXUS (0.7473%); DBAW (0.7336%); VEU (0.7067%); IDLV (0.6872%); IXUS (0.6744%); VXUS (0.6428%); TLTD (0.5589%)
RYA.IR,EIRL (5.0983%)
RYAN,KIE (1.9507%)
RYCEY,TNUK (5.3319%); WAR (4.0644%); EUAD (2.2798%)
RYGYO.IS,WAGN (4.7775%)
RYN,CUT (4.5567%); ABEQ (4.0727%); RUSC (0.4581%)
RYTM,MEDI (4.255%); BBP (1.6831%); XBI (1.2014%)
RZC,PFFV (3.6387%)
S,WCBR (5.5147%); PSWD (4.1966%); IHAK (4.0357%); SPAM (3.9794%); ITEQ (2.204%); ROBT (1.5339%)
S63.SI,WDAF (4.6314%); EWS (4.069%); VNIE (3.1426%); OBOR (1.6407%)
S68.SI,EWS (4.7957%); INFL (3.7542%); QINT (1.016%)
SAAB-B.ST,XDEF (4.2339%); ARMY (3.9005%)
SAABY,EUAD (2.3113%)
SAAQ,SPAQ (4.029%)
SAB.MC,XIDV (1.979%); ISCF (0.7659%)
SABA,CEFZ (5.1312%)
SABR,AWAY (4.2132%)
SAF.PA,XDEF (9.4295%); EWQ (6.3295%); TOAO (5.2157%); XEML (5.0493%); TLCI (4.9675%); PWRD (4.9304%); NATO (4.8739%); PJIO (3.9876%); FPAG (3.095%); FEZ (2.8701%); JIG (2.8236%); JGLO (2.6417%); IDHQ (2.3723%); EPIN (2.3566%); FFDI (2.2607%); CGIE (2.161%); DNL (1.874%); RWIN (1.7693%); AVIV (1.6766%); FFGX (1.618%); HOLA (1.3994%); JIRE (1.3756%); IMFL (1.3051%); GIEQ (1.197%); AVSD (0.6316%); AVDE (0.5805%)
SAFRY,QLTI (3.9422%)
SAGU,PVEX (8.5233%)
SAH,XSVM (1.2094%)
SAHOL.IS,EMDV (2.3153%)
SAIA,AIRR (3.5324%)
SAIC,CWS (4.3733%)
SALM.OL,GLCR (3.8177%)
SALXX,PVEX (4.3731%); JANZ (2.7202%); FLDZ (0.7615%); FEBZ (0.1021%); JUNZ (0.0936%); APRZ (0.0932%); JULZ (0.0908%); MAYZ (0.0887%); MARZ (0.0856%); SEPZ (0.0719%)
SAMPO.HE,EFNL (7.0112%)
SAN,GSIB (3.703%)
SAN.MC,EWP (19.6539%); PBEU (9.4038%); EUFN (5.73%); HEDJ (4.9883%); IDMO (4.1843%); FEZ (3.9981%); EFFI (2.6763%); FFDI (2.6589%); EZU (2.5626%); PTEU (2.5241%); FLEU (2.5162%); DBEZ (2.2127%); DFIV (2.0389%); IVLU (1.7533%); FFGX (1.6069%); IMTM (1.5954%); BBEU (1.4611%); GSEU (1.4526%); IEV (1.4481%); COPY (1.4443%); HOLA (1.3756%); JIRE (1.3483%); FLEE (1.3389%); DBEU (1.2968%); VGK (1.2682%); IEUR (1.2601%); SPEU (1.2441%); LCTD (1.1801%); VYMI (1.0941%); DWMF (1.0319%); EFAX (0.9866%); MFDX (0.8804%); GSIE (0.8746%); TLTD (0.6812%)
SAN.PA,EWQ (4.354%); HEDJ (3.5928%); BINV (3.1152%); IFLO (2.2205%); IGRO (2.1943%); DTAN (2.1728%); ICOW (1.9904%); DSTX (1.9215%); QLVD (1.6232%); QINT (1.2634%)
SAND.ST,EWD (5.6216%)
SANM,EPSV (3.5515%); SAWS (2.9218%); QMOM (2.0546%); JPSV (1.7218%); TAX (1.4987%); FNY (1.1755%); FNX (0.6327%); JHSC (0.5402%); DFAS (0.2589%)
SAP,SAPH (97.0357%); BINV (2.5975%); APIE (0.8954%)
SAP.DE,SHPP (8.859%); EWG (8.4613%); DAX (7.9228%); FLGR (7.8443%); PCIG (6.1182%); FEZ (3.0529%); VIGI (2.8391%); EZU (2.0718%); PTEU (1.9918%); FLEU (1.9853%); OPPE (1.8239%); DBEZ (1.79%); DMXF (1.4748%); EFG (1.4517%)
SARO,SCAP (4.2198%); XAR (3.1085%)
SATA,DADS (5.2005%)
SAUD3.SA,SDIV (1.2527%)
SAVE.ST,FPXE (3.5534%); ISVL (1.0773%)
SBAC,LPRE (6.5096%); DTRE (5.4153%); IDGT (4.8894%); SRVR (4.0815%); TMFM (3.8673%)
SBGSY,IVEP (4.1385%)
SBH,XSVM (1.2369%)
SBIL,HIGH (89.5113%); XV (73.8482%); FOXY (72.4282%); CDX (49.4623%); MTBA (46.9787%); CAS (41.4428%); HARD (36.9269%); YGLD (21.9846%); PFIX (21.4188%); CTA (1.1738%)
SBIN.NS,GLIN (4.29%); INDY (3.8842%); OAEM (3.0269%); EPI (2.9899%); INDZ (2.8163%); IND (2.0832%)
SBK.JO,EZA (6.845%); AFK (2.758%)
SBRA,BYRE (4.441%)
SBRY.L,DEEF (0.4998%)
SBS,EMIF (8.5267%); TBLU (4.0511%); WCMI (2.7972%)
SBSP3.SA,CGW (7.3059%); PIO (6.8452%); EFRA (3.5517%)
SBUX,BREW (17.8125%); PBJ (5.1362%); VICE (4.9709%); PEJ (4.6578%); FTCE (3.428%); CGVV (3.2228%); MILN (3.1006%); CBLS (2.9084%); XLY (2.8954%); CBSE (2.8763%); CGCV (2.5932%); GXPD (1.9133%); IEDI (1.8763%); FDIS (1.7756%); VCR (1.733%); TRUD (0.0936%)
SCA B,CUT (4.5738%)
SCB-R,SDEM (2.113%)
SCBFY,GSIB (3.6158%)
SCC-R,THD (3.4469%)
SCCO,EPU (22.0094%); COPX (4.9611%); COPP (4.8211%); CCSO (4.784%); ICOP (4.4999%); EART (4.3738%); OTGL (3.5512%); ACEP (3.1405%); BCEM (2.0733%)
SCG.AX,RWX (3.0803%); IFGL (1.9895%); HAUZ (1.4559%)
SCHA,BLUX (5.5296%); DUKQ (5.2197%)
SCHC,DUKX (4.6918%)
SCHD,INKM (8.8586%)
SCHF,DYTA (4.8019%)
SCHG,BLGR (25.1735%); XNAV (7.7206%)
SCHH,HNDL (3.9583%)
SCHJ,CANQ (4.2493%)
SCHM,DUKQ (10.2171%)
SCHO,RISN (19.0292%); WTBN (9.0896%); USAF (6.6681%); NDOW (4.2289%)
SCHP,IVOL (77.3471%); FOPC (7.825%); ELM (7.1212%); RAA (3.0586%)
SCHQ,WTBN (9.9125%)
SCHR,HIDE (50.2663%); NDOW (4.2378%)
SCHV,BVAL (30.5668%); QVOY (13.3593%); MFUL (9.6437%)
SCHW,IAI (8.6309%); GENZ (7.1531%); NITE (4.6464%); TXS (4.4083%); EQTY (4.408%); YALL (4.2843%); BCFN (4.1367%); GABF (3.8832%); RONB (3.7488%); TFNS (3.4517%); TAOZ (3.1563%); BLCV (2.8363%); TEXN (2.5768%); IYF (2.4247%); MOAT (2.4104%); MOTG (1.9844%); KCE (1.6505%); JAVA (1.4191%)
SCHX,DUKQ (24.0008%); SNAV (0.0003%)
SCHZ,HNDL (8.8919%)
SCI,CBLS (2.9456%); CBSE (2.9133%)
SCIO,HISF (5.0046%); LDSF (4.9851%)
SCJ,EDGI (2.72%)
SCMN.SW,FSZ (3.4533%); EFAV (1.3383%)
SCOM,AFK (2.9823%)
SCSC,JPSV (1.6087%); XSVM (1.2584%)
SCYB,BAMY (20.0823%); RAA (6.1627%)
SCZ,HSCZ (1.0013%)
SDCI,EDGH (22.9764%); GAA (3.8184%)
SDLF.L,XIDV (2.4292%); AIVI (1.8923%); FGD (1.4257%); GYLD (0.9024%)
SDR.L,FID (1.8786%)
SDVD,FTBI (6.9545%)
SDZ.SW,FSZ (5.0372%); FPXE (3.63%); QINT (1.0353%)
SE,FMQQ (7.3729%); EMQQ (6.96%); DINT (5.9188%); LATR (5.0708%); EWS (4.7766%); FDNI (4.6966%); GAMR (4.6441%); DWLD (4.1535%); BGCG (3.9773%); KEMQ (3.9013%); KYC (3.6997%); MILN (3.3005%); FDCF (2.9207%); DSTX (1.6066%)
SEA.TO,SGDJ (4.2566%)
SEB-A.ST,EWD (3.8512%); CGIE (2.1063%)
SEDG,WATS (6.4356%); TAN (5.132%); CTEX (3.664%); ICLN (2.6455%); PBD (1.1682%); PDN (0.2215%)
SEEM,EDGI (19.0144%)
SEI,USNG (11.1428%); OIH (5.1103%); XES (4.707%); CBLS (3.0897%); SPIT (2.9464%); CBSE (2.9191%); WCEO (1.626%)
SEIC,VLLU (2.8839%); FXO (1.5948%)
SEIE,EDGI (22.9799%)
SEPU,SPBU (8.3344%)
SEPW,SPBW (8.3453%)
SESGL,ORBX (4.4893%)
SEZL,LATR (6.6852%); DWAS (3.3127%); GRPZ (2.2084%); IVSS (2.1157%); SURE (1.957%); PSC (1.3008%); FYC (1.07%); BFOR (0.5672%); GSSC (0.2959%)
SFBS,JSML (1.5294%)
SFD,FXG (3.7126%); CSNR (3.0635%)
SFM,CWS (4.3204%)
SFNC,TMVE (1.9438%)
SFSN.SW,FSZ (4.887%)
SFTBY,GPT (2.7959%)
SGHC,BETZ (5.5306%); ODDS (3.5437%)
SGI,XHB (3.4901%); WBIF (2.0371%); QMID (1.4028%)
SGLC,DYTA (32.0582%)
SGML.V,ILIT (3.9685%); ION (3.7253%)
SGO.PA,FHIL (2.0545%); DSTX (1.5885%)
SGOL,GDMA (2.9615%)
SGOV,MKAM (47.8112%); MSMR (41.4099%); BAMO (18.5016%); THRV (11.4392%); AAAA (6.0714%)
SGP.AX,RITA (3.1884%)
SGP.XPHS,CGV (1.8988%)
SGRO.L,INDS (5.2783%); DTRE (5.1552%); REAI (4.7226%); RWX (3.4681%); EUDV (2.7648%); IFGL (2.2355%); EFAD (1.6471%); HAUZ (1.5045%); VNQI (1.4958%)
SGRY,XHS (1.9117%)
SHA0.F,FGM (4.1201%); FEUZ (1.2348%)
SHB-A.ST,JHID (2.0583%)
SHB.VN,KPHO (3.9029%)
SHEL,DFIV (2.8987%); EIPI (2.214%); AVIV (1.8919%); FBCV (1.8475%); HAP (1.8161%); DFIC (0.7875%); AVDE (0.7741%); DXIV (0.6783%)
SHEL.L,PBOG (7.2266%); EWU (7.0565%); IXC (6.7544%); FLGB (6.5978%); CSNR (5.5996%); NRES (5.3713%); HDEF (4.4095%); INEQ (4.1357%); GNR (4.1198%); IPKW (4.0128%); TURF (3.9949%); FEOE (3.7236%); GUNR (3.4201%); LVHI (2.2938%); FKU (2.2777%); DTAN (2.2664%); IMFL (2.2308%); FNDF (2.1445%); DTH (2.0918%); EFV (2.0477%); AIVI (1.9735%); RFDI (1.9152%); PXF (1.8245%); TILC (1.7106%); FDEV (1.6405%); BBEU (1.5904%); IEV (1.5552%); NBIE (1.5301%); SFTX (1.4729%); IVLU (1.4718%); FRGN (1.4712%); FLEE (1.4646%); NTSI (1.4338%); DBEU (1.433%); WIMA (1.4277%); FEDM (1.3899%); IEUR (1.3898%); VGK (1.3772%); HOLA (1.3641%); EFAV (1.3602%); JIVE (1.3494%); SPEU (1.3412%); JIRE (1.3343%); DOL (1.2438%); GSEU (1.2095%); VYMI (1.1889%); ENHI (1.1118%); QEFA (1.0902%); BBIN (1.0111%); EFA (1.0082%); GSID (0.9774%); DWM (0.9758%); DDWM (0.9737%); DWMF (0.9692%); RINT (0.9599%); DBEF (0.9343%); HFXI (0.9022%); DFAI (0.8919%); IEFA (0.8652%); BKIE (0.8603%); EFAA (0.7868%); IDEV (0.758%); TLTD (0.7248%)
SHLS,CTEX (3.6471%); UPGR (2.7338%)
SHO,BEDZ (6.0713%); VRAI (1.3222%)
SHOP,FDNI (10.9005%); BUYZ (8.4302%); GENZ (7.9141%); BGCG (4.8354%); BBCA (4.7068%); EWC (4.6935%); FLCA (4.5957%); PCGG (4.4665%); ARKW (4.4385%); ARKK (4.1813%); PNQI (4.1588%); PCIG (3.6741%); FFF (3.4973%); RONB (3.2844%); FDRS (2.685%); QNXT (2.5439%)
SHP.JO,EMDV (2.3102%)
SHRIRAMFIN.NS,INDE (3.5002%); NFTY (2.0545%); EMEM (1.3076%)
SHV,TBFC (7.7005%); TBFG (4.8757%)
SHW,FMAT (5.3159%); VAW (5.2803%); XLB (4.9336%); JGRW (4.7087%); ITB (4.5493%); RSPM (4.2093%); BEEZ (4.1845%); DIA (3.8975%); EDOW (3.6841%); MXI (2.6113%); TMDV (1.6538%); DGLO (1.5804%)
SHY,LCR (14.5722%); MAMB (11.1879%); USAF (6.6612%); PCPP (6.4816%); AAAA (6.0881%); LCO (2.4598%); ROMO (0.4648%)
SHYG,BAMY (19.0844%)
SIE.DE,EWG (12.6301%); DAX (12.0625%); FLGR (11.6789%); PRNT (5.1414%); FEZ (4.6479%); OSEA (4.559%); HEDJ (4.3142%); MTRA (3.9697%); MOTO (3.4842%); OEFA (3.3089%); FBOT (3.2484%); DTAN (3.1242%); EZU (3.0926%); FLEU (2.9703%); PTEU (2.9701%); TXUE (2.9443%); DBEZ (2.673%); NUDM (2.3709%); THMZ (2.2958%); EXI (2.2676%); PATN (2.0665%); HOLA (1.7988%); JIRE (1.7695%); CEFA (1.741%); BBEU (1.6901%); FEDM (1.678%); IEV (1.6501%); FIVA (1.619%); FENI (1.6082%); FLEE (1.5803%); IQSI (1.5764%); PRXI (1.571%); DBEU (1.5648%); IVLU (1.5494%); IEUR (1.5183%); VGK (1.4899%); EFV (1.4539%); SPEU (1.4516%); TOUS (1.3439%); GIEQ (1.312%); GSEU (1.2551%); ESGD (1.2334%); ENHI (1.2235%); NTSI (1.2023%); EFAX (1.1907%); WIMA (1.1879%); DIVI (1.1515%); EFA (1.1013%); BBIN (1.0745%); GSID (1.033%); DBEF (1.0236%); IEFA (0.9473%); BKIE (0.9039%); HFXI (0.8748%); EFAA (0.8616%); IDEV (0.8338%); SCHF (0.7639%); VEA (0.722%); VSGX (0.7019%)
SIEGY,IDVO (3.0919%); DIVD (2.3226%); APIE (0.9038%)
SIGI,JPSV (1.5442%); FLQS (0.8341%); GVLU (0.46%)
SIGN.SW,FSZ (3.8033%)
SIKA.SW,TINT (5.1844%); EUDV (2.5593%); EFAD (1.5239%)
SIL,KYLD (5.2529%); MOOD (1.6573%)
SILA,SRET (4.2462%); BLDG (1.509%)
SIMO,SMIG (6.6623%); SCDV (4.9637%); AIS (3.6559%); XITK (3.6214%); ARWG (2.8384%); FEMD (2.4419%)
SIRI,UFO (5.0096%); OMAH (4.9418%); RISN (3.9952%); RFV (1.8182%); FXD (1.7067%); FNK (0.8839%)
SITM,FCUS (4.7097%); TMFS (4.0069%); FFTY (3.5815%); TFGZ (2.8097%); XITK (1.9622%); FNY (1.0399%); ISCG (0.503%)
SIVR,MOOD (2.7856%)
SJM,KNG (1.6552%); NOBL (1.6417%); DFAT (0.5886%)
SJNK,RMIF (16.8956%)
SKA-B.ST,OPPE (2.0908%)
SKM,MAKX (4.7377%)
SKT,PSR (4.1512%)
SKWD,PCPP (5.6654%); KIE (2.135%)
SKY,PKB (3.0478%)
SKYT,XITK (1.8895%)
SKYW,JETS (3.4498%); XTN (2.8694%)
SLAB,MRGR (2.5138%); SNSR (2.2963%); OMFS (0.9893%)
SLB,IEZ (21.058%); OIH (18.9188%); WEEI (4.562%); XLE (4.5293%); CSEN (4.0896%); TEXX (3.4786%); GXPE (3.4695%); IYE (3.3989%); VDE (3.0901%); FENY (3.01%); BASV (2.9545%); VUSV (2.2519%); AKAF (1.9021%); VOE (1.196%)
SLDE,FDLS (1.1678%)
SLF.TO,GMOI (2.3847%)
SLG,DESK (7.9009%); GYLD (0.8001%)
SLGN,MVFD (2.6234%); REGL (1.7177%)
SLM,CVY (1.1752%); SYLD (1.0906%)
SLM.JO,EZA (2.9619%)
SLNC,DIME (4.7142%)
SLS,PTH (3.8891%); BBC (1.1704%); ETHO (1.0024%); IWC (0.6137%)
SLS.TO,COPJ (4.3032%)
SLV,RHTX (7.9026%); LENS (3.6704%); LCO (2.2632%); GLDB (0.2473%)
SLYG,PRAE (14.2184%)
SM,PSCE (6.7264%); CCNR (0.9416%); EBIT (0.682%)
SM.XPHS,EPHE (4.694%)
SMCI,ARTY (3.2089%); FCTR (1.769%); FTA (1.1033%); FAB (0.5414%)
SMERY,IVEP (3.7836%)
SMFG,GENW (3.9364%); GSIB (3.5933%); IDVO (3.0272%)
SMFT3.SA,EWZS (2.6571%)
SMH,EMPB (10.8163%); XNAV (5.8993%); MIGO (4.3634%)
SMIN,ASCI (5.6252%)
SMLF,FGSM (22.7622%); FARX (4.8862%)
SMPH.XPHS,EPHE (6.1068%)
SMPL,MNVT (4.5482%)
SMR,NLR (4.8243%); URAN (2.9957%)
SMSN,EMKT (11.2506%); EMOP (10.6633%); EMC (9.7628%); NSI (8.8376%); PRAY (7.2348%); AVXC (6.79%); AVSE (6.4043%); AVEM (5.8206%); DEHP (3.9622%); DEXC (3.7473%); DFSE (3.27%); TIER (2.9942%); SPDW (2.957%); CWI (2.8897%); LCO (2.2829%); DFEV (1.7733%); DGT (1.4441%); DFAE (0.8521%)
SMT.L,TOAO (4.6905%)
SMTC,ETHO (0.6098%); BBSC (0.565%); JHSC (0.503%); BLES (0.4987%)
SMTH,NMBL (7.9368%)
SMWB,IZRL (3.6165%)
SN,TSME (2.5859%); CHGX (1.1573%); SIZE (0.2845%)
SNA,CTIF (5.9011%); SMIG (4.6966%); EPSB (2.26%); SDOG (2.1185%); QDIV (2.1175%); DON (0.9395%)
SNDK,KWIN (22.1813%); RPG (10.4149%); FPX (10.3624%); PTF (9.6518%); CSD (9.4554%); ADPV (9.0583%); QQQG (7.9093%); LQAI (7.5133%); FEPI (7.4906%); FCLD (6.1498%); SCHA (6.0198%); COWG (5.8483%); FCUS (5.6344%); IQM (5.4723%); SCHM (5.4539%); EGGY (5.4135%); FFOG (5.3242%); ULTI (5.2259%); DRAM (5.2112%); HBMX (5.0919%); CNAV (4.8534%); IGPT (4.753%); BOBP (4.7008%); ESML (4.6715%); YOKE (4.5872%); WUGI (4.4858%); TCAI (4.4714%); BOUT (4.4578%); GFLW (4.2867%); OPTZ (4.2187%); RACK (4.2048%); SPHQ (4.1695%); FSMD (4.1521%); EGGQ (4.0681%); TSEL (4.0239%); WTAI (4.0093%); RKNG (3.8157%); LCO (3.695%); DWAS (3.6208%); FRTY (3.5626%); TRFK (3.5522%); PALC (3.4081%); BAI (3.3416%); ARWG (3.265%); JTEK (3.2498%); OASC (3.2223%); SEIM (3.1303%); SPMO (3.0714%); VFLO (3.0262%); GVIP (2.9362%); QTEC (2.809%); SPHB (2.7861%); ALTL (2.7845%); ABFL (2.5574%); FTC (2.5182%); SMRI (2.2801%); FDMO (2.2442%); GDMA (1.9827%); XOEF (1.8436%); RSPT (1.772%); GURU (1.7436%); FEX (1.3732%); CHGX (1.3429%); SMIZ (1.3362%); QQQE (1.3229%); QEW (1.3207%); FAD (1.2704%); MSSM (0.9603%); BFOR (0.7533%); RSP (0.2694%)
SNDL,MJ (6.3092%)
SNEX,TMFM (8.9079%); TMFS (5.4406%); TMFG (4.2334%); SAWS (4.0222%); BRNY (3.9402%); RSMC (3.7562%); ASCE (3.2121%); PFI (3.2069%); AFSC (3.099%); PSCF (1.8261%); RZG (1.5956%); EBIT (1.2082%); SLYG (0.9147%); IJT (0.9143%); VIOG (0.9139%); IWO (0.5167%); VTWG (0.5085%); GSSC (0.3332%)
SNOW,CLOU (6.7372%); WISE (5.1454%); XDAT (4.9732%); DAT (4.8738%); LRNZ (4.5975%); BGRO (4.0045%); FCLD (3.8467%); NBDS (3.5349%); BASG (3.1455%); IWP (2.3326%); JMID (2.0851%); RBLD (1.8277%); IMCG (1.1391%); VXF (0.9954%); IWR (0.6152%)
SNPS,PRNT (4.6061%); SMHX (4.1991%); PTNT (4.0563%); KONG (3.7969%); QFRD (3.1247%); EPMV (2.4488%); EQRR (2.4477%)
SNX,DVLU (3.6476%); RSMC (3.2249%); RFV (2.7975%); RWK (2.609%); POWA (2.2732%); PAMC (1.6553%); LSAF (1.473%); SMOX (1.1883%); IJJ (1.1492%); MDYV (1.148%); IVOV (1.1467%); NUSC (1.0888%); SQLT (0.8949%); PAPI (0.7996%); EZM (0.7657%); GVLU (0.5221%)
SNY,PID (3.2271%); IDVZ (3.0516%); PAYR (2.8649%); BAIV (2.6848%); GMOI (2.6614%)
SO,XLU (7.5822%); VPU (6.8397%); FUTY (6.816%); IDU (6.5317%); JXI (4.7024%); RCTR (4.6523%); ZAP (3.9187%); IVEP (3.6982%); IFRA (2.9252%); GII (2.8443%); IGF (2.8239%); EMLP (2.7311%); INCE (2.6349%); FDL (2.3228%); LVHD (2.2334%); TEQI (2.0634%); TPHD (1.5124%); CDL (1.5055%); CDC (1.5035%); USMV (1.4797%); LGLV (1.2544%); ACWV (1.1309%); TPLC (0.6608%)
SOBI.ST,EFFI (3.4277%)
SOF.BR,PEX (7.2592%); PSP (4.4808%)
SOFI,FINX (4.3043%); BUZZ (3.3104%)
SOFR,DIVO (4.3113%)
SOLS,NUKZ (3.024%); KDVD (2.2908%)
SOLV,FXH (2.3993%); FNK (0.8159%)
SOMN,PFXF (2.5223%); PFFD (1.6799%)
SON,CUT (4.384%); DIVY (3.636%); SNPD (2.0207%); TMDV (1.6934%); DES (0.9923%); FVD (0.4361%)
SONACOMS.BO,SMIN (0.7904%)
SONY,FHIL (1.9253%)
SOON.SW,EFFI (3.1316%)
SOUN,WISE (3.3424%)
SOXL,DRAI (1.9998%)
SOXX,AESR (24.5515%); RHRX (18.0574%); XNAV (4.5218%)
SOYB,TAGS (24.9873%)
SPAB,BAMA (18.2574%); GAL (7.4534%)
SPB,KDVD (1.8094%)
SPCX,RONB (32.1521%); MARS (22.739%); WARP (21.5085%); XSPC (16.1137%); ARKX (8.811%); BCTK (8.6095%); MISL (7.8042%); ARKQ (6.0677%); YALL (5.3086%); UFOX (5.2404%); UFO (5.1888%); MPLY (5.1498%); ULTI (5.1488%); BROL (4.6645%); ARKK (4.4839%); ATFV (3.8644%); AGIX (3.5772%); IYZ (3.3867%); HALX (3.2191%); FDCF (3.2159%); ALAI (3.0854%); UFOD (2.9743%); ONEQ (2.7614%); FPX (2.0408%); FWD (1.8042%); GXPC (1.4096%); VXF (1.1413%)
SPDN,LCR (4.2224%)
SPDW,RSIT (73.4772%); BINT (29.6366%); DDXX (24.2171%); GAL (10.9987%); DDV (7.0804%); WSGE (3.7674%)
SPEM,DUKX (24.5274%); GAL (9.9969%); INTL (7.0149%); ALLW (2.2974%)
SPEU,INTL (12.0878%)
SPG,RITA (12.7457%); CRED (8.949%); JRE (7.5619%); ICF (6.3553%); ROPE (5.6583%); VGSR (5.414%); REIT (5.1918%); IYRI (5.1605%); XLRE (4.9761%); SCHH (4.7765%); IYR (4.7673%); DFAR (4.7606%); FREL (4.6378%); RWR (4.6341%); FRI (4.6209%); USRT (4.5976%); FPRO (4.5862%); TBG (4.5568%); BBRE (4.5093%); RWO (4.2566%); DESK (4.1832%); JPRE (4.0678%); GQRE (3.9164%); REET (3.8934%); VNQ (3.8401%); DFGR (3.699%); AVRE (3.6457%); ERET (3.6297%); RSPR (3.4528%); PFI (3.3597%); IQRA (3.1951%); PPTY (2.912%); PPI (2.4703%); FCPI (2.4266%); JHDV (2.0058%); IWP (1.9561%); SPYD (1.4398%); VOE (1.1855%); DEUS (0.5945%); IWR (0.5159%)
SPGI,GABF (5.1499%); EAGL (4.6823%); FDIQ (4.576%); IAI (4.1451%); BCFN (4.0133%); BCGD (3.7071%)
SPHB,QVOY (14.2338%)
SPHR,PSCU (4.5729%); SAEF (3.175%); PEZ (3.0328%); SAMT (2.4901%); RZG (1.4963%); FSCC (1.3148%); BSVO (0.8205%); AFSM (0.757%); AVSC (0.3795%)
SPHY,FLXN (99.6247%); DUKH (39.8549%); HYBI (31.2916%); THY (24.66%); BAMY (20.0848%); CANQ (14.2794%); MAPP (12.8037%); XFLX (8.4437%); THRV (7.3557%)
SPIE.PA,IEUS (0.5721%)
SPIN,INKM (10.0228%)
SPIR,ROKT (3.4705%)
SPK.NZ,ENZL (3.7433%)
SPLB,GAL (3.0357%)
SPLV,USEW (6.157%); GEW (5.9634%)
SPM.MI,ISVL (0.9268%); AVDV (0.587%)
SPMD,RHTX (22.155%); TBFG (3.8361%)
SPMO,XCOR (11.5019%); TBFG (8.0265%); XRLX (6.7727%); DUKQ (5.293%); TBFC (4.9209%); XNAV (4.3851%)
SPOT,MUSQ (9.6949%); EWD (8.9457%); BGCG (8.9167%); FDNI (5.6031%); PCIG (5.196%); PFOE (5.0206%); SOCL (4.5108%); TOGA (4.4815%); BCTK (4.2383%); BNGE (4.2383%); GGME (4.2184%); OND (4.0863%); TSEL (4.0044%); BCUS (3.5323%); PIEQ (3.2937%); BASG (2.9068%); RONB (2.6907%)
SPSB,PVEX (26.0181%); MAMB (2.4878%)
SPSM,TBFG (6.3854%); GAL (3.2236%)
SPSN.SW,RWX (2.8934%); IFGL (1.8742%); HAUZ (1.3696%); DISV (0.9032%)
SPTL,INKM (12.0747%); GAL (4.0756%)
SPTS,RSMV (9.8492%); USAF (6.6574%)
SPUC,SVOL (20.1656%)
SPX.L,MOTI (2.6083%)
SPXL,LGH (19.0658%); DRAI (16.7059%)
SPXT,MVFG (4.1449%)
SPXU,TIME (3.164%)
SPXX,PCEF (4.1235%)
SPY,HEGD (92.0744%); MSTB (82.4415%); HTUS (63.2797%); RHRX (46.1938%); RHTX (45.5136%); DVSP (43.5487%); HEDG (33.2657%); EZMO (33.149%); THIR (32.8222%); AGOX (32.7862%); GAL (29.0824%); SNAV (21.2381%); AESR (15.2755%); NOEQ (13.9366%); AMAX (13.6513%); EVNT (6.4624%); OCIO (4.6101%); MHIG (3.402%); SIXH (3.2382%); GEQ (2.4802%); USEW (2.0086%); GEW (1.0488%); KSPY (1.0024%)
SPYD,INKM (8.9777%)
SPYG,BLGR (52.3859%); BAMA (22.8252%)
SPYM,SPDF (99.5564%); RSST (73.7535%); DUBS (73.4897%); BLUX (47.5683%); BLUC (40.0945%); BINT (28.4908%); BAMA (22.5937%); BVAL (15.3009%); TBFG (11.5114%); BLGR (9.0116%); MHIP (8.8044%); TBFC (7.2527%); ALLW (7.1876%); WSGE (5.4037%)
SPYV,BVAL (33.0715%)
SQM,LITP (10.8986%); ILIT (7.7971%); REMX (4.5525%); AMEM (3.8864%); ION (3.5039%); WATS (3.3834%); SETM (3.1466%)
SQM-B.SN,ECH (14.108%)
SQN.SW,IVSX (2.0853%)
SR,USVM (0.6314%)
SRAD,BETZ (4.9827%); ODDZ (4.5622%)
SRE,BESF (4.7414%); UTES (4.5419%); XLU (4.2589%); VPU (3.8397%); FUTY (3.8343%); BILD (3.7778%); IDU (3.6655%); PUI (3.6075%); TOLZ (2.9071%); JXI (2.6404%); CVMC (0.5186%)
SREN.SW,FLSW (2.5619%); EWL (2.5597%)
SRET,ALTY (20.7497%)
SRG.MI,DWX (1.7438%)
SRL.AX,REXC (4.7134%); NIKL (3.7487%)
SRLN,INKM (5.9495%); HYBL (0.9366%); BRHY (0.7511%)
SRRK,THNR (5.7101%); IBRN (4.5348%)
SSD,FSCS (1.1817%)
SSE.L,PWRZ (3.8575%); FHIL (1.8246%)
SSI.VN,VNM (4.3049%); VNAM (2.8912%)
SSPY,SHUS (99.4018%)
SSRM.TO,SILJ (4.8371%); SIL (4.0535%); GOEX (3.6006%); OMFS (1.1054%)
SSYS,BULD (4.1081%); KOMP (0.7651%)
ST,MVFD (2.9277%); CVSM (2.671%)
STAG,REAI (4.3273%); INDS (3.0428%)
STAN.L,IPKW (5.1316%); FKU (2.3835%); SEIE (0.9837%)
STB.OL,ENOR (3.6808%); NORW (3.6793%)
STB.VN,VNAM (2.847%)
STEL,MRGR (2.5405%)
STERV.HE,CUT (4.4337%)
STGW,JPSV (1.5103%)
STIP,KEAT (32.0506%); EDGH (9.8471%); IRTR (9.6631%); LCR (9.5397%); ITDB (8.246%); USAF (8.0759%); AAAA (6.0454%); WTBN (4.9631%)
STJ.L,EWUS (1.832%); IVSX (1.2124%); IEUS (0.545%)
STLD,PWER (6.414%); FXZ (5.8219%); SLX (5.5421%); METL (3.8594%); PYZ (3.7773%); IYM (2.8136%); PICK (2.0834%); SCHM (0.5703%)
STM,STHH (96.752%)
STMN.SW,PRNT (4.0412%); MDEV (2.5265%)
STMPA.PA,SNSR (10.3852%); KARS (5.2778%); KOID (3.4393%); DRIV (2.5661%); WWJD (1.0748%); BLES (0.5141%)
STO.AX,DVYA (3.6358%)
STOK,FDM (2.2937%); WDNA (2.0952%)
STRC,PFXF (6.198%); PFF (3.6384%); PFFA (2.2752%)
STRL,HVAC (8.5943%); AIRR (5.9966%); PRN (4.1168%); MCOW (4.1013%); FCUS (3.947%); SSMG (3.8052%); CSMD (3.5174%); XMMO (3.4455%); AZTD (3.2029%); RFG (3.1197%); IVSS (2.8955%); JSML (2.7975%); JSMD (2.3925%); SRHQ (2.358%); JMID (2.1139%); TAX (2.0348%); PAMC (1.857%); FSGS (1.8042%); MDYG (1.3562%); IJK (1.3527%); IVOG (1.3439%); FNY (1.241%); SEIS (1.1899%); PSC (1.1725%); DUSG (1.1537%); NUSC (1.0927%); MIDE (1.0349%); SQLT (0.9974%); QVMM (0.8669%); XJH (0.7995%); ISCG (0.787%); MDY (0.754%); FLDZ (0.7432%); EZM (0.7215%); PTMC (0.7126%); SPMD (0.7092%); IJH (0.7069%); IVOO (0.7039%); FNX (0.6678%); SMLF (0.6134%); BKMC (0.6047%); SCHA (0.4949%); ISCB (0.3954%); ESML (0.3931%); SMMD (0.3352%)
STT,KBWB (4.0615%); OAKM (3.8562%); UDI (3.8545%); GSIB (3.6028%); CSTK (2.8499%); VMAX (2.206%); CZA (2.2032%); FLCV (1.9236%); KCE (1.6727%); HWSM (1.2327%); MCDS (1.0637%)
STTPG,EPRF (3.8337%)
STWD,HSMV (1.4483%)
STX,EGGY (11.1097%); EGGQ (9.8714%); EGGS (8.0995%); TSEL (7.7803%); FRWD (7.7395%); FPX (6.2637%); QQQA (6.189%); RULE (6.1705%); WLDR (5.96%); QQQG (5.4808%); FCLD (4.9604%); ACEP (4.9056%); PTF (4.8486%); FTCE (4.6521%); FCUS (4.5522%); FDTX (4.1406%); TCAI (3.6018%); AMOM (3.5052%); YOKE (3.1477%); AIVC (3.097%); PVAL (3.049%); VUSE (2.7455%); OPTZ (2.6763%); ARWG (2.6536%); PDP (2.5483%); HYP (2.5194%); VOT (2.3727%); NXTI (2.3343%); VMAX (2.3007%); NULC (1.8927%); FTC (1.7331%); ROUS (1.6521%); AFLG (1.3104%); XOEF (1.187%); CHGX (1.1512%); VO (1.0429%); FEX (0.9452%); FAD (0.8744%); BFOR (0.549%)
STZ,MVAL (4.178%); FTXG (3.7523%)
SU.PA,EWQ (8.3176%); GRID (8.3091%); PCIG (5.0348%); XEML (4.6684%); OSEA (3.9611%); FEZ (3.7097%); AGQI (3.5594%); VIGI (3.2065%); MTRA (3.1482%); OEFA (2.9689%); FFDI (2.8286%); EUDV (2.411%); EZU (2.3169%); PTEU (2.2365%); FLEU (2.2288%); ILOW (2.1708%); MFSI (2.0267%); DBEZ (2.0028%); EXI (1.7357%); DMXF (1.6516%); EFG (1.6234%); FFGX (1.6074%); EASG (1.5623%); FEDM (1.5141%); CEFA (1.3324%); PABD (1.2754%); IQSI (1.2024%); LCTD (1.1763%); SPEU (1.1544%); PRXI (1.1426%); RINT (0.9523%); DFSI (0.7178%)
SU.TO,CSEN (6.0941%); PBOG (4.0127%); NVIR (3.8313%); CSNR (3.787%); KNO (2.5927%); IFLO (1.9538%); LVHI (1.8994%)
SUBC.OL,ENOR (3.7354%); NORW (3.7336%); ISVL (1.0986%)
SUI,SPRE (4.7685%)
SUN,AMZA (14.6964%); AMLP (13.5634%); MLPA (8.7329%); ALTY (1.3377%)
SUNB,EQTY (3.2501%)
SUNC,NBET (3.4686%)
SUNPHARMA.NS,GIND (2.0339%)
SUZB3.SA,WOOD (7.4062%)
SUZLON.BO,GLIN (3.477%); ICLN (2.5231%)
SVM.TO,SLVR (4.44%); AGMI (3.7881%)
SVT.L,AQWA (4.2116%); CGW (3.9551%)
SW,WOOD (6.3717%); EFRA (6.1698%); CUT (6.1126%); MGNR (4.8919%); RSPM (4.4127%); NRES (3.6377%); BASV (3.5051%); SDOG (2.1781%); FTA (0.9943%); VBR (0.5178%); FAB (0.4879%)
SW.PA,EFAS (2.2113%)
SWED-A.ST,EWD (4.053%); AIVI (2.7638%); UIVM (0.8859%)
SWIGGY.NS,INQQ (4.9047%); DGIN (4.6612%)
SWK,VSDA (3.0336%); SAGP (2.2768%); KNG (1.7387%); NOBL (1.7245%); TMDV (1.7207%); RSPN (1.4085%); DON (1.0845%); ISCV (0.461%)
SWKS,WBIY (4.2387%); FCFY (3.8429%); SNSR (3.2503%); QFHD (2.0507%)
SWX,CSB (1.6119%); USVM (0.6923%); TPSC (0.4076%)
SXC,VRAI (1.3974%)
SXI,GSC (1.6397%); SMDV (1.1299%); JPSE (0.355%)
SXT,PSCM (6.6025%); HAPS (1.5573%)
SY1.DE,MOTI (3.1387%); EUDV (2.4899%); ANEW (2.1928%); EFAD (1.4834%)
SYENS.BR,TINT (5.2419%); DISV (0.6218%)
SYF,LATR (4.5272%); VLLU (3.2541%); SPVM (1.457%); RSPF (1.4097%); SSPY (1.1055%)
SYFPB,PFFV (2.6157%)
SYK,IHI (11.6372%); JGRW (4.5094%); KNO (1.7856%); TCAL (1.5727%)
SYLD,ENDW (5.2625%); GAA (4.3191%)
SYM,RNIN (1.4231%); SFLO (1.2732%)
SYRE,LFSC (6.7479%)
SYY,PEJ (5.1295%); DIVP (3.6745%); RSPS (3.1846%); NUMV (2.0445%); CZA (1.8915%); SPXD (1.1743%); FLQM (1.079%); SSPY (0.8174%)
T,GQGU (6.0586%); IYZ (4.168%); FCOM (4.1488%); IXP (3.91%); VOX (3.8616%); SIXA (3.3101%); SIXH (3.2237%); DHS (2.602%); TEXN (2.3961%); GXPC (2.2661%); VLUE (2.1608%); WLDR (1.9527%); AUSF (1.5947%); VFVA (0.9889%); TRUC (0.2282%)
T.TO,PID (3.5072%); FID (2.0263%); WDIV (1.4641%)
TA.TO,CNRG (2.8417%)
TACO,SPCK (3.9407%)
TATACONSUM.BO,INDZ (2.4407%)
TATASTEEL.NS,GIND (1.9712%)
TATE.L,WWJD (0.7346%)
TAVHL.IS,WAGN (8.6027%)
TBB,PSK (1.5454%); FPFD (1.5192%)
TBBK,KBE (1.0646%)
TBIL,WZRD (0.2439%)
TBLA,IZRL (2.1305%)
TBLL,DBO (12.2866%); DBC (6.5945%); DBA (5.1445%); DBP (4.4032%)
TBT,EMPB (9.655%)
TCAF,FLCE (11.1182%)
TCEHY,AGEM (3.8226%); EMEM (3.7226%); BREE (2.8577%); MFSI (2.2442%); APIE (2.0283%)
TCELL.IS,TUR (3.296%)
TCL.AX,GII (5.0439%); IGF (5.0298%); RIFR (4.6651%); GLIX (4.4279%); BILT (3.1107%)
TCMD,MYLD (1.069%); VAMO (0.9962%)
TCOM,DINT (5.0854%); DWLD (4.7221%); CGRO (4.4427%)
TCPC,VPC (2.8621%)
TCS.NS,RNEM (2.2581%); EQLT (2.1818%); INDH (2.0475%)
TD,BBCA (6.8696%); EWC (6.7408%); FLCA (6.6686%); GMOI (4.3443%); IDMO (4.2065%); ACSI (3.8222%); VIGI (3.6703%); GSIB (3.6304%); OAIM (3.5028%); IGRO (2.3378%); FICS (2.2882%); IMTM (1.9154%); VDI (1.9041%); SFTX (1.7632%); FRGN (1.7611%); BRIE (1.7047%); FIVA (1.6107%); AVIV (1.4054%); RODM (1.1852%); UIVM (1.1706%); JIVE (1.1615%); DFIV (1.149%); PABD (1.1173%); VYMI (1.1073%); GSIE (0.8254%); AVSD (0.7577%)
TDAY,FDM (1.3544%)
TDC,DAT (4.6915%)
TDG,GRW (8.0358%); SUPP (5.5392%); BCHP (4.8399%); ITA (4.5852%); ABIG (4.4888%); MISL (4.0574%); AV (3.6785%); NATO (3.3868%); XAR (2.8284%)
TDOC,BUYO (1.2729%)
TDS,PSCU (3.5177%)
TDSPV,PFFA (2.3251%)
TDVI,FTBI (11.1727%)
TDW,CDIG (8.4346%); XES (3.622%)
TDY,BZZ (6.8286%); KMID (5.8443%); EYES (5.1084%); ROKT (3.3888%); AIVL (3.1009%); EPSB (2.715%); HUSV (2.6067%); SMCO (2.3792%); IBOT (2.3262%); TMSL (0.9523%)
TE,CTEX (4.7108%); TAN (3.596%); CNRG (3.1193%); XSD (2.5853%); GURU (1.3848%); FYC (1.0651%); FYX (0.5702%)
TECH,GNOM (4.0755%); PBE (3.6488%); GNMX (2.5011%); RSPH (2.1846%); NBSM (2.0875%); SMOT (1.6682%); RSP (0.2607%)
TECK-B.TO,COPP (10.016%); COPX (5.4632%); ICOP (5.3927%); MNA (5.0659%); MGNR (4.8381%); PIEQ (4.0511%); MRGR (3.3246%); COPA (3.2757%); SETM (3.2637%); JDVI (3.2567%); BATT (2.4%)
TEF.MC,IDV (2.2%); FGD (1.4212%)
TEL,KNO (2.917%)
TEL.OL,ENOR (4.2942%); NORW (4.2923%)
TEL.XPHS,EPHE (3.3109%)
TEM,ARKG (7.6409%); ARKK (5.5779%); HEAL (4.0436%); EKG (3.7099%); THNQ (2.6262%); WDNA (2.2859%); HTEC (2.2108%); ROBT (1.7171%); DTEC (1.2791%)
TEMN.SW,IVSX (1.7811%)
TEN,DIV (2.5285%)
TEN.MI,DIM (0.8268%)
TENB,WCBR (6.1323%); BUG (5.6062%); IHAK (5.023%); NRSH (4.4553%); PSWD (4.3422%); CBSE (3.3625%); CBLS (3.3523%); WCLD (2.4601%); FITE (1.7559%); XSW (1.0057%); NIXT (0.8129%); FESM (0.7623%)
TEP.PA,FDD (3.8593%)
TER,FBOT (7.6765%); ARKQ (7.6002%); KYLD (6.6876%); BOTT (5.3592%); EPAI (4.9986%); WAR (4.9327%); ARKX (4.7856%); HUMN (4.0032%); YOKE (3.8213%); BOBP (3.1439%); JMID (3.117%); IQM (3.0165%); QTEC (2.7065%); SAGP (2.6089%); THNQ (2.5835%); QQEW (2.5358%); IWP (2.0737%); ROBO (2.0681%); RSPT (1.7827%); ALTL (1.6501%); SPHB (1.65%); QTUM (1.4788%); MCDS (1.36%); CHGX (1.3405%); QQQE (1.2748%); QEW (1.2727%); FLQM (1.1961%); FMDE (1.1364%); TRFM (0.7688%); AVMC (0.745%); CVMC (0.6549%); JHMM (0.639%); IWR (0.5469%); JPME (0.4942%); RSP (0.2697%)
TEVA,EIS (9.7235%); ISRA (6.8544%); WCME (3.7934%); WCMI (3.0932%)
TEX,GSC (1.8187%); SEIS (1.0366%); IWN (0.5372%); VTWV (0.5353%); FNDA (0.3509%)
TFC,IAT (9.3908%); FTXO (7.1507%); DIVP (3.2923%)
TFG-R,SDIV (2.0435%)
TFG.BK,FEMS (1.0214%)
TFII.TO,LOHA (1.4181%); GVLU (0.4714%)
TFIN,AIMS (1.2255%)
TFLO,GHTA (14.8556%)
TFLR,TMSF (1.7809%)
TFSL,DIV (2.3617%); QABA (2.0026%); SDIV (1.2187%); DES (1.1844%)
TGCXX,SLNZ (7.8866%); FLXR (6.6189%); MUSE (2.203%)
TGLS,COLO (3.8163%); CVY (1.1141%)
TGS,ARGT (3.8774%)
TGT,ROPE (5.8558%); RSPS (3.0541%); WTV (1.6664%); RPV (1.6588%); SDY (1.5458%); SPYD (1.4684%)
TGTX,PSCH (3.2121%); GRPZ (1.7663%); SIXL (0.7871%); QSML (0.7745%)
THANGAMAYL.BO,INDE (7.3015%)
THC,TXS (4.1376%); PTH (2.7849%); CALF (2.1397%); QMID (1.3933%); SMDX (1.0427%); TMSL (0.968%); SMOX (0.9272%)
THG,OSCV (2.7509%); CVSM (2.4474%); FDIV (2.0598%); REGL (1.7871%); FXO (1.7624%); FSCS (1.1715%); SMMV (1.1523%); TPSC (0.4643%)
THLLY,EUAD (2.4551%)
THYAO.IS,TUR (5.0091%)
TIGO,NEWZ (3.3024%); BAMD (3.0841%); DIV (2.8012%); FDIV (2.0961%); IMOM (2.0695%); BUYO (1.2275%); RODM (1.0725%); PAPI (0.7179%); EQAL (0.415%)
TIH.TO,PIZ (2.7191%)
TILE,VAMO (0.9784%); SYZ (0.7618%); IWC (0.4618%)
TIMS3.SA,TDI (1.4103%)
TIPT,GABF (3.8922%)
TIPX,RLY (6.102%); GAL (3.9551%)
TISCO-R,PIE (2.1064%); EELV (0.8885%)
TIT.MI,DFIS (0.5489%)
TITAN.NS,INDQ (5.132%); INCO (4.8667%); IOPP (4.7031%); NDIA (3.5115%); RNEM (3.2653%); NFTY (2.0461%)
TJX,IEDI (6.3224%); RTH (4.5454%); DIVO (4.4317%); XLY (3.9197%); QUAL (3.8163%); VDIG (3.5974%); BFLX (3.3531%); YOKE (3.2123%); DVOL (3.0759%); IYC (2.7779%); GXPD (2.7579%); BGDV (2.6974%); QGRO (2.6703%); RXI (2.6382%); FDIS (2.4914%); VCR (2.4826%); REVS (1.7613%); RECS (1.5662%); VFMV (1.5365%); BDVL (1.1987%); SSPY (0.6925%); TRUD (0.2861%)
TKA.DE,FGM (3.6457%); OPPE (2.193%)
TKO,COPJ (4.8479%); QMID (1.289%)
TKR,FXZ (4.6194%); SAMT (3.0073%); HWSM (1.2938%); SYZ (0.7574%); JHSC (0.5138%); STXK (0.395%); BKSE (0.3928%)
TLH,ITDB (4.2345%); IRTR (3.2804%); ITDF (0.4924%)
TLK,IDX (5.9863%); PID (3.406%)
TLKM.JK,EIDO (6.5281%)
TLN,UTES (11.6003%); CDIG (9.246%); RCTR (5.5598%); NUKZ (3.4395%); JPME (0.4314%)
TLO.TO,NIKL (4.8166%)
TLRY,MJ (10.0344%)
TLS.AX,HDMV (1.9455%)
TLSY.TA,IZRL (2.1519%)
TLT,JOJO (79.7526%); AMAX (22.2158%); MAMB (6.3464%); MOOD (6.1279%); GHTA (4.1003%)
TM,TMH (96.4829%)
TMCV.BO,OBOR (2.8192%)
TME,MUSQ (6.2573%)
TMHC,HOMZ (1.6842%); FNK (0.8507%); EBIT (0.6659%)
TMO,GNMX (7.7449%); BEEZ (4.1606%); TMED (4.1197%); HRTS (3.984%); BMED (3.6922%); JDOC (3.277%); TRUH (3.2425%); XLV (3.2369%); IYH (3.1284%); FMED (3.0255%); VHT (2.739%); FHLC (2.7341%); MHIP (2.6225%); QIDX (2.4311%); IXJ (2.4167%); MHIG (1.0151%)
TMUS,XLC (4.1461%); MFVL (3.908%); IYZ (3.3451%); FCOM (3.1871%); VOX (2.9716%); QGRO (2.9313%); COWZ (1.9349%); DSTL (1.5083%); GXPC (1.3033%)
TNA,DRAI (1.9322%)
TNGX,PTH (3.5775%); DWAS (1.7087%)
TNL,DES (0.8371%)
TOAK,SPYA (31.3706%)
TOI.V,AKRE (6.5033%); WAGN (4.5587%)
TOL,ICAP (6.186%); SCAP (5.5069%); ITB (5.0452%); PJFV (3.7551%); XHB (3.6144%); LSAT (3.504%); SMRI (2.1309%); LYLD (2.0449%); HOMZ (1.6695%); FXD (1.6097%); DSMC (1.2244%); IJJ (0.8973%); MDYV (0.8955%); IVOV (0.8952%); FNK (0.8337%); DFAT (0.7206%)
TOPXX,SCMC (1.3656%)
TOST,IPAY (5.2454%); AOTG (4.9431%); TMFM (3.9844%)
TOTS3.SA,EWZS (5.072%)
TPB.VN,KPHO (4.1476%)
TPC,SFLO (1.2025%); PGX (1.2022%); BSVO (0.7482%)
TPEIR.AT,GREK (11.0734%)
TPG,PSP (4.8115%)
TPIXX,LGRO (5.0893%); TEKY (3.2959%); RFFC (2.9208%); RFDA (2.1261%)
TPL,NVIR (6.2202%); RSPG (5.6421%); TEXX (5.2497%); INFL (5.0592%); FCTE (5.0216%); IEO (4.7706%); RISN (3.9386%); KONG (3.9324%); XOP (3.1645%); EMOT (2.27%)
TPR,STYL (4.7135%); RJDI (4.0415%); PEZ (4.0079%); BUL (3.8813%); WCMG (3.1659%); GDIV (2.889%); JMID (2.2107%); USMF (1.0229%); VBR (0.6311%); BBMC (0.6145%); SMLF (0.6112%)
TPRO.MI,FPXE (3.9116%)
TPYTX,FLXR (1.9256%)
TQQQ,QQH (19.1103%); DRAI (17.083%); THMR (8.3972%)
TRAD,PVEX (3.4699%)
TRALT.IS,SGDJ (4.9375%)
TRGP,NBET (10.0421%); PIPE (7.7741%); PXI (7.3785%); TPYP (6.9535%); UMI (6.8851%); MLPX (6.7077%); TPZ (5.868%); MLPI (5.6614%); ENFR (5.0114%); EINC (4.997%); MID (4.898%); SMIG (4.8927%); RSPG (4.7588%); MDST (4.7356%); USAI (4.2669%); OAKM (3.798%); NFRX (3.7398%); ACEP (3.4225%); PDP (2.4273%); FTDS (2.2701%); IWP (1.5576%); AVMV (1.185%); JHMM (0.5102%)
TRIN,DVDN (7.966%); PBDC (4.8125%)
TRIP,AWAY (4.2786%); PEJ (3.4432%); IBUY (2.8899%); RNIN (1.3516%)
TRIXX,INTL (1.2756%); SECT (0.6463%)
TRMB,UFO (4.9611%)
TRNO,SPRE (4.9167%); PSR (4.3172%); JRE (3.1841%); PPTY (2.5097%); PSCF (1.5041%); ACSV (1.4864%); OMFS (1.0702%); IWN (0.4476%)
TROW,VSDA (3.9485%); XUDV (3.2311%); FTCS (2.3627%); QFHD (2.3425%); DVY (2.2223%); JHDV (2.1326%); FDIV (2.1221%); QDIV (2.1219%); WBIG (1.8908%); FXO (1.7996%); KCE (1.704%); KNG (1.6153%); FTA (1.0803%); DEUS (0.5745%); FAB (0.5301%)
TRP.TO,MLPX (9.0132%); MLPI (7.5585%); TPYP (7.2944%); EINC (6.9981%); USAI (6.9456%); PIPE (6.1448%); TPZ (5.1982%); MDST (4.929%); VNIE (4.2878%); USNG (4.004%); TOLZ (3.7772%); CSEN (3.6798%); BILT (3.6095%)
TRU.JO,GYLD (0.9193%)
TRUP,PAWZ (4.7202%)
TRV,KBWP (8.2247%); IAK (7.5064%); EDOW (3.5386%); FLCV (2.9724%); MFSV (2.4748%); FFLV (2.0386%); KIE (1.9491%); FBCV (1.9208%); ESMV (1.571%); SPVM (1.4712%); RSPF (1.403%); IMCV (1.0225%); ONEV (0.7915%)
TRVI,XPH (2.1236%)
TRYG.CO,HDMV (1.2663%)
TS,OIH (5.1552%)
TSCO,MID (4.5386%)
TSCO.L,DEEF (0.9685%)
TSEM.TA,EIS (7.067%); ITEQ (6.8628%); ISRA (4.3913%); PDN (0.3888%); FNDC (0.2733%)
TSLA,TESL (23.8921%); XLY (19.6234%); GXPD (19.4591%); WATS (17.3298%); VCR (17.2423%); FDIS (16.9577%); NITE (13.6013%); RONB (12.3682%); TEXN (10.6012%); ARKQ (10.5834%); FDRS (10.5035%); ARKK (10.1909%); SFYF (9.7752%); IYC (8.786%); CABZ (8.589%); SMOG (8.4071%); QCLN (8.3901%); ARKW (8.2961%); RXI (7.764%); FTXR (7.6629%); BATT (7.5226%); LSGR (7.1395%); FEPI (7.0959%); TRUD (7.0392%); BWQG (6.689%); FDG (6.6428%); YALL (6.6225%); OWN (5.7866%); ACES (5.7576%); CGGR (5.7562%); HUMN (5.3974%); ERTH (5.2839%); CBOT (5.2365%); XIGV (5.1267%); AIX (5.0798%); BOTT (5.0771%); CGRO (5.009%); FDRV (4.9407%); TOPT (4.804%); LRGE (4.723%); IVES (4.7127%); TXS (4.7127%); IDRV (4.7084%); IWY (4.5863%); LIT (4.5452%); NACP (4.5163%); KARS (4.4825%); BDGS (4.4196%); QTOP (4.345%); QDVO (4.2042%); GROZ (4.1495%); MNZL (4.0703%); QQH (4.0561%); CARZ (4.0409%); IQSU (4.0322%); XT (4.0162%); MFMO (3.993%); USMD (3.9297%); MGK (3.9107%); GGUS (3.8968%); RND (3.8583%); PABU (3.8504%); RILA (3.8351%); LQAI (3.8335%); IWF (3.6405%); MPLY (3.6288%); VONG (3.6284%); EGUS (3.5632%); FELG (3.5066%); SUSL (3.4787%); USSG (3.4648%); ONEQ (3.4596%); DSI (3.3995%); PRXG (3.3784%); QQQI (3.3481%); XQQI (3.3481%); QRMI (3.3411%); PGRO (3.3279%); QNDX (3.2991%); QQHG (3.299%); PTNQ (3.2971%); QQWZ (3.2954%); QQQM (3.2915%); QQQ (3.2902%); QQQH (3.2847%); QRFT (3.2801%); NUGO (3.2631%); VUG (3.2577%); QTR (3.2448%); QCLR (3.2386%); GPIQ (3.1982%); HLAL (3.1628%); TUGN (3.137%); BUZZ (3.1304%); SPUS (3.1161%); QQMG (3.1123%); BKLG (3.0765%); QSIX (3.0442%); SPXT (2.956%); XLG (2.912%); ACGO (2.8389%); SCHG (2.8239%); JGRO (2.8125%); IQQQ (2.8006%); EGLE (2.7942%); STXG (2.7463%); AIEQ (2.735%); SIMS (2.6989%); LDRX (2.5894%); QQA (2.57%); HBTA (2.5692%); OEF (2.5584%); FLCG (2.4409%); HQGO (2.3733%); JEPQ (2.3683%); DRIV (2.3661%); UPGR (2.3458%); FEUS (2.3179%); USCL (2.2649%); USCA (2.2487%); RAUS (2.241%); MGC (2.2385%); ILCG (2.2308%); GSUS (2.2201%); IWL (2.2109%); PHEQ (2.1538%); BKLC (2.1494%); GDE (2.1418%); SPXN (2.1217%); ONOF (2.107%); ESGV (2.1037%); XVV (2.0637%); SPXV (2.0134%); USNZ (2.0119%); GUSA (2.0091%); MMTM (1.9773%); SPYX (1.8977%); GPIX (1.8972%); SPXE (1.8898%); ACIO (1.8746%); WAMA (1.8741%); AAEQ (1.8699%); NTSX (1.8694%); VV (1.8676%); ADME (1.8594%); CATH (1.8583%); TOV (1.8579%); CHRI (1.8523%); AAUS (1.8519%); XRMI (1.8497%); SPYI (1.8433%); XSPI (1.8433%); USPX (1.8382%); BBUS (1.8381%); PTLC (1.8347%); IVV (1.8339%); SPY (1.8326%); PBUS (1.8324%); VOO (1.8324%); SPYH (1.8263%); XTR (1.8214%); VOTE (1.8197%); SUSA (1.8158%); UDIV (1.8139%); ESGU (1.8132%); XCLR (1.8124%); ILCB (1.8105%); EQL (1.8104%); LGDX (1.7746%); NZAC (1.7726%); IWB (1.7701%); VONE (1.7661%); KLMN (1.7553%); LCTU (1.7287%); SCHX (1.7231%); IYY (1.7061%); DFUS (1.7021%); AAUA (1.6975%); IWV (1.6927%); VTHR (1.6914%); SPTM (1.6878%); PSAI (1.674%); SCHK (1.6731%); TSPA (1.6337%); VTI (1.6288%); TACU (1.6251%); ITOT (1.6195%); SCHB (1.6033%); JUSA (1.5885%); DFAU (1.5684%); SPYV (1.5515%); IVE (1.55%); DSPY (1.5461%); PBW (1.5448%); VOOV (1.5438%); IUSV (1.462%); HDUS (1.435%); TOK (1.4057%); KOKU (1.4009%); LRGF (1.3629%); URTH (1.3254%); TILT (1.2227%); CRBN (1.217%); GINN (1.1377%); SPUT (1.1208%); ROE (1.1094%)
TSLX,FBDC (7.9978%); PBDC (4.4348%)
TSM,SPWO (21.6131%); EMEM (16.6963%); JHAI (15.7727%); NSI (15.1871%); BREE (14.9754%); ADVE (13.7686%); APIE (13.4129%); SPTE (13.333%); GMF (13.0674%); BCHI (12.6398%); JXX (12.4956%); FDCF (11.7971%); AVXC (11.5567%); CGNG (11.4403%); NXTE (11.3317%); CHPX (10.4854%); MEMX (10.3436%); EUV (9.6137%); TOS (9.3154%); SMH (9.1904%); AVSE (9.1346%); BCTK (8.9221%); ASIA (8.8287%); BCGD (8.7235%); MFSI (8.5866%); SUPP (8.528%); FRDM (8.5237%); OSEA (8.1703%); WUGI (8.1419%); EMKT (8.1397%); BKCI (7.9558%); AOTG (7.6957%); VNSE (7.6123%); AMGR (7.4808%); CGGO (7.3316%); EMM (7.3266%); AVEM (7.1884%); BAFE (7.0938%); EMC (7.0927%); VNIE (6.9877%); EAGL (6.6439%); PFOE (6.6347%); PIEQ (6.6274%); CGIC (6.597%); NVPS (6.3995%); FDTX (6.3929%); FRWD (6.3028%); TLCI (6.276%); QLTI (6.2467%); CNEQ (6.1014%); IQM (6.051%); MOTO (5.979%); ALAI (5.9625%); BGDV (5.9277%); UMMA (5.8802%); THMZ (5.8714%); BWTG (5.8382%); BRIE (5.7668%); PRVS (5.721%); MPLY (5.6862%); IDVO (5.6136%); PJIO (5.5739%); LRGG (5.5274%); BASG (5.4319%); CWI (5.3482%); IVES (5.2537%); TTEQ (5.1784%); AMEM (5.1668%); GFGF (5.144%); TEC (5.1289%); TMFG (5.0799%); TDVI (4.896%); TDIV (4.8927%); SEMI (4.8808%); CORO (4.8154%); TEK (4.7982%); ADIV (4.6258%); CGDG (4.6197%); TEMX (4.5993%); BAI (4.5371%); GIAX (4.4864%); LOGO (4.4841%); WLTG (4.4805%); FFOG (4.4149%); CGGE (4.4011%); PCGG (4.3954%); NPFE (4.3608%); RFFC (4.3483%); CARZ (4.3389%); SOXX (4.2635%); PRAY (4.2141%); GARY (4.1835%); ATFV (4.1825%); SOXQ (4.1483%); BGIG (4.0494%); BKCG (4.0141%); AADR (3.9059%); TEKY (3.7927%); GTOP (3.6207%); LRGE (3.6196%); DIVS (3.6162%); IDVZ (3.5747%); ARKQ (3.5554%); AIQ (3.5455%); SROI (3.469%); KNOW (3.4272%); CGBL (3.3875%); XNTK (3.3254%); AIS (3.3134%); CGIE (3.2939%); WCMG (3.2663%); DARP (3.1992%); MIGO (3.0639%); WTAI (3.0378%); NBGX (2.7926%); CGUS (2.7867%); VUSG (2.643%); FHIL (2.4446%); FMAG (2.3579%); LOWV (2.3445%); GINX (2.2954%); TIER (2.2673%); RGEF (2.1753%); RFDA (2.1592%); BCEM (2.0928%); FFLV (2.0704%); FEOE (1.9825%); XCHG (1.912%); LEGR (1.7795%); SPGM (1.6835%); RINT (1.5854%); RGLO (1.5559%); NXTG (1.5161%); FFND (1.4281%); DFAX (1.1895%); DGT (1.1419%)
TSN,DUSA (6.1392%); MOO (4.4575%); TURF (2.5783%)
TSPA,THEQ (86.2066%); FLCE (26.0553%)
TSTXX,CBLS (2.9146%)
TT,HVAC (4.7985%); GK (4.6333%); BDIV (3.8779%); PWRD (3.8008%); PAVE (3.3104%); IWFG (3.2293%); MADE (3.051%); KNO (2.961%); JEPI (1.609%)
TTAN,TSCM (3.4574%)
TTC,VEGI (1.7936%)
TTD,FCFY (2.075%)
TTE.PA,FTRI (9.0525%); EWQ (7.1224%); CSNR (6.2558%); PBOG (5.4054%); IXC (5.0513%); IDV (4.348%); BKCI (4.3281%); IPKW (4.0475%); INEQ (3.9514%); HDEF (3.7532%); CSEN (3.6767%); FEZ (3.4876%); SCHY (3.4817%); GMOI (3.3322%); FIDI (3.181%); GNR (2.9437%); PAYR (2.9306%); AIVI (2.7718%); GUNR (2.6131%); DWX (2.5378%); CGIE (2.4678%); TEQI (2.0405%); EZU (1.9839%); DFIV (1.9319%); PTEU (1.8896%); FLEU (1.8841%); CGIC (1.7781%); CGDG (1.7652%); DBEZ (1.7142%); FNDF (1.5936%); IMTM (1.4969%); EFV (1.4349%); PXF (1.3175%); EFAV (1.2919%); SFTX (1.2112%); FRGN (1.2097%); DXIV (0.7618%); DFIC (0.6739%); DFAX (0.4936%)
TTEK,COWS (3.0974%)
TTI,SPIT (4.7063%); FDM (1.9183%)
TTMI,PRN (5.5658%); XMMO (3.0286%); ASCE (3.0144%); FEMD (2.4044%); RFG (2.1978%); OPTZ (2.0814%); PAMC (1.6331%); DWAS (1.2476%); SEIS (1.1698%); FNY (1.156%); NUSC (1.0676%); PSC (1.0275%); DUSG (0.6325%); FNX (0.6221%); PRFZ (0.5388%); JMEE (0.5336%); SCHA (0.3848%); DFAS (0.3674%)
TTTXX,IQHI (1.6336%)
TTWO,NERD (8.3141%); HERO (7.835%); ESPO (6.9045%); GENZ (6.8125%); BNGE (5.6656%); RSPC (5.5398%); XLC (5.2431%); OND (5.1603%); TSCM (3.6267%); JTEK (3.482%); LOUP (3.4642%); QQXT (2.079%); TRFM (0.746%)
TUA,CDX (24.5749%)
TUB.BR,EUDV (2.497%); EFAD (1.4876%)
TUPRS.IS,TUR (5.8438%)
TUSI,YFYA (29.9801%)
TVE.TO,GWX (0.2899%)
TVTX,LFSC (8.0484%); SBIO (2.803%); MMSC (1.2199%); GSSC (0.3159%)
TW.L,FDD (4.6391%)
TWLO,CLOU (5.0344%); ATFV (3.6492%); LGRO (3.4159%); EPMB (2.4828%); WCLD (2.4216%); MDYG (1.649%); IJK (1.6447%); IVOG (1.634%); RBLD (1.5694%); TAX (1.5412%); TMFX (1.529%); MIDE (1.2483%); SMOX (1.0844%); IQSM (1.0244%); XJH (0.9719%); QVMM (0.8663%); SPMD (0.8621%); PTMC (0.8613%); IJH (0.8595%); VBK (0.8571%); IVOO (0.8559%); MDY (0.8241%); BKMC (0.729%); JMEE (0.7014%); SCHM (0.5419%); UMDD (0.4565%); VB (0.3751%)
TWLV,SPCK (3.4933%)
TWO,XSHD (3.0123%); HIPS (2.0769%)
TWST,ARKG (9.1472%); WDNA (5.9566%); GNOM (5.3383%); IDNA (5.1765%); FRTY (4.7846%); ARKK (3.9467%); HAPS (3.0749%); HELX (2.848%); HTEC (2.5787%); XBI (1.4078%); MMSC (1.3049%); KOMP (1.0071%); FYX (0.4573%)
TXG,ARKG (7.0009%); GNOM (3.8279%); FMED (3.6522%); CBSE (3.2405%); CBLS (3.2081%); CPAI (2.1131%); GSSC (0.2959%)
TXN,TDVI (7.0703%); TDIV (7.0653%); DHLX (5.508%); TEXN (4.6312%); DURA (4.3996%); DIVL (4.3285%); SPDG (4.3064%); KNGZ (4.2688%); BEEX (4.1392%); DIVS (4.104%); QLTY (4.0569%); XT (4.0012%); SCHD (3.7091%); CHPS (3.6771%); VDIG (3.6616%); DHS (3.4322%); XNTK (3.3788%); QQQG (3.3598%); TDV (3.0859%); SPCT (2.7305%); DVVY (2.4293%); WOMN (2.3868%); KOID (2.3846%); FDLO (1.9123%); KVLE (1.8547%); SDY (1.5543%); SHE (1.5478%); VFMV (1.5124%); DEW (1.1478%); PAPI (0.7039%)
TXNM,EVNT (3.5648%); XMLV (2.8562%)
TXO,MDIV (1.4964%)
TXRH,OSCV (2.6907%); OUSM (2.2537%); JPME (0.4416%)
TXT,GCAD (4.5881%); BUSA (2.4793%)
TYG,YYY (3.3674%)
TYL,EYES (3.1363%)
TYLD,TRTY (5.8735%); GAA (5.0899%)
U,HERO (5.2529%); ESPO (4.6825%); NERD (4.0185%)
U-U.TO,UX (19.7775%); URNM (13.959%)
U11.SI,ASEA (6.543%); EWS (4.5453%); DVYA (3.278%); AIVI (3.0063%); HDMV (1.363%); IDLV (0.7398%); TPIF (0.5586%)
U14.SI,OAIM (4.3653%)
UAL,JETS (11.0702%); IYT (5.5143%); FTXR (4.6907%); YUNG (3.5752%); WNDR (3.4789%); XTN (3.2569%); QQQJ (2.1668%); SPVM (1.9713%); AKAF (1.7123%); SPHB (1.5474%); ALTL (1.547%); RSPN (1.5339%); GURU (1.5024%); AVMV (1.3246%); FTA (1.2651%); LOHA (1.24%); FLQM (1.158%); VAMO (0.99%); FAB (0.6208%); AVMC (0.5871%); JPME (0.4799%); SIZE (0.2819%); EUSA (0.2768%); RSP (0.2563%); GSEW (0.2533%)
UAN,DIV (2.1286%); HIPS (1.9183%)
UBER,UBEW (36.2535%); IYT (14.4001%); GENZ (8.2503%); CABZ (5.4183%); BUL (5.2442%); CAMX (5.0279%); FDRV (4.9118%); PFOE (4.807%); OND (4.5164%); PNQI (4.4319%); TOGA (4.2694%); WNDR (4.2048%); AWAY (4.1926%); CGVV (2.9729%); TRUI (2.7425%); LGCF (2.6765%); XLI (2.5482%); IYC (2.343%); AKAF (2.143%); COWZ (2.0966%); FIDU (1.8552%); DSTL (1.7497%); VIS (1.7145%)
UBSG.SW,EWL (4.6287%); EUFN (4.5654%); FLSW (4.3123%); FSZ (3.4551%); RFDI (1.9406%); EFG (1.4333%); RINT (1.3289%); GIEQ (1.2244%); FENI (1.1982%); AVDE (0.5362%)
UBSI,SMLL (3.1056%); QABA (2.545%); ACSV (1.6148%)
UCB.BR,EWK (9.0069%); FMED (3.0968%); EUDV (2.4085%)
UCG.MI,EWI (16.0081%); IPKW (6.2364%); PBEU (5.6165%); INEQ (4.8548%); EUFN (3.5165%); FFDI (1.842%); IDMO (1.8313%); TDI (1.8023%); TOUS (1.5947%); CGIC (1.4438%)
UCTT,TINY (6.1235%); PSI (3.844%); ALIL (3.3338%); FEMD (2.5681%); RUSC (0.5179%); JPSE (0.394%)
UDOW,DRAI (1.9139%)
UDR,LPRE (8.2163%); HAUS (4.9434%); PSR (3.9396%); RSPR (3.3358%); FPRO (3.2941%); IQRA (2.1523%); FREI (0.9322%)
UEC,URA (5.2858%); NLR (5.0221%); XME (4.7306%); URNM (4.4943%); SETM (3.3322%)
UFCS,FDM (1.447%); SIXL (0.5774%)
UFPT,TMFS (3.6708%); XHE (1.871%); AIMS (0.9863%)
UGI,FXU (3.974%)
UGPA3.SA,FLN (3.1624%)
UHR.SW,DISV (0.6338%)
UHT,RDOG (2.4233%); TMDV (1.6464%)
UL,ABEQ (6.4189%); QLTI (3.9403%); YLDE (2.5831%)
ULCC,JETS (4.0534%)
ULTA,GLAM (4.361%)
ULTRACEMCO.BO,NDIA (3.9239%); RNEM (2.3363%)
ULVR.L,SCHY (4.3598%); EWU (4.238%); FLGB (3.8251%); KXI (3.4936%); HDEF (3.218%); QLVD (2.243%); GCOW (2.2048%); LVHI (2.13%); TOUS (1.4671%); CEFA (1.219%); QEFA (1.1521%)
UMAC,JEDI (10.9023%); DRNZ (5.8664%); BZZ (5.2166%)
UMBF,SMCF (3.1664%); TSCV (2.5961%); NBSM (2.0218%); REGL (1.7498%); KRE (1.3674%); IWN (0.6244%); VTWV (0.6214%); IWM (0.3264%); RSSL (0.3262%); VTWO (0.3201%)
UMBFO,EPRF (3.9815%)
UMC,NSI (3.1668%); DEHP (1.1912%); DEXC (0.7401%)
UMG.AS,MUSQ (9.901%); TLCI (4.0738%); MOTI (2.7425%)
UMHPD,PFFR (2.7073%)
UNCRY,GINX (1.9846%)
UNF,BSMC (2.376%)
UNFI,RWJ (1.7163%)
UNH,UNHW (28.9378%); IHF (21.9069%); DJD (8.6576%); EAGL (6.8887%); PFOE (6.8498%); TRUH (6.5706%); XLV (6.5575%); TMED (6.5305%); IYH (6.299%); JDOC (6.253%); DOGG (6.208%); DIVZ (5.9765%); GDOC (5.8091%); EASY (5.7888%); VHT (5.5457%); HRTS (5.5405%); FHLC (5.536%); BGIG (4.84%); PINK (4.7632%); DIA (4.7047%); FLAG (4.5111%); SCHD (4.4647%); IXJ (4.3922%); GFGF (4.3755%); EQIN (4.1182%); DIVP (4.0332%); JXX (4.0081%); DVGR (4.0062%); LGRO (3.8308%); HIS (3.8175%); MHIP (3.7628%); BEDY (3.7048%); PWV (3.5951%); RAFE (3.4592%); BBLU (3.4019%); RSMV (3.2671%); BKDV (3.0112%); AVIE (2.9372%); DGRW (2.9228%); ESN (2.7249%); RFDA (2.6463%); MBOX (2.5808%); UDOW (2.5689%); SAMT (2.5575%); RWL (2.3519%); HGRO (2.1816%); STXV (2.1253%); PY (2.1088%); SRHQ (1.7572%); LRGC (1.7264%); FNDX (1.6145%); VYM (1.5509%); DFLV (1.5073%); FNDB (1.4988%); JAVA (1.4809%); MHIG (1.4727%); IUS (1.471%); VLU (1.4166%); VTV (1.4061%); DFUV (1.3788%); PRF (1.35%); SPYV (1.3014%); IVE (1.3002%); VOOV (1.295%); IUSV (1.2264%); FELV (1.1798%); FLDZ (0.6849%)
UNI.MI,BCIL (4.44%); AIVI (1.9041%)
UNIT,IDGT (6.9011%); EES (0.5795%)
UNITDSPR.BO,NDIA (3.4799%)
UNM,REGL (1.7112%)
UNP,IYT (15.8315%); SHPP (8.6175%); DOCK (7.6417%); FTXR (7.5274%); BILT (5.8759%); TOS (5.6434%); KAT (5.5984%); NFRX (5.3482%); BLDX (5.0469%); DHLX (4.713%); SUPL (4.6251%); RIFR (4.5919%); HWAY (4.4184%); GKAT (4.03%); CAMX (3.914%); IFRA (3.8835%); MNA (3.5293%); DIVL (3.4878%); PAVE (3.0844%); DGLO (2.8222%); TRUI (2.8155%); XLI (2.8014%); NFRA (2.271%); FIDU (2.2322%); FTCS (2.1828%); IYJ (1.8956%); VIS (1.8543%); VALQ (1.8026%)
UNVGY,PFOE (5.9684%)
UPBD,XRT (1.5861%)
UPGD,MVFG (4.1421%)
UPM.HE,WOOD (5.8371%); EFNL (4.0817%); GNR (2.914%)
UPS,FTXR (6.3867%); IYT (5.6869%); MVPA (5.3124%); HULL (5.1071%); XUDV (4.9707%); ROPE (4.794%); WBIY (4.6429%); DIVZ (4.6266%); DOCK (4.6097%); SUPL (4.5888%); SHPP (4.28%); AV (3.8592%); DIVY (3.5407%); FDL (3.16%); DVAL (2.8351%); GEOA (2.5814%); PEY (2.4603%); QFHD (2.3777%); AKAF (1.9792%); ONEY (1.5096%); IMCV (1.1707%)
UPST,ROBT (1.5686%)
UQA.VI,EWO (3.5896%)
URE.TO,URNJ (4.7016%)
URGN,IZRL (2.6404%)
URI,FTXR (4.9457%); ABIG (4.3058%); HWAY (3.5588%); VNSE (3.4043%); SAMM (3.192%); AMID (3.175%); PAVE (3.1141%); SWP (2.876%); NUMV (2.7417%); IFRA (2.4897%); FEMD (2.0994%); FXR (1.2897%); VOE (1.2212%); IWR (0.5103%)
URW.PA,RWX (3.1477%); IFGL (2.0388%); VNQI (1.3579%); HAUZ (1.2825%)
USA.TO,SLVR (3.877%)
USAC,MLPA (5.2855%); AMLP (3.9613%)
USAR,REXC (4.9204%); XME (4.4373%); PYZ (3.2402%)
USB,IAT (14.1852%); DUSA (6.6284%); DFNL (6.1775%); ROPE (4.928%); BOUT (4.4604%); KBWB (4.1042%); PAYR (3.9567%); FTXO (3.9104%); FDV (3.8568%); AIVL (3.4563%); DDIV (3.4123%); SIXA (2.9114%); SIXH (2.8353%); DVLU (2.7898%); LVHD (2.5582%); MOTG (2.2704%); VMAX (2.0545%); TMVE (1.897%); ABCS (1.4121%); IMCV (1.3691%); IMCB (0.6513%)
USBPH,PFFV (2.7895%)
USDU,ARP (2.9553%)
USFD,PSL (5.4095%); FTXG (3.8384%); AMID (2.72%); POWA (2.4721%); CGMM (1.8957%); RWK (1.8053%); IJJ (1.2944%); IVOV (1.292%); MDYV (1.2915%); SMDX (1.069%); IQSM (0.9052%); ESML (0.5332%); VBR (0.4805%)
USFR,GCC (19.1167%); WTMF (17.0628%); GHTA (15.9333%); MFUL (13.7981%); FARX (8.7002%); OCIO (4.4283%); WTPI (1.3762%); CEW (1.0%); USDU (1.0%)
USHY,HYTR (39.9806%); HYBI (32.023%); THY (24.632%); BAMY (20.0784%); IYLD (15.0359%); DUKZ (9.8781%); THRV (8.1473%); USLN (3.9503%); BRLN (3.9464%); PLGI (3.1969%); NDOW (2.9871%); AOHY (1.635%); BRHY (1.4409%); KAMO (0.0031%)
USIG,IYLD (7.0036%); CANQ (3.7894%)
USIM5,BRF (2.395%)
USMV,DDXX (11.6723%)
USNA,DEEP (1.0935%)
USOI,AMAX (3.0775%)
USRT,ITDE (3.6143%); ITDD (2.9421%); ITDF (2.6021%); ITDC (2.3265%); ITDG (1.2607%); ITDH (0.9673%); ITDI (0.9672%); ITDJ (0.9671%)
UTF,FCEF (2.7613%)
UTG.L,LPRE (6.016%)
UTHR,PINK (6.8618%); PBE (4.2544%); HELX (3.5074%); PTH (2.8268%); XMHQ (2.6888%); WDNA (2.4521%); GOP (2.0816%); SMOX (1.0771%); SMDX (1.033%); MDY (0.6836%); JMEE (0.6536%); DEUS (0.4925%)
UU.L,AQWA (5.879%); BILD (4.86%); CGW (4.1582%); TBLU (3.7128%); EFRA (3.435%)
UUP,HECA (9.8893%); TDSB (8.9704%); MOOD (8.2234%)
UVE,FDM (1.2993%); RUSC (0.5276%)
UVV,PEY (2.5257%)
UXAP,BFXU (24.984%)
UXJA,BFXU (24.8876%)
UXJL,BFXU (25.0597%)
UXOC,BFXU (24.8889%)
V,LATR (14.1201%); KYC (9.5819%); IYG (8.2948%); XLF (7.4923%); AKRE (7.3634%); TFNS (6.9274%); FNCL (6.6805%); IYJ (6.6522%); IPAY (6.1035%); BCFN (5.9446%); SEMG (5.9312%); BCGD (5.3582%); LRGG (5.1065%); TMFE (5.0358%); LCOW (5.0215%); OUSA (4.9102%); SPHQ (4.9033%); BCHP (4.8902%); PCLG (4.8646%); SXQG (4.7955%); BASG (4.7949%); MFIG (4.7071%); PCGG (4.6954%); TOLL (4.6403%); XPND (4.6069%); AIUP (4.5965%); FDFF (4.5733%); EQTY (4.4536%); LRGE (4.3849%); KAT (4.3757%); USMC (4.3273%); BEEZ (4.1636%); CARK (4.1306%); VFH (4.1022%); LSGR (4.0843%); BAFE (4.0738%); FMCE (4.0075%); DUHP (3.931%); TECB (3.9244%); DIA (3.8836%); STXD (3.8064%); IXG (3.8019%); DVGR (3.6381%); BLCR (3.6309%); CZAR (3.5918%); EDOW (3.4544%); CLCG (3.3182%); PWB (3.2964%); VEGN (3.0934%); LRGC (3.0889%); LCAP (3.0707%); LOGO (3.0632%); VLLU (3.061%); BAY (3.0479%); MFSG (3.0221%); VSLU (3.0062%); TRUF (2.9767%); SEIQ (2.9716%); QUAL (2.9567%); CGGR (2.8808%); NULG (2.8418%); SEIM (2.8383%); OMFL (2.7803%); BAMG (2.7274%); TCHP (2.7125%); XCHG (2.7086%); TDVG (2.6409%); TGRW (2.5109%); CDEI (2.4011%); VIG (2.3082%); WOMN (2.2974%); PALC (2.2874%); TGRT (2.2707%); LOWV (2.2432%); USXF (2.2262%); FTCS (2.1812%); PSET (2.1144%); AQLT (2.1131%); QLV (2.1101%); PFM (2.0842%); VUSE (2.0085%); CAPE (1.8761%); QUS (1.867%); ACIO (1.7625%); ADME (1.7216%); SUSL (1.695%); USSG (1.689%); TCAL (1.6881%); DSI (1.6564%); JQUA (1.6385%); FLRG (1.6318%); EFIV (1.4266%); SNPE (1.4252%); SPXT (1.4218%); XMAG (1.3101%); JSTC (1.286%); QWLD (1.1501%)
VACN.SW,FSZ (4.3742%); EAFG (3.6367%); IMOM (2.0732%); ISCF (0.5374%); DFIS (0.4789%)
VAL.JO,OBOR (4.5725%); EZA (3.9481%); FTHF (1.8228%)
VALE,ILF (8.4079%); SLX (7.4565%); BRAZ (7.1398%); OTGL (4.3858%); AVES (0.9896%); AVXC (0.6198%)
VALE3.SA,FLBR (11.5535%); EWZ (10.6566%); FLLA (6.6453%); PICK (3.5219%); DVYE (3.4024%); FNDE (2.7447%); FRDM (2.6525%); PXH (2.3518%); EEMO (1.3936%); BKF (1.2694%); JPEM (1.111%); DIEM (0.9037%)
VAMO,ENDW (9.8302%); TRTY (7.8807%); GAA (4.1269%)
VAU.AX,SGDJ (4.605%)
VAW,BSR (8.961%); BTR (8.9367%)
VB,RSEE (13.6698%); DDXX (8.8109%); GIAX (5.9982%); ABCS (5.4876%); RAA (2.1278%)
VBBR3.SA,FLN (3.2946%)
VBIL,ELM (24.5694%); FPAG (3.6288%)
VBR,ABCS (14.9533%)
VCB.VN,KPHO (7.8701%); VNM (4.946%); VNAM (3.4628%)
VCI.VN,KPHO (3.8724%)
VCIT,TBFC (9.9237%); WTBN (4.1166%); RAA (4.1137%)
VCK.VN,VNM (4.131%)
VCLT,WTBN (6.124%); LOTI (4.6687%); HECA (4.3705%)
VCR,BTR (8.537%); AESR (7.2095%)
VCSH,WTBN (5.9841%)
VCTR,SMIG (4.3013%); ALIL (4.2958%); SCDV (4.2891%); AMID (3.7727%); BGDV (2.9021%); DGRS (1.9293%); SQLV (0.9176%)
VCX.AX,RITA (3.027%)
VCYT,FBT (5.0941%); GNOM (4.0348%); PBE (3.2911%)
VDC,EMPB (9.9602%); BSR (9.2042%); AESR (1.5878%)
VDE,BTR (9.8434%); BSR (9.1945%)
VEA,RSEE (33.1167%); ARP (24.966%); BINT (19.8539%); AVOS (18.3006%); QAI (8.8074%); GIAX (6.9392%); OCIO (5.6764%); RPAR (5.1294%)
VECO,TINY (5.2245%); ETHO (0.6486%); MSSM (0.6486%)
VEEV,EKG (7.4779%); LGHT (5.5955%); IHF (3.9808%); HEAL (3.9767%); XOVR (3.1646%); SMRI (2.1969%); TMFX (1.3825%)
VELO,PRNT (5.3499%)
VER.VI,RNRG (5.3368%); EWO (3.6513%)
VEU,GLOW (12.4704%); BGCG (4.58%)
VFF,MJ (3.936%)
VFH,BTR (8.0826%)
VFLO,DUKQ (5.1262%)
VG,FTXN (4.1897%); PWRD (3.4884%); EES (1.2249%)
VGIT,KAMO (26.1073%); FOPC (16.539%); TBFC (14.5152%); PBL (8.6462%); TRTY (6.5597%); TBFG (5.1997%); LCO (2.4321%)
VGK,MAPP (8.1614%); ELM (2.0313%)
VGLT,BNDD (77.3889%); KAMO (5.3532%); ARP (2.9248%)
VGSH,KAMO (30.2017%); GHTA (10.0226%); QAI (7.8975%); USAF (7.6972%)
VGT,NOEQ (14.1093%); DYTA (13.8714%); BTR (11.2963%); SNAV (10.3635%); BSR (8.862%); PSTR (8.7221%)
VHM.VN,VNM (8.0195%)
VHT,BSR (9.7277%); BTR (9.2932%)
VIA,HAIL (1.694%)
VIAV,FOTO (6.2524%); XTL (3.0829%); STXK (0.4597%); PRFZ (0.405%)
VIC.VN,VNAM (22.6711%); VNM (8.666%)
VICI,NETL (7.3789%); CRED (4.4479%); GQRE (3.5689%); DIVP (3.3898%); SPHD (2.5549%); DIVG (2.038%); FREI (0.7939%)
VICR,PRN (4.7742%); LRNZ (4.7359%); QCLN (3.8064%); TMAT (3.4661%); AIS (2.8176%); RFG (2.5156%); FNY (1.4205%); MMSC (1.1058%); ELFY (1.0617%); PSC (1.0507%); FNX (0.7644%)
VIE.PA,TBLU (7.316%); EFRA (5.8636%); EVX (5.863%); FTRI (4.8749%); PIO (4.0051%); DWX (1.7804%)
VIG,FLCE (11.8456%); LEXI (4.8112%); HNDL (4.3858%)
VIG.VI,EWO (3.8558%)
VIGI,FINT (9.9824%)
VIK,PEJ (5.5157%); IPO (5.2867%); FPXE (4.0078%); SAMM (3.5524%); FLCG (2.9358%); FPXI (2.824%); FLCC (2.1992%); CZA (2.1271%)
VIPS,PGJ (3.8506%)
VIRP.PA,PAWZ (7.0842%)
VIRT,CTEF (4.3496%); AZTD (2.3383%); KDVD (1.7412%); KCE (1.7116%); CVY (1.1482%); EES (0.6675%); SIXL (0.6058%)
VIS,EZRO (13.635%); BTR (9.8777%); BSR (9.6742%)
VISN,XTL (3.2007%)
VIST,ARGT (5.7405%); MGNR (3.4885%)
VIVT3.SA,ECOW (2.08%)
VIX.VN,VNM (3.6337%); VNAM (2.7913%)
VJC.VN,VNAM (2.1754%)
VKTX,OZEM (5.8564%); THNR (5.49%); XBI (1.3037%)
VLN,IZRL (2.2565%)
VLO,IEO (10.5411%); TNGY (8.0063%); CRAK (7.4745%); PXE (5.7457%); WEEI (5.5389%); DRLL (5.1567%); PWER (4.8862%); RSPG (4.8828%); CSEN (4.6668%); XLE (4.4184%); FTXN (4.0626%); GXPE (3.9081%); IYE (3.7677%); PXI (3.6412%); FENY (3.5524%); VDE (3.4768%); WR (3.0312%); XOP (2.7386%); FTIF (2.6883%); EQRR (2.5661%); IXC (2.3972%); IGE (2.1947%); SMRI (2.0929%); LYLD (2.0543%); VOE (1.3307%); IMCV (1.1243%); FDLS (1.1133%); SYLD (1.0751%)
VLRS,CDIG (4.9063%)
VLTO,EFRA (5.7942%); CGW (5.2624%); EVX (5.0762%); CSD (4.4017%); PHO (4.1434%); TBLU (4.0322%); FIW (3.7725%); TCAL (1.8653%)
VLUE,DWAW (23.4093%); QVOY (14.0038%); XCOR (11.0863%); XNAV (7.3457%); XRLX (6.3459%)
VLY,TSCV (2.4525%)
VMBS,LOTI (5.762%); NDOW (3.5006%)
VMC,PKB (4.9932%); XLB (4.7114%); RSPM (4.0198%); FMAT (2.6043%); VAW (2.5117%)
VMFXX,USDX (42.8357%)
VMI,JOUL (5.1214%); CSMD (3.8397%); LOPP (2.652%); EPSB (2.5473%); NBSM (1.9932%); FSCS (1.3925%)
VNA.DE,IFGL (2.5734%); VNQI (1.9934%); HAUZ (1.8781%)
VND.VN,KPHO (3.9112%)
VNM.VN,VNM (4.6965%); VNAM (2.6743%)
VNO,DESK (10.0964%); FNK (1.0442%); FNX (0.49%)
VNOM,INFL (4.2605%); PXI (3.6314%); OSCV (2.3768%); SFLO (1.1733%)
VNOPL,PFFR (2.1563%)
VNOPM,PFFR (2.3432%)
VNOPN,PFFR (2.2472%)
VNP.TO,NASA (3.8095%)
VNQ,HIDE (26.4343%); BSR (8.9242%); BTR (8.3273%); ELM (2.2104%)
VNT.AX,ASCI (3.093%)
VO,WLTG (5.1465%); ABCS (5.0461%); HFND (4.3564%)
VOD,KEAT (3.9386%)
VOE,ABCS (5.12%)
VOE.VI,EWO (3.7518%)
VOLCABC1,EPU (3.1737%)
VOLT,NMBL (3.7856%)
VOLV-B.ST,EWD (6.9025%); JHID (2.0382%)
VONG,BLGR (12.6483%)
VONV,BVAL (20.2722%)
VOO,LFEQ (99.8155%); XDSQ (99.7385%); XTJL (98.9068%); OVLH (98.0128%); TSPX (77.5974%); SPYA (55.3254%); RSEE (46.6284%); ODTE (33.2135%); BAMO (20.8271%); NDAA (19.6941%); MIGO (17.8615%); WSGE (9.1741%); ARP (8.9907%); GIAX (6.5049%); OCIO (4.2307%); DAK (3.4829%); PBL (1.5231%); USEW (1.5058%); XTAP (1.0343%); TSPY (1.0057%); OVL (1.0041%); KHPI (1.0006%)
VOT,FDAT (7.956%); DUKQ (5.0823%); GIAX (4.5318%)
VOX,BTR (8.5945%); BSR (6.3516%)
VOYAPB,EPRF (3.9121%)
VOYG,XSPC (4.7634%)
VPB.VN,KPHO (7.8633%)
VPG,SMLV (0.5693%); IWC (0.4033%)
VPL,INTL (8.2638%); ELM (5.5876%)
VPU,BSR (10.1456%); BTR (8.6461%)
VRIG,FCEF (3.6971%)
VRNS,BUG (5.0662%); PSWD (4.8952%); IHAK (4.8687%); TOGA (4.4798%); WCBR (4.3725%); ITEQ (2.043%); FITE (1.6274%); XSW (0.9321%)
VRSK,FDIQ (4.6992%); LRGG (4.6229%); KMID (3.9281%); RONB (2.9081%)
VRSN,HUSV (2.6649%)
VRT,AIPO (8.1447%); BELT (7.841%); PWRD (6.2527%); TCAI (5.5843%); NVPS (5.4832%); ULTI (5.0448%); EGGY (4.8852%); HVAC (4.8669%); GPT (4.4448%); EGGQ (4.3425%); IVEP (4.306%); AIFD (4.1827%); MADE (3.9295%); EPAI (3.8714%); FRTY (3.8109%); DARP (3.6958%); RKNG (3.6054%); AIS (3.5906%); PSAI (3.3553%); MID (3.3347%); WLTG (3.312%); ABFL (2.8343%); VOT (2.8189%); AMID (2.7596%); BIBL (2.5873%); PPI (2.3652%); XLI (2.231%); RPG (2.0878%); RSPN (1.3815%); VO (1.218%); VFMO (0.916%); WDAI (0.7919%)
VRTPX,VNQ (14.3561%)
VRTX,BBH (9.1281%); IBBQ (8.1379%); IBB (8.0709%); GNMX (6.7142%); PBE (5.1755%); LSGR (4.813%); IDNA (3.8717%); GNOM (3.8351%); FTXH (3.4058%); QFRD (3.1228%); HELX (2.7462%); QNXT (2.3043%); GPT (2.0869%); QQXT (2.0693%); HTEC (2.052%); RSPH (1.8484%); FFND (1.6305%); USMV (1.5408%); ESMV (1.515%)
VSAT,ORBX (6.8518%); UFO (6.2552%); WARP (5.8876%); DIPR (5.7329%); MARS (5.4804%); XSPC (5.1882%); NASA (5.1396%); PSCT (4.7427%); XSMO (4.7161%); XTL (4.4144%); FITE (1.8634%); TAX (1.7772%); AVUV (1.3924%); SLYG (1.3347%); IJT (1.3344%); VIOG (1.3338%); FNY (1.1808%); DWAS (1.1479%); BSVO (1.0522%); QVMS (0.9707%); MSSM (0.7963%); XJR (0.7407%); IWN (0.7373%); VTWV (0.7322%); DFSV (0.6976%); SPSM (0.6611%); IJR (0.6601%); VIOO (0.6597%); FNX (0.6355%); STXK (0.4903%); JPSE (0.3919%); IWM (0.353%); RSSL (0.3529%); VTWO (0.3465%); FNDA (0.3287%); GSSC (0.3138%); ITWO (0.3042%); HDG (0.0526%)
VSEC,XAR (3.3966%); QSML (0.6525%)
VSH,PSCT (2.5928%); RZV (1.61%); VIOV (0.7622%); IJS (0.7162%); SVAL (0.713%); SLYV (0.7124%); ISMD (0.5059%); VTWV (0.4541%)
VSLU,NMBL (9.1924%)
VSNT,PSCU (4.9933%); DSMC (1.2364%)
VSS,DDXX (9.6873%); GMOM (6.0712%)
VST,UTES (10.0234%); RCTR (4.9718%); SQS (4.5675%); MID (4.2853%); TPZ (3.8858%); SOVF (3.6237%); RSPU (3.5557%); XLU (3.5333%); FUTY (3.4355%); VPU (3.4044%); IDU (3.2267%); NUKZ (2.8863%)
VSTS,RZV (1.6151%); SMIZ (1.2364%)
VSUI.PA,DIME (4.7051%)
VSXY,VICE (5.4143%); STYL (3.3281%); PSCD (2.6282%); XRT (1.5195%); BSVO (1.0286%); SLYV (0.7127%); VIOV (0.7094%); FNDA (0.4484%)
VTEB,QAI (3.8619%); QVOY (1.1929%)
VTI,ELM (22.9621%); RPAR (12.8409%); DDXX (10.9541%); OCIO (4.7367%); GEW (1.05%)
VTIP,GDMA (29.7266%); FOPC (6.3832%); USAF (5.4918%); EDGH (4.6512%)
VTR,REZ (7.7432%); JPRE (6.5581%); HAUS (5.2808%); JRE (4.9724%); BYRE (4.4892%); XLRE (4.4661%); ICF (4.2068%); VGSR (4.196%); RWR (4.0363%); CRED (3.8584%); RITA (3.7882%); USRT (3.5102%); RSPR (3.4589%); DFAR (3.3166%); DVOL (3.2389%); IYR (3.1909%); FRI (3.1779%); AGNG (3.1423%); FPRO (3.018%); IYRI (3.008%); BBRE (3.0003%); SCHH (2.9667%); FREL (2.5785%); RWO (2.5332%); REET (2.3427%); VNQ (2.2317%); AVRE (2.2307%); DFGR (2.1868%); ERET (1.7525%)
VTRS,DUSA (5.4928%); DWLD (4.2984%); IHE (4.2211%); ADPV (4.0024%); FTXH (3.6232%); CVSM (2.4318%); SPDV (2.2873%); SPYD (1.4506%); EZM (1.3672%); DON (1.2856%)
VTV,RHRX (17.2455%); DDXX (12.7078%); HFND (8.7533%); AMAX (6.1456%); OCIO (5.7479%); DDV (5.1273%); BLUC (4.9925%); USEW (1.2794%)
VTWO,ODTE (33.9272%); BLUX (31.5178%); IWMI (1.0038%)
VUG,BLUC (34.336%); NDAA (17.3417%); XCOR (13.3434%); XNAV (9.3658%); XRLX (9.2115%); FDAT (8.0352%); TBFG (5.6213%); HFND (4.7143%); TBFC (4.2%)
VUSXX,USDX (43.0713%)
VWO,AVOS (15.567%); ELM (13.08%); RSEE (13.0173%); DDXX (10.7932%); RPAR (7.7112%); AGOX (4.5234%); ARP (1.5027%)
VWOB,CANQ (20.6703%); THRV (6.2214%)
VWS.CO,FAN (8.7113%); CTEC (6.2156%); EDEN (5.2208%); FRNW (4.7254%); SMOG (4.5328%); ERTH (3.9158%); SDG (3.7028%); VCLN (3.2635%); NXTE (3.1298%); ICLN (3.1111%); IMOM (2.1747%)
VXUS,IDUB (97.9826%); DUKX (44.3484%); DYTA (5.2012%)
VYM,TDSC (5.0702%)
VZ,IYZ (10.9833%); FDL (7.1869%); GQGU (5.6606%); DIVZ (5.2306%); HDV (5.2262%); SPDG (5.19%); DOGG (5.0539%); ABEQ (4.8403%); FCOM (4.3875%); DURA (4.3074%); WBIY (4.2618%); IXP (4.2175%); VOX (4.2037%); XUDV (4.1994%); PRVS (3.7992%); SCHD (3.7902%); NYNY (3.6917%); CVGD (3.6538%); SIXA (3.512%); SIXH (3.4203%); KEAT (3.3426%); KNGZ (3.207%); SPHD (3.137%); SNPD (2.9618%); WOMN (2.7949%); PAYR (2.7857%); GXPC (2.7769%); VLUE (2.5593%); NFRA (2.4811%); DHS (2.4536%); SHE (2.3375%); WLDR (2.2794%); DVAL (2.2598%); GMOV (2.2524%); INCE (2.251%); BAMV (2.1946%); SDY (2.1437%); SEIV (2.0612%); VALQ (1.9832%); AUSF (1.8432%); RAFE (1.8358%); DVY (1.6176%); INCM (1.4788%); WDIV (1.4677%); VLU (1.2554%); VFVA (0.9721%); TRUC (0.5143%)
VZLA.TO,SLVR (3.0734%)
W,ONLN (5.332%); IBUY (3.3%); ISHP (2.1606%)
WAB,EFRA (5.8717%); KMID (4.9829%); DOCK (3.9864%); BLDX (3.1562%); MMID (1.413%); MCDS (1.0523%)
WALMEX.MX,FLMX (4.4016%); EWW (4.2255%); OTGL (2.9023%); BINV (2.2981%); ECOW (2.0316%)
WARBABANK.KW,KWT (3.9786%)
WAT,PHO (6.7938%); FIW (4.8671%); PIO (3.8064%); EQTY (3.8032%); MDEV (2.4051%); TCAL (1.9443%); MMID (1.4166%)
WAWI.OL,SEA (4.9012%); BOAT (4.0654%)
WBC.AX,EWA (5.911%); FLAU (5.0168%); BBAX (3.9414%); EPP (3.8172%); DVYA (3.4661%)
WBD,RSPC (4.7403%); XLC (4.6617%); BNGE (4.3469%); EVNT (4.341%); ARB (3.6035%); FCOM (3.0039%); VOX (2.8417%); FPX (2.5798%); VOE (1.0926%); IWS (0.6288%)
WBI,INFL (5.7984%); NVIR (5.2943%); TEXX (4.0799%)
WBS,ARB (2.7142%); KRE (1.3447%)
WCC,CCFE (8.5865%); PJFM (4.439%); MID (3.927%); IJJ (0.9668%); MDYV (0.9663%); IVOV (0.9652%); DFSV (0.6491%); DFAS (0.258%)
WCN,EVX (6.9867%); TMFG (3.7695%); LOPP (2.9079%); NFRA (2.0424%); TCAL (1.8107%)
WCP.TO,DISV (0.5536%)
WDAY,CLOU (3.6215%); QFRD (2.8585%); HWSM (1.5304%)
WDC,EGGS (8.0321%); EGGQ (6.8408%); CNAV (6.2062%); QQQG (6.1078%); QQQA (6.0%); ATFV (5.747%); CTEF (5.3082%); FCLD (5.2828%); AFOS (5.2527%); PTF (5.2526%); CNEQ (5.2023%); BGDV (5.0404%); FRWD (5.035%); COWG (5.0064%); FCUS (4.8284%); FDTX (4.4893%); FRTY (4.3696%); ALAI (4.342%); NBDS (4.3237%); QNXT (4.0205%); YOKE (3.9731%); AMOM (3.7717%); RKNG (3.7515%); TCAI (3.6325%); TFPN (3.4524%); FMTM (3.4183%); RACK (3.2079%); BAI (3.2038%); STNC (3.1384%); PDP (3.1112%); IGPT (3.1073%); CGGO (3.0851%); AIVC (2.9837%); WCMG (2.9517%); ARWG (2.8295%); VUSE (2.6584%); FCVT (2.616%); BAMV (2.5561%); OPTZ (2.5481%); QGRO (2.5039%); HYP (2.501%); MFSG (2.4574%); VOT (2.4128%); PALC (2.3647%); QQEW (2.3588%); PRMR (2.2798%); NXTI (2.277%); NULG (2.2416%); CPAI (2.1956%); LSAF (2.1811%); NULC (2.0107%); NBCR (1.7108%); RSPT (1.6691%); FTC (1.6615%); ROUS (1.4891%); AVMC (1.4586%); SMIZ (1.3834%); CHGX (1.2631%); XOEF (1.2065%); JOET (1.1723%); VO (1.061%); FEX (0.9061%); FAD (0.8381%); RSPE (0.6884%); BLES (0.5848%); BFOR (0.5115%); JPUS (0.4537%)
WDFC,PSCC (4.2535%)
WDI,YYY (2.7486%)
WDIV,MVFG (4.2628%)
WDO.TO,SGDJ (4.6738%); GBUG (3.1531%)
WDS.AX,FYLD (1.0271%)
WEAT,TAGS (25.0292%)
WEB.AX,AWAY (4.4379%)
WEC,PUI (3.8462%); FDV (3.3785%); MDLV (3.283%); IQRA (2.6202%); CDL (1.7036%); CDC (1.7017%); TPHD (1.6741%); SPLV (1.2605%); TPLC (0.7315%); CFA (0.3985%); CFO (0.3975%)
WEED.TO,MJ (7.88%)
WEGE3.SA,BRAZ (3.5333%); EWZ (3.2525%); FLBR (2.9572%); EMDV (2.4499%)
WEIR.L,EWUS (1.8138%); IEUS (0.5395%)
WELL,REZ (23.5235%); CSRE (15.0236%); RITA (14.286%); JRE (13.7748%); SPRE (13.2204%); JPRE (11.974%); FRI (11.7939%); BBRE (11.3699%); XLRE (10.9932%); IYR (10.8254%); IYRI (10.697%); RWR (10.5214%); SCHH (10.3485%); REIT (9.6295%); RWO (9.4036%); USRT (8.8734%); FREL (8.7961%); REET (8.7409%); VNQ (8.3697%); ICF (8.3527%); PSR (8.2704%); DFGR (8.1408%); BYRE (8.0671%); DFAR (7.9935%); FPRO (7.5896%); AVRE (7.371%); IQRA (6.967%); ERET (6.8244%); HAUS (5.4482%); VGSR (5.181%); YUNG (5.0248%); FMKT (4.9688%); GQRE (4.4678%); LGLV (4.4007%); BWTG (4.3866%); RJDI (3.6547%); RSPR (3.5284%); BIBL (3.476%); PFI (3.3946%); AGNG (3.3067%); DVOL (3.2218%); BROL (3.2168%); BLDX (3.0987%); PPTY (3.0277%); CAPE (2.4209%); CGDG (2.1741%); FREI (1.6151%); USMV (1.5371%); ESMV (1.5158%)
WEN,KVLE (1.8403%); RCGE (0.5591%)
WENN,SPAQ (4.1871%)
WES,AMLP (12.9882%); AMZA (11.6459%); MLPA (10.1621%); FCG (4.914%); NBET (4.238%); HIPS (1.952%)
WES.AX,EWA (5.0374%); SCHY (4.3999%); FLAU (4.2555%); BBAX (3.3644%); EPP (3.2515%)
WEX,CGMM (1.7578%)
WFC,KBWB (7.9447%); FTXO (7.1809%); DFNL (4.8444%); PKW (4.8272%); GABF (4.0791%); TFNS (3.9417%); DVAL (3.8593%); IYF (3.8592%); IYG (3.6839%); MAVF (3.4856%); PWV (3.4749%); XLF (3.3275%); FNCL (2.9765%); BLCV (2.9297%); CSTK (2.9208%); CGVV (2.8746%); VFH (2.8536%); JAVA (2.5898%); FFLV (2.4741%); LCDS (2.1434%); JOYT (2.1265%); ROCY (2.1066%); IXG (1.6904%); LVDS (1.6027%); TRUF (1.3512%)
WFCPL,SPFF (3.0815%); PFFD (2.3205%); PFF (2.1486%); FPE (2.04%); CWB (1.1057%)
WFCPZ,PGF (2.2845%); PSK (1.6648%); PGX (1.4469%)
WFG.TO,WOOD (4.4987%)
WFRD,PXJ (4.3527%); OIH (4.2063%); IEZ (3.3217%)
WGS,XHS (2.0422%)
WH,BBHM (4.4193%); TOGA (4.3695%)
WHC.AX,COAL (6.3312%)
WHD,PSCE (4.0463%); XES (3.5213%)
WINZ26,DBE (3.3912%)
WIP,GHTA (10.6664%); RLY (3.1283%)
WISE,EZRO (11.5179%)
WIT,EDOG (5.1904%)
WIW,CEFZ (4.3164%)
WKC,RWJ (2.3681%)
WLII,SPAQ (4.0529%)
WLKP,DIV (2.1463%)
WLY,EBIT (1.1879%); SIXL (0.5809%)
WM,EVX (7.567%); DHLX (5.9168%); IDU (5.0165%); CCSO (4.9785%); EASY (4.8281%); PRCS (3.771%); BBHL (3.6413%); TXS (3.4655%); AUSF (1.4496%); USMV (1.379%); ACWV (1.0339%)
WMB,MLPI (9.489%); MLPX (8.8652%); MDST (8.6526%); EINC (8.3415%); USNG (8.1108%); TPYP (7.7863%); UMI (7.3693%); USAI (7.1195%); PIPE (6.3395%); ENFR (6.3279%); NBET (5.6297%); NVIR (5.5969%); TPZ (5.5783%); TNGY (5.4675%); BESF (5.3771%); WEEI (5.1626%); RSPG (4.9761%); NFRX (4.8098%); NUIF (4.6924%); YLDE (4.5287%); GXPE (4.5214%); XLE (4.4912%); IYE (4.4322%); TOLZ (4.3612%); ELCV (4.2482%); FENY (3.975%); VDE (3.946%); PXI (3.6419%); AMZA (3.3403%); GDIV (3.3078%); BGIG (3.2642%); GII (3.0669%); IGF (3.0458%); WR (3.0283%); EIPI (3.0213%); IXC (2.8181%); HALX (2.6412%); IGE (2.5803%); RIFR (2.4244%); IQRA (2.0035%); QIDX (1.8183%); RAAX (1.2766%); IMCB (0.6266%)
WMG,MUSQ (5.0352%)
WMMVY,IDVZ (3.0649%)
WMS,EVX (5.0982%); BBHM (4.356%); AQWA (4.3186%); XHB (3.6932%); CGW (3.5844%)
WMT,GXPS (16.9913%); VDC (13.9656%); FSTA (13.9342%); TRUO (12.4762%); RTH (10.9753%); XLP (10.7867%); IEDI (9.9359%); KXI (8.5766%); TGLR (4.717%); NXTI (4.6741%); IYC (4.2713%); FLAG (4.1522%); SXQG (4.0573%); RJDI (4.0184%); CCOR (3.6222%); PJFV (3.601%); VSMV (3.4966%); RWL (3.4926%); ROCQ (3.4671%); GVLE (3.4087%); PFM (3.299%); PWS (3.1867%); BUYZ (3.0815%); ZECP (2.7812%); SELV (2.7388%); CAPE (2.7068%); PY (2.3826%); MGV (2.3433%); QARP (2.2189%); VIG (2.1614%); PRXV (2.0529%); QRFT (1.9384%); TDVG (1.925%); FLCV (1.9063%); GEW (1.8702%); AVOS (1.8584%); VTV (1.8496%); IWX (1.7847%); ACVF (1.7467%); SPYV (1.7121%); IVE (1.7103%); MFUS (1.7037%); VOOV (1.7036%); IUSV (1.6126%); SCHV (1.5653%); EQL (1.5179%); VONV (1.2778%); IWD (1.2734%); GVUS (1.2675%); VLU (1.2467%); SPXD (1.1036%); SSPY (0.7348%)
WNC,DEEP (1.1127%)
WPC,NETL (7.5353%); INDS (4.2634%); XMLV (1.4985%)
WPM.TO,SIL (21.9324%); GOAU (9.5022%); RING (7.3841%); AGMI (6.9802%); SGDM (6.8893%); GDX (5.507%); INFL (5.462%); SLVR (4.9527%); GDMN (4.9508%); SILJ (4.4394%); SLVP (4.2366%); NANR (2.11%)
WRB,PCPP (4.3983%); KBWP (4.0361%)
WRBY,PINK (4.9673%); XRT (1.6389%)
WRD,CABZ (4.646%)
WRLD,SIXS (1.6166%); DEEP (1.2181%)
WRT1V.HE,EFNL (4.4784%)
WSBC,KBE (1.019%); BSVO (0.6811%)
WSC,SMLL (4.8739%)
WSFS,SCDS (0.8642%)
WSM,EBIZ (5.456%); PEZ (3.7347%); COWS (3.2795%); UPGD (2.4797%); RSPD (2.3221%); RDVI (2.1201%); RDVY (2.1181%); ISHP (2.08%); BUYB (1.7417%); TMFX (1.3471%); FLQM (1.1205%); VBR (0.5857%); BBMC (0.5726%)
WSO,BBHM (5.4107%); TMFG (3.2976%); DDIV (3.0001%); SDOG (2.233%)
WST,TMFM (5.2271%); KMID (5.1412%); BBHM (4.9321%); BASG (2.9501%); MDEV (2.8637%); HALX (2.7538%); SMCO (2.3877%); KNG (1.8407%); NOBL (1.8258%); LSAF (1.2403%)
WTFC,QABA (4.3685%); SMLL (4.0157%); PJFM (3.1124%); AFSC (2.5501%); TSCV (2.3099%)
WTM,NBSM (1.9362%)
WTRG,CGW (5.7391%); AQWA (4.5364%); BILD (3.0578%)
WTS,AQWA (5.5758%); BEEZ (5.1174%); CGW (3.4212%); FSCS (1.2878%); SEIS (1.1016%); SDVD (1.0752%); SDVY (1.0752%); TPSC (0.4054%)
WTTR,XES (4.335%); NVIR (3.4296%); CBSE (2.7797%); SIMS (2.6577%); KDVD (1.8985%); VRAI (1.4566%); RUSC (0.5568%)
WTW,MDPL (3.6381%)
WU,FGD (1.4426%); SYLD (1.0669%)
WULF,NODE (6.6927%); SPRX (4.7253%); FNY (1.0307%); STXK (0.4018%); BBSC (0.3862%)
WWD,GASZ (5.5876%); EPSB (3.6907%); EPMB (3.6227%); XAR (2.982%); XMMO (2.9693%); RFG (2.0719%); PAMC (1.6008%); MDYG (1.3344%); IJK (1.3313%); IVOG (1.3227%); SDVY (1.1054%); SDVD (1.1053%); SMOX (1.0195%); SQLT (0.9494%); ESML (0.3718%); SMMD (0.3355%)
WY,WOOD (7.9904%); CUT (4.925%); SPRE (4.7699%); LOPP (2.953%); ERTH (2.4871%)
WYNN,NITE (4.2215%)
XAR,MSSS (9.5097%)
XBB,THY (7.4824%); YFYA (5.0344%)
XBI,HECA (4.8479%)
XBOX,MAGS (6.8299%)
XCCC,THY (1.4785%)
XCEM,MVFG (4.8661%)
XEL,UTES (6.831%); NUIF (6.4393%); QQLV (4.8166%); NFRX (4.0453%); BILT (3.5908%); XLU (3.5228%); FUTY (3.1977%); VPU (3.1772%); IQRA (2.9858%)
XENE,IBRN (4.2607%); SBIO (3.0931%)
XFIV,MHIG (35.2905%); MHIP (11.4925%)
XFLT,VPC (2.6408%)
XHB,AESR (2.3669%)
XHLF,MHIG (14.3446%); MHIP (4.5385%); YFYA (3.5184%)
XHR,VRAI (1.452%)
XLB,DVXB (49.5889%); SMOM (21.116%); THLV (13.059%); TACK (12.4218%); RHRX (8.3437%); SNAV (7.371%); SECT (3.8616%); RAAX (1.2574%)
XLC,TRUC (56.6187%); DVXC (53.2575%); AESR (18.6011%); MPRO (9.4121%); MSSS (9.183%); QPX (8.9976%); GLOW (5.8894%); EDGU (5.7863%); SSUS (5.4962%); PSTR (5.1054%); AGOX (4.221%); NOEQ (3.903%)
XLE,DVXE (44.8852%); SMOM (24.1227%); TACK (11.0812%); TDSC (10.6795%); XLSR (5.926%); THMR (5.829%); RLY (3.8465%); SECT (3.5461%); EDGU (3.2884%); SSUS (2.4251%); RAAX (2.3064%); LCO (2.1823%)
XLF,TRUF (59.6416%); DVXF (49.1367%); GGM (19.9577%); SECT (18.2418%); THLV (13.7091%); GLOW (12.7303%); EMPB (10.2727%); PSTR (9.619%); SSUS (7.721%); EDGU (6.6251%); MPRO (5.0789%); LCR (4.6458%)
XLG,XCOR (12.4219%); XRLX (8.1002%); GEW (1.0063%)
XLI,DVIN (50.9703%); SMOM (23.5784%); GGM (20.3633%); XLSR (19.469%); THLV (14.2273%); TACK (12.9395%); SECT (12.4275%); RHRX (9.0088%); FDAT (8.1382%); EDGU (5.3222%); MPRO (5.1192%); SSUS (4.7384%); PSTR (4.332%); AESR (4.1782%)
XLK,DVXK (46.3044%); SSUS (42.1444%); TRUT (41.4422%); SECT (39.8929%); CLSM (33.6215%); XLSR (27.8023%); EZRO (25.0369%); EDGU (23.9601%); QPX (21.4148%); SMOM (20.1772%); GLOW (18.1974%); GGM (18.1641%); THLV (15.9872%); LCR (15.0165%); QVOY (13.4001%); TDSC (12.0683%); TACK (11.6333%); AGOX (11.2538%); PSTR (8.0359%); MAPP (4.9175%); MPRO (4.736%); KOOL (4.5437%)
XLP,DVXP (49.9229%); TRUO (39.9904%); CLSM (27.7815%); TACK (12.5317%); SMOM (10.6708%); PSTR (5.1511%); MPRO (5.0743%); XLSR (4.6905%); EDGU (2.8305%)
XLRE,DVRE (52.9205%); THLV (13.6963%); TACK (12.7481%); MPRO (4.992%); SSUS (3.6466%)
XLU,DVUT (49.5848%); THLV (13.6633%); TACK (12.5406%); TDSB (9.9516%); TDSC (9.2607%); FDAT (7.9889%); SNAV (7.3432%); SECT (6.1435%); HNDL (4.9956%); SSUS (3.515%); PSTR (2.7868%)
XLV,DVXV (52.0436%); TDSC (14.106%); TACK (13.2346%); TDSB (10.7116%); EMPB (10.4922%); MPRO (10.4303%); SNAV (9.6299%); FDAT (8.3731%); GLOW (8.3372%); PSTR (7.4673%); KOOL (5.5001%); SSUS (4.6582%); EDGU (4.5966%); AGOX (4.5283%); GHTA (3.7643%); LCR (3.4287%)
XLY,TRUD (63.747%); DVXY (51.9967%); QPX (19.2328%); THLV (13.1383%); SSUS (12.7463%); EMPB (9.5887%); SNAV (9.1248%); SECT (8.9541%); MPRO (4.9283%); EDGU (4.7678%); XLSR (4.143%); PSTR (3.2121%)
XME,RLY (3.0966%)
XMTR,PRNT (6.9569%); AVRY (5.3127%); MMSC (1.3887%)
XNDU.TO,QTUP (5.1999%)
XNTK,MIGO (3.4724%)
XOM,GXPE (28.3726%); WEEI (22.4689%); IYE (22.2898%); DRLL (21.9786%); VDE (21.5175%); FENY (21.3329%); XLE (20.2534%); PBOG (19.336%); IXC (17.5654%); TEXN (9.7063%); IGE (9.4761%); NANR (9.1418%); WR (8.0698%); HDV (7.263%); OILT (7.2256%); FTXN (7.1%); CSEN (7.0744%); FTWO (6.5506%); CSNR (6.1693%); NOEQ (5.5328%); PWS (5.2436%); ROPE (5.1707%); GUNR (4.7491%); VNSE (4.5875%); DURA (4.5298%); AVIE (4.4563%); GNR (4.4509%); HAP (4.4416%); LENS (4.4194%); DIVL (4.4158%); MFVL (4.1102%); TURF (4.0861%); YLDE (3.9588%); LGCF (3.9008%); MDLV (3.787%); EQIN (3.7036%); FBCV (3.6612%); PVAL (3.6216%); CCOR (3.5412%); FFLV (3.4831%); PTL (3.3402%); DFLV (3.324%); PJFV (3.2604%); VSMV (3.247%); DHS (3.165%); STXV (3.0228%); GMOV (2.9971%); DFUV (2.9573%); NRES (2.907%); MTUM (2.8935%); EIPX (2.801%); VFLO (2.7639%); CRTC (2.6918%); MGV (2.6744%); BBLU (2.6477%); ESGG (2.6111%); DGRO (2.5981%); DYNF (2.5774%); CLCV (2.551%); MFSV (2.4915%); EIPI (2.4743%); VIG (2.4668%); EQL (2.4368%); DEW (2.3916%); VYM (2.3513%); IWX (2.2349%); QARP (2.1842%); DIVB (2.1781%); WOMN (2.1544%); AVLV (2.1186%); FNDX (2.1172%); QLV (2.1167%); VTV (2.1108%); LVDS (2.0952%); PFM (2.0742%); IUS (2.0075%); DFVX (1.9552%); SPYV (1.954%); IVE (1.9521%); AKAF (1.9482%); VOOV (1.9442%); FNDB (1.9231%); DLN (1.8512%); IUSV (1.8413%); TDVG (1.8118%); FELV (1.8035%); QIDX (1.796%); TVAL (1.7615%); SCHV (1.757%); DTD (1.717%); JPFP (1.6897%); PRF (1.6543%); GVUS (1.6051%); VONV (1.5998%); IWD (1.5943%); RWL (1.5326%); MFUS (1.5318%); GEW (1.5095%); EVUS (1.3949%); INCM (1.2688%); VFMF (0.8318%)
XPH,MSSS (11.0454%)
XPO,HULL (3.5312%); SMDX (0.8745%); MDY (0.7156%)
XRAY,BSMC (2.3746%)
XRO.AX,RCGE (0.547%)
XRT,GGM (20.3243%); EMPB (8.6032%)
XSD,MSSS (8.8554%); XNAV (5.9036%)
XSOE,WSGE (2.5066%)
XSW,MSSS (9.3568%)
XTB.WA,EYLD (1.4258%)
XTL,EZRO (12.2882%)
XTSLA,ISTM (14.401%); BRLN (12.493%); COMT (9.8675%); TWOX (9.5482%); USLN (6.5876%); CMDY (6.2745%); BELT (6.1206%); BMED (4.0812%); BDYN (3.9581%); INDY (3.5818%); BALI (3.0318%); INDA (2.7488%); KWT (2.635%); SMIN (2.2699%); IJR (2.0768%); XJR (2.0285%); BRHY (1.8479%); EEMA (1.8234%); IVVB (1.7465%); IJS (1.6303%); BKF (1.394%); ISMF (1.3602%); IJT (1.2149%); SQLT (1.169%); LCTD (1.1475%); SMLF (0.8481%); SVAL (0.8173%); EEMS (0.4807%); ESML (0.4114%); HEEM (0.2896%); ITDI (0.1791%); ITDG (0.1783%); ITDH (0.1783%); ITDJ (0.1678%); AOA (0.1334%); EAOR (0.1084%); AOK (0.1058%); EAOK (0.103%); AOM (0.1018%); AOR (0.1001%); EAOM (0.0997%); EAOA (0.0983%); HAWX (0.0794%); HEZU (0.0781%); HSCZ (0.0761%); HEFA (0.0646%); HEWJ (0.0363%)
XTWO,YFYA (4.979%)
XYL,TBLU (7.7723%); AQWA (7.7335%); CGW (7.4394%); EFRA (6.1983%); EVX (5.6915%); CTIF (5.1868%); PHO (4.1462%); FIW (3.7817%); LOPP (2.7603%); SIMS (2.7011%); NUMV (1.8412%)
XYZ,DAPP (9.0532%); AVRY (7.767%); FINX (7.0031%); LATR (4.8034%); IPAY (4.6944%); FDFF (4.2084%); BPAY (3.2489%); KYC (2.9341%); INVN (2.2274%); RSPF (1.4707%); SMOT (1.4584%)
YAL.AX,COAL (7.0877%)
YAR.OL,CCNR (1.0188%)
YCS,THMR (8.059%)
YELP,SYLD (1.0514%)
YETI,STYL (3.3817%); LSAF (1.2095%)
YGGYO.IS,BLDG (1.6147%)
YKBNK.IS,TUR (3.4778%)
YMM,DINT (5.7588%); DWLD (5.5934%); KWEB (4.1608%); PGJ (3.7442%)
YOU,AVRY (6.2747%); XSHQ (2.2233%); TMAT (2.2208%); CAFG (1.8129%); RZG (1.4839%); SDVY (1.0635%); SDVD (1.0633%); OMFS (0.9575%)
YPF,ARGT (8.6314%); GEME (2.5482%)
YSS,ORBX (4.4161%)
YUM,PTNT (4.4822%); FDIV (2.1204%); JDIV (2.1133%); NUMV (2.0484%); TCAL (1.7028%)
YUMC,PGJ (8.4723%); CHIQ (3.4433%); WBIF (2.1067%)
Z74.SI,ASEA (4.4411%); ADVE (4.2395%)
ZAIN.KW,KWT (4.7115%)
ZAL.DE,OPPE (2.3037%)
ZBH,MVAL (4.3877%); MOAT (2.4449%); BSMC (2.1696%); MOTG (2.0128%)
ZBRA,DAT (5.176%); EYES (3.6298%); INVN (2.3725%); ELFY (0.9864%)
ZD,MVPA (5.4187%); SYLD (1.0955%); MYLD (1.0892%); VAMO (0.9986%)
ZEAL.CO,OZEM (3.9212%)
ZIM,ZIG (3.556%)
ZION,FTDS (2.1993%); DFSV (0.6295%)
ZM,AVRY (6.5713%); QVAL (2.048%); CALF (1.8405%); WTV (1.7705%); ONEO (0.4681%)
ZROZ,GHTA (11.4307%)
ZS,BUG (4.5725%); IHAK (4.0939%); CLOU (3.9022%); SPAM (3.6379%); CIBR (3.0409%); INVN (2.2105%); DTEC (1.2375%)
ZTOP,ZHOG (9.8811%)
ZTRE,ZHOG (8.129%)
ZTS,PAWZ (9.0445%); MOO (5.2958%); IHE (3.7262%)
ZURN.SW,EWL (4.3696%); FLSW (3.6335%); EUFN (3.215%); IDV (2.0875%); IQLT (1.8068%); DWX (1.6516%); EFAV (1.4069%); AVIV (1.3809%); QEFA (1.055%)
ZVIA,BREW (4.5868%)
ZWS,AQWA (4.2372%); PSCI (2.3782%); DGLO (1.6614%)
