Ticker,Symbol,Security Name,Listing Exchange,Market Category,ETF,Test Issue,MarketCap,Sector,Industry,Asset Class,Strategy,Theme,Geography,Category Flags
ACOM,ACOM,Harbor Active Commodity ETF,NYSE, ,Y,N,,,ETF,Commodity,Active,Base Metals & Commodities,United States,Active; Base Metals & Commodities; Commodity; United States
BCD,BCD,abrdn Bloomberg All Commodity Longer Dated Strategy K-1 Free ETF,NYSE, ,Y,N,,,ETF,Commodity,Plain,Base Metals & Commodities,United States,Base Metals & Commodities; Commodity; Plain; United States
BCI,BCI,abrdn Bloomberg All Commodity Strategy K-1 Free ETF,NYSE, ,Y,N,,,ETF,Commodity,Plain,Base Metals & Commodities,United States,Base Metals & Commodities; Commodity; Plain; United States
CCOM,CCOM,Simplify Chinese Commodities Strategy No K-1 ETF,NYSE, ,Y,N,,,ETF,Commodity,Plain,Base Metals & Commodities,China,Base Metals & Commodities; China; Commodity; Plain
CERY,CERY,State Street SPDR Bloomberg Enhanced Roll Yield Commodity Strategy No K-1 ETF,NYSE, ,Y,N,,,ETF,Commodity,Dividend/Income,Base Metals & Commodities,United States,Base Metals & Commodities; Commodity; Dividend/Income; United States
CMDT,CMDT,PIMCO Commodity Strategy Active Exchange-Traded Fund,NYSE, ,Y,N,,,ETF,Commodity,Active,Base Metals & Commodities,United States,Active; Base Metals & Commodities; Commodity; United States
COM,COM,Direxion Auspice Broad Commodity Strategy ETF,NYSE, ,Y,N,,,ETF,Commodity,Plain,Base Metals & Commodities,United States,Base Metals & Commodities; Commodity; Plain; United States
CPER,CPER,United States Copper Index Fund ETV,NYSE, ,Y,N,,,ETF,Commodity,Plain,Base Metals & Commodities,United States,Base Metals & Commodities; Commodity; Plain; United States
CPXR,CPXR,USCF Daily Target 2X Copper Index ETF,NYSE, ,Y,N,,,ETF,Commodity,Plain,Base Metals & Commodities,United States,Base Metals & Commodities; Commodity; Plain; United States
DBC,DBC,Invesco DB Commodity Index Tracking Fund,NYSE, ,Y,N,,,ETF,Commodity,Plain,Base Metals & Commodities,United States,Base Metals & Commodities; Commodity; Plain; United States
DCMT,DCMT,DoubleLine Commodity Strategy ETF,NYSE, ,Y,N,,,ETF,Commodity,Plain,Base Metals & Commodities,United States,Base Metals & Commodities; Commodity; Plain; United States
EMET,EMET,VanEck Copper and Electrification Metals ETF,NYSE, ,Y,N,,,ETF,Commodity,Plain,Base Metals & Commodities,United States,Base Metals & Commodities; Commodity; Plain; United States
FTGC,FTGC,First Trust Global Tactical Commodity Strategy Fund,NASDAQ,G,Y,N,,,ETF,Commodity,Plain,Base Metals & Commodities,Global,Base Metals & Commodities; Commodity; Global; Plain
GCC,GCC,WisdomTree EnhancedContinuous Commodity Index Fund,NYSE, ,Y,N,,,ETF,Commodity,Plain,Base Metals & Commodities,United States,Base Metals & Commodities; Commodity; Plain; United States
HARD,HARD,Simplify Commodities Strategy No K-1 ETF,NYSE, ,Y,N,,,ETF,Commodity,Plain,Base Metals & Commodities,United States,Base Metals & Commodities; Commodity; Plain; United States
HGER,HGER,Harbor Commodity All-Weather Strategy ETF,NYSE, ,Y,N,,,ETF,Commodity,Plain,Base Metals & Commodities,United States,Base Metals & Commodities; Commodity; Plain; United States
NBCM,NBCM,Neuberger Commodity Strategy ETF,NYSE, ,Y,N,,,ETF,Commodity,Plain,Base Metals & Commodities,United States,Base Metals & Commodities; Commodity; Plain; United States
PDBA,PDBA,Invesco Agriculture Commodity Strategy No K-1 ETF,NASDAQ,G,Y,N,,,ETF,Commodity,Plain,Base Metals & Commodities,United States,Base Metals & Commodities; Commodity; Plain; United States
PDBC,PDBC,Invesco Optimum Yield Diversified Commodity Strategy No K-1 ETF,NASDAQ,G,Y,N,,,ETF,Commodity,Dividend/Income,Base Metals & Commodities,United States,Base Metals & Commodities; Commodity; Dividend/Income; United States
SCOP,SCOP,Sprott Physical Copper Trust Units,NYSE, ,Y,N,,,ETF,Commodity,Plain,Base Metals & Commodities,United States,Base Metals & Commodities; Commodity; Plain; United States
SDCI,SDCI,USCF SummerHaven Dynamic Commodity Strategy No K-1 Fund,NYSE, ,Y,N,,,ETF,Commodity,Plain,Base Metals & Commodities,United States,Base Metals & Commodities; Commodity; Plain; United States
USCI,USCI,United States Commodity Index Fund ETV,NYSE, ,Y,N,,,ETF,Commodity,Plain,Base Metals & Commodities,United States,Base Metals & Commodities; Commodity; Plain; United States
ZSC,ZSC,USCF Sustainable Commodity Strategy Fund,NYSE, ,Y,N,,,ETF,Commodity,ESG/Sustainable,Base Metals & Commodities,United States,Base Metals & Commodities; Commodity; ESG/Sustainable; United States
EVMT,EVMT,Invesco Electric Vehicle Metals Commodity Strategy No K-1 ETF,NASDAQ,G,Y,N,,,ETF,Commodity,Plain,Electric Vehicles & Batteries; Base Metals & Commodities,United States,Base Metals & Commodities; Commodity; Electric Vehicles & Batteries; Plain; United States
AGMI,AGMI,Themes Silver Miners ETF,NASDAQ,G,Y,N,,,ETF,Commodity,Plain,Precious Metals,United States,Commodity; Plain; Precious Metals; United States
AUAU,AUAU,Global X Gold Miners ETF,NYSE, ,Y,N,,,ETF,Commodity,Plain,Precious Metals,Global,Commodity; Global; Plain; Precious Metals
AUMI,AUMI,Themes Gold Miners ETF,NASDAQ,G,Y,N,,,ETF,Commodity,Plain,Precious Metals,United States,Commodity; Plain; Precious Metals; United States
CEF,CEF,Sprott Physical Gold and Silver Trust Units,NYSE, ,Y,N,,,ETF,Commodity,Plain,Precious Metals,United States,Commodity; Plain; Precious Metals; United States
FGDL,FGDL,Franklin Responsibly Sourced Gold ETF,NYSE, ,Y,N,,,ETF,Commodity,Plain,Precious Metals,United States,Commodity; Plain; Precious Metals; United States
GBUG,GBUG,Sprott Active Gold & Silver Miners ETF,NASDAQ,G,Y,N,,,ETF,Commodity,Active,Precious Metals,United States,Active; Commodity; Precious Metals; United States
GDX,GDX,VanEck Gold Miners ETF,NYSE, ,Y,N,,,ETF,Commodity,Plain,Precious Metals,United States,Commodity; Plain; Precious Metals; United States
GDXJ,GDXJ,VanEck Junior Gold Miners ETF,NYSE, ,Y,N,,,ETF,Commodity,Plain,Precious Metals,United States,Commodity; Plain; Precious Metals; United States
GOAU,GOAU,US Global GO Gold and Precious Metal Miners ETF,NYSE, ,Y,N,,,ETF,Commodity,Plain,Precious Metals,Global; United States,Commodity; Global; Plain; Precious Metals; United States
GOEX,GOEX,Global X Gold Explorers ETF,NYSE, ,Y,N,,,ETF,Commodity,Plain,Precious Metals,Global,Commodity; Global; Plain; Precious Metals
OUNZ,OUNZ,VanEck Merk Gold ETF,NYSE, ,Y,N,,,ETF,Commodity,Plain,Precious Metals,United States,Commodity; Plain; Precious Metals; United States
PHYS,PHYS,Sprott Physical Gold Trust ETV,NYSE, ,Y,N,,,ETF,Commodity,Plain,Precious Metals,United States,Commodity; Plain; Precious Metals; United States
PSLV,PSLV,Sprott Physical Silver Trust ETV,NYSE, ,Y,N,,,ETF,Commodity,Plain,Precious Metals,United States,Commodity; Plain; Precious Metals; United States
SGDJ,SGDJ,Sprott Junior Gold Miners ETF,NYSE, ,Y,N,,,ETF,Commodity,Plain,Precious Metals,United States,Commodity; Plain; Precious Metals; United States
SGDM,SGDM,Sprott Gold Miners ETF,NYSE, ,Y,N,,,ETF,Commodity,Plain,Precious Metals,United States,Commodity; Plain; Precious Metals; United States
SIL,SIL,Global X Silver Miners ETF,NYSE, ,Y,N,,,ETF,Commodity,Plain,Precious Metals,Global,Commodity; Global; Plain; Precious Metals
SILJ,SILJ,Amplify Junior Silver Miners ETF,NYSE, ,Y,N,,,ETF,Commodity,Plain,Precious Metals,United States,Commodity; Plain; Precious Metals; United States
SLVR,SLVR,Sprott Silver Miners & Physical Silver ETF,NASDAQ,G,Y,N,,,ETF,Commodity,Plain,Precious Metals,United States,Commodity; Plain; Precious Metals; United States
YGLD,YGLD,Simplify Gold Strategy ETF,NYSE, ,Y,N,,,ETF,Commodity,Plain,Precious Metals,United States,Commodity; Plain; Precious Metals; United States
COPJ,COPJ,Sprott Junior Copper Miners ETF,NASDAQ,G,Y,N,,,ETF,Commodity,Plain,Precious Metals; Base Metals & Commodities,United States,Base Metals & Commodities; Commodity; Plain; Precious Metals; United States
COPP,COPP,Sprott Copper Miners ETF,NASDAQ,G,Y,N,,,ETF,Commodity,Plain,Precious Metals; Base Metals & Commodities,United States,Base Metals & Commodities; Commodity; Plain; Precious Metals; United States
COPX,COPX,Global X Copper Miners ETF,NYSE, ,Y,N,,,ETF,Commodity,Plain,Precious Metals; Base Metals & Commodities,Global,Base Metals & Commodities; Commodity; Global; Plain; Precious Metals
COPZ,COPZ,Defiance Daily Target 2X Long Copper Miners ETF,NYSE, ,Y,N,,,ETF,Commodity,Plain,Precious Metals; Base Metals & Commodities,United States,Base Metals & Commodities; Commodity; Plain; Precious Metals; United States
SLJY,SLJY,Amplify SILJ Junior Silver Miners Covered Call ETF,NYSE, ,Y,N,,,ETF,Commodity,Covered Call,Precious Metals; Dividend & Income,United States,Commodity; Covered Call; Dividend & Income; Precious Metals; United States
BNO,BNO,"United States Brent Oil Fund, LP ETV",NYSE, ,Y,N,,,ETF,Commodity,Plain,Traditional Energy,United States,Commodity; Plain; Traditional Energy; United States
CRAK,CRAK,VanEck Oil Refiners ETF,NYSE, ,Y,N,,,ETF,Commodity,Plain,Traditional Energy,United States,Commodity; Plain; Traditional Energy; United States
DBO,DBO,Invesco DB Oil Fund,NYSE, ,Y,N,,,ETF,Commodity,Plain,Traditional Energy,United States,Commodity; Plain; Traditional Energy; United States
FCG,FCG,First Trust Natural Gas ETF,NYSE, ,Y,N,,,ETF,Commodity,Plain,Traditional Energy,United States,Commodity; Plain; Traditional Energy; United States
LNGX,LNGX,Global X U.S. Natural Gas ETF,NYSE, ,Y,N,,,ETF,Commodity,Plain,Traditional Energy,Global; United States,Commodity; Global; Plain; Traditional Energy; United States
OIH,OIH,VanEck Oil Services ETF,NYSE, ,Y,N,,,ETF,Commodity,Plain,Traditional Energy,United States,Commodity; Plain; Traditional Energy; United States
OILT,OILT,Texas Capital Texas Oil Index ETF,NYSE, ,Y,N,,,ETF,Commodity,Plain,Traditional Energy,United States,Commodity; Plain; Traditional Energy; United States
PBOG,PBOG,Portfolio Building Block Integrated Oil and Gas and Exploration and Production Index ETF,NASDAQ,G,Y,N,,,ETF,Commodity,Plain,Traditional Energy,United States,Commodity; Plain; Traditional Energy; United States
PXJ,PXJ,Invesco Oil & Gas Services ETF,NYSE, ,Y,N,,,ETF,Commodity,Plain,Traditional Energy,United States,Commodity; Plain; Traditional Energy; United States
UNG,UNG,United States Natural Gas Fund LP,NYSE, ,Y,N,,,ETF,Commodity,Plain,Traditional Energy,United States,Commodity; Plain; Traditional Energy; United States
UNL,UNL,United States 12 Month Natural Gas Fund,NYSE, ,Y,N,,,ETF,Commodity,Plain,Traditional Energy,United States,Commodity; Plain; Traditional Energy; United States
USL,USL,United States 12 Month Oil,NYSE, ,Y,N,,,ETF,Commodity,Plain,Traditional Energy,United States,Commodity; Plain; Traditional Energy; United States
USO,USO,United States Oil Fund,NYSE, ,Y,N,,,ETF,Commodity,Plain,Traditional Energy,United States,Commodity; Plain; Traditional Energy; United States
USE,USE,USCF Energy Commodity Strategy Absolute Return Fund,NYSE, ,Y,N,,,ETF,Commodity,Plain,Traditional Energy; Base Metals & Commodities,United States,Base Metals & Commodities; Commodity; Plain; Traditional Energy; United States
USNG,USNG,Amplify Samsung U.S. Natural Gas Infrastructure ETF,NYSE, ,Y,N,,,ETF,Commodity,Plain,Traditional Energy; Infrastructure,United States,Commodity; Infrastructure; Plain; Traditional Energy; United States
NLR,NLR,VanEck Uranium and Nuclear ETF,NYSE, ,Y,N,,,ETF,Commodity,Plain,Uranium & Nuclear,United States,Commodity; Plain; United States; Uranium & Nuclear
URA,URA,Global X Uranium ETF,NYSE, ,Y,N,,,ETF,Commodity,Plain,Uranium & Nuclear,Global,Commodity; Global; Plain; Uranium & Nuclear
URNJ,URNJ,Sprott Junior Uranium Miners ETF,NASDAQ,G,Y,N,,,ETF,Commodity,Plain,Uranium & Nuclear; Precious Metals,United States,Commodity; Plain; Precious Metals; United States; Uranium & Nuclear
URNM,URNM,Sprott Uranium Miners ETF,NYSE, ,Y,N,,,ETF,Commodity,Plain,Uranium & Nuclear; Precious Metals,United States,Commodity; Plain; Precious Metals; United States; Uranium & Nuclear
CMDY,CMDY,iShares Bloomberg Roll Select Commodity Strategy ETF,NYSE, ,Y,N,,,ETF,Commodity; Equity,Plain,Base Metals & Commodities,United States,Base Metals & Commodities; Commodity; Equity; Plain; United States
COMB,COMB,GraniteShares Bloomberg Commodity Broad Strategy No K-1 ETF,NYSE, ,Y,N,,,ETF,Commodity; Equity,Plain,Base Metals & Commodities,United States,Base Metals & Commodities; Commodity; Equity; Plain; United States
COMT,COMT,iShares GSCI Commodity Dynamic Roll Strategy ETF,NASDAQ,G,Y,N,,,ETF,Commodity; Equity,Plain,Base Metals & Commodities,United States,Base Metals & Commodities; Commodity; Equity; Plain; United States
GSG,GSG,iShares GSCI Commodity-Indexed Trust Fund,NYSE, ,Y,N,,,ETF,Commodity; Equity,Plain,Base Metals & Commodities,United States,Base Metals & Commodities; Commodity; Equity; Plain; United States
ICOP,ICOP,iShares Copper and Metals Mining ETF,NASDAQ,G,Y,N,,,ETF,Commodity; Equity,Plain,Base Metals & Commodities,United States,Base Metals & Commodities; Commodity; Equity; Plain; United States
GLD,GLD,SPDR Gold Shares,NYSE, ,Y,N,,,ETF,Commodity; Equity,Plain,Precious Metals,United States,Commodity; Equity; Plain; Precious Metals; United States
GLDM,GLDM,SPDR Gold MiniShares Trust,NYSE, ,Y,N,,,ETF,Commodity; Equity,Plain,Precious Metals,United States,Commodity; Equity; Plain; Precious Metals; United States
IAU,IAU,iShares Gold Trust Shares,NYSE, ,Y,N,,,ETF,Commodity; Equity,Plain,Precious Metals,United States,Commodity; Equity; Plain; Precious Metals; United States
IAUM,IAUM,iShares Gold Trust Micro Shares,NYSE, ,Y,N,,,ETF,Commodity; Equity,Plain,Precious Metals,United States,Commodity; Equity; Plain; Precious Metals; United States
NUGY,NUGY,GraniteShares YieldBOOST Gold Miners ETF,NASDAQ,G,Y,N,,,ETF,Commodity; Equity,Dividend/Income,Precious Metals,United States,Commodity; Dividend/Income; Equity; Precious Metals; United States
SGOL,SGOL,abrdn Physical Gold Shares ETF,NYSE, ,Y,N,,,ETF,Commodity; Equity,Plain,Precious Metals,United States,Commodity; Equity; Plain; Precious Metals; United States
SIVR,SIVR,abrdn Physical Silver Shares ETF,NYSE, ,Y,N,,,ETF,Commodity; Equity,Plain,Precious Metals,United States,Commodity; Equity; Plain; Precious Metals; United States
SLV,SLV,iShares Silver Trust,NYSE, ,Y,N,,,ETF,Commodity; Equity,Plain,Precious Metals,United States,Commodity; Equity; Plain; Precious Metals; United States
RING,RING,iShares MSCI Global Gold Miners ETF,NASDAQ,G,Y,N,,,ETF,Commodity; Equity,Plain,Precious Metals; Broad Market & Core Indices,Global,Broad Market & Core Indices; Commodity; Equity; Global; Plain; Precious Metals
GLDI,GLDI,"ETRACS Gold Shares Covered Call ETNs due February 2, 2033",NASDAQ,G,Y,N,,,ETF,Commodity; Equity,Covered Call,Precious Metals; Dividend & Income,United States,Commodity; Covered Call; Dividend & Income; Equity; Precious Metals; United States
SLVO,SLVO,"ETRACS Silver Shares Covered Call ETNs due April 21, 2033",NASDAQ,G,Y,N,,,ETF,Commodity; Equity,Covered Call,Precious Metals; Dividend & Income,United States,Commodity; Covered Call; Dividend & Income; Equity; Precious Metals; United States
IEZ,IEZ,iShares U.S. Oil Equipment & Services ETF,NYSE, ,Y,N,,,ETF,Commodity; Equity,Plain,Traditional Energy,United States,Commodity; Equity; Plain; Traditional Energy; United States
XES,XES,State Street SPDR S&P Oil & Gas Equipment & Services ETF,NYSE, ,Y,N,,,ETF,Commodity; Equity,Plain,Traditional Energy,United States,Commodity; Equity; Plain; Traditional Energy; United States
XOP,XOP,State Street SPDR S&P Oil & Gas Exploration & Production ETF,NYSE, ,Y,N,,,ETF,Commodity; Equity,Plain,Traditional Energy,United States,Commodity; Equity; Plain; Traditional Energy; United States
FTXN,FTXN,First Trust Nasdaq Oil & Gas ETF,NASDAQ,G,Y,N,,,ETF,Commodity; Equity,Plain,Traditional Energy; Broad Market & Core Indices,United States,Broad Market & Core Indices; Commodity; Equity; Plain; Traditional Energy; United States
USOI,USOI,"ETRACS Crude Oil Shares Covered Call ETNs due April 24, 2037",NASDAQ,G,Y,N,,,ETF,Commodity; Equity,Covered Call,Traditional Energy; Dividend & Income,United States,Commodity; Covered Call; Dividend & Income; Equity; Traditional Energy; United States
ESBG,ESBG,"First Trust Enhanced Stocks, Bonds & Gold ETF",NYSE, ,Y,N,,,ETF,Commodity; Fixed Income; Equity,Plain,Precious Metals,United States,Commodity; Equity; Fixed Income; Plain; Precious Metals; United States
BSOL,BSOL,Bitwise Solana Staking ETF,NYSE, ,Y,N,,,ETF,Crypto,Plain,Broad Market,United States,Broad Market; Crypto; Plain; United States
FSOL,FSOL,Fidelity Solana Fund,NYSE, ,Y,N,,,ETF,Crypto,Plain,Broad Market,United States,Broad Market; Crypto; Plain; United States
GSOL,GSOL,Grayscale Solana Staking ETF,NYSE, ,Y,N,,,ETF,Crypto,Plain,Broad Market,United States,Broad Market; Crypto; Plain; United States
GSUI,GSUI,Grayscale Sui Staking ETF,NYSE, ,Y,N,,,ETF,Crypto,Plain,Broad Market,United States,Broad Market; Crypto; Plain; United States
SOEZ,SOEZ,Franklin Solana ETF,NYSE, ,Y,N,,,ETF,Crypto,Plain,Broad Market,United States,Broad Market; Crypto; Plain; United States
SOLC,SOLC,Canary Marinade Solana ETF,NASDAQ,G,Y,N,,,ETF,Crypto,Plain,Broad Market,United States,Broad Market; Crypto; Plain; United States
SOLT,SOLT,2x Solana ETF,NASDAQ,G,Y,N,,,ETF,Crypto,Plain,Broad Market,United States,Broad Market; Crypto; Plain; United States
SOLZ,SOLZ,Solana ETF,NASDAQ,G,Y,N,,,ETF,Crypto,Plain,Broad Market,United States,Broad Market; Crypto; Plain; United States
SUIS,SUIS,Canary Staked SUI ETF,NASDAQ,G,Y,N,,,ETF,Crypto,Plain,Broad Market,United States,Broad Market; Crypto; Plain; United States
VSOL,VSOL,VanEck Solana ETF,NASDAQ,G,Y,N,,,ETF,Crypto,Plain,Broad Market,United States,Broad Market; Crypto; Plain; United States
BCDF,BCDF,Horizon Kinetics Blockchain Development ETF,NYSE, ,Y,N,,,ETF,Crypto,Plain,Fintech & Payments,United States,Crypto; Fintech & Payments; Plain; United States
BKCH,BKCH,Global X Blockchain ETF,NASDAQ,G,Y,N,,,ETF,Crypto,Plain,Fintech & Payments,Global,Crypto; Fintech & Payments; Global; Plain
BLOK,BLOK,Amplify Blockchain Technology ETF,NYSE, ,Y,N,,,ETF,Crypto,Plain,Fintech & Payments,United States,Crypto; Fintech & Payments; Plain; United States
TSUI,TSUI,21Shares Sui ETF,NASDAQ,G,Y,N,,,ETF,Crypto; Equity,Plain,Broad Market,United States,Broad Market; Crypto; Equity; Plain; United States
TXXS,TXXS,21Shares 2x Long Sui ETF,NASDAQ,G,Y,N,,,ETF,Crypto; Equity,Plain,Broad Market,United States,Broad Market; Crypto; Equity; Plain; United States
SSS,SSS,CYBER HORNET S&P 500 and Solana 75/25 Strategy ETF,NASDAQ,G,Y,N,,,ETF,Crypto; Equity,Plain,Broad Market & Core Indices,United States,Broad Market & Core Indices; Crypto; Equity; Plain; United States
IBLC,IBLC,iShares Blockchain and Tech ETF,NYSE, ,Y,N,,,ETF,Crypto; Equity,Plain,Fintech & Payments,United States,Crypto; Equity; Fintech & Payments; Plain; United States
BPRO,BPRO,Bitwise Proficio Currency Debasement ETF,NYSE, ,Y,N,,,ETF,Currency,Plain,Broad Market,United States,Broad Market; Currency; Plain; United States
CEW,CEW,WisdomTree Emerging Currency Strategy Fund,NYSE, ,Y,N,,,ETF,Currency,Plain,Broad Market,United States,Broad Market; Currency; Plain; United States
FOXY,FOXY,Simplify Currency Strategy ETF,NYSE, ,Y,N,,,ETF,Currency,Plain,Broad Market,United States,Broad Market; Currency; Plain; United States
JEMB,JEMB,Janus Henderson Emerging Markets Debt Hard Currency ETF,NYSE, ,Y,N,,,ETF,Currency,Plain,Broad Market,Emerging Markets; United States,Broad Market; Currency; Emerging Markets; Plain; United States
NEMD,NEMD,Neuberger Emerging Markets Debt Hard Currency ETF,NYSE, ,Y,N,,,ETF,Currency,Plain,Broad Market,Emerging Markets,Broad Market; Currency; Emerging Markets; Plain
AINT,AINT,FINQ DOLLAR NEUTRAL U.S. Large Cap AI-Managed Equity ETF,NYSE, ,Y,N,,,ETF,Currency; Equity,Plain,AI & Machine Learning; Broad Market & Core Indices,United States,AI & Machine Learning; Broad Market & Core Indices; Currency; Equity; Plain; United States
FXA,FXA,Invesco CurrencyShares Australian Dollar Trust,NYSE, ,Y,N,,,ETF,Currency; Equity,Plain,Broad Market,United States,Broad Market; Currency; Equity; Plain; United States
FXC,FXC,Invesco CurrencyShares Canadian Dollar Trust,NYSE, ,Y,N,,,ETF,Currency; Equity,Plain,Broad Market,United States,Broad Market; Currency; Equity; Plain; United States
FXE,FXE,Invesco CurrencyShares Euro Currency Trust,NYSE, ,Y,N,,,ETF,Currency; Equity,Plain,Broad Market,United States,Broad Market; Currency; Equity; Plain; United States
FXY,FXY,Invesco CurrencyShares Japanese Yen Trust,NYSE, ,Y,N,,,ETF,Currency; Equity,Plain,Broad Market,Japan,Broad Market; Currency; Equity; Japan; Plain
HFXI,HFXI,NYLI FTSE International Equity Currency Neutral ETF,NYSE, ,Y,N,,,ETF,Currency; Equity,Plain,Broad Market,United States,Broad Market; Currency; Equity; Plain; United States
HAWX,HAWX,iShares Currency Hedged MSCI ACWI ex U.S. ETF,NYSE, ,Y,N,,,ETF,Currency; Equity,Plain,Broad Market & Core Indices,United States,Broad Market & Core Indices; Currency; Equity; Plain; United States
HEWJ,HEWJ,iShares Currency Hedged MSCI Japan ETF,NYSE, ,Y,N,,,ETF,Currency; Equity,Plain,Broad Market & Core Indices,Japan,Broad Market & Core Indices; Currency; Equity; Japan; Plain
HEZU,HEZU,iShares Currency Hedged MSCI Eurozone ETF,NYSE, ,Y,N,,,ETF,Currency; Equity,Plain,Broad Market & Core Indices,Europe,Broad Market & Core Indices; Currency; Equity; Europe; Plain
HSCZ,HSCZ,iShares Currency Hedged MSCI EAFE Small-Cap ETF,NYSE, ,Y,N,,,ETF,Currency; Equity,Plain,Broad Market & Core Indices,Developed ex-US,Broad Market & Core Indices; Currency; Developed ex-US; Equity; Plain
AGIQ,AGIQ,SoFi Agentic AI ETF,NYSE, ,Y,N,,,ETF,Equity,Plain,AI & Machine Learning,United States,AI & Machine Learning; Equity; Plain; United States
AGIX,AGIX,KraneShares Public-Private AI & Technology ETF,NASDAQ,G,Y,N,,,ETF,Equity,Plain,AI & Machine Learning,United States,AI & Machine Learning; Equity; Plain; United States
AIEQ,AIEQ,Amplify AI Powered Equity ETF,NYSE, ,Y,N,,,ETF,Equity,Plain,AI & Machine Learning,United States,AI & Machine Learning; Equity; Plain; United States
AIFD,AIFD,TCW Artificial Intelligence ETF,NASDAQ,G,Y,N,,,ETF,Equity,Plain,AI & Machine Learning,United States,AI & Machine Learning; Equity; Plain; United States
AIQ,AIQ,Global X Artificial Intelligence & Technology ETF,NASDAQ,G,Y,N,,,ETF,Equity,Plain,AI & Machine Learning,Global,AI & Machine Learning; Equity; Global; Plain
AIQU,AIQU,MicroSectors 3? Long Artificial Intelligence (AI) ETNs,NYSE, ,Y,N,,,ETF,Equity,Plain,AI & Machine Learning,United States,AI & Machine Learning; Equity; Plain; United States
AIS,AIS,VistaShares Artificial Intelligence Supercycle ETF,NYSE, ,Y,N,,,ETF,Equity,Plain,AI & Machine Learning,United States,AI & Machine Learning; Equity; Plain; United States
AIVC,AIVC,Amplify Bloomberg AI Equal Weight ETF,NYSE, ,Y,N,,,ETF,Equity,Factor,AI & Machine Learning,United States,AI & Machine Learning; Equity; Factor; United States
ALAI,ALAI,Alger AI Enablers & Adopters ETF,NYSE, ,Y,N,,,ETF,Equity,Plain,AI & Machine Learning,United States,AI & Machine Learning; Equity; Plain; United States
ARTY,ARTY,iShares Future AI & Tech ETF,NYSE, ,Y,N,,,ETF,Equity,Plain,AI & Machine Learning,United States,AI & Machine Learning; Equity; Plain; United States
BOTZ,BOTZ,Global X Robotics & Artificial Intelligence ETF,NASDAQ,G,Y,N,,,ETF,Equity,Plain,AI & Machine Learning,Global,AI & Machine Learning; Equity; Global; Plain
CHAT,CHAT,Roundhill Generative AI & Technology ETF,NYSE, ,Y,N,,,ETF,Equity,Plain,AI & Machine Learning,United States,AI & Machine Learning; Equity; Plain; United States
DRAI,DRAI,Draco Evolution AI ETF,NYSE, ,Y,N,,,ETF,Equity,Plain,AI & Machine Learning,United States,AI & Machine Learning; Equity; Plain; United States
EPAI,EPAI,Harbor AI Inflection Strategy ETF,NYSE, ,Y,N,,,ETF,Equity,Plain,AI & Machine Learning,United States,AI & Machine Learning; Equity; Plain; United States
FAI,FAI,First Trust Bloomberg Artificial Intelligence ETF,NYSE, ,Y,N,,,ETF,Equity,Plain,AI & Machine Learning,United States,AI & Machine Learning; Equity; Plain; United States
IGPT,IGPT,Invesco AI and Next Gen Software ETF,NYSE, ,Y,N,,,ETF,Equity,Plain,AI & Machine Learning,United States,AI & Machine Learning; Equity; Plain; United States
IVES,IVES,Dan IVES Wedbush AI Revolution ETF,NYSE, ,Y,N,,,ETF,Equity,Plain,AI & Machine Learning,United States,AI & Machine Learning; Equity; Plain; United States
JHAI,JHAI,Janus Henderson Global Artificial Intelligence ETF,NASDAQ,G,Y,N,,,ETF,Equity,Plain,AI & Machine Learning,Global; United States,AI & Machine Learning; Equity; Global; Plain; United States
KOID,KOID,KraneShares Global Humanoid Robotics and Physical AI Index ETF,NASDAQ,G,Y,N,,,ETF,Equity,Plain,AI & Machine Learning,Global,AI & Machine Learning; Equity; Global; Plain
LRNZ,LRNZ,"TrueShares Technology, AI & Deep Learning ETF",NYSE, ,Y,N,,,ETF,Equity,Plain,AI & Machine Learning,United States,AI & Machine Learning; Equity; Plain; United States
NEWZ,NEWZ,StockSnips AI-Powered Sentiment US All Cap ETF,NASDAQ,G,Y,N,,,ETF,Equity,Plain,AI & Machine Learning,United States,AI & Machine Learning; Equity; Plain; United States
PBOT,PBOT,Pictet AI & Automation ETF,NYSE, ,Y,N,,,ETF,Equity,Plain,AI & Machine Learning,United States,AI & Machine Learning; Equity; Plain; United States
PQNT,PQNT,Pictet AI Enhanced International Equity ETF,NYSE, ,Y,N,,,ETF,Equity,Plain,AI & Machine Learning,United States,AI & Machine Learning; Equity; Plain; United States
PQUS,PQUS,Pictet AI Enhanced US Equity ETF,NYSE, ,Y,N,,,ETF,Equity,Plain,AI & Machine Learning,United States,AI & Machine Learning; Equity; Plain; United States
THNQ,THNQ,ROBO Global Artificial Intelligence ETF,NYSE, ,Y,N,,,ETF,Equity,Plain,AI & Machine Learning,Global,AI & Machine Learning; Equity; Global; Plain
WISE,WISE,Themes Generative Artificial Intelligence ETF,NASDAQ,G,Y,N,,,ETF,Equity,Plain,AI & Machine Learning,United States,AI & Machine Learning; Equity; Plain; United States
XAIX,XAIX,Xtrackers Artificial Intelligence and Big Data ETF,NASDAQ,G,Y,N,,,ETF,Equity,Plain,AI & Machine Learning,United States,AI & Machine Learning; Equity; Plain; United States
AIUP,AIUP,FINQ FIRST U.S. Large Cap AI-Managed Equity ETF,NYSE, ,Y,N,,,ETF,Equity,Plain,AI & Machine Learning; Broad Market & Core Indices,United States,AI & Machine Learning; Broad Market & Core Indices; Equity; Plain; United States
LQAI,LQAI,LG QRAFT AI-Powered U.S. Large Cap Core ETF,NYSE, ,Y,N,,,ETF,Equity,Plain,AI & Machine Learning; Broad Market & Core Indices,United States,AI & Machine Learning; Broad Market & Core Indices; Equity; Plain; United States
QRFT,QRFT,QRAFT AI-Enhanced U.S. Large Cap ETF,NYSE, ,Y,N,,,ETF,Equity,Plain,AI & Machine Learning; Broad Market & Core Indices,United States,AI & Machine Learning; Broad Market & Core Indices; Equity; Plain; United States
ROBT,ROBT,First Trust Nasdaq Artificial Intelligence and Robotics ETF,NASDAQ,G,Y,N,,,ETF,Equity,Plain,AI & Machine Learning; Broad Market & Core Indices,United States,AI & Machine Learning; Broad Market & Core Indices; Equity; Plain; United States
AMOM,AMOM,QRAFT AI-Enhanced U.S. Large Cap Momentum ETF,NYSE, ,Y,N,,,ETF,Equity,Factor,AI & Machine Learning; Broad Market & Core Indices; Growth & Momentum,United States,AI & Machine Learning; Broad Market & Core Indices; Equity; Factor; Growth & Momentum; United States
AIPO,AIPO,Defiance AI & Power Infrastructure ETF,NASDAQ,G,Y,N,,,ETF,Equity,Plain,AI & Machine Learning; Infrastructure,United States,AI & Machine Learning; Equity; Infrastructure; Plain; United States
IVEP,IVEP,Dan IVES Wedbush AI Power & Infrastructure ETF,NYSE, ,Y,N,,,ETF,Equity,Plain,AI & Machine Learning; Infrastructure,United States,AI & Machine Learning; Equity; Infrastructure; Plain; United States
TCAI,TCAI,Tortoise AI Infrastructure ETF,NYSE, ,Y,N,,,ETF,Equity,Plain,AI & Machine Learning; Infrastructure,United States,AI & Machine Learning; Equity; Infrastructure; Plain; United States
AIVI,AIVI,WisdomTree International AI Enhanced Value Fund,NYSE, ,Y,N,,,ETF,Equity,Factor,AI & Machine Learning; Value & Quality,United States,AI & Machine Learning; Equity; Factor; United States; Value & Quality
AIVL,AIVL,WisdomTree U.S. AI Enhanced Value Fund,NYSE, ,Y,N,,,ETF,Equity,Factor,AI & Machine Learning; Value & Quality,United States,AI & Machine Learning; Equity; Factor; United States; Value & Quality
GSIB,GSIB,Themes Global Systemically Important Banks ETF,NASDAQ,G,Y,N,,,ETF,Equity,Plain,Banking,Global,Banking; Equity; Global; Plain
IAT,IAT,iShares U.S. Regional Banks ETF,NYSE, ,Y,N,,,ETF,Equity,Plain,Banking,United States,Banking; Equity; Plain; United States
KBE,KBE,State Street SPDR S&P Bank ETF,NYSE, ,Y,N,,,ETF,Equity,Plain,Banking,United States,Banking; Equity; Plain; United States
KBWB,KBWB,Invesco KBW Bank ETF,NASDAQ,G,Y,N,,,ETF,Equity,Plain,Banking,United States,Banking; Equity; Plain; United States
KRE,KRE,State Street SPDR S&P Regional Banking ETF,NYSE, ,Y,N,,,ETF,Equity,Plain,Banking,United States,Banking; Equity; Plain; United States
PBEU,PBEU,Portfolio Building Block European Banks Index ETF,NASDAQ,G,Y,N,,,ETF,Equity,Plain,Banking,Europe,Banking; Equity; Europe; Plain
FTXO,FTXO,First Trust Nasdaq Bank ETF,NASDAQ,G,Y,N,,,ETF,Equity,Plain,Banking; Broad Market & Core Indices,United States,Banking; Broad Market & Core Indices; Equity; Plain; United States
QABA,QABA,First Trust NASDAQ ABA Community Bank Index Fund,NASDAQ,G,Y,N,,,ETF,Equity,Plain,Banking; Broad Market & Core Indices,United States,Banking; Broad Market & Core Indices; Equity; Plain; United States
CCNR,CCNR,ALPS/CoreCommodity Natural Resources ETF,NASDAQ,G,Y,N,,,ETF,Equity,Plain,Base Metals & Commodities,United States,Base Metals & Commodities; Equity; Plain; United States
DBA,DBA,Invesco DB Agriculture Fund,NYSE, ,Y,N,,,ETF,Equity,Plain,Base Metals & Commodities,United States,Base Metals & Commodities; Equity; Plain; United States
FTAG,FTAG,First Trust Indxx Global Agriculture ETF,NASDAQ,G,Y,N,,,ETF,Equity,Plain,Base Metals & Commodities,Global,Base Metals & Commodities; Equity; Global; Plain
SLX,SLX,VanEck Steel ETF,NYSE, ,Y,N,,,ETF,Equity,Plain,Base Metals & Commodities,United States,Base Metals & Commodities; Equity; Plain; United States
WOOD,WOOD,iShares Global Timber & Forestry ETF,NASDAQ,G,Y,N,,,ETF,Equity,Plain,Base Metals & Commodities,Global,Base Metals & Commodities; Equity; Global; Plain
CUT,CUT,Invesco MSCI Global Timber ETF,NYSE, ,Y,N,,,ETF,Equity,Plain,Base Metals & Commodities; Broad Market & Core Indices,Global,Base Metals & Commodities; Broad Market & Core Indices; Equity; Global; Plain
VEGI,VEGI,iShares MSCI Agriculture Producers ETF,NYSE, ,Y,N,,,ETF,Equity,Plain,Base Metals & Commodities; Broad Market & Core Indices,United States,Base Metals & Commodities; Broad Market & Core Indices; Equity; Plain; United States
BBC,BBC,Virtus Biotech Clinical Trials ETF,NYSE, ,Y,N,,,ETF,Equity,Plain,Biotech & Genomics,United States,Biotech & Genomics; Equity; Plain; United States
BBH,BBH,VanEck Biotech ETF,NASDAQ,G,Y,N,,,ETF,Equity,Plain,Biotech & Genomics,United States,Biotech & Genomics; Equity; Plain; United States
BBP,BBP,Virtus Biotech ETF,NYSE, ,Y,N,,,ETF,Equity,Plain,Biotech & Genomics,United States,Biotech & Genomics; Equity; Plain; United States
BIOY,BIOY,GraniteShares YieldBOOST Biotech ETF,NASDAQ,G,Y,N,,,ETF,Equity,Dividend/Income,Biotech & Genomics,United States,Biotech & Genomics; Dividend/Income; Equity; United States
FBT,FBT,First Trust Amex Biotech Index Fund,NYSE, ,Y,N,,,ETF,Equity,Plain,Biotech & Genomics,United States,Biotech & Genomics; Equity; Plain; United States
GNOM,GNOM,Global X Genomics & Biotechnology ETF,NASDAQ,G,Y,N,,,ETF,Equity,Plain,Biotech & Genomics,Global,Biotech & Genomics; Equity; Global; Plain
IBB,IBB,iShares Biotechnology ETF,NASDAQ,G,Y,N,,,ETF,Equity,Plain,Biotech & Genomics,United States,Biotech & Genomics; Equity; Plain; United States
LFSC,LFSC,F/m Emerald Life Sciences Innovation ETF,NASDAQ,G,Y,N,,,ETF,Equity,Plain,Biotech & Genomics,United States,Biotech & Genomics; Equity; Plain; United States
MRNX,MRNX,Defiance Daily Target 2X Long MRNA ETF,NYSE, ,Y,N,,,ETF,Equity,Plain,Biotech & Genomics,United States,Biotech & Genomics; Equity; Plain; United States
PBE,PBE,Invesco Biotechnology & Genome ETF,NYSE, ,Y,N,,,ETF,Equity,Plain,Biotech & Genomics,United States,Biotech & Genomics; Equity; Plain; United States
XBI,XBI,State Street SPDR S&P Biotech ETF,NYSE, ,Y,N,,,ETF,Equity,Plain,Biotech & Genomics,United States,Biotech & Genomics; Equity; Plain; United States
IBBQ,IBBQ,Invesco Nasdaq Biotechnology ETF,NASDAQ,G,Y,N,,,ETF,Equity,Plain,Biotech & Genomics; Broad Market & Core Indices,United States,Biotech & Genomics; Broad Market & Core Indices; Equity; Plain; United States
PBPH,PBPH,Portfolio Building Block World Pharma and Biotech Index ETF,NASDAQ,G,Y,N,,,ETF,Equity,Plain,Biotech & Genomics; Pharmaceuticals,Global,Biotech & Genomics; Equity; Global; Pharmaceuticals; Plain
AAAC,AAAC,Columbia AAA CLO ETF,NYSE, ,Y,N,,,ETF,Equity,Plain,Broad Market,United States,Broad Market; Equity; Plain; United States
AAAD,AAAD,PGIM AAA CLO Aggregate Duration ETF,NYSE, ,Y,N,,,ETF,Equity,Plain,Broad Market,United States,Broad Market; Equity; Plain; United States
AADR,AADR,AdvisorShares Dorsey Wright ADR ETF,NASDAQ,G,Y,N,,,ETF,Equity,Plain,Broad Market,United States,Broad Market; Equity; Plain; United States
AAEQ,AAEQ,Alpha Architect US Equity 2 ETF,NASDAQ,G,Y,N,,,ETF,Equity,Plain,Broad Market,United States,Broad Market; Equity; Plain; United States
AAPB,AAPB,GraniteShares 2x Long AAPL Daily ETF,NASDAQ,G,Y,N,,,ETF,Equity,Plain,Broad Market,United States,Broad Market; Equity; Plain; United States
AAUS,AAUS,Alpha Architect US Equity ETF,NASDAQ,G,Y,N,,,ETF,Equity,Plain,Broad Market,United States,Broad Market; Equity; Plain; United States
AAVM,AAVM,Alpha Architect Global Factor Equity ETF,NASDAQ,G,Y,N,,,ETF,Equity,Plain,Broad Market,Global,Broad Market; Equity; Global; Plain
ACEP,ACEP,ARS Core Equity Portfolio ETF,NASDAQ,G,Y,N,,,ETF,Equity,Plain,Broad Market,United States,Broad Market; Equity; Plain; United States
ACKY,ACKY,VistaShares Target 15 ACKtivist Distribution ETF,NYSE, ,Y,N,,,ETF,Equity,Dividend/Income,Broad Market,United States,Broad Market; Dividend/Income; Equity; United States
ACLO,ACLO,TCW AAA CLO ETF,NYSE, ,Y,N,,,ETF,Equity,Plain,Broad Market,United States,Broad Market; Equity; Plain; United States
ACTS,ACTS,FIS Tactical Equity ETF,NYSE, ,Y,N,,,ETF,Equity,Plain,Broad Market,United States,Broad Market; Equity; Plain; United States
ADDS,ADDS,Hedgeye Index Adds ETF,NYSE, ,Y,N,,,ETF,Equity,Plain,Broad Market,United States,Broad Market; Equity; Plain; United States
ADPV,ADPV,Adaptiv Select ETF,NYSE, ,Y,N,,,ETF,Equity,Plain,Broad Market,United States,Broad Market; Equity; Plain; United States
AFK,AFK,VanEck Africa Index ETF,NYSE, ,Y,N,,,ETF,Equity,Plain,Broad Market,United States,Broad Market; Equity; Plain; United States
AFOS,AFOS,ARS Focused Opportunity Strategy ETF,NASDAQ,G,Y,N,,,ETF,Equity,Plain,Broad Market,United States,Broad Market; Equity; Plain; United States
AGNG,AGNG,Global X Aging Population ETF,NASDAQ,G,Y,N,,,ETF,Equity,Plain,Broad Market,Global,Broad Market; Equity; Global; Plain
AGOX,AGOX,Adaptive Alpha Opportunities ETF,NYSE, ,Y,N,,,ETF,Equity,Plain,Broad Market,United States,Broad Market; Equity; Plain; United States
AHD,AHD,GraniteShares Autocallable HOOD ETF,NASDAQ,G,Y,N,,,ETF,Equity,Plain,Broad Market,United States,Broad Market; Equity; Plain; United States
AHLT,AHLT,AHL Trend ETF,NYSE, ,Y,N,,,ETF,Equity,Plain,Broad Market,United States,Broad Market; Equity; Plain; United States
AIA,AIA,iShares Asia 50 ETF,NASDAQ,G,Y,N,,,ETF,Equity,Plain,Broad Market,Asia Pacific,Asia Pacific; Broad Market; Equity; Plain
AKAF,AKAF,The Frontier Economic Fund,NYSE, ,Y,N,,,ETF,Equity,Plain,Broad Market,United States,Broad Market; Equity; Plain; United States
AKRE,AKRE,Akre Focus ETF,NYSE, ,Y,N,,,ETF,Equity,Plain,Broad Market,United States,Broad Market; Equity; Plain; United States
ALRG,ALRG,Allspring LT Large Core ETF,NYSE, ,Y,N,,,ETF,Equity,Plain,Broad Market,United States,Broad Market; Equity; Plain; United States
AMA,AMA,Defiance Daily Target 2X Long AMAT ETF,NASDAQ,G,Y,N,,,ETF,Equity,Plain,Broad Market,United States,Broad Market; Equity; Plain; United States
AMDL,AMDL,GraniteShares 2x Long AMD Daily ETF,NASDAQ,G,Y,N,,,ETF,Equity,Plain,Broad Market,United States,Broad Market; Equity; Plain; United States
AMLP,AMLP,Alerian MLP ETF,NYSE, ,Y,N,,,ETF,Equity,Plain,Broad Market,United States,Broad Market; Equity; Plain; United States
AMYY,AMYY,GraniteShares YieldBOOST AMD ETF,NASDAQ,G,Y,N,,,ETF,Equity,Dividend/Income,Broad Market,United States,Broad Market; Dividend/Income; Equity; United States
AMZA,AMZA,InfraCap MLP ETF,NYSE, ,Y,N,,,ETF,Equity,Plain,Broad Market,United States,Broad Market; Equity; Plain; United States
AMZZ,AMZZ,GraniteShares 2x Long AMZN Daily ETF,NASDAQ,G,Y,N,,,ETF,Equity,Plain,Broad Market,United States,Broad Market; Equity; Plain; United States
ANEL,ANEL,Defiance Daily Target 2x Long ANET ETF,NASDAQ,G,Y,N,,,ETF,Equity,Plain,Broad Market,United States,Broad Market; Equity; Plain; United States
ANV,ANV,GraniteShares Autocallable NVDA ETF,NASDAQ,G,Y,N,,,ETF,Equity,Plain,Broad Market,United States,Broad Market; Equity; Plain; United States
AOTS,AOTS,AOT Software Platform ETF,NYSE, ,Y,N,,,ETF,Equity,Plain,Broad Market,United States,Broad Market; Equity; Plain; United States
APIE,APIE,ActivePassive International Equity ETF,NYSE, ,Y,N,,,ETF,Equity,Active,Broad Market,United States,Active; Broad Market; Equity; United States
APLU,APLU,Allspring Core Plus ETF,NYSE, ,Y,N,,,ETF,Equity,Plain,Broad Market,United States,Broad Market; Equity; Plain; United States
APPX,APPX,Tradr 2X Long APP Daily ETF,NASDAQ,G,Y,N,,,ETF,Equity,Plain,Broad Market,United States,Broad Market; Equity; Plain; United States
APUE,APUE,ActivePassive U.S. Equity ETF,NYSE, ,Y,N,,,ETF,Equity,Active,Broad Market,United States,Active; Broad Market; Equity; United States
ARB,ARB,AltShares Merger Arbitrage ETF,NYSE, ,Y,N,,,ETF,Equity,Plain,Broad Market,United States,Broad Market; Equity; Plain; United States
ARMH,ARMH,Arm Holdings PLC ADRhedged,NYSE, ,Y,N,,,ETF,Equity,Plain,Broad Market,United States,Broad Market; Equity; Plain; United States
ARP,ARP,PMV Adaptive Risk Parity ETF,NYSE, ,Y,N,,,ETF,Equity,Plain,Broad Market,United States,Broad Market; Equity; Plain; United States
ARVR,ARVR,First Trust Indxx Metaverse ETF,NASDAQ,G,Y,N,,,ETF,Equity,Plain,Broad Market,United States,Broad Market; Equity; Plain; United States
ASCE,ASCE,Allspring SMID Core ETF,NYSE, ,Y,N,,,ETF,Equity,Plain,Broad Market,United States,Broad Market; Equity; Plain; United States
ASD,ASD,Defiance Autism Impact ETF,NASDAQ,G,Y,N,,,ETF,Equity,Plain,Broad Market,United States,Broad Market; Equity; Plain; United States
ASEA,ASEA,Global X FTSE Southeast Asia ETF,NYSE, ,Y,N,,,ETF,Equity,Plain,Broad Market,Global; Asia Pacific,Asia Pacific; Broad Market; Equity; Global; Plain
ASEC,ASEC,American Century Securitized Credit ETF,NASDAQ,G,Y,N,,,ETF,Equity,Plain,Broad Market,United States,Broad Market; Equity; Plain; United States
ASGM,ASGM,Virtus AlphaSimplex Global Macro ETF,NYSE, ,Y,N,,,ETF,Equity,Plain,Broad Market,Global; United States,Broad Market; Equity; Global; Plain; United States
ASHR,ASHR,Xtrackers Harvest CSI 300 China A-Shares ETF,NYSE, ,Y,N,,,ETF,Equity,Plain,Broad Market,China,Broad Market; China; Equity; Plain
ASIA,ASIA,Matthews Pacific Tiger Active ETF,NYSE, ,Y,N,,,ETF,Equity,Active,Broad Market,Asia Pacific,Active; Asia Pacific; Broad Market; Equity
ASMF,ASMF,Virtus AlphaSimplex Managed Futures ETF,NYSE, ,Y,N,,,ETF,Equity,Plain,Broad Market,United States,Broad Market; Equity; Plain; United States
ASMH,ASMH,ASML Holding NV ADRhedged,NYSE, ,Y,N,,,ETF,Equity,Plain,Broad Market,United States,Broad Market; Equity; Plain; United States
ATC,ATC,GraniteShares Autocallable COIN ETF,NASDAQ,G,Y,N,,,ETF,Equity,Plain,Broad Market,United States,Broad Market; Equity; Plain; United States
ATFV,ATFV,Alger 35 ETF,NYSE, ,Y,N,,,ETF,Equity,Plain,Broad Market,United States,Broad Market; Equity; Plain; United States
AUSF,AUSF,Global X Adaptive U.S. Factor ETF,NYSE, ,Y,N,,,ETF,Equity,Plain,Broad Market,Global; United States,Broad Market; Equity; Global; Plain; United States
AVDE,AVDE,Avantis International Equity ETF,NYSE, ,Y,N,,,ETF,Equity,Plain,Broad Market,United States,Broad Market; Equity; Plain; United States
AVEM,AVEM,Avantis Emerging Markets Equity ETF,NYSE, ,Y,N,,,ETF,Equity,Plain,Broad Market,Emerging Markets,Broad Market; Emerging Markets; Equity; Plain
AVGB,AVGB,Avantis Credit ETF,NASDAQ,G,Y,N,,,ETF,Equity,Plain,Broad Market,United States,Broad Market; Equity; Plain; United States
AVGE,AVGE,Avantis All Equity Markets ETF,NYSE, ,Y,N,,,ETF,Equity,Plain,Broad Market,United States,Broad Market; Equity; Plain; United States
AVGU,AVGU,GraniteShares 2x Long AVGO Daily ETF,NASDAQ,G,Y,N,,,ETF,Equity,Plain,Broad Market,United States,Broad Market; Equity; Plain; United States
AVGX,AVGX,Defiance Daily Target 2X Long AVGO ETF,NASDAQ,G,Y,N,,,ETF,Equity,Plain,Broad Market,United States,Broad Market; Equity; Plain; United States
AVIE,AVIE,Avantis Inflation Focused Equity ETF,NYSE, ,Y,N,,,ETF,Equity,Plain,Broad Market,United States,Broad Market; Equity; Plain; United States
AVNM,AVNM,Avantis All International Markets Equity ETF,NYSE, ,Y,N,,,ETF,Equity,Plain,Broad Market,United States,Broad Market; Equity; Plain; United States
AVOS,AVOS,Avos Global Equities ETF,NASDAQ,G,Y,N,,,ETF,Equity,Plain,Broad Market,Global,Broad Market; Equity; Global; Plain
AVSD,AVSD,Avantis Responsible International Equity ETF,NYSE, ,Y,N,,,ETF,Equity,ESG/Sustainable,Broad Market,United States,Broad Market; ESG/Sustainable; Equity; United States
AVSE,AVSE,Avantis Responsible Emerging Markets Equity ETF,NYSE, ,Y,N,,,ETF,Equity,ESG/Sustainable,Broad Market,Emerging Markets,Broad Market; ESG/Sustainable; Emerging Markets; Equity
AVSU,AVSU,Avantis Responsible U.S. Equity ETF,NYSE, ,Y,N,,,ETF,Equity,ESG/Sustainable,Broad Market,United States,Broad Market; ESG/Sustainable; Equity; United States
AVTM,AVTM,Avantis Total Equity Markets ETF,NYSE, ,Y,N,,,ETF,Equity,Plain,Broad Market,United States,Broad Market; Equity; Plain; United States
AVUQ,AVUQ,Avantis U.S. Quality ETF,NASDAQ,G,Y,N,,,ETF,Equity,Factor,Broad Market,United States,Broad Market; Equity; Factor; United States
AVUS,AVUS,Avantis U.S. Equity ETF,NYSE, ,Y,N,,,ETF,Equity,Plain,Broad Market,United States,Broad Market; Equity; Plain; United States
AVXC,AVXC,Avantis Emerging Markets ex-China Equity ETF,NASDAQ,G,Y,N,,,ETF,Equity,Plain,Broad Market,Emerging Markets; China,Broad Market; China; Emerging Markets; Equity; Plain
AVXX,AVXX,Defiance Daily Target 2x Long AVAV ETF,NASDAQ,G,Y,N,,,ETF,Equity,Plain,Broad Market,United States,Broad Market; Equity; Plain; United States
AZTD,AZTD,Aztlan Global Stock Selection DM SMID ETF,NYSE, ,Y,N,,,ETF,Equity,Plain,Broad Market,Global,Broad Market; Equity; Global; Plain
AZYY,AZYY,GraniteShares YieldBoost AMZN ETF,NASDAQ,G,Y,N,,,ETF,Equity,Dividend/Income,Broad Market,United States,Broad Market; Dividend/Income; Equity; United States
BABX,BABX,GraniteShares 2x Long BABA Daily ETF,NASDAQ,G,Y,N,,,ETF,Equity,Plain,Broad Market,United States,Broad Market; Equity; Plain; United States
BAFE,BAFE,Brown Advisory Flexible Equity ETF,NASDAQ,G,Y,N,,,ETF,Equity,Plain,Broad Market,United States,Broad Market; Equity; Plain; United States
BAI,BAI,iShares A.I. Innovation and Tech Active ETF,NYSE, ,Y,N,,,ETF,Equity,Active,Broad Market,United States,Active; Broad Market; Equity; United States
BAVA,BAVA,Common Shares of Beneficial Interest of Bitwise Avalanche ETF,NYSE, ,Y,N,,,ETF,Equity,Plain,Broad Market,United States,Broad Market; Equity; Plain; United States
BBLU,BBLU,EA Bridgeway Blue Chip ETF,NYSE, ,Y,N,,,ETF,Equity,Plain,Broad Market,United States,Broad Market; Equity; Plain; United States
BBYY,BBYY,GraniteShares YieldBOOST BABA ETF,NASDAQ,G,Y,N,,,ETF,Equity,Dividend/Income,Broad Market,United States,Broad Market; Dividend/Income; Equity; United States
BCEM,BCEM,Baron Emerging Markets Select ETF,NYSE, ,Y,N,,,ETF,Equity,Plain,Broad Market,Emerging Markets,Broad Market; Emerging Markets; Equity; Plain
BCFN,BCFN,Baron Financials ETF,NASDAQ,G,Y,N,,,ETF,Equity,Plain,Broad Market,United States,Broad Market; Equity; Plain; United States
BCGD,BCGD,Baron Global Durable Advantage ETF,NYSE, ,Y,N,,,ETF,Equity,Plain,Broad Market,Global,Broad Market; Equity; Global; Plain
BCGS,BCGS,Bancreek Global Select ETF,NYSE, ,Y,N,,,ETF,Equity,Plain,Broad Market,Global,Broad Market; Equity; Global; Plain
BCHI,BCHI,GMO Beyond China ETF,NYSE, ,Y,N,,,ETF,Equity,Plain,Broad Market,China,Broad Market; China; Equity; Plain
BCLO,BCLO,iShares BBB-B CLO Active ETF,NASDAQ,G,Y,N,,,ETF,Equity,Active,Broad Market,United States,Active; Broad Market; Equity; United States
BCPL,BCPL,BNY Mellon Core Plus ETF,NYSE, ,Y,N,,,ETF,Equity,Plain,Broad Market,United States,Broad Market; Equity; Plain; United States
BCTK,BCTK,Baron Technology ETF,NASDAQ,G,Y,N,,,ETF,Equity,Plain,Broad Market,United States,Broad Market; Equity; Plain; United States
BDGS,BDGS,Bridges Capital Tactical ETF,NASDAQ,G,Y,N,,,ETF,Equity,Plain,Broad Market,United States,Broad Market; Equity; Plain; United States
BDRY,BDRY,Breakwave Dry Bulk Shipping ETF,NYSE, ,Y,N,,,ETF,Equity,Plain,Broad Market,United Kingdom,Broad Market; Equity; Plain; United Kingdom
BDVL,BDVL,iShares Disciplined Volatility Equity Active ETF,NASDAQ,G,Y,N,,,ETF,Equity,Active,Broad Market,United States,Active; Broad Market; Equity; United States
BDYN,BDYN,iShares Dynamic Equity Active ETF,NASDAQ,G,Y,N,,,ETF,Equity,Active,Broad Market,United States,Active; Broad Market; Equity; United States
BEEX,BEEX,The Beehive ETF,NASDAQ,G,Y,N,,,ETF,Equity,Plain,Broad Market,United States,Broad Market; Equity; Plain; United States
BEEZ,BEEZ,Honeytree U.S. Equity ETF,NASDAQ,G,Y,N,,,ETF,Equity,Plain,Broad Market,United States,Broad Market; Equity; Plain; United States
BELT,BELT,iShares U.S. Select Equity Active ETF,NASDAQ,G,Y,N,,,ETF,Equity,Active,Broad Market,United States,Active; Broad Market; Equity; United States
BENJ,BENJ,Horizon Landmark ETF,NYSE, ,Y,N,,,ETF,Equity,Plain,Broad Market,United States,Broad Market; Equity; Plain; United States
BFLX,BFLX,iShares Flexible Equity Active ETF,NASDAQ,G,Y,N,,,ETF,Equity,Active,Broad Market,United States,Active; Broad Market; Equity; United States
BFOR,BFOR,Barron's 400 ETF,NYSE, ,Y,N,,,ETF,Equity,Plain,Broad Market,United States,Broad Market; Equity; Plain; United States
BFRZ,BFRZ,Innovator Equity Managed 100 Buffer ETF,NYSE, ,Y,N,,,ETF,Equity,Plain,Broad Market,United States,Broad Market; Equity; Plain; United States
BGEG,BGEG,Baillie Gifford Emerging Markets ETF,NASDAQ,G,Y,N,,,ETF,Equity,Plain,Broad Market,Emerging Markets,Broad Market; Emerging Markets; Equity; Plain
BGIA,BGIA,Baillie Gifford International Alpha ETF,NASDAQ,G,Y,N,,,ETF,Equity,Plain,Broad Market,United States,Broad Market; Equity; Plain; United States
BHYP,BHYP,Common Shares of Beneficial Interest of Bitwise Hyperliquid ETF,NYSE, ,Y,N,,,ETF,Equity,Plain,Broad Market,United States,Broad Market; Equity; Plain; United States
BIBL,BIBL,Inspire 100 ETF,NYSE, ,Y,N,,,ETF,Equity,Plain,Broad Market,United States,Broad Market; Equity; Plain; United States
BINT,BINT,Bluemonte Global Equity ETF,NYSE, ,Y,N,,,ETF,Equity,Plain,Broad Market,Global,Broad Market; Equity; Global; Plain
BITW,BITW,Common Shares of Beneficial Interest,NYSE, ,Y,N,,,ETF,Equity,Plain,Broad Market,United States,Broad Market; Equity; Plain; United States
BKCI,BKCI,BNY Mellon Concentrated International ETF,NYSE, ,Y,N,,,ETF,Equity,Plain,Broad Market,United States,Broad Market; Equity; Plain; United States
BKEM,BKEM,BNY Mellon Emerging Markets Equity ETF,NYSE, ,Y,N,,,ETF,Equity,Plain,Broad Market,Emerging Markets,Broad Market; Emerging Markets; Equity; Plain
BKIE,BKIE,BNY Mellon International Equity ETF,NYSE, ,Y,N,,,ETF,Equity,Plain,Broad Market,United States,Broad Market; Equity; Plain; United States
BKLN,BKLN,Invesco Senior Loan ETF,NYSE, ,Y,N,,,ETF,Equity,Plain,Broad Market,United States,Broad Market; Equity; Plain; United States
BLCN,BLCN,Siren NexGen Economy ETF,NASDAQ,G,Y,N,,,ETF,Equity,Plain,Broad Market,United States,Broad Market; Equity; Plain; United States
BLES,BLES,Inspire Global Hope ETF,NYSE, ,Y,N,,,ETF,Equity,Plain,Broad Market,Global,Broad Market; Equity; Global; Plain
BMED,BMED,iShares Health Innovation Active ETF,NYSE, ,Y,N,,,ETF,Equity,Active,Broad Market,United States,Active; Broad Market; Equity; United States
BMVP,BMVP,Invesco Bloomberg MVP Multi-factor ETF,NYSE, ,Y,N,,,ETF,Equity,Plain,Broad Market,United States,Broad Market; Equity; Plain; United States
BNDD,BNDD,Quadratic Deflation ETF,NYSE, ,Y,N,,,ETF,Equity,Plain,Broad Market,United States,Broad Market; Equity; Plain; United States
BOAT,BOAT,SonicShares Global Shipping ETF,NYSE, ,Y,N,,,ETF,Equity,Plain,Broad Market,Global,Broad Market; Equity; Global; Plain
BOBP,BOBP,CORE16 Best of Breed Premier Index ETF,NYSE, ,Y,N,,,ETF,Equity,Plain,Broad Market,United States,Broad Market; Equity; Plain; United States
BOTT,BOTT,Themes Humanoid Robotics ETF,NASDAQ,G,Y,N,,,ETF,Equity,Plain,Broad Market,United States,Broad Market; Equity; Plain; United States
BOUT,BOUT,CapForce IBD Breakout Opportunities ETF,NYSE, ,Y,N,,,ETF,Equity,Plain,Broad Market,United States,Broad Market; Equity; Plain; United States
BPH,BPH,BP plc ADRhedged,NYSE, ,Y,N,,,ETF,Equity,Plain,Broad Market,United States,Broad Market; Equity; Plain; United States
BRAZ,BRAZ,Global X Brazil Active ETF,NYSE, ,Y,N,,,ETF,Equity,Active,Broad Market,Global; Brazil,Active; Brazil; Broad Market; Equity; Global
BRCE,BRCE,MFS Blended Research Core Equity ETF,NYSE, ,Y,N,,,ETF,Equity,Plain,Broad Market,United States,Broad Market; Equity; Plain; United States
BREE,BREE,MFS Blended Research Emerging Markets Equity ETF,NYSE, ,Y,N,,,ETF,Equity,Plain,Broad Market,Emerging Markets,Broad Market; Emerging Markets; Equity; Plain
BRES,BRES,Burney U.S. Equity Select ETF,NASDAQ,G,Y,N,,,ETF,Equity,Plain,Broad Market,United States,Broad Market; Equity; Plain; United States
BRF,BRF,VanEck Brazil Small-Cap ETF,NYSE, ,Y,N,,,ETF,Equity,Plain,Broad Market,Brazil,Brazil; Broad Market; Equity; Plain
BRIE,BRIE,MFS Blended Research International Equity ETF,NYSE, ,Y,N,,,ETF,Equity,Plain,Broad Market,United States,Broad Market; Equity; Plain; United States
BRIF,BRIF,FIS Bright Portfolios Focused Equity ETF,NYSE, ,Y,N,,,ETF,Equity,Plain,Broad Market,United States,Broad Market; Equity; Plain; United States
BRNY,BRNY,Burney U.S. Factor Rotation ETF,NASDAQ,G,Y,N,,,ETF,Equity,Plain,Broad Market,United States,Broad Market; Equity; Plain; United States
BRTR,BRTR,iShares Total Return Active ETF,NASDAQ,G,Y,N,,,ETF,Equity,Active,Broad Market,United States,Active; Broad Market; Equity; United States
BSR,BSR,Beacon Selective Risk ETF,NYSE, ,Y,N,,,ETF,Equity,Plain,Broad Market,United States,Broad Market; Equity; Plain; United States
BSTP,BSTP,Innovator Buffer Step-Up Strategy ETF,NYSE, ,Y,N,,,ETF,Equity,Plain,Broad Market,United States,Broad Market; Equity; Plain; United States
BTAL,BTAL,AGF U.S. Market Neutral Anti-Beta Fund,NYSE, ,Y,N,,,ETF,Equity,Plain,Broad Market,United States,Broad Market; Equity; Plain; United States
BTR,BTR,Beacon Tactical Risk ETF,NYSE, ,Y,N,,,ETF,Equity,Plain,Broad Market,United States,Broad Market; Equity; Plain; United States
BTYB,BTYB,VistaShares BitBonds 5 Yr Enhanced Weekly Distribution ETF,NYSE, ,Y,N,,,ETF,Equity,Dividend/Income,Broad Market,United States,Broad Market; Dividend/Income; Equity; United States
BUFC,BUFC,AB Conservative Buffer ETF,NASDAQ,G,Y,N,,,ETF,Equity,Plain,Broad Market,United States,Broad Market; Equity; Plain; United States
BUFI,BUFI,AB International Buffer ETF,NASDAQ,G,Y,N,,,ETF,Equity,Plain,Broad Market,United States,Broad Market; Equity; Plain; United States
BUFM,BUFM,AB Moderate Buffer ETF,NASDAQ,G,Y,N,,,ETF,Equity,Plain,Broad Market,United States,Broad Market; Equity; Plain; United States
BULD,BULD,Pacer BlueStar Engineering the Future ETF,NASDAQ,G,Y,N,,,ETF,Equity,Plain,Broad Market,United States,Broad Market; Equity; Plain; United States
BUYO,BUYO,KraneShares Man Buyout Beta Index ETF,NYSE, ,Y,N,,,ETF,Equity,Plain,Broad Market,United States,Broad Market; Equity; Plain; United States
BUZZ,BUZZ,VanEck Social Sentiment ETF,NYSE, ,Y,N,,,ETF,Equity,Plain,Broad Market,United States,Broad Market; Equity; Plain; United States
BWET,BWET,Breakwave Tanker Shipping ETF,NYSE, ,Y,N,,,ETF,Equity,Plain,Broad Market,United States,Broad Market; Equity; Plain; United States
BWOW,BWOW,Bitwise Dogecoin ETF,NYSE, ,Y,N,,,ETF,Equity,Plain,Broad Market,United States,Broad Market; Equity; Plain; United States
CAAA,CAAA,First Trust AAA CMBS ETF,NYSE, ,Y,N,,,ETF,Equity,Plain,Broad Market,United States,Broad Market; Equity; Plain; United States
CANC,CANC,Tema Oncology ETF,NASDAQ,G,Y,N,,,ETF,Equity,Plain,Broad Market,United States,Broad Market; Equity; Plain; United States
CANE,CANE,Teucrium Sugar Fund ETV,NYSE, ,Y,N,,,ETF,Equity,Plain,Broad Market,United States,Broad Market; Equity; Plain; United States
CAPE,CAPE,DoubleLine Shiller CAPE U.S. Equities ETF,NYSE, ,Y,N,,,ETF,Equity,Plain,Broad Market,United States,Broad Market; Equity; Plain; United States
CARZ,CARZ,First Trust S-Network Future Vehicles & Technology ETF,NASDAQ,G,Y,N,,,ETF,Equity,Plain,Broad Market,United States,Broad Market; Equity; Plain; United States
CBLS,CBLS,Clough Hedged Equity ETF,NYSE, ,Y,N,,,ETF,Equity,Plain,Broad Market,United States,Broad Market; Equity; Plain; United States
CBSE,CBSE,Clough Select Equity ETF,NYSE, ,Y,N,,,ETF,Equity,Plain,Broad Market,United States,Broad Market; Equity; Plain; United States
CCFE,CCFE,Concourse Capital Focused Equity ETF,NASDAQ,G,Y,N,,,ETF,Equity,Plain,Broad Market,United States,Broad Market; Equity; Plain; United States
CCOR,CCOR,Core Alternative ETF,NYSE, ,Y,N,,,ETF,Equity,Plain,Broad Market,United States,Broad Market; Equity; Plain; United States
CCSO,CCSO,Carbon Collective Climate Solutions U.S. Equity ETF,NASDAQ,G,Y,N,,,ETF,Equity,ESG/Sustainable,Broad Market,United States,Broad Market; ESG/Sustainable; Equity; United States
CDEI,CDEI,"Calvert US Large-Cap Diversity, Equity and Inclusion Index ETF",NYSE, ,Y,N,,,ETF,Equity,Plain,Broad Market,United States,Broad Market; Equity; Plain; United States
CDIG,CDIG,City Different Investments Global Equity ETF,NASDAQ,G,Y,N,,,ETF,Equity,Plain,Broad Market,Global,Broad Market; Equity; Global; Plain
CFA,CFA,VictoryShares US 500 Volatility Wtd ETF,NASDAQ,G,Y,N,,,ETF,Equity,Plain,Broad Market,United States,Broad Market; Equity; Plain; United States
CFO,CFO,VictoryShares US 500 Enhanced Volatility Wtd ETF,NASDAQ,G,Y,N,,,ETF,Equity,Plain,Broad Market,United States,Broad Market; Equity; Plain; United States
CGBL,CGBL,Capital Group Core Balanced ETF,NYSE, ,Y,N,,,ETF,Equity,Plain,Broad Market,United States,Broad Market; Equity; Plain; United States
CGCV,CGCV,Capital Group Conservative Equity ETF,NYSE, ,Y,N,,,ETF,Equity,Plain,Broad Market,United States,Broad Market; Equity; Plain; United States
CGGE,CGGE,Capital Group Global Equity ETF,NYSE, ,Y,N,,,ETF,Equity,Plain,Broad Market,Global,Broad Market; Equity; Global; Plain
CGIC,CGIC,Capital Group International Core Equity ETF,NYSE, ,Y,N,,,ETF,Equity,Plain,Broad Market,United States,Broad Market; Equity; Plain; United States
CGIE,CGIE,Capital Group International Equity ETF,NYSE, ,Y,N,,,ETF,Equity,Plain,Broad Market,United States,Broad Market; Equity; Plain; United States
CGNG,CGNG,Capital Group New Geography Equity ETF,NYSE, ,Y,N,,,ETF,Equity,Plain,Broad Market,United States,Broad Market; Equity; Plain; United States
CGUS,CGUS,Capital Group Core Equity ETF,NYSE, ,Y,N,,,ETF,Equity,Plain,Broad Market,United States,Broad Market; Equity; Plain; United States
CGXU,CGXU,Capital Group International Focus Equity ETF,NYSE, ,Y,N,,,ETF,Equity,Plain,Broad Market,United States,Broad Market; Equity; Plain; United States
CHGX,CHGX,Stance Sustainable Beta ETF,NASDAQ,G,Y,N,,,ETF,Equity,ESG/Sustainable,Broad Market,United States,Broad Market; ESG/Sustainable; Equity; United States
CLNK,CLNK,Common Shares of Beneficial Interest of Bitwise Chainlink ETF,NYSE, ,Y,N,,,ETF,Equity,Plain,Broad Market,United States,Broad Market; Equity; Plain; United States
CLOA,CLOA,iShares AAA CLO Active ETF,NASDAQ,G,Y,N,,,ETF,Equity,Active,Broad Market,United States,Active; Broad Market; Equity; United States
CLOB,CLOB,VanEck AA-BB CLO ETF,NYSE, ,Y,N,,,ETF,Equity,Plain,Broad Market,United States,Broad Market; Equity; Plain; United States
CLOC,CLOC,AAM Crescent CLO ETF,NYSE, ,Y,N,,,ETF,Equity,Plain,Broad Market,United States,Broad Market; Equity; Plain; United States
CLOI,CLOI,VanEck CLO ETF,NYSE, ,Y,N,,,ETF,Equity,Plain,Broad Market,United States,Broad Market; Equity; Plain; United States
CLOO,CLOO,NYLI Investment Grade CLO ETF,NYSE, ,Y,N,,,ETF,Equity,Plain,Broad Market,United States,Broad Market; Equity; Plain; United States
CLOX,CLOX,Eldridge AAA CLO ETF,NYSE, ,Y,N,,,ETF,Equity,Plain,Broad Market,United States,Broad Market; Equity; Plain; United States
CLOZ,CLOZ,Eldridge BBB-B CLO ETF,NYSE, ,Y,N,,,ETF,Equity,Plain,Broad Market,United States,Broad Market; Equity; Plain; United States
CLSM,CLSM,ETC Cabana Target Leading Sector Moderate ETF,NASDAQ,G,Y,N,,,ETF,Equity,Plain,Broad Market,United States,Broad Market; Equity; Plain; United States
CLUB,CLUB,Billionaires Club ETF,NYSE, ,Y,N,,,ETF,Equity,Plain,Broad Market,United States,Broad Market; Equity; Plain; United States
CMBO,CMBO,Wayfinder Dynamic U.S. Interest Rate ETF,NASDAQ,G,Y,N,,,ETF,Equity,Plain,Broad Market,United States,Broad Market; Equity; Plain; United States
CNBS,CNBS,Amplify Seymour Cannabis ETF,NYSE, ,Y,N,,,ETF,Equity,Plain,Broad Market,United States,Broad Market; Equity; Plain; United States
CNEQ,CNEQ,Alger Concentrated Equity ETF,NYSE, ,Y,N,,,ETF,Equity,Plain,Broad Market,United States,Broad Market; Equity; Plain; United States
CNQQ,CNQQ,Rayliant-ChinaAMC Transformative China Tech ETF,NASDAQ,G,Y,N,,,ETF,Equity,Plain,Broad Market,China,Broad Market; China; Equity; Plain
CNRG,CNRG,State Street SPDR S&P Kensho Clean Power ETF,NYSE, ,Y,N,,,ETF,Equity,Plain,Broad Market,United States,Broad Market; Equity; Plain; United States
CNXT,CNXT,VanEck ChiNext Innovators ETF,NYSE, ,Y,N,,,ETF,Equity,Plain,Broad Market,United States,Broad Market; Equity; Plain; United States
COAL,COAL,Range Global Coal Index ETF,NYSE, ,Y,N,,,ETF,Equity,Plain,Broad Market,Global,Broad Market; Equity; Global; Plain
CONL,CONL,GraniteShares 2x Long COIN Daily ETF,NASDAQ,G,Y,N,,,ETF,Equity,Plain,Broad Market,United States,Broad Market; Equity; Plain; United States
CORN,CORN,Teucrium Corn Fund ETV,NYSE, ,Y,N,,,ETF,Equity,Plain,Broad Market,United States,Broad Market; Equity; Plain; United States
CORO,CORO,iShares International Country Rotation Active ETF,NASDAQ,G,Y,N,,,ETF,Equity,Active,Broad Market,United States,Active; Broad Market; Equity; United States
COYY,COYY,GraniteShares YieldBOOST COIN ETF,NASDAQ,G,Y,N,,,ETF,Equity,Dividend/Income,Broad Market,United States,Broad Market; Dividend/Income; Equity; United States
CPAI,CPAI,Counterpoint Quantitative Equity ETF,NYSE, ,Y,N,,,ETF,Equity,Plain,Broad Market,United States,Broad Market; Equity; Plain; United States
CPII,CPII,American Beacon Ionic Inflation Protection ETF,NYSE, ,Y,N,,,ETF,Equity,Plain,Broad Market,United States,Broad Market; Equity; Plain; United States
CQQQ,CQQQ,Invesco China Technology ETF,NYSE, ,Y,N,,,ETF,Equity,Plain,Broad Market,China,Broad Market; China; Equity; Plain
CRTC,CRTC,Xtrackers US National Critical Technologies ETF,NYSE, ,Y,N,,,ETF,Equity,Plain,Broad Market,United States,Broad Market; Equity; Plain; United States
CRWL,CRWL,GraniteShares 2x Long CRWD Daily ETF,NASDAQ,G,Y,N,,,ETF,Equity,Plain,Broad Market,United States,Broad Market; Equity; Plain; United States
CRY,CRY,GraniteShares YieldBOOST CRCL ETF,NASDAQ,G,Y,N,,,ETF,Equity,Dividend/Income,Broad Market,United States,Broad Market; Dividend/Income; Equity; United States
CSD,CSD,Invesco S&P Spin-Off ETF,NYSE, ,Y,N,,,ETF,Equity,Plain,Broad Market,United States,Broad Market; Equity; Plain; United States
CSNR,CSNR,Cohen & Steers Natural Resources Active ETF,NYSE, ,Y,N,,,ETF,Equity,Active,Broad Market,United States,Active; Broad Market; Equity; United States
CTA,CTA,Simplify Managed Futures Strategy ETF,NYSE, ,Y,N,,,ETF,Equity,Plain,Broad Market,United States,Broad Market; Equity; Plain; United States
CTAP,CTAP,Simplify US Equity PLUS Managed Futures Strategy ETF,NYSE, ,Y,N,,,ETF,Equity,Plain,Broad Market,United States,Broad Market; Equity; Plain; United States
CTEC,CTEC,Global X ClimateTech ETF,NASDAQ,G,Y,N,,,ETF,Equity,ESG/Sustainable,Broad Market,Global,Broad Market; ESG/Sustainable; Equity; Global
CTWO,CTWO,Common units,NYSE, ,Y,N,,,ETF,Equity,Plain,Broad Market,United States,Broad Market; Equity; Plain; United States
CVIE,CVIE,Calvert International Responsible Index ETF,NYSE, ,Y,N,,,ETF,Equity,ESG/Sustainable,Broad Market,United States,Broad Market; ESG/Sustainable; Equity; United States
CVLC,CVLC,Calvert US Large-Cap Core Responsible Index ETF,NYSE, ,Y,N,,,ETF,Equity,ESG/Sustainable,Broad Market,United States,Broad Market; ESG/Sustainable; Equity; United States
CVMC,CVMC,Calvert US Mid-Cap Core Responsible Index ETF,NYSE, ,Y,N,,,ETF,Equity,ESG/Sustainable,Broad Market,United States,Broad Market; ESG/Sustainable; Equity; United States
CVRT,CVRT,Calamos Convertible Equity Alternative ETF,NYSE, ,Y,N,,,ETF,Equity,Plain,Broad Market,United States,Broad Market; Equity; Plain; United States
CVSM,CVSM,CresAlta Small and Mid-Cap ETF,NYSE, ,Y,N,,,ETF,Equity,Plain,Broad Market,United States,Broad Market; Equity; Plain; United States
CWB,CWB,State Street SPDR Bloomberg Convertible Securities ETF,NYSE, ,Y,N,,,ETF,Equity,Plain,Broad Market,United States,Broad Market; Equity; Plain; United States
CWS,CWS,AdvisorShares Focused Equity ETF,NYSE, ,Y,N,,,ETF,Equity,Plain,Broad Market,United States,Broad Market; Equity; Plain; United States
CWY,CWY,GraniteShares YieldBOOST CRWV ETF,NASDAQ,G,Y,N,,,ETF,Equity,Dividend/Income,Broad Market,United States,Broad Market; Dividend/Income; Equity; United States
CXRN,CXRN,Teucrium 2x Daily Corn ETF,NYSE, ,Y,N,,,ETF,Equity,Plain,Broad Market,United States,Broad Market; Equity; Plain; United States
CXSE,CXSE,WisdomTree China ex-State-Owned Enterprises Fund,NASDAQ,G,Y,N,,,ETF,Equity,Plain,Broad Market,China,Broad Market; China; Equity; Plain
CZA,CZA,Invesco Zacks Mid-Cap ETF,NYSE, ,Y,N,,,ETF,Equity,Plain,Broad Market,United States,Broad Market; Equity; Plain; United States
CZAR,CZAR,Themes Natural Monopoly ETF,NASDAQ,G,Y,N,,,ETF,Equity,Plain,Broad Market,United States,Broad Market; Equity; Plain; United States
DABS,DABS,DoubleLine Asset-Backed Securities ETF,NYSE, ,Y,N,,,ETF,Equity,Plain,Broad Market,United States,Broad Market; Equity; Plain; United States
DADS,DADS,Digital Asset Debt Strategy ETF,NASDAQ,G,Y,N,,,ETF,Equity,Plain,Broad Market,United States,Broad Market; Equity; Plain; United States
DAK,DAK,Dakota Active Equity ETF,NASDAQ,G,Y,N,,,ETF,Equity,Active,Broad Market,United States,Active; Broad Market; Equity; United States
DALI,DALI,First Trust Dorsey Wright DALI Equity ETF,NASDAQ,G,Y,N,,,ETF,Equity,Plain,Broad Market,United States,Broad Market; Equity; Plain; United States
DANA,DANA,Dana Limited Volatility ETF,NYSE, ,Y,N,,,ETF,Equity,Plain,Broad Market,United States,Broad Market; Equity; Plain; United States
DAPP,DAPP,VanEck Digital Transformation ETF,NASDAQ,G,Y,N,,,ETF,Equity,Plain,Broad Market,United States,Broad Market; Equity; Plain; United States
DAX,DAX,Global X DAX Germany ETF,NASDAQ,G,Y,N,,,ETF,Equity,Plain,Broad Market,Global,Broad Market; Equity; Global; Plain
DBB,DBB,Invesco DB Base Metals Fund,NYSE, ,Y,N,,,ETF,Equity,Plain,Broad Market,United States,Broad Market; Equity; Plain; United States
DBMF,DBMF,iMGP DBi Managed Futures Strategy ETF,NYSE, ,Y,N,,,ETF,Equity,Plain,Broad Market,United States,Broad Market; Equity; Plain; United States
DBP,DBP,Invesco DB Precious Metals Fund,NYSE, ,Y,N,,,ETF,Equity,Plain,Broad Market,United States,Broad Market; Equity; Plain; United States
DCOR,DCOR,Dimensional US Core Equity 1 ETF,NYSE, ,Y,N,,,ETF,Equity,Plain,Broad Market,United States,Broad Market; Equity; Plain; United States
DECO,DECO,State Street Galaxy Digital Asset Ecosystem ETF,NASDAQ,G,Y,N,,,ETF,Equity,Plain,Broad Market,United States,Broad Market; Equity; Plain; United States
DEED,DEED,First Trust Securitized Plus ETF,NYSE, ,Y,N,,,ETF,Equity,Plain,Broad Market,United States,Broad Market; Equity; Plain; United States
DEEF,DEEF,Xtrackers FTSE Developed ex US Multifactor ETF,NYSE, ,Y,N,,,ETF,Equity,Plain,Broad Market,United States,Broad Market; Equity; Plain; United States
DEHP,DEHP,Dimensional Emerging Markets High Profitability ETF,NYSE, ,Y,N,,,ETF,Equity,Plain,Broad Market,Emerging Markets,Broad Market; Emerging Markets; Equity; Plain
DEXC,DEXC,Dimensional Emerging Markets ex China Core Equity ETF,NYSE, ,Y,N,,,ETF,Equity,Plain,Broad Market,Emerging Markets; China,Broad Market; China; Emerging Markets; Equity; Plain
DFAC,DFAC,Dimensional U.S. Core Equity 2 ETF,NYSE, ,Y,N,,,ETF,Equity,Plain,Broad Market,United States,Broad Market; Equity; Plain; United States
DFAE,DFAE,Dimensional Emerging Core Equity Market ETF,NYSE, ,Y,N,,,ETF,Equity,Plain,Broad Market,United States,Broad Market; Equity; Plain; United States
DFAI,DFAI,Dimensional International Core Equity Market ETF,NYSE, ,Y,N,,,ETF,Equity,Plain,Broad Market,United States,Broad Market; Equity; Plain; United States
DFAU,DFAU,Dimensional US Core Equity Market ETF,NYSE, ,Y,N,,,ETF,Equity,Plain,Broad Market,United States,Broad Market; Equity; Plain; United States
DFAW,DFAW,Dimensional World Equity ETF,NYSE, ,Y,N,,,ETF,Equity,Plain,Broad Market,Global,Broad Market; Equity; Global; Plain
DFAX,DFAX,Dimensional World ex U.S. Core Equity 2 ETF,NYSE, ,Y,N,,,ETF,Equity,Plain,Broad Market,Global; United States,Broad Market; Equity; Global; Plain; United States
DFEM,DFEM,Dimensional Emerging Markets Core Equity 2 ETF,NYSE, ,Y,N,,,ETF,Equity,Plain,Broad Market,Emerging Markets,Broad Market; Emerging Markets; Equity; Plain
DFIP,DFIP,Dimensional Inflation-Protected Securities ETF,NYSE, ,Y,N,,,ETF,Equity,Plain,Broad Market,United States,Broad Market; Equity; Plain; United States
DFJ,DFJ,WisdomTree Japan SmallCap Fund,NYSE, ,Y,N,,,ETF,Equity,Plain,Broad Market,Japan,Broad Market; Equity; Japan; Plain
DFMC,DFMC,U.S. Micro Cap Portfolio: ETF Class Shares,NYSE, ,Y,N,,,ETF,Equity,Plain,Broad Market,United States,Broad Market; Equity; Plain; United States
DFSE,DFSE,Dimensional Emerging Markets Sustainability Core 1 ETF,NYSE, ,Y,N,,,ETF,Equity,Plain,Broad Market,Emerging Markets,Broad Market; Emerging Markets; Equity; Plain
DFSI,DFSI,Dimensional International Sustainability Core 1 ETF,NYSE, ,Y,N,,,ETF,Equity,Plain,Broad Market,United States,Broad Market; Equity; Plain; United States
DFSU,DFSU,Dimensional US Sustainability Core 1 ETF,NYSE, ,Y,N,,,ETF,Equity,Plain,Broad Market,United States,Broad Market; Equity; Plain; United States
DFTT,DFTT,DF Tactical 30 ETF,NYSE, ,Y,N,,,ETF,Equity,Plain,Broad Market,United States,Broad Market; Equity; Plain; United States
DFUS,DFUS,Dimensional U.S. Equity Market ETF,NYSE, ,Y,N,,,ETF,Equity,Plain,Broad Market,United States,Broad Market; Equity; Plain; United States
DFVE,DFVE,DoubleLine Fortune 500 Equal Weight ETF,NYSE, ,Y,N,,,ETF,Equity,Factor,Broad Market,United States,Broad Market; Equity; Factor; United States
DGCB,DGCB,Dimensional Global Credit ETF,NASDAQ,G,Y,N,,,ETF,Equity,Plain,Broad Market,Global,Broad Market; Equity; Global; Plain
DGIN,DGIN,VanEck Digital India ETF,NYSE, ,Y,N,,,ETF,Equity,Plain,Broad Market,India,Broad Market; Equity; India; Plain
DGLO,DGLO,First Trust RBA Deglobalization ETF,NASDAQ,G,Y,N,,,ETF,Equity,Plain,Broad Market,Global,Broad Market; Equity; Global; Plain
DGS,DGS,WisdomTree Emerging Market SmallCap Fund,NYSE, ,Y,N,,,ETF,Equity,Plain,Broad Market,Emerging Markets,Broad Market; Emerging Markets; Equity; Plain
DGT,DGT,State Street SPDR Global Dow ETF,NYSE, ,Y,N,,,ETF,Equity,Plain,Broad Market,Global,Broad Market; Equity; Global; Plain
DHSB,DHSB,Day Hagan Smart Buffer ETF,NYSE, ,Y,N,,,ETF,Equity,Plain,Broad Market,United States,Broad Market; Equity; Plain; United States
DIME,DIME,CoinShares Altcoins ETF,NASDAQ,G,Y,N,,,ETF,Equity,Plain,Broad Market,United States,Broad Market; Equity; Plain; United States
DKNX,DKNX,Defiance Daily Target 2X Long DKNG ETF,NASDAQ,G,Y,N,,,ETF,Equity,Plain,Broad Market,United States,Broad Market; Equity; Plain; United States
DLLL,DLLL,GraniteShares 2x Long DELL Daily ETF,NASDAQ,G,Y,N,,,ETF,Equity,Plain,Broad Market,United States,Broad Market; Equity; Plain; United States
DLS,DLS,WisdomTree International SmallCap Fund,NYSE, ,Y,N,,,ETF,Equity,Plain,Broad Market,United States,Broad Market; Equity; Plain; United States
DMBS,DMBS,DoubleLine Mortgage ETF,NYSE, ,Y,N,,,ETF,Equity,Plain,Broad Market,United States,Broad Market; Equity; Plain; United States
DOL,DOL,WisdomTree True Developed International Fund,NYSE, ,Y,N,,,ETF,Equity,Plain,Broad Market,United States,Broad Market; Equity; Plain; United States
DRES,DRES,GMO Domestic Resilience ETF,NYSE, ,Y,N,,,ETF,Equity,Plain,Broad Market,United States,Broad Market; Equity; Plain; United States
DRKY,DRKY,VistaShares Target 15 DRUKMacro Distribution ETF,NYSE, ,Y,N,,,ETF,Equity,Dividend/Income,Broad Market,United States,Broad Market; Dividend/Income; Equity; United States
DRNZ,DRNZ,REX Drone ETF,NASDAQ,G,Y,N,,,ETF,Equity,Plain,Broad Market,United States,Broad Market; Equity; Plain; United States
DSCO,DSCO,DoubleLine Securitized Credit ETF,NYSE, ,Y,N,,,ETF,Equity,Plain,Broad Market,United States,Broad Market; Equity; Plain; United States
DSMC,DSMC,Distillate Small/Mid Cash Flow ETF,NYSE, ,Y,N,,,ETF,Equity,Plain,Broad Market,United States,Broad Market; Equity; Plain; United States
DTEC,DTEC,ALPS Disruptive Technologies ETF,NYSE, ,Y,N,,,ETF,Equity,Plain,Broad Market,United States,Broad Market; Equity; Plain; United States
DUHP,DUHP,Dimensional US High Profitability ETF,NYSE, ,Y,N,,,ETF,Equity,Plain,Broad Market,United States,Broad Market; Equity; Plain; United States
DUKQ,DUKQ,Ocean Park Domestic ETF,NYSE, ,Y,N,,,ETF,Equity,Plain,Broad Market,United States,Broad Market; Equity; Plain; United States
DUKX,DUKX,Ocean Park International ETF,NASDAQ,G,Y,N,,,ETF,Equity,Plain,Broad Market,United States,Broad Market; Equity; Plain; United States
DUNK,DUNK,Dana Unconstrained Equity ETF,NYSE, ,Y,N,,,ETF,Equity,Plain,Broad Market,United Kingdom,Broad Market; Equity; Plain; United Kingdom
DVQQ,DVQQ,WEBs QQQ Defined Volatility ETF,NASDAQ,G,Y,N,,,ETF,Equity,Plain,Broad Market,United States,Broad Market; Equity; Plain; United States
DVSP,DVSP,WEBs SPY Defined Volatility ETF,NASDAQ,G,Y,N,,,ETF,Equity,Plain,Broad Market,United States,Broad Market; Equity; Plain; United States
DVXC,DVXC,WEBs Communication Services XLC Defined Volatility ETF,NASDAQ,G,Y,N,,,ETF,Equity,Plain,Broad Market,United States,Broad Market; Equity; Plain; United States
DVXF,DVXF,WEBs Financial XLF Defined Volatility ETF,NASDAQ,G,Y,N,,,ETF,Equity,Plain,Broad Market,United States,Broad Market; Equity; Plain; United States
DVXK,DVXK,WEBs Technology XLK Defined Volatility ETF,NASDAQ,G,Y,N,,,ETF,Equity,Plain,Broad Market,United States,Broad Market; Equity; Plain; United States
DWAW,DWAW,AdvisorShares Dorsey Wright FSM All Cap World ETF,NASDAQ,G,Y,N,,,ETF,Equity,Plain,Broad Market,Global,Broad Market; Equity; Global; Plain
DWM,DWM,WisdomTree International Equity Fund,NYSE, ,Y,N,,,ETF,Equity,Plain,Broad Market,United States,Broad Market; Equity; Plain; United States
DWMF,DWMF,WisdomTree International Multifactor Fund,NYSE, ,Y,N,,,ETF,Equity,Plain,Broad Market,United States,Broad Market; Equity; Plain; United States
DWUS,DWUS,AdvisorShares Dorsey Wright FSM US Core ETF,NASDAQ,G,Y,N,,,ETF,Equity,Plain,Broad Market,United States,Broad Market; Equity; Plain; United States
DXIV,DXIV,Dimensional International Vector Equity ETF,NYSE, ,Y,N,,,ETF,Equity,Plain,Broad Market,United States,Broad Market; Equity; Plain; United States
DXJ,DXJ,WisdomTree Japan Hedged Equity Fund,NYSE, ,Y,N,,,ETF,Equity,Plain,Broad Market,Japan,Broad Market; Equity; Japan; Plain
DXUV,DXUV,Dimensional US Vector Equity ETF,NYSE, ,Y,N,,,ETF,Equity,Plain,Broad Market,United States,Broad Market; Equity; Plain; United States
DYLD,DYLD,LeaderShares Dynamic Yield ETF,NYSE, ,Y,N,,,ETF,Equity,Dividend/Income,Broad Market,United States,Broad Market; Dividend/Income; Equity; United States
DYNF,DYNF,iShares U.S. Equity Factor Rotation Active ETF,NYSE, ,Y,N,,,ETF,Equity,Active,Broad Market,United States,Active; Broad Market; Equity; United States
DYTA,DYTA,SGI Dynamic Tactical ETF,NASDAQ,G,Y,N,,,ETF,Equity,Plain,Broad Market,United States,Broad Market; Equity; Plain; United States
EAGL,EAGL,Eagle Capital Select Equity ETF,NYSE, ,Y,N,,,ETF,Equity,Plain,Broad Market,United States,Broad Market; Equity; Plain; United States
EAPR,EAPR,Innovator Emerging Markets Power Buffer ETF April,NYSE, ,Y,N,,,ETF,Equity,Plain,Broad Market,Emerging Markets,Broad Market; Emerging Markets; Equity; Plain
EBI,EBI,Longview Advantage ETF,NASDAQ,G,Y,N,,,ETF,Equity,Plain,Broad Market,United States,Broad Market; Equity; Plain; United States
EBUF,EBUF,Innovator Emerging Markets 10 Buffer ETF - Quarterly,NYSE, ,Y,N,,,ETF,Equity,Plain,Broad Market,Emerging Markets,Broad Market; Emerging Markets; Equity; Plain
ECON,ECON,Columbia Research Enhanced Emerging Economies ETF,NYSE, ,Y,N,,,ETF,Equity,Plain,Broad Market,United States,Broad Market; Equity; Plain; United States
ECOW,ECOW,Pacer Emerging Markets Cash Cows 100 ETF,NASDAQ,G,Y,N,,,ETF,Equity,Plain,Broad Market,Emerging Markets,Broad Market; Emerging Markets; Equity; Plain
EDGH,EDGH,3EDGE Dynamic Hard Assets ETF,NYSE, ,Y,N,,,ETF,Equity,Plain,Broad Market,United States,Broad Market; Equity; Plain; United States
EDGI,EDGI,3EDGE Dynamic International Equity ETF,NYSE, ,Y,N,,,ETF,Equity,Plain,Broad Market,United States,Broad Market; Equity; Plain; United States
EDGU,EDGU,3EDGE Dynamic US Equity ETF,NYSE, ,Y,N,,,ETF,Equity,Plain,Broad Market,United States,Broad Market; Equity; Plain; United States
EDOW,EDOW,First Trust Dow 30 Equal Weight ETF,NYSE, ,Y,N,,,ETF,Equity,Factor,Broad Market,United States,Broad Market; Equity; Factor; United States
EES,EES,WisdomTree U.S. SmallCap Fund,NYSE, ,Y,N,,,ETF,Equity,Plain,Broad Market,United States,Broad Market; Equity; Plain; United States
EFFE,EFFE,Harbor Osmosis Emerging Markets Resource Efficient ETF,NYSE, ,Y,N,,,ETF,Equity,Plain,Broad Market,Emerging Markets,Broad Market; Emerging Markets; Equity; Plain
EFFI,EFFI,Harbor Osmosis International Resource Efficient ETF,NYSE, ,Y,N,,,ETF,Equity,Plain,Broad Market,United States,Broad Market; Equity; Plain; United States
EGGQ,EGGQ,NestYield Visionary ETF,NASDAQ,G,Y,N,,,ETF,Equity,Dividend/Income,Broad Market,United States,Broad Market; Dividend/Income; Equity; United States
EGGS,EGGS,NestYield Total Return Guard ETF,NYSE, ,Y,N,,,ETF,Equity,Dividend/Income,Broad Market,United States,Broad Market; Dividend/Income; Equity; United States
EJAN,EJAN,Innovator Emerging Markets Power Buffer ETF January,NYSE, ,Y,N,,,ETF,Equity,Plain,Broad Market,Emerging Markets,Broad Market; Emerging Markets; Equity; Plain
EJUL,EJUL,Innovator Emerging Markets Power Buffer ETF July,NYSE, ,Y,N,,,ETF,Equity,Plain,Broad Market,Emerging Markets,Broad Market; Emerging Markets; Equity; Plain
ELD,ELD,WisdomTree Emerging Markets Local Debt Fund,NYSE, ,Y,N,,,ETF,Equity,Plain,Broad Market,Emerging Markets,Broad Market; Emerging Markets; Equity; Plain
ELM,ELM,Elm Market Navigator ETF,NYSE, ,Y,N,,,ETF,Equity,Plain,Broad Market,United States,Broad Market; Equity; Plain; United States
EMC,EMC,Global X Emerging Markets Great Consumer ETF,NYSE, ,Y,N,,,ETF,Equity,Plain,Broad Market,Emerging Markets; Global,Broad Market; Emerging Markets; Equity; Global; Plain
EMCR,EMCR,Xtrackers Emerging Markets Carbon Reduction and Climate Improvers ETF,NYSE, ,Y,N,,,ETF,Equity,ESG/Sustainable,Broad Market,Emerging Markets,Broad Market; ESG/Sustainable; Emerging Markets; Equity
EMDM,EMDM,First Trust Bloomberg Emerging Market Democracies ETF,NYSE, ,Y,N,,,ETF,Equity,Plain,Broad Market,Emerging Markets,Broad Market; Emerging Markets; Equity; Plain
EMEM,EMEM,Sophus Capital Emerging Market ETF,NASDAQ,G,Y,N,,,ETF,Equity,Plain,Broad Market,Emerging Markets; United States,Broad Market; Emerging Markets; Equity; Plain; United States
EMEQ,EMEQ,Nomura Focused Emerging Markets Equity ETF,NASDAQ,G,Y,N,,,ETF,Equity,Plain,Broad Market,Emerging Markets,Broad Market; Emerging Markets; Equity; Plain
EMES,EMES,Harbor Emerging Markets Select ETF,NYSE, ,Y,N,,,ETF,Equity,Plain,Broad Market,Emerging Markets,Broad Market; Emerging Markets; Equity; Plain
EMFI,EMFI,Pictet Emerging Markets Debt ETF,NYSE, ,Y,N,,,ETF,Equity,Plain,Broad Market,Emerging Markets,Broad Market; Emerging Markets; Equity; Plain
EMKT,EMKT,Lazard Emerging Markets Opportunities ETF,NYSE, ,Y,N,,,ETF,Equity,Plain,Broad Market,Emerging Markets,Broad Market; Emerging Markets; Equity; Plain
EMM,EMM,Global X Emerging Markets ex-China ETF,NYSE, ,Y,N,,,ETF,Equity,Plain,Broad Market,Emerging Markets; Global; China,Broad Market; China; Emerging Markets; Equity; Global; Plain
EMMF,EMMF,WisdomTree Emerging Markets Multifactor Fund,NYSE, ,Y,N,,,ETF,Equity,Plain,Broad Market,Emerging Markets,Broad Market; Emerging Markets; Equity; Plain
EMOP,EMOP,AB Emerging Markets Opportunities ETF,NYSE, ,Y,N,,,ETF,Equity,Plain,Broad Market,Emerging Markets,Broad Market; Emerging Markets; Equity; Plain
EMPB,EMPB,Efficient Market Portfolio Plus ETF,NYSE, ,Y,N,,,ETF,Equity,Plain,Broad Market,United States,Broad Market; Equity; Plain; United States
EMSF,EMSF,Matthews Emerging Markets Sustainable Future Active ETF,NYSE, ,Y,N,,,ETF,Equity,Active; ESG/Sustainable,Broad Market,Emerging Markets,Active; Broad Market; ESG/Sustainable; Emerging Markets; Equity
ENDW,ENDW,Cambria Endowment Style ETF,NASDAQ,G,Y,N,,,ETF,Equity,Plain,Broad Market,United States,Broad Market; Equity; Plain; United States
ENHI,ENHI,iShares Enhanced International Active ETF,NASDAQ,G,Y,N,,,ETF,Equity,Active,Broad Market,United States,Active; Broad Market; Equity; United States
EOCT,EOCT,Innovator Emerging Markets Power Buffer ETF - October,NYSE, ,Y,N,,,ETF,Equity,Plain,Broad Market,Emerging Markets,Broad Market; Emerging Markets; Equity; Plain
EPEM,EPEM,Harbor Emerging Markets Equity ETF,NYSE, ,Y,N,,,ETF,Equity,Plain,Broad Market,Emerging Markets,Broad Market; Emerging Markets; Equity; Plain
EPI,EPI,WisdomTree India Earnings Fund,NYSE, ,Y,N,,,ETF,Equity,Plain,Broad Market,India,Broad Market; Equity; India; Plain
EPIN,EPIN,Harbor International Equity ETF,NYSE, ,Y,N,,,ETF,Equity,Plain,Broad Market,United States,Broad Market; Equity; Plain; United States
EPS,EPS,WisdomTree U.S. LargeCap Fund,NYSE, ,Y,N,,,ETF,Equity,Plain,Broad Market,United States,Broad Market; Equity; Plain; United States
EQL,EQL,ALPS Equal Sector Weight ETF,NYSE, ,Y,N,,,ETF,Equity,Plain,Broad Market,United States,Broad Market; Equity; Plain; United States
EQTY,EQTY,Kovitz Core Equity ETF,NYSE, ,Y,N,,,ETF,Equity,Plain,Broad Market,United States,Broad Market; Equity; Plain; United States
EQWL,EQWL,Invesco S&P 100 Equal Weight ETF,NYSE, ,Y,N,,,ETF,Equity,Factor,Broad Market,United States,Broad Market; Equity; Factor; United States
ESIM,ESIM,Eventide International ETF,NYSE, ,Y,N,,,ETF,Equity,Plain,Broad Market,United States,Broad Market; Equity; Plain; United States
ESN,ESN,Essential 40 Stock ETF,NASDAQ,G,Y,N,,,ETF,Equity,Plain,Broad Market,United States,Broad Market; Equity; Plain; United States
ESUM,ESUM,Eventide US Market ETF,NYSE, ,Y,N,,,ETF,Equity,Plain,Broad Market,United States,Broad Market; Equity; Plain; United States
ETEC,ETEC,iShares Breakthrough Environmental Solutions ETF,NASDAQ,G,Y,N,,,ETF,Equity,Plain,Broad Market,United States,Broad Market; Equity; Plain; United States
ETFT,ETFT,Fundsmith Equity ETF,NYSE, ,Y,N,,,ETF,Equity,Plain,Broad Market,United States,Broad Market; Equity; Plain; United States
ETHO,ETHO,Amplify Etho Climate Leadership U.S. ETF,NYSE, ,Y,N,,,ETF,Equity,ESG/Sustainable,Broad Market,United States,Broad Market; ESG/Sustainable; Equity; United States
ETRL,ETRL,GraniteShares 2x Long ETOR Daily ETF,NASDAQ,G,Y,N,,,ETF,Equity,Plain,Broad Market,United States,Broad Market; Equity; Plain; United States
EVLN,EVLN,Eaton Vance Floating-Rate ETF,NYSE, ,Y,N,,,ETF,Equity,Plain,Broad Market,United States,Broad Market; Equity; Plain; United States
EVMO,EVMO,Eaton Vance Mortgage Opportunities ETF,NYSE, ,Y,N,,,ETF,Equity,Plain,Broad Market,United States,Broad Market; Equity; Plain; United States
EVNT,EVNT,AltShares Event-Driven ETF,NYSE, ,Y,N,,,ETF,Equity,Plain,Broad Market,United States,Broad Market; Equity; Plain; United States
EVX,EVX,VanEck Environmental Services ETF,NYSE, ,Y,N,,,ETF,Equity,Plain,Broad Market,United States,Broad Market; Equity; Plain; United States
EXEQ,EXEQ,Wedbush ReturnOnLeadership U.S. Large-Cap ETF,NYSE, ,Y,N,,,ETF,Equity,Plain,Broad Market,United States,Broad Market; Equity; Plain; United States
EXUS,EXUS,Nomura Focused International Core ETF,NASDAQ,G,Y,N,,,ETF,Equity,Plain,Broad Market,United States,Broad Market; Equity; Plain; United States
EZM,EZM,WisdomTree U.S. MidCap Fund,NYSE, ,Y,N,,,ETF,Equity,Plain,Broad Market,United States,Broad Market; Equity; Plain; United States
EZRO,EZRO,AlphaDroid Defensive Sector Rotation ETF,NASDAQ,G,Y,N,,,ETF,Equity,Plain,Broad Market,United States,Broad Market; Equity; Plain; United States
FAAA,FAAA,Fidelity AAA CLO ETF,NASDAQ,G,Y,N,,,ETF,Equity,Plain,Broad Market,United States,Broad Market; Equity; Plain; United States
FAAR,FAAR,First Trust Alternative Absolute Return Strategy ETF,NASDAQ,G,Y,N,,,ETF,Equity,Plain,Broad Market,United States,Broad Market; Equity; Plain; United States
FARX,FARX,Frontier Asset Absolute Return ETF,NYSE, ,Y,N,,,ETF,Equity,Plain,Broad Market,United States,Broad Market; Equity; Plain; United States
FBL,FBL,GraniteShares 2x Long META Daily ETF,NASDAQ,G,Y,N,,,ETF,Equity,Plain,Broad Market,United States,Broad Market; Equity; Plain; United States
FBOT,FBOT,Fidelity Disruptive Automation ETF,NASDAQ,G,Y,N,,,ETF,Equity,Plain,Broad Market,United States,Broad Market; Equity; Plain; United States
FBYY,FBYY,GraniteShares YieldBOOST META ETF,NASDAQ,G,Y,N,,,ETF,Equity,Dividend/Income,Broad Market,United States,Broad Market; Dividend/Income; Equity; United States
FCA,FCA,First Trust China AlphaDEX Fund,NASDAQ,G,Y,N,,,ETF,Equity,Plain,Broad Market,China,Broad Market; China; Equity; Plain
FCLO,FCLO,Fidelity CLO ETF,NASDAQ,G,Y,N,,,ETF,Equity,Plain,Broad Market,United States,Broad Market; Equity; Plain; United States
FCTE,FCTE,SMI 3Fourteen Full-Cycle Trend ETF,NASDAQ,G,Y,N,,,ETF,Equity,Plain,Broad Market,United States,Broad Market; Equity; Plain; United States
FCUS,FCUS,Pinnacle Focused Opportunities ETF,NYSE, ,Y,N,,,ETF,Equity,Plain,Broad Market,United States,Broad Market; Equity; Plain; United States
FCVT,FCVT,First Trust SSI Strategic Convertible Securities ETF,NASDAQ,G,Y,N,,,ETF,Equity,Plain,Broad Market,United States,Broad Market; Equity; Plain; United States
FDAT,FDAT,Tactical Advantage ETF,NYSE, ,Y,N,,,ETF,Equity,Plain,Broad Market,United States,Broad Market; Equity; Plain; United States
FDCF,FDCF,Fidelity Disruptive Communications ETF,NASDAQ,G,Y,N,,,ETF,Equity,Plain,Broad Market,United States,Broad Market; Equity; Plain; United States
FDFF,FDFF,Fidelity Disruptive Finance ETF,NASDAQ,G,Y,N,,,ETF,Equity,Plain,Broad Market,United States,Broad Market; Equity; Plain; United States
FDIF,FDIF,Fidelity Disruptors ETF,NASDAQ,G,Y,N,,,ETF,Equity,Plain,Broad Market,United States,Broad Market; Equity; Plain; United States
FDIQ,FDIQ,Invesco Bloomberg Financial Data Providers ETF,NASDAQ,G,Y,N,,,ETF,Equity,Plain,Broad Market,United States,Broad Market; Equity; Plain; United States
FDL,FDL,First Trust Morningstar ETF,NYSE, ,Y,N,,,ETF,Equity,Plain,Broad Market,United States,Broad Market; Equity; Plain; United States
FDLS,FDLS,Inspire Fidelis Multi Factor ETF,NYSE, ,Y,N,,,ETF,Equity,Plain,Broad Market,United States,Broad Market; Equity; Plain; United States
FDM,FDM,First Trust DJ Select MicroCap ETF,NYSE, ,Y,N,,,ETF,Equity,Plain,Broad Market,United States,Broad Market; Equity; Plain; United States
FDRS,FDRS,Founder-Led ETF,NASDAQ,G,Y,N,,,ETF,Equity,Plain,Broad Market,United States,Broad Market; Equity; Plain; United States
FDRX,FDRX,Founder-Led 2X Daily ETF,NASDAQ,G,Y,N,,,ETF,Equity,Plain,Broad Market,United States,Broad Market; Equity; Plain; United States
FDT,FDT,First Trust Developed Markets Ex-US AlphaDEX Fund,NASDAQ,G,Y,N,,,ETF,Equity,Plain,Broad Market,Developed ex-US; United States,Broad Market; Developed ex-US; Equity; Plain; United States
FDTX,FDTX,Fidelity Disruptive Technology ETF,NASDAQ,G,Y,N,,,ETF,Equity,Plain,Broad Market,United States,Broad Market; Equity; Plain; United States
FEAC,FEAC,Fidelity Enhanced U.S. All-Cap Equity ETF,NYSE, ,Y,N,,,ETF,Equity,Plain,Broad Market,United States,Broad Market; Equity; Plain; United States
FEDM,FEDM,FlexShares ESG & Climate Developed Markets ex-US Core Index Fund,NYSE, ,Y,N,,,ETF,Equity,ESG/Sustainable,Broad Market,Developed ex-US; United States,Broad Market; Developed ex-US; ESG/Sustainable; Equity; United States
FEGE,FEGE,First Eagle Global Equity ETF,NYSE, ,Y,N,,,ETF,Equity,Plain,Broad Market,Global,Broad Market; Equity; Global; Plain
FEIG,FEIG,FlexShares ESG & Climate Investment Grade Corporate Core Index Fund,NYSE, ,Y,N,,,ETF,Equity,ESG/Sustainable,Broad Market,United States,Broad Market; ESG/Sustainable; Equity; United States
FEM,FEM,First Trust Emerging Markets AlphaDEX Fund,NASDAQ,G,Y,N,,,ETF,Equity,Plain,Broad Market,Emerging Markets,Broad Market; Emerging Markets; Equity; Plain
FEMR,FEMR,Fidelity Enhanced Emerging Markets ETF,NYSE, ,Y,N,,,ETF,Equity,Plain,Broad Market,Emerging Markets,Broad Market; Emerging Markets; Equity; Plain
FENI,FENI,Fidelity Enhanced International ETF,NYSE, ,Y,N,,,ETF,Equity,Plain,Broad Market,United States,Broad Market; Equity; Plain; United States
FEOE,FEOE,First Eagle Overseas Equity ETF,NYSE, ,Y,N,,,ETF,Equity,Plain,Broad Market,United States,Broad Market; Equity; Plain; United States
FEP,FEP,First Trust Europe AlphaDEX Fund,NASDAQ,G,Y,N,,,ETF,Equity,Plain,Broad Market,Europe,Broad Market; Equity; Europe; Plain
FEUZ,FEUZ,First Trust Eurozone AlphaDEX ETF,NASDAQ,G,Y,N,,,ETF,Equity,Plain,Broad Market,Europe,Broad Market; Equity; Europe; Plain
FEZ,FEZ,State Street SPDR EURO STOXX 50 ETF,NYSE, ,Y,N,,,ETF,Equity,Plain,Broad Market,United States,Broad Market; Equity; Plain; United States
FFND,FFND,One Global ETF,NYSE, ,Y,N,,,ETF,Equity,Plain,Broad Market,Global,Broad Market; Equity; Global; Plain
FFOX,FFOX,FundX Future Fund Opportunities ETF,NYSE, ,Y,N,,,ETF,Equity,Plain,Broad Market,United States,Broad Market; Equity; Plain; United States
FFTY,FFTY,CapForce IBD 50 ETF,NYSE, ,Y,N,,,ETF,Equity,Plain,Broad Market,United States,Broad Market; Equity; Plain; United States
FFUT,FFUT,Fidelity Managed Futures ETF,NASDAQ,G,Y,N,,,ETF,Equity,Plain,Broad Market,United States,Broad Market; Equity; Plain; United States
FGM,FGM,First Trust Germany AlphaDEX Fund,NASDAQ,G,Y,N,,,ETF,Equity,Plain,Broad Market,United States,Broad Market; Equity; Plain; United States
FICS,FICS,First Trust International Developed Capital Strength ETF,NASDAQ,G,Y,N,,,ETF,Equity,Plain,Broad Market,Developed ex-US,Broad Market; Developed ex-US; Equity; Plain
FINT,FINT,Frontier Asset Total International Equity ETF,NYSE, ,Y,N,,,ETF,Equity,Plain,Broad Market,United States,Broad Market; Equity; Plain; United States
FINY,FINY,GraniteShares YieldBOOST Financials ETF,NASDAQ,G,Y,N,,,ETF,Equity,Dividend/Income,Broad Market,United States,Broad Market; Dividend/Income; Equity; United States
FITE,FITE,State Street SPDR S&P Kensho Future Security ETF,NYSE, ,Y,N,,,ETF,Equity,Plain,Broad Market,United States,Broad Market; Equity; Plain; United States
FITZ,FITZ,Fitz-Gerald Must Have Portfolio ETF,NYSE, ,Y,N,,,ETF,Equity,Plain,Broad Market,United States,Broad Market; Equity; Plain; United States
FIYY,FIYY,GraniteShares YieldBOOST 20Y Treasuries ETF,NASDAQ,G,Y,N,,,ETF,Equity,Dividend/Income,Broad Market,United States,Broad Market; Dividend/Income; Equity; United States
FJP,FJP,First Trust Japan AlphaDEX Fund,NASDAQ,G,Y,N,,,ETF,Equity,Plain,Broad Market,Japan,Broad Market; Equity; Japan; Plain
FKU,FKU,First Trust United Kingdom AlphaDEX Fund,NASDAQ,G,Y,N,,,ETF,Equity,Plain,Broad Market,United Kingdom,Broad Market; Equity; Plain; United Kingdom
FLAU,FLAU,Franklin FTSE Australia ETF,NYSE, ,Y,N,,,ETF,Equity,Plain,Broad Market,United States,Broad Market; Equity; Plain; United States
FLAX,FLAX,Franklin FTSE Asia ex Japan ETF,NYSE, ,Y,N,,,ETF,Equity,Plain,Broad Market,Asia Pacific; Japan,Asia Pacific; Broad Market; Equity; Japan; Plain
FLBR,FLBR,Franklin FTSE Brazil ETF,NYSE, ,Y,N,,,ETF,Equity,Plain,Broad Market,Brazil,Brazil; Broad Market; Equity; Plain
FLCA,FLCA,Franklin FTSE Canada ETF,NYSE, ,Y,N,,,ETF,Equity,Plain,Broad Market,United States,Broad Market; Equity; Plain; United States
FLCH,FLCH,Franklin FTSE China ETF,NYSE, ,Y,N,,,ETF,Equity,Plain,Broad Market,China,Broad Market; China; Equity; Plain
FLCO,FLCO,Franklin Investment Grade Corporate ETF,NYSE, ,Y,N,,,ETF,Equity,Plain,Broad Market,United States,Broad Market; Equity; Plain; United States
FLEE,FLEE,Franklin FTSE Europe ETF,NYSE, ,Y,N,,,ETF,Equity,Plain,Broad Market,Europe,Broad Market; Equity; Europe; Plain
FLEU,FLEU,Franklin FTSE Eurozone ETF,NYSE, ,Y,N,,,ETF,Equity,Plain,Broad Market,Europe,Broad Market; Equity; Europe; Plain
FLGB,FLGB,Franklin FTSE United Kingdom ETF,NYSE, ,Y,N,,,ETF,Equity,Plain,Broad Market,United Kingdom,Broad Market; Equity; Plain; United Kingdom
FLGR,FLGR,Franklin FTSE Germany ETF,NYSE, ,Y,N,,,ETF,Equity,Plain,Broad Market,United States,Broad Market; Equity; Plain; United States
FLIN,FLIN,Franklin FTSE India ETF,NYSE, ,Y,N,,,ETF,Equity,Plain,Broad Market,India,Broad Market; Equity; India; Plain
FLJH,FLJH,Franklin FTSE Japan Hedged ETF,NYSE, ,Y,N,,,ETF,Equity,Plain,Broad Market,Japan,Broad Market; Equity; Japan; Plain
FLJP,FLJP,Franklin FTSE Japan ETF,NYSE, ,Y,N,,,ETF,Equity,Plain,Broad Market,Japan,Broad Market; Equity; Japan; Plain
FLKR,FLKR,Franklin FTSE South Korea ETF,NYSE, ,Y,N,,,ETF,Equity,Plain,Broad Market,South Korea,Broad Market; Equity; Plain; South Korea
FLLA,FLLA,Franklin FTSE Latin America ETF,NYSE, ,Y,N,,,ETF,Equity,Plain,Broad Market,United States,Broad Market; Equity; Plain; United States
FLMX,FLMX,Franklin FTSE Mexico ETF,NYSE, ,Y,N,,,ETF,Equity,Plain,Broad Market,United States,Broad Market; Equity; Plain; United States
FLN,FLN,First Trust Latin America AlphaDEX Fund,NASDAQ,G,Y,N,,,ETF,Equity,Plain,Broad Market,United States,Broad Market; Equity; Plain; United States
FLOW,FLOW,Global X U.S. Cash Flow Kings 100 ETF,NYSE, ,Y,N,,,ETF,Equity,Plain,Broad Market,Global; United States,Broad Market; Equity; Global; Plain; United States
FLRG,FLRG,Fidelity U.S. Multifactor ETF,NYSE, ,Y,N,,,ETF,Equity,Plain,Broad Market,United States,Broad Market; Equity; Plain; United States
FLRN,FLRN,State Street SPDR Bloomberg Investment Grade Floating Rate ETF,NYSE, ,Y,N,,,ETF,Equity,Plain,Broad Market,United States,Broad Market; Equity; Plain; United States
FLSA,FLSA,Franklin FTSE Saudi Arabia ETF,NYSE, ,Y,N,,,ETF,Equity,Plain,Broad Market,United States,Broad Market; Equity; Plain; United States
FLSP,FLSP,Franklin Systematic Style Premia ETF,NYSE, ,Y,N,,,ETF,Equity,Plain,Broad Market,United States,Broad Market; Equity; Plain; United States
FLSW,FLSW,Franklin FTSE Switzerland ETF,NYSE, ,Y,N,,,ETF,Equity,Plain,Broad Market,United States,Broad Market; Equity; Plain; United States
FLTR,FLTR,VanEck IG Floating Rate ETF,NYSE, ,Y,N,,,ETF,Equity,Plain,Broad Market,United States,Broad Market; Equity; Plain; United States
FLTW,FLTW,Franklin FTSE Taiwan ETF,NYSE, ,Y,N,,,ETF,Equity,Plain,Broad Market,Taiwan,Broad Market; Equity; Plain; Taiwan
FMCE,FMCE,FM Compounders Equity ETF,NYSE, ,Y,N,,,ETF,Equity,Plain,Broad Market,United States,Broad Market; Equity; Plain; United States
FMCX,FMCX,FM Focus Equity ETF,NYSE, ,Y,N,,,ETF,Equity,Plain,Broad Market,United States,Broad Market; Equity; Plain; United States
FMED,FMED,Fidelity Disruptive Medicine ETF,NASDAQ,G,Y,N,,,ETF,Equity,Plain,Broad Market,United States,Broad Market; Equity; Plain; United States
FMET,FMET,Fidelity Metaverse ETF,NASDAQ,G,Y,N,,,ETF,Equity,Plain,Broad Market,United States,Broad Market; Equity; Plain; United States
FMF,FMF,First Trust Managed Futures Strategy Fund,NYSE, ,Y,N,,,ETF,Equity,Plain,Broad Market,United States,Broad Market; Equity; Plain; United States
FMKT,FMKT,The Free Markets ETF,NYSE, ,Y,N,,,ETF,Equity,Plain,Broad Market,United States,Broad Market; Equity; Plain; United States
FMTL,FMTL,First Trust Indxx Critical Metals ETF,NYSE, ,Y,N,,,ETF,Equity,Plain,Broad Market,United States,Broad Market; Equity; Plain; United States
FNDA,FNDA,Schwab Fundamental U.S. Small Company ETF,NYSE, ,Y,N,,,ETF,Equity,Plain,Broad Market,United States,Broad Market; Equity; Plain; United States
FNDC,FNDC,Schwab Fundamental International Small Equity ETF,NYSE, ,Y,N,,,ETF,Equity,Plain,Broad Market,United States,Broad Market; Equity; Plain; United States
FNDE,FNDE,Schwab Fundamental Emerging Markets Equity ETF,NYSE, ,Y,N,,,ETF,Equity,Plain,Broad Market,Emerging Markets,Broad Market; Emerging Markets; Equity; Plain
FNDF,FNDF,Schwab Fundamental International Equity ETF,NYSE, ,Y,N,,,ETF,Equity,Plain,Broad Market,United States,Broad Market; Equity; Plain; United States
FNDX,FNDX,Schwab Fundamental U.S. Large Company ETF,NYSE, ,Y,N,,,ETF,Equity,Plain,Broad Market,United States,Broad Market; Equity; Plain; United States
FNGS,FNGS,"MicroSectors FANG  ETNs due January 8, 2038",NYSE, ,Y,N,,,ETF,Equity,Plain,Broad Market,United States,Broad Market; Equity; Plain; United States
FOPC,FOPC,Frontier Asset Opportunistic Credit ETF,NYSE, ,Y,N,,,ETF,Equity,Plain,Broad Market,United States,Broad Market; Equity; Plain; United States
FPA,FPA,First Trust Asia Pacific Ex-Japan AlphaDEX Fund,NASDAQ,G,Y,N,,,ETF,Equity,Plain,Broad Market,Asia Pacific; Japan,Asia Pacific; Broad Market; Equity; Japan; Plain
FPWR,FPWR,First Trust EIP Power Solutions ETF,NYSE, ,Y,N,,,ETF,Equity,Plain,Broad Market,United States,Broad Market; Equity; Plain; United States
FPX,FPX,First Trust US Equity Opportunities ETF,NYSE, ,Y,N,,,ETF,Equity,Plain,Broad Market,United States,Broad Market; Equity; Plain; United States
FPXE,FPXE,First Trust IPOX Europe Equity Opportunities ETF,NASDAQ,G,Y,N,,,ETF,Equity,Plain,Broad Market,Europe,Broad Market; Equity; Europe; Plain
FPXI,FPXI,First Trust International Equity Opportunities ETF,NASDAQ,G,Y,N,,,ETF,Equity,Plain,Broad Market,United States,Broad Market; Equity; Plain; United States
FRGN,FRGN,Horizon International Equity ETF,NYSE, ,Y,N,,,ETF,Equity,Plain,Broad Market,United States,Broad Market; Equity; Plain; United States
FRWD,FRWD,Nomura Transformational Technologies ETF,NASDAQ,G,Y,N,,,ETF,Equity,Plain,Broad Market,United States,Broad Market; Equity; Plain; United States
FSEC,FSEC,Fidelity Investment Grade Securitized ETF,NYSE, ,Y,N,,,ETF,Equity,Plain,Broad Market,United States,Broad Market; Equity; Plain; United States
FSIG,FSIG,First Trust Limited Duration Investment Grade Corporate ETF,NYSE, ,Y,N,,,ETF,Equity,Plain,Broad Market,United States,Broad Market; Equity; Plain; United States
FSMD,FSMD,Fidelity Small-Mid Multifactor ETF,NYSE, ,Y,N,,,ETF,Equity,Plain,Broad Market,United States,Broad Market; Equity; Plain; United States
FSZ,FSZ,First Trust Switzerland AlphaDEX Fund,NASDAQ,G,Y,N,,,ETF,Equity,Plain,Broad Market,United States,Broad Market; Equity; Plain; United States
FTCB,FTCB,First Trust Core Investment Grade ETF,NYSE, ,Y,N,,,ETF,Equity,Plain,Broad Market,United States,Broad Market; Equity; Plain; United States
FTCE,FTCE,First Trust New Constructs Core Earnings Leaders ETF,NYSE, ,Y,N,,,ETF,Equity,Plain,Broad Market,United States,Broad Market; Equity; Plain; United States
FTCS,FTCS,First Trust Capital Strength ETF,NASDAQ,G,Y,N,,,ETF,Equity,Plain,Broad Market,United States,Broad Market; Equity; Plain; United States
FTHF,FTHF,First Trust Emerging Markets Human Flourishing ETF,NYSE, ,Y,N,,,ETF,Equity,Plain,Broad Market,Emerging Markets,Broad Market; Emerging Markets; Equity; Plain
FTIF,FTIF,First Trust Bloomberg Inflation Sensitive Equity ETF,NYSE, ,Y,N,,,ETF,Equity,Plain,Broad Market,United States,Broad Market; Equity; Plain; United States
FTSL,FTSL,First Trust Senior Loan Fund,NASDAQ,G,Y,N,,,ETF,Equity,Plain,Broad Market,United States,Broad Market; Equity; Plain; United States
FTWO,FTWO,Strive Natural Resources and Security ETF,NYSE, ,Y,N,,,ETF,Equity,Plain,Broad Market,United States,Broad Market; Equity; Plain; United States
FV,FV,First Trust Dorsey Wright Focus 5 ETF,NASDAQ,G,Y,N,,,ETF,Equity,Plain,Broad Market,United States,Broad Market; Equity; Plain; United States
FVC,FVC,First Trust Dorsey Wright Dynamic Focus 5 ETF,NASDAQ,G,Y,N,,,ETF,Equity,Plain,Broad Market,United States,Broad Market; Equity; Plain; United States
FWD,FWD,AB Disruptors ETF,NYSE, ,Y,N,,,ETF,Equity,Plain,Broad Market,United States,Broad Market; Equity; Plain; United States
FXB,FXB,Invesco CurrencyShares British Pound Sterling Trust,NYSE, ,Y,N,,,ETF,Equity,Plain,Broad Market,United States,Broad Market; Equity; Plain; United States
FXD,FXD,First Trust Cons. Discret. AlphaDEX,NYSE, ,Y,N,,,ETF,Equity,Plain,Broad Market,United States,Broad Market; Equity; Plain; United States
FXF,FXF,Invesco CurrencyShares Swiss Franc Trust,NYSE, ,Y,N,,,ETF,Equity,Plain,Broad Market,United States,Broad Market; Equity; Plain; United States
FXG,FXG,First Trust Cons. Staples AlphaDEX,NYSE, ,Y,N,,,ETF,Equity,Plain,Broad Market,United States,Broad Market; Equity; Plain; United States
FXI,FXI,iShares China Large-Cap ETF,NYSE, ,Y,N,,,ETF,Equity,Plain,Broad Market,China,Broad Market; China; Equity; Plain
FXL,FXL,First Trust Technology AlphaDEX,NYSE, ,Y,N,,,ETF,Equity,Plain,Broad Market,United States,Broad Market; Equity; Plain; United States
FXO,FXO,First Trust Financials AlphaDEX,NYSE, ,Y,N,,,ETF,Equity,Plain,Broad Market,United States,Broad Market; Equity; Plain; United States
GAMR,GAMR,Amplify Video Game Leaders ETF,NYSE, ,Y,N,,,ETF,Equity,Plain,Broad Market,United States,Broad Market; Equity; Plain; United States
GAVA,GAVA,Grayscale Avalanche Staking ETF,NASDAQ,G,Y,N,,,ETF,Equity,Plain,Broad Market,United States,Broad Market; Equity; Plain; United States
GDOG,GDOG,Grayscale Dogecoin Trust ETF,NYSE, ,Y,N,,,ETF,Equity,Plain,Broad Market,United States,Broad Market; Equity; Plain; United States
GEM,GEM,Goldman Sachs ActiveBeta Emerging Markets Equity ETF,NYSE, ,Y,N,,,ETF,Equity,Active,Broad Market,Emerging Markets,Active; Broad Market; Emerging Markets; Equity
GEME,GEME,Pacific North of South EM Equity Active ETF,NASDAQ,G,Y,N,,,ETF,Equity,Active,Broad Market,United States,Active; Broad Market; Equity; United States
GENZ,GENZ,VanEck Digital Native Economy ETF,NASDAQ,G,Y,N,,,ETF,Equity,Plain,Broad Market,United States,Broad Market; Equity; Plain; United States
GEOA,GEOA,WisdomTree GeoAlpha Opportunities Fund,NYSE, ,Y,N,,,ETF,Equity,Plain,Broad Market,United States,Broad Market; Equity; Plain; United States
GEQ,GEQ,Cambria Global EW 2 ETF,NASDAQ,G,Y,N,,,ETF,Equity,Plain,Broad Market,Global,Broad Market; Equity; Global; Plain
GEW,GEW,Cambria Global EW ETF,NASDAQ,G,Y,N,,,ETF,Equity,Plain,Broad Market,Global,Broad Market; Equity; Global; Plain
GFGF,GFGF,Guru Favorite Stocks ETF,NASDAQ,G,Y,N,,,ETF,Equity,Plain,Broad Market,United States,Broad Market; Equity; Plain; United States
GGM,GGM,GGM Macro Alignment ETF,NYSE, ,Y,N,,,ETF,Equity,Plain,Broad Market,United States,Broad Market; Equity; Plain; United States
GGTL,GGTL,Gabelli Global Technology Leaders ETF,NYSE, ,Y,N,,,ETF,Equity,Plain,Broad Market,Global,Broad Market; Equity; Global; Plain
GIEQ,GIEQ,Goldman Sachs Data Enhanced International Equity ETF,NASDAQ,G,Y,N,,,ETF,Equity,Plain,Broad Market,United States,Broad Market; Equity; Plain; United States
GIND,GIND,Goldman Sachs India Equity ETF,NASDAQ,G,Y,N,,,ETF,Equity,Plain,Broad Market,India,Broad Market; Equity; India; Plain
GINN,GINN,Goldman Sachs Innovate Equity ETF,NYSE, ,Y,N,,,ETF,Equity,Plain,Broad Market,United States,Broad Market; Equity; Plain; United States
GK,GK,AdvisorShares Gerber Kawasaki ETF,NYSE, ,Y,N,,,ETF,Equity,Plain,Broad Market,United States,Broad Market; Equity; Plain; United States
GKAT,GKAT,Scharf Global Opportunity ETF,NASDAQ,G,Y,N,,,ETF,Equity,Plain,Broad Market,Global,Broad Market; Equity; Global; Plain
GLDB,GLDB,IDX Alternative FIAT ETF,NASDAQ,G,Y,N,,,ETF,Equity,Plain,Broad Market,United States,Broad Market; Equity; Plain; United States
GLNK,GLNK,Grayscale Chainlink Trust ETF,NYSE, ,Y,N,,,ETF,Equity,Plain,Broad Market,United States,Broad Market; Equity; Plain; United States
GLOF,GLOF,iShares Global Equity Factor ETF,NYSE, ,Y,N,,,ETF,Equity,Plain,Broad Market,Global,Broad Market; Equity; Global; Plain
GLOW,GLOW,VictoryShares WestEnd Global Equity ETF,NASDAQ,G,Y,N,,,ETF,Equity,Plain,Broad Market,Global,Broad Market; Equity; Global; Plain
GLTR,GLTR,abrdn Physical Precious Metals Basket Shares ETF,NYSE, ,Y,N,,,ETF,Equity,Plain,Broad Market,United States,Broad Market; Equity; Plain; United States
GMF,GMF,State Street SPDR S&P Emerging Asia Pacific ETF,NYSE, ,Y,N,,,ETF,Equity,Plain,Broad Market,Asia Pacific,Asia Pacific; Broad Market; Equity; Plain
GMMA,GMMA,GammaRoad Market Navigation ETF,NYSE, ,Y,N,,,ETF,Equity,Plain,Broad Market,United States,Broad Market; Equity; Plain; United States
GMMF,GMMF,iShares Government Money Market ETF,NYSE, ,Y,N,,,ETF,Equity,Plain,Broad Market,United States,Broad Market; Equity; Plain; United States
GNR,GNR,State Street SPDR S&P Global Natural Resources ETF,NYSE, ,Y,N,,,ETF,Equity,Plain,Broad Market,Global,Broad Market; Equity; Global; Plain
GOLS,GOLS,Gabelli Opportunities in Live and Sports ETF,NYSE, ,Y,N,,,ETF,Equity,Plain,Broad Market,United States,Broad Market; Equity; Plain; United States
GOU,GOU,GraniteShares 2x Long GOOGL Daily ETF,NASDAQ,G,Y,N,,,ETF,Equity,Plain,Broad Market,United States,Broad Market; Equity; Plain; United States
GPRF,GPRF,Goldman Sachs Access U.S. Preferred Stock and Hybrid Securities ETF,NASDAQ,G,Y,N,,,ETF,Equity,Plain,Broad Market,United States,Broad Market; Equity; Plain; United States
GPT,GPT,Intelligent Alpha Atlas ETF,NASDAQ,G,Y,N,,,ETF,Equity,Plain,Broad Market,United States,Broad Market; Equity; Plain; United States
GPZ,GPZ,VanEck Alternative Asset Manager ETF,NYSE, ,Y,N,,,ETF,Equity,Plain,Broad Market,United States,Broad Market; Equity; Plain; United States
GQGU,GQGU,GQG US Equity ETF,NYSE, ,Y,N,,,ETF,Equity,Plain,Broad Market,United States,Broad Market; Equity; Plain; United States
GRNJ,GRNJ,Fundstrat Granny Shots US Small- & Mid-Cap ETF,NYSE, ,Y,N,,,ETF,Equity,Plain,Broad Market,United States,Broad Market; Equity; Plain; United States
GRPM,GRPM,Invesco S&P MidCap 400 GARP ETF,NYSE, ,Y,N,,,ETF,Equity,Plain,Broad Market,United States,Broad Market; Equity; Plain; United States
GRPZ,GRPZ,Invesco S&P SmallCap 600 GARP ETF,NYSE, ,Y,N,,,ETF,Equity,Plain,Broad Market,United States,Broad Market; Equity; Plain; United States
GSEU,GSEU,Goldman Sachs ActiveBeta Europe Equity ETF,NYSE, ,Y,N,,,ETF,Equity,Active,Broad Market,Europe,Active; Broad Market; Equity; Europe
GSIE,GSIE,Goldman Sachs ActiveBeta International Equity ETF,NYSE, ,Y,N,,,ETF,Equity,Active,Broad Market,United States,Active; Broad Market; Equity; United States
GSJY,GSJY,Goldman Sachs ActiveBeta Japan Equity ETF,NYSE, ,Y,N,,,ETF,Equity,Active,Broad Market,Japan,Active; Broad Market; Equity; Japan
GSKH,GSKH,GSK plc ADRhedged,NYSE, ,Y,N,,,ETF,Equity,Plain,Broad Market,United States,Broad Market; Equity; Plain; United States
GSPY,GSPY,Gotham Enhanced 500 ETF,NYSE, ,Y,N,,,ETF,Equity,Plain,Broad Market,United States,Broad Market; Equity; Plain; United States
GTEK,GTEK,Goldman Sachs Future Tech Leaders Equity ETF,NYSE, ,Y,N,,,ETF,Equity,Plain,Broad Market,United States,Broad Market; Equity; Plain; United States
GTND,GTND,Goaltender ETF,NYSE, ,Y,N,,,ETF,Equity,Plain,Broad Market,United States,Broad Market; Equity; Plain; United States
GTOP,GTOP,Goldman Sachs Technology Opportunities ETF,NASDAQ,G,Y,N,,,ETF,Equity,Plain,Broad Market,United States,Broad Market; Equity; Plain; United States
GTR,GTR,WisdomTree Target Range Fund,NASDAQ,G,Y,N,,,ETF,Equity,Plain,Broad Market,United States,Broad Market; Equity; Plain; United States
GUNR,GUNR,FlexShares Global Upstream Natural Resources Index Fund ETF,NYSE, ,Y,N,,,ETF,Equity,Plain,Broad Market,Global; United States,Broad Market; Equity; Global; Plain; United States
GURU,GURU,Global X Guru Index ETF,NYSE, ,Y,N,,,ETF,Equity,Plain,Broad Market,Global,Broad Market; Equity; Global; Plain
GUSA,GUSA,Goldman Sachs MarketBeta U.S. 1000 Equity ETF,NYSE, ,Y,N,,,ETF,Equity,Plain,Broad Market,United States,Broad Market; Equity; Plain; United States
GUSE,GUSE,Goldman Sachs Enhanced U.S. Equity ETF,NASDAQ,G,Y,N,,,ETF,Equity,Plain,Broad Market,United States,Broad Market; Equity; Plain; United States
GVIP,GVIP,Goldman Sachs Hedge Industry VIP ETF,NYSE, ,Y,N,,,ETF,Equity,Plain,Broad Market,United States,Broad Market; Equity; Plain; United States
GXC,GXC,State Street SPDR S&P China ETF,NYSE, ,Y,N,,,ETF,Equity,Plain,Broad Market,China,Broad Market; China; Equity; Plain
GXDW,GXDW,Global X Dorsey Wright Thematic ETF,NASDAQ,G,Y,N,,,ETF,Equity,Plain,Broad Market,Global,Broad Market; Equity; Global; Plain
GXLC,GXLC,Global X U.S. 500 ETF,NYSE, ,Y,N,,,ETF,Equity,Plain,Broad Market,Global; United States,Broad Market; Equity; Global; Plain; United States
GXRP,GXRP,Grayscale XRP Trust ETF,NYSE, ,Y,N,,,ETF,Equity,Plain,Broad Market,United States,Broad Market; Equity; Plain; United States
GXUS,GXUS,Goldman Sachs MarketBeta Total International Equity ETF,NYSE, ,Y,N,,,ETF,Equity,Plain,Broad Market,United States,Broad Market; Equity; Plain; United States
HAIL,HAIL,State Street SPDR S&P Kensho Smart Mobility ETF,NYSE, ,Y,N,,,ETF,Equity,Plain,Broad Market,United States,Broad Market; Equity; Plain; United States
HAP,HAP,VanEck Natural Resources ETF,NYSE, ,Y,N,,,ETF,Equity,Plain,Broad Market,United States,Broad Market; Equity; Plain; United States
HBR,HBR,Canary HBAR ETF,NASDAQ,G,Y,N,,,ETF,Equity,Plain,Broad Market,United States,Broad Market; Equity; Plain; United States
HBTA,HBTA,Horizon Expedition Plus ETF,NYSE, ,Y,N,,,ETF,Equity,Plain,Broad Market,United States,Broad Market; Equity; Plain; United States
HCMT,HCMT,Direxion HCM Tactical Enhanced US ETF,NYSE, ,Y,N,,,ETF,Equity,Plain,Broad Market,United States,Broad Market; Equity; Plain; United States
HDMV,HDMV,First Trust Horizon Managed Volatility Developed International ETF,NYSE, ,Y,N,,,ETF,Equity,Plain,Broad Market,United States,Broad Market; Equity; Plain; United States
HDUS,HDUS,Hartford Disciplined US Equity ETF,NYSE, ,Y,N,,,ETF,Equity,Plain,Broad Market,United States,Broad Market; Equity; Plain; United States
HEAL,HEAL,Global X HealthTech ETF,NASDAQ,G,Y,N,,,ETF,Equity,Plain,Broad Market,Global,Broad Market; Equity; Global; Plain
HECO,HECO,State Street Galaxy Hedged Digital Asset Ecosystem ETF,NASDAQ,G,Y,N,,,ETF,Equity,Plain,Broad Market,United States,Broad Market; Equity; Plain; United States
HEDG,HEDG,Equable Shares Hedged Equity ETF,NYSE, ,Y,N,,,ETF,Equity,Plain,Broad Market,United States,Broad Market; Equity; Plain; United States
HEDJ,HEDJ,WisdomTree Europe Hedged Equity Fund,NYSE, ,Y,N,,,ETF,Equity,Plain,Broad Market,Europe,Broad Market; Equity; Europe; Plain
HEFT,HEFT,Hedgeye Fourth Turning ETF,NYSE, ,Y,N,,,ETF,Equity,Plain,Broad Market,United States,Broad Market; Equity; Plain; United States
HELO,HELO,JPMorgan Hedged Equity Laddered Overlay ETF,NYSE, ,Y,N,,,ETF,Equity,Plain,Broad Market,United States,Broad Market; Equity; Plain; United States
HELS,HELS,Hedgeye 130/30 Equity ETF,NYSE, ,Y,N,,,ETF,Equity,Plain,Broad Market,United States,Broad Market; Equity; Plain; United States
HEQT,HEQT,Simplify Hedged Equity ETF,NYSE, ,Y,N,,,ETF,Equity,Plain,Broad Market,United States,Broad Market; Equity; Plain; United States
HERD,HERD,Pacer Cash Cows Fund of Funds ETF,NASDAQ,G,Y,N,,,ETF,Equity,Plain,Broad Market,United States,Broad Market; Equity; Plain; United States
HF,HF,DGA Core Plus Absolute Return ETF,NYSE, ,Y,N,,,ETF,Equity,Plain,Broad Market,United States,Broad Market; Equity; Plain; United States
HFGM,HFGM,Unlimited HFGM Global Macro ETF,NYSE, ,Y,N,,,ETF,Equity,Plain,Broad Market,Global,Broad Market; Equity; Global; Plain
HFMF,HFMF,Unlimited HFMF Managed Futures ETF,NYSE, ,Y,N,,,ETF,Equity,Plain,Broad Market,United States,Broad Market; Equity; Plain; United States
HFND,HFND,Unlimited HFND Multi-Strategy Return Tracker ETF,NYSE, ,Y,N,,,ETF,Equity,Plain,Broad Market,United States,Broad Market; Equity; Plain; United States
HIDE,HIDE,Alpha Architect High Inflation and Deflation ETF,NASDAQ,G,Y,N,,,ETF,Equity,Plain,Broad Market,United States,Broad Market; Equity; Plain; United States
HIMZ,HIMZ,Defiance Daily Target 2X Long HIMS ETF,NASDAQ,G,Y,N,,,ETF,Equity,Plain,Broad Market,United States,Broad Market; Equity; Plain; United States
HIS,HIS,Humilis US Focused Opportunities ETF,NASDAQ,G,Y,N,,,ETF,Equity,Plain,Broad Market,United States,Broad Market; Equity; Plain; United States
HLAL,HLAL,Wahed FTSE USA Shariah ETF,NASDAQ,G,Y,N,,,ETF,Equity,Plain,Broad Market,United States,Broad Market; Equity; Plain; United States
HMYY,HMYY,GraniteShares YieldBoost HIMS ETF,NASDAQ,G,Y,N,,,ETF,Equity,Dividend/Income,Broad Market,United States,Broad Market; Dividend/Income; Equity; United States
HOLA,HOLA,JPMorgan International Hedged Equity Laddered Overlay ETF,NYSE, ,Y,N,,,ETF,Equity,Plain,Broad Market,United States,Broad Market; Equity; Plain; United States
HOLD,HOLD,Harbor Alpha Layering ETF,NYSE, ,Y,N,,,ETF,Equity,Plain,Broad Market,United States,Broad Market; Equity; Plain; United States
HOMZ,HOMZ,Hoya Capital Housing ETF,NYSE, ,Y,N,,,ETF,Equity,Plain,Broad Market,United States,Broad Market; Equity; Plain; United States
HOOX,HOOX,Defiance Daily Target 2X Long HOOD ETF,NASDAQ,G,Y,N,,,ETF,Equity,Plain,Broad Market,United States,Broad Market; Equity; Plain; United States
HOYY,HOYY,GraniteShares YieldBOOST HOOD ETF,NASDAQ,G,Y,N,,,ETF,Equity,Dividend/Income,Broad Market,United States,Broad Market; Dividend/Income; Equity; United States
HRSK,HRSK,Toews Agility Shares Hedged Risk ETF,NYSE, ,Y,N,,,ETF,Equity,Plain,Broad Market,United States,Broad Market; Equity; Plain; United States
HRTS,HRTS,Tema Heart & Health ETF,NASDAQ,G,Y,N,,,ETF,Equity,Plain,Broad Market,United States,Broad Market; Equity; Plain; United States
HSBH,HSBH,HSBC Holdings plc ADRhedged,NYSE, ,Y,N,,,ETF,Equity,Plain,Broad Market,United States,Broad Market; Equity; Plain; United States
HSMV,HSMV,First Trust Horizon Managed Volatility Small/Mid ETF,NYSE, ,Y,N,,,ETF,Equity,Plain,Broad Market,United States,Broad Market; Equity; Plain; United States
HUSV,HUSV,First Trust Horizon Managed Volatility Domestic ETF,NYSE, ,Y,N,,,ETF,Equity,Plain,Broad Market,United States,Broad Market; Equity; Plain; United States
HYPG,HYPG,Grayscale Hyperliquid Staking ETF,NASDAQ,G,Y,N,8447109,,ETF,Equity,Plain,Broad Market,United States,Broad Market; Equity; Plain; United States
IALT,IALT,iShares Systematic Alternatives Active ETF,NASDAQ,G,Y,N,,,ETF,Equity,Active,Broad Market,United States,Active; Broad Market; Equity; United States
IAPR,IAPR,Innovator International Developed Power Buffer ETF  April,NYSE, ,Y,N,,,ETF,Equity,Plain,Broad Market,Developed ex-US,Broad Market; Developed ex-US; Equity; Plain
IAUG,IAUG,Innovator International Developed Power Buffer ETF  August,NYSE, ,Y,N,,,ETF,Equity,Plain,Broad Market,Developed ex-US,Broad Market; Developed ex-US; Equity; Plain
IBCA,IBCA,iShares iBonds Dec 2035 Term Corporate ETF,NYSE, ,Y,N,,,ETF,Equity,Target Maturity,Broad Market,United States,Broad Market; Equity; Target Maturity; United States
IBCB,IBCB,iShares iBonds Dec 2036 Term Corporate ETF,NYSE, ,Y,N,,,ETF,Equity,Target Maturity,Broad Market,United States,Broad Market; Equity; Target Maturity; United States
IBDR,IBDR,iShares iBonds Dec 2026 Term Corporate ETF,NYSE, ,Y,N,,,ETF,Equity,Target Maturity,Broad Market,United States,Broad Market; Equity; Target Maturity; United States
IBDS,IBDS,iShares iBonds Dec 2027 Term Corporate ETF,NYSE, ,Y,N,,,ETF,Equity,Target Maturity,Broad Market,United States,Broad Market; Equity; Target Maturity; United States
IBDT,IBDT,iShares iBonds Dec 2028 Term Corporate ETF,NYSE, ,Y,N,,,ETF,Equity,Target Maturity,Broad Market,United States,Broad Market; Equity; Target Maturity; United States
IBDU,IBDU,iShares iBonds Dec 2029 Term Corporate ETF,NYSE, ,Y,N,,,ETF,Equity,Target Maturity,Broad Market,United States,Broad Market; Equity; Target Maturity; United States
IBDV,IBDV,iShares iBonds Dec 2030 Term Corporate ETF,NYSE, ,Y,N,,,ETF,Equity,Target Maturity,Broad Market,United States,Broad Market; Equity; Target Maturity; United States
IBDW,IBDW,iShares iBonds Dec 2031 Term Corporate ETF,NYSE, ,Y,N,,,ETF,Equity,Target Maturity,Broad Market,United States,Broad Market; Equity; Target Maturity; United States
IBDX,IBDX,iShares iBonds Dec 2032 Term Corporate ETF,NYSE, ,Y,N,,,ETF,Equity,Target Maturity,Broad Market,United States,Broad Market; Equity; Target Maturity; United States
IBDY,IBDY,iShares iBonds Dec 2033 Term Corporate ETF,NYSE, ,Y,N,,,ETF,Equity,Target Maturity,Broad Market,United States,Broad Market; Equity; Target Maturity; United States
IBDZ,IBDZ,iShares iBonds Dec 2034 Term Corporate ETF,NYSE, ,Y,N,,,ETF,Equity,Target Maturity,Broad Market,United States,Broad Market; Equity; Target Maturity; United States
IBFR,IBFR,Innovator International Developed Managed 10 Buffer ETF,NYSE, ,Y,N,,,ETF,Equity,Plain,Broad Market,Developed ex-US,Broad Market; Developed ex-US; Equity; Plain
IBIC,IBIC,iShares iBonds Oct 2026 Term TIPS ETF,NYSE, ,Y,N,,,ETF,Equity,Target Maturity,Broad Market,United States,Broad Market; Equity; Target Maturity; United States
IBID,IBID,iShares iBonds Oct 2027 Term TIPS ETF,NYSE, ,Y,N,,,ETF,Equity,Target Maturity,Broad Market,United States,Broad Market; Equity; Target Maturity; United States
IBIE,IBIE,iShares iBonds Oct 2028 Term TIPS ETF,NYSE, ,Y,N,,,ETF,Equity,Target Maturity,Broad Market,United States,Broad Market; Equity; Target Maturity; United States
IBIF,IBIF,iShares iBonds Oct 2029 Term TIPS ETF,NYSE, ,Y,N,,,ETF,Equity,Target Maturity,Broad Market,United States,Broad Market; Equity; Target Maturity; United States
IBIG,IBIG,iShares iBonds Oct 2030 Term TIPS ETF,NYSE, ,Y,N,,,ETF,Equity,Target Maturity,Broad Market,United States,Broad Market; Equity; Target Maturity; United States
IBIH,IBIH,iShares iBonds Oct 2031 Term TIPS ETF,NYSE, ,Y,N,,,ETF,Equity,Target Maturity,Broad Market,United States,Broad Market; Equity; Target Maturity; United States
IBII,IBII,iShares iBonds Oct 2032 Term TIPS ETF,NYSE, ,Y,N,,,ETF,Equity,Target Maturity,Broad Market,United States,Broad Market; Equity; Target Maturity; United States
IBIJ,IBIJ,iShares iBonds Oct 2033 Term TIPS ETF,NYSE, ,Y,N,,,ETF,Equity,Target Maturity,Broad Market,United States,Broad Market; Equity; Target Maturity; United States
IBIK,IBIK,iShares iBonds Oct 2034 Term TIPS ETF,NYSE, ,Y,N,,,ETF,Equity,Target Maturity,Broad Market,United States,Broad Market; Equity; Target Maturity; United States
IBIL,IBIL,iShares iBonds Oct 2035 Term TIPS ETF,NYSE, ,Y,N,,,ETF,Equity,Target Maturity,Broad Market,United States,Broad Market; Equity; Target Maturity; United States
IBIM,IBIM,iShares iBonds Oct 2036 Term TIPS ETF,NYSE, ,Y,N,,,ETF,Equity,Target Maturity,Broad Market,United States,Broad Market; Equity; Target Maturity; United States
IBOT,IBOT,VanEck Robotics ETF,NASDAQ,G,Y,N,,,ETF,Equity,Plain,Broad Market,United States,Broad Market; Equity; Plain; United States
IBUF,IBUF,Innovator International Developed 10 Buffer ETF - Quarterly,NYSE, ,Y,N,,,ETF,Equity,Plain,Broad Market,Developed ex-US,Broad Market; Developed ex-US; Equity; Plain
IDEC,IDEC,Innovator International Developed Power Buffer ETF  December,NYSE, ,Y,N,,,ETF,Equity,Plain,Broad Market,Developed ex-US,Broad Market; Developed ex-US; Equity; Plain
IDEQ,IDEQ,Lazard International Dynamic Equity ETF,NYSE, ,Y,N,,,ETF,Equity,Plain,Broad Market,United States,Broad Market; Equity; Plain; United States
IDHQ,IDHQ,Invesco S&P International Developed Quality ETF,NYSE, ,Y,N,,,ETF,Equity,Factor,Broad Market,Developed ex-US,Broad Market; Developed ex-US; Equity; Factor
IDX,IDX,VanEck Indonesia Index ETF,NYSE, ,Y,N,,,ETF,Equity,Plain,Broad Market,United States,Broad Market; Equity; Plain; United States
IDYN,IDYN,iShares International Equity Factor Rotation Active ETF,NYSE, ,Y,N,,,ETF,Equity,Active,Broad Market,United States,Active; Broad Market; Equity; United States
IEV,IEV,iShares Europe ETF,NYSE, ,Y,N,,,ETF,Equity,Plain,Broad Market,Europe,Broad Market; Equity; Europe; Plain
IFEB,IFEB,Innovator International Developed Power Buffer ETF  February,NYSE, ,Y,N,,,ETF,Equity,Plain,Broad Market,Developed ex-US,Broad Market; Developed ex-US; Equity; Plain
IFLN,IFLN,Invesco Bloomberg Enhanced Fallen Angels ETF,NYSE, ,Y,N,,,ETF,Equity,Plain,Broad Market,United States,Broad Market; Equity; Plain; United States
IFLO,IFLO,VictoryShares International Free Cash Flow ETF,NASDAQ,G,Y,N,,,ETF,Equity,Plain,Broad Market,United States,Broad Market; Equity; Plain; United States
IFLR,IFLR,Innovator International Developed Managed Floor ETF,NYSE, ,Y,N,,,ETF,Equity,Plain,Broad Market,Developed ex-US,Broad Market; Developed ex-US; Equity; Plain
IFV,IFV,First Trust Dorsey Wright International Focus 5 ETF,NASDAQ,G,Y,N,,,ETF,Equity,Plain,Broad Market,United States,Broad Market; Equity; Plain; United States
IGM,IGM,iShares Expanded Tech Sector ETF,NYSE, ,Y,N,,,ETF,Equity,Plain,Broad Market,United States,Broad Market; Equity; Plain; United States
IGTR,IGTR,Innovator Gradient Tactical Rotation Strategy ETF,NYSE, ,Y,N,,,ETF,Equity,Plain,Broad Market,United States,Broad Market; Equity; Plain; United States
IIGD,IIGD,Invesco Investment Grade Defensive ETF,NYSE, ,Y,N,,,ETF,Equity,Plain,Broad Market,United States,Broad Market; Equity; Plain; United States
IJAN,IJAN,Innovator International Developed Power Buffer ETF January,NYSE, ,Y,N,,,ETF,Equity,Plain,Broad Market,Developed ex-US,Broad Market; Developed ex-US; Equity; Plain
IJH,IJH,iShares Core S&P Mid-Cap ETF,NYSE, ,Y,N,,,ETF,Equity,Plain,Broad Market,United States,Broad Market; Equity; Plain; United States
IJR,IJR,iShares Core S&P Small-Cap ETF,NYSE, ,Y,N,,,ETF,Equity,Plain,Broad Market,United States,Broad Market; Equity; Plain; United States
IJUL,IJUL,Innovator International Developed Power Buffer ETF  July,NYSE, ,Y,N,,,ETF,Equity,Plain,Broad Market,Developed ex-US,Broad Market; Developed ex-US; Equity; Plain
IJUN,IJUN,Innovator International Developed Power Buffer ETF June,NYSE, ,Y,N,,,ETF,Equity,Plain,Broad Market,Developed ex-US,Broad Market; Developed ex-US; Equity; Plain
ILCB,ILCB,iShares Morningstar Large-Cap ETF,NYSE, ,Y,N,,,ETF,Equity,Plain,Broad Market,United States,Broad Market; Equity; Plain; United States
ILDR,ILDR,First Trust Innovation Leaders ETF,NYSE, ,Y,N,,,ETF,Equity,Plain,Broad Market,United States,Broad Market; Equity; Plain; United States
ILF,ILF,iShares Latin America 40 ETF,NYSE, ,Y,N,,,ETF,Equity,Plain,Broad Market,United States,Broad Market; Equity; Plain; United States
IMAR,IMAR,Innovator International Developed Power Buffer ETF  March,NYSE, ,Y,N,,,ETF,Equity,Plain,Broad Market,Developed ex-US,Broad Market; Developed ex-US; Equity; Plain
IMAY,IMAY,Innovator International Developed Power Buffer ETF - May,NYSE, ,Y,N,,,ETF,Equity,Plain,Broad Market,Developed ex-US,Broad Market; Developed ex-US; Equity; Plain
IMCB,IMCB,iShares Morningstar Mid-Cap ETF,NYSE, ,Y,N,,,ETF,Equity,Plain,Broad Market,United States,Broad Market; Equity; Plain; United States
IMVP,IMVP,Invesco India ETF,NYSE, ,Y,N,,,ETF,Equity,Plain,Broad Market,India,Broad Market; Equity; India; Plain
INCO,INCO,Columbia India Consumer ETF,NYSE, ,Y,N,,,ETF,Equity,Plain,Broad Market,India,Broad Market; Equity; India; Plain
INDE,INDE,Matthews India Active ETF,NYSE, ,Y,N,,,ETF,Equity,Active,Broad Market,India,Active; Broad Market; Equity; India
INDH,INDH,WisdomTree India Hedged Equity Fund,NASDAQ,G,Y,N,,,ETF,Equity,Plain,Broad Market,India,Broad Market; Equity; India; Plain
INDQ,INDQ,Pacer ActiveAlpha India Quality ETF,NASDAQ,G,Y,N,,,ETF,Equity,Active; Factor,Broad Market,India,Active; Broad Market; Equity; Factor; India
INDY,INDY,iShares India 50 ETF,NASDAQ,G,Y,N,,,ETF,Equity,Plain,Broad Market,India,Broad Market; Equity; India; Plain
INDZ,INDZ,VanEck India Select ETF,NYSE, ,Y,N,,,ETF,Equity,Plain,Broad Market,India,Broad Market; Equity; India; Plain
INFL,INFL,Horizon Kinetics Inflation Beneficiaries ETF,NYSE, ,Y,N,,,ETF,Equity,Plain,Broad Market,United States,Broad Market; Equity; Plain; United States
INOV,INOV,Innovator International Developed Power Buffer ETF  November,NYSE, ,Y,N,,,ETF,Equity,Plain,Broad Market,Developed ex-US,Broad Market; Developed ex-US; Equity; Plain
INRO,INRO,iShares U.S. Industry Rotation Active ETF,NASDAQ,G,Y,N,,,ETF,Equity,Active,Broad Market,United States,Active; Broad Market; Equity; United States
INTF,INTF,iShares International Equity Factor ETF,NYSE, ,Y,N,,,ETF,Equity,Plain,Broad Market,United States,Broad Market; Equity; Plain; United States
INTW,INTW,GraniteShares 2x Long INTC Daily ETF,NASDAQ,G,Y,N,,,ETF,Equity,Plain,Broad Market,United States,Broad Market; Equity; Plain; United States
INVG,INVG,GMO Systematic Investment Grade Credit ETF,NYSE, ,Y,N,,,ETF,Equity,Plain,Broad Market,United States,Broad Market; Equity; Plain; United States
IOCT,IOCT,Innovator International Developed Power Buffer ETF - October,NYSE, ,Y,N,,,ETF,Equity,Plain,Broad Market,Developed ex-US,Broad Market; Developed ex-US; Equity; Plain
IONL,IONL,GraniteShares 2x Long IONQ Daily ETF,NASDAQ,G,Y,N,,,ETF,Equity,Plain,Broad Market,United States,Broad Market; Equity; Plain; United States
IONX,IONX,Defiance Daily Target 2X Long IONQ ETF,NASDAQ,G,Y,N,,,ETF,Equity,Plain,Broad Market,United States,Broad Market; Equity; Plain; United States
IOO,IOO,iShares Global 100 ETF,NYSE, ,Y,N,,,ETF,Equity,Plain,Broad Market,Global,Broad Market; Equity; Global; Plain
IOPP,IOPP,Simplify Tara India Opportunities ETF,NYSE, ,Y,N,,,ETF,Equity,Plain,Broad Market,India,Broad Market; Equity; India; Plain
IOYY,IOYY,GraniteShares YieldBOOST IONQ ETF,NASDAQ,G,Y,N,,,ETF,Equity,Dividend/Income,Broad Market,United States,Broad Market; Dividend/Income; Equity; United States
IPB,IPB,"Merrill Lynch & Co., Inc. 6.0518% Index Plus Trust Certificates Series 2003-1",NYSE, ,Y,N,,,ETF,Equity,Plain,Broad Market,United States,Broad Market; Equity; Plain; United States
IPKW,IPKW,Invesco International BuyBack Achievers ETF,NASDAQ,G,Y,N,,,ETF,Equity,Plain,Broad Market,United States,Broad Market; Equity; Plain; United States
IPO,IPO,Renaissance IPO ETF,NYSE, ,Y,N,,,ETF,Equity,Plain,Broad Market,United States,Broad Market; Equity; Plain; United States
IPOS,IPOS,Renaissance Capital Greenwich Fund,NYSE, ,Y,N,,,ETF,Equity,Plain,Broad Market,United States,Broad Market; Equity; Plain; United States
IQRA,IQRA,NYLI CBRE Real Assets ETF,NYSE, ,Y,N,,,ETF,Equity,Plain,Broad Market,United States,Broad Market; Equity; Plain; United States
IQSI,IQSI,NYLI Candriam International Equity ETF,NYSE, ,Y,N,,,ETF,Equity,Plain,Broad Market,United States,Broad Market; Equity; Plain; United States
IRE,IRE,Defiance Daily Target 2X Long IREN ETF,NYSE, ,Y,N,,,ETF,Equity,Plain,Broad Market,United States,Broad Market; Equity; Plain; United States
IRTR,IRTR,iShares LifePath Retirement ETF,NYSE, ,Y,N,,,ETF,Equity,Plain,Broad Market,United States,Broad Market; Equity; Plain; United States
IRVH,IRVH,Global X Interest Rate Volatility & Inflation Hedge ETF,NYSE, ,Y,N,,,ETF,Equity,Plain,Broad Market,Global,Broad Market; Equity; Global; Plain
ISCB,ISCB,iShares Morningstar Small-Cap ETF,NYSE, ,Y,N,,,ETF,Equity,Plain,Broad Market,United States,Broad Market; Equity; Plain; United States
ISCF,ISCF,iShares International Small-Cap Equity Factor ETF,NYSE, ,Y,N,,,ETF,Equity,Plain,Broad Market,United States,Broad Market; Equity; Plain; United States
ISEP,ISEP,Innovator International Developed Power Buffer ETF  September,NYSE, ,Y,N,,,ETF,Equity,Plain,Broad Market,Developed ex-US,Broad Market; Developed ex-US; Equity; Plain
ISRA,ISRA,VanEck Israel ETF,NYSE, ,Y,N,,,ETF,Equity,Plain,Broad Market,United States,Broad Market; Equity; Plain; United States
ISTM,ISTM,iShares Strategic Metals ETF,NASDAQ,G,Y,N,,,ETF,Equity,Plain,Broad Market,United States,Broad Market; Equity; Plain; United States
ISUL,ISUL,GraniteShares 2x Long ISRG Daily ETF,NASDAQ,G,Y,N,,,ETF,Equity,Plain,Broad Market,United States,Broad Market; Equity; Plain; United States
ISWN,ISWN,Amplify BlackSwan ISWN ETF,NYSE, ,Y,N,,,ETF,Equity,Plain,Broad Market,United States,Broad Market; Equity; Plain; United States
ITDB,ITDB,iShares LifePath Target Date 2030 ETF,NYSE, ,Y,N,,,ETF,Equity,Plain,Broad Market,United States,Broad Market; Equity; Plain; United States
ITDC,ITDC,iShares LifePath Target Date 2035 ETF,NYSE, ,Y,N,,,ETF,Equity,Plain,Broad Market,United States,Broad Market; Equity; Plain; United States
ITDD,ITDD,iShares LifePath Target Date 2040 ETF,NYSE, ,Y,N,,,ETF,Equity,Plain,Broad Market,United States,Broad Market; Equity; Plain; United States
ITDE,ITDE,iShares LifePath Target Date 2045 ETF,NYSE, ,Y,N,,,ETF,Equity,Plain,Broad Market,United States,Broad Market; Equity; Plain; United States
ITDF,ITDF,iShares LifePath Target Date 2050 ETF,NYSE, ,Y,N,,,ETF,Equity,Plain,Broad Market,United States,Broad Market; Equity; Plain; United States
ITDG,ITDG,iShares LifePath Target Date 2055 ETF,NYSE, ,Y,N,,,ETF,Equity,Plain,Broad Market,United States,Broad Market; Equity; Plain; United States
ITDH,ITDH,iShares LifePath Target Date 2060 ETF,NYSE, ,Y,N,,,ETF,Equity,Plain,Broad Market,United States,Broad Market; Equity; Plain; United States
ITDI,ITDI,iShares LifePath Target Date 2065 ETF,NYSE, ,Y,N,,,ETF,Equity,Plain,Broad Market,United States,Broad Market; Equity; Plain; United States
ITDJ,ITDJ,iShares LifePath Target Date 2070 ETF,NYSE, ,Y,N,,,ETF,Equity,Plain,Broad Market,United States,Broad Market; Equity; Plain; United States
ITEQ,ITEQ,Amplify BlueStar Israel Technology ETF,NYSE, ,Y,N,,,ETF,Equity,Plain,Broad Market,United States,Broad Market; Equity; Plain; United States
ITOT,ITOT,iShares Core S&P Total U.S. Stock Market ETF,NYSE, ,Y,N,,,ETF,Equity,Plain,Broad Market,United States,Broad Market; Equity; Plain; United States
IUS,IUS,Invesco RAFI Strategic US ETF,NASDAQ,G,Y,N,,,ETF,Equity,Plain,Broad Market,United States,Broad Market; Equity; Plain; United States
IVOL,IVOL,Quadratic Interest Rate Volatility and Inflation Hedge ETF,NYSE, ,Y,N,,,ETF,Equity,Plain,Broad Market,United States,Broad Market; Equity; Plain; United States
IVOO,IVOO,Vanguard S&P Mid-Cap 400 ETF,NYSE, ,Y,N,,,ETF,Equity,Plain,Broad Market,United States,Broad Market; Equity; Plain; United States
IVRS,IVRS,iShares Future Metaverse Tech and Communications ETF,NYSE, ,Y,N,,,ETF,Equity,Plain,Broad Market,United States,Broad Market; Equity; Plain; United States
IVSI,IVSI,Applied Finance IVS International Large ETF,NASDAQ,G,Y,N,,,ETF,Equity,Plain,Broad Market,United States,Broad Market; Equity; Plain; United States
IVSS,IVSS,Applied Finance IVS US SMID ETF,NASDAQ,G,Y,N,,,ETF,Equity,Plain,Broad Market,United States,Broad Market; Equity; Plain; United States
IVSX,IVSX,Applied Finance IVS International SMID ETF,NASDAQ,G,Y,N,,,ETF,Equity,Plain,Broad Market,United States,Broad Market; Equity; Plain; United States
IWC,IWC,iShares Microcap ETF,NYSE, ,Y,N,,,ETF,Equity,Plain,Broad Market,United States,Broad Market; Equity; Plain; United States
IWMY,IWMY,Defiance R2000 Weekly Distribution ETF,NYSE, ,Y,N,,,ETF,Equity,Dividend/Income,Broad Market,United States,Broad Market; Dividend/Income; Equity; United States
IXG,IXG,iShares Global Financial ETF,NYSE, ,Y,N,,,ETF,Equity,Plain,Broad Market,Global,Broad Market; Equity; Global; Plain
IXN,IXN,iShares Global Tech ETF,NYSE, ,Y,N,,,ETF,Equity,Plain,Broad Market,Global,Broad Market; Equity; Global; Plain
IXP,IXP,iShares Global Comm Services ETF,NYSE, ,Y,N,,,ETF,Equity,Plain,Broad Market,Global,Broad Market; Equity; Global; Plain
IYF,IYF,iShares U.S. Financial ETF,NYSE, ,Y,N,,,ETF,Equity,Plain,Broad Market,United States,Broad Market; Equity; Plain; United States
IYW,IYW,iShares U.S. Technology ETF,NYSE, ,Y,N,,,ETF,Equity,Plain,Broad Market,United States,Broad Market; Equity; Plain; United States
JA,JA,Janus Henderson AA-A CLO ETF,NYSE, ,Y,N,,,ETF,Equity,Plain,Broad Market,United States,Broad Market; Equity; Plain; United States
JAAA,JAAA,Janus Henderson AAA CLO ETF,NYSE, ,Y,N,,,ETF,Equity,Plain,Broad Market,United States,Broad Market; Equity; Plain; United States
JABS,JABS,Janus Henderson Asset-Backed Securities ETF,NYSE, ,Y,N,,,ETF,Equity,Plain,Broad Market,United States,Broad Market; Equity; Plain; United States
JADE,JADE,JPMorgan Active Developing Markets Equity ETF,NYSE, ,Y,N,,,ETF,Equity,Active,Broad Market,United States,Active; Broad Market; Equity; United States
JAPN,JAPN,Horizon Kinetics Japan Owner Operator ETF,NASDAQ,G,Y,N,,,ETF,Equity,Plain,Broad Market,Japan,Broad Market; Equity; Japan; Plain
JCHI,JCHI,JPMorgan Active China ETF,NYSE, ,Y,N,,,ETF,Equity,Active,Broad Market,China,Active; Broad Market; China; Equity
JEDI,JEDI,Defiance Drone and Modern Warfare ETF,NYSE, ,Y,N,,,ETF,Equity,Plain,Broad Market,United States,Broad Market; Equity; Plain; United States
JEMA,JEMA,JPMorgan ActiveBuilders Emerging Markets Equity ETF,NASDAQ,G,Y,N,,,ETF,Equity,Active,Broad Market,Emerging Markets,Active; Broad Market; Emerging Markets; Equity
JETS,JETS,U.S. Global Jets ETF,NYSE, ,Y,N,,,ETF,Equity,Plain,Broad Market,Global; United States,Broad Market; Equity; Global; Plain; United States
JFLX,JFLX,JPMorgan Flexible Debt ETF,NYSE, ,Y,N,,,ETF,Equity,Plain,Broad Market,United States,Broad Market; Equity; Plain; United States
JGLO,JGLO,JPMorgan Global Select Equity ETF,NASDAQ,G,Y,N,,,ETF,Equity,Plain,Broad Market,Global,Broad Market; Equity; Global; Plain
JHAC,JHAC,John Hancock Fundamental All Cap Core ETF,NYSE, ,Y,N,,,ETF,Equity,Plain,Broad Market,United States,Broad Market; Equity; Plain; United States
JHDG,JHDG,John Hancock Hedged Equity ETF,NYSE, ,Y,N,,,ETF,Equity,Plain,Broad Market,United States,Broad Market; Equity; Plain; United States
JHEM,JHEM,John Hancock Multifactor Emerging Markets ETF,NYSE, ,Y,N,,,ETF,Equity,Plain,Broad Market,Emerging Markets,Broad Market; Emerging Markets; Equity; Plain
JHLN,JHLN,John Hancock Global Senior Loan ETF,NYSE, ,Y,N,,,ETF,Equity,Plain,Broad Market,Global,Broad Market; Equity; Global; Plain
JHMB,JHMB,John Hancock Mortgage-Backed Securities ETF,NYSE, ,Y,N,,,ETF,Equity,Plain,Broad Market,United States,Broad Market; Equity; Plain; United States
JHMD,JHMD,John Hancock Multifactor Developed International ETF,NYSE, ,Y,N,,,ETF,Equity,Plain,Broad Market,United States,Broad Market; Equity; Plain; United States
JIDE,JIDE,JPMorgan International Dynamic ETF,NYSE, ,Y,N,,,ETF,Equity,Plain,Broad Market,United States,Broad Market; Equity; Plain; United States
JIRE,JIRE,JPMorgan International Research Enhanced Equity ETF,NYSE, ,Y,N,,,ETF,Equity,Plain,Broad Market,United States,Broad Market; Equity; Plain; United States
JMBS,JMBS,Janus Henderson Mortgage-Backed Securities ETF,NYSE, ,Y,N,,,ETF,Equity,Plain,Broad Market,United States,Broad Market; Equity; Plain; United States
JMTG,JMTG,JPMorgan Mortgage-Backed Securities ETF,NYSE, ,Y,N,,,ETF,Equity,Plain,Broad Market,United States,Broad Market; Equity; Plain; United States
JOJO,JOJO,ATAC Credit Rotation ETF,NYSE, ,Y,N,,,ETF,Equity,Plain,Broad Market,United States,Broad Market; Equity; Plain; United States
JPAN,JPAN,Matthews Japan Active ETF,NYSE, ,Y,N,,,ETF,Equity,Active,Broad Market,Japan,Active; Broad Market; Equity; Japan
JPEF,JPEF,JPMorgan Equity Focus ETF,NASDAQ,G,Y,N,,,ETF,Equity,Plain,Broad Market,United States,Broad Market; Equity; Plain; United States
JPEM,JPEM,JPMorgan Diversified Return Emerging Markets Equity ETF,NYSE, ,Y,N,,,ETF,Equity,Plain,Broad Market,Emerging Markets,Broad Market; Emerging Markets; Equity; Plain
JPFP,JPFP,JPMorgan Managed Futures Plus ETF,NASDAQ,G,Y,N,,,ETF,Equity,Plain,Broad Market,United States,Broad Market; Equity; Plain; United States
JPIN,JPIN,JPMorgan Diversified Return International Equity ETF,NYSE, ,Y,N,,,ETF,Equity,Plain,Broad Market,United States,Broad Market; Equity; Plain; United States
JPUS,JPUS,JPMorgan Diversified Return U.S. Equity ETF,NYSE, ,Y,N,,,ETF,Equity,Plain,Broad Market,United States,Broad Market; Equity; Plain; United States
JPXN,JPXN,iShares JPX-Nikkei 400 ETF,NYSE, ,Y,N,,,ETF,Equity,Plain,Broad Market,United States,Broad Market; Equity; Plain; United States
JPY,JPY,Lazard Japanese Equity ETF,NASDAQ,G,Y,N,,,ETF,Equity,Plain,Broad Market,Japan,Broad Market; Equity; Japan; Plain
JSTC,JSTC,Adasina Social Justice All Cap Global ETF,NYSE, ,Y,N,,,ETF,Equity,Plain,Broad Market,Global,Broad Market; Equity; Global; Plain
JTEK,JTEK,JPMorgan U.S. Tech Leaders ETF,NASDAQ,G,Y,N,,,ETF,Equity,Plain,Broad Market,United States,Broad Market; Equity; Plain; United States
KAT,KAT,Scharf ETF,NASDAQ,G,Y,N,,,ETF,Equity,Plain,Broad Market,United States,Broad Market; Equity; Plain; United States
KBAB,KBAB,KraneShares 2x Long BABA Daily ETF,NASDAQ,G,Y,N,,,ETF,Equity,Plain,Broad Market,United States,Broad Market; Equity; Plain; United States
KBDU,KBDU,KraneShares 2x Long BIDU Daily ETF,NASDAQ,G,Y,N,,,ETF,Equity,Plain,Broad Market,United States,Broad Market; Equity; Plain; United States
KBUF,KBUF,KraneShares 90% KWEB Defined Outcome January 2027 ETF,NYSE, ,Y,N,,,ETF,Equity,Plain,Broad Market,United States,Broad Market; Equity; Plain; United States
KCAI,KCAI,KraneShares China Alpha Index ETF,NYSE, ,Y,N,,,ETF,Equity,Plain,Broad Market,China,Broad Market; China; Equity; Plain
KCCA,KCCA,KraneShares California Carbon Allowance Strategy ETF,NYSE, ,Y,N,,,ETF,Equity,Plain,Broad Market,United States,Broad Market; Equity; Plain; United States
KEAT,KEAT,Keating Active ETF,NASDAQ,G,Y,N,,,ETF,Equity,Active,Broad Market,United States,Active; Broad Market; Equity; United States
KEMQ,KEMQ,KraneShares Emerging Markets Consumer Technology Index ETF,NYSE, ,Y,N,,,ETF,Equity,Plain,Broad Market,Emerging Markets,Broad Market; Emerging Markets; Equity; Plain
KJD,KJD,KraneShares 2x Long JD Daily ETF,NASDAQ,G,Y,N,,,ETF,Equity,Plain,Broad Market,United States,Broad Market; Equity; Plain; United States
KMID,KMID,Virtus KAR Mid-Cap ETF,NYSE, ,Y,N,,,ETF,Equity,Plain,Broad Market,United States,Broad Market; Equity; Plain; United States
KMLI,KMLI,KraneShares 2x Long MELI Daily ETF,NASDAQ,G,Y,N,,,ETF,Equity,Plain,Broad Market,United States,Broad Market; Equity; Plain; United States
KMLM,KMLM,KraneShares Mount Lucas Managed Futures Index Strategy ETF,NYSE, ,Y,N,,,ETF,Equity,Plain,Broad Market,United States,Broad Market; Equity; Plain; United States
KNCT,KNCT,Invesco Next Gen Connectivity ETF,NYSE, ,Y,N,,,ETF,Equity,Plain,Broad Market,United States,Broad Market; Equity; Plain; United States
KNO,KNO,AXS Knowledge Leaders ETF,NYSE, ,Y,N,,,ETF,Equity,Plain,Broad Market,United States,Broad Market; Equity; Plain; United States
KOMP,KOMP,State Street SPDR S&P Kensho New Economies Composite ETF,NYSE, ,Y,N,,,ETF,Equity,Plain,Broad Market,United States,Broad Market; Equity; Plain; United States
KOOL,KOOL,North Shore Equity Rotation ETF,NYSE, ,Y,N,,,ETF,Equity,Plain,Broad Market,United States,Broad Market; Equity; Plain; United States
KPDD,KPDD,KraneShares 2x Long PDD Daily ETF,NASDAQ,G,Y,N,,,ETF,Equity,Plain,Broad Market,United States,Broad Market; Equity; Plain; United States
KPRO,KPRO,KraneShares 100% KWEB Defined Outcome January 2027 ETF,NYSE, ,Y,N,,,ETF,Equity,Plain,Broad Market,United States,Broad Market; Equity; Plain; United States
KQQQ,KQQQ,Kurv Technology Titans Select ETF,NASDAQ,G,Y,N,,,ETF,Equity,Plain,Broad Market,United States,Broad Market; Equity; Plain; United States
KRBN,KRBN,KraneShares Global Carbon Strategy ETF,NYSE, ,Y,N,,,ETF,Equity,Plain,Broad Market,Global,Broad Market; Equity; Global; Plain
KRMA,KRMA,Global X Conscious Companies ETF,NASDAQ,G,Y,N,,,ETF,Equity,Plain,Broad Market,Global; United States,Broad Market; Equity; Global; Plain; United States
KSPY,KSPY,KraneShares Hedgeye Hedged Equity Index ETF,NYSE, ,Y,N,,,ETF,Equity,Plain,Broad Market,United States,Broad Market; Equity; Plain; United States
KSTR,KSTR,KraneShares SSE STAR Market 50 Index ETF,NYSE, ,Y,N,,,ETF,Equity,Plain,Broad Market,United States,Broad Market; Equity; Plain; United States
KTEC,KTEC,KraneShares Hang Seng TECH Index ETF,NYSE, ,Y,N,,,ETF,Equity,Plain,Broad Market,United States,Broad Market; Equity; Plain; United States
LALT,LALT,First Trust Multi-Strategy Alternative ETF,NYSE, ,Y,N,,,ETF,Equity,Plain,Broad Market,United States,Broad Market; Equity; Plain; United States
LCDL,LCDL,GraniteShares 2x Long LCID Daily ETF,NASDAQ,G,Y,N,,,ETF,Equity,Plain,Broad Market,United States,Broad Market; Equity; Plain; United States
LCDS,LCDS,JPMorgan Fundamental Data Science Large Core ETF,NASDAQ,G,Y,N,,,ETF,Equity,Plain,Broad Market,United States,Broad Market; Equity; Plain; United States
LCO,LCO,LOGIQ Contrarian Opportunities ETF,NYSE, ,Y,N,,,ETF,Equity,Plain,Broad Market,United States,Broad Market; Equity; Plain; United States
LCR,LCR,Leuthold Core ETF,NYSE, ,Y,N,,,ETF,Equity,Plain,Broad Market,United States,Broad Market; Equity; Plain; United States
LCTD,LCTD,iShares World ex U.S. Carbon Transition Readiness Aware Active ETF,NYSE, ,Y,N,,,ETF,Equity,Active,Broad Market,Global; United States,Active; Broad Market; Equity; Global; United States
LCTU,LCTU,iShares U.S. Carbon Transition Readiness Aware Active ETF,NYSE, ,Y,N,,,ETF,Equity,Active,Broad Market,United States,Active; Broad Market; Equity; United States
LDRC,LDRC,iShares iBonds 1-5 Year Corporate Ladder ETF,NYSE, ,Y,N,,,ETF,Equity,Target Maturity,Broad Market,United States,Broad Market; Equity; Target Maturity; United States
LDRI,LDRI,iShares iBonds 1-5 Year TIPS Ladder ETF,NYSE, ,Y,N,,,ETF,Equity,Target Maturity,Broad Market,United States,Broad Market; Equity; Target Maturity; United States
LDRX,LDRX,SGI Enhanced Market Leaders ETF,NASDAQ,G,Y,N,,,ETF,Equity,Plain,Broad Market,United States,Broad Market; Equity; Plain; United States
LDSF,LDSF,First Trust Low Duration Strategic Focus ETF,NASDAQ,G,Y,N,,,ETF,Equity,Plain,Broad Market,United States,Broad Market; Equity; Plain; United States
LDUR,LDUR,PIMCO Enhanced Low Duration Active Exchange-Traded Fund,NYSE, ,Y,N,,,ETF,Equity,Active,Broad Market,United States,Active; Broad Market; Equity; United States
LEGR,LEGR,First Trust Indxx Innovative Transaction & Process ETF,NASDAQ,G,Y,N,,,ETF,Equity,Plain,Broad Market,United States,Broad Market; Equity; Plain; United States
LEXI,LEXI,Alexis Practical Tactical ETF,NASDAQ,G,Y,N,,,ETF,Equity,Plain,Broad Market,United States,Broad Market; Equity; Plain; United States
LFEQ,LFEQ,VanEck Long/Flat Trend ETF,NYSE, ,Y,N,,,ETF,Equity,Plain,Broad Market,United States,Broad Market; Equity; Plain; United States
LGCF,LGCF,Themes US Cash Flow Champions ETF,NASDAQ,G,Y,N,,,ETF,Equity,Plain,Broad Market,United States,Broad Market; Equity; Plain; United States
LGH,LGH,HCM Defender 500 Index ETF,NYSE, ,Y,N,,,ETF,Equity,Plain,Broad Market,United States,Broad Market; Equity; Plain; United States
LGHT,LGHT,Langar Global HealthTech ETF,NYSE, ,Y,N,,,ETF,Equity,Plain,Broad Market,Global,Broad Market; Equity; Global; Plain
LGOV,LGOV,First Trust Long Duration Opportunities ETF,NYSE, ,Y,N,,,ETF,Equity,Plain,Broad Market,United States,Broad Market; Equity; Plain; United States
LLYX,LLYX,Defiance Daily Target 2X Long LLY ETF,NYSE, ,Y,N,,,ETF,Equity,Plain,Broad Market,United States,Broad Market; Equity; Plain; United States
LMBS,LMBS,First Trust Low Duration Opportunities ETF,NASDAQ,G,Y,N,,,ETF,Equity,Plain,Broad Market,United States,Broad Market; Equity; Plain; United States
LMNX,LMNX,Defiance Daily Target 2x Long LMND ETF,NASDAQ,G,Y,N,,,ETF,Equity,Plain,Broad Market,United States,Broad Market; Equity; Plain; United States
LOGO,LOGO,Alpha Brands Consumption Leaders ETF,NASDAQ,G,Y,N,,,ETF,Equity,Plain,Broad Market,United States,Broad Market; Equity; Plain; United States
LONZ,LONZ,PIMCO Senior Loan Active Exchange-Traded Fund,NYSE, ,Y,N,,,ETF,Equity,Active,Broad Market,United States,Active; Broad Market; Equity; United States
LOPP,LOPP,Gabelli Love Our Planet & People ETF Gabelli Love Our Planet & People ETF,NYSE, ,Y,N,,,ETF,Equity,Plain,Broad Market,United States,Broad Market; Equity; Plain; United States
LQ,LQ,Simplify Tax Aware Alternatives ETF,NASDAQ,G,Y,N,,,ETF,Equity,Plain,Broad Market,United States,Broad Market; Equity; Plain; United States
LRGF,LRGF,iShares U.S. Equity Factor ETF,NYSE, ,Y,N,,,ETF,Equity,Plain,Broad Market,United States,Broad Market; Equity; Plain; United States
LSAF,LSAF,LeaderShares AlphaFactor US Core Equity ETF,NYSE, ,Y,N,,,ETF,Equity,Plain,Broad Market,United States,Broad Market; Equity; Plain; United States
LSAT,LSAT,LeaderShares AlphaFactor Tactical Focused ETF,NYSE, ,Y,N,,,ETF,Equity,Plain,Broad Market,United States,Broad Market; Equity; Plain; United States
LST,LST,Leuthold Select Industries ETF,NYSE, ,Y,N,,,ETF,Equity,Plain,Broad Market,United States,Broad Market; Equity; Plain; United States
LTAX,LTAX,Nomura Tax-Free USA ETF,NYSE, ,Y,N,,,ETF,Equity,Plain,Broad Market,United States,Broad Market; Equity; Plain; United States
LTCC,LTCC,Canary Litecoin ETF,NASDAQ,G,Y,N,,,ETF,Equity,Plain,Broad Market,United States,Broad Market; Equity; Plain; United States
LTPZ,LTPZ,Pimco 15  Year U.S. TIPS Index Exchange-Traded Fund,NYSE, ,Y,N,,,ETF,Equity,Plain,Broad Market,United States,Broad Market; Equity; Plain; United States
MAAY,MAAY,GraniteShares YieldBOOST MARA ETF,NASDAQ,G,Y,N,,,ETF,Equity,Dividend/Income,Broad Market,United States,Broad Market; Dividend/Income; Equity; United States
MARB,MARB,First Trust Merger Arbitrage ETF,NYSE, ,Y,N,,,ETF,Equity,Plain,Broad Market,United States,Broad Market; Equity; Plain; United States
MATE,MATE,Man Active Trend Enhanced ETF,NASDAQ,G,Y,N,,,ETF,Equity,Active,Broad Market,United States,Active; Broad Market; Equity; United States
MBB,MBB,iShares MBS ETF,NASDAQ,G,Y,N,,,ETF,Equity,Plain,Broad Market,United States,Broad Market; Equity; Plain; United States
MBS,MBS,Angel Oak Mortgage-Backed Securities ETF,NASDAQ,G,Y,N,,,ETF,Equity,Plain,Broad Market,United States,Broad Market; Equity; Plain; United States
MBSD,MBSD,FlexShares Disciplined Duration MBS Index Fund,NYSE, ,Y,N,,,ETF,Equity,Plain,Broad Market,United States,Broad Market; Equity; Plain; United States
MBSF,MBSF,Regan Floating Rate MBS ETF,NYSE, ,Y,N,,,ETF,Equity,Plain,Broad Market,United States,Broad Market; Equity; Plain; United States
MBSX,MBSX,Regan Fixed Rate MBS ETF,NYSE, ,Y,N,,,ETF,Equity,Plain,Broad Market,United States,Broad Market; Equity; Plain; United States
MCDS,MCDS,JPMorgan Fundamental Data Science Mid Core ETF,NASDAQ,G,Y,N,,,ETF,Equity,Plain,Broad Market,United States,Broad Market; Equity; Plain; United States
MCH,MCH,Matthews China Active ETF,NYSE, ,Y,N,,,ETF,Equity,Active,Broad Market,China,Active; Broad Market; China; Equity
MCHS,MCHS,Matthews China Innovators Active ETF,NASDAQ,G,Y,N,,,ETF,Equity,Active,Broad Market,China,Active; Broad Market; China; Equity
MCVT,MCVT,Miller Convertible Total Return ETF,NYSE, ,Y,N,,,ETF,Equity,Plain,Broad Market,United States,Broad Market; Equity; Plain; United States
MDY,MDY,State Street SPDR S&P MIDCAP 400 ETF Trust,NYSE, ,Y,N,,,ETF,Equity,Plain,Broad Market,United States,Broad Market; Equity; Plain; United States
MEDX,MEDX,Horizon Kinetics Medical ETF,NASDAQ,G,Y,N,,,ETF,Equity,Plain,Broad Market,United States,Broad Market; Equity; Plain; United States
MEM,MEM,Matthews Emerging Markets Equity Active ETF,NYSE, ,Y,N,,,ETF,Equity,Active,Broad Market,Emerging Markets,Active; Broad Market; Emerging Markets; Equity
MEMA,MEMA,Man Active Emerging Markets Alternative ETF,NASDAQ,G,Y,N,,,ETF,Equity,Active,Broad Market,Emerging Markets,Active; Broad Market; Emerging Markets; Equity
MEME,MEME,Roundhill Meme Stock ETF,NYSE, ,Y,N,,,ETF,Equity,Plain,Broad Market,United States,Broad Market; Equity; Plain; United States
MEMS,MEMS,Matthews Emerging Markets Discovery Active ETF,NASDAQ,G,Y,N,,,ETF,Equity,Active,Broad Market,Emerging Markets,Active; Broad Market; Emerging Markets; Equity
MEMX,MEMX,Matthews Emerging Markets ex China Active ETF,NYSE, ,Y,N,,,ETF,Equity,Active,Broad Market,Emerging Markets; China,Active; Broad Market; China; Emerging Markets; Equity
METV,METV,Roundhill Ball Metaverse ETF,NYSE, ,Y,N,,,ETF,Equity,Plain,Broad Market,United States,Broad Market; Equity; Plain; United States
MFDX,MFDX,PIMCO RAFI Dynamic Multi-Factor International Equity ETF,NYSE, ,Y,N,,,ETF,Equity,Plain,Broad Market,United States,Broad Market; Equity; Plain; United States
MFEM,MFEM,PIMCO RAFI Dynamic Multi-Factor Emerging Markets Equity ETF,NYSE, ,Y,N,,,ETF,Equity,Plain,Broad Market,Emerging Markets,Broad Market; Emerging Markets; Equity; Plain
MFSI,MFSI,MFS Active International ETF,NYSE, ,Y,N,,,ETF,Equity,Active,Broad Market,United States,Active; Broad Market; Equity; United States
MFUS,MFUS,PIMCO RAFI Dynamic Multi-Factor U.S. Equity ETF,NYSE, ,Y,N,,,ETF,Equity,Plain,Broad Market,United States,Broad Market; Equity; Plain; United States
MGC,MGC,Vanguard Mega Cap ETF,NYSE, ,Y,N,,,ETF,Equity,Plain,Broad Market,United States,Broad Market; Equity; Plain; United States
MGNR,MGNR,American Beacon Select Funds American Beacon GLG Natural Resources ETF,NYSE, ,Y,N,,,ETF,Equity,Plain,Broad Market,United States,Broad Market; Equity; Plain; United States
MIDE,MIDE,Xtrackers S&P MidCap 400 Scored & Screened ETF,NYSE, ,Y,N,,,ETF,Equity,Plain,Broad Market,United States,Broad Market; Equity; Plain; United States
MIGO,MIGO,MIG Core ETF,NYSE, ,Y,N,,,ETF,Equity,Plain,Broad Market,United States,Broad Market; Equity; Plain; United States
MILN,MILN,Global X Millennial Consumer ETF,NASDAQ,G,Y,N,,,ETF,Equity,Plain,Broad Market,Global,Broad Market; Equity; Global; Plain
MINV,MINV,Matthews Asia Innovators Active ETF,NYSE, ,Y,N,,,ETF,Equity,Active,Broad Market,Asia Pacific,Active; Asia Pacific; Broad Market; Equity
MJ,MJ,Amplify Alternative Harvest ETF,NYSE, ,Y,N,,,ETF,Equity,Plain,Broad Market,United States,Broad Market; Equity; Plain; United States
MKAM,MKAM,MKAM ETF,NASDAQ,G,Y,N,,,ETF,Equity,Plain,Broad Market,United States,Broad Market; Equity; Plain; United States
MKOR,MKOR,Matthews Korea Active ETF,NYSE, ,Y,N,,,ETF,Equity,Active,Broad Market,South Korea,Active; Broad Market; Equity; South Korea
MKTN,MKTN,Federated Hermes MDT Market Neutral ETF,NYSE, ,Y,N,,,ETF,Equity,Plain,Broad Market,United States,Broad Market; Equity; Plain; United States
MLPA,MLPA,Global X MLP ETF,NYSE, ,Y,N,,,ETF,Equity,Plain,Broad Market,Global,Broad Market; Equity; Global; Plain
MMK,MMK,State Street Prime Money Market ETF,NYSE, ,Y,N,,,ETF,Equity,Plain,Broad Market,United States,Broad Market; Equity; Plain; United States
MMKT,MMKT,Texas Capital Government Money Market ETF,NYSE, ,Y,N,,,ETF,Equity,Plain,Broad Market,United States,Broad Market; Equity; Plain; United States
MNA,MNA,NYLI Merger Arbitrage ETF,NYSE, ,Y,N,,,ETF,Equity,Plain,Broad Market,United States,Broad Market; Equity; Plain; United States
MNVT,MNVT,Moonvest ETF,NASDAQ,G,Y,N,,,ETF,Equity,Plain,Broad Market,United States,Broad Market; Equity; Plain; United States
MODL,MODL,VictoryShares WestEnd U.S. Sector ETF,NASDAQ,G,Y,N,,,ETF,Equity,Plain,Broad Market,United States,Broad Market; Equity; Plain; United States
MOO,MOO,VanEck Agribusiness ETF,NYSE, ,Y,N,,,ETF,Equity,Plain,Broad Market,United States,Broad Market; Equity; Plain; United States
MOTO,MOTO,Guinness Atkinson Smart Transportation & Technology ETF,NYSE, ,Y,N,,,ETF,Equity,Plain,Broad Market,United States,Broad Market; Equity; Plain; United States
MPL,MPL,Defiance Daily Target 2X Long MP ETF,NYSE, ,Y,N,,,ETF,Equity,Plain,Broad Market,United States,Broad Market; Equity; Plain; United States
MQQQ,MQQQ,Tradr 2X Long Innovation 100 Monthly ETF,NASDAQ,G,Y,N,,,ETF,Equity,Plain,Broad Market,United States,Broad Market; Equity; Plain; United States
MRA,MRA,GraniteShares Autocallable MARA ETF,NASDAQ,G,Y,N,,,ETF,Equity,Plain,Broad Market,United States,Broad Market; Equity; Plain; United States
MRAL,MRAL,GraniteShares 2x Long MARA Daily ETF,NASDAQ,G,Y,N,,,ETF,Equity,Plain,Broad Market,United States,Broad Market; Equity; Plain; United States
MRSK,MRSK,Toews Agility Shares Managed Risk ETF,NYSE, ,Y,N,,,ETF,Equity,Plain,Broad Market,United States,Broad Market; Equity; Plain; United States
MSFL,MSFL,GraniteShares 2x Long MSFT Daily ETF,NASDAQ,G,Y,N,,,ETF,Equity,Plain,Broad Market,United States,Broad Market; Equity; Plain; United States
MSOS,MSOS,AdvisorShares Pure US Cannabis ETF,NYSE, ,Y,N,,,ETF,Equity,Plain,Broad Market,United States,Broad Market; Equity; Plain; United States
MSR,MSR,GraniteShares Autocallable MSTR ETF,NASDAQ,G,Y,N,,,ETF,Equity,Plain,Broad Market,United States,Broad Market; Equity; Plain; United States
MSTP,MSTP,GraniteShares 2x Long MSTR Daily ETF,NASDAQ,G,Y,N,,,ETF,Equity,Plain,Broad Market,United States,Broad Market; Equity; Plain; United States
MSTX,MSTX,Defiance Daily Target 2x Long MSTR ETF,NASDAQ,G,Y,N,,,ETF,Equity,Plain,Broad Market,United States,Broad Market; Equity; Plain; United States
MTBA,MTBA,Simplify MBS ETF,NYSE, ,Y,N,,,ETF,Equity,Plain,Broad Market,United States,Broad Market; Equity; Plain; United States
MTYY,MTYY,GraniteShares YieldBOOST MSTR ETF,NASDAQ,G,Y,N,,,ETF,Equity,Dividend/Income,Broad Market,United States,Broad Market; Dividend/Income; Equity; United States
MULL,MULL,GraniteShares 2x Long MU Daily ETF,NASDAQ,G,Y,N,,,ETF,Equity,Plain,Broad Market,United States,Broad Market; Equity; Plain; United States
MUNA,MUNA,Northern Trust 2030 Tax-Exempt Distributing Ladder ETF,NYSE, ,Y,N,,,ETF,Equity,Plain,Broad Market,United States,Broad Market; Equity; Plain; United States
MUNB,MUNB,Northern Trust 2035 Tax-Exempt Distributing Ladder ETF,NYSE, ,Y,N,,,ETF,Equity,Plain,Broad Market,United States,Broad Market; Equity; Plain; United States
MUNC,MUNC,Northern Trust 2045 Tax-Exempt Distributing Ladder ETF,NYSE, ,Y,N,,,ETF,Equity,Plain,Broad Market,United States,Broad Market; Equity; Plain; United States
MUND,MUND,Northern Trust 2055 Tax-Exempt Distributing Ladder ETF,NYSE, ,Y,N,,,ETF,Equity,Plain,Broad Market,United States,Broad Market; Equity; Plain; United States
MUSQ,MUSQ,MUSQ Global Music Industry Index ETF,NYSE, ,Y,N,,,ETF,Equity,Plain,Broad Market,Global,Broad Market; Equity; Global; Plain
MUYY,MUYY,GraniteShares YieldBOOST MU ETF,NASDAQ,G,Y,N,,,ETF,Equity,Dividend/Income,Broad Market,United States,Broad Market; Dividend/Income; Equity; United States
MVLL,MVLL,GraniteShares 2x Long MRVL Daily ETF,NASDAQ,G,Y,N,,,ETF,Equity,Plain,Broad Market,United States,Broad Market; Equity; Plain; United States
NACP,NACP,Impact Shares NAACP Minority Empowerment ETF,NYSE, ,Y,N,,,ETF,Equity,Plain,Broad Market,United States,Broad Market; Equity; Plain; United States
NANR,NANR,State Street SPDR S&P North American Natural Resources ETF,NYSE, ,Y,N,,,ETF,Equity,Plain,Broad Market,United States,Broad Market; Equity; Plain; United States
NASA,NASA,Tema Space Innovators ETF,NYSE, ,Y,N,,,ETF,Equity,Plain,Broad Market,United States,Broad Market; Equity; Plain; United States
NBCE,NBCE,Neuberger China Equity ETF,NYSE, ,Y,N,,,ETF,Equity,Plain,Broad Market,China,Broad Market; China; Equity; Plain
NBCR,NBCR,Neuberger Core Equity ETF,NYSE, ,Y,N,,,ETF,Equity,Plain,Broad Market,United States,Broad Market; Equity; Plain; United States
NBDS,NBDS,Neuberger Disrupters ETF,NYSE, ,Y,N,,,ETF,Equity,Plain,Broad Market,United States,Broad Market; Equity; Plain; United States
NBIE,NBIE,Neuberger International Core Equity ETF,NYSE, ,Y,N,,,ETF,Equity,Plain,Broad Market,United States,Broad Market; Equity; Plain; United States
NBIL,NBIL,GraniteShares 2x Long NBIS Daily ETF,NASDAQ,G,Y,N,,,ETF,Equity,Plain,Broad Market,United States,Broad Market; Equity; Plain; United States
NBJP,NBJP,Neuberger Japan Equity ETF,NYSE, ,Y,N,,,ETF,Equity,Plain,Broad Market,Japan,Broad Market; Equity; Japan; Plain
NCLO,NCLO,Nuveen AA-BBB CLO ETF,NYSE, ,Y,N,,,ETF,Equity,Plain,Broad Market,United States,Broad Market; Equity; Plain; United States
NDIA,NDIA,Global X India Active ETF,NYSE, ,Y,N,,,ETF,Equity,Active,Broad Market,Global; India,Active; Broad Market; Equity; Global; India
NICO,NICO,Hexis Active Nicotine Engagement ETF,NYSE, ,Y,N,,,ETF,Equity,Active,Broad Market,United States,Active; Broad Market; Equity; United States
NITE,NITE,The Nightview Fund NITE,NYSE, ,Y,N,,,ETF,Equity,Plain,Broad Market,United States,Broad Market; Equity; Plain; United States
NIXT,NIXT,Research Affiliates Deletions ETF,NASDAQ,G,Y,N,,,ETF,Equity,Plain,Broad Market,United States,Broad Market; Equity; Plain; United States
NOEQ,NOEQ,Northern Trust US Equity ETF,NYSE, ,Y,N,,,ETF,Equity,Plain,Broad Market,United States,Broad Market; Equity; Plain; United States
NOWL,NOWL,GraniteShares 2x Long NOW Daily ETF,NASDAQ,G,Y,N,,,ETF,Equity,Plain,Broad Market,United States,Broad Market; Equity; Plain; United States
NRES,NRES,Xtrackers RREEF Global Natural Resources ETF,NASDAQ,G,Y,N,,,ETF,Equity,Plain,Broad Market,Global,Broad Market; Equity; Global; Plain
NRSH,NRSH,Aztlan North America Nearshoring Stock Selection ETF,NYSE, ,Y,N,,,ETF,Equity,Plain,Broad Market,United States,Broad Market; Equity; Plain; United States
NTSD,NTSD,WisdomTree Efficient U.S. Plus International Equity Fund,NYSE, ,Y,N,,,ETF,Equity,Plain,Broad Market,United States,Broad Market; Equity; Plain; United States
NTSE,NTSE,WisdomTree Emerging Markets Efficient Core Fund,NYSE, ,Y,N,,,ETF,Equity,Plain,Broad Market,Emerging Markets,Broad Market; Emerging Markets; Equity; Plain
NTSI,NTSI,WisdomTree International Efficient Core Fund,NYSE, ,Y,N,,,ETF,Equity,Plain,Broad Market,United States,Broad Market; Equity; Plain; United States
NTSX,NTSX,WisdomTree U.S. Efficient Core Fund,NYSE, ,Y,N,,,ETF,Equity,Plain,Broad Market,United States,Broad Market; Equity; Plain; United States
NVDL,NVDL,GraniteShares 2x Long NVDA Daily ETF,NASDAQ,G,Y,N,,,ETF,Equity,Plain,Broad Market,United States,Broad Market; Equity; Plain; United States
NVOH,NVOH,Novo Nordisk A/S B Shares ADRhedged,NYSE, ,Y,N,,,ETF,Equity,Plain,Broad Market,United States,Broad Market; Equity; Plain; United States
NVOX,NVOX,Defiance Daily Target 2X Long NVO ETF,NYSE, ,Y,N,,,ETF,Equity,Plain,Broad Market,United States,Broad Market; Equity; Plain; United States
NVYY,NVYY,GraniteShares YieldBOOST NVDA ETF,NASDAQ,G,Y,N,,,ETF,Equity,Dividend/Income,Broad Market,United States,Broad Market; Dividend/Income; Equity; United States
NXTE,NXTE,AXS Green Alpha ETF,NYSE, ,Y,N,,,ETF,Equity,Plain,Broad Market,United States,Broad Market; Equity; Plain; United States
NXTG,NXTG,First Trust Indxx NextG ETF,NASDAQ,G,Y,N,,,ETF,Equity,Plain,Broad Market,United States,Broad Market; Equity; Plain; United States
NYSX,NYSX,Global X NYSE 100 ETF,NYSE, ,Y,N,,,ETF,Equity,Plain,Broad Market,Global,Broad Market; Equity; Global; Plain
OAEM,OAEM,OneAscent Emerging Markets ETF,NYSE, ,Y,N,,,ETF,Equity,Plain,Broad Market,Emerging Markets,Broad Market; Emerging Markets; Equity; Plain
OAIM,OAIM,OneAscent International Equity ETF,NYSE, ,Y,N,,,ETF,Equity,Plain,Broad Market,United States,Broad Market; Equity; Plain; United States
OCIO,OCIO,ClearShares OCIO ETF,NYSE, ,Y,N,,,ETF,Equity,Plain,Broad Market,United States,Broad Market; Equity; Plain; United States
OEF,OEF,iShares S&P 100 Fund,NYSE, ,Y,N,,,ETF,Equity,Plain,Broad Market,United States,Broad Market; Equity; Plain; United States
OGSP,OGSP,Obra High Grade Structured Products ETF,NYSE, ,Y,N,,,ETF,Equity,Plain,Broad Market,United States,Broad Market; Equity; Plain; United States
OKLL,OKLL,Defiance Daily Target 2x Long OKLO ETF,NASDAQ,G,Y,N,,,ETF,Equity,Plain,Broad Market,United States,Broad Market; Equity; Plain; United States
ONOF,ONOF,Global X Adaptive U.S. Risk Management ETF,NYSE, ,Y,N,,,ETF,Equity,Plain,Broad Market,Global; United States,Broad Market; Equity; Global; Plain; United States
OOSP,OOSP,Obra Opportunistic Structured Products ETF,NYSE, ,Y,N,,,ETF,Equity,Plain,Broad Market,United States,Broad Market; Equity; Plain; United States
OPPE,OPPE,WisdomTree European Opportunities Fund,NYSE, ,Y,N,,,ETF,Equity,Plain,Broad Market,Europe,Broad Market; Equity; Europe; Plain
OPPJ,OPPJ,WisdomTree Japan Opportunities Fund,NASDAQ,G,Y,N,,,ETF,Equity,Plain,Broad Market,Japan,Broad Market; Equity; Japan; Plain
OPTZ,OPTZ,Optimize Strategy Index ETF,NASDAQ,G,Y,N,,,ETF,Equity,Plain,Broad Market,United States,Broad Market; Equity; Plain; United States
ORBX,ORBX,Global X Space Tech ETF,NASDAQ,G,Y,N,,,ETF,Equity,Plain,Broad Market,Global,Broad Market; Equity; Global; Plain
ORCX,ORCX,Defiance Daily Target 2X Long ORCL ETF,NASDAQ,G,Y,N,,,ETF,Equity,Plain,Broad Market,United States,Broad Market; Equity; Plain; United States
OSCX,OSCX,Defiance Daily Target 2x Long OSCR ETF,NASDAQ,G,Y,N,,,ETF,Equity,Plain,Broad Market,United States,Broad Market; Equity; Plain; United States
OSEA,OSEA,Harbor International Compounders ETF,NYSE, ,Y,N,,,ETF,Equity,Plain,Broad Market,United States,Broad Market; Equity; Plain; United States
OTGL,OTGL,OTG Latin America ETF,NASDAQ,G,Y,N,,,ETF,Equity,Plain,Broad Market,United States,Broad Market; Equity; Plain; United States
OWNS,OWNS,Quaker Investment Trust CCM Affordable Housing MBS ETF,NYSE, ,Y,N,,,ETF,Equity,Plain,Broad Market,United Kingdom,Broad Market; Equity; Plain; United Kingdom
OZEM,OZEM,Roundhill GLP-1 & Weight Loss ETF,NASDAQ,G,Y,N,,,ETF,Equity,Plain,Broad Market,United States,Broad Market; Equity; Plain; United States
PAAA,PAAA,PGIM AAA CLO ETF,NYSE, ,Y,N,,,ETF,Equity,Plain,Broad Market,United States,Broad Market; Equity; Plain; United States
PAMC,PAMC,Pacer Lunt MidCap Multi-Factor Alternator ETF,NYSE, ,Y,N,,,ETF,Equity,Plain,Broad Market,United States,Broad Market; Equity; Plain; United States
PCLN,PCLN,Pictet Cleaner Planet ETF,NYSE, ,Y,N,,,ETF,Equity,Plain,Broad Market,United States,Broad Market; Equity; Plain; United States
PCLO,PCLO,VIRTUS SEIX AAA Private Credit CLO ETF,NYSE, ,Y,N,,,ETF,Equity,Plain,Broad Market,United States,Broad Market; Equity; Plain; United States
PCMM,PCMM,BondBloxx Private Credit CLO ETF,NASDAQ,G,Y,N,,,ETF,Equity,Plain,Broad Market,United States,Broad Market; Equity; Plain; United States
PCPI,PCPI,PIMCO Inflation PLUS Active Exchange-Traded Fund,NASDAQ,G,Y,N,,,ETF,Equity,Active,Broad Market,United States,Active; Broad Market; Equity; United States
PCR,PCR,Simplify VettaFi Private Credit Strategy ETF,NYSE, ,Y,N,,,ETF,Equity,Plain,Broad Market,United States,Broad Market; Equity; Plain; United States
PCY,PCY,Invesco Emerging Markets Sovereign Debt ETF,NYSE, ,Y,N,,,ETF,Equity,Plain,Broad Market,Emerging Markets,Broad Market; Emerging Markets; Equity; Plain
PDDL,PDDL,GraniteShares 2x Long PDD Daily ETF,NASDAQ,G,Y,N,,,ETF,Equity,Plain,Broad Market,United States,Broad Market; Equity; Plain; United States
PDN,PDN,Invesco RAFI Developed Markets ex-U.S. Small-Mid ETF,NYSE, ,Y,N,,,ETF,Equity,Plain,Broad Market,Developed ex-US; United States,Broad Market; Developed ex-US; Equity; Plain; United States
PEMX,PEMX,Putnam Emerging Markets ex-China ETF,NYSE, ,Y,N,,,ETF,Equity,Plain,Broad Market,Emerging Markets; China,Broad Market; China; Emerging Markets; Equity; Plain
PEPS,PEPS,Parametric Equity Plus ETF,NASDAQ,G,Y,N,,,ETF,Equity,Plain,Broad Market,United States,Broad Market; Equity; Plain; United States
PEVC,PEVC,Pacer PE/VC ETF,NYSE, ,Y,N,,,ETF,Equity,Plain,Broad Market,United States,Broad Market; Equity; Plain; United States
PEXL,PEXL,Pacer US Export Leaders ETF,NYSE, ,Y,N,,,ETF,Equity,Plain,Broad Market,United States,Broad Market; Equity; Plain; United States
PFDE,PFDE,Pathfinder Disciplined US Equity ETF,NASDAQ,G,Y,N,,,ETF,Equity,Plain,Broad Market,United States,Broad Market; Equity; Plain; United States
PFFA,PFFA,Virtus InfraCap U.S. Preferred Stock ETF,NYSE, ,Y,N,,,ETF,Equity,Plain,Broad Market,United States,Broad Market; Equity; Plain; United States
PFFD,PFFD,Global X U.S. Preferred ETF,NYSE, ,Y,N,,,ETF,Equity,Plain,Broad Market,Global; United States,Broad Market; Equity; Global; Plain; United States
PFFV,PFFV,Global X Variable Rate Preferred ETF,NYSE, ,Y,N,,,ETF,Equity,Plain,Broad Market,Global,Broad Market; Equity; Global; Plain
PFIX,PFIX,Simplify Interest Rate Hedge ETF,NYSE, ,Y,N,,,ETF,Equity,Plain,Broad Market,United States,Broad Market; Equity; Plain; United States
PFOE,PFOE,Pathfinder Focused Opportunities ETF,NASDAQ,G,Y,N,,,ETF,Equity,Plain,Broad Market,United States,Broad Market; Equity; Plain; United States
PFXF,PFXF,VanEck Preferred Securities ex Financials ETF,NYSE, ,Y,N,,,ETF,Equity,Plain,Broad Market,United States,Broad Market; Equity; Plain; United States
PGF,PGF,Invesco Financial Preferred ETF,NYSE, ,Y,N,,,ETF,Equity,Plain,Broad Market,United States,Broad Market; Equity; Plain; United States
PGJ,PGJ,Invesco Golden Dragon China ETF,NASDAQ,G,Y,N,,,ETF,Equity,Plain,Broad Market,China,Broad Market; China; Equity; Plain
PGRI,PGRI,Putnam International Stock ETF,NYSE, ,Y,N,,,ETF,Equity,Plain,Broad Market,United States,Broad Market; Equity; Plain; United States
PGX,PGX,Invesco Preferred ETF,NYSE, ,Y,N,,,ETF,Equity,Plain,Broad Market,United States,Broad Market; Equity; Plain; United States
PHEQ,PHEQ,Parametric Hedged Equity ETF,NYSE, ,Y,N,,,ETF,Equity,Plain,Broad Market,United States,Broad Market; Equity; Plain; United States
PJIO,PJIO,PGIM Jennison International Opportunities ETF,NYSE, ,Y,N,,,ETF,Equity,Plain,Broad Market,United States,Broad Market; Equity; Plain; United States
PKW,PKW,Invesco BuyBack Achievers ETF,NASDAQ,G,Y,N,,,ETF,Equity,Plain,Broad Market,United States,Broad Market; Equity; Plain; United States
PLA,PLA,GraniteShares Autocallable PLTR ETF,NASDAQ,G,Y,N,,,ETF,Equity,Plain,Broad Market,United States,Broad Market; Equity; Plain; United States
PLYY,PLYY,GraniteShares YieldBOOST PLTR ETF,NASDAQ,G,Y,N,,,ETF,Equity,Dividend/Income,Broad Market,United States,Broad Market; Dividend/Income; Equity; United States
PMBS,PMBS,PIMCO Mortgage-Backed Securities Active Exchange-Traded Fund,NASDAQ,G,Y,N,,,ETF,Equity,Active,Broad Market,United States,Active; Broad Market; Equity; United States
PMMF,PMMF,iShares Prime Money Market ETF,NYSE, ,Y,N,,,ETF,Equity,Plain,Broad Market,United States,Broad Market; Equity; Plain; United States
POW,POW,VistaShares Electrification Supercycle ETF,NYSE, ,Y,N,,,ETF,Equity,Plain,Broad Market,United States,Broad Market; Equity; Plain; United States
POWA,POWA,Invesco Bloomberg Pricing Power ETF,NYSE, ,Y,N,,,ETF,Equity,Plain,Broad Market,United States,Broad Market; Equity; Plain; United States
PPI,PPI,Astoria Real Assets ETF,NASDAQ,G,Y,N,,,ETF,Equity,Plain,Broad Market,United States,Broad Market; Equity; Plain; United States
PRAB,PRAB,State Street IG Public & Private ABS ETF,NYSE, ,Y,N,,,ETF,Equity,Plain,Broad Market,United States,Broad Market; Equity; Plain; United States
PRAY,PRAY,FIS Christian Stock Fund,NYSE, ,Y,N,,,ETF,Equity,Plain,Broad Market,United States,Broad Market; Equity; Plain; United States
PRCS,PRCS,Parnassus Core Select ETF,NYSE, ,Y,N,,,ETF,Equity,Plain,Broad Market,United States,Broad Market; Equity; Plain; United States
PREF,PREF,Principal Spectrum Preferred Securities Active ETF,NYSE, ,Y,N,,,ETF,Equity,Active,Broad Market,United States,Active; Broad Market; Equity; United States
PRF,PRF,Invesco RAFI US 1000 ETF,NYSE, ,Y,N,,,ETF,Equity,Plain,Broad Market,United States,Broad Market; Equity; Plain; United States
PRFD,PRFD,PIMCO Preferred and Capital Securities Active Exchange-Traded Fund,NYSE, ,Y,N,,,ETF,Equity,Active,Broad Market,United States,Active; Broad Market; Equity; United States
PRFZ,PRFZ,Invesco RAFI US 1500 Small-Mid ETF,NASDAQ,G,Y,N,,,ETF,Equity,Plain,Broad Market,United States,Broad Market; Equity; Plain; United States
PRIV,PRIV,State Street IG Public & Private Credit ETF,NYSE, ,Y,N,,,ETF,Equity,Plain,Broad Market,United States,Broad Market; Equity; Plain; United States
PRMR,PRMR,PeakShares RMR Prime Equity ETF,NASDAQ,G,Y,N,,,ETF,Equity,Plain,Broad Market,United States,Broad Market; Equity; Plain; United States
PSC,PSC,Principal U.S. Small-Cap ETF,NASDAQ,G,Y,N,,,ETF,Equity,Plain,Broad Market,United States,Broad Market; Equity; Plain; United States
PSCF,PSCF,Invesco S&P SmallCap Financials ETF,NASDAQ,G,Y,N,,,ETF,Equity,Plain,Broad Market,United States,Broad Market; Equity; Plain; United States
PSCT,PSCT,Invesco S&P SmallCap Information Technology ETF,NASDAQ,G,Y,N,,,ETF,Equity,Plain,Broad Market,United States,Broad Market; Equity; Plain; United States
PSET,PSET,Principal Quality ETF,NASDAQ,G,Y,N,,,ETF,Equity,Factor,Broad Market,United States,Broad Market; Equity; Factor; United States
PSIL,PSIL,AdvisorShares Psychedelics ETF,NYSE, ,Y,N,,,ETF,Equity,Plain,Broad Market,United States,Broad Market; Equity; Plain; United States
PSK,PSK,State Street SPDR ICE Preferred Securities ETF,NYSE, ,Y,N,,,ETF,Equity,Plain,Broad Market,United States,Broad Market; Equity; Plain; United States
PSP,PSP,Invesco Global Listed Private Equity ETF,NYSE, ,Y,N,,,ETF,Equity,Plain,Broad Market,Global,Broad Market; Equity; Global; Plain
PSTP,PSTP,Innovator Power Buffer Step-Up Strategy ETF,NYSE, ,Y,N,,,ETF,Equity,Plain,Broad Market,United States,Broad Market; Equity; Plain; United States
PSTR,PSTR,PeakShares Sector Rotation ETF,NASDAQ,G,Y,N,,,ETF,Equity,Plain,Broad Market,United States,Broad Market; Equity; Plain; United States
PTIN,PTIN,Pacer Trendpilot International ETF,NYSE, ,Y,N,,,ETF,Equity,Plain,Broad Market,United States,Broad Market; Equity; Plain; United States
PTIR,PTIR,GraniteShares 2x Long PLTR Daily ETF,NASDAQ,G,Y,N,,,ETF,Equity,Plain,Broad Market,United States,Broad Market; Equity; Plain; United States
PTL,PTL,Inspire 500 ETF,NYSE, ,Y,N,,,ETF,Equity,Plain,Broad Market,United States,Broad Market; Equity; Plain; United States
PTNQ,PTNQ,Pacer Trendpilot 100 ETF,NASDAQ,G,Y,N,,,ETF,Equity,Plain,Broad Market,United States,Broad Market; Equity; Plain; United States
PWRD,PWRD,TCW Transform Systems ETF,NASDAQ,G,Y,N,,,ETF,Equity,Plain,Broad Market,United States,Broad Market; Equity; Plain; United States
PXF,PXF,Invesco RAFI Developed Markets ex-U.S. ETF,NYSE, ,Y,N,,,ETF,Equity,Plain,Broad Market,Developed ex-US; United States,Broad Market; Developed ex-US; Equity; Plain; United States
PXH,PXH,Invesco RAFI Emerging Markets ETF,NYSE, ,Y,N,,,ETF,Equity,Plain,Broad Market,Emerging Markets,Broad Market; Emerging Markets; Equity; Plain
QAI,QAI,NYLI Hedge Multi-Strategy Tracker ETF,NYSE, ,Y,N,,,ETF,Equity,Plain,Broad Market,United States,Broad Market; Equity; Plain; United States
QALT,QALT,SEI DBi Multi-Strategy Alternative ETF,NASDAQ,G,Y,N,,,ETF,Equity,Plain,Broad Market,United States,Broad Market; Equity; Plain; United States
QBIG,QBIG,Invesco Top QQQ ETF,NASDAQ,G,Y,N,,,ETF,Equity,Plain,Broad Market,United States,Broad Market; Equity; Plain; United States
QBY,QBY,GraniteShares YieldBoost QBTS ETF,NASDAQ,G,Y,N,,,ETF,Equity,Dividend/Income,Broad Market,United States,Broad Market; Dividend/Income; Equity; United States
QCML,QCML,GraniteShares 2x Long QCOM Daily ETF,NASDAQ,G,Y,N,,,ETF,Equity,Plain,Broad Market,United States,Broad Market; Equity; Plain; United States
QEW,QEW,Invesco QQQ Equal Weight ETF,NASDAQ,G,Y,N,,,ETF,Equity,Factor,Broad Market,United States,Broad Market; Equity; Factor; United States
QIDX,QIDX,Indexperts Quality Earnings Focused ETF,NYSE, ,Y,N,,,ETF,Equity,Factor,Broad Market,United States,Broad Market; Equity; Factor; United States
QINT,QINT,American Century Quality Diversified International ETF,NYSE, ,Y,N,,,ETF,Equity,Factor,Broad Market,United States,Broad Market; Equity; Factor; United States
QIS,QIS,Simplify Multi-QIS Alternative ETF,NYSE, ,Y,N,,,ETF,Equity,Plain,Broad Market,United States,Broad Market; Equity; Plain; United States
QLTI,QLTI,GMO International Quality ETF,NYSE, ,Y,N,,,ETF,Equity,Factor,Broad Market,United States,Broad Market; Equity; Factor; United States
QLTY,QLTY,GMO U.S. Quality ETF,NYSE, ,Y,N,,,ETF,Equity,Factor,Broad Market,United States,Broad Market; Equity; Factor; United States
QQH,QQH,HCM Defender 100 Index ETF,NYSE, ,Y,N,,,ETF,Equity,Plain,Broad Market,United States,Broad Market; Equity; Plain; United States
QQHG,QQHG,Invesco QQQ Hedged Advantage ETF,NASDAQ,G,Y,N,,,ETF,Equity,Plain,Broad Market,United States,Broad Market; Equity; Plain; United States
QQQ,QQQ,"Invesco QQQ Trust, Series 1",NASDAQ,G,Y,N,,,ETF,Equity,Plain,Broad Market,United States,Broad Market; Equity; Plain; United States
QQQP,QQQP,Tradr 2X Long Innovation 100 Quarterly ETF,NASDAQ,G,Y,N,,,ETF,Equity,Plain,Broad Market,United States,Broad Market; Equity; Plain; United States
QSU,QSU,Defiance Daily Target 2X Long QS ETF,NYSE, ,Y,N,,,ETF,Equity,Plain,Broad Market,United States,Broad Market; Equity; Plain; United States
QUIZ,QUIZ,Zacks Quality International ETF,NYSE, ,Y,N,,,ETF,Equity,Factor,Broad Market,United States,Broad Market; Equity; Factor; United States
QVMM,QVMM,Invesco S&P MidCap 400 QVM Multi-factor ETF,NYSE, ,Y,N,,,ETF,Equity,Plain,Broad Market,United States,Broad Market; Equity; Plain; United States
QVMS,QVMS,Invesco S&P SmallCap 600 QVM Multi-factor ETF,NYSE, ,Y,N,,,ETF,Equity,Plain,Broad Market,United States,Broad Market; Equity; Plain; United States
RAAA,RAAA,Reckoner Yield Enhanced AAA CLO ETF,NYSE, ,Y,N,,,ETF,Equity,Dividend/Income,Broad Market,United States,Broad Market; Dividend/Income; Equity; United States
RAAR,RAAR,Reckoner Yield Enhanced AAA CLO Reinvesting ETF,NYSE, ,Y,N,,,ETF,Equity,Dividend/Income,Broad Market,United States,Broad Market; Dividend/Income; Equity; United States
RAAX,RAAX,VanEck Real Assets ETF,NYSE, ,Y,N,,,ETF,Equity,Plain,Broad Market,United States,Broad Market; Equity; Plain; United States
RAAY,RAAY,Reckoner Yield Enhanced AAA CLO Annual ETF,NYSE, ,Y,N,,,ETF,Equity,Dividend/Income,Broad Market,United States,Broad Market; Dividend/Income; Equity; United States
RAFE,RAFE,PIMCO RAFI ESG U.S. ETF,NYSE, ,Y,N,,,ETF,Equity,ESG/Sustainable,Broad Market,United States,Broad Market; ESG/Sustainable; Equity; United States
RAUS,RAUS,RACWI US ETF,NASDAQ,G,Y,N,,,ETF,Equity,Plain,Broad Market,United States,Broad Market; Equity; Plain; United States
RAYJ,RAYJ,Rayliant SMDAM Japan Equity ETF,NYSE, ,Y,N,,,ETF,Equity,Plain,Broad Market,Japan,Broad Market; Equity; Japan; Plain
RCAX,RCAX,Defiance Daily Target 2x Long RCAT ETF,NASDAQ,G,Y,N,,,ETF,Equity,Plain,Broad Market,United States,Broad Market; Equity; Plain; United States
RCGE,RCGE,RockCreek Global Equality ETF,NASDAQ,G,Y,N,,,ETF,Equity,Factor,Broad Market,Global,Broad Market; Equity; Factor; Global
RCLO,RCLO,Reckoner BBB-B CLO ETF,NYSE, ,Y,N,,,ETF,Equity,Plain,Broad Market,United States,Broad Market; Equity; Plain; United States
RCLR,RCLR,Reckoner BBB-B CLO Reinvesting ETF,NYSE, ,Y,N,,,ETF,Equity,Plain,Broad Market,United States,Broad Market; Equity; Plain; United States
RCLY,RCLY,Reckoner BBB-B CLO Annual ETF,NYSE, ,Y,N,,,ETF,Equity,Plain,Broad Market,United States,Broad Market; Equity; Plain; United States
RDTL,RDTL,GraniteShares 2x Long RDDT Daily ETF,NASDAQ,G,Y,N,,,ETF,Equity,Plain,Broad Market,United States,Broad Market; Equity; Plain; United States
RECS,RECS,Columbia Research Enhanced Core ETF,NYSE, ,Y,N,,,ETF,Equity,Plain,Broad Market,United States,Broad Market; Equity; Plain; United States
REFA,REFA,Columbia Research Enhanced International Equity ETF,NYSE, ,Y,N,,,ETF,Equity,Plain,Broad Market,United States,Broad Market; Equity; Plain; United States
REMX,REMX,VanEck Rare Earth and Strategic Metals ETF,NYSE, ,Y,N,,,ETF,Equity,Plain,Broad Market,United States,Broad Market; Equity; Plain; United States
REXC,REXC,Sprott Rare Earths Ex-China ETF,NASDAQ,G,Y,N,,,ETF,Equity,Plain,Broad Market,China,Broad Market; China; Equity; Plain
RFDI,RFDI,First Trust RiverFront Dynamic Developed International ETF,NASDAQ,G,Y,N,,,ETF,Equity,Plain,Broad Market,United States,Broad Market; Equity; Plain; United States
RFEM,RFEM,First Trust RiverFront Dynamic Emerging Markets ETF,NASDAQ,G,Y,N,,,ETF,Equity,Plain,Broad Market,Emerging Markets,Broad Market; Emerging Markets; Equity; Plain
RFFC,RFFC,ALPS Active Equity Opportunity ETF,NYSE, ,Y,N,,,ETF,Equity,Active,Broad Market,United States,Active; Broad Market; Equity; United States
RGEF,RGEF,Rockefeller Global Equity ETF,NYSE, ,Y,N,,,ETF,Equity,Plain,Broad Market,Global,Broad Market; Equity; Global; Plain
RGTX,RGTX,Defiance Daily Target 2X Long RGTI ETF,NASDAQ,G,Y,N,,,ETF,Equity,Plain,Broad Market,United States,Broad Market; Equity; Plain; United States
RGYY,RGYY,GraniteShares YieldBoost RGTI ETF,NASDAQ,G,Y,N,,,ETF,Equity,Dividend/Income,Broad Market,United States,Broad Market; Dividend/Income; Equity; United States
RHRX,RHRX,RH Tactical Rotation ETF,NYSE, ,Y,N,,,ETF,Equity,Plain,Broad Market,United States,Broad Market; Equity; Plain; United States
RHTX,RHTX,RH Tactical Outlook ETF,NYSE, ,Y,N,,,ETF,Equity,Plain,Broad Market,United States,Broad Market; Equity; Plain; United States
RIOX,RIOX,Defiance Daily Target 2X Long RIOT ETF,NYSE, ,Y,N,,,ETF,Equity,Plain,Broad Market,United States,Broad Market; Equity; Plain; United States
RISE,RISE,Pictet Emerging Markets Rising Economies ETF,NYSE, ,Y,N,,,ETF,Equity,Plain,Broad Market,Emerging Markets,Broad Market; Emerging Markets; Equity; Plain
RISN,RISN,Inspire Capital Appreciation ETF,NYSE, ,Y,N,,,ETF,Equity,Plain,Broad Market,United States,Broad Market; Equity; Plain; United States
RKLX,RKLX,Defiance Daily Target 2X Long RKLB ETF,NASDAQ,G,Y,N,,,ETF,Equity,Plain,Broad Market,United States,Broad Market; Equity; Plain; United States
RMRC,RMRC,ARMOR Core Risk-Managed ETF,NYSE, ,Y,N,,,ETF,Equity,Plain,Broad Market,United States,Broad Market; Equity; Plain; United States
RND,RND,First Trust Bloomberg R&D Leaders ETF,NYSE, ,Y,N,,,ETF,Equity,Plain,Broad Market,United States,Broad Market; Equity; Plain; United States
RNEM,RNEM,Emerging Markets Equity Select ETF,NASDAQ,G,Y,N,,,ETF,Equity,Plain,Broad Market,Emerging Markets,Broad Market; Emerging Markets; Equity; Plain
ROAM,ROAM,Hartford Multifactor Emerging Markets ETF,NYSE, ,Y,N,,,ETF,Equity,Plain,Broad Market,Emerging Markets,Broad Market; Emerging Markets; Equity; Plain
ROBO,ROBO,ROBO Global Robotics and Automation Index ETF,NYSE, ,Y,N,,,ETF,Equity,Plain,Broad Market,Global,Broad Market; Equity; Global; Plain
ROCY,ROCY,JPMorgan Equity Premium Yield ETF,NASDAQ,G,Y,N,,,ETF,Equity,Dividend/Income,Broad Market,United States,Broad Market; Dividend/Income; Equity; United States
RODM,RODM,Hartford Multifactor Developed Markets (ex-US) ETF,NYSE, ,Y,N,,,ETF,Equity,Plain,Broad Market,Developed ex-US,Broad Market; Developed ex-US; Equity; Plain
ROE,ROE,Astoria US Equal Weight Quality Kings ETF,NASDAQ,G,Y,N,,,ETF,Equity,Factor,Broad Market,United States,Broad Market; Equity; Factor; United States
ROKT,ROKT,State Street SPDR S&P Kensho Final Frontiers ETF,NYSE, ,Y,N,,,ETF,Equity,Plain,Broad Market,United States,Broad Market; Equity; Plain; United States
RONB,RONB,Baron First Principles ETF,NYSE, ,Y,N,,,ETF,Equity,Plain,Broad Market,United States,Broad Market; Equity; Plain; United States
ROPE,ROPE,Coastal Compass 100 ETF,NYSE, ,Y,N,,,ETF,Equity,Plain,Broad Market,United States,Broad Market; Equity; Plain; United States
ROUS,ROUS,Hartford Multifactor U.S. Equity ETF,NYSE, ,Y,N,,,ETF,Equity,Plain,Broad Market,United States,Broad Market; Equity; Plain; United States
RPAR,RPAR,RPAR Risk Parity ETF,NYSE, ,Y,N,,,ETF,Equity,Plain,Broad Market,United States,Broad Market; Equity; Plain; United States
RSDE,RSDE,FT Vest U.S. Equity Equal Weight Buffer ETF - December,NYSE, ,Y,N,,,ETF,Equity,Factor,Broad Market,United States,Broad Market; Equity; Factor; United States
RSJN,RSJN,FT Vest U.S. Equity Equal Weight Buffer ETF - June,NYSE, ,Y,N,,,ETF,Equity,Factor,Broad Market,United States,Broad Market; Equity; Factor; United States
RSMR,RSMR,FT Vest U.S. Equity Equal Weight Buffer ETF - March,NYSE, ,Y,N,,,ETF,Equity,Factor,Broad Market,United States,Broad Market; Equity; Factor; United States
RSMV,RSMV,Relative Strength Managed Volatility Strategy ETF,NYSE, ,Y,N,,,ETF,Equity,Plain,Broad Market,United States,Broad Market; Equity; Plain; United States
RSSE,RSSE,FT Vest U.S. Equity Equal Weight Buffer ETF  September,NYSE, ,Y,N,,,ETF,Equity,Factor,Broad Market,United States,Broad Market; Equity; Factor; United States
RTYY,RTYY,GraniteShares YieldBoost RIOT ETF,NASDAQ,G,Y,N,,,ETF,Equity,Dividend/Income,Broad Market,United States,Broad Market; Dividend/Income; Equity; United States
RVER,RVER,Trenchless Fund ETF,NYSE, ,Y,N,,,ETF,Equity,Plain,Broad Market,United States,Broad Market; Equity; Plain; United States
RVNL,RVNL,GraniteShares 2x Long RIVN Daily ETF,NASDAQ,G,Y,N,,,ETF,Equity,Plain,Broad Market,United States,Broad Market; Equity; Plain; United States
RWEM,RWEM,Rayliant Wilshire NxtGen Emerging Markets Equity ETF,NYSE, ,Y,N,,,ETF,Equity,Plain,Broad Market,Emerging Markets,Broad Market; Emerging Markets; Equity; Plain
RWIN,RWIN,Rayliant NxtGen Multifactor International Equity ETF,NASDAQ,G,Y,N,,,ETF,Equity,Plain,Broad Market,United States,Broad Market; Equity; Plain; United States
RWJ,RWJ,Invesco S&P SmallCap 600 Revenue ETF,NYSE, ,Y,N,,,ETF,Equity,Plain,Broad Market,United States,Broad Market; Equity; Plain; United States
RWK,RWK,Invesco S&P MidCap 400 Revenue ETF,NYSE, ,Y,N,,,ETF,Equity,Plain,Broad Market,United States,Broad Market; Equity; Plain; United States
SAEF,SAEF,Schwab Ariel Opportunities ETF,NYSE, ,Y,N,,,ETF,Equity,Plain,Broad Market,United States,Broad Market; Equity; Plain; United States
SAPH,SAPH,SAP SE ADRhedged,NYSE, ,Y,N,,,ETF,Equity,Plain,Broad Market,United States,Broad Market; Equity; Plain; United States
SBIL,SBIL,Simplify Government Money Market ETF,NYSE, ,Y,N,,,ETF,Equity,Plain,Broad Market,United States,Broad Market; Equity; Plain; United States
SBIO,SBIO,ALPS Medical Breakthroughs ETF,NYSE, ,Y,N,,,ETF,Equity,Plain,Broad Market,United States,Broad Market; Equity; Plain; United States
SCA,SCA,GraniteShares Autocallable SMCI ETF,NASDAQ,G,Y,N,,,ETF,Equity,Plain,Broad Market,United States,Broad Market; Equity; Plain; United States
SCDS,SCDS,JPMorgan Fundamental Data Science Small Core ETF,NASDAQ,G,Y,N,,,ETF,Equity,Plain,Broad Market,United States,Broad Market; Equity; Plain; United States
SCHA,SCHA,Schwab U.S. Small-Cap ETF,NYSE, ,Y,N,,,ETF,Equity,Plain,Broad Market,United States,Broad Market; Equity; Plain; United States
SCHC,SCHC,Schwab International Small-Cap Equity ETF,NYSE, ,Y,N,,,ETF,Equity,Plain,Broad Market,United States,Broad Market; Equity; Plain; United States
SCHE,SCHE,Schwab Emerging Markets Equity ETF,NYSE, ,Y,N,,,ETF,Equity,Plain,Broad Market,Emerging Markets,Broad Market; Emerging Markets; Equity; Plain
SCHF,SCHF,Schwab International Equity ETF,NYSE, ,Y,N,,,ETF,Equity,Plain,Broad Market,United States,Broad Market; Equity; Plain; United States
SCHK,SCHK,Schwab 1000 Index ETF,NYSE, ,Y,N,,,ETF,Equity,Plain,Broad Market,United States,Broad Market; Equity; Plain; United States
SCHP,SCHP,Schwab U.S. TIPS ETF,NYSE, ,Y,N,,,ETF,Equity,Plain,Broad Market,United States,Broad Market; Equity; Plain; United States
SCHX,SCHX,Schwab U.S. Large-Cap ETF,NYSE, ,Y,N,,,ETF,Equity,Plain,Broad Market,United States,Broad Market; Equity; Plain; United States
SDMF,SDMF,Simplify DBi CTA Managed Futures Index ETF,NYSE, ,Y,N,,,ETF,Equity,Plain,Broad Market,United States,Broad Market; Equity; Plain; United States
SEA,SEA,U.S. Global Sea to Sky Cargo ETF,NYSE, ,Y,N,,,ETF,Equity,Plain,Broad Market,Global; United States,Broad Market; Equity; Global; Plain; United States
SEEM,SEEM,SEI Select Emerging Markets Equity ETF,NASDAQ,G,Y,N,,,ETF,Equity,Plain,Broad Market,Emerging Markets,Broad Market; Emerging Markets; Equity; Plain
SEIE,SEIE,SEI Select International Equity ETF,NASDAQ,G,Y,N,,,ETF,Equity,Plain,Broad Market,United States,Broad Market; Equity; Plain; United States
SEIX,SEIX,Virtus Seix Senior Loan ETF,NYSE, ,Y,N,,,ETF,Equity,Plain,Broad Market,United States,Broad Market; Equity; Plain; United States
SEMI,SEMI,Columbia Select Technology ETF,NYSE, ,Y,N,,,ETF,Equity,Plain,Broad Market,United States,Broad Market; Equity; Plain; United States
SFLR,SFLR,Innovator Equity Managed Floor ETF,NYSE, ,Y,N,,,ETF,Equity,Plain,Broad Market,United States,Broad Market; Equity; Plain; United States
SFTX,SFTX,Horizon International Managed Risk ETF,NYSE, ,Y,N,,,ETF,Equity,Plain,Broad Market,United States,Broad Market; Equity; Plain; United States
SFY,SFY,SoFi Select 500 ETF,NYSE, ,Y,N,,,ETF,Equity,Plain,Broad Market,United States,Broad Market; Equity; Plain; United States
SFYF,SFYF,SoFi Social 50 ETF,NYSE, ,Y,N,,,ETF,Equity,Plain,Broad Market,United States,Broad Market; Equity; Plain; United States
SGVT,SGVT,Schwab Government Money Market ETF,NYSE, ,Y,N,,,ETF,Equity,Plain,Broad Market,United States,Broad Market; Equity; Plain; United States
SHEH,SHEH,Shell plc ADRhedged,NYSE, ,Y,N,,,ETF,Equity,Plain,Broad Market,United States,Broad Market; Equity; Plain; United States
SHRY,SHRY,First Trust Bloomberg Shareholder Yield ETF,NASDAQ,G,Y,N,,,ETF,Equity,Dividend/Income,Broad Market,United States,Broad Market; Dividend/Income; Equity; United States
SHUS,SHUS,Stratified LargeCap Hedged ETF,NYSE, ,Y,N,,,ETF,Equity,Plain,Broad Market,United States,Broad Market; Equity; Plain; United States
SIMS,SIMS,State Street SPDR S&P Kensho Intelligent Structures ETF,NYSE, ,Y,N,,,ETF,Equity,Plain,Broad Market,United States,Broad Market; Equity; Plain; United States
SIOO,SIOO,VistaShares Target 15 S&P 100 Distribution ETF,NYSE, ,Y,N,,,ETF,Equity,Dividend/Income,Broad Market,United States,Broad Market; Dividend/Income; Equity; United States
SIXA,SIXA,ETC 6 Meridian Mega Cap Equity ETF,NYSE, ,Y,N,,,ETF,Equity,Plain,Broad Market,United States,Broad Market; Equity; Plain; United States
SIXL,SIXL,ETC 6 Meridian Low Beta Equity ETF,NYSE, ,Y,N,,,ETF,Equity,Plain,Broad Market,United States,Broad Market; Equity; Plain; United States
SJLD,SJLD,SanJac Alpha Low Duration ETF,NASDAQ,G,Y,N,,,ETF,Equity,Plain,Broad Market,United States,Broad Market; Equity; Plain; United States
SLNZ,SLNZ,TCW Senior Loan ETF,NYSE, ,Y,N,,,ETF,Equity,Plain,Broad Market,United States,Broad Market; Equity; Plain; United States
SMBS,SMBS,Schwab Mortgage-Backed Securities ETF,NYSE, ,Y,N,,,ETF,Equity,Plain,Broad Market,United States,Broad Market; Equity; Plain; United States
SMCL,SMCL,GraniteShares 2x Long SMCI Daily ETF,NASDAQ,G,Y,N,,,ETF,Equity,Plain,Broad Market,United States,Broad Market; Equity; Plain; United States
SMCO,SMCO,Hilton Small-MidCap Opportunity ETF,NASDAQ,G,Y,N,,,ETF,Equity,Plain,Broad Market,United States,Broad Market; Equity; Plain; United States
SMCX,SMCX,Defiance Daily Target 2X Long SMCI ETF,NASDAQ,G,Y,N,,,ETF,Equity,Plain,Broad Market,United States,Broad Market; Equity; Plain; United States
SMLF,SMLF,iShares U.S. Small-Cap Equity Factor ETF,NYSE, ,Y,N,,,ETF,Equity,Plain,Broad Market,United States,Broad Market; Equity; Plain; United States
SMRI,SMRI,Bushido Capital US Equity ETF,NASDAQ,G,Y,N,,,ETF,Equity,Plain,Broad Market,United States,Broad Market; Equity; Plain; United States
SMYY,SMYY,GraniteShares YieldBOOST SMCI ETF,NASDAQ,G,Y,N,,,ETF,Equity,Dividend/Income,Broad Market,United States,Broad Market; Dividend/Income; Equity; United States
SNTH,SNTH,MRP SynthEquity ETF,NYSE, ,Y,N,,,ETF,Equity,Plain,Broad Market,United States,Broad Market; Equity; Plain; United States
SOFR,SOFR,Amplify Samsung SOFR ETF,NYSE, ,Y,N,,,ETF,Equity,Plain,Broad Market,United States,Broad Market; Equity; Plain; United States
SOFX,SOFX,Defiance Daily Target 2X Long SOFI ETF,NASDAQ,G,Y,N,,,ETF,Equity,Plain,Broad Market,United States,Broad Market; Equity; Plain; United States
SOUX,SOUX,Defiance Daily Target 2X Long SOUN ETF,NASDAQ,G,Y,N,,,ETF,Equity,Plain,Broad Market,United States,Broad Market; Equity; Plain; United States
SOVF,SOVF,Sovereign's Capital Flourish Fund,NYSE, ,Y,N,,,ETF,Equity,Plain,Broad Market,United States,Broad Market; Equity; Plain; United States
SOYB,SOYB,Teucrium Soybean Fund ETV,NYSE, ,Y,N,,,ETF,Equity,Plain,Broad Market,United States,Broad Market; Equity; Plain; United States
SPAQ,SPAQ,Horizon Kinetics SPAC Active ETF,NASDAQ,G,Y,N,,,ETF,Equity,Active,Broad Market,United States,Active; Broad Market; Equity; United States
SPAX,SPAX,T-REX 2X Long SpaceX Daily Target ETF,NYSE, ,Y,N,,,ETF,Equity,Plain,Broad Market,United States,Broad Market; Equity; Plain; United States
SPCK,SPCK,SPAC and New Issue ETF,NASDAQ,G,Y,N,,,ETF,Equity,Plain,Broad Market,United States,Broad Market; Equity; Plain; United States
SPCT,SPCT,Liberty One Spectrum ETF,NASDAQ,G,Y,N,,,ETF,Equity,Plain,Broad Market,United States,Broad Market; Equity; Plain; United States
SPD,SPD,Simplify US Equity PLUS Downside Convexity ETF,NYSE, ,Y,N,,,ETF,Equity,Plain,Broad Market,United States,Broad Market; Equity; Plain; United States
SPDW,SPDW,State Street SPDR Portfolio Developed World ex-US ETF,NYSE, ,Y,N,,,ETF,Equity,Plain,Broad Market,Developed ex-US; Global; United States,Broad Market; Developed ex-US; Equity; Global; Plain; United States
SPEM,SPEM,State Street SPDR Portfolio Emerging Markets ETF,NYSE, ,Y,N,,,ETF,Equity,Plain,Broad Market,Emerging Markets,Broad Market; Emerging Markets; Equity; Plain
SPEU,SPEU,State Street SPDR Portfolio Europe ETF,NYSE, ,Y,N,,,ETF,Equity,Plain,Broad Market,Europe,Broad Market; Equity; Europe; Plain
SPIP,SPIP,State Street SPDR Portfolio TIPS ETF,NYSE, ,Y,N,,,ETF,Equity,Plain,Broad Market,United States,Broad Market; Equity; Plain; United States
SPIT,SPIT,F/m Emerald Special Situations ETF,NASDAQ,G,Y,N,,,ETF,Equity,Plain,Broad Market,United States,Broad Market; Equity; Plain; United States
SPRX,SPRX,Spear Alpha ETF,NASDAQ,G,Y,N,,,ETF,Equity,Plain,Broad Market,United States,Broad Market; Equity; Plain; United States
SPTE,SPTE,SP Funds S&P Global Technology ETF,NYSE, ,Y,N,,,ETF,Equity,Plain,Broad Market,Global,Broad Market; Equity; Global; Plain
SPTM,SPTM,State Street SPDR Portfolio S&P 1500 Composite Stock Market ETF,NYSE, ,Y,N,,,ETF,Equity,Plain,Broad Market,United States,Broad Market; Equity; Plain; United States
SPUC,SPUC,Simplify US Equity PLUS Upside Convexity ETF,NYSE, ,Y,N,,,ETF,Equity,Plain,Broad Market,United States,Broad Market; Equity; Plain; United States
SPWO,SPWO,SP Funds S&P World (ex-US) ETF,NYSE, ,Y,N,,,ETF,Equity,Plain,Broad Market,Developed ex-US; Global,Broad Market; Developed ex-US; Equity; Global; Plain
SPYC,SPYC,Simplify US Equity PLUS Convexity ETF,NYSE, ,Y,N,,,ETF,Equity,Plain,Broad Market,United States,Broad Market; Equity; Plain; United States
SPYQ,SPYQ,Tradr 2X Long SPY Quarterly ETF,NASDAQ,G,Y,N,,,ETF,Equity,Plain,Broad Market,United States,Broad Market; Equity; Plain; United States
SQS,SQS,Sapient Quality Select ETF,NASDAQ,G,Y,N,,,ETF,Equity,Factor,Broad Market,United States,Broad Market; Equity; Factor; United States
SRHQ,SRHQ,SRH U.S. Quality GARP ETF,NYSE, ,Y,N,,,ETF,Equity,Factor,Broad Market,United States,Broad Market; Equity; Factor; United States
SRLN,SRLN,State Street Blackstone Senior Loan ETF,NYSE, ,Y,N,,,ETF,Equity,Plain,Broad Market,United States,Broad Market; Equity; Plain; United States
SROI,SROI,Calamos Antetokounmpo Global Sustainable Equities ETF,NYSE, ,Y,N,,,ETF,Equity,ESG/Sustainable,Broad Market,Global,Broad Market; ESG/Sustainable; Equity; Global
SSPY,SSPY,Stratified LargeCap Index ETF,NYSE, ,Y,N,,,ETF,Equity,Plain,Broad Market,United States,Broad Market; Equity; Plain; United States
SSUS,SSUS,Day Hagan Smart Sector ETF,NYSE, ,Y,N,,,ETF,Equity,Plain,Broad Market,United States,Broad Market; Equity; Plain; United States
SSXU,SSXU,Day Hagan Smart Sector International ETF,NYSE, ,Y,N,,,ETF,Equity,Plain,Broad Market,United States,Broad Market; Equity; Plain; United States
STBQ,STBQ,Amplify Stablecoin Technology Leaders ETF,NYSE, ,Y,N,,,ETF,Equity,Plain,Broad Market,United States,Broad Market; Equity; Plain; United States
STHH,STHH,STMicroelectronics NV ADRhedged,NYSE, ,Y,N,,,ETF,Equity,Plain,Broad Market,United States,Broad Market; Equity; Plain; United States
STNC,STNC,Hennessy Sustainable ETF,NASDAQ,G,Y,N,,,ETF,Equity,ESG/Sustainable,Broad Market,United States,Broad Market; ESG/Sustainable; Equity; United States
STPZ,STPZ,PIMCO 1-5 Year U.S. TIPS Index Exchange-Traded Fund,NYSE, ,Y,N,,,ETF,Equity,Plain,Broad Market,United States,Broad Market; Equity; Plain; United States
STRN,STRN,SMART Trend 25 ETF,NYSE, ,Y,N,,,ETF,Equity,Plain,Broad Market,United States,Broad Market; Equity; Plain; United States
STXE,STXE,Strive Emerging Markets Ex-China ETF,NYSE, ,Y,N,,,ETF,Equity,Plain,Broad Market,Emerging Markets; China,Broad Market; China; Emerging Markets; Equity; Plain
STXF,STXF,Strive 500 ETF,NYSE, ,Y,N,,,ETF,Equity,Plain,Broad Market,United States,Broad Market; Equity; Plain; United States
STXK,STXK,Strive Small-Cap ETF,NYSE, ,Y,N,,,ETF,Equity,Plain,Broad Market,United States,Broad Market; Equity; Plain; United States
SUPP,SUPP,TCW Transform Supply Chain ETF,NASDAQ,G,Y,N,,,ETF,Equity,Plain,Broad Market,United States,Broad Market; Equity; Plain; United States
SURE,SURE,AdvisorShares Insider Advantage ETF,NYSE, ,Y,N,,,ETF,Equity,Plain,Broad Market,United States,Broad Market; Equity; Plain; United States
SURI,SURI,Simplify Propel Opportunities ETF,NYSE, ,Y,N,,,ETF,Equity,Plain,Broad Market,United States,Broad Market; Equity; Plain; United States
SVOL,SVOL,Simplify Volatility Premium ETF,NYSE, ,Y,N,,,ETF,Equity,Plain,Broad Market,United States,Broad Market; Equity; Plain; United States
TACK,TACK,Fairlead Tactical Sector ETF,NYSE, ,Y,N,,,ETF,Equity,Plain,Broad Market,United States,Broad Market; Equity; Plain; United States
TACN,TACN,T. Rowe Price Active Core International Equity ETF,NYSE, ,Y,N,,,ETF,Equity,Active,Broad Market,United States,Active; Broad Market; Equity; United States
TACU,TACU,T. Rowe Price Active Core U.S. Equity ETF,NYSE, ,Y,N,,,ETF,Equity,Active,Broad Market,United States,Active; Broad Market; Equity; United States
TAGS,TAGS,Teucrium Agricultural Fund ETV,NYSE, ,Y,N,,,ETF,Equity,Plain,Broad Market,United States,Broad Market; Equity; Plain; United States
TAOZ,TAOZ,Thornburg American Opportunities Fund,NASDAQ,G,Y,N,,,ETF,Equity,Plain,Broad Market,United States,Broad Market; Equity; Plain; United States
TARK,TARK,Tradr 2X Long Innovation ETF,NASDAQ,G,Y,N,,,ETF,Equity,Plain,Broad Market,United States,Broad Market; Equity; Plain; United States
TAX,TAX,Cambria Tax Aware ETF,NASDAQ,G,Y,N,,,ETF,Equity,Plain,Broad Market,United States,Broad Market; Equity; Plain; United States
TAXM,TAXM,BondBloxx IR+M Tax-Aware ETF for Massachusetts Residents,NYSE, ,Y,N,,,ETF,Equity,Plain,Broad Market,United States,Broad Market; Equity; Plain; United States
TBFC,TBFC,The Brinsmere Fund  Conservative ETF,NYSE, ,Y,N,,,ETF,Equity,Plain,Broad Market,United States,Broad Market; Equity; Plain; United States
TCAF,TCAF,T. Rowe Price Capital Appreciation Equity ETF,NYSE, ,Y,N,,,ETF,Equity,Plain,Broad Market,United States,Broad Market; Equity; Plain; United States
TCAN,TCAN,21Shares Canton Network ETF,NASDAQ,G,Y,N,,,ETF,Equity,Plain,Broad Market,United States,Broad Market; Equity; Plain; United States
TDI,TDI,Touchstone Dynamic International ETF,NASDAQ,G,Y,N,,,ETF,Equity,Plain,Broad Market,United States,Broad Market; Equity; Plain; United States
TDOG,TDOG,21shares Dogecoin ETF,NASDAQ,G,Y,N,,,ETF,Equity,Plain,Broad Market,United States,Broad Market; Equity; Plain; United States
TDOT,TDOT,21shares Polkadot ETF,NASDAQ,G,Y,N,,,ETF,Equity,Plain,Broad Market,United States,Broad Market; Equity; Plain; United States
TDSB,TDSB,ETC Cabana Target Beta ETF,NASDAQ,G,Y,N,,,ETF,Equity,Plain,Broad Market,United States,Broad Market; Equity; Plain; United States
TDSC,TDSC,ETC Cabana Target Drawdown 10 ETF,NASDAQ,G,Y,N,,,ETF,Equity,Plain,Broad Market,United States,Broad Market; Equity; Plain; United States
TDTF,TDTF,FlexShares iBoxx 5 Year Target Duration TIPS Index Fund,NYSE, ,Y,N,,,ETF,Equity,Plain,Broad Market,United States,Broad Market; Equity; Plain; United States
TDTT,TDTT,FlexShares iBoxx 3 Year Target Duration TIPS Index Fund,NYSE, ,Y,N,,,ETF,Equity,Plain,Broad Market,United States,Broad Market; Equity; Plain; United States
TEC,TEC,Harbor Transformative Technologies ETF,NYSE, ,Y,N,,,ETF,Equity,Plain,Broad Market,United States,Broad Market; Equity; Plain; United States
TECB,TECB,iShares U.S. Tech Breakthrough Multisector ETF,NYSE, ,Y,N,,,ETF,Equity,Plain,Broad Market,United States,Broad Market; Equity; Plain; United States
TECY,TECY,GraniteShares YieldBOOST Technology ETF,NASDAQ,G,Y,N,,,ETF,Equity,Dividend/Income,Broad Market,United States,Broad Market; Dividend/Income; Equity; United States
TEK,TEK,iShares Technology Opportunities Active ETF,NYSE, ,Y,N,,,ETF,Equity,Active,Broad Market,United States,Active; Broad Market; Equity; United States
TEKX,TEKX,State Street Galaxy Transformative Tech Accelerators ETF,NASDAQ,G,Y,N,,,ETF,Equity,Plain,Broad Market,United States,Broad Market; Equity; Plain; United States
TEKY,TEKY,Lazard Next Gen Technologies ETF,NASDAQ,G,Y,N,,,ETF,Equity,Plain,Broad Market,United States,Broad Market; Equity; Plain; United States
TEMD,TEMD,Templeton Emerging Markets Debt ETF,NYSE, ,Y,N,,,ETF,Equity,Plain,Broad Market,Emerging Markets,Broad Market; Emerging Markets; Equity; Plain
TEMR,TEMR,T. Rowe Price Emerging Markets Equity Research ETF,NYSE, ,Y,N,,,ETF,Equity,Plain,Broad Market,Emerging Markets,Broad Market; Emerging Markets; Equity; Plain
TESL,TESL,Simplify Volt TSLA Revolution ETF,NYSE, ,Y,N,,,ETF,Equity,Plain,Broad Market,United States,Broad Market; Equity; Plain; United States
TEXN,TEXN,iShares Texas Equity ETF,NASDAQ,G,Y,N,,,ETF,Equity,Plain,Broad Market,United States,Broad Market; Equity; Plain; United States
TEXX,TEXX,Horizon Kinetics Texas ETF,NASDAQ,G,Y,N,,,ETF,Equity,Plain,Broad Market,United States,Broad Market; Equity; Plain; United States
TFLR,TFLR,T. Rowe Price Floating Rate ETF,NYSE, ,Y,N,,,ETF,Equity,Plain,Broad Market,United States,Broad Market; Equity; Plain; United States
TFNS,TFNS,T. Rowe Price Financials ETF,NASDAQ,G,Y,N,,,ETF,Equity,Plain,Broad Market,United States,Broad Market; Equity; Plain; United States
TGLB,TGLB,T. Rowe Price Global Equity ETF,NYSE, ,Y,N,,,ETF,Equity,Plain,Broad Market,Global,Broad Market; Equity; Global; Plain
THEQ,THEQ,T. Rowe Price Hedged Equity ETF,NYSE, ,Y,N,,,ETF,Equity,Plain,Broad Market,United States,Broad Market; Equity; Plain; United States
THIR,THIR,THOR Index Rotation ETF,NYSE, ,Y,N,,,ETF,Equity,Plain,Broad Market,United States,Broad Market; Equity; Plain; United States
THMR,THMR,THOR AdaptiveRisk Dynamic ETF,NYSE, ,Y,N,,,ETF,Equity,Plain,Broad Market,United States,Broad Market; Equity; Plain; United States
THMZ,THMZ,Lazard Equity Megatrends ETF,NASDAQ,G,Y,N,,,ETF,Equity,Plain,Broad Market,United States,Broad Market; Equity; Plain; United States
THNR,THNR,Amplify Weight Loss Drug & Treatment ETF,NYSE, ,Y,N,,,ETF,Equity,Plain,Broad Market,United States,Broad Market; Equity; Plain; United States
THRO,THRO,iShares U.S. Thematic Rotation Active ETF,NYSE, ,Y,N,,,ETF,Equity,Active,Broad Market,United States,Active; Broad Market; Equity; United States
THTA,THTA,SoFi Enhanced Yield ETF,NYSE, ,Y,N,,,ETF,Equity,Dividend/Income,Broad Market,United States,Broad Market; Dividend/Income; Equity; United States
THYP,THYP,21shares Hyperliquid ETF,NASDAQ,G,Y,N,,,ETF,Equity,Plain,Broad Market,United States,Broad Market; Equity; Plain; United States
TIER,TIER,T. Rowe Price International Equity Research ETF,NYSE, ,Y,N,,,ETF,Equity,Plain,Broad Market,United States,Broad Market; Equity; Plain; United States
TILL,TILL,Teucrium Agricultural Strategy No K-1 ETF,NYSE, ,Y,N,,,ETF,Equity,Plain,Broad Market,United States,Broad Market; Equity; Plain; United States
TIME,TIME,Clockwise U.S. Core Equity ETF,NYSE, ,Y,N,,,ETF,Equity,Plain,Broad Market,United States,Broad Market; Equity; Plain; United States
TINS,TINS,Templeton International Insights ETF,NYSE, ,Y,N,,,ETF,Equity,Plain,Broad Market,United States,Broad Market; Equity; Plain; United States
TIPA,TIPA,Northern Trust 2030 Inflation-Linked Distributing Ladder ETF,NYSE, ,Y,N,,,ETF,Equity,Plain,Broad Market,United States,Broad Market; Equity; Plain; United States
TIPB,TIPB,Northern Trust 2035 Inflation-Linked Distributing Ladder ETF,NYSE, ,Y,N,,,ETF,Equity,Plain,Broad Market,United States,Broad Market; Equity; Plain; United States
TIPC,TIPC,Northern Trust 2045 Inflation-Linked Distributing Ladder ETF,NYSE, ,Y,N,,,ETF,Equity,Plain,Broad Market,United States,Broad Market; Equity; Plain; United States
TIPD,TIPD,Northern Trust 2055 Inflation-Linked Distributing Ladder ETF,NYSE, ,Y,N,,,ETF,Equity,Plain,Broad Market,United States,Broad Market; Equity; Plain; United States
TIPX,TIPX,State Street SPDR Bloomberg 1a??10 Year TIPS ETF,NYSE, ,Y,N,,,ETF,Equity,Plain,Broad Market,United States,Broad Market; Equity; Plain; United States
TIPZ,TIPZ,PIMCO Broad U.S. TIPS Index Exchange-Traded Fund,NYSE, ,Y,N,,,ETF,Equity,Plain,Broad Market,United States,Broad Market; Equity; Plain; United States
TKNQ,TKNQ,Amplify Tokenization Technology Leaders ETF,NYSE, ,Y,N,,,ETF,Equity,Plain,Broad Market,United States,Broad Market; Equity; Plain; United States
TLA,TLA,GraniteShares Autocallable TSLA ETF,NASDAQ,G,Y,N,,,ETF,Equity,Plain,Broad Market,United States,Broad Market; Equity; Plain; United States
TLCI,TLCI,Touchstone International Equity ETF,NYSE, ,Y,N,,,ETF,Equity,Plain,Broad Market,United States,Broad Market; Equity; Plain; United States
TLTD,TLTD,FlexShares Morningstar Developed Markets ex-US Factor Tilt Index Fund,NYSE, ,Y,N,,,ETF,Equity,Plain,Broad Market,Developed ex-US; United States,Broad Market; Developed ex-US; Equity; Plain; United States
TLTE,TLTE,FlexShares Morningstar Emerging Markets Factor Tilt Index Fund,NYSE, ,Y,N,,,ETF,Equity,Plain,Broad Market,Emerging Markets,Broad Market; Emerging Markets; Equity; Plain
TMH,TMH,Toyota Motor Corporation ADRhedged,NYSE, ,Y,N,,,ETF,Equity,Plain,Broad Market,United States,Broad Market; Equity; Plain; United States
TMLP,TMLP,Tortoise MLP ETF,NYSE, ,Y,N,,,ETF,Equity,Plain,Broad Market,United States,Broad Market; Equity; Plain; United States
TMYY,TMYY,GraniteShares YieldBOOST TSM ETF,NASDAQ,G,Y,N,,,ETF,Equity,Dividend/Income,Broad Market,United States,Broad Market; Dividend/Income; Equity; United States
TNXT,TNXT,T. Rowe Price Innovation Leaders ETF,NASDAQ,G,Y,N,,,ETF,Equity,Plain,Broad Market,United States,Broad Market; Equity; Plain; United States
TOGA,TOGA,Managed Portfolio Series Tremblant Global ETF,NYSE, ,Y,N,,,ETF,Equity,Plain,Broad Market,Global,Broad Market; Equity; Global; Plain
TOPT,TOPT,iShares Top 20 U.S. Stocks ETF,NYSE, ,Y,N,,,ETF,Equity,Plain,Broad Market,United States,Broad Market; Equity; Plain; United States
TOT,TOT,LionShares U.S. Equity Total Return ETF,NYSE, ,Y,N,,,ETF,Equity,Plain,Broad Market,United States,Broad Market; Equity; Plain; United States
TOTL,TOTL,State Street DoubleLine Total Return Tactical ETF,NYSE, ,Y,N,,,ETF,Equity,Plain,Broad Market,United States,Broad Market; Equity; Plain; United States
TOTR,TOTR,T. Rowe Price Total Return ETF,NYSE, ,Y,N,,,ETF,Equity,Plain,Broad Market,United States,Broad Market; Equity; Plain; United States
TOUS,TOUS,T. Rowe Price International Equity ETF,NYSE, ,Y,N,,,ETF,Equity,Plain,Broad Market,United States,Broad Market; Equity; Plain; United States
TOV,TOV,JLens 500 Jewish Advocacy U.S. ETF,NYSE, ,Y,N,,,ETF,Equity,Plain,Broad Market,United States,Broad Market; Equity; Plain; United States
TPFC,TPFC,Timothy Plan Free Cash Flow ETF,NYSE, ,Y,N,,,ETF,Equity,Plain,Broad Market,United States,Broad Market; Equity; Plain; United States
TPIF,TPIF,Timothy Plan International ETF,NYSE, ,Y,N,,,ETF,Equity,Plain,Broad Market,United States,Broad Market; Equity; Plain; United States
TPRY,TPRY,VistaShares Target 15 TEPRTantrum Contrarian Distribution ETF,NYSE, ,Y,N,,,ETF,Equity,Dividend/Income,Broad Market,United States,Broad Market; Dividend/Income; Equity; United States
TPUT,TPUT,T. Rowe Price Capital Appreciation Market Opportunities ETF,NYSE, ,Y,N,,,ETF,Equity,Plain,Broad Market,United States,Broad Market; Equity; Plain; United States
TPYP,TPYP,Tortoise North American Pipeline ETF,NYSE, ,Y,N,,,ETF,Equity,Plain,Broad Market,United States,Broad Market; Equity; Plain; United States
TQQY,TQQY,GraniteShares YieldBOOST QQQ ETF,NASDAQ,G,Y,N,,,ETF,Equity,Dividend/Income,Broad Market,United States,Broad Market; Dividend/Income; Equity; United States
TRBF,TRBF,Angel Oak Total Return ETF,NASDAQ,G,Y,N,,,ETF,Equity,Plain,Broad Market,United States,Broad Market; Equity; Plain; United States
TRFK,TRFK,Pacer Data and Digital Revolution ETF,NYSE, ,Y,N,,,ETF,Equity,Plain,Broad Market,United States,Broad Market; Equity; Plain; United States
TRFM,TRFM,AAM Transformers ETF,NYSE, ,Y,N,,,ETF,Equity,Plain,Broad Market,United States,Broad Market; Equity; Plain; United States
TRND,TRND,Pacer Trendpilot Fund of Funds ETF,NYSE, ,Y,N,,,ETF,Equity,Plain,Broad Market,United States,Broad Market; Equity; Plain; United States
TRUC,TRUC,VanEck Communication Services TruSector ETF,NASDAQ,G,Y,N,,,ETF,Equity,Plain,Broad Market,United States,Broad Market; Equity; Plain; United States
TRUF,TRUF,VanEck Financials TruSector ETF,NASDAQ,G,Y,N,,,ETF,Equity,Plain,Broad Market,United States,Broad Market; Equity; Plain; United States
TRUT,TRUT,VanEck Technology TruSector ETF,NASDAQ,G,Y,N,,,ETF,Equity,Plain,Broad Market,United States,Broad Market; Equity; Plain; United States
TSIC,TSIC,Truth Social American Icons ETF,NYSE, ,Y,N,,,ETF,Equity,Plain,Broad Market,United States,Broad Market; Equity; Plain; United States
TSL,TSL,GraniteShares 1.25x Long TSLA Daily ETF,NASDAQ,G,Y,N,,,ETF,Equity,Plain,Broad Market,United States,Broad Market; Equity; Plain; United States
TSLR,TSLR,GraniteShares 2x Long TSLA Daily ETF,NASDAQ,G,Y,N,,,ETF,Equity,Plain,Broad Market,United States,Broad Market; Equity; Plain; United States
TSMU,TSMU,GraniteShares 2x Long TSM Daily ETF,NASDAQ,G,Y,N,,,ETF,Equity,Plain,Broad Market,United States,Broad Market; Equity; Plain; United States
TSNF,TSNF,Truth Social American Next Frontiers ETF,NYSE, ,Y,N,,,ETF,Equity,Plain,Broad Market,United States,Broad Market; Equity; Plain; United States
TSPA,TSPA,T. Rowe Price U.S. Equity Research ETF,NYSE, ,Y,N,,,ETF,Equity,Plain,Broad Market,United States,Broad Market; Equity; Plain; United States
TSYX,TSYX,TSPY Lift ETF,NASDAQ,G,Y,N,,,ETF,Equity,Plain,Broad Market,United States,Broad Market; Equity; Plain; United States
TSYY,TSYY,GraniteShares YieldBOOST TSLA ETF,NASDAQ,G,Y,N,,,ETF,Equity,Dividend/Income,Broad Market,United States,Broad Market; Dividend/Income; Equity; United States
TTEQ,TTEQ,T. Rowe Price Technology ETF,NASDAQ,G,Y,N,,,ETF,Equity,Plain,Broad Market,United States,Broad Market; Equity; Plain; United States
TURF,TURF,T. Rowe Price Natural Resources ETF,NASDAQ,G,Y,N,,,ETF,Equity,Plain,Broad Market,United States,Broad Market; Equity; Plain; United States
TXS,TXS,Texas Capital Texas Equity Index ETF,NYSE, ,Y,N,,,ETF,Equity,Plain,Broad Market,United States,Broad Market; Equity; Plain; United States
TXUE,TXUE,Thornburg International Equity ETF,NASDAQ,G,Y,N,,,ETF,Equity,Plain,Broad Market,United States,Broad Market; Equity; Plain; United States
TXXD,TXXD,21Shares 2x Long Dogecoin ETF,NASDAQ,G,Y,N,,,ETF,Equity,Plain,Broad Market,United States,Broad Market; Equity; Plain; United States
TXXH,TXXH,21Shares 2x Long HYPE ETF,NASDAQ,G,Y,N,,,ETF,Equity,Plain,Broad Market,United States,Broad Market; Equity; Plain; United States
UBRL,UBRL,GraniteShares 2x Long UBER Daily ETF,NASDAQ,G,Y,N,,,ETF,Equity,Plain,Broad Market,United States,Broad Market; Equity; Plain; United States
UFO,UFO,Procure Space ETF,NASDAQ,G,Y,N,,,ETF,Equity,Plain,Broad Market,United States,Broad Market; Equity; Plain; United States
UFOX,UFOX,Defiance Connective Technologies ETF,NASDAQ,G,Y,N,,,ETF,Equity,Plain,Broad Market,United States,Broad Market; Equity; Plain; United States
UPGD,UPGD,Invesco Bloomberg Analyst Rating Improvers ETF,NYSE, ,Y,N,,,ETF,Equity,Plain,Broad Market,United States,Broad Market; Equity; Plain; United States
USAF,USAF,Atlas America Fund,NASDAQ,G,Y,N,,,ETF,Equity,Plain,Broad Market,United States,Broad Market; Equity; Plain; United States
USDX,USDX,SGI Enhanced Core ETF,NASDAQ,G,Y,N,,,ETF,Equity,Plain,Broad Market,United States,Broad Market; Equity; Plain; United States
USFE,USFE,First Eagle US Equity ETF,NYSE, ,Y,N,,,ETF,Equity,Plain,Broad Market,United States,Broad Market; Equity; Plain; United States
USMC,USMC,Principal U.S. Mega-Cap ETF,NASDAQ,G,Y,N,,,ETF,Equity,Plain,Broad Market,United States,Broad Market; Equity; Plain; United States
USPX,USPX,Franklin U.S. Equity Index ETF,NYSE, ,Y,N,,,ETF,Equity,Plain,Broad Market,United States,Broad Market; Equity; Plain; United States
USRD,USRD,Themes US R&D Champions ETF,NASDAQ,G,Y,N,,,ETF,Equity,Plain,Broad Market,United States,Broad Market; Equity; Plain; United States
USSE,USSE,Segall Bryant & Hamill Trust Segall Bryant & Hamill Select Equity ETF,NYSE, ,Y,N,,,ETF,Equity,Plain,Broad Market,United States,Broad Market; Equity; Plain; United States
VABS,VABS,Virtus Newfleet ABS/MBS ETF,NYSE, ,Y,N,,,ETF,Equity,Plain,Broad Market,United States,Broad Market; Equity; Plain; United States
VAVX,VAVX,VanEck Avalanche ETF,NASDAQ,G,Y,N,,,ETF,Equity,Plain,Broad Market,United States,Broad Market; Equity; Plain; United States
VB,VB,Vanguard Small-Cap ETF,NYSE, ,Y,N,,,ETF,Equity,Plain,Broad Market,United States,Broad Market; Equity; Plain; United States
VBNB,VBNB,VanEck BNB ETF,NASDAQ,G,Y,N,2351446,Finance,Investment Bankers/Brokers/Service,Equity,Plain,Broad Market,United States,Broad Market; Equity; Plain; United States
VCR,VCR,Vanguard Consumer Discretion ETF,NYSE, ,Y,N,,,ETF,Equity,Plain,Broad Market,United States,Broad Market; Equity; Plain; United States
VEA,VEA,Vanguard FTSE Developed Markets ETF,NYSE, ,Y,N,,,ETF,Equity,Plain,Broad Market,Developed ex-US,Broad Market; Developed ex-US; Equity; Plain
VEGA,VEGA,AdvisorShares STAR Global Buy-Write ETF,NYSE, ,Y,N,,,ETF,Equity,Plain,Broad Market,Global,Broad Market; Equity; Global; Plain
VEU,VEU,Vanguard FTSE All World Ex US ETF,NYSE, ,Y,N,,,ETF,Equity,Plain,Broad Market,Global; United States,Broad Market; Equity; Global; Plain; United States
VEXC,VEXC,Vanguard Emerging Markets Ex-China ETF,NYSE, ,Y,N,,,ETF,Equity,Plain,Broad Market,Emerging Markets; China,Broad Market; China; Emerging Markets; Equity; Plain
VFH,VFH,Vanguard Financials ETF,NYSE, ,Y,N,,,ETF,Equity,Plain,Broad Market,United States,Broad Market; Equity; Plain; United States
VFLO,VFLO,VictoryShares Free Cash Flow ETF,NASDAQ,G,Y,N,,,ETF,Equity,Plain,Broad Market,United States,Broad Market; Equity; Plain; United States
VGK,VGK,Vanguard FTSEEuropean ETF,NYSE, ,Y,N,,,ETF,Equity,Plain,Broad Market,Europe,Broad Market; Equity; Europe; Plain
VGT,VGT,Vanguard Information Tech ETF,NYSE, ,Y,N,,,ETF,Equity,Plain,Broad Market,United States,Broad Market; Equity; Plain; United States
VGVT,VGVT,Vanguard Government Securities Active ETF,NYSE, ,Y,N,,,ETF,Equity,Active,Broad Market,United States,Active; Broad Market; Equity; United States
VICE,VICE,AdvisorShares Vice ETF,NYSE, ,Y,N,,,ETF,Equity,Plain,Broad Market,United States,Broad Market; Equity; Plain; United States
VIDI,VIDI,Vident International Equity Strategy ETF,NYSE, ,Y,N,,,ETF,Equity,Plain,Broad Market,United States,Broad Market; Equity; Plain; United States
VIG,VIG,Vanguard Div Appreciation ETF,NYSE, ,Y,N,,,ETF,Equity,Plain,Broad Market,United States,Broad Market; Equity; Plain; United States
VIOO,VIOO,Vanguard S&P Small-Cap 600 ETF,NYSE, ,Y,N,,,ETF,Equity,Plain,Broad Market,United States,Broad Market; Equity; Plain; United States
VMBS,VMBS,Vanguard Mortgage-Backed Securities ETF,NASDAQ,G,Y,N,,,ETF,Equity,Plain,Broad Market,United States,Broad Market; Equity; Plain; United States
VNIE,VNIE,Vontobel International Equity Active ETF,NYSE, ,Y,N,,,ETF,Equity,Active,Broad Market,United States,Active; Broad Market; Equity; United States
VNSE,VNSE,Natixis Vaughan Nelson Select ETF,NYSE, ,Y,N,,,ETF,Equity,Plain,Broad Market,United States,Broad Market; Equity; Plain; United States
VO,VO,Vanguard Mid-Cap ETF,NYSE, ,Y,N,,,ETF,Equity,Plain,Broad Market,United States,Broad Market; Equity; Plain; United States
VOLT,VOLT,Tema Electrification ETF,NASDAQ,G,Y,N,,,ETF,Equity,Plain,Broad Market,United States,Broad Market; Equity; Plain; United States
VOTE,VOTE,TCW Transform 500 ETF,NASDAQ,G,Y,N,,,ETF,Equity,Plain,Broad Market,United States,Broad Market; Equity; Plain; United States
VOX,VOX,Vanguard Communication Services  ETF,NYSE, ,Y,N,,,ETF,Equity,Plain,Broad Market,United States,Broad Market; Equity; Plain; United States
VPC,VPC,Virtus Private Credit Strategy ETF,NYSE, ,Y,N,,,ETF,Equity,Plain,Broad Market,United States,Broad Market; Equity; Plain; United States
VPL,VPL,Vanguard FTSE Pacific ETF,NYSE, ,Y,N,,,ETF,Equity,Plain,Broad Market,United States,Broad Market; Equity; Plain; United States
VPX,VPX,Variant Perception Cycle Aware US Equity ETF,NYSE, ,Y,N,,,ETF,Equity,Plain,Broad Market,United States,Broad Market; Equity; Plain; United States
VRIG,VRIG,Invesco Variable Rate Investment Grade ETF,NASDAQ,G,Y,N,,,ETF,Equity,Plain,Broad Market,United States,Broad Market; Equity; Plain; United States
VRP,VRP,Invesco Variable Rate Preferred ETF,NYSE, ,Y,N,,,ETF,Equity,Plain,Broad Market,United States,Broad Market; Equity; Plain; United States
VRTL,VRTL,GraniteShares 2x Long VRT Daily ETF,NASDAQ,G,Y,N,,,ETF,Equity,Plain,Broad Market,United States,Broad Market; Equity; Plain; United States
VSS,VSS,Vanguard FTSE All-Wld ex-US SmCp Idx ETF,NYSE, ,Y,N,,,ETF,Equity,Plain,Broad Market,Developed ex-US; United States,Broad Market; Developed ex-US; Equity; Plain; United States
VSTL,VSTL,Defiance Daily Target 2X Long VST ETF,NASDAQ,G,Y,N,,,ETF,Equity,Plain,Broad Market,United States,Broad Market; Equity; Plain; United States
VT,VT,Vanguard Total World Stock Index ETF,NYSE, ,Y,N,,,ETF,Equity,Plain,Broad Market,Global,Broad Market; Equity; Global; Plain
VTI,VTI,Vanguard Total Stock Market ETF,NYSE, ,Y,N,,,ETF,Equity,Plain,Broad Market,United States,Broad Market; Equity; Plain; United States
VTP,VTP,Vanguard Total Inflation-Protected Securities ETF,NYSE, ,Y,N,,,ETF,Equity,Plain,Broad Market,United States,Broad Market; Equity; Plain; United States
VUSE,VUSE,Vident U.S. Equity Strategy ETF,NYSE, ,Y,N,,,ETF,Equity,Plain,Broad Market,United States,Broad Market; Equity; Plain; United States
VV,VV,Vanguard Large-Cap ETF,NYSE, ,Y,N,,,ETF,Equity,Plain,Broad Market,United States,Broad Market; Equity; Plain; United States
VWO,VWO,Vanguard FTSE Emerging Markets ETF,NYSE, ,Y,N,,,ETF,Equity,Plain,Broad Market,Emerging Markets,Broad Market; Emerging Markets; Equity; Plain
VXF,VXF,Vanguard Extended Market ETF,NYSE, ,Y,N,,,ETF,Equity,Plain,Broad Market,United States,Broad Market; Equity; Plain; United States
VXUS,VXUS,Vanguard Total International Stock ETF,NASDAQ,G,Y,N,,,ETF,Equity,Plain,Broad Market,United States,Broad Market; Equity; Plain; United States
WAGN,WAGN,Pabrai Wagons ETF,NYSE, ,Y,N,,,ETF,Equity,Plain,Broad Market,United States,Broad Market; Equity; Plain; United States
WAMA,WAMA,WisdomTree US Adaptive Moving Average Fund,NASDAQ,G,Y,N,,,ETF,Equity,Plain,Broad Market,United States,Broad Market; Equity; Plain; United States
WARP,WARP,VanEck Space ETF,NASDAQ,G,Y,N,,,ETF,Equity,Plain,Broad Market,United States,Broad Market; Equity; Plain; United States
WCAP,WCAP,WarCap Unconstrained Equity ETF,NYSE, ,Y,N,,,ETF,Equity,Plain,Broad Market,United States,Broad Market; Equity; Plain; United States
WCEO,WCEO,Hypatia Women CEO ETF,NYSE, ,Y,N,,,ETF,Equity,Plain,Broad Market,United States,Broad Market; Equity; Plain; United States
WCME,WCME,First Trust WCM Developing World Equity ETF,NYSE, ,Y,N,,,ETF,Equity,Plain,Broad Market,Global,Broad Market; Equity; Global; Plain
WCMG,WCMG,First Trust WCM Global Equity ETF,NYSE, ,Y,N,,,ETF,Equity,Plain,Broad Market,Global,Broad Market; Equity; Global; Plain
WCMI,WCMI,First Trust WCM International Equity ETF,NYSE, ,Y,N,,,ETF,Equity,Plain,Broad Market,United States,Broad Market; Equity; Plain; United States
WEAT,WEAT,Teucrium Wheat Fund ETV,NYSE, ,Y,N,,,ETF,Equity,Plain,Broad Market,United States,Broad Market; Equity; Plain; United States
WIMA,WIMA,WisdomTree International Adaptive Moving Average Fund,NASDAQ,G,Y,N,,,ETF,Equity,Plain,Broad Market,United States,Broad Market; Equity; Plain; United States
WINN,WINN,Harbor Long-Term Growers ETF,NYSE, ,Y,N,,,ETF,Equity,Plain,Broad Market,United States,Broad Market; Equity; Plain; United States
WOMN,WOMN,Impact Shares Women's Empowerment ETF,NYSE, ,Y,N,,,ETF,Equity,Plain,Broad Market,United States,Broad Market; Equity; Plain; United States
WRND,WRND,NYLI Global Equity R&D Leaders ETF,NASDAQ,G,Y,N,,,ETF,Equity,Plain,Broad Market,Global,Broad Market; Equity; Global; Plain
WSGE,WSGE,Warren Street Global Equity ETF,NASDAQ,G,Y,N,,,ETF,Equity,Plain,Broad Market,Global,Broad Market; Equity; Global; Plain
WTBN,WTBN,WisdomTree Bianco Total Return Fund,NASDAQ,G,Y,N,,,ETF,Equity,Plain,Broad Market,United States,Broad Market; Equity; Plain; United States
WTIP,WTIP,WisdomTree Inflation Plus Fund,NASDAQ,G,Y,N,,,ETF,Equity,Plain,Broad Market,United States,Broad Market; Equity; Plain; United States
WTMF,WTMF,WisdomTree Managed Futures Strategy Fund,NYSE, ,Y,N,,,ETF,Equity,Plain,Broad Market,United States,Broad Market; Equity; Plain; United States
WWJD,WWJD,Inspire International ETF,NYSE, ,Y,N,,,ETF,Equity,Plain,Broad Market,United States,Broad Market; Equity; Plain; United States
WXET,WXET,Teucrium 2x Daily Wheat ETF,NYSE, ,Y,N,,,ETF,Equity,Plain,Broad Market,United States,Broad Market; Equity; Plain; United States
XBFR,XBFR,Innovator Equity Managed 10 Buffer ETF,NYSE, ,Y,N,,,ETF,Equity,Plain,Broad Market,United States,Broad Market; Equity; Plain; United States
XBNB,XBNB,Teucrium xETFs 2x Long Daily BNB ETF,NYSE, ,Y,N,,,ETF,Equity,Plain,Broad Market,United States,Broad Market; Equity; Plain; United States
XC,XC,WisdomTree True Emerging Markets Fund,NYSE, ,Y,N,,,ETF,Equity,Plain,Broad Market,Emerging Markets,Broad Market; Emerging Markets; Equity; Plain
XCEM,XCEM,Columbia EM Core ex-China ETF,NYSE, ,Y,N,,,ETF,Equity,Plain,Broad Market,China,Broad Market; China; Equity; Plain
XCHG,XCHG,AB US Equity ETF,NYSE, ,Y,N,,,ETF,Equity,Plain,Broad Market,United States,Broad Market; Equity; Plain; United States
XCNY,XCNY,State Street SPDR S&P Emerging Markets ex-China ETF,NASDAQ,G,Y,N,,,ETF,Equity,Plain,Broad Market,Emerging Markets; China,Broad Market; China; Emerging Markets; Equity; Plain
XCOR,XCOR,FundX ETF,NYSE, ,Y,N,,,ETF,Equity,Plain,Broad Market,United States,Broad Market; Equity; Plain; United States
XFLX,XFLX,FundX Flexible ETF,NYSE, ,Y,N,,,ETF,Equity,Plain,Broad Market,United States,Broad Market; Equity; Plain; United States
XITK,XITK,State Street SPDR FactSet Innovative Technology ETF,NYSE, ,Y,N,,,ETF,Equity,Plain,Broad Market,United States,Broad Market; Equity; Plain; United States
XLC,XLC,State Street Communication Services Select Sector SPDR ETF,NYSE, ,Y,N,,,ETF,Equity,Plain,Broad Market,United States,Broad Market; Equity; Plain; United States
XLF,XLF,State Street Financial Select Sector SPDR ETF,NYSE, ,Y,N,,,ETF,Equity,Plain,Broad Market,United States,Broad Market; Equity; Plain; United States
XLK,XLK,State Street Technology Select Sector SPDR ETF,NYSE, ,Y,N,,,ETF,Equity,Plain,Broad Market,United States,Broad Market; Equity; Plain; United States
XLSR,XLSR,State Street US Sector Rotation ETF,NYSE, ,Y,N,,,ETF,Equity,Plain,Broad Market,United States,Broad Market; Equity; Plain; United States
XME,XME,State Street SPDR S&P Metals & Mining ETF,NYSE, ,Y,N,,,ETF,Equity,Plain,Broad Market,United States,Broad Market; Equity; Plain; United States
XMHQ,XMHQ,Invesco S&P MidCap Quality ETF,NYSE, ,Y,N,,,ETF,Equity,Factor,Broad Market,United States,Broad Market; Equity; Factor; United States
XNAV,XNAV,FundX Aggressive ETF,NYSE, ,Y,N,,,ETF,Equity,Plain,Broad Market,United States,Broad Market; Equity; Plain; United States
XNTK,XNTK,State Street SPDR NYSE Technology ETF,NYSE, ,Y,N,,,ETF,Equity,Plain,Broad Market,United States,Broad Market; Equity; Plain; United States
XOVR,XOVR,ERShares Private-Public Crossover ETF,NASDAQ,G,Y,N,,,ETF,Equity,Plain,Broad Market,United States,Broad Market; Equity; Plain; United States
XPND,XPND,First Trust Expanded Technology ETF,NYSE, ,Y,N,,,ETF,Equity,Plain,Broad Market,United States,Broad Market; Equity; Plain; United States
XRLX,XRLX,FundX Conservative ETF,NYSE, ,Y,N,,,ETF,Equity,Plain,Broad Market,United States,Broad Market; Equity; Plain; United States
XRP,XRP,Bitwise XRP ETF,NYSE, ,Y,N,,,ETF,Equity,Plain,Broad Market,United States,Broad Market; Equity; Plain; United States
XRPC,XRPC,Canary XRP ETF,NASDAQ,G,Y,N,,,ETF,Equity,Plain,Broad Market,United States,Broad Market; Equity; Plain; United States
XRPI,XRPI,Volatility Shares Trust XRP ETF,NASDAQ,G,Y,N,,,ETF,Equity,Plain,Broad Market,United States,Broad Market; Equity; Plain; United States
XRPT,XRPT,Volatility Shares Trust XRP 2X ETF,NASDAQ,G,Y,N,,,ETF,Equity,Plain,Broad Market,United States,Broad Market; Equity; Plain; United States
XRPZ,XRPZ,Franklin XRP ETF,NYSE, ,Y,N,,,ETF,Equity,Plain,Broad Market,United States,Broad Market; Equity; Plain; United States
XSOE,XSOE,WisdomTree Emerging Markets Ex-State Owned Enterprises Fund,NYSE, ,Y,N,,,ETF,Equity,Plain,Broad Market,Emerging Markets,Broad Market; Emerging Markets; Equity; Plain
XSW,XSW,State Street SPDR S&P Software & Services ETF,NYSE, ,Y,N,,,ETF,Equity,Plain,Broad Market,United States,Broad Market; Equity; Plain; United States
XT,XT,iShares Future Exponential Technologies ETF,NASDAQ,G,Y,N,,,ETF,Equity,Plain,Broad Market,United States,Broad Market; Equity; Plain; United States
XTN,XTN,State Street SPDR S&P Transportation ETF,NYSE, ,Y,N,,,ETF,Equity,Plain,Broad Market,United States,Broad Market; Equity; Plain; United States
XV,XV,Simplify Target 15 Distribution ETF,NYSE, ,Y,N,,,ETF,Equity,Dividend/Income,Broad Market,United States,Broad Market; Dividend/Income; Equity; United States
XXRP,XXRP,Teucrium 2x Long Daily XRP ETF,NYSE, ,Y,N,,,ETF,Equity,Plain,Broad Market,United States,Broad Market; Equity; Plain; United States
XXV,XXV,Simplify Ancorato Target 25 Distribution ETF,NYSE, ,Y,N,,,ETF,Equity,Dividend/Income,Broad Market,United States,Broad Market; Dividend/Income; Equity; United States
YALL,YALL,God Bless America ETF,NYSE, ,Y,N,,,ETF,Equity,Plain,Broad Market,United States,Broad Market; Equity; Plain; United States
YBST,YBST,GraniteShares YieldBoost Single Stock Universe ETF,NASDAQ,G,Y,N,,,ETF,Equity,Dividend/Income,Broad Market,United States,Broad Market; Dividend/Income; Equity; United States
YBTY,YBTY,GraniteShares YieldBoost TopYielders ETF,NASDAQ,G,Y,N,,,ETF,Equity,Dividend/Income,Broad Market,United States,Broad Market; Dividend/Income; Equity; United States
YCLO,YCLO,Franklin BSP CLO ETF,NYSE, ,Y,N,,,ETF,Equity,Plain,Broad Market,United States,Broad Market; Equity; Plain; United States
YNOT,YNOT,Horizon Digital Frontier ETF,NASDAQ,G,Y,N,,,ETF,Equity,Plain,Broad Market,United States,Broad Market; Equity; Plain; United States
YOKE,YOKE,YOKE Core ETF,NASDAQ,G,Y,N,,,ETF,Equity,Plain,Broad Market,United States,Broad Market; Equity; Plain; United States
YOLO,YOLO,AdvisorShares Pure Cannabis ETF,NYSE, ,Y,N,,,ETF,Equity,Plain,Broad Market,United States,Broad Market; Equity; Plain; United States
YSPY,YSPY,GraniteShares YieldBOOST SPY ETF,NASDAQ,G,Y,N,,,ETF,Equity,Dividend/Income,Broad Market,United States,Broad Market; Dividend/Income; Equity; United States
ZAP,ZAP,Global X U.S. Electrification ETF,NASDAQ,G,Y,N,,,ETF,Equity,Plain,Broad Market,Global; United States,Broad Market; Equity; Global; Plain; United States
ZETX,ZETX,Defiance Daily Target 2x Long ZETA ETF,NYSE, ,Y,N,,,ETF,Equity,Plain,Broad Market,United States,Broad Market; Equity; Plain; United States
ZHDG,ZHDG,ZEGA Buy and Hedge ETF,NYSE, ,Y,N,,,ETF,Equity,Plain,Broad Market,United States,Broad Market; Equity; Plain; United States
ZIG,ZIG,The Acquirers Fund,NYSE, ,Y,N,,,ETF,Equity,Plain,Broad Market,United States,Broad Market; Equity; Plain; United States
AAXJ,AAXJ,iShares MSCI All Country Asia ex Japan ETF,NASDAQ,G,Y,N,,,ETF,Equity,Plain,Broad Market & Core Indices,Global; Asia Pacific; Japan,Asia Pacific; Broad Market & Core Indices; Equity; Global; Japan; Plain
ABCS,ABCS,Alpha Blue Capital US Small-Mid Cap Dynamic ETF,NASDAQ,G,Y,N,,,ETF,Equity,Plain,Broad Market & Core Indices,United States,Broad Market & Core Indices; Equity; Plain; United States
ABIG,ABIG,Argent Large Cap ETF,NASDAQ,G,Y,N,,,ETF,Equity,Plain,Broad Market & Core Indices,United States,Broad Market & Core Indices; Equity; Plain; United States
ACLC,ACLC,American Century Large Cap Equity ETF,NYSE, ,Y,N,,,ETF,Equity,Plain,Broad Market & Core Indices,United States,Broad Market & Core Indices; Equity; Plain; United States
ACWI,ACWI,iShares MSCI ACWI ETF,NASDAQ,G,Y,N,,,ETF,Equity,Plain,Broad Market & Core Indices,United States,Broad Market & Core Indices; Equity; Plain; United States
ACWX,ACWX,iShares MSCI ACWI ex U.S. ETF,NASDAQ,G,Y,N,,,ETF,Equity,Plain,Broad Market & Core Indices,United States,Broad Market & Core Indices; Equity; Plain; United States
AFLG,AFLG,First Trust Active Factor Large Cap ETF,NYSE, ,Y,N,,,ETF,Equity,Active,Broad Market & Core Indices,United States,Active; Broad Market & Core Indices; Equity; United States
AFMC,AFMC,First Trust Active Factor Mid Cap ETF,NYSE, ,Y,N,,,ETF,Equity,Active,Broad Market & Core Indices,United States,Active; Broad Market & Core Indices; Equity; United States
AFSC,AFSC,abrdn Focused U.S. Small Cap Active ETF,NASDAQ,G,Y,N,,,ETF,Equity,Active,Broad Market & Core Indices,United States,Active; Broad Market & Core Indices; Equity; United States
AFSM,AFSM,First Trust Active Factor Small Cap ETF,NYSE, ,Y,N,,,ETF,Equity,Active,Broad Market & Core Indices,United States,Active; Broad Market & Core Indices; Equity; United States
AIMS,AIMS,Acuitas Small Cap Active ETF,NASDAQ,G,Y,N,,,ETF,Equity,Active,Broad Market & Core Indices,United States,Active; Broad Market & Core Indices; Equity; United States
ALIL,ALIL,Argent Focused Small Cap ETF,NASDAQ,G,Y,N,,,ETF,Equity,Plain,Broad Market & Core Indices,United States,Broad Market & Core Indices; Equity; Plain; United States
ALTL,ALTL,Pacer Lunt Large Cap Alternator ETF,NYSE, ,Y,N,,,ETF,Equity,Plain,Broad Market & Core Indices,United States,Broad Market & Core Indices; Equity; Plain; United States
AMID,AMID,Argent Mid Cap ETF,NASDAQ,G,Y,N,,,ETF,Equity,Plain,Broad Market & Core Indices,United States,Broad Market & Core Indices; Equity; Plain; United States
ARGT,ARGT,Global X MSCI Argentina ETF,NYSE, ,Y,N,,,ETF,Equity,Plain,Broad Market & Core Indices,Global,Broad Market & Core Indices; Equity; Global; Plain
ASCI,ASCI,abrdn International Small Cap Active ETF,NASDAQ,G,Y,N,,,ETF,Equity,Active,Broad Market & Core Indices,United States,Active; Broad Market & Core Indices; Equity; United States
ASHS,ASHS,Xtrackers Harvest CSI 500 China A-Shares Small Cap ETF,NYSE, ,Y,N,,,ETF,Equity,Plain,Broad Market & Core Indices,China,Broad Market & Core Indices; China; Equity; Plain
AVDS,AVDS,Avantis International Small Cap Equity ETF,NYSE, ,Y,N,,,ETF,Equity,Plain,Broad Market & Core Indices,United States,Broad Market & Core Indices; Equity; Plain; United States
AVEE,AVEE,Avantis Emerging Markets Small Cap Equity ETF,NYSE, ,Y,N,,,ETF,Equity,Plain,Broad Market & Core Indices,Emerging Markets,Broad Market & Core Indices; Emerging Markets; Equity; Plain
AVLC,AVLC,Avantis U.S. Large Cap Equity ETF,NYSE, ,Y,N,,,ETF,Equity,Plain,Broad Market & Core Indices,United States,Broad Market & Core Indices; Equity; Plain; United States
AVMC,AVMC,Avantis U.S. Mid Cap Equity ETF,NYSE, ,Y,N,,,ETF,Equity,Plain,Broad Market & Core Indices,United States,Broad Market & Core Indices; Equity; Plain; United States
AVSC,AVSC,Avantis U.S Small Cap Equity ETF,NYSE, ,Y,N,,,ETF,Equity,Plain,Broad Market & Core Indices,United States,Broad Market & Core Indices; Equity; Plain; United States
BBHL,BBHL,BBH Select Large Cap ETF,NYSE, ,Y,N,,,ETF,Equity,Plain,Broad Market & Core Indices,United States,Broad Market & Core Indices; Equity; Plain; United States
BBHM,BBHM,BBH Select Mid Cap ETF,NYSE, ,Y,N,,,ETF,Equity,Plain,Broad Market & Core Indices,United States,Broad Market & Core Indices; Equity; Plain; United States
BCIL,BCIL,Bancreek International Large Cap ETF,NYSE, ,Y,N,,,ETF,Equity,Plain,Broad Market & Core Indices,United States,Broad Market & Core Indices; Equity; Plain; United States
BCSM,BCSM,Baron SMID Cap ETF,NYSE, ,Y,N,,,ETF,Equity,Plain,Broad Market & Core Indices,United States,Broad Market & Core Indices; Equity; Plain; United States
BCUS,BCUS,Bancreek U.S. Large Cap ETF,NYSE, ,Y,N,,,ETF,Equity,Plain,Broad Market & Core Indices,United States,Broad Market & Core Indices; Equity; Plain; United States
BKF,BKF,iShares MSCI BIC ETF,NYSE, ,Y,N,,,ETF,Equity,Plain,Broad Market & Core Indices,United States,Broad Market & Core Indices; Equity; Plain; United States
BKLC,BKLC,BNY Mellon US Large Cap Core Equity ETF,NYSE, ,Y,N,,,ETF,Equity,Plain,Broad Market & Core Indices,United States,Broad Market & Core Indices; Equity; Plain; United States
BKMC,BKMC,BNY Mellon US Mid Cap Core Equity ETF,NYSE, ,Y,N,,,ETF,Equity,Plain,Broad Market & Core Indices,United States,Broad Market & Core Indices; Equity; Plain; United States
BKSE,BKSE,BNY Mellon US Small Cap Core Equity ETF,NYSE, ,Y,N,,,ETF,Equity,Plain,Broad Market & Core Indices,United States,Broad Market & Core Indices; Equity; Plain; United States
BLCR,BLCR,iShares Large Cap Core Active ETF,NASDAQ,G,Y,N,,,ETF,Equity,Active,Broad Market & Core Indices,United States,Active; Broad Market & Core Indices; Equity; United States
BLUC,BLUC,Bluemonte Large Cap Core ETF,NYSE, ,Y,N,,,ETF,Equity,Plain,Broad Market & Core Indices,United States,Broad Market & Core Indices; Equity; Plain; United States
BLUX,BLUX,Bluemonte Dynamic Total Market ETF,NYSE, ,Y,N,,,ETF,Equity,Plain,Broad Market & Core Indices,United States,Broad Market & Core Indices; Equity; Plain; United States
BROL,BROL,Baron Risk Optimized Large Cap ETF,NYSE, ,Y,N,,,ETF,Equity,Plain,Broad Market & Core Indices,United States,Broad Market & Core Indices; Equity; Plain; United States
BRSM,BRSM,MFS Blended Research Small-Mid Cap ETF,NYSE, ,Y,N,,,ETF,Equity,Plain,Broad Market & Core Indices,United States,Broad Market & Core Indices; Equity; Plain; United States
CDL,CDL,VictoryShares US Large Cap High Div Volatility Wtd ETF,NASDAQ,G,Y,N,,,ETF,Equity,Plain,Broad Market & Core Indices,United States,Broad Market & Core Indices; Equity; Plain; United States
CGMM,CGMM,Capital Group U.S. Small and Mid Cap ETF,NYSE, ,Y,N,,,ETF,Equity,Plain,Broad Market & Core Indices,United States,Broad Market & Core Indices; Equity; Plain; United States
COLO,COLO,Global X MSCI Colombia ETF,NYSE, ,Y,N,,,ETF,Equity,Plain,Broad Market & Core Indices,Global,Broad Market & Core Indices; Equity; Global; Plain
CPNJ,CPNJ,Calamos Nasdaq - 100 Structured Alt Protection ETF -June,NYSE, ,Y,N,,,ETF,Equity,Plain,Broad Market & Core Indices,United States,Broad Market & Core Indices; Equity; Plain; United States
CPNM,CPNM,Calamos Nasdaq-100 Structured Alt Protection ETF - March,NYSE, ,Y,N,,,ETF,Equity,Plain,Broad Market & Core Indices,United States,Broad Market & Core Indices; Equity; Plain; United States
CPNQ,CPNQ,Calamos Nasdaq-100 Structured Alt Protection ETF December,NYSE, ,Y,N,,,ETF,Equity,Plain,Broad Market & Core Indices,United States,Broad Market & Core Indices; Equity; Plain; United States
CPNS,CPNS,Calamos Nasdaq-100 Structured Alt Protection ETF  September,NYSE, ,Y,N,,,ETF,Equity,Plain,Broad Market & Core Indices,United States,Broad Market & Core Indices; Equity; Plain; United States
CPRA,CPRA,Calamos Russell 2000 Structured Alt Protection ETF - April,NYSE, ,Y,N,,,ETF,Equity,Plain,Broad Market & Core Indices,United States,Broad Market & Core Indices; Equity; Plain; United States
CPRJ,CPRJ,Calamos Russell 2000 Structured Alt Protection ETF  July,NYSE, ,Y,N,,,ETF,Equity,Plain,Broad Market & Core Indices,United States,Broad Market & Core Indices; Equity; Plain; United States
CPRO,CPRO,Calamos Russell 2000 Structured Alt Protection ETF - October,NYSE, ,Y,N,,,ETF,Equity,Plain,Broad Market & Core Indices,United States,Broad Market & Core Indices; Equity; Plain; United States
CPRY,CPRY,Calamos Russell 2000 Structured Alt Protection ETF January,NYSE, ,Y,N,,,ETF,Equity,Plain,Broad Market & Core Indices,United States,Broad Market & Core Indices; Equity; Plain; United States
CPSA,CPSA,Calamos S&P 500 Structured Alt Protection ETF  August,NYSE, ,Y,N,,,ETF,Equity,Plain,Broad Market & Core Indices,United States,Broad Market & Core Indices; Equity; Plain; United States
CPSD,CPSD,Calamos S&P 500 Structured Alt Protection ETF December,NYSE, ,Y,N,,,ETF,Equity,Plain,Broad Market & Core Indices,United States,Broad Market & Core Indices; Equity; Plain; United States
CPSF,CPSF,Calamos S&P 500 Structured Alt Protection ETF February,NYSE, ,Y,N,,,ETF,Equity,Plain,Broad Market & Core Indices,United States,Broad Market & Core Indices; Equity; Plain; United States
CPSJ,CPSJ,Calamos S&P 500 Structured Alt Protection ETF  July,NYSE, ,Y,N,,,ETF,Equity,Plain,Broad Market & Core Indices,United States,Broad Market & Core Indices; Equity; Plain; United States
CPSM,CPSM,Calamos S&P 500 Structured Alt Protection ETF  May,NYSE, ,Y,N,,,ETF,Equity,Plain,Broad Market & Core Indices,United States,Broad Market & Core Indices; Equity; Plain; United States
CPSN,CPSN,Calamos S&P 500 Structured Alt Protection ETF November,NYSE, ,Y,N,,,ETF,Equity,Plain,Broad Market & Core Indices,United States,Broad Market & Core Indices; Equity; Plain; United States
CPSO,CPSO,Calamos S&P 500 Structured Alt Protection ETF - October,NYSE, ,Y,N,,,ETF,Equity,Plain,Broad Market & Core Indices,United States,Broad Market & Core Indices; Equity; Plain; United States
CPSP,CPSP,Calamos S&P 500 Structured Alt Protection ETF - April,NYSE, ,Y,N,,,ETF,Equity,Plain,Broad Market & Core Indices,United States,Broad Market & Core Indices; Equity; Plain; United States
CPSR,CPSR,Calamos S&P 500 Structured Alt Protection ETF - March,NYSE, ,Y,N,,,ETF,Equity,Plain,Broad Market & Core Indices,United States,Broad Market & Core Indices; Equity; Plain; United States
CPST,CPST,Calamos S&P 500 Structured Alt Protection ETF  September,NYSE, ,Y,N,,,ETF,Equity,Plain,Broad Market & Core Indices,United States,Broad Market & Core Indices; Equity; Plain; United States
CPSU,CPSU,Calamos S&P 500 Structured Alt Protection ETF June,NYSE, ,Y,N,,,ETF,Equity,Plain,Broad Market & Core Indices,United States,Broad Market & Core Indices; Equity; Plain; United States
CPSY,CPSY,Calamos S&P 500 Structured Alt Protection ETF January,NYSE, ,Y,N,,,ETF,Equity,Plain,Broad Market & Core Indices,United States,Broad Market & Core Indices; Equity; Plain; United States
CRBN,CRBN,iShares Low Carbon Optimized MSCI ACWI ETF,NYSE, ,Y,N,,,ETF,Equity,Plain,Broad Market & Core Indices,United States,Broad Market & Core Indices; Equity; Plain; United States
CSB,CSB,VictoryShares US Small Cap High Div Volatility Wtd ETF,NASDAQ,G,Y,N,,,ETF,Equity,Plain,Broad Market & Core Indices,United States,Broad Market & Core Indices; Equity; Plain; United States
CWI,CWI,State Street SPDR MSCI ACWI ex-US ETF,NYSE, ,Y,N,,,ETF,Equity,Plain,Broad Market & Core Indices,Developed ex-US; United States,Broad Market & Core Indices; Developed ex-US; Equity; Plain; United States
DBAW,DBAW,Xtrackers MSCI All World ex US Hedged Equity ETF,NYSE, ,Y,N,,,ETF,Equity,Plain,Broad Market & Core Indices,Global; United States,Broad Market & Core Indices; Equity; Global; Plain; United States
DBEF,DBEF,Xtrackers MSCI EAFE Hedged Equity ETF,NYSE, ,Y,N,,,ETF,Equity,Plain,Broad Market & Core Indices,Developed ex-US,Broad Market & Core Indices; Developed ex-US; Equity; Plain
DBEM,DBEM,Xtrackers MSCI Emerging Markets Hedged Equity ETF,NYSE, ,Y,N,,,ETF,Equity,Plain,Broad Market & Core Indices,Emerging Markets,Broad Market & Core Indices; Emerging Markets; Equity; Plain
DBEU,DBEU,Xtrackers MSCI Europe Hedged Equity ETF,NYSE, ,Y,N,,,ETF,Equity,Plain,Broad Market & Core Indices,Europe,Broad Market & Core Indices; Equity; Europe; Plain
DBEZ,DBEZ,Xtrackers MSCI Eurozone Hedged Equity ETF,NYSE, ,Y,N,,,ETF,Equity,Plain,Broad Market & Core Indices,Europe,Broad Market & Core Indices; Equity; Europe; Plain
DBJP,DBJP,Xtrackers MSCI Japan Hedged Equity ETF,NYSE, ,Y,N,,,ETF,Equity,Plain,Broad Market & Core Indices,Japan,Broad Market & Core Indices; Equity; Japan; Plain
DEMZ,DEMZ,Democratic Large Cap Core ETF,NASDAQ,G,Y,N,,,ETF,Equity,Plain,Broad Market & Core Indices,United States,Broad Market & Core Indices; Equity; Plain; United States
DEUS,DEUS,Xtrackers Russell US Multifactor ETF,NYSE, ,Y,N,,,ETF,Equity,Plain,Broad Market & Core Indices,United States,Broad Market & Core Indices; Equity; Plain; United States
DFAS,DFAS,Dimensional U.S. Small Cap ETF,NYSE, ,Y,N,,,ETF,Equity,Plain,Broad Market & Core Indices,United States,Broad Market & Core Indices; Equity; Plain; United States
DFVX,DFVX,Dimensional US Large Cap Vector ETF,NYSE, ,Y,N,,,ETF,Equity,Plain,Broad Market & Core Indices,United States,Broad Market & Core Indices; Equity; Plain; United States
DHLX,DHLX,Diamond Hill Large Cap Concentrated ETF,NYSE, ,Y,N,,,ETF,Equity,Plain,Broad Market & Core Indices,United States,Broad Market & Core Indices; Equity; Plain; United States
DMXF,DMXF,iShares ESG Advanced MSCI EAFE ETF,NASDAQ,G,Y,N,,,ETF,Equity,ESG/Sustainable,Broad Market & Core Indices,Developed ex-US,Broad Market & Core Indices; Developed ex-US; ESG/Sustainable; Equity
DRUP,DRUP,GraniteShares Nasdaq Select Disruptors ETF,NYSE, ,Y,N,,,ETF,Equity,Plain,Broad Market & Core Indices,United States,Broad Market & Core Indices; Equity; Plain; United States
DSI,DSI,iShares ESG MSCI KLD 400 ETF,NYSE, ,Y,N,,,ETF,Equity,ESG/Sustainable,Broad Market & Core Indices,United States,Broad Market & Core Indices; ESG/Sustainable; Equity; United States
DSPY,DSPY,Tema S&P 500 Historical Weight ETF Strategy,NYSE, ,Y,N,,,ETF,Equity,Plain,Broad Market & Core Indices,United States,Broad Market & Core Indices; Equity; Plain; United States
EASG,EASG,Xtrackers MSCI EAFE Selection Equity ETF,NYSE, ,Y,N,,,ETF,Equity,Plain,Broad Market & Core Indices,Developed ex-US,Broad Market & Core Indices; Developed ex-US; Equity; Plain
EBIT,EBIT,Harbor AlphaEdge Small Cap Earners ETF,NYSE, ,Y,N,,,ETF,Equity,Plain,Broad Market & Core Indices,United States,Broad Market & Core Indices; Equity; Plain; United States
ECNS,ECNS,iShares MSCI China Small-Cap ETF,NYSE, ,Y,N,,,ETF,Equity,Plain,Broad Market & Core Indices,China,Broad Market & Core Indices; China; Equity; Plain
EEM,EEM,iShares MSCI Emerging Index Fund,NYSE, ,Y,N,,,ETF,Equity,Plain,Broad Market & Core Indices,United States,Broad Market & Core Indices; Equity; Plain; United States
EEMA,EEMA,iShares MSCI Emerging Markets Asia ETF,NASDAQ,G,Y,N,,,ETF,Equity,Plain,Broad Market & Core Indices,Emerging Markets; Asia Pacific,Asia Pacific; Broad Market & Core Indices; Emerging Markets; Equity; Plain
EEMS,EEMS,iShares MSCI Emerging Markets Small Cap ETF,NYSE, ,Y,N,,,ETF,Equity,Plain,Broad Market & Core Indices,Emerging Markets,Broad Market & Core Indices; Emerging Markets; Equity; Plain
EFA,EFA,iShares MSCI EAFE ETF,NYSE, ,Y,N,,,ETF,Equity,Plain,Broad Market & Core Indices,Developed ex-US,Broad Market & Core Indices; Developed ex-US; Equity; Plain
EFIV,EFIV,State Street SPDR S&P 500 ESG ETF,NYSE, ,Y,N,,,ETF,Equity,ESG/Sustainable,Broad Market & Core Indices,United States,Broad Market & Core Indices; ESG/Sustainable; Equity; United States
EGLE,EGLE,Global X S&P 500 U.S. Revenue Leaders ETF,NYSE, ,Y,N,,,ETF,Equity,Plain,Broad Market & Core Indices,Global; United States,Broad Market & Core Indices; Equity; Global; Plain; United States
EIDO,EIDO,iShares MSCI Indonesia ETF,NYSE, ,Y,N,,,ETF,Equity,Plain,Broad Market & Core Indices,United States,Broad Market & Core Indices; Equity; Plain; United States
EIRL,EIRL,iShares MSCI Ireland ETF,NYSE, ,Y,N,,,ETF,Equity,Plain,Broad Market & Core Indices,United States,Broad Market & Core Indices; Equity; Plain; United States
EIS,EIS,iShares MSCI Israel ETF,NYSE, ,Y,N,,,ETF,Equity,Plain,Broad Market & Core Indices,United States,Broad Market & Core Indices; Equity; Plain; United States
EKG,EKG,First Trust Nasdaq Lux Digital Health Solutions ETF,NASDAQ,G,Y,N,,,ETF,Equity,Plain,Broad Market & Core Indices,United States,Broad Market & Core Indices; Equity; Plain; United States
EMCS,EMCS,Xtrackers MSCI Emerging Markets Select ETF,NYSE, ,Y,N,,,ETF,Equity,Plain,Broad Market & Core Indices,Emerging Markets,Broad Market & Core Indices; Emerging Markets; Equity; Plain
EMOT,EMOT,First Trust S&P 500 Economic Moat ETF,NYSE, ,Y,N,,,ETF,Equity,Plain,Broad Market & Core Indices,United States,Broad Market & Core Indices; Equity; Plain; United States
EMSC,EMSC,Sophus Capital Emerging Market Small Cap ETF,NASDAQ,G,Y,N,,,ETF,Equity,Plain,Broad Market & Core Indices,Emerging Markets; United States,Broad Market & Core Indices; Emerging Markets; Equity; Plain; United States
EMXC,EMXC,iShares MSCI Emerging Markets ex China ETF,NASDAQ,G,Y,N,,,ETF,Equity,Plain,Broad Market & Core Indices,Emerging Markets; China,Broad Market & Core Indices; China; Emerging Markets; Equity; Plain
EMXF,EMXF,iShares ESG Advanced MSCI EM ETF,NASDAQ,G,Y,N,,,ETF,Equity,ESG/Sustainable,Broad Market & Core Indices,United States,Broad Market & Core Indices; ESG/Sustainable; Equity; United States
ENHU,ENHU,iShares Enhanced Large Cap Core Active ETF,NASDAQ,G,Y,N,,,ETF,Equity,Active,Broad Market & Core Indices,United States,Active; Broad Market & Core Indices; Equity; United States
ENZL,ENZL,iShares MSCI New Zealand ETF,NASDAQ,G,Y,N,,,ETF,Equity,Plain,Broad Market & Core Indices,United States,Broad Market & Core Indices; Equity; Plain; United States
EPHE,EPHE,iShares MSCI Philippines ETF,NYSE, ,Y,N,,,ETF,Equity,Plain,Broad Market & Core Indices,United States,Broad Market & Core Indices; Equity; Plain; United States
EPMB,EPMB,Harbor Mid Cap Core ETF,NYSE, ,Y,N,,,ETF,Equity,Plain,Broad Market & Core Indices,United States,Broad Market & Core Indices; Equity; Plain; United States
EPOL,EPOL,iShares MSCI Poland ETF,NYSE, ,Y,N,,,ETF,Equity,Plain,Broad Market & Core Indices,United States,Broad Market & Core Indices; Equity; Plain; United States
EPP,EPP,iShares MSCI Pacific Ex-Japan Index Fund,NYSE, ,Y,N,,,ETF,Equity,Plain,Broad Market & Core Indices,Japan,Broad Market & Core Indices; Equity; Japan; Plain
EPSB,EPSB,Harbor SMID Cap Core ETF,NYSE, ,Y,N,,,ETF,Equity,Plain,Broad Market & Core Indices,United States,Broad Market & Core Indices; Equity; Plain; United States
EPU,EPU,iShares MSCI Peru and Global Exposure ETF,NYSE, ,Y,N,,,ETF,Equity,Plain,Broad Market & Core Indices,Global,Broad Market & Core Indices; Equity; Global; Plain
EQAL,EQAL,Invesco Russell 1000 Equal Weight ETF,NYSE, ,Y,N,,,ETF,Equity,Factor,Broad Market & Core Indices,United States,Broad Market & Core Indices; Equity; Factor; United States
ERTH,ERTH,Invesco MSCI Sustainable Future ETF,NYSE, ,Y,N,,,ETF,Equity,ESG/Sustainable,Broad Market & Core Indices,United States,Broad Market & Core Indices; ESG/Sustainable; Equity; United States
ESGD,ESGD,iShares ESG Aware MSCI EAFE ETF,NASDAQ,G,Y,N,,,ETF,Equity,ESG/Sustainable,Broad Market & Core Indices,Developed ex-US,Broad Market & Core Indices; Developed ex-US; ESG/Sustainable; Equity
ESGE,ESGE,iShares ESG Aware MSCI EM ETF,NASDAQ,G,Y,N,,,ETF,Equity,ESG/Sustainable,Broad Market & Core Indices,United States,Broad Market & Core Indices; ESG/Sustainable; Equity; United States
ESGU,ESGU,iShares ESG Aware MSCI USA ETF,NASDAQ,G,Y,N,,,ETF,Equity,ESG/Sustainable,Broad Market & Core Indices,United States,Broad Market & Core Indices; ESG/Sustainable; Equity; United States
ESMV,ESMV,iShares ESG Optimized MSCI USA Min Vol Factor ETF,NASDAQ,G,Y,N,,,ETF,Equity,ESG/Sustainable,Broad Market & Core Indices,United States,Broad Market & Core Indices; ESG/Sustainable; Equity; United States
ESSC,ESSC,Eventide Small Cap ETF,NYSE, ,Y,N,,,ETF,Equity,Plain,Broad Market & Core Indices,United States,Broad Market & Core Indices; Equity; Plain; United States
EUFN,EUFN,iShares MSCI Europe Financials ETF,NASDAQ,G,Y,N,,,ETF,Equity,Plain,Broad Market & Core Indices,Europe,Broad Market & Core Indices; Equity; Europe; Plain
EUSA,EUSA,iShares MSCI USA Equal Weighted ETF,NYSE, ,Y,N,,,ETF,Equity,Factor,Broad Market & Core Indices,United States,Broad Market & Core Indices; Equity; Factor; United States
EWA,EWA,iShares MSCI Australia Index Fund,NYSE, ,Y,N,,,ETF,Equity,Plain,Broad Market & Core Indices,United States,Broad Market & Core Indices; Equity; Plain; United States
EWC,EWC,iShares MSCI Canada Index Fund,NYSE, ,Y,N,,,ETF,Equity,Plain,Broad Market & Core Indices,United States,Broad Market & Core Indices; Equity; Plain; United States
EWD,EWD,iShares MSCI Sweden ETF,NYSE, ,Y,N,,,ETF,Equity,Plain,Broad Market & Core Indices,United States,Broad Market & Core Indices; Equity; Plain; United States
EWG,EWG,iShares MSCI Germany Index Fund,NYSE, ,Y,N,,,ETF,Equity,Plain,Broad Market & Core Indices,United States,Broad Market & Core Indices; Equity; Plain; United States
EWH,EWH,iShares MSCI Hong Kong Index Fund,NYSE, ,Y,N,,,ETF,Equity,Plain,Broad Market & Core Indices,United States,Broad Market & Core Indices; Equity; Plain; United States
EWI,EWI,iShares MSCI Italy ETF,NYSE, ,Y,N,,,ETF,Equity,Plain,Broad Market & Core Indices,United States,Broad Market & Core Indices; Equity; Plain; United States
EWJ,EWJ,iShares MSCI Japan Index Fund,NYSE, ,Y,N,,,ETF,Equity,Plain,Broad Market & Core Indices,Japan,Broad Market & Core Indices; Equity; Japan; Plain
EWK,EWK,iShares MSCI Belgium ETF,NYSE, ,Y,N,,,ETF,Equity,Plain,Broad Market & Core Indices,United States,Broad Market & Core Indices; Equity; Plain; United States
EWL,EWL,iShares MSCI Switzerland ETF,NYSE, ,Y,N,,,ETF,Equity,Plain,Broad Market & Core Indices,United States,Broad Market & Core Indices; Equity; Plain; United States
EWM,EWM,iShares MSCI Malaysia Index Fund,NYSE, ,Y,N,,,ETF,Equity,Plain,Broad Market & Core Indices,United States,Broad Market & Core Indices; Equity; Plain; United States
EWO,EWO,iShares MSCI Austria ETF,NYSE, ,Y,N,,,ETF,Equity,Plain,Broad Market & Core Indices,United States,Broad Market & Core Indices; Equity; Plain; United States
EWP,EWP,iShares MSCI Spain ETF,NYSE, ,Y,N,,,ETF,Equity,Plain,Broad Market & Core Indices,United States,Broad Market & Core Indices; Equity; Plain; United States
EWQ,EWQ,iShares MSCI France Index Fund,NYSE, ,Y,N,,,ETF,Equity,Plain,Broad Market & Core Indices,United States,Broad Market & Core Indices; Equity; Plain; United States
EWS,EWS,iShares MSCI Singapore ETF,NYSE, ,Y,N,,,ETF,Equity,Plain,Broad Market & Core Indices,United States,Broad Market & Core Indices; Equity; Plain; United States
EWT,EWT,iShares MSCI Taiwan ETF,NYSE, ,Y,N,,,ETF,Equity,Plain,Broad Market & Core Indices,Taiwan,Broad Market & Core Indices; Equity; Plain; Taiwan
EWU,EWU,iShares MSCI United Kingdom ETF,NYSE, ,Y,N,,,ETF,Equity,Plain,Broad Market & Core Indices,United Kingdom,Broad Market & Core Indices; Equity; Plain; United Kingdom
EWW,EWW,iShares MSCI Mexico ETF,NYSE, ,Y,N,,,ETF,Equity,Plain,Broad Market & Core Indices,United States,Broad Market & Core Indices; Equity; Plain; United States
EWX,EWX,State Street SPDR S&P Emerging Markets Small Cap ETF,NYSE, ,Y,N,,,ETF,Equity,Plain,Broad Market & Core Indices,Emerging Markets,Broad Market & Core Indices; Emerging Markets; Equity; Plain
EWY,EWY,iShares MSCI South Korea ETF,NYSE, ,Y,N,,,ETF,Equity,Plain,Broad Market & Core Indices,South Korea,Broad Market & Core Indices; Equity; Plain; South Korea
EWZ,EWZ,iShares MSCI Brazil ETF,NYSE, ,Y,N,,,ETF,Equity,Plain,Broad Market & Core Indices,Brazil,Brazil; Broad Market & Core Indices; Equity; Plain
EWZS,EWZS,iShares MSCI Brazil Small-Cap ETF,NASDAQ,G,Y,N,,,ETF,Equity,Plain,Broad Market & Core Indices,Brazil,Brazil; Broad Market & Core Indices; Equity; Plain
EZA,EZA,iShares MSCI South Africa Index Fund,NYSE, ,Y,N,,,ETF,Equity,Plain,Broad Market & Core Indices,United States,Broad Market & Core Indices; Equity; Plain; United States
FCFY,FCFY,First Trust S&P 500 Diversified Free Cash Flow ETF,NYSE, ,Y,N,,,ETF,Equity,Plain,Broad Market & Core Indices,United States,Broad Market & Core Indices; Equity; Plain; United States
FCOM,FCOM,Fidelity MSCI Communication Services Index ETF,NYSE, ,Y,N,,,ETF,Equity,Plain,Broad Market & Core Indices,United States,Broad Market & Core Indices; Equity; Plain; United States
FDTS,FDTS,First Trust Developed Markets ex-US Small Cap AlphaDEX Fund,NASDAQ,G,Y,N,,,ETF,Equity,Plain,Broad Market & Core Indices,Developed ex-US; United States,Broad Market & Core Indices; Developed ex-US; Equity; Plain; United States
FELC,FELC,Fidelity Enhanced Large Cap Core ETF,NYSE, ,Y,N,,,ETF,Equity,Plain,Broad Market & Core Indices,United States,Broad Market & Core Indices; Equity; Plain; United States
FEMD,FEMD,First Eagle Mid Cap Equity ETF,NYSE, ,Y,N,,,ETF,Equity,Plain,Broad Market & Core Indices,United States,Broad Market & Core Indices; Equity; Plain; United States
FEMS,FEMS,First Trust Emerging Markets Small Cap AlphaDEX Fund,NASDAQ,G,Y,N,,,ETF,Equity,Plain,Broad Market & Core Indices,Emerging Markets,Broad Market & Core Indices; Emerging Markets; Equity; Plain
FESM,FESM,Fidelity Enhanced Small Cap Core ETF,NYSE, ,Y,N,,,ETF,Equity,Plain,Broad Market & Core Indices,United States,Broad Market & Core Indices; Equity; Plain; United States
FEUS,FEUS,FlexShares ESG & Climate US Large Cap Core Index Fund,NYSE, ,Y,N,,,ETF,Equity,ESG/Sustainable,Broad Market & Core Indices,United States,Broad Market & Core Indices; ESG/Sustainable; Equity; United States
FEX,FEX,First Trust Large Cap Core AlphaDEX Fund,NASDAQ,G,Y,N,,,ETF,Equity,Plain,Broad Market & Core Indices,United States,Broad Market & Core Indices; Equity; Plain; United States
FGSM,FGSM,Frontier Asset Global Small Cap Equity ETF,NYSE, ,Y,N,,,ETF,Equity,Plain,Broad Market & Core Indices,Global,Broad Market & Core Indices; Equity; Global; Plain
FLAG,FLAG,Global X S&P 500 U.S. Market Leaders Top 50 ETF,NYSE, ,Y,N,,,ETF,Equity,Plain,Broad Market & Core Indices,Global; United States,Broad Market & Core Indices; Equity; Global; Plain; United States
FLCC,FLCC,Federated Hermes MDT Large Cap Core ETF,NYSE, ,Y,N,,,ETF,Equity,Plain,Broad Market & Core Indices,United States,Broad Market & Core Indices; Equity; Plain; United States
FLCE,FLCE,Frontier Asset U.S. Large Cap Equity ETF,NYSE, ,Y,N,,,ETF,Equity,Plain,Broad Market & Core Indices,United States,Broad Market & Core Indices; Equity; Plain; United States
FMDE,FMDE,Fidelity Enhanced Mid Cap Core ETF,NYSE, ,Y,N,,,ETF,Equity,Plain,Broad Market & Core Indices,United States,Broad Market & Core Indices; Equity; Plain; United States
FNCL,FNCL,Fidelity MSCI Financials Index ETF,NYSE, ,Y,N,,,ETF,Equity,Plain,Broad Market & Core Indices,United States,Broad Market & Core Indices; Equity; Plain; United States
FNDB,FNDB,Schwab Fundamental U.S. Broad Market ETF,NYSE, ,Y,N,,,ETF,Equity,Plain,Broad Market & Core Indices,United States,Broad Market & Core Indices; Equity; Plain; United States
FNX,FNX,First Trust Mid Cap Core AlphaDEX Fund,NASDAQ,G,Y,N,,,ETF,Equity,Plain,Broad Market & Core Indices,United States,Broad Market & Core Indices; Equity; Plain; United States
FRTY,FRTY,Alger Mid Cap 40 ETF,NYSE, ,Y,N,,,ETF,Equity,Plain,Broad Market & Core Indices,United States,Broad Market & Core Indices; Equity; Plain; United States
FSCC,FSCC,Federated Hermes MDT Small Cap Core ETF,NYSE, ,Y,N,,,ETF,Equity,Plain,Broad Market & Core Indices,United States,Broad Market & Core Indices; Equity; Plain; United States
FSCS,FSCS,First Trust SMID Capital Strength ETF,NASDAQ,G,Y,N,,,ETF,Equity,Plain,Broad Market & Core Indices,United States,Broad Market & Core Indices; Equity; Plain; United States
FSML,FSML,Franklin Small Cap Enhanced ETF,NYSE, ,Y,N,,,ETF,Equity,Plain,Broad Market & Core Indices,United States,Broad Market & Core Indices; Equity; Plain; United States
FTEC,FTEC,Fidelity MSCI Information Technology Index ETF,NYSE, ,Y,N,,,ETF,Equity,Plain,Broad Market & Core Indices,United States,Broad Market & Core Indices; Equity; Plain; United States
FTXR,FTXR,First Trust Nasdaq Transportation ETF,NASDAQ,G,Y,N,,,ETF,Equity,Plain,Broad Market & Core Indices,United States,Broad Market & Core Indices; Equity; Plain; United States
FYX,FYX,First Trust Small Cap Core AlphaDEX Fund,NASDAQ,G,Y,N,,,ETF,Equity,Plain,Broad Market & Core Indices,United States,Broad Market & Core Indices; Equity; Plain; United States
GLCR,GLCR,GlacierShares Nasdaq Iceland ETF,NASDAQ,G,Y,N,,,ETF,Equity,Plain,Broad Market & Core Indices,United States,Broad Market & Core Indices; Equity; Plain; United States
GREK,GREK,Global X MSCI Greece ETF,NYSE, ,Y,N,,,ETF,Equity,Plain,Broad Market & Core Indices,Global,Broad Market & Core Indices; Equity; Global; Plain
GRNY,GRNY,Fundstrat Granny Shots US Large Cap ETF,NYSE, ,Y,N,,,ETF,Equity,Plain,Broad Market & Core Indices,United States,Broad Market & Core Indices; Equity; Plain; United States
GSC,GSC,Goldman Sachs Small Cap Equity ETF,NYSE, ,Y,N,,,ETF,Equity,Plain,Broad Market & Core Indices,United States,Broad Market & Core Indices; Equity; Plain; United States
GSLC,GSLC,Goldman Sachs ActiveBeta U.S. Large Cap Equity ETF,NYSE, ,Y,N,,,ETF,Equity,Active,Broad Market & Core Indices,United States,Active; Broad Market & Core Indices; Equity; United States
GSSC,GSSC,GS ActiveBeta U.S. Small Cap Equity ETF,NYSE, ,Y,N,,,ETF,Equity,Active,Broad Market & Core Indices,United States,Active; Broad Market & Core Indices; Equity; United States
GTPE,GTPE,Goldman Sachs MSCI World Private Equity Return Tracker ETF,NASDAQ,G,Y,N,,,ETF,Equity,Plain,Broad Market & Core Indices,Global,Broad Market & Core Indices; Equity; Global; Plain
GWX,GWX,State Street SPDR S&P International Small Cap ETF,NYSE, ,Y,N,,,ETF,Equity,Plain,Broad Market & Core Indices,United States,Broad Market & Core Indices; Equity; Plain; United States
GXPC,GXPC,Global X PureCap MSCI Communication Services ETF,NYSE, ,Y,N,,,ETF,Equity,Plain,Broad Market & Core Indices,Global,Broad Market & Core Indices; Equity; Global; Plain
GXPT,GXPT,Global X PureCap MSCI Information Technology ETF,NYSE, ,Y,N,,,ETF,Equity,Plain,Broad Market & Core Indices,Global,Broad Market & Core Indices; Equity; Global; Plain
GYLD,GYLD,Arrow Dow Jones Global Yield ETF ETF,NYSE, ,Y,N,,,ETF,Equity,Dividend/Income,Broad Market & Core Indices,Global,Broad Market & Core Indices; Dividend/Income; Equity; Global
HAPI,HAPI,Harbor Human Capital Factor US Large Cap ETF,NYSE, ,Y,N,,,ETF,Equity,Plain,Broad Market & Core Indices,United States,Broad Market & Core Indices; Equity; Plain; United States
HAPS,HAPS,Harbor Human Capital Factor US Small Cap ETF,NYSE, ,Y,N,,,ETF,Equity,Plain,Broad Market & Core Indices,United States,Broad Market & Core Indices; Equity; Plain; United States
HEQQ,HEQQ,JPMorgan Nasdaq Hedged Equity Laddered Overlay ETF,NASDAQ,G,Y,N,,,ETF,Equity,Plain,Broad Market & Core Indices,United States,Broad Market & Core Indices; Equity; Plain; United States
HFSP,HFSP,TradersAI Large Cap Equity & Cash ETF,NASDAQ,G,Y,N,,,ETF,Equity,Plain,Broad Market & Core Indices,United States,Broad Market & Core Indices; Equity; Plain; United States
HNDL,HNDL,Strategy Shares Nasdaq 7HANDL Index ETF,NASDAQ,G,Y,N,,,ETF,Equity,Plain,Broad Market & Core Indices,United States,Broad Market & Core Indices; Equity; Plain; United States
IDEV,IDEV,iShares Core MSCI International Developed Markets ETF,NYSE, ,Y,N,,,ETF,Equity,Plain,Broad Market & Core Indices,Developed ex-US,Broad Market & Core Indices; Developed ex-US; Equity; Plain
IEMG,IEMG,iShares Core MSCI Emerging Markets ETF,NYSE, ,Y,N,,,ETF,Equity,Plain,Broad Market & Core Indices,Emerging Markets,Broad Market & Core Indices; Emerging Markets; Equity; Plain
IEUR,IEUR,iShares Core MSCI Europe ETF,NYSE, ,Y,N,,,ETF,Equity,Plain,Broad Market & Core Indices,Europe,Broad Market & Core Indices; Equity; Europe; Plain
IEUS,IEUS,iShares MSCI Europe Small-Cap ETF,NASDAQ,G,Y,N,,,ETF,Equity,Plain,Broad Market & Core Indices,Europe; United States,Broad Market & Core Indices; Equity; Europe; Plain; United States
IND,IND,Xtrackers Nifty 500 India ETF,NASDAQ,G,Y,N,,,ETF,Equity,Plain,Broad Market & Core Indices,India,Broad Market & Core Indices; Equity; India; Plain
INFO,INFO,Harbor PanAgora Dynamic Large Cap Core ETF,NYSE, ,Y,N,,,ETF,Equity,Plain,Broad Market & Core Indices,United States,Broad Market & Core Indices; Equity; Plain; United States
INVN,INVN,Alger Russell Innovation ETF,NYSE, ,Y,N,,,ETF,Equity,Plain,Broad Market & Core Indices,United States,Broad Market & Core Indices; Equity; Plain; United States
IPAC,IPAC,iShares Core MSCI Pacific ETF,NYSE, ,Y,N,,,ETF,Equity,Plain,Broad Market & Core Indices,United States,Broad Market & Core Indices; Equity; Plain; United States
IQSM,IQSM,NYLI Candriam U.S. Mid Cap Equity ETF,NYSE, ,Y,N,,,ETF,Equity,Plain,Broad Market & Core Indices,United States,Broad Market & Core Indices; Equity; Plain; United States
IQSU,IQSU,NYLI Candriam U.S. Large Cap Equity ETF,NYSE, ,Y,N,,,ETF,Equity,Plain,Broad Market & Core Indices,United States,Broad Market & Core Indices; Equity; Plain; United States
ISMD,ISMD,Inspire Small/Mid Cap ETF,NYSE, ,Y,N,,,ETF,Equity,Plain,Broad Market & Core Indices,United States,Broad Market & Core Indices; Equity; Plain; United States
IVV,IVV,iShares Core S&P 500 ETF,NYSE, ,Y,N,,,ETF,Equity,Plain,Broad Market & Core Indices,United States,Broad Market & Core Indices; Equity; Plain; United States
IWB,IWB,iShares Russell 1000 ETF,NYSE, ,Y,N,,,ETF,Equity,Plain,Broad Market & Core Indices,United States,Broad Market & Core Indices; Equity; Plain; United States
IWL,IWL,iShares Russell Top 200 ETF,NYSE, ,Y,N,,,ETF,Equity,Plain,Broad Market & Core Indices,United States,Broad Market & Core Indices; Equity; Plain; United States
IWM,IWM,iShares Russell 2000 Index Fund,NYSE, ,Y,N,,,ETF,Equity,Plain,Broad Market & Core Indices,United States,Broad Market & Core Indices; Equity; Plain; United States
IWR,IWR,iShares Russell Mid-Cap ETF,NYSE, ,Y,N,,,ETF,Equity,Plain,Broad Market & Core Indices,United States,Broad Market & Core Indices; Equity; Plain; United States
IWV,IWV,iShares Russell 3000 Fund,NYSE, ,Y,N,,,ETF,Equity,Plain,Broad Market & Core Indices,United States,Broad Market & Core Indices; Equity; Plain; United States
IXUS,IXUS,iShares Core MSCI Total International Stock ETF,NASDAQ,G,Y,N,,,ETF,Equity,Plain,Broad Market & Core Indices,United States,Broad Market & Core Indices; Equity; Plain; United States
IYY,IYY,iShares Dow Jones U.S. ETF,NYSE, ,Y,N,,,ETF,Equity,Plain,Broad Market & Core Indices,United States,Broad Market & Core Indices; Equity; Plain; United States
JHML,JHML,John Hancock Multifactor Large Cap ETF,NYSE, ,Y,N,,,ETF,Equity,Plain,Broad Market & Core Indices,United States,Broad Market & Core Indices; Equity; Plain; United States
JHMM,JHMM,John Hancock Multifactor Mid Cap ETF,NYSE, ,Y,N,,,ETF,Equity,Plain,Broad Market & Core Indices,United States,Broad Market & Core Indices; Equity; Plain; United States
JHSC,JHSC,John Hancock Multifactor Small Cap ETF,NYSE, ,Y,N,,,ETF,Equity,Plain,Broad Market & Core Indices,United States,Broad Market & Core Indices; Equity; Plain; United States
JMEE,JMEE,JPMorgan Small & Mid Cap Enhanced Equity ETF,NYSE, ,Y,N,,,ETF,Equity,Plain,Broad Market & Core Indices,United States,Broad Market & Core Indices; Equity; Plain; United States
JPME,JPME,JPMorgan Diversified Return U.S. Mid Cap Equity ETF,NYSE, ,Y,N,,,ETF,Equity,Plain,Broad Market & Core Indices,United States,Broad Market & Core Indices; Equity; Plain; United States
JPSE,JPSE,JPMorgan Diversified Return U.S. Small Cap Equity ETF,NYSE, ,Y,N,,,ETF,Equity,Plain,Broad Market & Core Indices,United States,Broad Market & Core Indices; Equity; Plain; United States
JUSA,JUSA,JPMorgan U.S. Research Enhanced Large Cap ETF,NYSE, ,Y,N,,,ETF,Equity,Plain,Broad Market & Core Indices,United States,Broad Market & Core Indices; Equity; Plain; United States
JUST,JUST,Goldman Sachs JUST U.S. Large Cap Equity ETF,NYSE, ,Y,N,,,ETF,Equity,Plain,Broad Market & Core Indices,United States,Broad Market & Core Indices; Equity; Plain; United States
KBA,KBA,KraneShares Bosera MSCI China A 50 Connect Index ETF,NYSE, ,Y,N,,,ETF,Equity,Plain,Broad Market & Core Indices,China,Broad Market & Core Indices; China; Equity; Plain
KBFR,KBFR,Innovator U.S. Small Cap Managed 10 Buffer ETF,NYSE, ,Y,N,,,ETF,Equity,Plain,Broad Market & Core Indices,United States,Broad Market & Core Indices; Equity; Plain; United States
KEMX,KEMX,KraneShares MSCI Emerging Markets ex China Index ETF,NYSE, ,Y,N,,,ETF,Equity,Plain,Broad Market & Core Indices,Emerging Markets; China,Broad Market & Core Indices; China; Emerging Markets; Equity; Plain
KLMN,KLMN,Invesco MSCI North America Climate ETF,NYSE, ,Y,N,,,ETF,Equity,ESG/Sustainable,Broad Market & Core Indices,United States,Broad Market & Core Indices; ESG/Sustainable; Equity; United States
KLMT,KLMT,Invesco MSCI Global Climate 500 ETF,NYSE, ,Y,N,,,ETF,Equity,ESG/Sustainable,Broad Market & Core Indices,Global,Broad Market & Core Indices; ESG/Sustainable; Equity; Global
KOKU,KOKU,Xtrackers MSCI Kokusai Equity ETF,NYSE, ,Y,N,,,ETF,Equity,Plain,Broad Market & Core Indices,United States,Broad Market & Core Indices; Equity; Plain; United States
KSA,KSA,iShares MSCI Saudi Arabia ETF,NYSE, ,Y,N,,,ETF,Equity,Plain,Broad Market & Core Indices,United States,Broad Market & Core Indices; Equity; Plain; United States
LDEM,LDEM,iShares ESG MSCI EM Leaders ETF,NASDAQ,G,Y,N,,,ETF,Equity,ESG/Sustainable,Broad Market & Core Indices,United States,Broad Market & Core Indices; ESG/Sustainable; Equity; United States
LGDX,LGDX,Intech S&P Large Cap Diversified Alpha ETF,NYSE, ,Y,N,,,ETF,Equity,Plain,Broad Market & Core Indices,United States,Broad Market & Core Indices; Equity; Plain; United States
LRGC,LRGC,AB US Large Cap Strategic Equities ETF,NYSE, ,Y,N,,,ETF,Equity,Plain,Broad Market & Core Indices,United States,Broad Market & Core Indices; Equity; Plain; United States
LRND,LRND,NYLI U.S. Large Cap R&D Leaders ETF,NASDAQ,G,Y,N,,,ETF,Equity,Plain,Broad Market & Core Indices,United States,Broad Market & Core Indices; Equity; Plain; United States
MCHI,MCHI,iShares MSCI China ETF,NASDAQ,G,Y,N,,,ETF,Equity,Plain,Broad Market & Core Indices,China,Broad Market & Core Indices; China; Equity; Plain
MGMT,MGMT,Ballast Small/Mid Cap ETF,NYSE, ,Y,N,,,ETF,Equity,Plain,Broad Market & Core Indices,United States,Broad Market & Core Indices; Equity; Plain; United States
MJSC,MJSC,MUFG Japan Small Cap Active ETF,NYSE, ,Y,N,,,ETF,Equity,Active,Broad Market & Core Indices,Japan,Active; Broad Market & Core Indices; Equity; Japan
MMID,MMID,MFS Active Mid Cap ETF,NYSE, ,Y,N,,,ETF,Equity,Active,Broad Market & Core Indices,United States,Active; Broad Market & Core Indices; Equity; United States
MMSC,MMSC,First Trust Multi-Manager Small Cap Opportunities ETF,NYSE, ,Y,N,,,ETF,Equity,Plain,Broad Market & Core Indices,United States,Broad Market & Core Indices; Equity; Plain; United States
MNZL,MNZL,Manzil Russell Halal USA Broad Market ETF,NASDAQ,G,Y,N,,,ETF,Equity,Plain,Broad Market & Core Indices,United States,Broad Market & Core Indices; Equity; Plain; United States
MSLC,MSLC,Morgan Stanley Pathway Large Cap Equity ETF,NYSE, ,Y,N,,,ETF,Equity,Plain,Broad Market & Core Indices,United States,Broad Market & Core Indices; Equity; Plain; United States
MSSM,MSSM,Morgan Stanley Pathway Small-Mid Cap Equity ETF,NYSE, ,Y,N,,,ETF,Equity,Plain,Broad Market & Core Indices,United States,Broad Market & Core Indices; Equity; Plain; United States
NBFR,NBFR,Innovator Nasdaq-100 Managed 10 Buffer ETF,NYSE, ,Y,N,,,ETF,Equity,Plain,Broad Market & Core Indices,United States,Broad Market & Core Indices; Equity; Plain; United States
NBSM,NBSM,Neuberger Small-Mid Cap ETF,NYSE, ,Y,N,,,ETF,Equity,Plain,Broad Market & Core Indices,United States,Broad Market & Core Indices; Equity; Plain; United States
NFTY,NFTY,First Trust India Nifty 50 Equal Weight ETF,NASDAQ,G,Y,N,,,ETF,Equity,Factor,Broad Market & Core Indices,India,Broad Market & Core Indices; Equity; Factor; India
NISM,NISM,NYLI International Small-Mid Cap Equity ETF,NYSE, ,Y,N,,,ETF,Equity,Plain,Broad Market & Core Indices,United States,Broad Market & Core Indices; Equity; Plain; United States
NORW,NORW,Global X MSCI Norway ETF,NYSE, ,Y,N,,,ETF,Equity,Plain,Broad Market & Core Indices,Global,Broad Market & Core Indices; Equity; Global; Plain
NZAC,NZAC,State Street SPDR MSCI ACWI Climate Paris Aligned ETF,NASDAQ,G,Y,N,,,ETF,Equity,ESG/Sustainable,Broad Market & Core Indices,United States,Broad Market & Core Indices; ESG/Sustainable; Equity; United States
OAKG,OAKG,Oakmark Global Large Cap ETF,NYSE, ,Y,N,,,ETF,Equity,Plain,Broad Market & Core Indices,Global,Broad Market & Core Indices; Equity; Global; Plain
OAKI,OAKI,Oakmark International Large Cap ETF,NYSE, ,Y,N,,,ETF,Equity,Plain,Broad Market & Core Indices,United States,Broad Market & Core Indices; Equity; Plain; United States
OAKM,OAKM,Oakmark U.S. Large Cap ETF,NYSE, ,Y,N,,,ETF,Equity,Plain,Broad Market & Core Indices,United States,Broad Market & Core Indices; Equity; Plain; United States
OALC,OALC,OneAscent Large Cap Core ETF,NYSE, ,Y,N,,,ETF,Equity,Plain,Broad Market & Core Indices,United States,Broad Market & Core Indices; Equity; Plain; United States
OASC,OASC,OneAscent Enhanced Small and Mid Cap ETF,NYSE, ,Y,N,,,ETF,Equity,Plain,Broad Market & Core Indices,United States,Broad Market & Core Indices; Equity; Plain; United States
OBOR,OBOR,KraneShares MSCI One Belt One Road Index ETF,NYSE, ,Y,N,,,ETF,Equity,Plain,Broad Market & Core Indices,United States,Broad Market & Core Indices; Equity; Plain; United States
ONEQ,ONEQ,Fidelity Nasdaq Composite Index ETF,NASDAQ,G,Y,N,,,ETF,Equity,Plain,Broad Market & Core Indices,United States,Broad Market & Core Indices; Equity; Plain; United States
ONEY,ONEY,State Street SPDR Russell 1000 Yield Focus ETF,NYSE, ,Y,N,,,ETF,Equity,Dividend/Income,Broad Market & Core Indices,United States,Broad Market & Core Indices; Dividend/Income; Equity; United States
PABD,PABD,iShares Paris-Aligned Climate Optimized MSCI World ex USA ETF,NASDAQ,G,Y,N,,,ETF,Equity,ESG/Sustainable,Broad Market & Core Indices,Global; United States,Broad Market & Core Indices; ESG/Sustainable; Equity; Global; United States
PABU,PABU,iShares Paris-Aligned Climate Optimized MSCI USA ETF,NASDAQ,G,Y,N,,,ETF,Equity,ESG/Sustainable,Broad Market & Core Indices,United States,Broad Market & Core Indices; ESG/Sustainable; Equity; United States
PALC,PALC,Pacer Lunt Large Cap Multi-Factor Alternator ETF,NYSE, ,Y,N,,,ETF,Equity,Plain,Broad Market & Core Indices,United States,Broad Market & Core Indices; Equity; Plain; United States
PATN,PATN,Pacer Nasdaq International Patent Leaders ETF,NASDAQ,G,Y,N,,,ETF,Equity,Plain,Broad Market & Core Indices,United States,Broad Market & Core Indices; Equity; Plain; United States
PBQQ,PBQQ,PGIM Laddered Nasdaq-100 Buffer 12 ETF,NASDAQ,G,Y,N,,,ETF,Equity,Plain,Broad Market & Core Indices,United States,Broad Market & Core Indices; Equity; Plain; United States
PHDG,PHDG,Invesco S&P 500 Downside Hedged ETF,NYSE, ,Y,N,,,ETF,Equity,Plain,Broad Market & Core Indices,United States,Broad Market & Core Indices; Equity; Plain; United States
PQAP,PQAP,PGIM Nasdaq-100 Buffer 12 ETF - April,NASDAQ,G,Y,N,,,ETF,Equity,Plain,Broad Market & Core Indices,United States,Broad Market & Core Indices; Equity; Plain; United States
PQJA,PQJA,PGIM Nasdaq-100 Buffer 12 ETF - January,NASDAQ,G,Y,N,,,ETF,Equity,Plain,Broad Market & Core Indices,United States,Broad Market & Core Indices; Equity; Plain; United States
PQJL,PQJL,PGIM Nasdaq-100 Buffer 12 ETF - July,NASDAQ,G,Y,N,,,ETF,Equity,Plain,Broad Market & Core Indices,United States,Broad Market & Core Indices; Equity; Plain; United States
PQOC,PQOC,PGIM Nasdaq-100 Buffer 12 ETF - October,NASDAQ,G,Y,N,,,ETF,Equity,Plain,Broad Market & Core Indices,United States,Broad Market & Core Indices; Equity; Plain; United States
QARP,QARP,Xtrackers Russell 1000 US Quality at a Reasonable Price ETF ETF,NYSE, ,Y,N,,,ETF,Equity,Factor,Broad Market & Core Indices,United States,Broad Market & Core Indices; Equity; Factor; United States
QAT,QAT,iShares MSCI Qatar ETF,NASDAQ,G,Y,N,,,ETF,Equity,Plain,Broad Market & Core Indices,United States,Broad Market & Core Indices; Equity; Plain; United States
QBUF,QBUF,Innovator Nasdaq-100 10 Buffer ETF Quarterly,NASDAQ,G,Y,N,,,ETF,Equity,Plain,Broad Market & Core Indices,United States,Broad Market & Core Indices; Equity; Plain; United States
QCLR,QCLR,Global X NASDAQ 100 Collar 95-110 ETF,NASDAQ,G,Y,N,,,ETF,Equity,Plain,Broad Market & Core Indices,Global; United States,Broad Market & Core Indices; Equity; Global; Plain; United States
QEFA,QEFA,State Street SPDR MSCI EAFE StrategicFactors ETF,NYSE, ,Y,N,,,ETF,Equity,Plain,Broad Market & Core Indices,Developed ex-US,Broad Market & Core Indices; Developed ex-US; Equity; Plain
QEMM,QEMM,State Street SPDR MSCI Emerging Markets StrategicFactors ETF,NYSE, ,Y,N,,,ETF,Equity,Plain,Broad Market & Core Indices,Emerging Markets,Broad Market & Core Indices; Emerging Markets; Equity; Plain
QFLR,QFLR,Innovator Nasdaq-100 Managed Floor ETF,NYSE, ,Y,N,,,ETF,Equity,Plain,Broad Market & Core Indices,United States,Broad Market & Core Indices; Equity; Plain; United States
QGRD,QGRD,Horizon Nasdaq-100 Defined Risk ETF,NASDAQ,G,Y,N,,,ETF,Equity,Plain,Broad Market & Core Indices,United States,Broad Market & Core Indices; Equity; Plain; United States
QHDG,QHDG,Innovator Hedged Nasdaq-100 ETF,NASDAQ,G,Y,N,,,ETF,Equity,Plain,Broad Market & Core Indices,United States,Broad Market & Core Indices; Equity; Plain; United States
QNXT,QNXT,iShares Nasdaq-100 ex Top 30 ETF,NASDAQ,G,Y,N,,,ETF,Equity,Plain,Broad Market & Core Indices,United States,Broad Market & Core Indices; Equity; Plain; United States
QOWZ,QOWZ,Invesco Nasdaq Free Cash Flow Achievers ETF,NASDAQ,G,Y,N,,,ETF,Equity,Plain,Broad Market & Core Indices,United States,Broad Market & Core Indices; Equity; Plain; United States
QQEW,QQEW,First Trust Nasdaq-100 Select Equal Weight ETF,NASDAQ,G,Y,N,,,ETF,Equity,Factor,Broad Market & Core Indices,United States,Broad Market & Core Indices; Equity; Factor; United States
QQMG,QQMG,Invesco ESG NASDAQ 100 ETF,NASDAQ,G,Y,N,,,ETF,Equity,ESG/Sustainable,Broad Market & Core Indices,United States,Broad Market & Core Indices; ESG/Sustainable; Equity; United States
QQQE,QQQE,Direxion NASDAQ-100 Equal Weighted Index ETF,NASDAQ,G,Y,N,,,ETF,Equity,Factor,Broad Market & Core Indices,United States,Broad Market & Core Indices; Equity; Factor; United States
QQQJ,QQQJ,Invesco NASDAQ Next Gen 100 ETF,NASDAQ,G,Y,N,,,ETF,Equity,Plain,Broad Market & Core Indices,United States,Broad Market & Core Indices; Equity; Plain; United States
QQQM,QQQM,Invesco NASDAQ 100 ETF,NASDAQ,G,Y,N,,,ETF,Equity,Plain,Broad Market & Core Indices,United States,Broad Market & Core Indices; Equity; Plain; United States
QQQS,QQQS,Invesco NASDAQ Future Gen 200 ETF,NASDAQ,G,Y,N,,,ETF,Equity,Plain,Broad Market & Core Indices,United States,Broad Market & Core Indices; Equity; Plain; United States
QQQY,QQQY,Defiance Nasdaq 100 Weekly Distribution ETF,NASDAQ,G,Y,N,,,ETF,Equity,Dividend/Income,Broad Market & Core Indices,United States,Broad Market & Core Indices; Dividend/Income; Equity; United States
QQWZ,QQWZ,Pacer Cash COWZ 100-Nasdaq 100 Rotator ETF,NASDAQ,G,Y,N,,,ETF,Equity,Plain,Broad Market & Core Indices,United States,Broad Market & Core Indices; Equity; Plain; United States
QQXT,QQXT,First Trust NASDAQ-100 Ex-Technology Sector Index Fund,NASDAQ,G,Y,N,,,ETF,Equity,Plain,Broad Market & Core Indices,United States,Broad Market & Core Indices; Equity; Plain; United States
QTEC,QTEC,First Trust NASDAQ-100-Technology Sector Index Fund,NASDAQ,G,Y,N,,,ETF,Equity,Plain,Broad Market & Core Indices,United States,Broad Market & Core Indices; Equity; Plain; United States
QTOP,QTOP,iShares Nasdaq Top 30 Stocks ETF,NASDAQ,G,Y,N,,,ETF,Equity,Plain,Broad Market & Core Indices,United States,Broad Market & Core Indices; Equity; Plain; United States
QTR,QTR,Global X NASDAQ 100 Tail Risk ETF,NASDAQ,G,Y,N,,,ETF,Equity,Plain,Broad Market & Core Indices,Global; United States,Broad Market & Core Indices; Equity; Global; Plain; United States
QUS,QUS,State Street SPDR MSCI USA StrategicFactors ETF,NYSE, ,Y,N,,,ETF,Equity,Plain,Broad Market & Core Indices,United States,Broad Market & Core Indices; Equity; Plain; United States
QVML,QVML,Invesco S&P 500 QVM Multi-factor ETF,NYSE, ,Y,N,,,ETF,Equity,Plain,Broad Market & Core Indices,United States,Broad Market & Core Indices; Equity; Plain; United States
QVMT,QVMT,Invesco S&P 500 Concentrated QVM ETF,NYSE, ,Y,N,,,ETF,Equity,Plain,Broad Market & Core Indices,United States,Broad Market & Core Indices; Equity; Plain; United States
QWLD,QWLD,State Street SPDR MSCI World StrategicFactors ETF,NYSE, ,Y,N,,,ETF,Equity,Plain,Broad Market & Core Indices,Global,Broad Market & Core Indices; Equity; Global; Plain
QXQ,QXQ,SGI Enhanced Nasdaq-100 ETF,NASDAQ,G,Y,N,,,ETF,Equity,Plain,Broad Market & Core Indices,United States,Broad Market & Core Indices; Equity; Plain; United States
REMC,REMC,Columbia Research Enhanced Mid Cap ETF,NYSE, ,Y,N,,,ETF,Equity,Plain,Broad Market & Core Indices,United States,Broad Market & Core Indices; Equity; Plain; United States
REMG,REMG,Russell Investments Emerging Markets Equity ETF,NASDAQ,G,Y,N,,,ETF,Equity,Plain,Broad Market & Core Indices,Emerging Markets; United States,Broad Market & Core Indices; Emerging Markets; Equity; Plain; United States
RESM,RESM,Columbia Research Enhanced Small Cap ETF,NYSE, ,Y,N,,,ETF,Equity,Plain,Broad Market & Core Indices,United States,Broad Market & Core Indices; Equity; Plain; United States
RFLR,RFLR,Innovator U.S. Small Cap Managed Floor ETF,NYSE, ,Y,N,,,ETF,Equity,Plain,Broad Market & Core Indices,United States,Broad Market & Core Indices; Equity; Plain; United States
RGLO,RGLO,Russell Investments Global Equity ETF,NASDAQ,G,Y,N,,,ETF,Equity,Plain,Broad Market & Core Indices,Global; United States,Broad Market & Core Indices; Equity; Global; Plain; United States
RINT,RINT,Russell Investments International Developed Equity ETF,NASDAQ,G,Y,N,,,ETF,Equity,Plain,Broad Market & Core Indices,Developed ex-US; United States,Broad Market & Core Indices; Developed ex-US; Equity; Plain; United States
RNIN,RNIN,Bushido Capital US SMID Cap Equity ETF,NASDAQ,G,Y,N,,,ETF,Equity,Plain,Broad Market & Core Indices,United States,Broad Market & Core Indices; Equity; Plain; United States
ROCQ,ROCQ,JPMorgan Nasdaq Equity Premium Yield ETF,NASDAQ,G,Y,N,,,ETF,Equity,Dividend/Income,Broad Market & Core Indices,United States,Broad Market & Core Indices; Dividend/Income; Equity; United States
ROSC,ROSC,Hartford Multifactor Small Cap ETF,NYSE, ,Y,N,,,ETF,Equity,Plain,Broad Market & Core Indices,United States,Broad Market & Core Indices; Equity; Plain; United States
RSMC,RSMC,Rockefeller U.S. Small-Mid Cap ETF,NYSE, ,Y,N,,,ETF,Equity,Plain,Broad Market & Core Indices,United States,Broad Market & Core Indices; Equity; Plain; United States
RSP,RSP,Invesco S&P 500 Equal Weight ETF,NYSE, ,Y,N,,,ETF,Equity,Factor,Broad Market & Core Indices,United States,Broad Market & Core Indices; Equity; Factor; United States
RSPC,RSPC,Invesco S&P 500 Equal Weight Communication Services ETF,NYSE, ,Y,N,,,ETF,Equity,Factor,Broad Market & Core Indices,United States,Broad Market & Core Indices; Equity; Factor; United States
RSPE,RSPE,Invesco ESG S&P 500 Equal Weight ETF,NYSE, ,Y,N,,,ETF,Equity,ESG/Sustainable; Factor,Broad Market & Core Indices,United States,Broad Market & Core Indices; ESG/Sustainable; Equity; Factor; United States
RSPF,RSPF,Invesco S&P 500 Equal Weight Financial ETF,NYSE, ,Y,N,,,ETF,Equity,Factor,Broad Market & Core Indices,United States,Broad Market & Core Indices; Equity; Factor; United States
RSPT,RSPT,Invesco S&P 500 Equal Weight Technology ETF,NYSE, ,Y,N,,,ETF,Equity,Factor,Broad Market & Core Indices,United States,Broad Market & Core Indices; Equity; Factor; United States
RSSL,RSSL,Global X Russell 2000 ETF,NYSE, ,Y,N,,,ETF,Equity,Plain,Broad Market & Core Indices,Global; United States,Broad Market & Core Indices; Equity; Global; Plain; United States
RUSC,RUSC,Russell Investments U.S. Small Cap Equity ETF,NASDAQ,G,Y,N,,,ETF,Equity,Plain,Broad Market & Core Indices,United States,Broad Market & Core Indices; Equity; Plain; United States
RWL,RWL,Invesco S&P 500 Revenue ETF,NYSE, ,Y,N,,,ETF,Equity,Plain,Broad Market & Core Indices,United States,Broad Market & Core Indices; Equity; Plain; United States
RWLC,RWLC,Rayliant Wilshire NxtGen US Large Cap Equity ETF,NYSE, ,Y,N,,,ETF,Equity,Plain,Broad Market & Core Indices,United States,Broad Market & Core Indices; Equity; Plain; United States
SCHB,SCHB,Schwab U.S. Broad Market ETF,NYSE, ,Y,N,,,ETF,Equity,Plain,Broad Market & Core Indices,United States,Broad Market & Core Indices; Equity; Plain; United States
SCHM,SCHM,Schwab U.S. Mid Cap ETF,NYSE, ,Y,N,,,ETF,Equity,Plain,Broad Market & Core Indices,United States,Broad Market & Core Indices; Equity; Plain; United States
SCJ,SCJ,iShares MSCI Japan Sm Cap,NYSE, ,Y,N,,,ETF,Equity,Plain,Broad Market & Core Indices,Japan,Broad Market & Core Indices; Equity; Japan; Plain
SCZ,SCZ,iShares MSCI EAFE Small-Cap ETF,NASDAQ,G,Y,N,,,ETF,Equity,Plain,Broad Market & Core Indices,Developed ex-US,Broad Market & Core Indices; Developed ex-US; Equity; Plain
SDG,SDG,iShares MSCI Global Sustainable Development Goals ETF,NASDAQ,G,Y,N,,,ETF,Equity,ESG/Sustainable,Broad Market & Core Indices,Global,Broad Market & Core Indices; ESG/Sustainable; Equity; Global
SEIS,SEIS,SEI Select Small Cap ETF,NASDAQ,G,Y,N,,,ETF,Equity,Plain,Broad Market & Core Indices,United States,Broad Market & Core Indices; Equity; Plain; United States
SFLO,SFLO,VictoryShares Small Cap Free Cash Flow ETF,NASDAQ,G,Y,N,,,ETF,Equity,Plain,Broad Market & Core Indices,United States,Broad Market & Core Indices; Equity; Plain; United States
SGLC,SGLC,SGI U.S. Large Cap Core ETF,NYSE, ,Y,N,,,ETF,Equity,Plain,Broad Market & Core Indices,United States,Broad Market & Core Indices; Equity; Plain; United States
SHE,SHE,State Street SPDR MSCI USA Gender Diversity ETF,NYSE, ,Y,N,,,ETF,Equity,Plain,Broad Market & Core Indices,United States,Broad Market & Core Indices; Equity; Plain; United States
SIXS,SIXS,ETC 6 Meridian Small Cap Equity ETF,NYSE, ,Y,N,,,ETF,Equity,Plain,Broad Market & Core Indices,United States,Broad Market & Core Indices; Equity; Plain; United States
SIZE,SIZE,iShares MSCI USA Size Factor ETF,NYSE, ,Y,N,,,ETF,Equity,Plain,Broad Market & Core Indices,United States,Broad Market & Core Indices; Equity; Plain; United States
SMCF,SMCF,Themes US Small Cap Cash Flow Champions ETF,NASDAQ,G,Y,N,,,ETF,Equity,Plain,Broad Market & Core Indices,United States,Broad Market & Core Indices; Equity; Plain; United States
SMCP,SMCP,SMART Mid Cap ETF,NYSE, ,Y,N,,,ETF,Equity,Plain,Broad Market & Core Indices,United States,Broad Market & Core Indices; Equity; Plain; United States
SMDX,SMDX,Intech S&P Small-Mid Cap Diversified Alpha ETF,NYSE, ,Y,N,,,ETF,Equity,Plain,Broad Market & Core Indices,United States,Broad Market & Core Indices; Equity; Plain; United States
SMIZ,SMIZ,Zacks Small/Mid Cap ETF,NYSE, ,Y,N,,,ETF,Equity,Plain,Broad Market & Core Indices,United States,Broad Market & Core Indices; Equity; Plain; United States
SMLL,SMLL,Harbor Active Small Cap ETF,NYSE, ,Y,N,,,ETF,Equity,Active,Broad Market & Core Indices,United States,Active; Broad Market & Core Indices; Equity; United States
SMOX,SMOX,Horizon Small/Mid Cap Core Equity ETF,NYSE, ,Y,N,,,ETF,Equity,Plain,Broad Market & Core Indices,United States,Broad Market & Core Indices; Equity; Plain; United States
SNPE,SNPE,Xtrackers S&P 500 Scored & Screened ETF,NYSE, ,Y,N,,,ETF,Equity,Plain,Broad Market & Core Indices,United States,Broad Market & Core Indices; Equity; Plain; United States
SPGM,SPGM,State Street SPDR Portfolio MSCI Global Stock Market ETF,NYSE, ,Y,N,,,ETF,Equity,Plain,Broad Market & Core Indices,Global,Broad Market & Core Indices; Equity; Global; Plain
SPGP,SPGP,Invesco S&P 500 GARP ETF,NYSE, ,Y,N,,,ETF,Equity,Plain,Broad Market & Core Indices,United States,Broad Market & Core Indices; Equity; Plain; United States
SPHB,SPHB,Invesco S&P 500 High Beta ETF,NYSE, ,Y,N,,,ETF,Equity,Plain,Broad Market & Core Indices,United States,Broad Market & Core Indices; Equity; Plain; United States
SPHQ,SPHQ,Invesco S&P 500 Quality ETF,NYSE, ,Y,N,,,ETF,Equity,Factor,Broad Market & Core Indices,United States,Broad Market & Core Indices; Equity; Factor; United States
SPMD,SPMD,State Street SPDR Portfolio S&P 400 Mid Cap ETF,NYSE, ,Y,N,,,ETF,Equity,Plain,Broad Market & Core Indices,United States,Broad Market & Core Indices; Equity; Plain; United States
SPSK,SPSK,SP Funds Dow Jones Global Sukuk ETF,NYSE, ,Y,N,,,ETF,Equity,Plain,Broad Market & Core Indices,Global,Broad Market & Core Indices; Equity; Global; Plain
SPSM,SPSM,State Street SPDR Portfolio S&P 600 Small Cap ETF,NYSE, ,Y,N,,,ETF,Equity,Plain,Broad Market & Core Indices,United States,Broad Market & Core Indices; Equity; Plain; United States
SPUS,SPUS,SP Funds S&P 500 Sharia Industry Exclusions ETF,NYSE, ,Y,N,,,ETF,Equity,Plain,Broad Market & Core Indices,United States,Broad Market & Core Indices; Equity; Plain; United States
SPXD,SPXD,Xtrackers S&P 500 Diversified Sector Weight ETF,NASDAQ,G,Y,N,,,ETF,Equity,Plain,Broad Market & Core Indices,United States,Broad Market & Core Indices; Equity; Plain; United States
SPY,SPY,State Street SPDR S&P 500 ETF Trust,NYSE, ,Y,N,,,ETF,Equity,Plain,Broad Market & Core Indices,United States,Broad Market & Core Indices; Equity; Plain; United States
SPYM,SPYM,State Street SPDR Portfolio S&P 500 ETF,NYSE, ,Y,N,,,ETF,Equity,Plain,Broad Market & Core Indices,United States,Broad Market & Core Indices; Equity; Plain; United States
SSCP,SSCP,SMART Small Cap ETF,NYSE, ,Y,N,,,ETF,Equity,Plain,Broad Market & Core Indices,United States,Broad Market & Core Indices; Equity; Plain; United States
SUSA,SUSA,iShares ESG Optimized MSCI USA ETF,NYSE, ,Y,N,,,ETF,Equity,ESG/Sustainable,Broad Market & Core Indices,United States,Broad Market & Core Indices; ESG/Sustainable; Equity; United States
SUSL,SUSL,iShares ESG MSCI USA Leaders ETF,NASDAQ,G,Y,N,,,ETF,Equity,ESG/Sustainable,Broad Market & Core Indices,United States,Broad Market & Core Indices; ESG/Sustainable; Equity; United States
SYZ,SYZ,Lazard US Systematic Small Cap Equity ETF,NASDAQ,G,Y,N,,,ETF,Equity,Plain,Broad Market & Core Indices,United States,Broad Market & Core Indices; Equity; Plain; United States
TCHI,TCHI,iShares MSCI China Multisector Tech ETF,NASDAQ,G,Y,N,,,ETF,Equity,Plain,Broad Market & Core Indices,China,Broad Market & Core Indices; China; Equity; Plain
THD,THD,iShares MSCI Thailand ETF,NYSE, ,Y,N,,,ETF,Equity,Plain,Broad Market & Core Indices,United States,Broad Market & Core Indices; Equity; Plain; United States
TILC,TILC,Thrivent International Large Cap ETF,NASDAQ,G,Y,N,,,ETF,Equity,Plain,Broad Market & Core Indices,United States,Broad Market & Core Indices; Equity; Plain; United States
TISC,TISC,Thrivent International Small Cap ETF,NASDAQ,G,Y,N,,,ETF,Equity,Plain,Broad Market & Core Indices,United States,Broad Market & Core Indices; Equity; Plain; United States
TMSL,TMSL,T. Rowe Price Small-Mid Cap ETF,NYSE, ,Y,N,,,ETF,Equity,Plain,Broad Market & Core Indices,United States,Broad Market & Core Indices; Equity; Plain; United States
TOK,TOK,iShares MSCI Kokusai ETF,NYSE, ,Y,N,,,ETF,Equity,Plain,Broad Market & Core Indices,United States,Broad Market & Core Indices; Equity; Plain; United States
TOPC,TOPC,iShares S&P 500 3% Capped ETF,NYSE, ,Y,N,,,ETF,Equity,Plain,Broad Market & Core Indices,United States,Broad Market & Core Indices; Equity; Plain; United States
TPLC,TPLC,Timothy Plan US Large/Mid Cap Core ETF,NYSE, ,Y,N,,,ETF,Equity,Plain,Broad Market & Core Indices,United States,Broad Market & Core Indices; Equity; Plain; United States
TPSC,TPSC,Timothy Plan US Small Cap Core ETF,NYSE, ,Y,N,,,ETF,Equity,Plain,Broad Market & Core Indices,United States,Broad Market & Core Indices; Equity; Plain; United States
TSME,TSME,Thrivent Small-Mid Cap Equity ETF,NYSE, ,Y,N,,,ETF,Equity,Plain,Broad Market & Core Indices,United States,Broad Market & Core Indices; Equity; Plain; United States
TUR,TUR,iShares MSCI Turkey ETF,NASDAQ,G,Y,N,,,ETF,Equity,Plain,Broad Market & Core Indices,United Kingdom,Broad Market & Core Indices; Equity; Plain; United Kingdom
UAE,UAE,iShares MSCI UAE ETF,NASDAQ,G,Y,N,,,ETF,Equity,Plain,Broad Market & Core Indices,United States,Broad Market & Core Indices; Equity; Plain; United States
UMMA,UMMA,Wahed Dow Jones Islamic World ETF,NASDAQ,G,Y,N,,,ETF,Equity,Plain,Broad Market & Core Indices,Global,Broad Market & Core Indices; Equity; Global; Plain
URTH,URTH,iShares MSCI World ETF,NYSE, ,Y,N,,,ETF,Equity,Plain,Broad Market & Core Indices,Global,Broad Market & Core Indices; Equity; Global; Plain
USCA,USCA,Xtrackers MSCI USA Climate Action Equity ETF,NYSE, ,Y,N,,,ETF,Equity,ESG/Sustainable,Broad Market & Core Indices,United States,Broad Market & Core Indices; ESG/Sustainable; Equity; United States
USCL,USCL,iShares Climate Conscious & Transition MSCI USA ETF,NASDAQ,G,Y,N,,,ETF,Equity,ESG/Sustainable,Broad Market & Core Indices,United States,Broad Market & Core Indices; ESG/Sustainable; Equity; United States
USSG,USSG,Xtrackers MSCI USA Selection Equity ETF,NYSE, ,Y,N,,,ETF,Equity,Plain,Broad Market & Core Indices,United States,Broad Market & Core Indices; Equity; Plain; United States
USXF,USXF,iShares ESG Advanced MSCI USA ETF,NASDAQ,G,Y,N,,,ETF,Equity,ESG/Sustainable,Broad Market & Core Indices,United States,Broad Market & Core Indices; ESG/Sustainable; Equity; United States
VEFA,VEFA,VanEck MSCI EAFE Analyst Sentiment ETF,NASDAQ,G,Y,N,,,ETF,Equity,Plain,Broad Market & Core Indices,Developed ex-US,Broad Market & Core Indices; Developed ex-US; Equity; Plain
VNAM,VNAM,Global X MSCI Vietnam ETF,NYSE, ,Y,N,,,ETF,Equity,Plain,Broad Market & Core Indices,Global,Broad Market & Core Indices; Equity; Global; Plain
VONE,VONE,Vanguard Russell 1000 ETF,NASDAQ,G,Y,N,,,ETF,Equity,Plain,Broad Market & Core Indices,United States,Broad Market & Core Indices; Equity; Plain; United States
VOO,VOO,Vanguard S&P 500 ETF,NYSE, ,Y,N,,,ETF,Equity,Plain,Broad Market & Core Indices,United States,Broad Market & Core Indices; Equity; Plain; United States
VSLU,VSLU,Applied Finance Valuation Large Cap ETF,NYSE, ,Y,N,,,ETF,Equity,Plain,Broad Market & Core Indices,United States,Broad Market & Core Indices; Equity; Plain; United States
VTHR,VTHR,Vanguard Russell 3000 ETF,NASDAQ,G,Y,N,,,ETF,Equity,Plain,Broad Market & Core Indices,United States,Broad Market & Core Indices; Equity; Plain; United States
VTWO,VTWO,Vanguard Russell 2000 ETF,NASDAQ,G,Y,N,,,ETF,Equity,Plain,Broad Market & Core Indices,United States,Broad Market & Core Indices; Equity; Plain; United States
WDTE,WDTE,Defiance S&P 500 Weekly Distribution ETF,NYSE, ,Y,N,,,ETF,Equity,Dividend/Income,Broad Market & Core Indices,United States,Broad Market & Core Indices; Dividend/Income; Equity; United States
WSML,WSML,iShares MSCI World Small-Cap ETF,NASDAQ,G,Y,N,,,ETF,Equity,Plain,Broad Market & Core Indices,Global,Broad Market & Core Indices; Equity; Global; Plain
XCLR,XCLR,Global X S&P 500 Collar 95-110 ETF,NYSE, ,Y,N,,,ETF,Equity,Plain,Broad Market & Core Indices,Global; United States,Broad Market & Core Indices; Equity; Global; Plain; United States
XLG,XLG,Invesco S&P 500 Top 50 ETF,NYSE, ,Y,N,,,ETF,Equity,Plain,Broad Market & Core Indices,United States,Broad Market & Core Indices; Equity; Plain; United States
XMAG,XMAG,Defiance Large Cap ex-Mag 7 ETF,NASDAQ,G,Y,N,,,ETF,Equity,Plain,Broad Market & Core Indices,United States,Broad Market & Core Indices; Equity; Plain; United States
XOEF,XOEF,iShares S&P 500 ex S&P 100 ETF,NYSE, ,Y,N,,,ETF,Equity,Plain,Broad Market & Core Indices,United States,Broad Market & Core Indices; Equity; Plain; United States
XPAY,XPAY,Roundhill S&P 500 Target 20 Managed Distribution ETF,NYSE, ,Y,N,,,ETF,Equity,Dividend/Income,Broad Market & Core Indices,United States,Broad Market & Core Indices; Dividend/Income; Equity; United States
XTR,XTR,Global X S&P 500 Tail Risk ETF,NYSE, ,Y,N,,,ETF,Equity,Plain,Broad Market & Core Indices,Global; United States,Broad Market & Core Indices; Equity; Global; Plain; United States
XXX,XXX,CYBER HORNET S&P 500 and XRP 75/25 Strategy ETF,NASDAQ,G,Y,N,,,ETF,Equity,Plain,Broad Market & Core Indices,United States,Broad Market & Core Indices; Equity; Plain; United States
DIVG,DIVG,Invesco S&P 500 High Dividend Growers ETF,NYSE, ,Y,N,,,ETF,Equity,Dividend/Income,Broad Market & Core Indices; Dividend & Income,United States,Broad Market & Core Indices; Dividend & Income; Dividend/Income; Equity; United States
EFAS,EFAS,Global X MSCI SuperDividend EAFE ETF,NASDAQ,G,Y,N,,,ETF,Equity,Dividend/Income,Broad Market & Core Indices; Dividend & Income,Developed ex-US; Global,Broad Market & Core Indices; Developed ex-US; Dividend & Income; Dividend/Income; Equity; Global
HDEF,HDEF,Xtrackers MSCI EAFE High Dividend Yield Equity ETF,NYSE, ,Y,N,,,ETF,Equity,Dividend/Income,Broad Market & Core Indices; Dividend & Income,Developed ex-US,Broad Market & Core Indices; Developed ex-US; Dividend & Income; Dividend/Income; Equity
KNGZ,KNGZ,First Trust S&P 500 Diversified Dividend Aristocrats ETF,NASDAQ,G,Y,N,,,ETF,Equity,Dividend/Income,Broad Market & Core Indices; Dividend & Income,United States,Broad Market & Core Indices; Dividend & Income; Dividend/Income; Equity; United States
QDIV,QDIV,Global X S&P 500 Quality Dividend ETF,NYSE, ,Y,N,,,ETF,Equity,Dividend/Income; Factor,Broad Market & Core Indices; Dividend & Income,Global; United States,Broad Market & Core Indices; Dividend & Income; Dividend/Income; Equity; Factor; Global; United States
QDPL,QDPL,Pacer Metaurus US Large Cap Dividend Multiplier 400 ETF,NYSE, ,Y,N,,,ETF,Equity,Dividend/Income,Broad Market & Core Indices; Dividend & Income,United States,Broad Market & Core Indices; Dividend & Income; Dividend/Income; Equity; United States
QSIX,QSIX,Pacer Metaurus Nasdaq 100 Dividend Multiplier 600 ETF,NASDAQ,G,Y,N,,,ETF,Equity,Dividend/Income,Broad Market & Core Indices; Dividend & Income,United States,Broad Market & Core Indices; Dividend & Income; Dividend/Income; Equity; United States
QYLD,QYLD,Global X NASDAQ 100 Covered Call ETF,NASDAQ,G,Y,N,,,ETF,Equity,Covered Call,Broad Market & Core Indices; Dividend & Income,Global; United States,Broad Market & Core Indices; Covered Call; Dividend & Income; Equity; Global; United States
RYLD,RYLD,Global X Russell 2000 Covered Call ETF,NYSE, ,Y,N,,,ETF,Equity,Covered Call,Broad Market & Core Indices; Dividend & Income,Global; United States,Broad Market & Core Indices; Covered Call; Dividend & Income; Equity; Global; United States
SCDV,SCDV,Bahl & Gaynor Small Cap Dividend ETF,NYSE, ,Y,N,,,ETF,Equity,Dividend/Income,Broad Market & Core Indices; Dividend & Income,United States,Broad Market & Core Indices; Dividend & Income; Dividend/Income; Equity; United States
SDEM,SDEM,Global X MSCI SuperDividend Emerging Markets ETF,NYSE, ,Y,N,,,ETF,Equity,Dividend/Income,Broad Market & Core Indices; Dividend & Income,Emerging Markets; Global,Broad Market & Core Indices; Dividend & Income; Dividend/Income; Emerging Markets; Equity; Global
SDVY,SDVY,First Trust SMID Cap Rising Dividend Achievers ETF,NASDAQ,G,Y,N,,,ETF,Equity,Dividend/Income,Broad Market & Core Indices; Dividend & Income,United States,Broad Market & Core Indices; Dividend & Income; Dividend/Income; Equity; United States
SPYD,SPYD,State Street SPDR Portfolio S&P 500 High Dividend ETF,NYSE, ,Y,N,,,ETF,Equity,Dividend/Income,Broad Market & Core Indices; Dividend & Income,United States,Broad Market & Core Indices; Dividend & Income; Dividend/Income; Equity; United States
TDIV,TDIV,First Trust NASDAQ Technology Dividend Index Fund,NASDAQ,G,Y,N,,,ETF,Equity,Dividend/Income,Broad Market & Core Indices; Dividend & Income,United States,Broad Market & Core Indices; Dividend & Income; Dividend/Income; Equity; United States
XYLD,XYLD,Global X S&P 500 Covered Call ETF,NYSE, ,Y,N,,,ETF,Equity,Covered Call,Broad Market & Core Indices; Dividend & Income,Global; United States,Broad Market & Core Indices; Covered Call; Dividend & Income; Equity; Global; United States
QYLG,QYLG,Global X Nasdaq 100 Covered Call & Growth ETF,NASDAQ,G,Y,N,,,ETF,Equity,Covered Call; Factor,Broad Market & Core Indices; Dividend & Income; Growth & Momentum,Global; United States,Broad Market & Core Indices; Covered Call; Dividend & Income; Equity; Factor; Global; Growth & Momentum; United States
RYLG,RYLG,Global X Russell 2000 Covered Call & Growth ETF,NYSE, ,Y,N,,,ETF,Equity,Covered Call; Factor,Broad Market & Core Indices; Dividend & Income; Growth & Momentum,Global; United States,Broad Market & Core Indices; Covered Call; Dividend & Income; Equity; Factor; Global; Growth & Momentum; United States
XYLG,XYLG,Global X S&P 500 Covered Call & Growth ETF,NYSE, ,Y,N,,,ETF,Equity,Covered Call; Factor,Broad Market & Core Indices; Dividend & Income; Growth & Momentum,Global; United States,Broad Market & Core Indices; Covered Call; Dividend & Income; Equity; Factor; Global; Growth & Momentum; United States
SPDV,SPDV,AAM S&P 500 High Dividend Value ETF,NYSE, ,Y,N,,,ETF,Equity,Dividend/Income; Factor,Broad Market & Core Indices; Dividend & Income; Value & Quality,United States,Broad Market & Core Indices; Dividend & Income; Dividend/Income; Equity; Factor; United States; Value & Quality
SPHD,SPHD,Invesco S&P 500 High Dividend Low Volatility ETF,NYSE, ,Y,N,,,ETF,Equity,Dividend/Income; Factor,Broad Market & Core Indices; Dividend & Income; Value & Quality,United States,Broad Market & Core Indices; Dividend & Income; Dividend/Income; Equity; Factor; United States; Value & Quality
ACGR,ACGR,American Century Large Cap Growth ETF,NYSE, ,Y,N,,,ETF,Equity,Factor,Broad Market & Core Indices; Growth & Momentum,United States,Broad Market & Core Indices; Equity; Factor; Growth & Momentum; United States
AQLG,AQLG,HCM Large Cap Growth ETF,NASDAQ,G,Y,N,,,ETF,Equity,Factor,Broad Market & Core Indices; Growth & Momentum,United States,Broad Market & Core Indices; Equity; Factor; Growth & Momentum; United States
BGRO,BGRO,iShares Large Cap Growth Active ETF,NASDAQ,G,Y,N,,,ETF,Equity,Active; Factor,Broad Market & Core Indices; Growth & Momentum,United States,Active; Broad Market & Core Indices; Equity; Factor; Growth & Momentum; United States
BLGR,BLGR,Bluemonte Large Cap Growth ETF,NYSE, ,Y,N,,,ETF,Equity,Factor,Broad Market & Core Indices; Growth & Momentum,United States,Broad Market & Core Indices; Equity; Factor; Growth & Momentum; United States
CAFG,CAFG,Pacer US Small Cap Cash Cows Growth Leaders ETF,NASDAQ,G,Y,N,,,ETF,Equity,Factor,Broad Market & Core Indices; Growth & Momentum,United States,Broad Market & Core Indices; Equity; Factor; Growth & Momentum; United States
CAML,CAML,Congress Large Cap Growth ETF,NYSE, ,Y,N,,,ETF,Equity,Factor,Broad Market & Core Indices; Growth & Momentum,United States,Broad Market & Core Indices; Equity; Factor; Growth & Momentum; United States
CLCG,CLCG,Crossmark Large Cap Growth ETF,NYSE, ,Y,N,,,ETF,Equity,Factor,Broad Market & Core Indices; Growth & Momentum,United States,Broad Market & Core Indices; Equity; Factor; Growth & Momentum; United States
COWG,COWG,Pacer US Large Cap Cash Cows Growth Leaders ETF,NASDAQ,G,Y,N,,,ETF,Equity,Factor,Broad Market & Core Indices; Growth & Momentum,United States,Broad Market & Core Indices; Equity; Factor; Growth & Momentum; United States
DUSG,DUSG,U.S. Small Cap Growth Portfolio: ETF Class Shares,NASDAQ,G,Y,N,,,ETF,Equity,Factor,Broad Market & Core Indices; Growth & Momentum,United States,Broad Market & Core Indices; Equity; Factor; Growth & Momentum; United States
ESLG,ESLG,Eventide Large Cap Growth ETF,NYSE, ,Y,N,,,ETF,Equity,Factor,Broad Market & Core Indices; Growth & Momentum,United States,Broad Market & Core Indices; Equity; Factor; Growth & Momentum; United States
EZMO,EZMO,AlphaDroid Broad Markets Momentum ETF,NASDAQ,G,Y,N,,,ETF,Equity,Factor,Broad Market & Core Indices; Growth & Momentum,United States,Broad Market & Core Indices; Equity; Factor; Growth & Momentum; United States
FELG,FELG,Fidelity Enhanced Large Cap Growth ETF,NYSE, ,Y,N,,,ETF,Equity,Factor,Broad Market & Core Indices; Growth & Momentum,United States,Broad Market & Core Indices; Equity; Factor; Growth & Momentum; United States
FEMG,FEMG,Fidelity Enhanced Mid Cap Growth ETF,NYSE, ,Y,N,,,ETF,Equity,Factor,Broad Market & Core Indices; Growth & Momentum,United States,Broad Market & Core Indices; Equity; Factor; Growth & Momentum; United States
FLCG,FLCG,Federated Hermes MDT Large Cap Growth ETF,NYSE, ,Y,N,,,ETF,Equity,Factor,Broad Market & Core Indices; Growth & Momentum,United States,Broad Market & Core Indices; Equity; Factor; Growth & Momentum; United States
FNY,FNY,First Trust Mid Cap Growth AlphaDEX Fund,NASDAQ,G,Y,N,,,ETF,Equity,Factor,Broad Market & Core Indices; Growth & Momentum,United States,Broad Market & Core Indices; Equity; Factor; Growth & Momentum; United States
FSEG,FSEG,Fidelity Enhanced Small Cap Growth ETF,NYSE, ,Y,N,,,ETF,Equity,Factor,Broad Market & Core Indices; Growth & Momentum,United States,Broad Market & Core Indices; Equity; Factor; Growth & Momentum; United States
FTC,FTC,First Trust Large Cap Growth AlphaDEX Fund,NASDAQ,G,Y,N,,,ETF,Equity,Factor,Broad Market & Core Indices; Growth & Momentum,United States,Broad Market & Core Indices; Equity; Factor; Growth & Momentum; United States
FYC,FYC,First Trust Small Cap Growth AlphaDEX Fund,NASDAQ,G,Y,N,,,ETF,Equity,Factor,Broad Market & Core Indices; Growth & Momentum,United States,Broad Market & Core Indices; Equity; Factor; Growth & Momentum; United States
GGUS,GGUS,Goldman Sachs MarketBeta Russell 1000 Growth Equity ETF,NYSE, ,Y,N,,,ETF,Equity,Factor,Broad Market & Core Indices; Growth & Momentum,United States,Broad Market & Core Indices; Equity; Factor; Growth & Momentum; United States
IMTM,IMTM,iShares MSCI Intl Momentum Factor ETF,NYSE, ,Y,N,,,ETF,Equity,Factor,Broad Market & Core Indices; Growth & Momentum,United States,Broad Market & Core Indices; Equity; Factor; Growth & Momentum; United States
IVW,IVW,iShares S&P 500 Growth ETF,NYSE, ,Y,N,,,ETF,Equity,Factor,Broad Market & Core Indices; Growth & Momentum,United States,Broad Market & Core Indices; Equity; Factor; Growth & Momentum; United States
IWF,IWF,iShares Russell 1000 Growth Fund,NYSE, ,Y,N,,,ETF,Equity,Factor,Broad Market & Core Indices; Growth & Momentum,United States,Broad Market & Core Indices; Equity; Factor; Growth & Momentum; United States
IWFG,IWFG,NYLI Winslow Focused Large Cap Growth ETF,NYSE, ,Y,N,,,ETF,Equity,Factor,Broad Market & Core Indices; Growth & Momentum,United States,Broad Market & Core Indices; Equity; Factor; Growth & Momentum; United States
IWLG,IWLG,NYLI Winslow Large Cap Growth ETF,NYSE, ,Y,N,,,ETF,Equity,Factor,Broad Market & Core Indices; Growth & Momentum,United States,Broad Market & Core Indices; Equity; Factor; Growth & Momentum; United States
IWO,IWO,iShares Russell 2000 Growth Fund,NYSE, ,Y,N,,,ETF,Equity,Factor,Broad Market & Core Indices; Growth & Momentum,United States,Broad Market & Core Indices; Equity; Factor; Growth & Momentum; United States
IWP,IWP,iShares Russell Midcap Growth ETF,NYSE, ,Y,N,,,ETF,Equity,Factor,Broad Market & Core Indices; Growth & Momentum,United States,Broad Market & Core Indices; Equity; Factor; Growth & Momentum; United States
IWY,IWY,iShares Russell Top 200 Growth ETF,NYSE, ,Y,N,,,ETF,Equity,Factor,Broad Market & Core Indices; Growth & Momentum,United States,Broad Market & Core Indices; Equity; Factor; Growth & Momentum; United States
JMID,JMID,Janus Henderson Mid Cap Growth Alpha ETF,NASDAQ,G,Y,N,,,ETF,Equity,Factor,Broad Market & Core Indices; Growth & Momentum,United States,Broad Market & Core Indices; Equity; Factor; Growth & Momentum; United States
JSMD,JSMD,Janus Henderson Small/Mid Cap Growth Alpha ETF,NASDAQ,G,Y,N,,,ETF,Equity,Factor,Broad Market & Core Indices; Growth & Momentum,United States,Broad Market & Core Indices; Equity; Factor; Growth & Momentum; United States
JSML,JSML,Janus Henderson Small Cap Growth Alpha ETF,NASDAQ,G,Y,N,,,ETF,Equity,Factor,Broad Market & Core Indices; Growth & Momentum,United States,Broad Market & Core Indices; Equity; Factor; Growth & Momentum; United States
LGRO,LGRO,Level Four Large Cap Growth Active ETF,NASDAQ,G,Y,N,,,ETF,Equity,Active; Factor,Broad Market & Core Indices; Growth & Momentum,United States,Active; Broad Market & Core Indices; Equity; Factor; Growth & Momentum; United States
LRGE,LRGE,ClearBridge Large Cap Growth Select ETF,NASDAQ,G,Y,N,,,ETF,Equity,Factor,Broad Market & Core Indices; Growth & Momentum,United States,Broad Market & Core Indices; Equity; Factor; Growth & Momentum; United States
MDYG,MDYG,State Street SPDR S&P 400 Mid Cap Growth ETF,NYSE, ,Y,N,,,ETF,Equity,Factor,Broad Market & Core Indices; Growth & Momentum,United States,Broad Market & Core Indices; Equity; Factor; Growth & Momentum; United States
MID,MID,American Century Mid Cap Growth Impact ETF,NYSE, ,Y,N,,,ETF,Equity,Factor,Broad Market & Core Indices; Growth & Momentum,United States,Broad Market & Core Indices; Equity; Factor; Growth & Momentum; United States
ONEO,ONEO,State Street SPDR Russell 1000 Momentum Focus ETF,NYSE, ,Y,N,,,ETF,Equity,Factor,Broad Market & Core Indices; Growth & Momentum,United States,Broad Market & Core Indices; Equity; Factor; Growth & Momentum; United States
PGRO,PGRO,Putnam Focused Large Cap Growth ETF,NYSE, ,Y,N,,,ETF,Equity,Factor,Broad Market & Core Indices; Growth & Momentum,United States,Broad Market & Core Indices; Equity; Factor; Growth & Momentum; United States
PRXG,PRXG,Praxis Impact Large Cap Growth ETF,NYSE, ,Y,N,,,ETF,Equity,Factor,Broad Market & Core Indices; Growth & Momentum,United States,Broad Market & Core Indices; Equity; Factor; Growth & Momentum; United States
PWB,PWB,Invesco Large Cap Growth ETF,NYSE, ,Y,N,,,ETF,Equity,Factor,Broad Market & Core Indices; Growth & Momentum,United States,Broad Market & Core Indices; Equity; Factor; Growth & Momentum; United States
QQQG,QQQG,Pacer Nasdaq 100 Top 50 Cash Cows Growth Leaders ETF,NASDAQ,G,Y,N,,,ETF,Equity,Factor,Broad Market & Core Indices; Growth & Momentum,United States,Broad Market & Core Indices; Equity; Factor; Growth & Momentum; United States
REGS,REGS,Columbia Large Cap Growth ETF,NYSE, ,Y,N,,,ETF,Equity,Factor,Broad Market & Core Indices; Growth & Momentum,United States,Broad Market & Core Indices; Equity; Factor; Growth & Momentum; United States
RPG,RPG,Invesco S&P 500 Pure Growth ETF,NYSE, ,Y,N,,,ETF,Equity,Factor,Broad Market & Core Indices; Growth & Momentum,United States,Broad Market & Core Indices; Equity; Factor; Growth & Momentum; United States
SAWG,SAWG,AAM Sawgrass US Large Cap Quality Growth ETF,NYSE, ,Y,N,,,ETF,Equity,Factor,Broad Market & Core Indices; Growth & Momentum,United States,Broad Market & Core Indices; Equity; Factor; Growth & Momentum; United States
SAWS,SAWS,AAM Sawgrass US Small Cap Quality Growth ETF,NYSE, ,Y,N,,,ETF,Equity,Factor,Broad Market & Core Indices; Growth & Momentum,United States,Broad Market & Core Indices; Equity; Factor; Growth & Momentum; United States
SGRW,SGRW,Harbor Active Small Cap Growth ETF,NYSE, ,Y,N,,,ETF,Equity,Active; Factor,Broad Market & Core Indices; Growth & Momentum,United States,Active; Broad Market & Core Indices; Equity; Factor; Growth & Momentum; United States
SLYG,SLYG,State Street SPDR S&P 600 Small Cap Growth ETF,NYSE, ,Y,N,,,ETF,Equity,Factor,Broad Market & Core Indices; Growth & Momentum,United States,Broad Market & Core Indices; Equity; Factor; Growth & Momentum; United States
SPMO,SPMO,Invesco S&P 500 Momentum ETF,NYSE, ,Y,N,,,ETF,Equity,Factor,Broad Market & Core Indices; Growth & Momentum,United States,Broad Market & Core Indices; Equity; Factor; Growth & Momentum; United States
SPYG,SPYG,State Street SPDR Portfolio S&P 500 Growth ETF,NYSE, ,Y,N,,,ETF,Equity,Factor,Broad Market & Core Indices; Growth & Momentum,United States,Broad Market & Core Indices; Equity; Factor; Growth & Momentum; United States
TSCM,TSCM,TimesSquare Quality Mid Cap Growth ETF,NASDAQ,G,Y,N,,,ETF,Equity,Factor,Broad Market & Core Indices; Growth & Momentum,United States,Broad Market & Core Indices; Equity; Factor; Growth & Momentum; United States
VONG,VONG,Vanguard Russell 1000 Growth ETF,NASDAQ,G,Y,N,,,ETF,Equity,Factor,Broad Market & Core Indices; Growth & Momentum,United States,Broad Market & Core Indices; Equity; Factor; Growth & Momentum; United States
VOOG,VOOG,Vanguard S&P 500 Growth ETF,NYSE, ,Y,N,,,ETF,Equity,Factor,Broad Market & Core Indices; Growth & Momentum,United States,Broad Market & Core Indices; Equity; Factor; Growth & Momentum; United States
VTWG,VTWG,Vanguard Russell 2000 Growth ETF,NASDAQ,G,Y,N,,,ETF,Equity,Factor,Broad Market & Core Indices; Growth & Momentum,United States,Broad Market & Core Indices; Equity; Factor; Growth & Momentum; United States
SPVM,SPVM,Invesco S&P 500 Value with Momentum ETF,NYSE, ,Y,N,,,ETF,Equity,Factor,Broad Market & Core Indices; Growth & Momentum; Value & Quality,United States,Broad Market & Core Indices; Equity; Factor; Growth & Momentum; United States; Value & Quality
USVM,USVM,VictoryShares US Small Mid Cap Value Momentum ETF,NASDAQ,G,Y,N,,,ETF,Equity,Factor,Broad Market & Core Indices; Growth & Momentum; Value & Quality,United States,Broad Market & Core Indices; Equity; Factor; Growth & Momentum; United States; Value & Quality
AVDV,AVDV,Avantis International Small Cap Value ETF,NYSE, ,Y,N,,,ETF,Equity,Factor,Broad Market & Core Indices; Value & Quality,United States,Broad Market & Core Indices; Equity; Factor; United States; Value & Quality
AVIV,AVIV,Avantis International Large Cap Value ETF,NYSE, ,Y,N,,,ETF,Equity,Factor,Broad Market & Core Indices; Value & Quality,United States,Broad Market & Core Indices; Equity; Factor; United States; Value & Quality
AVLV,AVLV,Avantis U.S. Large Cap Value ETF,NYSE, ,Y,N,,,ETF,Equity,Factor,Broad Market & Core Indices; Value & Quality,United States,Broad Market & Core Indices; Equity; Factor; United States; Value & Quality
AVMV,AVMV,Avantis U.S. Mid Cap Value ETF,NYSE, ,Y,N,,,ETF,Equity,Factor,Broad Market & Core Indices; Value & Quality,United States,Broad Market & Core Indices; Equity; Factor; United States; Value & Quality
AVUV,AVUV,Avantis U.S. Small Cap Value ETF,NYSE, ,Y,N,,,ETF,Equity,Factor,Broad Market & Core Indices; Value & Quality,United States,Broad Market & Core Indices; Equity; Factor; United States; Value & Quality
BLCV,BLCV,iShares Large Cap Value Active ETF,NYSE, ,Y,N,,,ETF,Equity,Active; Factor,Broad Market & Core Indices; Value & Quality,United States,Active; Broad Market & Core Indices; Equity; Factor; United States; Value & Quality
BVAL,BVAL,Bluemonte Large Cap Value ETF,NYSE, ,Y,N,,,ETF,Equity,Factor,Broad Market & Core Indices; Value & Quality,United States,Broad Market & Core Indices; Equity; Factor; United States; Value & Quality
CATH,CATH,Global X S&P 500 Catholic Values ETF,NASDAQ,G,Y,N,,,ETF,Equity,Factor,Broad Market & Core Indices; Value & Quality,Global; United States,Broad Market & Core Indices; Equity; Factor; Global; United States; Value & Quality
CHRI,CHRI,Global X S&P 500 Christian Values ETF,NASDAQ,G,Y,N,,,ETF,Equity,Factor,Broad Market & Core Indices; Value & Quality,Global; United States,Broad Market & Core Indices; Equity; Factor; Global; United States; Value & Quality
CLCV,CLCV,Crossmark Large Cap Value ETF,NYSE, ,Y,N,,,ETF,Equity,Factor,Broad Market & Core Indices; Value & Quality,United States,Broad Market & Core Indices; Equity; Factor; United States; Value & Quality
DFLV,DFLV,Dimensional US Large Cap Value ETF,NYSE, ,Y,N,,,ETF,Equity,Factor,Broad Market & Core Indices; Value & Quality,United States,Broad Market & Core Indices; Equity; Factor; United States; Value & Quality
DFSV,DFSV,Dimensional US Small Cap Value ETF,NYSE, ,Y,N,,,ETF,Equity,Factor,Broad Market & Core Indices; Value & Quality,United States,Broad Market & Core Indices; Equity; Factor; United States; Value & Quality
DVAL,DVAL,BrandywineGLOBAL-Dynamic US Large Cap Value ETF,NASDAQ,G,Y,N,,,ETF,Equity,Factor,Broad Market & Core Indices; Value & Quality,Global; United States,Broad Market & Core Indices; Equity; Factor; Global; United States; Value & Quality
EPMV,EPMV,Harbor Mid Cap Value ETF,NYSE, ,Y,N,,,ETF,Equity,Factor,Broad Market & Core Indices; Value & Quality,United States,Broad Market & Core Indices; Equity; Factor; United States; Value & Quality
EPSV,EPSV,Harbor SMID Cap Value ETF,NYSE, ,Y,N,,,ETF,Equity,Factor,Broad Market & Core Indices; Value & Quality,United States,Broad Market & Core Indices; Equity; Factor; United States; Value & Quality
ESLV,ESLV,Eventide Large Cap Value ETF,NYSE, ,Y,N,,,ETF,Equity,Factor,Broad Market & Core Indices; Value & Quality,United States,Broad Market & Core Indices; Equity; Factor; United States; Value & Quality
EWJV,EWJV,iShares MSCI Japan Value ETF,NASDAQ,G,Y,N,,,ETF,Equity,Factor,Broad Market & Core Indices; Value & Quality,Japan,Broad Market & Core Indices; Equity; Factor; Japan; Value & Quality
FELV,FELV,Fidelity Enhanced Large Cap Value ETF,NYSE, ,Y,N,,,ETF,Equity,Factor,Broad Market & Core Indices; Value & Quality,United States,Broad Market & Core Indices; Equity; Factor; United States; Value & Quality
FEMV,FEMV,Fidelity Enhanced Mid Cap Value ETF,NYSE, ,Y,N,,,ETF,Equity,Factor,Broad Market & Core Indices; Value & Quality,United States,Broad Market & Core Indices; Equity; Factor; United States; Value & Quality
FLCV,FLCV,Federated Hermes MDT Large Cap Value ETF,NYSE, ,Y,N,,,ETF,Equity,Factor,Broad Market & Core Indices; Value & Quality,United States,Broad Market & Core Indices; Equity; Factor; United States; Value & Quality
FLV,FLV,American Century Focused Large Cap Value ETF,NYSE, ,Y,N,,,ETF,Equity,Factor,Broad Market & Core Indices; Value & Quality,United States,Broad Market & Core Indices; Equity; Factor; United States; Value & Quality
FNK,FNK,First Trust Mid Cap Value AlphaDEX Fund,NASDAQ,G,Y,N,,,ETF,Equity,Factor,Broad Market & Core Indices; Value & Quality,United States,Broad Market & Core Indices; Equity; Factor; United States; Value & Quality
FSEV,FSEV,Fidelity Enhanced Small Cap Value ETF,NYSE, ,Y,N,,,ETF,Equity,Factor,Broad Market & Core Indices; Value & Quality,United States,Broad Market & Core Indices; Equity; Factor; United States; Value & Quality
FTA,FTA,First Trust Large Cap Value AlphaDEX Fund,NASDAQ,G,Y,N,,,ETF,Equity,Factor,Broad Market & Core Indices; Value & Quality,United States,Broad Market & Core Indices; Equity; Factor; United States; Value & Quality
FYT,FYT,First Trust Small Cap Value AlphaDEX Fund,NASDAQ,G,Y,N,,,ETF,Equity,Factor,Broad Market & Core Indices; Value & Quality,United States,Broad Market & Core Indices; Equity; Factor; United States; Value & Quality
GVUS,GVUS,Goldman Sachs MarketBeta Russell 1000 Value Equity ETF,NYSE, ,Y,N,,,ETF,Equity,Factor,Broad Market & Core Indices; Value & Quality,United States,Broad Market & Core Indices; Equity; Factor; United States; Value & Quality
HWSM,HWSM,Hotchkis & Wiley SMID Cap Diversified Value Fund,NASDAQ,G,Y,N,,,ETF,Equity,Factor,Broad Market & Core Indices; Value & Quality,United States,Broad Market & Core Indices; Equity; Factor; United States; Value & Quality
IQLT,IQLT,iShares MSCI Intl Quality Factor ETF,NYSE, ,Y,N,,,ETF,Equity,Factor,Broad Market & Core Indices; Value & Quality,United States,Broad Market & Core Indices; Equity; Factor; United States; Value & Quality
IVE,IVE,iShares S&P 500 Value ETF,NYSE, ,Y,N,,,ETF,Equity,Factor,Broad Market & Core Indices; Value & Quality,United States,Broad Market & Core Indices; Equity; Factor; United States; Value & Quality
IVLU,IVLU,iShares MSCI Intl Value Factor ETF,NYSE, ,Y,N,,,ETF,Equity,Factor,Broad Market & Core Indices; Value & Quality,United States,Broad Market & Core Indices; Equity; Factor; United States; Value & Quality
IWD,IWD,iShares Russell 1000 Value ETF,NYSE, ,Y,N,,,ETF,Equity,Factor,Broad Market & Core Indices; Value & Quality,United States,Broad Market & Core Indices; Equity; Factor; United States; Value & Quality
IWN,IWN,iShares Russell 2000 Value ETF,NYSE, ,Y,N,,,ETF,Equity,Factor,Broad Market & Core Indices; Value & Quality,United States,Broad Market & Core Indices; Equity; Factor; United States; Value & Quality
IWS,IWS,iShares Russell Mid-Cap Value ETF,NYSE, ,Y,N,,,ETF,Equity,Factor,Broad Market & Core Indices; Value & Quality,United States,Broad Market & Core Indices; Equity; Factor; United States; Value & Quality
IWX,IWX,iShares Russell Top 200 Value ETF,NYSE, ,Y,N,,,ETF,Equity,Factor,Broad Market & Core Indices; Value & Quality,United States,Broad Market & Core Indices; Equity; Factor; United States; Value & Quality
JPSV,JPSV,JPMorgan Active Small Cap Value ETF,NYSE, ,Y,N,,,ETF,Equity,Active; Factor,Broad Market & Core Indices; Value & Quality,United States,Active; Broad Market & Core Indices; Equity; Factor; United States; Value & Quality
LGLV,LGLV,State Street SPDR US Large Cap Low Volatility Index ETF,NYSE, ,Y,N,,,ETF,Equity,Factor,Broad Market & Core Indices; Value & Quality,United States,Broad Market & Core Indices; Equity; Factor; United States; Value & Quality
MDYV,MDYV,State Street SPDR S&P 400 Mid Cap Value ETF,NYSE, ,Y,N,,,ETF,Equity,Factor,Broad Market & Core Indices; Value & Quality,United States,Broad Market & Core Indices; Equity; Factor; United States; Value & Quality
ONEV,ONEV,State Street SPDR Russell 1000 Low Volatility Focus ETF,NYSE, ,Y,N,,,ETF,Equity,Factor,Broad Market & Core Indices; Value & Quality,United States,Broad Market & Core Indices; Equity; Factor; United States; Value & Quality
PRXV,PRXV,Praxis Impact Large Cap Value ETF,NYSE, ,Y,N,,,ETF,Equity,Factor,Broad Market & Core Indices; Value & Quality,United States,Broad Market & Core Indices; Equity; Factor; United States; Value & Quality
PVAL,PVAL,Putnam Focused Large Cap Value ETF,NYSE, ,Y,N,,,ETF,Equity,Factor,Broad Market & Core Indices; Value & Quality,United States,Broad Market & Core Indices; Equity; Factor; United States; Value & Quality
PWV,PWV,Invesco Large Cap Value ETF,NYSE, ,Y,N,,,ETF,Equity,Factor,Broad Market & Core Indices; Value & Quality,United States,Broad Market & Core Indices; Equity; Factor; United States; Value & Quality
PZLV,PZLV,Pzena U.S. Large Cap Value ETF,NYSE, ,Y,N,,,ETF,Equity,Factor,Broad Market & Core Indices; Value & Quality,United States,Broad Market & Core Indices; Equity; Factor; United States; Value & Quality
RPV,RPV,Invesco S&P 500 Pure Value ETF,NYSE, ,Y,N,,,ETF,Equity,Factor,Broad Market & Core Indices; Value & Quality,United States,Broad Market & Core Indices; Equity; Factor; United States; Value & Quality
SLYV,SLYV,State Street SPDR S&P 600 Small Cap Value ETF,NYSE, ,Y,N,,,ETF,Equity,Factor,Broad Market & Core Indices; Value & Quality,United States,Broad Market & Core Indices; Equity; Factor; United States; Value & Quality
SMLV,SMLV,State Street SPDR US Small Cap Low Volatility Index ETF,NYSE, ,Y,N,,,ETF,Equity,Factor,Broad Market & Core Indices; Value & Quality,United States,Broad Market & Core Indices; Equity; Factor; United States; Value & Quality
SPLV,SPLV,Invesco S&P 500 Low Volatility ETF,NYSE, ,Y,N,,,ETF,Equity,Factor,Broad Market & Core Indices; Value & Quality,United States,Broad Market & Core Indices; Equity; Factor; United States; Value & Quality
SPYV,SPYV,State Street SPDR Portfolio S&P 500 Value ETF,NYSE, ,Y,N,,,ETF,Equity,Factor,Broad Market & Core Indices; Value & Quality,United States,Broad Market & Core Indices; Equity; Factor; United States; Value & Quality
TMVE,TMVE,Thrivent Mid Cap Value ETF,NYSE, ,Y,N,,,ETF,Equity,Factor,Broad Market & Core Indices; Value & Quality,United States,Broad Market & Core Indices; Equity; Factor; United States; Value & Quality
TSCV,TSCV,Thrivent Small Cap Value ETF,NYSE, ,Y,N,,,ETF,Equity,Factor,Broad Market & Core Indices; Value & Quality,United States,Broad Market & Core Indices; Equity; Factor; United States; Value & Quality
VLLU,VLLU,Harbor AlphaEdge Large Cap Value ETF,NYSE, ,Y,N,,,ETF,Equity,Factor,Broad Market & Core Indices; Value & Quality,United States,Broad Market & Core Indices; Equity; Factor; United States; Value & Quality
VONV,VONV,Vanguard Russell 1000 Value ETF,NASDAQ,G,Y,N,,,ETF,Equity,Factor,Broad Market & Core Indices; Value & Quality,United States,Broad Market & Core Indices; Equity; Factor; United States; Value & Quality
VOOV,VOOV,Vanguard S&P 500 Value ETF,NYSE, ,Y,N,,,ETF,Equity,Factor,Broad Market & Core Indices; Value & Quality,United States,Broad Market & Core Indices; Equity; Factor; United States; Value & Quality
VTWV,VTWV,Vanguard Russell 2000 Value ETF,NASDAQ,G,Y,N,,,ETF,Equity,Factor,Broad Market & Core Indices; Value & Quality,United States,Broad Market & Core Indices; Equity; Factor; United States; Value & Quality
IQSZ,IQSZ,Invesco Global Equity Net Zero ETF,NYSE, ,Y,N,,,ETF,Equity,Plain,Carbon & Climate,Global,Carbon & Climate; Equity; Global; Plain
USNZ,USNZ,Xtrackers Net Zero Pathway Paris Aligned US Equity ETF,NYSE, ,Y,N,,,ETF,Equity,Plain,Carbon & Climate,United States,Carbon & Climate; Equity; Plain; United States
HYDR,HYDR,Global X Hydrogen ETF,NASDAQ,G,Y,N,,,ETF,Equity,Plain,Clean Energy,Global,Clean Energy; Equity; Global; Plain
TAN,TAN,Invesco Solar ETF,NYSE, ,Y,N,,,ETF,Equity,Plain,Clean Energy,United States,Clean Energy; Equity; Plain; United States
KGRN,KGRN,KraneShares MSCI China Clean Technology Index ETF,NYSE, ,Y,N,,,ETF,Equity,Plain,Clean Energy; Broad Market & Core Indices,China,Broad Market & Core Indices; China; Clean Energy; Equity; Plain
CLOD,CLOD,Themes Cloud Computing ETF,NASDAQ,G,Y,N,,,ETF,Equity,Plain,Cloud Computing,United States,Cloud Computing; Equity; Plain; United States
CLOU,CLOU,Global X Cloud Computing ETF,NASDAQ,G,Y,N,,,ETF,Equity,Plain,Cloud Computing,Global,Cloud Computing; Equity; Global; Plain
SKYY,SKYY,First Trust Cloud Computing ETF,NASDAQ,G,Y,N,,,ETF,Equity,Plain,Cloud Computing,United States,Cloud Computing; Equity; Plain; United States
WCLD,WCLD,WisdomTree Cloud Computing Fund,NASDAQ,G,Y,N,,,ETF,Equity,Plain,Cloud Computing,United States,Cloud Computing; Equity; Plain; United States
DVXY,DVXY,WEBs Consumer Discretionary XLY Defined Volatility ETF,NASDAQ,G,Y,N,,,ETF,Equity,Plain,Consumer Discretionary,United States,Consumer Discretionary; Equity; Plain; United States
IYC,IYC,iShares U.S. Consumer Discretionary ETF,NYSE, ,Y,N,,,ETF,Equity,Plain,Consumer Discretionary,United States,Consumer Discretionary; Equity; Plain; United States
PSCD,PSCD,Invesco S&P SmallCap Consumer Discretionary ETF,NASDAQ,G,Y,N,,,ETF,Equity,Plain,Consumer Discretionary,United States,Consumer Discretionary; Equity; Plain; United States
RXI,RXI,iShares Global Consumer Discretionary ETF,NYSE, ,Y,N,,,ETF,Equity,Plain,Consumer Discretionary,Global,Consumer Discretionary; Equity; Global; Plain
TRUD,TRUD,VanEck Consumer Discretionary TruSector ETF,NASDAQ,G,Y,N,,,ETF,Equity,Plain,Consumer Discretionary,United States,Consumer Discretionary; Equity; Plain; United States
XLY,XLY,State Street Consumer Discretionary Select Sector SPDR ETF,NYSE, ,Y,N,,,ETF,Equity,Plain,Consumer Discretionary,United States,Consumer Discretionary; Equity; Plain; United States
CHIQ,CHIQ,Global X MSCI China Consumer Discretionary ETF,NYSE, ,Y,N,,,ETF,Equity,Plain,Consumer Discretionary; Broad Market & Core Indices,Global; China,Broad Market & Core Indices; China; Consumer Discretionary; Equity; Global; Plain
FDIS,FDIS,Fidelity MSCI Consumer Discretionary Index ETF,NYSE, ,Y,N,,,ETF,Equity,Plain,Consumer Discretionary; Broad Market & Core Indices,United States,Broad Market & Core Indices; Consumer Discretionary; Equity; Plain; United States
GXPD,GXPD,Global X PureCap MSCI Consumer Discretionary ETF,NYSE, ,Y,N,,,ETF,Equity,Plain,Consumer Discretionary; Broad Market & Core Indices,Global,Broad Market & Core Indices; Consumer Discretionary; Equity; Global; Plain
RSPD,RSPD,Invesco S&P 500 Equal Weight Consumer Discretionary ETF,NYSE, ,Y,N,,,ETF,Equity,Factor,Consumer Discretionary; Broad Market & Core Indices,United States,Broad Market & Core Indices; Consumer Discretionary; Equity; Factor; United States
DVXP,DVXP,WEBs Consumer Staples XLP Defined Volatility ETF,NASDAQ,G,Y,N,,,ETF,Equity,Plain,Consumer Staples,United States,Consumer Staples; Equity; Plain; United States
IYK,IYK,iShares U.S. Consumer Staples ETF,NYSE, ,Y,N,,,ETF,Equity,Plain,Consumer Staples,United States,Consumer Staples; Equity; Plain; United States
KROP,KROP,Global X AgTech & Food Innovation ETF,NASDAQ,G,Y,N,,,ETF,Equity,Plain,Consumer Staples,Global,Consumer Staples; Equity; Global; Plain
KXI,KXI,iShares Global Consumer Staples ETF,NYSE, ,Y,N,,,ETF,Equity,Plain,Consumer Staples,Global,Consumer Staples; Equity; Global; Plain
PBJ,PBJ,Invesco Food & Beverage ETF,NYSE, ,Y,N,,,ETF,Equity,Plain,Consumer Staples,United States,Consumer Staples; Equity; Plain; United States
PSCC,PSCC,Invesco S&P SmallCap Consumer Staples ETF,NASDAQ,G,Y,N,,,ETF,Equity,Plain,Consumer Staples,United States,Consumer Staples; Equity; Plain; United States
TRUO,TRUO,VanEck Consumer Staples TruSector ETF,NASDAQ,G,Y,N,,,ETF,Equity,Plain,Consumer Staples,United States,Consumer Staples; Equity; Plain; United States
VDC,VDC,Vanguard Consumer Staples ETF,NYSE, ,Y,N,,,ETF,Equity,Plain,Consumer Staples,United States,Consumer Staples; Equity; Plain; United States
XLP,XLP,State Street Consumer Staples Select Sector SPDR ETF,NYSE, ,Y,N,,,ETF,Equity,Plain,Consumer Staples,United States,Consumer Staples; Equity; Plain; United States
FSTA,FSTA,Fidelity MSCI Consumer Staples Index ETF,NYSE, ,Y,N,,,ETF,Equity,Plain,Consumer Staples; Broad Market & Core Indices,United States,Broad Market & Core Indices; Consumer Staples; Equity; Plain; United States
FTXG,FTXG,First Trust Nasdaq Food & Beverage ETF,NASDAQ,G,Y,N,,,ETF,Equity,Plain,Consumer Staples; Broad Market & Core Indices,United States,Broad Market & Core Indices; Consumer Staples; Equity; Plain; United States
GXPS,GXPS,Global X PureCap MSCI Consumer Staples ETF,NYSE, ,Y,N,,,ETF,Equity,Plain,Consumer Staples; Broad Market & Core Indices,Global,Broad Market & Core Indices; Consumer Staples; Equity; Global; Plain
RSPS,RSPS,Invesco S&P 500 Equal Weight Consumer Staples ETF,NYSE, ,Y,N,,,ETF,Equity,Factor,Consumer Staples; Broad Market & Core Indices,United States,Broad Market & Core Indices; Consumer Staples; Equity; Factor; United States
PSL,PSL,Invesco Dorsey Wright Consumer Staples Momentum ETF,NASDAQ,G,Y,N,,,ETF,Equity,Factor,Consumer Staples; Growth & Momentum,United States,Consumer Staples; Equity; Factor; Growth & Momentum; United States
BUG,BUG,Global X Cybersecurity ETF,NASDAQ,G,Y,N,,,ETF,Equity,Plain,Cybersecurity,Global,Cybersecurity; Equity; Global; Plain
HACK,HACK,Amplify Cybersecurity ETF,NYSE, ,Y,N,,,ETF,Equity,Plain,Cybersecurity,United States,Cybersecurity; Equity; Plain; United States
IHAK,IHAK,iShares Cybersecurity and Tech ETF,NYSE, ,Y,N,,,ETF,Equity,Plain,Cybersecurity,United States,Cybersecurity; Equity; Plain; United States
PSWD,PSWD,Xtrackers Cybersecurity Select Equity ETF,NASDAQ,G,Y,N,,,ETF,Equity,Plain,Cybersecurity,United States,Cybersecurity; Equity; Plain; United States
SPAM,SPAM,Themes Cybersecurity ETF,NASDAQ,G,Y,N,,,ETF,Equity,Plain,Cybersecurity,United States,Cybersecurity; Equity; Plain; United States
WCBR,WCBR,WisdomTree Cybersecurity Fund,NASDAQ,G,Y,N,,,ETF,Equity,Plain,Cybersecurity,United States,Cybersecurity; Equity; Plain; United States
CIBR,CIBR,First Trust NASDAQ Cybersecurity ETF,NASDAQ,G,Y,N,,,ETF,Equity,Plain,Cybersecurity; Broad Market & Core Indices,United States,Broad Market & Core Indices; Cybersecurity; Equity; Plain; United States
HAKY,HAKY,Amplify HACK Cybersecurity Covered Call ETF,NYSE, ,Y,N,,,ETF,Equity,Covered Call,Cybersecurity; Dividend & Income,United States,Covered Call; Cybersecurity; Dividend & Income; Equity; United States
DTCR,DTCR,Global X Data Center & Digital Infrastructure ETF,NASDAQ,G,Y,N,,,ETF,Equity,Plain,Datacenter & Hyperscaler; Digital Infrastructure; Infrastructure,Global,Datacenter & Hyperscaler; Digital Infrastructure; Equity; Global; Infrastructure; Plain
ARMY,ARMY,Tema International Defense ETF,NASDAQ,G,Y,N,,,ETF,Equity,Plain,Defense & Military,United States,Defense & Military; Equity; Plain; United States
DUTY,DUTY,U.S. Defense ETF,NYSE, ,Y,N,,,ETF,Equity,Plain,Defense & Military,United States,Defense & Military; Equity; Plain; United States
KDEF,KDEF,PLUS Korea Defense Industry Index ETF,NYSE, ,Y,N,,,ETF,Equity,Plain,Defense & Military,South Korea; United States,Defense & Military; Equity; Plain; South Korea; United States
NATO,NATO,Themes Transatlantic Defense ETF,NASDAQ,G,Y,N,,,ETF,Equity,Plain,Defense & Military,United States,Defense & Military; Equity; Plain; United States
NSI,NSI,National Security Emerging Markets Index ETF,NASDAQ,G,Y,N,,,ETF,Equity,Plain,Defense & Military,Emerging Markets,Defense & Military; Emerging Markets; Equity; Plain
SHLD,SHLD,Global X Defense Tech ETF,NYSE, ,Y,N,,,ETF,Equity,Plain,Defense & Military,Global,Defense & Military; Equity; Global; Plain
WDAF,WDAF,WisdomTree Asia Defense Fund,NASDAQ,G,Y,N,,,ETF,Equity,Plain,Defense & Military,Asia Pacific,Asia Pacific; Defense & Military; Equity; Plain
WDEF,WDEF,WisdomTree Europe Defense Fund,NYSE, ,Y,N,,,ETF,Equity,Plain,Defense & Military,Europe,Defense & Military; Equity; Europe; Plain
WDGF,WDGF,WisdomTree Global Defense Fund,NASDAQ,G,Y,N,,,ETF,Equity,Plain,Defense & Military,Global,Defense & Military; Equity; Global; Plain
XDEF,XDEF,Xtrackers Europe Defense Technologies ETF,NASDAQ,G,Y,N,,,ETF,Equity,Plain,Defense & Military,Europe,Defense & Military; Equity; Europe; Plain
XTL,XTL,State Street SPDR S&P Telecom ETF,NYSE, ,Y,N,,,ETF,Equity,Plain,Digital Infrastructure,United States,Digital Infrastructure; Equity; Plain; United States
ADIV,ADIV,Guinness Atkinson Asia Pacific Dividend Builder ETF,NYSE, ,Y,N,,,ETF,Equity,Dividend/Income,Dividend & Income,Asia Pacific,Asia Pacific; Dividend & Income; Dividend/Income; Equity
ADVE,ADVE,Matthews Asia Dividend Active ETF,NYSE, ,Y,N,,,ETF,Equity,Dividend/Income; Active,Dividend & Income,Asia Pacific,Active; Asia Pacific; Dividend & Income; Dividend/Income; Equity
AGEM,AGEM,abrdn Emerging Markets Dividend Active ETF,NASDAQ,G,Y,N,,,ETF,Equity,Dividend/Income; Active,Dividend & Income,Emerging Markets,Active; Dividend & Income; Dividend/Income; Emerging Markets; Equity
BGDV,BGDV,Bahl & Gaynor Dividend ETF,NYSE, ,Y,N,,,ETF,Equity,Dividend/Income,Dividend & Income,United States,Dividend & Income; Dividend/Income; Equity; United States
BIDD,BIDD,iShares International Dividend Active ETF,NYSE, ,Y,N,,,ETF,Equity,Dividend/Income; Active,Dividend & Income,United States,Active; Dividend & Income; Dividend/Income; Equity; United States
CGDG,CGDG,Capital Group Dividend Growers ETF,NYSE, ,Y,N,,,ETF,Equity,Dividend/Income,Dividend & Income,United States,Dividend & Income; Dividend/Income; Equity; United States
COWS,COWS,Amplify Cash Flow Dividend Leaders ETF,NASDAQ,G,Y,N,,,ETF,Equity,Dividend/Income,Dividend & Income,United States,Dividend & Income; Dividend/Income; Equity; United States
CVGD,CVGD,CresAlta Global Dividend ETF,NYSE, ,Y,N,,,ETF,Equity,Dividend/Income,Dividend & Income,Global,Dividend & Income; Dividend/Income; Equity; Global
CVRD,CVRD,Madison Covered Call ETF,NYSE, ,Y,N,,,ETF,Equity,Covered Call,Dividend & Income,United States,Covered Call; Dividend & Income; Equity; United States
DEM,DEM,WisdomTree Emerging Markets High Dividend Fund,NYSE, ,Y,N,,,ETF,Equity,Dividend/Income,Dividend & Income,Emerging Markets,Dividend & Income; Dividend/Income; Emerging Markets; Equity
DES,DES,WisdomTree U.S. SmallCap Dividend Fund,NYSE, ,Y,N,,,ETF,Equity,Dividend/Income,Dividend & Income,United States,Dividend & Income; Dividend/Income; Equity; United States
DEW,DEW,WisdomTree Global High Dividend Fund,NYSE, ,Y,N,,,ETF,Equity,Dividend/Income,Dividend & Income,Global,Dividend & Income; Dividend/Income; Equity; Global
DFE,DFE,WisdomTree Europe SmallCap Dividend Fund,NYSE, ,Y,N,,,ETF,Equity,Dividend/Income,Dividend & Income,Europe,Dividend & Income; Dividend/Income; Equity; Europe
DHS,DHS,WisdomTree U.S. High Dividend Fund,NYSE, ,Y,N,,,ETF,Equity,Dividend/Income,Dividend & Income,United States,Dividend & Income; Dividend/Income; Equity; United States
DIEM,DIEM,Franklin Emerging Market Core Dividend Tilt Index ETF,NYSE, ,Y,N,,,ETF,Equity,Dividend/Income,Dividend & Income,Emerging Markets,Dividend & Income; Dividend/Income; Emerging Markets; Equity
DIM,DIM,WisdomTree International MidCap Dividend Fund,NYSE, ,Y,N,,,ETF,Equity,Dividend/Income,Dividend & Income,United States,Dividend & Income; Dividend/Income; Equity; United States
DIV,DIV,Global X Super Dividend ETF,NYSE, ,Y,N,,,ETF,Equity,Dividend/Income,Dividend & Income,Global,Dividend & Income; Dividend/Income; Equity; Global
DIVD,DIVD,Altrius Global Dividend ETF,NASDAQ,G,Y,N,,,ETF,Equity,Dividend/Income,Dividend & Income,Global; United States,Dividend & Income; Dividend/Income; Equity; Global; United States
DIVE,DIVE,Dana Concentrated Dividend ETF,NYSE, ,Y,N,,,ETF,Equity,Dividend/Income,Dividend & Income,United States,Dividend & Income; Dividend/Income; Equity; United States
DIVI,DIVI,Franklin International Core Dividend Tilt Index ETF,NYSE, ,Y,N,,,ETF,Equity,Dividend/Income,Dividend & Income,United States,Dividend & Income; Dividend/Income; Equity; United States
DIVS,DIVS,Guinness Atkinson Dividend Builder ETF,NYSE, ,Y,N,,,ETF,Equity,Dividend/Income,Dividend & Income,United States,Dividend & Income; Dividend/Income; Equity; United States
DJIA,DJIA,Global X Dow 30 Covered Call ETF,NYSE, ,Y,N,,,ETF,Equity,Covered Call,Dividend & Income,Global,Covered Call; Dividend & Income; Equity; Global
DLN,DLN,WisdomTree U.S. LargeCap Dividend Fund,NYSE, ,Y,N,,,ETF,Equity,Dividend/Income,Dividend & Income,United States,Dividend & Income; Dividend/Income; Equity; United States
DON,DON,WisdomTree U.S. MidCap Dividend Fund,NYSE, ,Y,N,,,ETF,Equity,Dividend/Income,Dividend & Income,United States,Dividend & Income; Dividend/Income; Equity; United States
DTD,DTD,WisdomTree U.S. Total Dividend Fund,NYSE, ,Y,N,,,ETF,Equity,Dividend/Income,Dividend & Income,United States,Dividend & Income; Dividend/Income; Equity; United States
DTH,DTH,WisdomTree International High Dividend Fund,NYSE, ,Y,N,,,ETF,Equity,Dividend/Income,Dividend & Income,United States,Dividend & Income; Dividend/Income; Equity; United States
DVDN,DVDN,Kingsbarn Dividend Opportunity ETF,NYSE, ,Y,N,,,ETF,Equity,Dividend/Income,Dividend & Income,United States,Dividend & Income; Dividend/Income; Equity; United States
DVND,DVND,Touchstone Dividend Select ETF,NYSE, ,Y,N,,,ETF,Equity,Dividend/Income,Dividend & Income,United States,Dividend & Income; Dividend/Income; Equity; United States
DVY,DVY,iShares Select Dividend ETF,NASDAQ,G,Y,N,,,ETF,Equity,Dividend/Income,Dividend & Income,United States,Dividend & Income; Dividend/Income; Equity; United States
DVYA,DVYA,iShares Asia / Pacific Dividend 30 Index Fund Exchange Traded Fund,NYSE, ,Y,N,,,ETF,Equity,Dividend/Income,Dividend & Income,Asia Pacific,Asia Pacific; Dividend & Income; Dividend/Income; Equity
DVYE,DVYE,iShares Emerging Markets Dividend Index Fund Exchange Traded Fund,NYSE, ,Y,N,,,ETF,Equity,Dividend/Income,Dividend & Income,Emerging Markets,Dividend & Income; Dividend/Income; Emerging Markets; Equity
DWX,DWX,State Street SPDR S&P International Dividend ETF,NYSE, ,Y,N,,,ETF,Equity,Dividend/Income,Dividend & Income,United States,Dividend & Income; Dividend/Income; Equity; United States
EDIV,EDIV,State Street SPDR S&P Emerging Markets Dividend ETF,NYSE, ,Y,N,,,ETF,Equity,Dividend/Income,Dividend & Income,Emerging Markets,Dividend & Income; Dividend/Income; Emerging Markets; Equity
EDOG,EDOG,ALPS Emerging Sector Dividend Dogs ETF,NYSE, ,Y,N,,,ETF,Equity,Dividend/Income,Dividend & Income,United States,Dividend & Income; Dividend/Income; Equity; United States
ELCV,ELCV,Strategy Shares Eventide High Dividend ETF,NYSE, ,Y,N,,,ETF,Equity,Dividend/Income,Dividend & Income,United States,Dividend & Income; Dividend/Income; Equity; United States
FDD,FDD,First Trust STOXX European Select Dividend Index Fund,NYSE, ,Y,N,,,ETF,Equity,Dividend/Income,Dividend & Income,Europe,Dividend & Income; Dividend/Income; Equity; Europe
FDIV,FDIV,MarketDesk Focused U.S. Dividend ETF,NASDAQ,G,Y,N,,,ETF,Equity,Dividend/Income,Dividend & Income,United States,Dividend & Income; Dividend/Income; Equity; United States
FDRR,FDRR,Fidelity Dividend ETF for Rising Rates,NYSE, ,Y,N,,,ETF,Equity,Dividend/Income,Dividend & Income,United States,Dividend & Income; Dividend/Income; Equity; United States
FDV,FDV,Federated Hermes U.S. Strategic Dividend ETF,NYSE, ,Y,N,,,ETF,Equity,Dividend/Income,Dividend & Income,United States,Dividend & Income; Dividend/Income; Equity; United States
FDVV,FDVV,Fidelity High Dividend ETF,NYSE, ,Y,N,,,ETF,Equity,Dividend/Income,Dividend & Income,United States,Dividend & Income; Dividend/Income; Equity; United States
FGD,FGD,First Trust DJ Global Select Dividend,NYSE, ,Y,N,,,ETF,Equity,Dividend/Income,Dividend & Income,Global,Dividend & Income; Dividend/Income; Equity; Global
FID,FID,First Trust S&P International Dividend Aristocrats ETF,NASDAQ,G,Y,N,,,ETF,Equity,Dividend/Income,Dividend & Income,United States,Dividend & Income; Dividend/Income; Equity; United States
FIDI,FIDI,Fidelity International High Dividend ETF,NYSE, ,Y,N,,,ETF,Equity,Dividend/Income,Dividend & Income,United States,Dividend & Income; Dividend/Income; Equity; United States
FTDS,FTDS,First Trust Dividend Strength ETF,NASDAQ,G,Y,N,,,ETF,Equity,Dividend/Income,Dividend & Income,United States,Dividend & Income; Dividend/Income; Equity; United States
FVD,FVD,First Trust VL Dividend,NYSE, ,Y,N,,,ETF,Equity,Dividend/Income,Dividend & Income,United States,Dividend & Income; Dividend/Income; Equity; United States
GAID,GAID,Guinness Atkinson International Dividend Builder ETF,NYSE, ,Y,N,,,ETF,Equity,Dividend/Income,Dividend & Income,United States,Dividend & Income; Dividend/Income; Equity; United States
GAUD,GAUD,Guinness Atkinson US Dividend Builder ETF,NYSE, ,Y,N,,,ETF,Equity,Dividend/Income,Dividend & Income,United States,Dividend & Income; Dividend/Income; Equity; United States
GENW,GENW,Genter Capital International Dividend ETF,NYSE, ,Y,N,,,ETF,Equity,Dividend/Income,Dividend & Income,United States,Dividend & Income; Dividend/Income; Equity; United States
HCOW,HCOW,Amplify COWS Covered Call ETF,NASDAQ,G,Y,N,,,ETF,Equity,Covered Call,Dividend & Income,United States,Covered Call; Dividend & Income; Equity; United States
HDV,HDV,iShares Core High Dividend ETF,NYSE, ,Y,N,,,ETF,Equity,Dividend/Income,Dividend & Income,United States,Dividend & Income; Dividend/Income; Equity; United States
HIDV,HIDV,AB US High Dividend ETF,NYSE, ,Y,N,,,ETF,Equity,Dividend/Income,Dividend & Income,United States,Dividend & Income; Dividend/Income; Equity; United States
IDOG,IDOG,ALPS International Sector Dividend Dogs ETF,NYSE, ,Y,N,,,ETF,Equity,Dividend/Income,Dividend & Income,United States,Dividend & Income; Dividend/Income; Equity; United States
IDVY,IDVY,First Trust International Rising Dividend Achievers ETF,NASDAQ,G,Y,N,,,ETF,Equity,Dividend/Income,Dividend & Income,United States,Dividend & Income; Dividend/Income; Equity; United States
IQDF,IQDF,FlexShares International Quality Dividend Index Fund,NYSE, ,Y,N,,,ETF,Equity,Dividend/Income; Factor,Dividend & Income,United States,Dividend & Income; Dividend/Income; Equity; Factor; United States
IQDY,IQDY,FlexShares International Quality Dividend Dynamic Index Fund,NYSE, ,Y,N,,,ETF,Equity,Dividend/Income; Factor,Dividend & Income,United States,Dividend & Income; Dividend/Income; Equity; Factor; United States
JDIV,JDIV,JPMorgan Dividend Leaders ETF,NYSE, ,Y,N,,,ETF,Equity,Dividend/Income,Dividend & Income,United States,Dividend & Income; Dividend/Income; Equity; United States
JHDV,JHDV,John Hancock U.S. High Dividend ETF,NYSE, ,Y,N,,,ETF,Equity,Dividend/Income,Dividend & Income,United States,Dividend & Income; Dividend/Income; Equity; United States
JHID,JHID,John Hancock International High Dividend ETF,NYSE, ,Y,N,,,ETF,Equity,Dividend/Income,Dividend & Income,United States,Dividend & Income; Dividend/Income; Equity; United States
KBWD,KBWD,Invesco KBW High Dividend Yield Financial ETF,NASDAQ,G,Y,N,,,ETF,Equity,Dividend/Income,Dividend & Income,United States,Dividend & Income; Dividend/Income; Equity; United States
KDVD,KDVD,Keeley Dividend ETF,NYSE, ,Y,N,,,ETF,Equity,Dividend/Income,Dividend & Income,United States,Dividend & Income; Dividend/Income; Equity; United States
KLIP,KLIP,KraneShares KWEB Covered Call Strategy ETF,NYSE, ,Y,N,,,ETF,Equity,Covered Call,Dividend & Income,United States,Covered Call; Dividend & Income; Equity; United States
MBOX,MBOX,Freedom Day Dividend ETF,NYSE, ,Y,N,,,ETF,Equity,Dividend/Income,Dividend & Income,United States,Dividend & Income; Dividend/Income; Equity; United States
OEFA,OEFA,ALPS O'Shares International Developed Quality Dividend ETF,NYSE, ,Y,N,,,ETF,Equity,Dividend/Income; Factor,Dividend & Income,Developed ex-US,Developed ex-US; Dividend & Income; Dividend/Income; Equity; Factor
OUSA,OUSA,ALPS O'Shares U.S. Quality Dividend ETF,NYSE, ,Y,N,,,ETF,Equity,Dividend/Income; Factor,Dividend & Income,United States,Dividend & Income; Dividend/Income; Equity; Factor; United States
OUSM,OUSM,ALPS O'Shares U.S. Small-Cap Quality Dividend ETF,NYSE, ,Y,N,,,ETF,Equity,Dividend/Income; Factor,Dividend & Income,United States,Dividend & Income; Dividend/Income; Equity; Factor; United States
PFM,PFM,Invesco Dividend Achievers ETF,NASDAQ,G,Y,N,,,ETF,Equity,Dividend/Income,Dividend & Income,United States,Dividend & Income; Dividend/Income; Equity; United States
PID,PID,Invesco International Dividend Achievers ETF,NASDAQ,G,Y,N,,,ETF,Equity,Dividend/Income,Dividend & Income,United States,Dividend & Income; Dividend/Income; Equity; United States
QDEF,QDEF,FlexShares Quality Dividend Defensive Index Fund,NYSE, ,Y,N,,,ETF,Equity,Dividend/Income; Factor,Dividend & Income,United States,Dividend & Income; Dividend/Income; Equity; Factor; United States
QDF,QDF,FlexShares Quality Dividend Index Fund,NYSE, ,Y,N,,,ETF,Equity,Dividend/Income; Factor,Dividend & Income,United States,Dividend & Income; Dividend/Income; Equity; Factor; United States
RDVY,RDVY,First Trust Rising Dividend Achievers ETF,NASDAQ,G,Y,N,,,ETF,Equity,Dividend/Income,Dividend & Income,United States,Dividend & Income; Dividend/Income; Equity; United States
RFDA,RFDA,ALPS Dynamic US Dividend Advantage ETF,NYSE, ,Y,N,,,ETF,Equity,Dividend/Income,Dividend & Income,United States,Dividend & Income; Dividend/Income; Equity; United States
RIET,RIET,Hoya Capital High Dividend Yield ETF,NYSE, ,Y,N,,,ETF,Equity,Dividend/Income,Dividend & Income,United States,Dividend & Income; Dividend/Income; Equity; United States
SCHD,SCHD,Schwab US Dividend Equity ETF,NYSE, ,Y,N,,,ETF,Equity,Dividend/Income,Dividend & Income,United States,Dividend & Income; Dividend/Income; Equity; United States
SCHY,SCHY,Schwab International Dividend Equity ETF,NYSE, ,Y,N,,,ETF,Equity,Dividend/Income,Dividend & Income,United States,Dividend & Income; Dividend/Income; Equity; United States
SDIV,SDIV,Global X SuperDividend ETF,NYSE, ,Y,N,,,ETF,Equity,Dividend/Income,Dividend & Income,Global,Dividend & Income; Dividend/Income; Equity; Global
SDOG,SDOG,ALPS Sector Dividend Dogs ETF,NYSE, ,Y,N,,,ETF,Equity,Dividend/Income,Dividend & Income,United States,Dividend & Income; Dividend/Income; Equity; United States
SDY,SDY,State Street SPDR S&P Dividend ETF,NYSE, ,Y,N,,,ETF,Equity,Dividend/Income,Dividend & Income,United States,Dividend & Income; Dividend/Income; Equity; United States
SPDG,SPDG,State Street SPDR Portfolio S&P Sector Neutral Dividend ETF,NYSE, ,Y,N,,,ETF,Equity,Dividend/Income,Dividend & Income,United States,Dividend & Income; Dividend/Income; Equity; United States
TBG,TBG,TBG Dividend Focus ETF,NYSE, ,Y,N,,,ETF,Equity,Dividend/Income,Dividend & Income,United States,Dividend & Income; Dividend/Income; Equity; United States
TPHD,TPHD,Timothy Plan High Dividend Stock ETF,NYSE, ,Y,N,,,ETF,Equity,Dividend/Income,Dividend & Income,United States,Dividend & Income; Dividend/Income; Equity; United States
UDIV,UDIV,Franklin U.S. Core Dividend Tilt Index ETF,NYSE, ,Y,N,,,ETF,Equity,Dividend/Income,Dividend & Income,United States,Dividend & Income; Dividend/Income; Equity; United States
VDI,VDI,Virtus International Dividend ETF,NYSE, ,Y,N,,,ETF,Equity,Dividend/Income,Dividend & Income,United States,Dividend & Income; Dividend/Income; Equity; United States
VEM,VEM,Virtus Emerging Markets Dividend ETF,NYSE, ,Y,N,,,ETF,Equity,Dividend/Income,Dividend & Income,Emerging Markets; United States,Dividend & Income; Dividend/Income; Emerging Markets; Equity; United States
VIGI,VIGI,Vanguard International Dividend Appreciation ETF,NASDAQ,G,Y,N,,,ETF,Equity,Dividend/Income,Dividend & Income,United States,Dividend & Income; Dividend/Income; Equity; United States
VSDA,VSDA,VictoryShares Dividend Accelerator ETF,NASDAQ,G,Y,N,,,ETF,Equity,Dividend/Income,Dividend & Income,United States,Dividend & Income; Dividend/Income; Equity; United States
VUS,VUS,Virtus US Dividend ETF,NYSE, ,Y,N,,,ETF,Equity,Dividend/Income,Dividend & Income,United States,Dividend & Income; Dividend/Income; Equity; United States
VYM,VYM,Vanguard High Dividend Yield ETF,NYSE, ,Y,N,,,ETF,Equity,Dividend/Income,Dividend & Income,United States,Dividend & Income; Dividend/Income; Equity; United States
VYMI,VYMI,Vanguard International High Dividend Yield ETF,NASDAQ,G,Y,N,,,ETF,Equity,Dividend/Income,Dividend & Income,United States,Dividend & Income; Dividend/Income; Equity; United States
WBIY,WBIY,WBI Power Factor High Dividend ETF,NYSE, ,Y,N,,,ETF,Equity,Dividend/Income,Dividend & Income,United States,Dividend & Income; Dividend/Income; Equity; United States
WDIV,WDIV,State Street SPDR S&P Global Dividend ETF,NYSE, ,Y,N,,,ETF,Equity,Dividend/Income,Dividend & Income,Global,Dividend & Income; Dividend/Income; Equity; Global
XIDV,XIDV,Franklin International Dividend Booster Index ETF,NYSE, ,Y,N,,,ETF,Equity,Dividend/Income,Dividend & Income,United States,Dividend & Income; Dividend/Income; Equity; United States
XUDV,XUDV,Franklin U.S. Dividend Booster Index ETF,NYSE, ,Y,N,,,ETF,Equity,Dividend/Income,Dividend & Income,United States,Dividend & Income; Dividend/Income; Equity; United States
BDIV,BDIV,AAM Brentview Dividend Growth ETF,NYSE, ,Y,N,,,ETF,Equity,Dividend/Income; Factor,Dividend & Income; Growth & Momentum,United States,Dividend & Income; Dividend/Income; Equity; Factor; Growth & Momentum; United States
BDVG,BDVG,IMGP Berkshire Dividend Growth ETF,NYSE, ,Y,N,,,ETF,Equity,Dividend/Income; Factor,Dividend & Income; Growth & Momentum,United States,Dividend & Income; Dividend/Income; Equity; Factor; Growth & Momentum; United States
DDIV,DDIV,First Trust Dorsey Wright Momentum & Dividend ETF,NASDAQ,G,Y,N,,,ETF,Equity,Dividend/Income; Factor,Dividend & Income; Growth & Momentum,United States,Dividend & Income; Dividend/Income; Equity; Factor; Growth & Momentum; United States
DGRE,DGRE,WisdomTree Emerging Markets Quality Dividend Growth Fund,NASDAQ,G,Y,N,,,ETF,Equity,Dividend/Income; Factor,Dividend & Income; Growth & Momentum,Emerging Markets,Dividend & Income; Dividend/Income; Emerging Markets; Equity; Factor; Growth & Momentum
DGRO,DGRO,iShares Core Dividend Growth ETF,NYSE, ,Y,N,,,ETF,Equity,Dividend/Income; Factor,Dividend & Income; Growth & Momentum,United States,Dividend & Income; Dividend/Income; Equity; Factor; Growth & Momentum; United States
DGRS,DGRS,WisdomTree U.S. SmallCap Quality Dividend Growth Fund,NASDAQ,G,Y,N,,,ETF,Equity,Dividend/Income; Factor,Dividend & Income; Growth & Momentum,United States,Dividend & Income; Dividend/Income; Equity; Factor; Growth & Momentum; United States
DGRW,DGRW,WisdomTree U.S. Quality Dividend Growth Fund,NASDAQ,G,Y,N,,,ETF,Equity,Dividend/Income; Factor,Dividend & Income; Growth & Momentum,United States,Dividend & Income; Dividend/Income; Equity; Factor; Growth & Momentum; United States
DVGR,DVGR,DAC 3D Dividend Growth ETF,NASDAQ,G,Y,N,,,ETF,Equity,Dividend/Income; Factor,Dividend & Income; Growth & Momentum,United States,Dividend & Income; Dividend/Income; Equity; Factor; Growth & Momentum; United States
DYLG,DYLG,Global X Dow 30 Covered Call & Growth ETF,NYSE, ,Y,N,,,ETF,Equity,Covered Call; Factor,Dividend & Income; Growth & Momentum,Global,Covered Call; Dividend & Income; Equity; Factor; Global; Growth & Momentum
EASY,EASY,Liberty One Defensive Dividend Growth ETF,NASDAQ,G,Y,N,,,ETF,Equity,Dividend/Income; Factor,Dividend & Income; Growth & Momentum,United States,Dividend & Income; Dividend/Income; Equity; Factor; Growth & Momentum; United States
EUDG,EUDG,WisdomTree Europe Quality Dividend Growth Fund,NYSE, ,Y,N,,,ETF,Equity,Dividend/Income; Factor,Dividend & Income; Growth & Momentum,Europe,Dividend & Income; Dividend/Income; Equity; Europe; Factor; Growth & Momentum
FRIZ,FRIZ,Franklin Dividend Growth ETF,NYSE, ,Y,N,,,ETF,Equity,Dividend/Income; Factor,Dividend & Income; Growth & Momentum,United States,Dividend & Income; Dividend/Income; Equity; Factor; Growth & Momentum; United States
GDIV,GDIV,Harbor Dividend Growth Leaders ETF,NYSE, ,Y,N,,,ETF,Equity,Dividend/Income; Factor,Dividend & Income; Growth & Momentum,United States,Dividend & Income; Dividend/Income; Equity; Factor; Growth & Momentum; United States
IHDG,IHDG,WisdomTree International Hedged Quality Dividend Growth Fund,NYSE, ,Y,N,,,ETF,Equity,Dividend/Income; Factor,Dividend & Income; Growth & Momentum,United States,Dividend & Income; Dividend/Income; Equity; Factor; Growth & Momentum; United States
NUDG,NUDG,Nuveen Dividend Growth Fund: ETF Class Shares,NYSE, ,Y,N,,,ETF,Equity,Dividend/Income; Factor,Dividend & Income; Growth & Momentum,United States,Dividend & Income; Dividend/Income; Equity; Factor; Growth & Momentum; United States
STXD,STXD,Strive 1000 Dividend Growth ETF,NYSE, ,Y,N,,,ETF,Equity,Dividend/Income; Factor,Dividend & Income; Growth & Momentum,United States,Dividend & Income; Dividend/Income; Equity; Factor; Growth & Momentum; United States
TDVG,TDVG,T. Rowe Price Dividend Growth ETF,NYSE, ,Y,N,,,ETF,Equity,Dividend/Income; Factor,Dividend & Income; Growth & Momentum,United States,Dividend & Income; Dividend/Income; Equity; Factor; Growth & Momentum; United States
TYLG,TYLG,Global X Information Technology Covered Call & Growth ETF,NYSE, ,Y,N,,,ETF,Equity,Covered Call; Factor,Dividend & Income; Growth & Momentum,Global,Covered Call; Dividend & Income; Equity; Factor; Global; Growth & Momentum
CGDV,CGDV,Capital Group Dividend Value ETF,NYSE, ,Y,N,,,ETF,Equity,Dividend/Income; Factor,Dividend & Income; Value & Quality,United States,Dividend & Income; Dividend/Income; Equity; Factor; United States; Value & Quality
DIVL,DIVL,Madison Dividend Value ETF,NYSE, ,Y,N,,,ETF,Equity,Dividend/Income; Factor,Dividend & Income; Value & Quality,United States,Dividend & Income; Dividend/Income; Equity; Factor; United States; Value & Quality
KVLE,KVLE,KraneShares Value Line Dynamic Dividend Equity Index ETF,NYSE, ,Y,N,,,ETF,Equity,Dividend/Income; Factor,Dividend & Income; Value & Quality,United States,Dividend & Income; Dividend/Income; Equity; Factor; United States; Value & Quality
LVHD,LVHD,Franklin U.S. Low Volatility High Dividend Index ETF,NASDAQ,G,Y,N,,,ETF,Equity,Dividend/Income; Factor,Dividend & Income; Value & Quality,United States,Dividend & Income; Dividend/Income; Equity; Factor; United States; Value & Quality
BATT,BATT,Amplify Lithium & Battery Technology ETF,NYSE, ,Y,N,,,ETF,Equity,Plain,Electric Vehicles & Batteries,United States,Electric Vehicles & Batteries; Equity; Plain; United States
DRIV,DRIV,Global X Autonomous & Electric Vehicles ETF,NASDAQ,G,Y,N,,,ETF,Equity,Plain,Electric Vehicles & Batteries,Global; United States,Electric Vehicles & Batteries; Equity; Global; Plain; United States
IDRV,IDRV,iShares Self-Driving EV and Tech ETF,NYSE, ,Y,N,,,ETF,Equity,Plain,Electric Vehicles & Batteries,United States,Electric Vehicles & Batteries; Equity; Plain; United States
KARS,KARS,KraneShares Electric Vehicles and Future Mobility Index ETF,NYSE, ,Y,N,,,ETF,Equity,Plain,Electric Vehicles & Batteries,United States,Electric Vehicles & Batteries; Equity; Plain; United States
LIT,LIT,Global X Lithium & Battery Tech ETF,NYSE, ,Y,N,,,ETF,Equity,Plain,Electric Vehicles & Batteries,Global,Electric Vehicles & Batteries; Equity; Global; Plain
ZSB,ZSB,USCF Sustainable Battery Metals Strategy Fund,NYSE, ,Y,N,,,ETF,Equity,ESG/Sustainable,Electric Vehicles & Batteries,United States,ESG/Sustainable; Electric Vehicles & Batteries; Equity; United States
ILIT,ILIT,iShares Lithium Miners and Producers ETF,NASDAQ,G,Y,N,,,ETF,Equity,Plain,Electric Vehicles & Batteries; Precious Metals,United States,Electric Vehicles & Batteries; Equity; Plain; Precious Metals; United States
LITP,LITP,Sprott Lithium Miners ETF,NASDAQ,G,Y,N,,,ETF,Equity,Plain,Electric Vehicles & Batteries; Precious Metals,United States,Electric Vehicles & Batteries; Equity; Plain; Precious Metals; United States
GABF,GABF,Gabelli ETFs Trust Gabelli Financial Services Opportunities ETF,NYSE, ,Y,N,,,ETF,Equity,Plain,Financial Services,United States,Equity; Financial Services; Plain; United States
IAI,IAI,iShares U.S. Broker-Dealers & Securities Exchanges ETF,NYSE, ,Y,N,,,ETF,Equity,Plain,Financial Services,United States,Equity; Financial Services; Plain; United States
IYG,IYG,iShares U.S. Financial Services ETF,NYSE, ,Y,N,,,ETF,Equity,Plain,Financial Services,United States,Equity; Financial Services; Plain; United States
KCE,KCE,State Street SPDR S&P Capital Markets ETF,NYSE, ,Y,N,,,ETF,Equity,Plain,Financial Services,United States,Equity; Financial Services; Plain; United States
BPAY,BPAY,iShares FinTech Active ETF,NYSE, ,Y,N,,,ETF,Equity,Active,Fintech & Payments,United States,Active; Equity; Fintech & Payments; United States
FINX,FINX,Global X FinTech ETF,NASDAQ,G,Y,N,,,ETF,Equity,Plain,Fintech & Payments,Global,Equity; Fintech & Payments; Global; Plain
IPAY,IPAY,Amplify Digital Payments ETF,NYSE, ,Y,N,,,ETF,Equity,Plain,Fintech & Payments,United States,Equity; Fintech & Payments; Plain; United States
PSQA,PSQA,Palmer Square CLO Senior Debt ETF,NYSE, ,Y,N,,,ETF,Equity,Plain,Fintech & Payments,United States,Equity; Fintech & Payments; Plain; United States
PSQO,PSQO,Palmer Square Credit Opportunities ETF,NYSE, ,Y,N,,,ETF,Equity,Plain,Fintech & Payments,United States,Equity; Fintech & Payments; Plain; United States
BETZ,BETZ,Roundhill Sports Betting & iGaming ETF,NYSE, ,Y,N,,,ETF,Equity,Plain,Gaming & Esports,United States,Equity; Gaming & Esports; Plain; United States
ESPO,ESPO,VanEck Video Gaming and eSports ETF,NASDAQ,G,Y,N,,,ETF,Equity,Plain,Gaming & Esports,United States,Equity; Gaming & Esports; Plain; United States
HERO,HERO,Global X Video Games & Esports ETF,NASDAQ,G,Y,N,,,ETF,Equity,Plain,Gaming & Esports,Global,Equity; Gaming & Esports; Global; Plain
BNGE,BNGE,First Trust S-Network Streaming and Gaming ETF,NYSE, ,Y,N,,,ETF,Equity,Plain,Gaming & Esports; Media & Entertainment,United States,Equity; Gaming & Esports; Media & Entertainment; Plain; United States
GGME,GGME,Invesco Next Gen Media and Gaming ETF,NYSE, ,Y,N,,,ETF,Equity,Plain,Gaming & Esports; Media & Entertainment,United States,Equity; Gaming & Esports; Media & Entertainment; Plain; United States
AFGR,AFGR,First Trust Multi-Manager Large Growth ETF,NYSE, ,Y,N,,,ETF,Equity,Factor,Growth & Momentum,United States,Equity; Factor; Growth & Momentum; United States
AGRW,AGRW,Allspring LT Large Growth ETF,NYSE, ,Y,N,,,ETF,Equity,Factor,Growth & Momentum,United States,Equity; Factor; Growth & Momentum; United States
AOTG,AOTG,AOT Growth and Innovation ETF,NASDAQ,G,Y,N,,,ETF,Equity,Factor,Growth & Momentum,United States,Equity; Factor; Growth & Momentum; United States
BASG,BASG,Brown Advisory Sustainable Growth ETF,NASDAQ,G,Y,N,,,ETF,Equity,ESG/Sustainable; Factor,Growth & Momentum,United States,ESG/Sustainable; Equity; Factor; Growth & Momentum; United States
BGCG,BGCG,Baillie Gifford International Concentrated Growth ETF,NASDAQ,G,Y,N,,,ETF,Equity,Factor,Growth & Momentum,United States,Equity; Factor; Growth & Momentum; United States
BGGG,BGGG,Baillie Gifford Long Term Global Growth ETF,NASDAQ,G,Y,N,,,ETF,Equity,Factor,Growth & Momentum,Global,Equity; Factor; Global; Growth & Momentum
BKCG,BKCG,BNY Mellon Concentrated Growth ETF,NYSE, ,Y,N,,,ETF,Equity,Factor,Growth & Momentum,United States,Equity; Factor; Growth & Momentum; United States
BUL,BUL,Pacer US Cash Cows Growth ETF,NYSE, ,Y,N,,,ETF,Equity,Factor,Growth & Momentum,United States,Equity; Factor; Growth & Momentum; United States
CAGE,CAGE,Calamos Autocallable Growth ETF,NYSE, ,Y,N,,,ETF,Equity,Factor,Growth & Momentum,United States,Equity; Factor; Growth & Momentum; United States
CARK,CARK,CastleArk Large Growth ETF,NYSE, ,Y,N,,,ETF,Equity,Factor,Growth & Momentum,United States,Equity; Factor; Growth & Momentum; United States
CGGG,CGGG,Capital Group U.S. Large Growth ETF,NYSE, ,Y,N,,,ETF,Equity,Factor,Growth & Momentum,United States,Equity; Factor; Growth & Momentum; United States
CGGO,CGGO,Capital Group Global Growth Equity ETF,NYSE, ,Y,N,,,ETF,Equity,Factor,Growth & Momentum,Global,Equity; Factor; Global; Growth & Momentum
CGGR,CGGR,Capital Group Growth ETF,NYSE, ,Y,N,,,ETF,Equity,Factor,Growth & Momentum,United States,Equity; Factor; Growth & Momentum; United States
CSMD,CSMD,Congress SMid Growth ETF,NYSE, ,Y,N,,,ETF,Equity,Factor,Growth & Momentum,United States,Equity; Factor; Growth & Momentum; United States
DARP,DARP,Grizzle Growth ETF,NYSE, ,Y,N,,,ETF,Equity,Factor,Growth & Momentum,United States,Equity; Factor; Growth & Momentum; United States
DNL,DNL,WisdomTree Global ex-U.S. Quality Growth Fund,NYSE, ,Y,N,,,ETF,Equity,Factor,Growth & Momentum,Developed ex-US; Global; United States,Developed ex-US; Equity; Factor; Global; Growth & Momentum; United States
DWAS,DWAS,Invesco Dorsey Wright SmallCap Momentum ETF,NASDAQ,G,Y,N,,,ETF,Equity,Factor,Growth & Momentum,United States,Equity; Factor; Growth & Momentum; United States
EAFG,EAFG,Pacer Developed Markets Cash Cows Growth Leaders ETF,NYSE, ,Y,N,,,ETF,Equity,Factor,Growth & Momentum,Developed ex-US,Developed ex-US; Equity; Factor; Growth & Momentum
EEMO,EEMO,Invesco S&P Emerging Markets Momentum ETF,NYSE, ,Y,N,,,ETF,Equity,Factor,Growth & Momentum,Emerging Markets,Emerging Markets; Equity; Factor; Growth & Momentum
FAD,FAD,First Trust Multi Cap Growth AlphaDEX Fund,NASDAQ,G,Y,N,,,ETF,Equity,Factor,Growth & Momentum,United States,Equity; Factor; Growth & Momentum; United States
FDG,FDG,American Century Focused Dynamic Growth ETF,NYSE, ,Y,N,,,ETF,Equity,Factor,Growth & Momentum,United States,Equity; Factor; Growth & Momentum; United States
FDMO,FDMO,Fidelity Momentum Factor ETF,NYSE, ,Y,N,,,ETF,Equity,Factor,Growth & Momentum,United States,Equity; Factor; Growth & Momentum; United States
FMTM,FMTM,MarketDesk Focused U.S. Momentum ETF,NASDAQ,G,Y,N,,,ETF,Equity,Factor,Growth & Momentum,United States,Equity; Factor; Growth & Momentum; United States
FSGS,FSGS,First Trust SMID Growth Strength ETF,NASDAQ,G,Y,N,,,ETF,Equity,Factor,Growth & Momentum,United States,Equity; Factor; Growth & Momentum; United States
FTGS,FTGS,First Trust Growth Strength ETF,NASDAQ,G,Y,N,,,ETF,Equity,Factor,Growth & Momentum,United States,Equity; Factor; Growth & Momentum; United States
GARY,GARY,Mango Growth ETF,NASDAQ,G,Y,N,,,ETF,Equity,Factor,Growth & Momentum,United States,Equity; Factor; Growth & Momentum; United States
GFLW,GFLW,VictoryShares Free Cash Flow Growth ETF,NASDAQ,G,Y,N,,,ETF,Equity,Factor,Growth & Momentum,United States,Equity; Factor; Growth & Momentum; United States
GGRW,GGRW,Gabelli Growth Innovators ETF,NYSE, ,Y,N,,,ETF,Equity,Factor,Growth & Momentum,United States,Equity; Factor; Growth & Momentum; United States
GLIN,GLIN,VanEck India Growth Leaders ETF,NYSE, ,Y,N,,,ETF,Equity,Factor,Growth & Momentum,India,Equity; Factor; Growth & Momentum; India
GLRY,GLRY,Inspire Growth ETF,NYSE, ,Y,N,,,ETF,Equity,Factor,Growth & Momentum,United States,Equity; Factor; Growth & Momentum; United States
GQQQ,GQQQ,Astoria US Quality Growth Kings ETF,NASDAQ,G,Y,N,,,ETF,Equity,Factor,Growth & Momentum,United States,Equity; Factor; Growth & Momentum; United States
GRIN,GRIN,VictoryShares International Free Cash Flow Growth ETF,NASDAQ,G,Y,N,,,ETF,Equity,Factor,Growth & Momentum,United States,Equity; Factor; Growth & Momentum; United States
GRW,GRW,TCW Durable Growth ETF,NASDAQ,G,Y,N,,,ETF,Equity,Factor,Growth & Momentum,United States,Equity; Factor; Growth & Momentum; United States
GSGO,GSGO,Goldman Sachs Growth Opportunities ETF,NASDAQ,G,Y,N,,,ETF,Equity,Factor,Growth & Momentum,United States,Equity; Factor; Growth & Momentum; United States
HGRO,HGRO,Hedgeye Quality Growth ETF,NYSE, ,Y,N,,,ETF,Equity,Factor,Growth & Momentum,United States,Equity; Factor; Growth & Momentum; United States
HQGO,HQGO,Hartford US Quality Growth ETF,NASDAQ,G,Y,N,,,ETF,Equity,Factor,Growth & Momentum,United States,Equity; Factor; Growth & Momentum; United States
HYP,HYP,Golden Eagle Dynamic Hypergrowth ETF,NASDAQ,G,Y,N,,,ETF,Equity,Factor,Growth & Momentum,United States,Equity; Factor; Growth & Momentum; United States
IDMO,IDMO,Invesco S&P International Developed Momentum ETF,NYSE, ,Y,N,,,ETF,Equity,Factor,Growth & Momentum,Developed ex-US,Developed ex-US; Equity; Factor; Growth & Momentum
IGGY,IGGY,AB International Growth ETF,NYSE, ,Y,N,,,ETF,Equity,Factor,Growth & Momentum,United States,Equity; Factor; Growth & Momentum; United States
IJK,IJK,iShares S&P Mid-Cap 400 Growth ETF,NYSE, ,Y,N,,,ETF,Equity,Factor,Growth & Momentum,United States,Equity; Factor; Growth & Momentum; United States
IJT,IJT,iShares S&P SmallCap 600 Growth ETF,NASDAQ,G,Y,N,,,ETF,Equity,Factor,Growth & Momentum,United States,Equity; Factor; Growth & Momentum; United States
ILCG,ILCG,iShares Morningstar Large-Cap Growth ETF,NYSE, ,Y,N,,,ETF,Equity,Factor,Growth & Momentum,United States,Equity; Factor; Growth & Momentum; United States
IMCG,IMCG,iShares Morningstar Mid-Cap Growth ETF,NYSE, ,Y,N,,,ETF,Equity,Factor,Growth & Momentum,United States,Equity; Factor; Growth & Momentum; United States
IMOM,IMOM,Alpha Architect International Quantitative Momentum ETF,NASDAQ,G,Y,N,,,ETF,Equity,Factor,Growth & Momentum,United States,Equity; Factor; Growth & Momentum; United States
ISCG,ISCG,iShares Morningstar Small-Cap Growth ETF,NYSE, ,Y,N,,,ETF,Equity,Factor,Growth & Momentum,United States,Equity; Factor; Growth & Momentum; United States
IUSG,IUSG,iShares Core S&P U.S. Growth ETF,NASDAQ,G,Y,N,,,ETF,Equity,Factor,Growth & Momentum,United States,Equity; Factor; Growth & Momentum; United States
IVOG,IVOG,Vanguard S&P Mid-Cap 400 Growth ETF,NYSE, ,Y,N,,,ETF,Equity,Factor,Growth & Momentum,United States,Equity; Factor; Growth & Momentum; United States
JGRO,JGRO,JPMorgan Active Growth ETF,NYSE, ,Y,N,,,ETF,Equity,Active; Factor,Growth & Momentum,United States,Active; Equity; Factor; Growth & Momentum; United States
JGRW,JGRW,Jensen Quality Growth ETF,NYSE, ,Y,N,,,ETF,Equity,Factor,Growth & Momentum,United States,Equity; Factor; Growth & Momentum; United States
JIG,JIG,JPMorgan International Growth ETF,NYSE, ,Y,N,,,ETF,Equity,Factor,Growth & Momentum,United States,Equity; Factor; Growth & Momentum; United States
JMOM,JMOM,JPMorgan U.S. Momentum Factor ETF,NYSE, ,Y,N,,,ETF,Equity,Factor,Growth & Momentum,United States,Equity; Factor; Growth & Momentum; United States
JOET,JOET,Virtus Terranova U.S. Quality Momentum ETF,NYSE, ,Y,N,,,ETF,Equity,Factor,Growth & Momentum,United States,Equity; Factor; Growth & Momentum; United States
KPHO,KPHO,KraneShares Dragon Capital Growth of Vietnam Index ETF,NYSE, ,Y,N,,,ETF,Equity,Factor,Growth & Momentum,United States,Equity; Factor; Growth & Momentum; United States
LCLG,LCLG,Logan Capital Broad Innovative Growth ETF,NYSE, ,Y,N,,,ETF,Equity,Factor,Growth & Momentum,United States,Equity; Factor; Growth & Momentum; United States
LRGG,LRGG,Nomura Focused Large Growth ETF,NYSE, ,Y,N,,,ETF,Equity,Factor,Growth & Momentum,United States,Equity; Factor; Growth & Momentum; United States
LSGR,LSGR,Natixis Loomis Sayles Focused Growth ETF,NYSE, ,Y,N,,,ETF,Equity,Factor,Growth & Momentum,United States,Equity; Factor; Growth & Momentum; United States
MFIG,MFIG,Motley Fool Innovative Growth ETF,NASDAQ,G,Y,N,,,ETF,Equity,Factor,Growth & Momentum,United States,Equity; Factor; Growth & Momentum; United States
MFMO,MFMO,Motley Fool Momentum Factor ETF,NASDAQ,G,Y,N,,,ETF,Equity,Factor,Growth & Momentum,United States,Equity; Factor; Growth & Momentum; United States
MFSG,MFSG,MFS Active Growth ETF,NYSE, ,Y,N,,,ETF,Equity,Active; Factor,Growth & Momentum,United States,Active; Equity; Factor; Growth & Momentum; United States
MGK,MGK,Vanguard Mega Cap Growth ETF,NYSE, ,Y,N,,,ETF,Equity,Factor,Growth & Momentum,United States,Equity; Factor; Growth & Momentum; United States
MMTM,MMTM,State Street SPDR S&P 1500 Momentum Tilt ETF,NYSE, ,Y,N,,,ETF,Equity,Factor,Growth & Momentum,United States,Equity; Factor; Growth & Momentum; United States
NBGX,NBGX,Neuberger Growth ETF,NYSE, ,Y,N,,,ETF,Equity,Factor,Growth & Momentum,United States,Equity; Factor; Growth & Momentum; United States
NUGO,NUGO,Nuveen Growth Opportunities ETF,NYSE, ,Y,N,,,ETF,Equity,Factor,Growth & Momentum,United States,Equity; Factor; Growth & Momentum; United States
PCCE,PCCE,Polen Capital China Growth ETF,NYSE, ,Y,N,,,ETF,Equity,Factor,Growth & Momentum,China,China; Equity; Factor; Growth & Momentum
PCGG,PCGG,Polen Capital Global Growth ETF,NYSE, ,Y,N,,,ETF,Equity,Factor,Growth & Momentum,Global,Equity; Factor; Global; Growth & Momentum
PCIG,PCIG,Polen Capital International Growth ETF,NYSE, ,Y,N,,,ETF,Equity,Factor,Growth & Momentum,United States,Equity; Factor; Growth & Momentum; United States
PCLC,PCLC,Polen 5Perspectives Large Growth ETF,NYSE, ,Y,N,,,ETF,Equity,Factor,Growth & Momentum,United States,Equity; Factor; Growth & Momentum; United States
PCLG,PCLG,Polen Focus Growth ETF,NYSE, ,Y,N,,,ETF,Equity,Factor,Growth & Momentum,United States,Equity; Factor; Growth & Momentum; United States
PCSG,PCSG,Polen 5Perspectives Small-Mid Growth ETF,NYSE, ,Y,N,,,ETF,Equity,Factor,Growth & Momentum,United States,Equity; Factor; Growth & Momentum; United States
PDP,PDP,Invesco Dorsey Wright Momentum ETF,NASDAQ,G,Y,N,,,ETF,Equity,Factor,Growth & Momentum,United States,Equity; Factor; Growth & Momentum; United States
PEZ,PEZ,Invesco Dorsey Wright Consumer Cyclicals Momentum ETF,NASDAQ,G,Y,N,,,ETF,Equity,Factor,Growth & Momentum,United States,Equity; Factor; Growth & Momentum; United States
PFI,PFI,Invesco Dorsey Wright Financial Momentum ETF,NASDAQ,G,Y,N,,,ETF,Equity,Factor,Growth & Momentum,United States,Equity; Factor; Growth & Momentum; United States
PIE,PIE,Invesco Dorsey Wright Emerging Markets Momentum ETF,NASDAQ,G,Y,N,,,ETF,Equity,Factor,Growth & Momentum,Emerging Markets,Emerging Markets; Equity; Factor; Growth & Momentum
PIZ,PIZ,Invesco Dorsey Wright Developed Markets Momentum ETF,NASDAQ,G,Y,N,,,ETF,Equity,Factor,Growth & Momentum,Developed ex-US,Developed ex-US; Equity; Factor; Growth & Momentum
PJFG,PJFG,PGIM Jennison Focused Growth ETF,NYSE, ,Y,N,,,ETF,Equity,Factor,Growth & Momentum,United States,Equity; Factor; Growth & Momentum; United States
PRAE,PRAE,PlanRock Alternative Growth ETF,NYSE, ,Y,N,,,ETF,Equity,Factor,Growth & Momentum,United States,Equity; Factor; Growth & Momentum; United States
PTF,PTF,Invesco Dorsey Wright Technology Momentum ETF,NASDAQ,G,Y,N,,,ETF,Equity,Factor,Growth & Momentum,United States,Equity; Factor; Growth & Momentum; United States
QGRO,QGRO,American Century U.S. Quality Growth ETF,NYSE, ,Y,N,,,ETF,Equity,Factor,Growth & Momentum,United States,Equity; Factor; Growth & Momentum; United States
QGRW,QGRW,WisdomTree U.S. Quality Growth Fund,NYSE, ,Y,N,,,ETF,Equity,Factor,Growth & Momentum,United States,Equity; Factor; Growth & Momentum; United States
QMID,QMID,WisdomTree U.S. MidCap Quality Growth Fund,NASDAQ,G,Y,N,,,ETF,Equity,Factor,Growth & Momentum,United States,Equity; Factor; Growth & Momentum; United States
QMOM,QMOM,Alpha Architect U.S. Quantitative Momentum ETF,NASDAQ,G,Y,N,,,ETF,Equity,Factor,Growth & Momentum,United States,Equity; Factor; Growth & Momentum; United States
QPX,QPX,AdvisorShares Q Dynamic Growth ETF,NYSE, ,Y,N,,,ETF,Equity,Factor,Growth & Momentum,United States,Equity; Factor; Growth & Momentum; United States
QSML,QSML,WisdomTree U.S. SmallCap Quality Growth Fund,NASDAQ,G,Y,N,,,ETF,Equity,Factor,Growth & Momentum,United States,Equity; Factor; Growth & Momentum; United States
RFG,RFG,Invesco S&P MidCap 400 Pure Growth ETF,NYSE, ,Y,N,,,ETF,Equity,Factor,Growth & Momentum,United States,Equity; Factor; Growth & Momentum; United States
RILA,RILA,Indexperts Gorilla Aggressive Growth ETF,NYSE, ,Y,N,,,ETF,Equity,Factor,Growth & Momentum,United States,Equity; Factor; Growth & Momentum; United States
RKSG,RKSG,Ruk Strategic Growth ETF,NYSE, ,Y,N,,,ETF,Equity,Factor,Growth & Momentum,United States,Equity; Factor; Growth & Momentum; United States
RUNN,RUNN,Running Oak Efficient Growth ETF,NASDAQ,G,Y,N,,,ETF,Equity,Factor,Growth & Momentum,United States,Equity; Factor; Growth & Momentum; United States
RZG,RZG,Invesco S&P SmallCap 600 Pure Growth ETF,NYSE, ,Y,N,,,ETF,Equity,Factor,Growth & Momentum,United States,Equity; Factor; Growth & Momentum; United States
SCHG,SCHG,Schwab U.S. Large-Cap Growth ETF,NYSE, ,Y,N,,,ETF,Equity,Factor,Growth & Momentum,United States,Equity; Factor; Growth & Momentum; United States
SEMG,SEMG,Suncoast Select Growth ETF,NYSE, ,Y,N,,,ETF,Equity,Factor,Growth & Momentum,United States,Equity; Factor; Growth & Momentum; United States
SGRT,SGRT,SMART Earnings Growth 30 ETF,NYSE, ,Y,N,,,ETF,Equity,Factor,Growth & Momentum,United States,Equity; Factor; Growth & Momentum; United States
SMOM,SMOM,Symmetry Panoramic Sector Momentum ETF,NASDAQ,G,Y,N,,,ETF,Equity,Factor,Growth & Momentum,United States,Equity; Factor; Growth & Momentum; United States
SSMG,SSMG,Virtus Silvant Small/Mid Growth ETF,NYSE, ,Y,N,,,ETF,Equity,Factor,Growth & Momentum,United States,Equity; Factor; Growth & Momentum; United States
STXG,STXG,Strive 1000 Growth ETF,NYSE, ,Y,N,,,ETF,Equity,Factor,Growth & Momentum,United States,Equity; Factor; Growth & Momentum; United States
SXQG,SXQG,ETC 6 Meridian Quality Growth ETF,NYSE, ,Y,N,,,ETF,Equity,Factor,Growth & Momentum,United States,Equity; Factor; Growth & Momentum; United States
TBFG,TBFG,The Brinsmere Fund Growth ETF,NYSE, ,Y,N,,,ETF,Equity,Factor,Growth & Momentum,United States,Equity; Factor; Growth & Momentum; United States
TCHP,TCHP,T. Rowe Price Blue Chip Growth ETF,NYSE, ,Y,N,,,ETF,Equity,Factor,Growth & Momentum,United States,Equity; Factor; Growth & Momentum; United States
TFGZ,TFGZ,Thornburg Focus Growth Fund,NASDAQ,G,Y,N,,,ETF,Equity,Factor,Growth & Momentum,United States,Equity; Factor; Growth & Momentum; United States
TGRT,TGRT,T. Rowe Price Growth ETF,NYSE, ,Y,N,,,ETF,Equity,Factor,Growth & Momentum,United States,Equity; Factor; Growth & Momentum; United States
TGRW,TGRW,T. Rowe Price Growth Stock ETF,NYSE, ,Y,N,,,ETF,Equity,Factor,Growth & Momentum,United States,Equity; Factor; Growth & Momentum; United States
TLG,TLG,Touchstone Large Company Growth ETF,NASDAQ,G,Y,N,,,ETF,Equity,Factor,Growth & Momentum,United States,Equity; Factor; Growth & Momentum; United States
TPFG,TPFG,Timothy Plan Free Cash Flow Growth ETF,NYSE, ,Y,N,,,ETF,Equity,Factor,Growth & Momentum,United States,Equity; Factor; Growth & Momentum; United States
TSEL,TSEL,Touchstone Sands Capital US Select Growth ETF,NASDAQ,G,Y,N,,,ETF,Equity,Factor,Growth & Momentum,United States,Equity; Factor; Growth & Momentum; United States
TUG,TUG,STF Tactical Growth ETF,NASDAQ,G,Y,N,,,ETF,Equity,Factor,Growth & Momentum,United States,Equity; Factor; Growth & Momentum; United States
TXUG,TXUG,Thornburg International Growth Fund ETF,NASDAQ,G,Y,N,,,ETF,Equity,Factor,Growth & Momentum,United States,Equity; Factor; Growth & Momentum; United States
VBK,VBK,Vanguard Small-Cap Growth ETF,NYSE, ,Y,N,,,ETF,Equity,Factor,Growth & Momentum,United States,Equity; Factor; Growth & Momentum; United States
VGRO,VGRO,Virtus Silvant Growth Opportunities ETF,NYSE, ,Y,N,,,ETF,Equity,Factor,Growth & Momentum,United States,Equity; Factor; Growth & Momentum; United States
VIOG,VIOG,Vanguard S&P Small-Cap 600 Growth ETF,NYSE, ,Y,N,,,ETF,Equity,Factor,Growth & Momentum,United States,Equity; Factor; Growth & Momentum; United States
VOT,VOT,Vanguard Mid-Cap Growth ETF,NYSE, ,Y,N,,,ETF,Equity,Factor,Growth & Momentum,United States,Equity; Factor; Growth & Momentum; United States
VUG,VUG,Vanguard Growth ETF,NYSE, ,Y,N,,,ETF,Equity,Factor,Growth & Momentum,United States,Equity; Factor; Growth & Momentum; United States
WLTG,WLTG,WealthTrust DBS Long Term Growth ETF,NYSE, ,Y,N,,,ETF,Equity,Factor,Growth & Momentum,United States,Equity; Factor; Growth & Momentum; United States
XMMO,XMMO,Invesco S&P MidCap Momentum ETF,NYSE, ,Y,N,,,ETF,Equity,Factor,Growth & Momentum,United States,Equity; Factor; Growth & Momentum; United States
XSMO,XSMO,Invesco S&P SmallCap Momentum ETF,NYSE, ,Y,N,,,ETF,Equity,Factor,Growth & Momentum,United States,Equity; Factor; Growth & Momentum; United States
CGRO,CGRO,CoreValues Alpha Greater China Growth ETF,NYSE, ,Y,N,,,ETF,Equity,Factor,Growth & Momentum; Value & Quality,China; United States,China; Equity; Factor; Growth & Momentum; United States; Value & Quality
DVLU,DVLU,First Trust Dorsey Wright Momentum & Value ETF,NASDAQ,G,Y,N,,,ETF,Equity,Factor,Growth & Momentum; Value & Quality,United States,Equity; Factor; Growth & Momentum; United States; Value & Quality
DVOL,DVOL,First Trust Dorsey Wright Momentum & Low Volatility ETF,NASDAQ,G,Y,N,,,ETF,Equity,Factor,Growth & Momentum; Value & Quality,United States,Equity; Factor; Growth & Momentum; United States; Value & Quality
UEVM,UEVM,VictoryShares Emerging Markets Value Momentum ETF,NASDAQ,G,Y,N,,,ETF,Equity,Factor,Growth & Momentum; Value & Quality,Emerging Markets,Emerging Markets; Equity; Factor; Growth & Momentum; Value & Quality
UIVM,UIVM,VictoryShares International Value Momentum ETF,NASDAQ,G,Y,N,,,ETF,Equity,Factor,Growth & Momentum; Value & Quality,United States,Equity; Factor; Growth & Momentum; United States; Value & Quality
ULVM,ULVM,VictoryShares US Value Momentum ETF,NASDAQ,G,Y,N,,,ETF,Equity,Factor,Growth & Momentum; Value & Quality,United States,Equity; Factor; Growth & Momentum; United States; Value & Quality
XMVM,XMVM,Invesco S&P MidCap Value with Momentum ETF,NYSE, ,Y,N,,,ETF,Equity,Factor,Growth & Momentum; Value & Quality,United States,Equity; Factor; Growth & Momentum; United States; Value & Quality
XSVM,XSVM,Invesco S&P SmallCap Value with Momentum ETF,NYSE, ,Y,N,,,ETF,Equity,Factor,Growth & Momentum; Value & Quality,United States,Equity; Factor; Growth & Momentum; United States; Value & Quality
DVXV,DVXV,WEBs Health Care XLV Defined Volatility ETF,NASDAQ,G,Y,N,,,ETF,Equity,Plain,Healthcare Broad,United States,Equity; Healthcare Broad; Plain; United States
FXH,FXH,First Trust Health Care AlphaDEX,NYSE, ,Y,N,,,ETF,Equity,Plain,Healthcare Broad,United States,Equity; Healthcare Broad; Plain; United States
GDOC,GDOC,Goldman Sachs Future Health Care Equity ETF,NYSE, ,Y,N,,,ETF,Equity,Plain,Healthcare Broad,United States,Equity; Healthcare Broad; Plain; United States
HTEC,HTEC,ROBO Global Healthcare Technology and Innovation ETF,NYSE, ,Y,N,,,ETF,Equity,Plain,Healthcare Broad,Global,Equity; Global; Healthcare Broad; Plain
IBRN,IBRN,iShares Neuroscience and Healthcare ETF,NYSE, ,Y,N,,,ETF,Equity,Plain,Healthcare Broad,United States,Equity; Healthcare Broad; Plain; United States
IHF,IHF,iShares U.S. Health Care Providers ETF,NYSE, ,Y,N,,,ETF,Equity,Plain,Healthcare Broad,United States,Equity; Healthcare Broad; Plain; United States
IHI,IHI,iShares U.S. Medical Devices ETF,NYSE, ,Y,N,,,ETF,Equity,Plain,Healthcare Broad,United States,Equity; Healthcare Broad; Plain; United States
IXJ,IXJ,iShares Global Healthcare ETF,NYSE, ,Y,N,,,ETF,Equity,Plain,Healthcare Broad,Global,Equity; Global; Healthcare Broad; Plain
IYH,IYH,iShares U.S. Healthcare ETF,NYSE, ,Y,N,,,ETF,Equity,Plain,Healthcare Broad,United States,Equity; Healthcare Broad; Plain; United States
JDOC,JDOC,JPMorgan Healthcare Leaders ETF,NASDAQ,G,Y,N,,,ETF,Equity,Plain,Healthcare Broad,United States,Equity; Healthcare Broad; Plain; United States
MEDI,MEDI,Harbor Health Care ETF,NYSE, ,Y,N,,,ETF,Equity,Plain,Healthcare Broad,United States,Equity; Healthcare Broad; Plain; United States
MHIG,MHIG,Milliman Healthcare Inflation Guard ETF,NYSE, ,Y,N,,,ETF,Equity,Plain,Healthcare Broad,United States,Equity; Healthcare Broad; Plain; United States
MHIP,MHIP,Milliman Healthcare Inflation Plus ETF,NYSE, ,Y,N,,,ETF,Equity,Plain,Healthcare Broad,United States,Equity; Healthcare Broad; Plain; United States
PINK,PINK,Simplify Health Care ETF,NYSE, ,Y,N,,,ETF,Equity,Plain,Healthcare Broad,United States,Equity; Healthcare Broad; Plain; United States
PSCH,PSCH,Invesco S&P SmallCap Health Care ETF,NASDAQ,G,Y,N,,,ETF,Equity,Plain,Healthcare Broad,United States,Equity; Healthcare Broad; Plain; United States
TMED,TMED,T. Rowe Price Health Care ETF,NASDAQ,G,Y,N,,,ETF,Equity,Plain,Healthcare Broad,United States,Equity; Healthcare Broad; Plain; United States
TRUH,TRUH,VanEck Healthcare TruSector ETF,NASDAQ,G,Y,N,,,ETF,Equity,Plain,Healthcare Broad,United States,Equity; Healthcare Broad; Plain; United States
VHT,VHT,Vanguard Health Care ETF,NYSE, ,Y,N,,,ETF,Equity,Plain,Healthcare Broad,United States,Equity; Healthcare Broad; Plain; United States
XHE,XHE,State Street SPDR S&P Health Care Equipment ETF,NYSE, ,Y,N,,,ETF,Equity,Plain,Healthcare Broad,United States,Equity; Healthcare Broad; Plain; United States
XHS,XHS,State Street SPDR S&P Health Care Services ETF,NYSE, ,Y,N,,,ETF,Equity,Plain,Healthcare Broad,United States,Equity; Healthcare Broad; Plain; United States
XLV,XLV,State Street Health Care Select Sector SPDR ETF,NYSE, ,Y,N,,,ETF,Equity,Plain,Healthcare Broad,United States,Equity; Healthcare Broad; Plain; United States
IDNA,IDNA,iShares Genomics Immunology and Healthcare ETF,NYSE, ,Y,N,,,ETF,Equity,Plain,Healthcare Broad; Biotech & Genomics,United States,Biotech & Genomics; Equity; Healthcare Broad; Plain; United States
FHLC,FHLC,Fidelity MSCI Health Care Index ETF,NYSE, ,Y,N,,,ETF,Equity,Plain,Healthcare Broad; Broad Market & Core Indices,United States,Broad Market & Core Indices; Equity; Healthcare Broad; Plain; United States
KURE,KURE,KraneShares MSCI All China Health Care Index ETF,NYSE, ,Y,N,,,ETF,Equity,Plain,Healthcare Broad; Broad Market & Core Indices,China,Broad Market & Core Indices; China; Equity; Healthcare Broad; Plain
RSPH,RSPH,Invesco S&P 500 Equal Weight Health Care ETF,NYSE, ,Y,N,,,ETF,Equity,Factor,Healthcare Broad; Broad Market & Core Indices,United States,Broad Market & Core Indices; Equity; Factor; Healthcare Broad; United States
PTH,PTH,Invesco Dorsey Wright Healthcare Momentum ETF,NASDAQ,G,Y,N,,,ETF,Equity,Factor,Healthcare Broad; Growth & Momentum,United States,Equity; Factor; Growth & Momentum; Healthcare Broad; United States
AIRR,AIRR,First Trust RBA American Industrial Renaissance ETF,NASDAQ,G,Y,N,,,ETF,Equity,Plain,Industrials & Manufacturing,United States,Equity; Industrials & Manufacturing; Plain; United States
DVIN,DVIN,WEBs Industrials XLI Defined Volatility ETF,NASDAQ,G,Y,N,,,ETF,Equity,Plain,Industrials & Manufacturing,United States,Equity; Industrials & Manufacturing; Plain; United States
EXI,EXI,iShares Global Industrials ETF,NYSE, ,Y,N,,,ETF,Equity,Plain,Industrials & Manufacturing,Global,Equity; Global; Industrials & Manufacturing; Plain
FXR,FXR,First Trust Industrials AlphaDEX,NYSE, ,Y,N,,,ETF,Equity,Plain,Industrials & Manufacturing,United States,Equity; Industrials & Manufacturing; Plain; United States
HVAC,HVAC,AdvisorShares HVAC and Industrials ETF,NYSE, ,Y,N,,,ETF,Equity,Plain,Industrials & Manufacturing,United States,Equity; Industrials & Manufacturing; Plain; United States
KMCA,KMCA,PLUS Korea Manufacturing Core Alliance Index ETF,NYSE, ,Y,N,,,ETF,Equity,Plain,Industrials & Manufacturing,South Korea; United States,Equity; Industrials & Manufacturing; Plain; South Korea; United States
MADE,MADE,iShares U.S. Manufacturing ETF,NYSE, ,Y,N,,,ETF,Equity,Plain,Industrials & Manufacturing,United States,Equity; Industrials & Manufacturing; Plain; United States
PSCI,PSCI,Invesco S&P SmallCap Industrials ETF,NASDAQ,G,Y,N,,,ETF,Equity,Plain,Industrials & Manufacturing,United States,Equity; Industrials & Manufacturing; Plain; United States
RSHO,RSHO,Tema U.S. Manufacturing & Reshoring ETF,NYSE, ,Y,N,,,ETF,Equity,Plain,Industrials & Manufacturing,United States,Equity; Industrials & Manufacturing; Plain; United States
SHPP,SHPP,Pacer Industrials and Logistics ETF,NYSE, ,Y,N,,,ETF,Equity,Plain,Industrials & Manufacturing,United States,Equity; Industrials & Manufacturing; Plain; United States
TRUI,TRUI,VanEck Industrials TruSector ETF,NASDAQ,G,Y,N,,,ETF,Equity,Plain,Industrials & Manufacturing,United States,Equity; Industrials & Manufacturing; Plain; United States
VIS,VIS,Vanguard Industrials ETF,NYSE, ,Y,N,,,ETF,Equity,Plain,Industrials & Manufacturing,United States,Equity; Industrials & Manufacturing; Plain; United States
XLI,XLI,State Street Industrial Select Sector SPDR ETF,NYSE, ,Y,N,,,ETF,Equity,Plain,Industrials & Manufacturing,United States,Equity; Industrials & Manufacturing; Plain; United States
DIA,DIA,State Street SPDR Dow Jones Industrial Average ETF Trust,NYSE, ,Y,N,,,ETF,Equity,Plain,Industrials & Manufacturing; Broad Market & Core Indices,United States,Broad Market & Core Indices; Equity; Industrials & Manufacturing; Plain; United States
FIDU,FIDU,Fidelity MSCI Industrials Index ETF,NYSE, ,Y,N,,,ETF,Equity,Plain,Industrials & Manufacturing; Broad Market & Core Indices,United States,Broad Market & Core Indices; Equity; Industrials & Manufacturing; Plain; United States
RSPN,RSPN,Invesco S&P 500 Equal Weight Industrials Portfolio,NYSE, ,Y,N,,,ETF,Equity,Factor,Industrials & Manufacturing; Broad Market & Core Indices,United States,Broad Market & Core Indices; Equity; Factor; Industrials & Manufacturing; United States
DJD,DJD,Invesco Dow Jones Industrial Average Dividend ETF,NYSE, ,Y,N,,,ETF,Equity,Dividend/Income,Industrials & Manufacturing; Broad Market & Core Indices; Dividend & Income,United States,Broad Market & Core Indices; Dividend & Income; Dividend/Income; Equity; Industrials & Manufacturing; United States
IDEF,IDEF,iShares Defense Industrials Active ETF,NASDAQ,G,Y,N,,,ETF,Equity,Active,Industrials & Manufacturing; Defense & Military,United States,Active; Defense & Military; Equity; Industrials & Manufacturing; United States
PRN,PRN,Invesco Dorsey Wright Industrials Momentum ETF,NASDAQ,G,Y,N,,,ETF,Equity,Factor,Industrials & Manufacturing; Growth & Momentum,United States,Equity; Factor; Growth & Momentum; Industrials & Manufacturing; United States
EFRA,EFRA,iShares Environmental Infrastructure and Industrials ETF,NASDAQ,G,Y,N,,,ETF,Equity,Plain,Industrials & Manufacturing; Infrastructure,United States,Equity; Industrials & Manufacturing; Infrastructure; Plain; United States
BILD,BILD,Nomura Global Listed Infrastructure ETF,NYSE, ,Y,N,,,ETF,Equity,Plain,Infrastructure,Global,Equity; Global; Infrastructure; Plain
BLDX,BLDX,Impax Global Sustainable Infrastructure ETF,NYSE, ,Y,N,,,ETF,Equity,ESG/Sustainable,Infrastructure,Global,ESG/Sustainable; Equity; Global; Infrastructure
CSIO,CSIO,Cohen & Steers Infrastructure Opportunities Active ETF,NYSE, ,Y,N,,,ETF,Equity,Active,Infrastructure,United States,Active; Equity; Infrastructure; United States
ELFY,ELFY,ALPS Electrification Infrastructure ETF,NASDAQ,G,Y,N,,,ETF,Equity,Plain,Infrastructure,United States,Equity; Infrastructure; Plain; United States
EMIF,EMIF,iShares Emerging Markets Infrastructure ETF,NASDAQ,G,Y,N,,,ETF,Equity,Plain,Infrastructure,Emerging Markets,Emerging Markets; Equity; Infrastructure; Plain
GII,GII,State Street SPDR S&P Global Infrastructure ETF,NYSE, ,Y,N,,,ETF,Equity,Plain,Infrastructure,Global,Equity; Global; Infrastructure; Plain
GLIX,GLIX,Lazard Listed Infrastructure ETF,NYSE, ,Y,N,,,ETF,Equity,Plain,Infrastructure,United States,Equity; Infrastructure; Plain; United States
HWAY,HWAY,Themes US Infrastructure ETF,NASDAQ,G,Y,N,,,ETF,Equity,Plain,Infrastructure,United States,Equity; Infrastructure; Plain; United States
IGF,IGF,iShares Global Infrastructure ETF,NASDAQ,G,Y,N,,,ETF,Equity,Plain,Infrastructure,Global,Equity; Global; Infrastructure; Plain
NFRA,NFRA,FlexShares STOXX Global Broad Infrastructure Index Fund,NYSE, ,Y,N,,,ETF,Equity,Plain,Infrastructure,Global,Equity; Global; Infrastructure; Plain
NFRX,NFRX,Harrison Street Infrastructure Active ETF,NASDAQ,G,Y,N,,,ETF,Equity,Active,Infrastructure,United States,Active; Equity; Infrastructure; United States
NGIF,NGIF,Nuveen Global Infrastructure Fund: ETF Class Shares,NYSE, ,Y,N,,,ETF,Equity,Plain,Infrastructure,Global,Equity; Global; Infrastructure; Plain
PKB,PKB,Invesco Building & Construction ETF,NYSE, ,Y,N,,,ETF,Equity,Plain,Infrastructure,United States,Equity; Infrastructure; Plain; United States
POWR,POWR,iShares U.S. Power Infrastructure ETF,NYSE, ,Y,N,,,ETF,Equity,Plain,Infrastructure,United States,Equity; Infrastructure; Plain; United States
RBLD,RBLD,First Trust Alerian US NextGen Infrastructure ETF,NYSE, ,Y,N,,,ETF,Equity,Plain,Infrastructure,United States,Equity; Infrastructure; Plain; United States
TPZ,TPZ,Tortoise Electrification Infrastructure ETF,NYSE, ,Y,N,,,ETF,Equity,Plain,Infrastructure,United States,Equity; Infrastructure; Plain; United States
UPGR,UPGR,Xtrackers US Green Infrastructure Select Equity ETF,NASDAQ,G,Y,N,,,ETF,Equity,Plain,Infrastructure,United States,Equity; Infrastructure; Plain; United States
GRID,GRID,First Trust NASDAQ Clean Edge Smart Grid Infrastructure Index Fund,NASDAQ,G,Y,N,,,ETF,Equity,Plain,Infrastructure; Broad Market & Core Indices,United States,Broad Market & Core Indices; Equity; Infrastructure; Plain; United States
RIFR,RIFR,Russell Investments Global Infrastructure ETF,NASDAQ,G,Y,N,,,ETF,Equity,Plain,Infrastructure; Broad Market & Core Indices,Global; United States,Broad Market & Core Indices; Equity; Global; Infrastructure; Plain; United States
IAK,IAK,iShares U.S. Insurance ETF,NYSE, ,Y,N,,,ETF,Equity,Plain,Insurance,United States,Equity; Insurance; Plain; United States
KIE,KIE,State Street SPDR S&P Insurance ETF,NYSE, ,Y,N,,,ETF,Equity,Plain,Insurance,United States,Equity; Insurance; Plain; United States
KBWP,KBWP,Invesco KBW Property & Casualty Insurance ETF,NASDAQ,G,Y,N,,,ETF,Equity,Plain,Insurance; Real Estate & REITs,United States,Equity; Insurance; Plain; Real Estate & REITs; United States
EBIZ,EBIZ,Global X E-commerce ETF,NASDAQ,G,Y,N,,,ETF,Equity,Plain,Internet & E-Commerce,Global,Equity; Global; Internet & E-Commerce; Plain
EMQQ,EMQQ,EMQQ The Emerging Markets Internet ETF,NYSE, ,Y,N,,,ETF,Equity,Plain,Internet & E-Commerce,Emerging Markets,Emerging Markets; Equity; Internet & E-Commerce; Plain
FDN,FDN,First Trust DJ Internet Index Fund,NYSE, ,Y,N,,,ETF,Equity,Plain,Internet & E-Commerce,United States,Equity; Internet & E-Commerce; Plain; United States
FMQQ,FMQQ,FMQQ The Next Frontier Internet ETF,NYSE, ,Y,N,,,ETF,Equity,Plain,Internet & E-Commerce,United States,Equity; Internet & E-Commerce; Plain; United States
INQQ,INQQ,INQQ The India Internet ETF,NYSE, ,Y,N,,,ETF,Equity,Plain,Internet & E-Commerce,India,Equity; India; Internet & E-Commerce; Plain
ISHP,ISHP,First Trust S-Network E-Commerce ETF,NASDAQ,G,Y,N,,,ETF,Equity,Plain,Internet & E-Commerce,United States,Equity; Internet & E-Commerce; Plain; United States
KWEB,KWEB,KraneShares CSI China Internet ETF,NYSE, ,Y,N,,,ETF,Equity,Plain,Internet & E-Commerce,China,China; Equity; Internet & E-Commerce; Plain
OGIG,OGIG,ALPS O'Shares Global Internet Giants ETF,NYSE, ,Y,N,,,ETF,Equity,Plain,Internet & E-Commerce,Global,Equity; Global; Internet & E-Commerce; Plain
SNSR,SNSR,Global X Internet of Things ETF,NASDAQ,G,Y,N,,,ETF,Equity,Plain,Internet & E-Commerce,Global,Equity; Global; Internet & E-Commerce; Plain
FDNI,FDNI,First Trust Dow Jones International Internet ETF,NASDAQ,G,Y,N,,,ETF,Equity,Plain,Internet & E-Commerce; Broad Market & Core Indices,United States,Broad Market & Core Indices; Equity; Internet & E-Commerce; Plain; United States
PNQI,PNQI,Invesco Nasdaq Internet ETF,NASDAQ,G,Y,N,,,ETF,Equity,Plain,Internet & E-Commerce; Broad Market & Core Indices,United States,Broad Market & Core Indices; Equity; Internet & E-Commerce; Plain; United States
IBUY,IBUY,Amplify Online Retail ETF,NYSE, ,Y,N,,,ETF,Equity,Plain,Internet & E-Commerce; Retail,United States,Equity; Internet & E-Commerce; Plain; Retail; United States
DVXB,DVXB,WEBs Materials XLB Defined Volatility ETF,NASDAQ,G,Y,N,,,ETF,Equity,Plain,Materials & Chemicals,United States,Equity; Materials & Chemicals; Plain; United States
EART,EART,Global X Rare Earth & Critical Materials ETF,NASDAQ,G,Y,N,,,ETF,Equity,Plain,Materials & Chemicals,Global,Equity; Global; Materials & Chemicals; Plain
FXZ,FXZ,First Trust Materials AlphaDEX Fund,NYSE, ,Y,N,,,ETF,Equity,Plain,Materials & Chemicals,United States,Equity; Materials & Chemicals; Plain; United States
IYM,IYM,iShares U.S. Basic Materials ETF,NYSE, ,Y,N,,,ETF,Equity,Plain,Materials & Chemicals,United States,Equity; Materials & Chemicals; Plain; United States
MXI,MXI,iShares Global Materials ETF,NYSE, ,Y,N,,,ETF,Equity,Plain,Materials & Chemicals,Global,Equity; Global; Materials & Chemicals; Plain
PSCM,PSCM,Invesco S&P SmallCap Materials ETF,NASDAQ,G,Y,N,,,ETF,Equity,Plain,Materials & Chemicals,United States,Equity; Materials & Chemicals; Plain; United States
SETM,SETM,Sprott Critical Materials ETF,NASDAQ,G,Y,N,,,ETF,Equity,Plain,Materials & Chemicals,United States,Equity; Materials & Chemicals; Plain; United States
VAW,VAW,Vanguard Materials ETF,NYSE, ,Y,N,,,ETF,Equity,Plain,Materials & Chemicals,United States,Equity; Materials & Chemicals; Plain; United States
XLB,XLB,State Street Materials Select Sector SPDR ETF,NYSE, ,Y,N,,,ETF,Equity,Plain,Materials & Chemicals,United States,Equity; Materials & Chemicals; Plain; United States
FMAT,FMAT,Fidelity MSCI Materials Index ETF,NYSE, ,Y,N,,,ETF,Equity,Plain,Materials & Chemicals; Broad Market & Core Indices,United States,Broad Market & Core Indices; Equity; Materials & Chemicals; Plain; United States
RSPM,RSPM,Invesco S&P 500 Equal Weight Materials ETF,NYSE, ,Y,N,,,ETF,Equity,Factor,Materials & Chemicals; Broad Market & Core Indices,United States,Broad Market & Core Indices; Equity; Factor; Materials & Chemicals; United States
PYZ,PYZ,Invesco Dorsey Wright Basic Materials Momentum ETF,NASDAQ,G,Y,N,,,ETF,Equity,Factor,Materials & Chemicals; Growth & Momentum,United States,Equity; Factor; Growth & Momentum; Materials & Chemicals; United States
FIIG,FIIG,First Trust Intermediate Duration Investment Grade Corporate ETF,NYSE, ,Y,N,,,ETF,Equity,Plain,Media & Entertainment,United States,Equity; Media & Entertainment; Plain; United States
GENT,GENT,Genter Capital Taxable Quality Intermediate ETF,NYSE, ,Y,N,,,ETF,Equity,Factor,Media & Entertainment,United States,Equity; Factor; Media & Entertainment; United States
MGOV,MGOV,First Trust Intermediate Government Opportunities ETF,NYSE, ,Y,N,,,ETF,Equity,Plain,Media & Entertainment,United States,Equity; Media & Entertainment; Plain; United States
ODDS,ODDS,Pacer BlueStar Digital Entertainment ETF,NASDAQ,G,Y,N,,,ETF,Equity,Plain,Media & Entertainment,United States,Equity; Media & Entertainment; Plain; United States
SOCL,SOCL,Global X Social Media ETF,NASDAQ,G,Y,N,,,ETF,Equity,Plain,Media & Entertainment,Global,Equity; Global; Media & Entertainment; Plain
TXXI,TXXI,BondBloxx IR+M Tax-Aware Intermediate Duration ETF,NYSE, ,Y,N,,,ETF,Equity,Plain,Media & Entertainment,United States,Equity; Media & Entertainment; Plain; United States
TSSD,TSSD,Truth Social American Security & Defense ETF,NYSE, ,Y,N,,,ETF,Equity,Plain,Memory & Storage; Defense & Military,United States,Defense & Military; Equity; Memory & Storage; Plain; United States
IBAT,IBAT,iShares Energy Storage & Materials ETF,NASDAQ,G,Y,N,,,ETF,Equity,Plain,Memory & Storage; Traditional Energy; Materials & Chemicals,United States,Equity; Materials & Chemicals; Memory & Storage; Plain; Traditional Energy; United States
IHE,IHE,iShares U.S. Pharmaceutical ETF,NYSE, ,Y,N,,,ETF,Equity,Plain,Pharmaceuticals,United States,Equity; Pharmaceuticals; Plain; United States
PJP,PJP,Invesco Pharmaceuticals ETF,NYSE, ,Y,N,,,ETF,Equity,Plain,Pharmaceuticals,United States,Equity; Pharmaceuticals; Plain; United States
PPH,PPH,VanEck Pharmaceutical ETF,NASDAQ,G,Y,N,,,ETF,Equity,Plain,Pharmaceuticals,United States,Equity; Pharmaceuticals; Plain; United States
XPH,XPH,State Street SPDR S&P Pharmaceuticals ETF,NYSE, ,Y,N,,,ETF,Equity,Plain,Pharmaceuticals,United States,Equity; Pharmaceuticals; Plain; United States
FTXH,FTXH,First Trust Nasdaq Pharmaceuticals ETF,NASDAQ,G,Y,N,,,ETF,Equity,Plain,Pharmaceuticals; Broad Market & Core Indices,United States,Broad Market & Core Indices; Equity; Pharmaceuticals; Plain; United States
METL,METL,Sprott Active Metals & Miners ETF,NASDAQ,G,Y,N,,,ETF,Equity,Active,Precious Metals,United States,Active; Equity; Precious Metals; United States
NIKL,NIKL,Sprott Nickel Miners ETF,NASDAQ,G,Y,N,,,ETF,Equity,Plain,Precious Metals,United States,Equity; Plain; Precious Metals; United States
PALL,PALL,abrdn Physical Palladium Shares ETF,NYSE, ,Y,N,,,ETF,Equity,Plain,Precious Metals,United States,Equity; Plain; Precious Metals; United States
PLTM,PLTM,GraniteShares Platinum Shares ETF,NYSE, ,Y,N,,,ETF,Equity,Plain,Precious Metals,United States,Equity; Plain; Precious Metals; United States
PPLT,PPLT,abrdn Physical Platinum Shares ETF,NYSE, ,Y,N,,,ETF,Equity,Plain,Precious Metals,United States,Equity; Plain; Precious Metals; United States
SPPP,SPPP,Sprott Physical Platinum and Palladium Trust,NYSE, ,Y,N,,,ETF,Equity,Plain,Precious Metals,United States,Equity; Plain; Precious Metals; United States
QPUX,QPUX,Defiance 2X Daily Long Pure Quantum ETF,NASDAQ,G,Y,N,,,ETF,Equity,Plain,Quantum Computing,United States,Equity; Plain; Quantum Computing; United States
QTUM,QTUM,Defiance Quantum ETF,NASDAQ,G,Y,N,,,ETF,Equity,Plain,Quantum Computing,United States,Equity; Plain; Quantum Computing; United States
XHB,XHB,State Street SPDR S&P Homebuilders ETF,NYSE, ,Y,N,,,ETF,Equity,Plain,Real Estate & REITs,United States,Equity; Plain; Real Estate & REITs; United States
RKNG,RKNG,Defiance Retail Kings ETF,NASDAQ,G,Y,N,,,ETF,Equity,Plain,Retail,United States,Equity; Plain; Retail; United States
RTH,RTH,VanEck Retail ETF,NASDAQ,G,Y,N,,,ETF,Equity,Plain,Retail,United States,Equity; Plain; Retail; United States
XRT,XRT,State Street SPDR S&P Retail ETF,NYSE, ,Y,N,,,ETF,Equity,Plain,Retail,United States,Equity; Plain; Retail; United States
CHPS,CHPS,Xtrackers Semiconductor Select Equity ETF,NASDAQ,G,Y,N,,,ETF,Equity,Plain,Semiconductor,United States,Equity; Plain; Semiconductor; United States
PSI,PSI,Invesco Semiconductors ETF,NYSE, ,Y,N,,,ETF,Equity,Plain,Semiconductor,United States,Equity; Plain; Semiconductor; United States
SEMY,SEMY,GraniteShares YieldBOOST Semiconductor ETF,NASDAQ,G,Y,N,,,ETF,Equity,Dividend/Income,Semiconductor,United States,Dividend/Income; Equity; Semiconductor; United States
SHOC,SHOC,Strive U.S. Semiconductor ETF,NYSE, ,Y,N,,,ETF,Equity,Plain,Semiconductor,United States,Equity; Plain; Semiconductor; United States
SMH,SMH,VanEck Semiconductor ETF,NASDAQ,G,Y,N,,,ETF,Equity,Plain,Semiconductor,United States,Equity; Plain; Semiconductor; United States
SMHX,SMHX,VanEck Fabless Semiconductor ETF,NASDAQ,G,Y,N,,,ETF,Equity,Plain,Semiconductor,United States,Equity; Plain; Semiconductor; United States
SOXQ,SOXQ,Invesco PHLX Semiconductor ETF,NASDAQ,G,Y,N,,,ETF,Equity,Plain,Semiconductor,United States,Equity; Plain; Semiconductor; United States
SOXX,SOXX,iShares PHLX SOX Semiconductor Sector Index Fund,NASDAQ,G,Y,N,,,ETF,Equity,Plain,Semiconductor,United States,Equity; Plain; Semiconductor; United States
XSD,XSD,State Street SPDR S&P Semiconductor ETF,NYSE, ,Y,N,,,ETF,Equity,Plain,Semiconductor,United States,Equity; Plain; Semiconductor; United States
CHPX,CHPX,Global X AI Semiconductor & Quantum ETF,NASDAQ,G,Y,N,,,ETF,Equity,Plain,Semiconductor; AI & Machine Learning; Quantum Computing,Global,AI & Machine Learning; Equity; Global; Plain; Quantum Computing; Semiconductor
FTXL,FTXL,First Trust Nasdaq Semiconductor ETF,NASDAQ,G,Y,N,,,ETF,Equity,Plain,Semiconductor; Broad Market & Core Indices,United States,Broad Market & Core Indices; Equity; Plain; Semiconductor; United States
GCAD,GCAD,Gabelli Commercial Aerospace and Defense ETF,NYSE, ,Y,N,,,ETF,Equity,Plain,Space & Aerospace; Defense & Military,United States,Defense & Military; Equity; Plain; Space & Aerospace; United States
MISL,MISL,First Trust Indxx Aerospace & Defense ETF,NYSE, ,Y,N,,,ETF,Equity,Plain,Space & Aerospace; Defense & Military,United States,Defense & Military; Equity; Plain; Space & Aerospace; United States
PPA,PPA,Invesco Aerospace & Defense ETF,NYSE, ,Y,N,,,ETF,Equity,Plain,Space & Aerospace; Defense & Military,United States,Defense & Military; Equity; Plain; Space & Aerospace; United States
WAR,WAR,U.S. Global Technology and Aerospace & Defense ETF,NYSE, ,Y,N,,,ETF,Equity,Plain,Space & Aerospace; Defense & Military,Global; United States,Defense & Military; Equity; Global; Plain; Space & Aerospace; United States
XAR,XAR,State Street SPDR S&P Aerospace & Defense ETF,NYSE, ,Y,N,,,ETF,Equity,Plain,Space & Aerospace; Defense & Military,United States,Defense & Military; Equity; Plain; Space & Aerospace; United States
CSEN,CSEN,Cohen & Steers Future of Energy Active ETF,NASDAQ,G,Y,N,,,ETF,Equity,Active,Traditional Energy,United States,Active; Equity; Traditional Energy; United States
DBE,DBE,Invesco DB Energy Fund,NYSE, ,Y,N,,,ETF,Equity,Plain,Traditional Energy,United States,Equity; Plain; Traditional Energy; United States
DRLL,DRLL,Strive U.S. Energy ETF,NYSE, ,Y,N,,,ETF,Equity,Plain,Traditional Energy,United States,Equity; Plain; Traditional Energy; United States
DVXE,DVXE,WEBs Energy XLE Defined Volatility ETF,NASDAQ,G,Y,N,,,ETF,Equity,Plain,Traditional Energy,United States,Equity; Plain; Traditional Energy; United States
FXN,FXN,First Trust Energy AlphaDEX Fund,NYSE, ,Y,N,,,ETF,Equity,Plain,Traditional Energy,United States,Equity; Plain; Traditional Energy; United States
IXC,IXC,iShares Global Energy ETF,NYSE, ,Y,N,,,ETF,Equity,Plain,Traditional Energy,Global,Equity; Global; Plain; Traditional Energy
IYE,IYE,iShares U.S. Energy ETF,NYSE, ,Y,N,,,ETF,Equity,Plain,Traditional Energy,United States,Equity; Plain; Traditional Energy; United States
PSCE,PSCE,Invesco S&P SmallCap Energy ETF,NASDAQ,G,Y,N,,,ETF,Equity,Plain,Traditional Energy,United States,Equity; Plain; Traditional Energy; United States
PWER,PWER,Nomura Energy Transition ETF,NYSE, ,Y,N,,,ETF,Equity,Plain,Traditional Energy,United States,Equity; Plain; Traditional Energy; United States
PXE,PXE,Invesco Energy Exploration & Production ETF,NYSE, ,Y,N,,,ETF,Equity,Plain,Traditional Energy,United States,Equity; Plain; Traditional Energy; United States
SAGP,SAGP,Strategas Global Policy Opportunities ETF,NYSE, ,Y,N,,,ETF,Equity,Plain,Traditional Energy,Global,Equity; Global; Plain; Traditional Energy
SAMT,SAMT,Strategas Macro Thematic Opportunities ETF,NYSE, ,Y,N,,,ETF,Equity,Plain,Traditional Energy,United States,Equity; Plain; Traditional Energy; United States
SMOG,SMOG,VanEck Low Carbon Energy ETF,NYSE, ,Y,N,,,ETF,Equity,Plain,Traditional Energy,United States,Equity; Plain; Traditional Energy; United States
SOLR,SOLR,Guinness Atkinson Sustainable Energy ETF,NYSE, ,Y,N,,,ETF,Equity,ESG/Sustainable,Traditional Energy,United States,ESG/Sustainable; Equity; Traditional Energy; United States
TNGY,TNGY,Tortoise Energy ETF,NYSE, ,Y,N,,,ETF,Equity,Plain,Traditional Energy,United States,Equity; Plain; Traditional Energy; United States
TSES,TSES,Truth Social American Energy Security ETF,NYSE, ,Y,N,,,ETF,Equity,Plain,Traditional Energy,United States,Equity; Plain; Traditional Energy; United States
UGA,UGA,United States Gasoline Fund LP,NYSE, ,Y,N,,,ETF,Equity,Plain,Traditional Energy,United States,Equity; Plain; Traditional Energy; United States
VDE,VDE,Vanguard Energy ETF,NYSE, ,Y,N,,,ETF,Equity,Plain,Traditional Energy,United States,Equity; Plain; Traditional Energy; United States
XLE,XLE,State Street Energy Select Sector SPDR ETF,NYSE, ,Y,N,,,ETF,Equity,Plain,Traditional Energy,United States,Equity; Plain; Traditional Energy; United States
XSPC,XSPC,VegaShares SpaceX & Beyond Earth ETF,NASDAQ,G,Y,N,,,ETF,Equity,Plain,Traditional Energy,United States,Equity; Plain; Traditional Energy; United States
EEMX,EEMX,State Street SPDR MSCI Emerging Markets Fossil Fuel Reserves Free ETF,NYSE, ,Y,N,,,ETF,Equity,Plain,Traditional Energy; Broad Market & Core Indices,Emerging Markets,Broad Market & Core Indices; Emerging Markets; Equity; Plain; Traditional Energy
EFAX,EFAX,State Street SPDR MSCI EAFE Fossil Fuel Reserves Free ETF,NYSE, ,Y,N,,,ETF,Equity,Plain,Traditional Energy; Broad Market & Core Indices,Developed ex-US,Broad Market & Core Indices; Developed ex-US; Equity; Plain; Traditional Energy
FENY,FENY,Fidelity MSCI Energy Index ETF,NYSE, ,Y,N,,,ETF,Equity,Plain,Traditional Energy; Broad Market & Core Indices,United States,Broad Market & Core Indices; Equity; Plain; Traditional Energy; United States
GXPE,GXPE,Global X PureCap MSCI Energy ETF,NYSE, ,Y,N,,,ETF,Equity,Plain,Traditional Energy; Broad Market & Core Indices,Global,Broad Market & Core Indices; Equity; Global; Plain; Traditional Energy
RSPG,RSPG,Invesco S&P 500 Equal Weight Energy ETF,NYSE, ,Y,N,,,ETF,Equity,Factor,Traditional Energy; Broad Market & Core Indices,United States,Broad Market & Core Indices; Equity; Factor; Traditional Energy; United States
SPYX,SPYX,State Street SPDR S&P 500 Fossil Fuel Reserves Free ETF,NYSE, ,Y,N,,,ETF,Equity,Plain,Traditional Energy; Broad Market & Core Indices,United States,Broad Market & Core Indices; Equity; Plain; Traditional Energy; United States
ACES,ACES,ALPS Clean Energy ETF,NYSE, ,Y,N,,,ETF,Equity,Plain,Traditional Energy; Clean Energy,United States,Clean Energy; Equity; Plain; Traditional Energy; United States
FAN,FAN,First Trust Global Wind Energy ETF,NYSE, ,Y,N,,,ETF,Equity,Plain,Traditional Energy; Clean Energy,Global,Clean Energy; Equity; Global; Plain; Traditional Energy
ICLN,ICLN,iShares Global Clean Energy ETF,NASDAQ,G,Y,N,,,ETF,Equity,Plain,Traditional Energy; Clean Energy,Global,Clean Energy; Equity; Global; Plain; Traditional Energy
PBD,PBD,Invesco Global Clean Energy ETF,NYSE, ,Y,N,,,ETF,Equity,Plain,Traditional Energy; Clean Energy,Global,Clean Energy; Equity; Global; Plain; Traditional Energy
PBW,PBW,Invesco WilderHill Clean Energy ETF,NYSE, ,Y,N,,,ETF,Equity,Plain,Traditional Energy; Clean Energy,United States,Clean Energy; Equity; Plain; Traditional Energy; United States
RNRG,RNRG,Global X Renewable Energy Producers ETF,NASDAQ,G,Y,N,,,ETF,Equity,Plain,Traditional Energy; Clean Energy,Global,Clean Energy; Equity; Global; Plain; Traditional Energy
VCLN,VCLN,Virtus Duff & Phelps Clean Energy ETF,NYSE, ,Y,N,,,ETF,Equity,Plain,Traditional Energy; Clean Energy,United States,Clean Energy; Equity; Plain; Traditional Energy; United States
QCLN,QCLN,First Trust NASDAQ Clean Edge Green Energy Index Fund,NASDAQ,G,Y,N,,,ETF,Equity,Plain,Traditional Energy; Clean Energy; Broad Market & Core Indices,United States,Broad Market & Core Indices; Clean Energy; Equity; Plain; Traditional Energy; United States
NDIV,NDIV,Amplify Energy & Natural Resources Covered Call ETF,NYSE, ,Y,N,,,ETF,Equity,Covered Call,Traditional Energy; Dividend & Income,United States,Covered Call; Dividend & Income; Equity; Traditional Energy; United States
PXI,PXI,Invesco Dorsey Wright Energy Momentum ETF,NASDAQ,G,Y,N,,,ETF,Equity,Factor,Traditional Energy; Growth & Momentum,United States,Equity; Factor; Growth & Momentum; Traditional Energy; United States
SAMM,SAMM,Strategas Macro Momentum ETF,NYSE, ,Y,N,,,ETF,Equity,Factor,Traditional Energy; Growth & Momentum,United States,Equity; Factor; Growth & Momentum; Traditional Energy; United States
EMLP,EMLP,First Trust North American Energy Infrastructure Fund,NYSE, ,Y,N,,,ETF,Equity,Plain,Traditional Energy; Infrastructure,United States,Equity; Infrastructure; Plain; Traditional Energy; United States
ENFR,ENFR,Alerian Energy Infrastructure ETF,NYSE, ,Y,N,,,ETF,Equity,Plain,Traditional Energy; Infrastructure,United States,Equity; Infrastructure; Plain; Traditional Energy; United States
KNRG,KNRG,Simplify Kayne Anderson Energy and Infrastructure Credit ETF,NYSE, ,Y,N,,,ETF,Equity,Plain,Traditional Energy; Infrastructure,United States,Equity; Infrastructure; Plain; Traditional Energy; United States
MLPX,MLPX,Global X MLP & Energy Infrastructure ETF,NYSE, ,Y,N,,,ETF,Equity,Plain,Traditional Energy; Infrastructure,Global,Equity; Global; Infrastructure; Plain; Traditional Energy
NBET,NBET,Neuberger Energy Transition & Infrastructure ETF,NYSE, ,Y,N,,,ETF,Equity,Plain,Traditional Energy; Infrastructure,United States,Equity; Infrastructure; Plain; Traditional Energy; United States
USAI,USAI,Pacer American Energy Infrastructure ETF,NYSE, ,Y,N,,,ETF,Equity,Plain,Traditional Energy; Infrastructure,United States,Equity; Infrastructure; Plain; Traditional Energy; United States
MLPD,MLPD,Global X MLP & Energy Infrastructure Covered Call ETF,NYSE, ,Y,N,,,ETF,Equity,Covered Call,Traditional Energy; Infrastructure; Dividend & Income,Global,Covered Call; Dividend & Income; Equity; Global; Infrastructure; Traditional Energy
NVIR,NVIR,Horizon Kinetics Energy and Remediation ETF,NYSE, ,Y,N,,,ETF,Equity,Plain,Traditional Energy; Media & Entertainment,United States,Equity; Media & Entertainment; Plain; Traditional Energy; United States
AWAY,AWAY,Amplify Travel Tech ETF,NYSE, ,Y,N,,,ETF,Equity,Plain,Travel & Hospitality,United States,Equity; Plain; Travel & Hospitality; United States
BEDZ,BEDZ,AdvisorShares Hotel ETF,NYSE, ,Y,N,,,ETF,Equity,Plain,Travel & Hospitality,United States,Equity; Plain; Travel & Hospitality; United States
PEJ,PEJ,Invesco Leisure and Entertainment ETF,NYSE, ,Y,N,,,ETF,Equity,Plain,Travel & Hospitality; Media & Entertainment,United States,Equity; Media & Entertainment; Plain; Travel & Hospitality; United States
NUKZ,NUKZ,Range Nuclear Renaissance Index ETF,NYSE, ,Y,N,,,ETF,Equity,Plain,Uranium & Nuclear,United States,Equity; Plain; United States; Uranium & Nuclear
RCTR,RCTR,First Trust Bloomberg Nuclear Power ETF,NYSE, ,Y,N,,,ETF,Equity,Plain,Uranium & Nuclear,United States,Equity; Plain; United States; Uranium & Nuclear
SMRF,SMRF,"ALPS Nautilus SMR, Nuclear & Technology ETF",NYSE, ,Y,N,,,ETF,Equity,Plain,Uranium & Nuclear,United States,Equity; Plain; United States; Uranium & Nuclear
TNUK,TNUK,Tortoise Nuclear Renaissance ETF,NYSE, ,Y,N,,,ETF,Equity,Plain,Uranium & Nuclear,United States,Equity; Plain; United States; Uranium & Nuclear
DVUT,DVUT,WEBs Utilities XLU Defined Volatility ETF,NASDAQ,G,Y,N,,,ETF,Equity,Plain,Utilities,United States,Equity; Plain; United States; Utilities
FXU,FXU,First Trust Utilities AlphaDEX Fund,NYSE, ,Y,N,,,ETF,Equity,Plain,Utilities,United States,Equity; Plain; United States; Utilities
IDU,IDU,iShares U.S. Utilities ETF,NYSE, ,Y,N,,,ETF,Equity,Plain,Utilities,United States,Equity; Plain; United States; Utilities
JXI,JXI,iShares Global Utilities ETF,NYSE, ,Y,N,,,ETF,Equity,Plain,Utilities,Global,Equity; Global; Plain; Utilities
PSCU,PSCU,Invesco S&P SmallCap Utilities & Communication Services ETF,NASDAQ,G,Y,N,,,ETF,Equity,Plain,Utilities,United States,Equity; Plain; United States; Utilities
UTES,UTES,Virtus Reaves Utilities ETF,NYSE, ,Y,N,,,ETF,Equity,Plain,Utilities,United States,Equity; Plain; United States; Utilities
VPU,VPU,Vanguard Utilities ETF,NYSE, ,Y,N,,,ETF,Equity,Plain,Utilities,United States,Equity; Plain; United States; Utilities
XLU,XLU,State Street Utilities Select Sector SPDR ETF,NYSE, ,Y,N,,,ETF,Equity,Plain,Utilities,United States,Equity; Plain; United States; Utilities
FUTY,FUTY,Fidelity MSCI Utilities Index ETF,NYSE, ,Y,N,,,ETF,Equity,Plain,Utilities; Broad Market & Core Indices,United States,Broad Market & Core Indices; Equity; Plain; United States; Utilities
RSPU,RSPU,Invesco S&P 500 Equal Weight Utilities ETF,NYSE, ,Y,N,,,ETF,Equity,Factor,Utilities; Broad Market & Core Indices,United States,Broad Market & Core Indices; Equity; Factor; United States; Utilities
PUI,PUI,Invesco Dorsey Wright Utilities Momentum ETF,NASDAQ,G,Y,N,,,ETF,Equity,Factor,Utilities; Growth & Momentum,United States,Equity; Factor; Growth & Momentum; United States; Utilities
ABEQ,ABEQ,Absolute Select Value ETF,NYSE, ,Y,N,,,ETF,Equity,Factor,Value & Quality,United States,Equity; Factor; United States; Value & Quality
ACVF,ACVF,American Conservative Values ETF,NYSE, ,Y,N,,,ETF,Equity,Factor,Value & Quality,United States,Equity; Factor; United States; Value & Quality
ASLV,ASLV,Allspring Special Large Value ETF,NYSE, ,Y,N,,,ETF,Equity,Factor,Value & Quality,United States,Equity; Factor; United States; Value & Quality
AVES,AVES,Avantis Emerging Markets Value ETF,NYSE, ,Y,N,,,ETF,Equity,Factor,Value & Quality,Emerging Markets,Emerging Markets; Equity; Factor; Value & Quality
AVGV,AVGV,Avantis All Equity Markets Value ETF,NYSE, ,Y,N,,,ETF,Equity,Factor,Value & Quality,United States,Equity; Factor; United States; Value & Quality
AVNV,AVNV,Avantis All International Markets Value ETF,NYSE, ,Y,N,,,ETF,Equity,Factor,Value & Quality,United States,Equity; Factor; United States; Value & Quality
BAIV,BAIV,Brown Advisory International Value Select ETF,NASDAQ,G,Y,N,,,ETF,Equity,Factor,Value & Quality,United States,Equity; Factor; United States; Value & Quality
BASV,BASV,Brown Advisory Sustainable Value ETF,NASDAQ,G,Y,N,,,ETF,Equity,ESG/Sustainable; Factor,Value & Quality,United States,ESG/Sustainable; Equity; Factor; United States; Value & Quality
BKDV,BKDV,BNY Mellon Dynamic Value ETF,NYSE, ,Y,N,,,ETF,Equity,Factor,Value & Quality,United States,Equity; Factor; United States; Value & Quality
BSVO,BSVO,EA Bridgeway Omni Small-Cap Value ETF,NASDAQ,G,Y,N,,,ETF,Equity,Factor,Value & Quality,United States,Equity; Factor; United States; Value & Quality
CAMX,CAMX,Cambiar Aggressive Value ETF,NYSE, ,Y,N,,,ETF,Equity,Factor,Value & Quality,United States,Equity; Factor; United States; Value & Quality
CEFA,CEFA,Global X S&P Catholic Values Developed ex-U.S. ETF,NASDAQ,G,Y,N,,,ETF,Equity,Factor,Value & Quality,Developed ex-US; Global; United States,Developed ex-US; Equity; Factor; Global; United States; Value & Quality
CGV,CGV,Conductor Global Equity Value ETF,NYSE, ,Y,N,,,ETF,Equity,Factor,Value & Quality,Global,Equity; Factor; Global; Value & Quality
CGVV,CGVV,Capital Group U.S. Large Value ETF,NYSE, ,Y,N,,,ETF,Equity,Factor,Value & Quality,United States,Equity; Factor; United States; Value & Quality
COPY,COPY,"Tweedy, Browne Insider + Value ETF",NYSE, ,Y,N,,,ETF,Equity,Factor,Value & Quality,United States,Equity; Factor; United States; Value & Quality
DEEP,DEEP,Acquirers Small and Micro Deep Value ETF,NYSE, ,Y,N,,,ETF,Equity,Factor,Value & Quality,United States,Equity; Factor; United States; Value & Quality
DFAT,DFAT,Dimensional U.S. Targeted Value ETF,NYSE, ,Y,N,,,ETF,Equity,Factor,Value & Quality,United States,Equity; Factor; United States; Value & Quality
DFEV,DFEV,Dimensional Emerging Markets Value ETF,NYSE, ,Y,N,,,ETF,Equity,Factor,Value & Quality,Emerging Markets,Emerging Markets; Equity; Factor; Value & Quality
DFIV,DFIV,Dimensional International Value ETF,NYSE, ,Y,N,,,ETF,Equity,Factor,Value & Quality,United States,Equity; Factor; United States; Value & Quality
DFUV,DFUV,Dimensional US Marketwide Value ETF,NYSE, ,Y,N,,,ETF,Equity,Factor,Value & Quality,United States,Equity; Factor; United States; Value & Quality
DSTL,DSTL,Distillate U.S. Fundamental Stability & Value ETF,NYSE, ,Y,N,,,ETF,Equity,Factor,Value & Quality,United States,Equity; Factor; United States; Value & Quality
DSTX,DSTX,Distillate International Fundamental Stability & Value ETF,NYSE, ,Y,N,,,ETF,Equity,Factor,Value & Quality,United States,Equity; Factor; United States; Value & Quality
DTAN,DTAN,Sparkline International Intangible Value ETF,NYSE, ,Y,N,,,ETF,Equity,Factor,Value & Quality,United States,Equity; Factor; United States; Value & Quality
ECML,ECML,Euclidean Fundamental Value ETF,NYSE, ,Y,N,,,ETF,Equity,Factor,Value & Quality,United States,Equity; Factor; United States; Value & Quality
EELV,EELV,Invesco S&P Emerging Markets Low Volatility ETF,NYSE, ,Y,N,,,ETF,Equity,Factor,Value & Quality,Emerging Markets,Emerging Markets; Equity; Factor; Value & Quality
FAB,FAB,First Trust Multi Cap Value AlphaDEX Fund,NASDAQ,G,Y,N,,,ETF,Equity,Factor,Value & Quality,United States,Equity; Factor; United States; Value & Quality
FDLO,FDLO,Fidelity Low Volatility Factor ETF,NYSE, ,Y,N,,,ETF,Equity,Factor,Value & Quality,United States,Equity; Factor; United States; Value & Quality
FIVA,FIVA,Fidelity International Value Factor ETF,NYSE, ,Y,N,,,ETF,Equity,Factor,Value & Quality,United States,Equity; Factor; United States; Value & Quality
FQAL,FQAL,Fidelity Quality Factor ETF,NYSE, ,Y,N,,,ETF,Equity,Factor,Value & Quality,United States,Equity; Factor; United States; Value & Quality
FVAL,FVAL,Fidelity Value Factor ETF,NYSE, ,Y,N,,,ETF,Equity,Factor,Value & Quality,United States,Equity; Factor; United States; Value & Quality
GMOI,GMOI,GMO International Value ETF,NYSE, ,Y,N,,,ETF,Equity,Factor,Value & Quality,United States,Equity; Factor; United States; Value & Quality
GMOV,GMOV,GMO US Value ETF,NYSE, ,Y,N,,,ETF,Equity,Factor,Value & Quality,United States,Equity; Factor; United States; Value & Quality
GVLE,GVLE,Goldman Sachs Value Opportunities ETF,NASDAQ,G,Y,N,,,ETF,Equity,Factor,Value & Quality,United States,Equity; Factor; United States; Value & Quality
GVLU,GVLU,Gotham 1000 Value ETF,NYSE, ,Y,N,,,ETF,Equity,Factor,Value & Quality,United States,Equity; Factor; United States; Value & Quality
ICPY,ICPY,"Tweedy, Browne International Insider + Value ETF",NYSE, ,Y,N,,,ETF,Equity,Factor,Value & Quality,United States,Equity; Factor; United States; Value & Quality
IDLV,IDLV,Invesco S&P International Developed Low Volatility ETF,NYSE, ,Y,N,,,ETF,Equity,Factor,Value & Quality,Developed ex-US,Developed ex-US; Equity; Factor; Value & Quality
IJJ,IJJ,iShares S&P Mid-Cap 400 Value ETF,NYSE, ,Y,N,,,ETF,Equity,Factor,Value & Quality,United States,Equity; Factor; United States; Value & Quality
IJS,IJS,iShares S&P SmallCap 600 Value ETF,NYSE, ,Y,N,,,ETF,Equity,Factor,Value & Quality,United States,Equity; Factor; United States; Value & Quality
ILCV,ILCV,iShares Morningstar Large-Cap  Value ETF,NYSE, ,Y,N,,,ETF,Equity,Factor,Value & Quality,United States,Equity; Factor; United States; Value & Quality
ILOW,ILOW,AB International Low Volatility Equity ETF,NYSE, ,Y,N,,,ETF,Equity,Factor,Value & Quality,United States,Equity; Factor; United States; Value & Quality
IMCV,IMCV,iShares Morningstar Mid-Cap Value ETF,NASDAQ,G,Y,N,,,ETF,Equity,Factor,Value & Quality,United States,Equity; Factor; United States; Value & Quality
ISCV,ISCV,iShares Morningstar Small-Cap Value ETF,NYSE, ,Y,N,,,ETF,Equity,Factor,Value & Quality,United States,Equity; Factor; United States; Value & Quality
ITAN,ITAN,Sparkline Intangible Value ETF,NYSE, ,Y,N,,,ETF,Equity,Factor,Value & Quality,United States,Equity; Factor; United States; Value & Quality
IUSV,IUSV,iShares Core S&P U.S. Value ETF,NASDAQ,G,Y,N,,,ETF,Equity,Factor,Value & Quality,United States,Equity; Factor; United States; Value & Quality
IVAL,IVAL,Alpha Architect International Quantitative Value ETF,NASDAQ,G,Y,N,,,ETF,Equity,Factor,Value & Quality,United States,Equity; Factor; United States; Value & Quality
IVOV,IVOV,Vanguard S&P Mid-Cap 400 Value ETF,NYSE, ,Y,N,,,ETF,Equity,Factor,Value & Quality,United States,Equity; Factor; United States; Value & Quality
JAVA,JAVA,JPMorgan Active Value ETF,NYSE, ,Y,N,,,ETF,Equity,Active; Factor,Value & Quality,United States,Active; Equity; Factor; United States; Value & Quality
JDVI,JDVI,John Hancock Disciplined Value International Select ETF,NYSE, ,Y,N,,,ETF,Equity,Factor,Value & Quality,United States,Equity; Factor; United States; Value & Quality
JDVL,JDVL,John Hancock Disciplined Value Select ETF,NYSE, ,Y,N,,,ETF,Equity,Factor,Value & Quality,United States,Equity; Factor; United States; Value & Quality
JIVE,JIVE,JPMorgan International Value ETF,NASDAQ,G,Y,N,,,ETF,Equity,Factor,Value & Quality,United States,Equity; Factor; United States; Value & Quality
JQUA,JQUA,JPMorgan U.S. Quality Factor ETF,NYSE, ,Y,N,,,ETF,Equity,Factor,Value & Quality,United States,Equity; Factor; United States; Value & Quality
JVAL,JVAL,JPMorgan U.S. Value Factor ETF,NYSE, ,Y,N,,,ETF,Equity,Factor,Value & Quality,United States,Equity; Factor; United States; Value & Quality
LOWV,LOWV,AB US Low Volatility Equity ETF,NYSE, ,Y,N,,,ETF,Equity,Factor,Value & Quality,United States,Equity; Factor; United States; Value & Quality
LSVD,LSVD,LSV Disciplined Value ETF,NYSE, ,Y,N,,,ETF,Equity,Factor,Value & Quality,United States,Equity; Factor; United States; Value & Quality
LVDS,LVDS,JPMorgan Fundamental Data Science Large Value ETF,NASDAQ,G,Y,N,,,ETF,Equity,Factor,Value & Quality,United States,Equity; Factor; United States; Value & Quality
MAVF,MAVF,Matrix Advisors Value ETF,NYSE, ,Y,N,,,ETF,Equity,Factor,Value & Quality,United States,Equity; Factor; United States; Value & Quality
MFSV,MFSV,MFS Active Value ETF,NYSE, ,Y,N,,,ETF,Equity,Active; Factor,Value & Quality,United States,Active; Equity; Factor; United States; Value & Quality
MFVL,MFVL,Motley Fool Value Factor ETF,NASDAQ,G,Y,N,,,ETF,Equity,Factor,Value & Quality,United States,Equity; Factor; United States; Value & Quality
MGV,MGV,Vanguard Mega Cap Value ETF,NYSE, ,Y,N,,,ETF,Equity,Factor,Value & Quality,United States,Equity; Factor; United States; Value & Quality
MIVL,MIVL,MFS Active International Value ETF,NYSE, ,Y,N,,,ETF,Equity,Active; Factor,Value & Quality,United States,Active; Equity; Factor; United States; Value & Quality
MVPA,MVPA,Miller Value Partners Appreciation ETF,NYSE, ,Y,N,,,ETF,Equity,Factor,Value & Quality,United States,Equity; Factor; United States; Value & Quality
PJFV,PJFV,PGIM Jennison Focused Value ETF,NYSE, ,Y,N,,,ETF,Equity,Factor,Value & Quality,United States,Equity; Factor; United States; Value & Quality
PRVS,PRVS,Parnassus Value Select ETF,NYSE, ,Y,N,,,ETF,Equity,Factor,Value & Quality,United States,Equity; Factor; United States; Value & Quality
PY,PY,Principal Value ETF,NASDAQ,G,Y,N,,,ETF,Equity,Factor,Value & Quality,United States,Equity; Factor; United States; Value & Quality
PZIV,PZIV,Pzena International Value ETF,NYSE, ,Y,N,,,ETF,Equity,Factor,Value & Quality,United States,Equity; Factor; United States; Value & Quality
QLV,QLV,FlexShares US Quality Low Volatility Index Fund,NYSE, ,Y,N,,,ETF,Equity,Factor,Value & Quality,United States,Equity; Factor; United States; Value & Quality
QLVD,QLVD,FlexShares Developed Markets ex-US Quality Low Volatility Index Fund,NYSE, ,Y,N,,,ETF,Equity,Factor,Value & Quality,Developed ex-US; United States,Developed ex-US; Equity; Factor; United States; Value & Quality
QLVE,QLVE,FlexShares Emerging Markets  Quality Low Volatility Index Fund,NYSE, ,Y,N,,,ETF,Equity,Factor,Value & Quality,Emerging Markets,Emerging Markets; Equity; Factor; Value & Quality
QQLV,QQLV,Invesco QQQ Low Volatility ETF,NASDAQ,G,Y,N,,,ETF,Equity,Factor,Value & Quality,United States,Equity; Factor; United States; Value & Quality
QVAL,QVAL,Alpha Architect U.S. Quantitative Value ETF,NASDAQ,G,Y,N,,,ETF,Equity,Factor,Value & Quality,United States,Equity; Factor; United States; Value & Quality
REVS,REVS,Columbia Research Enhanced Value ETF,NYSE, ,Y,N,,,ETF,Equity,Factor,Value & Quality,United States,Equity; Factor; United States; Value & Quality
RFV,RFV,Invesco S&P MidCap 400 Pure Value ETF,NYSE, ,Y,N,,,ETF,Equity,Factor,Value & Quality,United States,Equity; Factor; United States; Value & Quality
RZV,RZV,Invesco S&P SmallCap 600 Pure Value ETF,NYSE, ,Y,N,,,ETF,Equity,Factor,Value & Quality,United States,Equity; Factor; United States; Value & Quality
SASS,SASS,M.D. Sass Concentrated Value ETF,NYSE, ,Y,N,,,ETF,Equity,Factor,Value & Quality,United States,Equity; Factor; United States; Value & Quality
SCHV,SCHV,Schwab U.S. Large-Cap Value ETF,NYSE, ,Y,N,,,ETF,Equity,Factor,Value & Quality,United States,Equity; Factor; United States; Value & Quality
SFGV,SFGV,Sequoia Global Value ETF,NYSE, ,Y,N,,,ETF,Equity,Factor,Value & Quality,Global,Equity; Factor; Global; Value & Quality
SQLV,SQLV,Royce Quant Small-Cap Quality Value ETF,NASDAQ,G,Y,N,,,ETF,Equity,Factor,Value & Quality,United States,Equity; Factor; United States; Value & Quality
STXV,STXV,Strive 1000 Value ETF,NYSE, ,Y,N,,,ETF,Equity,Factor,Value & Quality,United States,Equity; Factor; United States; Value & Quality
TALV,TALV,Transamerica Large Value Active ETF,NYSE, ,Y,N,,,ETF,Equity,Active; Factor,Value & Quality,United States,Active; Equity; Factor; United States; Value & Quality
TCV,TCV,Towle Value ETF,NYSE, ,Y,N,,,ETF,Equity,Factor,Value & Quality,United States,Equity; Factor; United States; Value & Quality
TGLR,TGLR,Wedbush LAFFER TENGLER New Era Value ETF,NYSE, ,Y,N,,,ETF,Equity,Factor,Value & Quality,United States,Equity; Factor; United States; Value & Quality
THLV,THLV,THOR Equal Weight Low Volatility ETF,NYSE, ,Y,N,,,ETF,Equity,Factor,Value & Quality,United States,Equity; Factor; United States; Value & Quality
TIIV,TIIV,AAM Todd International Intrinsic Value ETF,NYSE, ,Y,N,,,ETF,Equity,Factor,Value & Quality,United States,Equity; Factor; United States; Value & Quality
TVAL,TVAL,T. Rowe Price Value ETF,NYSE, ,Y,N,,,ETF,Equity,Factor,Value & Quality,United States,Equity; Factor; United States; Value & Quality
USMD,USMD,CoreValues America First Technology ETF,NYSE, ,Y,N,,,ETF,Equity,Factor,Value & Quality,United States,Equity; Factor; United States; Value & Quality
VALQ,VALQ,American Century U.S. Quality Value ETF,NYSE, ,Y,N,,,ETF,Equity,Factor,Value & Quality,United States,Equity; Factor; United States; Value & Quality
VBR,VBR,Vanguard Small-Cap Value ETF,NYSE, ,Y,N,,,ETF,Equity,Factor,Value & Quality,United States,Equity; Factor; United States; Value & Quality
VIOV,VIOV,Vanguard S&P Small-Cap 600 Value ETF,NYSE, ,Y,N,,,ETF,Equity,Factor,Value & Quality,United States,Equity; Factor; United States; Value & Quality
VLU,VLU,State Street SPDR S&P 1500 Value Tilt ETF,NYSE, ,Y,N,,,ETF,Equity,Factor,Value & Quality,United States,Equity; Factor; United States; Value & Quality
VOE,VOE,Vanguard Mid-Cap Value ETF,NYSE, ,Y,N,,,ETF,Equity,Factor,Value & Quality,United States,Equity; Factor; United States; Value & Quality
VSMV,VSMV,VictoryShares US Multi-Factor Minimum Volatility ETF,NASDAQ,G,Y,N,,,ETF,Equity,Plain,Value & Quality,United States,Equity; Plain; United States; Value & Quality
VTV,VTV,Vanguard Value ETF,NYSE, ,Y,N,,,ETF,Equity,Factor,Value & Quality,United States,Equity; Factor; United States; Value & Quality
WTV,WTV,WisdomTree U.S. Value Fund,NYSE, ,Y,N,,,ETF,Equity,Factor,Value & Quality,United States,Equity; Factor; United States; Value & Quality
XMLV,XMLV,Invesco S&P MidCap Low Volatility ETF,NYSE, ,Y,N,,,ETF,Equity,Factor,Value & Quality,United States,Equity; Factor; United States; Value & Quality
XSLV,XSLV,Invesco S&P SmallCap Low Volatility ETF,NYSE, ,Y,N,,,ETF,Equity,Factor,Value & Quality,United States,Equity; Factor; United States; Value & Quality
ALLW,ALLW,State Street Bridgewater All Weather ETF,NASDAQ,G,Y,N,,,ETF,Equity,Plain,Water & Environment,United States,Equity; Plain; United States; Water & Environment
AQWA,AQWA,Global X Clean Water ETF,NASDAQ,G,Y,N,,,ETF,Equity,Plain,Water & Environment,Global,Equity; Global; Plain; Water & Environment
CGW,CGW,Invesco S&P Global Water Index ETF,NYSE, ,Y,N,,,ETF,Equity,Plain,Water & Environment,Global,Equity; Global; Plain; Water & Environment
FIW,FIW,First Trust Water ETF,NYSE, ,Y,N,,,ETF,Equity,Plain,Water & Environment,United States,Equity; Plain; United States; Water & Environment
LOUP,LOUP,Innovator Deepwater Frontier Tech ETF,NYSE, ,Y,N,,,ETF,Equity,Plain,Water & Environment,United States,Equity; Plain; United States; Water & Environment
PHO,PHO,Invesco Water Resources ETF,NASDAQ,G,Y,N,,,ETF,Equity,Plain,Water & Environment,United States,Equity; Plain; United States; Water & Environment
PIO,PIO,Invesco Global Water ETF,NASDAQ,G,Y,N,,,ETF,Equity,Plain,Water & Environment,Global,Equity; Global; Plain; Water & Environment
RW,RW,Rainwater Equity ETF,NYSE, ,Y,N,,,ETF,Equity,Plain,Water & Environment,United States,Equity; Plain; United States; Water & Environment
TBLU,TBLU,Tortoise Global Water ETF,NYSE, ,Y,N,,,ETF,Equity,Plain,Water & Environment,Global,Equity; Global; Plain; Water & Environment
AAA,AAA,Alternative Access First Priority CLO Bond ETF,NYSE, ,Y,N,,,ETF,Fixed Income,Plain,Broad Market,United States,Broad Market; Fixed Income; Plain; United States
ACVT,ACVT,Advent Convertible Bond ETF,NYSE, ,Y,N,,,ETF,Fixed Income,Plain,Broad Market,United States,Broad Market; Fixed Income; Plain; United States
AGGH,AGGH,Simplify Aggregate Bond ETF,NYSE, ,Y,N,,,ETF,Fixed Income,Plain,Broad Market,United States,Broad Market; Fixed Income; Plain; United States
AGGS,AGGS,Harbor Disciplined Bond ETF,NYSE, ,Y,N,,,ETF,Fixed Income,Plain,Broad Market,United States,Broad Market; Fixed Income; Plain; United States
AGGY,AGGY,WisdomTree Yield Enhanced U.S. Aggregate Bond Fund,NYSE, ,Y,N,,,ETF,Fixed Income,Dividend/Income,Broad Market,United States,Broad Market; Dividend/Income; Fixed Income; United States
AGZD,AGZD,WisdomTree Interest Rate Hedged U.S. Aggregate Bond Fund,NASDAQ,G,Y,N,,,ETF,Fixed Income,Plain,Broad Market,United States,Broad Market; Fixed Income; Plain; United States
APCB,APCB,ActivePassive Core Bond ETF,NYSE, ,Y,N,,,ETF,Fixed Income,Active,Broad Market,United States,Active; Broad Market; Fixed Income; United States
BAB,BAB,Invesco Taxable Municipal Bond ETF,NYSE, ,Y,N,,,ETF,Fixed Income,Municipal Bond,Broad Market,United States,Broad Market; Fixed Income; Municipal Bond; United States
BBBI,BBBI,BondBloxx BBB Rated 5-10 Year Corporate Bond ETF,NYSE, ,Y,N,,,ETF,Fixed Income,Plain,Broad Market,United States,Broad Market; Fixed Income; Plain; United States
BBBL,BBBL,BondBloxx BBB Rated 10+ Year Corporate Bond ETF,NYSE, ,Y,N,,,ETF,Fixed Income,Plain,Broad Market,United States,Broad Market; Fixed Income; Plain; United States
BBBS,BBBS,BondBloxx BBB Rated 1-5 Year Corporate Bond ETF,NYSE, ,Y,N,,,ETF,Fixed Income,Plain,Broad Market,United States,Broad Market; Fixed Income; Plain; United States
BDBT,BDBT,Bluemonte Core Bond ETF,NYSE, ,Y,N,,,ETF,Fixed Income,Plain,Broad Market,United States,Broad Market; Fixed Income; Plain; United States
BFIX,BFIX,Build Bond Innovation ETF,NYSE, ,Y,N,,,ETF,Fixed Income,Plain,Broad Market,United States,Broad Market; Fixed Income; Plain; United States
BIL,BIL,State Street SPDR Bloomberg 1-3 Month T-Bill ETF,NYSE, ,Y,N,,,ETF,Fixed Income,Plain,Broad Market,United States,Broad Market; Fixed Income; Plain; United States
BILS,BILS,State Street SPDR Bloomberg 3-12 Month T-Bill ETF,NYSE, ,Y,N,,,ETF,Fixed Income,Plain,Broad Market,United States,Broad Market; Fixed Income; Plain; United States
BKAG,BKAG,BNY Mellon Core Bond ETF,NYSE, ,Y,N,,,ETF,Fixed Income,Plain,Broad Market,United States,Broad Market; Fixed Income; Plain; United States
BKFI,BKFI,BNY Mellon Active Core Bond ETF,NYSE, ,Y,N,,,ETF,Fixed Income,Active,Broad Market,United States,Active; Broad Market; Fixed Income; United States
BLTD,BLTD,Bluemonte Long Term Bond ETF,NYSE, ,Y,N,,,ETF,Fixed Income,Plain,Broad Market,United States,Broad Market; Fixed Income; Plain; United States
BLV,BLV,Vanguard Long-Term Bond ETF,NYSE, ,Y,N,,,ETF,Fixed Income,Plain,Broad Market,United States,Broad Market; Fixed Income; Plain; United States
BMOP,BMOP,BNY Mellon Municipal Opportunities ETF,NASDAQ,G,Y,N,,,ETF,Fixed Income,Municipal Bond,Broad Market,United States,Broad Market; Fixed Income; Municipal Bond; United States
BND,BND,Vanguard Total Bond Market ETF,NASDAQ,G,Y,N,,,ETF,Fixed Income,Plain,Broad Market,United States,Broad Market; Fixed Income; Plain; United States
BNDP,BNDP,Vanguard Core-Plus Bond Index ETF,NASDAQ,G,Y,N,,,ETF,Fixed Income,Plain,Broad Market,United States,Broad Market; Fixed Income; Plain; United States
BNDW,BNDW,Vanguard Total World Bond ETF,NASDAQ,G,Y,N,,,ETF,Fixed Income,Plain,Broad Market,Global,Broad Market; Fixed Income; Global; Plain
BNDX,BNDX,Vanguard Total International Bond ETF,NASDAQ,G,Y,N,,,ETF,Fixed Income,Plain,Broad Market,United States,Broad Market; Fixed Income; Plain; United States
BOND,BOND,PIMCO Active Bond Exchange-Traded Fund Exchange-Traded Fund,NYSE, ,Y,N,,,ETF,Fixed Income,Active,Broad Market,United States,Active; Broad Market; Fixed Income; United States
BRIB,BRIB,FIS Bright Portfolios Core Bond ETF,NYSE, ,Y,N,,,ETF,Fixed Income,Plain,Broad Market,United States,Broad Market; Fixed Income; Plain; United States
BWX,BWX,State Street SPDR Bloomberg International Treasury Bond ETF,NYSE, ,Y,N,,,ETF,Fixed Income,Plain,Broad Market,United States,Broad Market; Fixed Income; Plain; United States
CATF,CATF,American Century California Municipal Bond ETF,NYSE, ,Y,N,,,ETF,Fixed Income,Municipal Bond,Broad Market,United States,Broad Market; Fixed Income; Municipal Bond; United States
CBON,CBON,VanEck China Bond ETF,NYSE, ,Y,N,,,ETF,Fixed Income,Plain,Broad Market,China,Broad Market; China; Fixed Income; Plain
CCRP,CCRP,Columbia Corporate Bond ETF,NYSE, ,Y,N,,,ETF,Fixed Income,Plain,Broad Market,United States,Broad Market; Fixed Income; Plain; United States
CGCB,CGCB,Capital Group Core Bond ETF,NYSE, ,Y,N,,,ETF,Fixed Income,Plain,Broad Market,United States,Broad Market; Fixed Income; Plain; United States
CLIP,CLIP,Global X 1-3 Month T-Bill ETF,NYSE, ,Y,N,,,ETF,Fixed Income,Plain,Broad Market,Global,Broad Market; Fixed Income; Global; Plain
CORB,CORB,AB Core Bond ETF,NYSE, ,Y,N,,,ETF,Fixed Income,Plain,Broad Market,United States,Broad Market; Fixed Income; Plain; United States
CORP,CORP,PIMCO Investment Grade Corporate Bond Index Exchange-Traded Fund,NYSE, ,Y,N,,,ETF,Fixed Income,Plain,Broad Market,United States,Broad Market; Fixed Income; Plain; United States
CPAG,CPAG,F/m Compoundr U.S. Aggregate Bond ETF,NASDAQ,G,Y,N,,,ETF,Fixed Income,Plain,Broad Market,United States,Broad Market; Fixed Income; Plain; United States
CPLB,CPLB,NYLI MacKay Core Plus Bond ETF,NYSE, ,Y,N,,,ETF,Fixed Income,Plain,Broad Market,United States,Broad Market; Fixed Income; Plain; United States
CPLS,CPLS,AB Core Plus Bond ETF,NASDAQ,G,Y,N,,,ETF,Fixed Income,Plain,Broad Market,United States,Broad Market; Fixed Income; Plain; United States
CRUX,CRUX,Columbia Core Bond ETF,NYSE, ,Y,N,,,ETF,Fixed Income,Plain,Broad Market,United States,Broad Market; Fixed Income; Plain; United States
CRXP,CRXP,Columbia Core Plus Bond ETF,NYSE, ,Y,N,,,ETF,Fixed Income,Plain,Broad Market,United States,Broad Market; Fixed Income; Plain; United States
DBND,DBND,DoubleLine Opportunistic Core Bond ETF,NYSE, ,Y,N,,,ETF,Fixed Income,Plain,Broad Market,United States,Broad Market; Fixed Income; Plain; United States
DFCA,DFCA,Dimensional California Municipal Bond ETF,NYSE, ,Y,N,,,ETF,Fixed Income,Municipal Bond,Broad Market,United States,Broad Market; Fixed Income; Municipal Bond; United States
DFNM,DFNM,Dimensional National Municipal Bond ETF,NYSE, ,Y,N,,,ETF,Fixed Income,Municipal Bond,Broad Market,United States,Broad Market; Fixed Income; Municipal Bond; United States
DYNB,DYNB,Hartford Dynamic Bond ETF,NASDAQ,G,Y,N,,,ETF,Fixed Income,Plain,Broad Market,United States,Broad Market; Fixed Income; Plain; United States
EBND,EBND,State Street SPDR Bloomberg Emerging Markets Local Bond ETF,NYSE, ,Y,N,,,ETF,Fixed Income,Plain,Broad Market,Emerging Markets,Broad Market; Emerging Markets; Fixed Income; Plain
EDV,EDV,Vanguard Extended Duration Treasury ETF,NYSE, ,Y,N,,,ETF,Fixed Income,Plain,Broad Market,United States,Broad Market; Fixed Income; Plain; United States
EMBD,EMBD,Global X Emerging Markets Bond ETF,NYSE, ,Y,N,,,ETF,Fixed Income,Plain,Broad Market,Emerging Markets; Global,Broad Market; Emerging Markets; Fixed Income; Global; Plain
EMBX,EMBX,VanEck Emerging Markets Bond ETF,NYSE, ,Y,N,,,ETF,Fixed Income,Plain,Broad Market,Emerging Markets,Broad Market; Emerging Markets; Fixed Income; Plain
EMCB,EMCB,WisdomTree Emerging Markets Corporate Bond Fund,NASDAQ,G,Y,N,,,ETF,Fixed Income,Plain,Broad Market,Emerging Markets,Broad Market; Emerging Markets; Fixed Income; Plain
EVTR,EVTR,Eaton Vance Total Return Bond ETF,NYSE, ,Y,N,,,ETF,Fixed Income,Plain,Broad Market,United States,Broad Market; Fixed Income; Plain; United States
EYEG,EYEG,AB Corporate Bond ETF,NASDAQ,G,Y,N,,,ETF,Fixed Income,Plain,Broad Market,United States,Broad Market; Fixed Income; Plain; United States
FBND,FBND,Fidelity Total Bond ETF,NYSE, ,Y,N,,,ETF,Fixed Income,Plain,Broad Market,United States,Broad Market; Fixed Income; Plain; United States
FCBD,FCBD,Frontier Asset Core Bond ETF,NYSE, ,Y,N,,,ETF,Fixed Income,Plain,Broad Market,United States,Broad Market; Fixed Income; Plain; United States
FCOR,FCOR,Fidelity Corporate Bond ETF,NYSE, ,Y,N,,,ETF,Fixed Income,Plain,Broad Market,United States,Broad Market; Fixed Income; Plain; United States
FIGB,FIGB,Fidelity Investment Grade Bond ETF,NYSE, ,Y,N,,,ETF,Fixed Income,Plain,Broad Market,United States,Broad Market; Fixed Income; Plain; United States
FIXT,FIXT,TCW Core Plus Bond ETF,NYSE, ,Y,N,,,ETF,Fixed Income,Plain,Broad Market,United States,Broad Market; Fixed Income; Plain; United States
FLCB,FLCB,Franklin U.S. Core Bond ETF,NYSE, ,Y,N,,,ETF,Fixed Income,Plain,Broad Market,United States,Broad Market; Fixed Income; Plain; United States
FLDB,FLDB,Fidelity Low Duration Bond ETF,NASDAQ,G,Y,N,,,ETF,Fixed Income,Plain,Broad Market,United States,Broad Market; Fixed Income; Plain; United States
FLGV,FLGV,Franklin U.S. Treasury Bond ETF,NYSE, ,Y,N,,,ETF,Fixed Income,Plain,Broad Market,United States,Broad Market; Fixed Income; Plain; United States
FLMB,FLMB,Franklin Municipal Green Bond ETF,NYSE, ,Y,N,,,ETF,Fixed Income,Municipal Bond,Broad Market,United States,Broad Market; Fixed Income; Municipal Bond; United States
FLMI,FLMI,Franklin Dynamic Municipal Bond ETF,NYSE, ,Y,N,,,ETF,Fixed Income,Municipal Bond,Broad Market,United States,Broad Market; Fixed Income; Municipal Bond; United States
FLTB,FLTB,Fidelity Limited Term Bond ETF,NYSE, ,Y,N,,,ETF,Fixed Income,Plain,Broad Market,United States,Broad Market; Fixed Income; Plain; United States
FMB,FMB,First Trust Managed Municipal ETF,NASDAQ,G,Y,N,,,ETF,Fixed Income,Municipal Bond,Broad Market,United States,Broad Market; Fixed Income; Municipal Bond; United States
FMUB,FMUB,Fidelity Municipal Bond Opportunities ETF,NASDAQ,G,Y,N,,,ETF,Fixed Income,Municipal Bond,Broad Market,United States,Broad Market; Fixed Income; Municipal Bond; United States
FMUN,FMUN,Fidelity Systematic Municipal Bond Index ETF,NASDAQ,G,Y,N,,,ETF,Fixed Income,Municipal Bond,Broad Market,United States,Broad Market; Fixed Income; Municipal Bond; United States
FTBD,FTBD,Fidelity Tactical Bond ETF,NYSE, ,Y,N,,,ETF,Fixed Income,Plain,Broad Market,United States,Broad Market; Fixed Income; Plain; United States
FTRB,FTRB,Federated Hermes Total Return Bond ETF,NYSE, ,Y,N,,,ETF,Fixed Income,Plain,Broad Market,United States,Broad Market; Fixed Income; Plain; United States
GAEM,GAEM,Simplify Gamma Emerging Market Bond ETF,NYSE, ,Y,N,,,ETF,Fixed Income,Plain,Broad Market,Emerging Markets,Broad Market; Emerging Markets; Fixed Income; Plain
GBIL,GBIL,Goldman Sachs Access Treasury 0-1 Year ETF,NYSE, ,Y,N,,,ETF,Fixed Income,Plain,Broad Market,United States,Broad Market; Fixed Income; Plain; United States
GBND,GBND,Goldman Sachs Core Bond ETF,NYSE, ,Y,N,,,ETF,Fixed Income,Plain,Broad Market,United States,Broad Market; Fixed Income; Plain; United States
GCOR,GCOR,Goldman Sachs Access U.S. Aggregate Bond ETF,NYSE, ,Y,N,,,ETF,Fixed Income,Plain,Broad Market,United States,Broad Market; Fixed Income; Plain; United States
GIGB,GIGB,Goldman Sachs Access Investment Grade Corporate Bond ETF,NYSE, ,Y,N,,,ETF,Fixed Income,Plain,Broad Market,United States,Broad Market; Fixed Income; Plain; United States
GIGL,GIGL,Goldman Sachs Corporate Bond ETF,NYSE, ,Y,N,,,ETF,Fixed Income,Plain,Broad Market,United States,Broad Market; Fixed Income; Plain; United States
GOVI,GOVI,Invesco Equal Weight 0-30 Year Treasury ETF,NASDAQ,G,Y,N,,,ETF,Fixed Income,Factor,Broad Market,United States,Broad Market; Factor; Fixed Income; United States
GRNB,GRNB,VanEck Green Bond ETF,NYSE, ,Y,N,,,ETF,Fixed Income,Plain,Broad Market,United States,Broad Market; Fixed Income; Plain; United States
GTO,GTO,Invesco Total Return Bond ETF,NYSE, ,Y,N,,,ETF,Fixed Income,Plain,Broad Market,United States,Broad Market; Fixed Income; Plain; United States
GXIG,GXIG,Global X Investment Grade Corporate Bond ETF,NYSE, ,Y,N,,,ETF,Fixed Income,Plain,Broad Market,Global,Broad Market; Fixed Income; Global; Plain
HBDC,HBDC,Hilton BDC Corporate Bond ETF,NASDAQ,G,Y,N,,,ETF,Fixed Income,Plain,Broad Market,United States,Broad Market; Fixed Income; Plain; United States
HBRD,HBRD,Invesco U.S. Hybrid Bond ETF,NYSE, ,Y,N,,,ETF,Fixed Income,Plain,Broad Market,United States,Broad Market; Fixed Income; Plain; United States
HMOP,HMOP,Hartford Municipal Opportunities ETF,NYSE, ,Y,N,,,ETF,Fixed Income,Municipal Bond,Broad Market,United States,Broad Market; Fixed Income; Municipal Bond; United States
HTAB,HTAB,Hartford Schroders Tax-Aware Bond ETF,NYSE, ,Y,N,,,ETF,Fixed Income,Plain,Broad Market,United States,Broad Market; Fixed Income; Plain; United States
HTAX,HTAX,Nomura National High-Yield Municipal Bond ETF,NYSE, ,Y,N,,,ETF,Fixed Income,Dividend/Income; Municipal Bond,Broad Market,United States,Broad Market; Dividend/Income; Fixed Income; Municipal Bond; United States
HTRB,HTRB,Hartford Total Return Bond ETF,NYSE, ,Y,N,,,ETF,Fixed Income,Plain,Broad Market,United States,Broad Market; Fixed Income; Plain; United States
IBD,IBD,Inspire Corporate Bond ETF,NYSE, ,Y,N,,,ETF,Fixed Income,Plain,Broad Market,United States,Broad Market; Fixed Income; Plain; United States
IBND,IBND,State Street SPDR Bloomberg International Corporate Bond ETF,NYSE, ,Y,N,,,ETF,Fixed Income,Plain,Broad Market,United States,Broad Market; Fixed Income; Plain; United States
IGCB,IGCB,TCW Corporate Bond ETF,NYSE, ,Y,N,,,ETF,Fixed Income,Plain,Broad Market,United States,Broad Market; Fixed Income; Plain; United States
ILS,ILS,Brookmont Catastrophic Bond ETF,NYSE, ,Y,N,,,ETF,Fixed Income,Plain,Broad Market,United States,Broad Market; Fixed Income; Plain; United States
JBND,JBND,JPMorgan Active Bond ETF,NYSE, ,Y,N,,,ETF,Fixed Income,Active,Broad Market,United States,Active; Broad Market; Fixed Income; United States
JCAL,JCAL,JPMorgan California Tax Free Bond ETF,NYSE, ,Y,N,,,ETF,Fixed Income,Plain,Broad Market,United States,Broad Market; Fixed Income; Plain; United States
JCPB,JCPB,JPMorgan Core Plus Bond ETF,NYSE, ,Y,N,,,ETF,Fixed Income,Plain,Broad Market,United States,Broad Market; Fixed Income; Plain; United States
JCPI,JCPI,JPMorgan Inflation Managed Bond ETF,NYSE, ,Y,N,,,ETF,Fixed Income,Plain,Broad Market,United States,Broad Market; Fixed Income; Plain; United States
JHCB,JHCB,John Hancock Corporate Bond ETF,NYSE, ,Y,N,,,ETF,Fixed Income,Plain,Broad Market,United States,Broad Market; Fixed Income; Plain; United States
JHCP,JHCP,John Hancock Core Plus Bond ETF,NYSE, ,Y,N,,,ETF,Fixed Income,Plain,Broad Market,United States,Broad Market; Fixed Income; Plain; United States
JHCR,JHCR,John Hancock Core Bond ETF,NYSE, ,Y,N,,,ETF,Fixed Income,Plain,Broad Market,United States,Broad Market; Fixed Income; Plain; United States
JHMU,JHMU,John Hancock Dynamic Municipal Bond ETF,NYSE, ,Y,N,,,ETF,Fixed Income,Municipal Bond,Broad Market,United States,Broad Market; Fixed Income; Municipal Bond; United States
JLQD,JLQD,Janus Henderson Corporate Bond ETF,NYSE, ,Y,N,,,ETF,Fixed Income,Plain,Broad Market,United States,Broad Market; Fixed Income; Plain; United States
JMMF,JMMF,JPMorgan 100% U.S. Treasury Securities Money Market ETF,NYSE, ,Y,N,,,ETF,Fixed Income,Plain,Broad Market,United States,Broad Market; Fixed Income; Plain; United States
JMUB,JMUB,JPMorgan Municipal ETF,NYSE, ,Y,N,,,ETF,Fixed Income,Municipal Bond,Broad Market,United States,Broad Market; Fixed Income; Municipal Bond; United States
JPIB,JPIB,JPMorgan International Bond Opportunities ETF,NYSE, ,Y,N,,,ETF,Fixed Income,Plain,Broad Market,United States,Broad Market; Fixed Income; Plain; United States
JPLD,JPLD,JPMorgan Limited Duration Bond ETF,NYSE, ,Y,N,,,ETF,Fixed Income,Plain,Broad Market,United States,Broad Market; Fixed Income; Plain; United States
JTNY,JTNY,JPMorgan New York Tax Free Bond ETF,NYSE, ,Y,N,,,ETF,Fixed Income,Plain,Broad Market,United States,Broad Market; Fixed Income; Plain; United States
KDRN,KDRN,Kingsbarn Tactical Bond ETF,NYSE, ,Y,N,,,ETF,Fixed Income,Plain,Broad Market,United States,Broad Market; Fixed Income; Plain; United States
KORP,KORP,American Century Diversified Corporate Bond ETF,NYSE, ,Y,N,,,ETF,Fixed Income,Plain,Broad Market,United States,Broad Market; Fixed Income; Plain; United States
LLDR,LLDR,Global X Long-Term Treasury Ladder ETF,NYSE, ,Y,N,,,ETF,Fixed Income,Plain,Broad Market,Global,Broad Market; Fixed Income; Global; Plain
MAGG,MAGG,Madison Aggregate Bond ETF,NYSE, ,Y,N,,,ETF,Fixed Income,Plain,Broad Market,United States,Broad Market; Fixed Income; Plain; United States
MFSB,MFSB,MFS Active Core Plus Bond ETF,NYSE, ,Y,N,,,ETF,Fixed Income,Active,Broad Market,United States,Active; Broad Market; Fixed Income; United States
MMIN,MMIN,NYLI MacKay Muni Insured ETF,NYSE, ,Y,N,,,ETF,Fixed Income,Municipal Bond,Broad Market,United States,Broad Market; Fixed Income; Municipal Bond; United States
MTGP,MTGP,WisdomTree Mortgage Plus Bond Fund,NYSE, ,Y,N,,,ETF,Fixed Income,Plain,Broad Market,United States,Broad Market; Fixed Income; Plain; United States
MYCF,MYCF,State Street My2026 Corporate Bond ETF,NASDAQ,G,Y,N,,,ETF,Fixed Income,Plain,Broad Market,United States,Broad Market; Fixed Income; Plain; United States
MYCG,MYCG,State Street My2027 Corporate Bond ETF,NASDAQ,G,Y,N,,,ETF,Fixed Income,Plain,Broad Market,United States,Broad Market; Fixed Income; Plain; United States
MYCH,MYCH,State Street My2028 Corporate Bond ETF,NASDAQ,G,Y,N,,,ETF,Fixed Income,Plain,Broad Market,United States,Broad Market; Fixed Income; Plain; United States
MYCI,MYCI,State Street My2029 Corporate Bond ETF,NASDAQ,G,Y,N,,,ETF,Fixed Income,Plain,Broad Market,United States,Broad Market; Fixed Income; Plain; United States
MYCJ,MYCJ,State Street My2030 Corporate Bond ETF,NASDAQ,G,Y,N,,,ETF,Fixed Income,Plain,Broad Market,United States,Broad Market; Fixed Income; Plain; United States
MYCK,MYCK,State Street My2031 Corporate Bond ETF,NASDAQ,G,Y,N,,,ETF,Fixed Income,Plain,Broad Market,United States,Broad Market; Fixed Income; Plain; United States
MYCL,MYCL,State Street My2032 Corporate Bond ETF,NASDAQ,G,Y,N,,,ETF,Fixed Income,Plain,Broad Market,United States,Broad Market; Fixed Income; Plain; United States
MYCM,MYCM,State Street My2033 Corporate Bond ETF,NASDAQ,G,Y,N,,,ETF,Fixed Income,Plain,Broad Market,United States,Broad Market; Fixed Income; Plain; United States
MYCN,MYCN,State Street My2034 Corporate Bond ETF,NASDAQ,G,Y,N,,,ETF,Fixed Income,Plain,Broad Market,United States,Broad Market; Fixed Income; Plain; United States
MYCO,MYCO,State Street My2035 Corporate Bond ETF,NASDAQ,G,Y,N,,,ETF,Fixed Income,Plain,Broad Market,United States,Broad Market; Fixed Income; Plain; United States
MYMF,MYMF,State Street My2026 Municipal Bond ETF,NASDAQ,G,Y,N,,,ETF,Fixed Income,Municipal Bond,Broad Market,United States,Broad Market; Fixed Income; Municipal Bond; United States
MYMG,MYMG,State Street My2027 Municipal Bond ETF,NASDAQ,G,Y,N,,,ETF,Fixed Income,Municipal Bond,Broad Market,United States,Broad Market; Fixed Income; Municipal Bond; United States
MYMH,MYMH,State Street My2028 Municipal Bond ETF,NASDAQ,G,Y,N,,,ETF,Fixed Income,Municipal Bond,Broad Market,United States,Broad Market; Fixed Income; Municipal Bond; United States
MYMI,MYMI,State Street My2029 Municipal Bond ETF,NASDAQ,G,Y,N,,,ETF,Fixed Income,Municipal Bond,Broad Market,United States,Broad Market; Fixed Income; Municipal Bond; United States
MYMJ,MYMJ,State Street My2030 Municipal Bond ETF,NASDAQ,G,Y,N,,,ETF,Fixed Income,Municipal Bond,Broad Market,United States,Broad Market; Fixed Income; Municipal Bond; United States
MYMK,MYMK,State Street My2031 Municipal Bond ETF,NASDAQ,G,Y,N,,,ETF,Fixed Income,Municipal Bond,Broad Market,United States,Broad Market; Fixed Income; Municipal Bond; United States
NBTR,NBTR,Neuberger Total Return Bond ETF,NYSE, ,Y,N,,,ETF,Fixed Income,Plain,Broad Market,United States,Broad Market; Fixed Income; Plain; United States
NCPB,NCPB,Nuveen Core Plus Bond ETF,NASDAQ,G,Y,N,,,ETF,Fixed Income,Plain,Broad Market,United States,Broad Market; Fixed Income; Plain; United States
NFLT,NFLT,Virtus Newfleet Multi-Sector Bond ETF,NYSE, ,Y,N,,,ETF,Fixed Income,Plain,Broad Market,United States,Broad Market; Fixed Income; Plain; United States
NMB,NMB,Simplify National Muni Bond ETF,NYSE, ,Y,N,,,ETF,Fixed Income,Municipal Bond,Broad Market,United States,Broad Market; Fixed Income; Municipal Bond; United States
NUAG,NUAG,Nuveen Enhanced Yield U.S. Aggregate Bond ETF,NYSE, ,Y,N,,,ETF,Fixed Income,Dividend/Income,Broad Market,United States,Broad Market; Dividend/Income; Fixed Income; United States
NUBD,NUBD,Nuveen ESG U.S. Aggregate Bond ETF,NYSE, ,Y,N,,,ETF,Fixed Income,ESG/Sustainable,Broad Market,United States,Broad Market; ESG/Sustainable; Fixed Income; United States
NUSA,NUSA,Nuveen ESG 1-5 Year U.S. Aggregate Bond ETF,NYSE, ,Y,N,,,ETF,Fixed Income,ESG/Sustainable,Broad Market,United States,Broad Market; ESG/Sustainable; Fixed Income; United States
NXUS,NXUS,Nuveen International Aggregate Bond ETF,NYSE, ,Y,N,,,ETF,Fixed Income,Plain,Broad Market,United States,Broad Market; Fixed Income; Plain; United States
OACP,OACP,OneAscent Core Plus Bond ETF,NYSE, ,Y,N,,,ETF,Fixed Income,Plain,Broad Market,United States,Broad Market; Fixed Income; Plain; United States
OBIL,OBIL,US Treasury 12 Month Bill ETF,NASDAQ,G,Y,N,,,ETF,Fixed Income,Plain,Broad Market,United States,Broad Market; Fixed Income; Plain; United States
PAB,PAB,PGIM Active Aggregate Bond ETF,NYSE, ,Y,N,,,ETF,Fixed Income,Active,Broad Market,United States,Active; Broad Market; Fixed Income; United States
PFIG,PFIG,Invesco Fundamental Investment Grade Corporate Bond  ETF,NYSE, ,Y,N,,,ETF,Fixed Income,Plain,Broad Market,United States,Broad Market; Fixed Income; Plain; United States
PICB,PICB,Invesco International Corporate Bond ETF,NYSE, ,Y,N,,,ETF,Fixed Income,Plain,Broad Market,United States,Broad Market; Fixed Income; Plain; United States
PTBD,PTBD,Pacer Trendpilot US Bond ETF,NYSE, ,Y,N,,,ETF,Fixed Income,Plain,Broad Market,United States,Broad Market; Fixed Income; Plain; United States
PTRB,PTRB,PGIM Total Return Bond ETF,NYSE, ,Y,N,,,ETF,Fixed Income,Plain,Broad Market,United States,Broad Market; Fixed Income; Plain; United States
PWZ,PWZ,Invesco California AMT-Free Municipal Bond Portfolio,NYSE, ,Y,N,,,ETF,Fixed Income,Municipal Bond,Broad Market,United States,Broad Market; Fixed Income; Municipal Bond; United States
PYLD,PYLD,PIMCO Multisector Bond Active Exchange-Traded Fund,NYSE, ,Y,N,,,ETF,Fixed Income,Active,Broad Market,United States,Active; Broad Market; Fixed Income; United States
PZA,PZA,Invesco National AMT-Free Municipal Bond ETFo,NYSE, ,Y,N,,,ETF,Fixed Income,Municipal Bond,Broad Market,United States,Broad Market; Fixed Income; Municipal Bond; United States
PZT,PZT,Invesco New York AMT-Free Municipal Bond ETF,NYSE, ,Y,N,,,ETF,Fixed Income,Municipal Bond,Broad Market,United States,Broad Market; Fixed Income; Municipal Bond; United States
RMCA,RMCA,Rockefeller California Municipal Bond ETF,NYSE, ,Y,N,,,ETF,Fixed Income,Municipal Bond,Broad Market,United States,Broad Market; Fixed Income; Municipal Bond; United States
RMNY,RMNY,Rockefeller New York Municipal Bond ETF,NYSE, ,Y,N,,,ETF,Fixed Income,Municipal Bond,Broad Market,United States,Broad Market; Fixed Income; Municipal Bond; United States
RMOP,RMOP,Rockefeller Opportunistic Municipal Bond ETF,NYSE, ,Y,N,,,ETF,Fixed Income,Municipal Bond,Broad Market,United States,Broad Market; Fixed Income; Municipal Bond; United States
SCCR,SCCR,Schwab Core Bond ETF,NYSE, ,Y,N,,,ETF,Fixed Income,Plain,Broad Market,United States,Broad Market; Fixed Income; Plain; United States
SCHI,SCHI,Schwab 5-10 Year Corporate Bond ETF,NYSE, ,Y,N,,,ETF,Fixed Income,Plain,Broad Market,United States,Broad Market; Fixed Income; Plain; United States
SCHJ,SCHJ,Schwab 1-5 Year Corporate Bond ETF,NYSE, ,Y,N,,,ETF,Fixed Income,Plain,Broad Market,United States,Broad Market; Fixed Income; Plain; United States
SCHQ,SCHQ,Schwab Long-Term U.S. Treasury ETF,NYSE, ,Y,N,,,ETF,Fixed Income,Plain,Broad Market,United States,Broad Market; Fixed Income; Plain; United States
SCHZ,SCHZ,Schwab US Aggregate Bond ETF,NYSE, ,Y,N,,,ETF,Fixed Income,Plain,Broad Market,United States,Broad Market; Fixed Income; Plain; United States
SCMB,SCMB,Schwab Municipal Bond ETF,NYSE, ,Y,N,,,ETF,Fixed Income,Municipal Bond,Broad Market,United States,Broad Market; Fixed Income; Municipal Bond; United States
SHRD,SHRD,Arimathea Catholic Core Bond ETF,NYSE, ,Y,N,,,ETF,Fixed Income,Plain,Broad Market,United States,Broad Market; Fixed Income; Plain; United States
SJCP,SJCP,SanJac Alpha Core Plus Bond ETF,NASDAQ,G,Y,N,,,ETF,Fixed Income,Plain,Broad Market,United States,Broad Market; Fixed Income; Plain; United States
SMTH,SMTH,ALPS Smith Core Plus Bond ETF,NYSE, ,Y,N,,,ETF,Fixed Income,Plain,Broad Market,United States,Broad Market; Fixed Income; Plain; United States
SPAB,SPAB,State Street SPDR Portfolio Aggregate Bond ETF,NYSE, ,Y,N,,,ETF,Fixed Income,Plain,Broad Market,United States,Broad Market; Fixed Income; Plain; United States
SPBO,SPBO,State Street SPDR Portfolio Corporate Bond ETF,NYSE, ,Y,N,,,ETF,Fixed Income,Plain,Broad Market,United States,Broad Market; Fixed Income; Plain; United States
SPLB,SPLB,State Street SPDR Portfolio Long Term Corporate Bond ETF,NYSE, ,Y,N,,,ETF,Fixed Income,Plain,Broad Market,United States,Broad Market; Fixed Income; Plain; United States
SPMB,SPMB,State Street SPDR Portfolio Mortgage Backed Bond ETF,NYSE, ,Y,N,,,ETF,Fixed Income,Plain,Broad Market,United States,Broad Market; Fixed Income; Plain; United States
SPTB,SPTB,State Street SPDR Portfolio Treasury ETF,NYSE, ,Y,N,,,ETF,Fixed Income,Plain,Broad Market,United States,Broad Market; Fixed Income; Plain; United States
SPTL,SPTL,State Street SPDR Portfolio Long Term Treasury ETF,NYSE, ,Y,N,,,ETF,Fixed Income,Plain,Broad Market,United States,Broad Market; Fixed Income; Plain; United States
STXT,STXT,Strive Total Return Bond ETF,NYSE, ,Y,N,,,ETF,Fixed Income,Plain,Broad Market,United States,Broad Market; Fixed Income; Plain; United States
TABD,TABD,Transamerica Bond Active ETF,NYSE, ,Y,N,,,ETF,Fixed Income,Active,Broad Market,United States,Active; Broad Market; Fixed Income; United States
TAFL,TAFL,AB Tax-Aware Long Municipal ETF,NYSE, ,Y,N,,,ETF,Fixed Income,Municipal Bond,Broad Market,United States,Broad Market; Fixed Income; Municipal Bond; United States
TAGG,TAGG,T. Rowe Price QM U.S. Bond ETF,NYSE, ,Y,N,,,ETF,Fixed Income,Plain,Broad Market,United States,Broad Market; Fixed Income; Plain; United States
TAXF,TAXF,American Century Diversified Municipal Bond ETF,NYSE, ,Y,N,,,ETF,Fixed Income,Municipal Bond,Broad Market,United States,Broad Market; Fixed Income; Municipal Bond; United States
TAXT,TAXT,Northern Trust Tax-Exempt Bond ETF,NASDAQ,G,Y,N,,,ETF,Fixed Income,Plain,Broad Market,United States,Broad Market; Fixed Income; Plain; United States
TBIL,TBIL,F/m US Treasury 3 Month Bill Fund,NASDAQ,G,Y,N,,,ETF,Fixed Income,Plain,Broad Market,United States,Broad Market; Fixed Income; Plain; United States
TCPB,TCPB,Thrivent Core Plus Bond ETF,NYSE, ,Y,N,,,ETF,Fixed Income,Plain,Broad Market,United States,Broad Market; Fixed Income; Plain; United States
TFI,TFI,State Street SPDR Nuveen ICE Municipal Bond ETF,NYSE, ,Y,N,,,ETF,Fixed Income,Municipal Bond,Broad Market,United States,Broad Market; Fixed Income; Municipal Bond; United States
TMB,TMB,Thornburg Multi Sector Bond ETF,NASDAQ,G,Y,N,,,ETF,Fixed Income,Plain,Broad Market,United States,Broad Market; Fixed Income; Plain; United States
TPLS,TPLS,Thornburg Core Plus Bond ETF,NASDAQ,G,Y,N,,,ETF,Fixed Income,Plain,Broad Market,United States,Broad Market; Fixed Income; Plain; United States
UCON,UCON,First Trust Smith Unconstrained Bond ETF,NYSE, ,Y,N,,,ETF,Fixed Income,Plain,Broad Market,United States,Broad Market; Fixed Income; Plain; United States
UFIV,UFIV,US Treasury 5 Year Note ETF,NASDAQ,G,Y,N,,,ETF,Fixed Income,Plain,Broad Market,United States,Broad Market; Fixed Income; Plain; United States
USFR,USFR,WisdomTree Floating Rate Treasury Fund,NYSE, ,Y,N,,,ETF,Fixed Income,Plain,Broad Market,United States,Broad Market; Fixed Income; Plain; United States
USIN,USIN,WisdomTree 7-10 Year Laddered Treasury Fund,NASDAQ,G,Y,N,,,ETF,Fixed Income,Plain,Broad Market,United States,Broad Market; Fixed Income; Plain; United States
USSH,USSH,WisdomTree 1-3 Year Laddered Treasury Fund,NASDAQ,G,Y,N,,,ETF,Fixed Income,Plain,Broad Market,United States,Broad Market; Fixed Income; Plain; United States
USVN,USVN,US Treasury 7 Year Note ETF,NASDAQ,G,Y,N,,,ETF,Fixed Income,Plain,Broad Market,United States,Broad Market; Fixed Income; Plain; United States
UTEN,UTEN,US Treasury 10 Year Note ETF,NASDAQ,G,Y,N,,,ETF,Fixed Income,Plain,Broad Market,United States,Broad Market; Fixed Income; Plain; United States
UTHY,UTHY,US Treasury 30 Year Bond ETF,NASDAQ,G,Y,N,,,ETF,Fixed Income,Plain,Broad Market,United States,Broad Market; Fixed Income; Plain; United States
UTRE,UTRE,US Treasury 3 Year Note ETF,NASDAQ,G,Y,N,,,ETF,Fixed Income,Plain,Broad Market,United States,Broad Market; Fixed Income; Plain; United States
UTWO,UTWO,US Treasury 2 Year Note ETF,NASDAQ,G,Y,N,,,ETF,Fixed Income,Plain,Broad Market,United States,Broad Market; Fixed Income; Plain; United States
UTWY,UTWY,US Treasury 20 Year Bond ETF,NASDAQ,G,Y,N,,,ETF,Fixed Income,Plain,Broad Market,United States,Broad Market; Fixed Income; Plain; United States
VBCA,VBCA,Vanguard Target Maturity 2027 Corporate Bond ETF,NASDAQ,G,Y,N,,,ETF,Fixed Income,Target Maturity,Broad Market,United States,Broad Market; Fixed Income; Target Maturity; United States
VBCB,VBCB,Vanguard Target Maturity 2028 Corporate Bond ETF,NASDAQ,G,Y,N,,,ETF,Fixed Income,Target Maturity,Broad Market,United States,Broad Market; Fixed Income; Target Maturity; United States
VBCC,VBCC,Vanguard Target Maturity 2029 Corporate Bond ETF,NASDAQ,G,Y,N,,,ETF,Fixed Income,Target Maturity,Broad Market,United States,Broad Market; Fixed Income; Target Maturity; United States
VBCD,VBCD,Vanguard Target Maturity 2030 Corporate Bond ETF,NASDAQ,G,Y,N,,,ETF,Fixed Income,Target Maturity,Broad Market,United States,Broad Market; Fixed Income; Target Maturity; United States
VBCE,VBCE,Vanguard Target Maturity 2031 Corporate Bond ETF,NASDAQ,G,Y,N,,,ETF,Fixed Income,Target Maturity,Broad Market,United States,Broad Market; Fixed Income; Target Maturity; United States
VBCF,VBCF,Vanguard Target Maturity 2032 Corporate Bond ETF,NASDAQ,G,Y,N,,,ETF,Fixed Income,Target Maturity,Broad Market,United States,Broad Market; Fixed Income; Target Maturity; United States
VBCG,VBCG,Vanguard Target Maturity 2033 Corporate Bond ETF,NASDAQ,G,Y,N,,,ETF,Fixed Income,Target Maturity,Broad Market,United States,Broad Market; Fixed Income; Target Maturity; United States
VBCH,VBCH,Vanguard Target Maturity 2034 Corporate Bond ETF,NASDAQ,G,Y,N,,,ETF,Fixed Income,Target Maturity,Broad Market,United States,Broad Market; Fixed Income; Target Maturity; United States
VBCI,VBCI,Vanguard Target Maturity 2035 Corporate Bond ETF,NASDAQ,G,Y,N,,,ETF,Fixed Income,Target Maturity,Broad Market,United States,Broad Market; Fixed Income; Target Maturity; United States
VBCJ,VBCJ,Vanguard Target Maturity 2036 Corporate Bond ETF,NASDAQ,G,Y,N,,,ETF,Fixed Income,Target Maturity,Broad Market,United States,Broad Market; Fixed Income; Target Maturity; United States
VBIL,VBIL,Vanguard 0-3 Month Treasury Bill ETF,NASDAQ,G,Y,N,,,ETF,Fixed Income,Plain,Broad Market,United States,Broad Market; Fixed Income; Plain; United States
VBND,VBND,Vident U.S. Bond Strategy ETF,NYSE, ,Y,N,,,ETF,Fixed Income,Plain,Broad Market,United States,Broad Market; Fixed Income; Plain; United States
VCLT,VCLT,Vanguard Long-Term Corporate Bond ETF,NASDAQ,G,Y,N,,,ETF,Fixed Income,Plain,Broad Market,United States,Broad Market; Fixed Income; Plain; United States
VCOB,VCOB,Voya Core Bond ETF,NYSE, ,Y,N,,,ETF,Fixed Income,Plain,Broad Market,United States,Broad Market; Fixed Income; Plain; United States
VCRB,VCRB,Vanguard Core Bond ETF,NASDAQ,G,Y,N,,,ETF,Fixed Income,Plain,Broad Market,United States,Broad Market; Fixed Income; Plain; United States
VETZ,VETZ,Academy Veteran Bond ETF,NYSE, ,Y,N,,,ETF,Fixed Income,Plain,Broad Market,United States,Broad Market; Fixed Income; Plain; United States
VGLT,VGLT,Vanguard Long-Term Treasury ETF,NASDAQ,G,Y,N,,,ETF,Fixed Income,Plain,Broad Market,United States,Broad Market; Fixed Income; Plain; United States
VPLS,VPLS,Vanguard Core Plus Bond ETF,NASDAQ,G,Y,N,,,ETF,Fixed Income,Plain,Broad Market,United States,Broad Market; Fixed Income; Plain; United States
VTC,VTC,Vanguard Total Corporate Bond ETF,NASDAQ,G,Y,N,,,ETF,Fixed Income,Plain,Broad Market,United States,Broad Market; Fixed Income; Plain; United States
VTEB,VTEB,Vanguard Tax-Exempt Bond ETF,NYSE, ,Y,N,,,ETF,Fixed Income,Plain,Broad Market,United States,Broad Market; Fixed Income; Plain; United States
VTG,VTG,Vanguard Total Treasury ETF,NYSE, ,Y,N,,,ETF,Fixed Income,Plain,Broad Market,United States,Broad Market; Fixed Income; Plain; United States
VWOB,VWOB,Vanguard Emerging Markets Government Bond ETF,NASDAQ,G,Y,N,,,ETF,Fixed Income,Plain,Broad Market,Emerging Markets,Broad Market; Emerging Markets; Fixed Income; Plain
WABF,WABF,Western Asset Bond ETF,NASDAQ,G,Y,N,,,ETF,Fixed Income,Plain,Broad Market,United States,Broad Market; Fixed Income; Plain; United States
WCPB,WCPB,Weitz Core Plus Bond ETF,NYSE, ,Y,N,,,ETF,Fixed Income,Plain,Broad Market,United States,Broad Market; Fixed Income; Plain; United States
WIP,WIP,State Street SPDR FTSE International Government Inflation-Protected Bond ETF,NYSE, ,Y,N,,,ETF,Fixed Income,Plain,Broad Market,United States,Broad Market; Fixed Income; Plain; United States
WMSB,WMSB,Weitz Multisector Bond ETF,NYSE, ,Y,N,,,ETF,Fixed Income,Plain,Broad Market,United States,Broad Market; Fixed Income; Plain; United States
WTMU,WTMU,WisdomTree Core Laddered Municipal Fund,NASDAQ,G,Y,N,,,ETF,Fixed Income,Municipal Bond,Broad Market,United States,Broad Market; Fixed Income; Municipal Bond; United States
XBIL,XBIL,US Treasury 6 Month Bill ETF,NASDAQ,G,Y,N,,,ETF,Fixed Income,Plain,Broad Market,United States,Broad Market; Fixed Income; Plain; United States
XFIV,XFIV,BondBloxx Bloomberg Five Year Target Duration US Treasury ETF,NYSE, ,Y,N,,,ETF,Fixed Income,Plain,Broad Market,United States,Broad Market; Fixed Income; Plain; United States
XHLF,XHLF,BondBloxx Bloomberg Six Month Target Duration US Treasury ETF,NYSE, ,Y,N,,,ETF,Fixed Income,Plain,Broad Market,United States,Broad Market; Fixed Income; Plain; United States
XONE,XONE,BondBloxx Bloomberg One Year Target Duration US Treasury ETF,NYSE, ,Y,N,,,ETF,Fixed Income,Plain,Broad Market,United States,Broad Market; Fixed Income; Plain; United States
XSVN,XSVN,BondBloxx Bloomberg Seven Year Target Duration US Treasury ETF,NYSE, ,Y,N,,,ETF,Fixed Income,Plain,Broad Market,United States,Broad Market; Fixed Income; Plain; United States
XTEN,XTEN,BondBloxx Bloomberg Ten Year Target Duration US Treasury ETF,NYSE, ,Y,N,,,ETF,Fixed Income,Plain,Broad Market,United States,Broad Market; Fixed Income; Plain; United States
XTRE,XTRE,BondBloxx Bloomberg Three Year Target Duration US Treasury ETF,NYSE, ,Y,N,,,ETF,Fixed Income,Plain,Broad Market,United States,Broad Market; Fixed Income; Plain; United States
XTWO,XTWO,BondBloxx Bloomberg Two Year Target Duration US Treasury ETF,NYSE, ,Y,N,,,ETF,Fixed Income,Plain,Broad Market,United States,Broad Market; Fixed Income; Plain; United States
XTWY,XTWY,BondBloxx Bloomberg Twenty Year Target Duration US Treasury ETF,NYSE, ,Y,N,,,ETF,Fixed Income,Plain,Broad Market,United States,Broad Market; Fixed Income; Plain; United States
ZCBA,ZCBA,Global X Zero Coupon Bond 2030 ETF,NYSE, ,Y,N,,,ETF,Fixed Income,Plain,Broad Market,Global,Broad Market; Fixed Income; Global; Plain
ZCBB,ZCBB,Global X Zero Coupon Bond 2031 ETF,NYSE, ,Y,N,,,ETF,Fixed Income,Plain,Broad Market,Global,Broad Market; Fixed Income; Global; Plain
ZCBC,ZCBC,Global X Zero Coupon Bond 2032 ETF,NYSE, ,Y,N,,,ETF,Fixed Income,Plain,Broad Market,Global,Broad Market; Fixed Income; Global; Plain
ZCBE,ZCBE,Global X Zero Coupon Bond 2033 ETF,NYSE, ,Y,N,,,ETF,Fixed Income,Plain,Broad Market,Global,Broad Market; Fixed Income; Global; Plain
ZCBF,ZCBF,Global X Zero Coupon Bond 2034 ETF,NYSE, ,Y,N,,,ETF,Fixed Income,Plain,Broad Market,Global,Broad Market; Fixed Income; Global; Plain
ZCBG,ZCBG,Global X Zero Coupon Bond 2035 ETF,NYSE, ,Y,N,,,ETF,Fixed Income,Plain,Broad Market,Global,Broad Market; Fixed Income; Global; Plain
ZROZ,ZROZ,PIMCO 25  Year Zero Coupon U.S. Treasury Index Exchange-Traded Fund,NYSE, ,Y,N,,,ETF,Fixed Income,Plain,Broad Market,United States,Broad Market; Fixed Income; Plain; United States
ZTEN,ZTEN,F/m 10-Year Investment Grade Corporate Bond ETF,NASDAQ,G,Y,N,,,ETF,Fixed Income,Plain,Broad Market,United States,Broad Market; Fixed Income; Plain; United States
ZTRE,ZTRE,F/m 3-Year Investment Grade Corporate Bond ETF,NASDAQ,G,Y,N,,,ETF,Fixed Income,Plain,Broad Market,United States,Broad Market; Fixed Income; Plain; United States
ZTWO,ZTWO,F/m 2-Year Investment Grade Corporate Bond ETF,NASDAQ,G,Y,N,,,ETF,Fixed Income,Plain,Broad Market,United States,Broad Market; Fixed Income; Plain; United States
AFIX,AFIX,Allspring Broad Market Core Bond ETF,NYSE, ,Y,N,,,ETF,Fixed Income,Plain,Broad Market & Core Indices,United States,Broad Market & Core Indices; Fixed Income; Plain; United States
AHYB,AHYB,American Century Select High Yield ETF,NYSE, ,Y,N,,,ETF,Fixed Income,Dividend/Income,Dividend & Income,United States,Dividend & Income; Dividend/Income; Fixed Income; United States
ANGL,ANGL,VanEck Fallen Angel High Yield Bond ETF,NASDAQ,G,Y,N,,,ETF,Fixed Income,Dividend/Income,Dividend & Income,United States,Dividend & Income; Dividend/Income; Fixed Income; United States
AOHY,AOHY,Angel Oak High Yield Opportunities ETF,NASDAQ,G,Y,N,,,ETF,Fixed Income,Dividend/Income,Dividend & Income,United States,Dividend & Income; Dividend/Income; Fixed Income; United States
BKHY,BKHY,BNY Mellon High Yield ETF,NYSE, ,Y,N,,,ETF,Fixed Income,Dividend/Income,Dividend & Income,United States,Dividend & Income; Dividend/Income; Fixed Income; United States
CDX,CDX,Simplify High Yield ETF,NYSE, ,Y,N,,,ETF,Fixed Income,Dividend/Income,Dividend & Income,United States,Dividend & Income; Dividend/Income; Fixed Income; United States
CGHY,CGHY,Capital Group High Yield Bond ETF,NYSE, ,Y,N,,,ETF,Fixed Income,Dividend/Income,Dividend & Income,United States,Dividend & Income; Dividend/Income; Fixed Income; United States
CPHY,CPHY,F/m Compoundr High Yield Bond ETF,NASDAQ,G,Y,N,,,ETF,Fixed Income,Dividend/Income,Dividend & Income,United States,Dividend & Income; Dividend/Income; Fixed Income; United States
EVHY,EVHY,Eaton Vance High Yield ETF,NYSE, ,Y,N,,,ETF,Fixed Income,Dividend/Income,Dividend & Income,United States,Dividend & Income; Dividend/Income; Fixed Income; United States
FDHY,FDHY,Fidelity Enhanced High Yield ETF,NYSE, ,Y,N,,,ETF,Fixed Income,Dividend/Income,Dividend & Income,United States,Dividend & Income; Dividend/Income; Fixed Income; United States
FSYD,FSYD,Fidelity Sustainable High Yield ETF,NYSE, ,Y,N,,,ETF,Fixed Income,Dividend/Income; ESG/Sustainable,Dividend & Income,United States,Dividend & Income; Dividend/Income; ESG/Sustainable; Fixed Income; United States
FTMH,FTMH,Franklin Municipal High Yield ETF,NYSE, ,Y,N,,,ETF,Fixed Income,Dividend/Income; Municipal Bond,Dividend & Income,United States,Dividend & Income; Dividend/Income; Fixed Income; Municipal Bond; United States
GHYB,GHYB,Goldman Sachs Access High Yield Corporate Bond ETF,NYSE, ,Y,N,,,ETF,Fixed Income,Dividend/Income,Dividend & Income,United States,Dividend & Income; Dividend/Income; Fixed Income; United States
GTOQ,GTOQ,Invesco High Yield Systematic Bond ETF,NASDAQ,G,Y,N,,,ETF,Fixed Income,Dividend/Income,Dividend & Income,United States,Dividend & Income; Dividend/Income; Fixed Income; United States
HYBX,HYBX,TCW High Yield Bond ETF,NYSE, ,Y,N,,,ETF,Fixed Income,Dividend/Income,Dividend & Income,United States,Dividend & Income; Dividend/Income; Fixed Income; United States
HYDW,HYDW,Xtrackers Low Beta High Yield Bond ETF,NYSE, ,Y,N,,,ETF,Fixed Income,Dividend/Income,Dividend & Income,United States,Dividend & Income; Dividend/Income; Fixed Income; United States
HYEM,HYEM,VanEck Emerging Markets High Yield Bond ETF,NYSE, ,Y,N,,,ETF,Fixed Income,Dividend/Income,Dividend & Income,Emerging Markets,Dividend & Income; Dividend/Income; Emerging Markets; Fixed Income
HYFI,HYFI,AB High Yield ETF,NYSE, ,Y,N,,,ETF,Fixed Income,Dividend/Income,Dividend & Income,United States,Dividend & Income; Dividend/Income; Fixed Income; United States
HYLS,HYLS,First Trust Tactical High Yield ETF,NASDAQ,G,Y,N,,,ETF,Fixed Income,Dividend/Income,Dividend & Income,United States,Dividend & Income; Dividend/Income; Fixed Income; United States
HYMB,HYMB,State Street SPDR Nuveen ICE High Yield Municipal Bond ETF,NYSE, ,Y,N,,,ETF,Fixed Income,Dividend/Income; Municipal Bond,Dividend & Income,United States,Dividend & Income; Dividend/Income; Fixed Income; Municipal Bond; United States
HYS,HYS,PIMCO 0-5 Year High Yield Corporat Bond Index Exchange-Traded Fund,NYSE, ,Y,N,,,ETF,Fixed Income,Dividend/Income,Dividend & Income,United States,Dividend & Income; Dividend/Income; Fixed Income; United States
HYTR,HYTR,Counterpoint High Yield Trend ETF,NYSE, ,Y,N,,,ETF,Fixed Income,Dividend/Income,Dividend & Income,United States,Dividend & Income; Dividend/Income; Fixed Income; United States
HYUP,HYUP,Xtrackers High Beta High Yield Bond ETF,NYSE, ,Y,N,,,ETF,Fixed Income,Dividend/Income,Dividend & Income,United States,Dividend & Income; Dividend/Income; Fixed Income; United States
HYZD,HYZD,WisdomTree Interest Rate Hedged High Yield Bond Fund,NASDAQ,G,Y,N,,,ETF,Fixed Income,Dividend/Income,Dividend & Income,United States,Dividend & Income; Dividend/Income; Fixed Income; United States
IHY,IHY,VanEck International High Yield Bond ETF,NYSE, ,Y,N,,,ETF,Fixed Income,Dividend/Income,Dividend & Income,United States,Dividend & Income; Dividend/Income; Fixed Income; United States
JHHY,JHHY,John Hancock High Yield ETF,NYSE, ,Y,N,,,ETF,Fixed Income,Dividend/Income,Dividend & Income,United States,Dividend & Income; Dividend/Income; Fixed Income; United States
JMHI,JMHI,JPMorgan High Yield Municipal ETF,NYSE, ,Y,N,,,ETF,Fixed Income,Dividend/Income; Municipal Bond,Dividend & Income,United States,Dividend & Income; Dividend/Income; Fixed Income; Municipal Bond; United States
JNK,JNK,State Street SPDR Bloomberg High Yield Bond ETF,NYSE, ,Y,N,,,ETF,Fixed Income,Dividend/Income,Dividend & Income,United States,Dividend & Income; Dividend/Income; Fixed Income; United States
JPHY,JPHY,JPMorgan Active High Yield ETF,NYSE, ,Y,N,,,ETF,Fixed Income,Dividend/Income; Active,Dividend & Income,United States,Active; Dividend & Income; Dividend/Income; Fixed Income; United States
LEND,LEND,SEI High Yield Bond & Alternative Credit ETF,NASDAQ,G,Y,N,,,ETF,Fixed Income,Dividend/Income,Dividend & Income,United States,Dividend & Income; Dividend/Income; Fixed Income; United States
MHY,MHY,Man Active High Yield ETF,NYSE, ,Y,N,,,ETF,Fixed Income,Dividend/Income; Active,Dividend & Income,United States,Active; Dividend & Income; Dividend/Income; Fixed Income; United States
MYHA,MYHA,State Street My2027 High Yield Corporate Bond ETF,NASDAQ,G,Y,N,,,ETF,Fixed Income,Dividend/Income,Dividend & Income,United States,Dividend & Income; Dividend/Income; Fixed Income; United States
MYHB,MYHB,State Street My2028 High Yield Corporate Bond ETF,NASDAQ,G,Y,N,,,ETF,Fixed Income,Dividend/Income,Dividend & Income,United States,Dividend & Income; Dividend/Income; Fixed Income; United States
MYHC,MYHC,State Street My2029 High Yield Corporate Bond ETF,NASDAQ,G,Y,N,,,ETF,Fixed Income,Dividend/Income,Dividend & Income,United States,Dividend & Income; Dividend/Income; Fixed Income; United States
MYHD,MYHD,State Street My2030 High Yield Corporate Bond ETF,NASDAQ,G,Y,N,,,ETF,Fixed Income,Dividend/Income,Dividend & Income,United States,Dividend & Income; Dividend/Income; Fixed Income; United States
MYHE,MYHE,State Street My2031 High Yield Corporate Bond ETF,NASDAQ,G,Y,N,,,ETF,Fixed Income,Dividend/Income,Dividend & Income,United States,Dividend & Income; Dividend/Income; Fixed Income; United States
NHYB,NHYB,Nuveen High Yield Corporate Bond ETF,NYSE, ,Y,N,,,ETF,Fixed Income,Dividend/Income,Dividend & Income,United States,Dividend & Income; Dividend/Income; Fixed Income; United States
NJNK,NJNK,Columbia U.S. High Yield ETF,NYSE, ,Y,N,,,ETF,Fixed Income,Dividend/Income,Dividend & Income,United States,Dividend & Income; Dividend/Income; Fixed Income; United States
NUHY,NUHY,Nuveen ESG High Yield Corporate Bond ETF,NYSE, ,Y,N,,,ETF,Fixed Income,Dividend/Income; ESG/Sustainable,Dividend & Income,United States,Dividend & Income; Dividend/Income; ESG/Sustainable; Fixed Income; United States
ODHY,ODHY,Obra Defensive High Yield ETF,NYSE, ,Y,N,,,ETF,Fixed Income,Dividend/Income,Dividend & Income,United States,Dividend & Income; Dividend/Income; Fixed Income; United States
PCEB,PCEB,Polen Euro High Yield Bond ETF,NYSE, ,Y,N,,,ETF,Fixed Income,Dividend/Income,Dividend & Income,United States,Dividend & Income; Dividend/Income; Fixed Income; United States
PGHY,PGHY,Invesco Global ex-US High Yield Corporate Bond ETF,NYSE, ,Y,N,,,ETF,Fixed Income,Dividend/Income,Dividend & Income,Developed ex-US; Global; United States,Developed ex-US; Dividend & Income; Dividend/Income; Fixed Income; Global; United States
PHYL,PHYL,PGIM Active High Yield Bond ETF,NYSE, ,Y,N,,,ETF,Fixed Income,Dividend/Income; Active,Dividend & Income,United States,Active; Dividend & Income; Dividend/Income; Fixed Income; United States
SCYB,SCYB,Schwab High Yield Bond ETF,NYSE, ,Y,N,,,ETF,Fixed Income,Dividend/Income,Dividend & Income,United States,Dividend & Income; Dividend/Income; Fixed Income; United States
SIHY,SIHY,Harbor Ares Systematic High Yield ETF,NYSE, ,Y,N,,,ETF,Fixed Income,Dividend/Income,Dividend & Income,United States,Dividend & Income; Dividend/Income; Fixed Income; United States
SPHY,SPHY,State Street SPDR Portfolio High Yield Bond ETF,NYSE, ,Y,N,,,ETF,Fixed Income,Dividend/Income,Dividend & Income,United States,Dividend & Income; Dividend/Income; Fixed Income; United States
THYF,THYF,T. Rowe Price U.S. High Yield ETF,NYSE, ,Y,N,,,ETF,Fixed Income,Dividend/Income,Dividend & Income,United States,Dividend & Income; Dividend/Income; Fixed Income; United States
VEMY,VEMY,Virtus Stone Harbor Emerging Markets High Yield Bond ETF,NYSE, ,Y,N,,,ETF,Fixed Income,Dividend/Income,Dividend & Income,Emerging Markets; United States,Dividend & Income; Dividend/Income; Emerging Markets; Fixed Income; United States
YLD,YLD,Principal Active High Yield ETF,NYSE, ,Y,N,,,ETF,Fixed Income,Dividend/Income; Active,Dividend & Income,United States,Active; Dividend & Income; Dividend/Income; Fixed Income; United States
ZTOP,ZTOP,F/m High Yield 100 ETF,NASDAQ,G,Y,N,,,ETF,Fixed Income,Dividend/Income,Dividend & Income,United States,Dividend & Income; Dividend/Income; Fixed Income; United States
SWAN,SWAN,Amplify BlackSwan Growth & Treasury Core ETF,NYSE, ,Y,N,,,ETF,Fixed Income,Factor,Growth & Momentum,United States,Factor; Fixed Income; Growth & Momentum; United States
RVNU,RVNU,Xtrackers Municipal Infrastructure Revenue Bond ETF,NYSE, ,Y,N,,,ETF,Fixed Income,Municipal Bond,Infrastructure,United States,Fixed Income; Infrastructure; Municipal Bond; United States
APMU,APMU,ActivePassive Intermediate Municipal Bond ETF,NYSE, ,Y,N,,,ETF,Fixed Income,Municipal Bond; Active,Media & Entertainment,United States,Active; Fixed Income; Media & Entertainment; Municipal Bond; United States
BIV,BIV,Vanguard Intermediate-Term Bond ETF,NYSE, ,Y,N,,,ETF,Fixed Income,Plain,Media & Entertainment,United States,Fixed Income; Media & Entertainment; Plain; United States
BKMI,BKMI,BNY Mellon Municipal Intermediate ETF,NASDAQ,G,Y,N,,,ETF,Fixed Income,Municipal Bond,Media & Entertainment,United States,Fixed Income; Media & Entertainment; Municipal Bond; United States
CAFX,CAFX,Congress Intermediate Bond ETF,NYSE, ,Y,N,,,ETF,Fixed Income,Plain,Media & Entertainment,United States,Fixed Income; Media & Entertainment; Plain; United States
CAM,CAM,AB California Intermediate Municipal ETF,NYSE, ,Y,N,,,ETF,Fixed Income,Municipal Bond,Media & Entertainment,United States,Fixed Income; Media & Entertainment; Municipal Bond; United States
GENM,GENM,Genter Capital Municipal Quality Intermediate ETF,NYSE, ,Y,N,,,ETF,Fixed Income,Municipal Bond; Factor,Media & Entertainment,United States,Factor; Fixed Income; Media & Entertainment; Municipal Bond; United States
MFSM,MFSM,MFS Active Intermediate Muni Bond ETF,NYSE, ,Y,N,,,ETF,Fixed Income,Municipal Bond; Active,Media & Entertainment,United States,Active; Fixed Income; Media & Entertainment; Municipal Bond; United States
MLDR,MLDR,Global X Intermediate-Term Treasury Ladder ETF,NYSE, ,Y,N,,,ETF,Fixed Income,Plain,Media & Entertainment,Global,Fixed Income; Global; Media & Entertainment; Plain
MMCA,MMCA,NYLI MacKay California Muni Intermediate ETF,NYSE, ,Y,N,,,ETF,Fixed Income,Municipal Bond,Media & Entertainment,United States,Fixed Income; Media & Entertainment; Municipal Bond; United States
MMIT,MMIT,NYLI MacKay Muni Intermediate ETF,NYSE, ,Y,N,,,ETF,Fixed Income,Municipal Bond,Media & Entertainment,United States,Fixed Income; Media & Entertainment; Municipal Bond; United States
MNBD,MNBD,ALPS BBH Intermediate Municipal Bond ETF,NYSE, ,Y,N,,,ETF,Fixed Income,Municipal Bond,Media & Entertainment,United States,Fixed Income; Media & Entertainment; Municipal Bond; United States
MUNI,MUNI,PIMCO Intermediate Municipal Bond Active Exchange-Traded Fund,NYSE, ,Y,N,,,ETF,Fixed Income,Municipal Bond; Active,Media & Entertainment,United States,Active; Fixed Income; Media & Entertainment; Municipal Bond; United States
NYM,NYM,AB New York Intermediate Municipal ETF,NYSE, ,Y,N,,,ETF,Fixed Income,Municipal Bond,Media & Entertainment,United States,Fixed Income; Media & Entertainment; Municipal Bond; United States
SCHR,SCHR,Schwab Intermediate-Term U.S. Treasury ETF,NYSE, ,Y,N,,,ETF,Fixed Income,Plain,Media & Entertainment,United States,Fixed Income; Media & Entertainment; Plain; United States
SPIB,SPIB,State Street SPDR Portfolio Intermediate Term Corporate Bond ETF,NYSE, ,Y,N,,,ETF,Fixed Income,Plain,Media & Entertainment,United States,Fixed Income; Media & Entertainment; Plain; United States
SPTI,SPTI,State Street SPDR Portfolio Intermediate Term Treasury ETF,NYSE, ,Y,N,,,ETF,Fixed Income,Plain,Media & Entertainment,United States,Fixed Income; Media & Entertainment; Plain; United States
TAFM,TAFM,AB Tax-Aware Intermediate Municipal ETF,NYSE, ,Y,N,,,ETF,Fixed Income,Municipal Bond,Media & Entertainment,United States,Fixed Income; Media & Entertainment; Municipal Bond; United States
TAXI,TAXI,Northern Trust Intermediate Tax-Exempt Bond ETF,NASDAQ,G,Y,N,,,ETF,Fixed Income,Plain,Media & Entertainment,United States,Fixed Income; Media & Entertainment; Plain; United States
VCIT,VCIT,Vanguard Intermediate-Term Corporate Bond ETF,NASDAQ,G,Y,N,,,ETF,Fixed Income,Plain,Media & Entertainment,United States,Fixed Income; Media & Entertainment; Plain; United States
VGIT,VGIT,Vanguard Intermediate-Term Treasury ETF,NASDAQ,G,Y,N,,,ETF,Fixed Income,Plain,Media & Entertainment,United States,Fixed Income; Media & Entertainment; Plain; United States
CGIB,CGIB,Capital Group International Bond ETF (USD-Hedged),NYSE, ,Y,N,,,ETF,Fixed Income; Currency,Plain,Broad Market,United States,Broad Market; Currency; Fixed Income; Plain; United States
EMHC,EMHC,State Street SPDR Bloomberg Emerging Markets USD Bond ETF,NYSE, ,Y,N,,,ETF,Fixed Income; Currency,Plain,Broad Market,Emerging Markets,Broad Market; Currency; Emerging Markets; Fixed Income; Plain
EMLC,EMLC,VanEck J. P. Morgan EM Local Currency Bond ET,NYSE, ,Y,N,,,ETF,Fixed Income; Currency,Plain,Broad Market,United States,Broad Market; Currency; Fixed Income; Plain; United States
FEMB,FEMB,First Trust Emerging Markets Local Currency Bond ETF,NASDAQ,G,Y,N,,,ETF,Fixed Income; Currency,Plain,Broad Market,Emerging Markets,Broad Market; Currency; Emerging Markets; Fixed Income; Plain
JPMB,JPMB,JPMorgan USD Emerging Markets Sovereign Bond ETF,NYSE, ,Y,N,,,ETF,Fixed Income; Currency,Plain,Broad Market,Emerging Markets,Broad Market; Currency; Emerging Markets; Fixed Income; Plain
UNIY,UNIY,WisdomTree Voya Yield Enhanced USD Universal Bond Fund,NASDAQ,G,Y,N,,,ETF,Fixed Income; Currency,Dividend/Income,Broad Market,United States,Broad Market; Currency; Dividend/Income; Fixed Income; United States
HYLB,HYLB,Xtrackers USD High Yield Corporate Bond ETF,NYSE, ,Y,N,,,ETF,Fixed Income; Currency,Dividend/Income,Dividend & Income,United States,Currency; Dividend & Income; Dividend/Income; Fixed Income; United States
HYSA,HYSA,BondBloxx USD High Yield Bond Sector Rotation ETF,NYSE, ,Y,N,,,ETF,Fixed Income; Currency,Dividend/Income,Dividend & Income,United States,Currency; Dividend & Income; Dividend/Income; Fixed Income; United States
XB,XB,BondBloxx B-Rated USD High Yield Corporate Bond ETF,NYSE, ,Y,N,,,ETF,Fixed Income; Currency,Dividend/Income,Dividend & Income,United States,Currency; Dividend & Income; Dividend/Income; Fixed Income; United States
XBB,XBB,BondBloxx BB-Rated USD High Yield Corporate Bond ETF,NYSE, ,Y,N,,,ETF,Fixed Income; Currency,Dividend/Income,Dividend & Income,United States,Currency; Dividend & Income; Dividend/Income; Fixed Income; United States
XCCC,XCCC,BondBloxx CCC-Rated USD High Yield Corporate Bond ETF,NYSE, ,Y,N,,,ETF,Fixed Income; Currency,Dividend/Income,Dividend & Income,United States,Currency; Dividend & Income; Dividend/Income; Fixed Income; United States
BGRN,BGRN,iShares USD Green Bond ETF,NASDAQ,G,Y,N,,,ETF,Fixed Income; Currency; Equity,Plain,Broad Market,United States,Broad Market; Currency; Equity; Fixed Income; Plain; United States
EMB,EMB,iShares J.P. Morgan USD Emerging Markets Bond ETF,NASDAQ,G,Y,N,,,ETF,Fixed Income; Currency; Equity,Plain,Broad Market,Emerging Markets,Broad Market; Currency; Emerging Markets; Equity; Fixed Income; Plain
EUSB,EUSB,iShares ESG Advanced Universal USD Bond ETF,NYSE, ,Y,N,,,ETF,Fixed Income; Currency; Equity,ESG/Sustainable,Broad Market,United States,Broad Market; Currency; ESG/Sustainable; Equity; Fixed Income; United States
FALN,FALN,iShares Fallen Angels USD Bond ETF,NASDAQ,G,Y,N,,,ETF,Fixed Income; Currency; Equity,Plain,Broad Market,United States,Broad Market; Currency; Equity; Fixed Income; Plain; United States
GGOV,GGOV,iShares Global Government Bond USD Hedged Active ETF,NYSE, ,Y,N,,,ETF,Fixed Income; Currency; Equity,Active,Broad Market,Global,Active; Broad Market; Currency; Equity; Fixed Income; Global
ILTB,ILTB,iShares Core 10  Year USD Bond ETF,NYSE, ,Y,N,,,ETF,Fixed Income; Currency; Equity,Plain,Broad Market,United States,Broad Market; Currency; Equity; Fixed Income; Plain; United States
IMTB,IMTB,iShares Core 5-10 Year USD Bond ETF,NYSE, ,Y,N,,,ETF,Fixed Income; Currency; Equity,Plain,Broad Market,United States,Broad Market; Currency; Equity; Fixed Income; Plain; United States
ISTB,ISTB,iShares Core 1-5 Year USD Bond ETF,NASDAQ,G,Y,N,,,ETF,Fixed Income; Currency; Equity,Plain,Broad Market,United States,Broad Market; Currency; Equity; Fixed Income; Plain; United States
IUSB,IUSB,iShares Core Universal USD Bond ETF,NASDAQ,G,Y,N,,,ETF,Fixed Income; Currency; Equity,Plain,Broad Market,United States,Broad Market; Currency; Equity; Fixed Income; Plain; United States
LEMB,LEMB,iShares J.P. Morgan EM Local Currency Bond,NYSE, ,Y,N,,,ETF,Fixed Income; Currency; Equity,Plain,Broad Market,United States,Broad Market; Currency; Equity; Fixed Income; Plain; United States
SUSB,SUSB,iShares ESG Aware 1-5 Year USD Corporate Bond ETF,NASDAQ,G,Y,N,,,ETF,Fixed Income; Currency; Equity,ESG/Sustainable,Broad Market,United States,Broad Market; Currency; ESG/Sustainable; Equity; Fixed Income; United States
SUSC,SUSC,iShares ESG Aware USD Corporate Bond ETF,NASDAQ,G,Y,N,,,ETF,Fixed Income; Currency; Equity,ESG/Sustainable,Broad Market,United States,Broad Market; Currency; ESG/Sustainable; Equity; Fixed Income; United States
USIG,USIG,iShares Broad USD Investment Grade Corporate Bond ETF,NASDAQ,G,Y,N,,,ETF,Fixed Income; Currency; Equity,Plain,Broad Market,United States,Broad Market; Currency; Equity; Fixed Income; Plain; United States
AGG,AGG,iShares Core U.S. Aggregate Bond ETF,NYSE, ,Y,N,,,ETF,Fixed Income; Equity,Plain,Broad Market,United States,Broad Market; Equity; Fixed Income; Plain; United States
AGRH,AGRH,iShares Interest Rate Hedged U.S. Aggregate Bond ETF,NYSE, ,Y,N,,,ETF,Fixed Income; Equity,Plain,Broad Market,United States,Broad Market; Equity; Fixed Income; Plain; United States
AGZ,AGZ,iShares  Agency Bond ETF,NYSE, ,Y,N,,,ETF,Fixed Income; Equity,Plain,Broad Market,United States,Broad Market; Equity; Fixed Income; Plain; United States
BNDC,BNDC,FlexShares Core Select Bond Fund,NYSE, ,Y,N,,,ETF,Fixed Income; Equity,Plain,Broad Market,United States,Broad Market; Equity; Fixed Income; Plain; United States
BREM,BREM,iShares Emerging Markets Bond Active ETF,NASDAQ,G,Y,N,,,ETF,Fixed Income; Equity,Active,Broad Market,Emerging Markets,Active; Broad Market; Emerging Markets; Equity; Fixed Income
BYLD,BYLD,iShares Yield Optimized Bond ETF,NYSE, ,Y,N,,,ETF,Fixed Income; Equity,Dividend/Income,Broad Market,United States,Broad Market; Dividend/Income; Equity; Fixed Income; United States
CMBS,CMBS,iShares CMBS Bond ETF,NYSE, ,Y,N,,,ETF,Fixed Income; Equity,Plain,Broad Market,United States,Broad Market; Equity; Fixed Income; Plain; United States
CMF,CMF,iShares California Muni Bond ETF,NYSE, ,Y,N,,,ETF,Fixed Income; Equity,Municipal Bond,Broad Market,United States,Broad Market; Equity; Fixed Income; Municipal Bond; United States
EAGG,EAGG,iShares ESG Aware U.S. Aggregate Bond ETF,NYSE, ,Y,N,,,ETF,Fixed Income; Equity,ESG/Sustainable,Broad Market,United States,Broad Market; ESG/Sustainable; Equity; Fixed Income; United States
GBF,GBF,iShares Government/Credit Bond ETF,NYSE, ,Y,N,,,ETF,Fixed Income; Equity,Plain,Broad Market,United States,Broad Market; Equity; Fixed Income; Plain; United States
GNMA,GNMA,iShares GNMA Bond ETF,NASDAQ,G,Y,N,,,ETF,Fixed Income; Equity,Plain,Broad Market,United States,Broad Market; Equity; Fixed Income; Plain; United States
HYBB,HYBB,iShares BB Rated Corporate Bond ETF,NYSE, ,Y,N,,,ETF,Fixed Income; Equity,Plain,Broad Market,United States,Broad Market; Equity; Fixed Income; Plain; United States
IBGA,IBGA,iShares iBonds Dec 2044 Term Treasury ETF,NASDAQ,G,Y,N,,,ETF,Fixed Income; Equity,Target Maturity,Broad Market,United States,Broad Market; Equity; Fixed Income; Target Maturity; United States
IBGB,IBGB,iShares iBonds Dec 2045 Term Treasury ETF,NASDAQ,G,Y,N,,,ETF,Fixed Income; Equity,Target Maturity,Broad Market,United States,Broad Market; Equity; Fixed Income; Target Maturity; United States
IBGC,IBGC,iShares iBonds Dec 2046 Term Treasury ETF,NASDAQ,G,Y,N,,,ETF,Fixed Income; Equity,Target Maturity,Broad Market,United States,Broad Market; Equity; Fixed Income; Target Maturity; United States
IBGK,IBGK,iShares iBonds Dec 2054 Term Treasury ETF,NASDAQ,G,Y,N,,,ETF,Fixed Income; Equity,Target Maturity,Broad Market,United States,Broad Market; Equity; Fixed Income; Target Maturity; United States
IBGL,IBGL,iShares iBonds Dec 2055 Term Treasury ETF,NASDAQ,G,Y,N,,,ETF,Fixed Income; Equity,Target Maturity,Broad Market,United States,Broad Market; Equity; Fixed Income; Target Maturity; United States
IBGM,IBGM,iShares iBonds Dec 2056 Term Treasury ETF,NASDAQ,G,Y,N,,,ETF,Fixed Income; Equity,Target Maturity,Broad Market,United States,Broad Market; Equity; Fixed Income; Target Maturity; United States
IBTG,IBTG,iShares iBonds Dec 2026 Term Treasury ETF,NASDAQ,G,Y,N,,,ETF,Fixed Income; Equity,Target Maturity,Broad Market,United States,Broad Market; Equity; Fixed Income; Target Maturity; United States
IBTH,IBTH,iShares iBonds Dec 2027 Term Treasury ETF,NASDAQ,G,Y,N,,,ETF,Fixed Income; Equity,Target Maturity,Broad Market,United States,Broad Market; Equity; Fixed Income; Target Maturity; United States
IBTI,IBTI,iShares iBonds Dec 2028 Term Treasury ETF,NASDAQ,G,Y,N,,,ETF,Fixed Income; Equity,Target Maturity,Broad Market,United States,Broad Market; Equity; Fixed Income; Target Maturity; United States
IBTJ,IBTJ,iShares iBonds Dec 2029 Term Treasury ETF,NASDAQ,G,Y,N,,,ETF,Fixed Income; Equity,Target Maturity,Broad Market,United States,Broad Market; Equity; Fixed Income; Target Maturity; United States
IBTK,IBTK,iShares iBonds Dec 2030 Term Treasury ETF,NASDAQ,G,Y,N,,,ETF,Fixed Income; Equity,Target Maturity,Broad Market,United States,Broad Market; Equity; Fixed Income; Target Maturity; United States
IBTL,IBTL,iShares iBonds Dec 2031 Term Treasury ETF,NASDAQ,G,Y,N,,,ETF,Fixed Income; Equity,Target Maturity,Broad Market,United States,Broad Market; Equity; Fixed Income; Target Maturity; United States
IBTM,IBTM,iShares iBonds Dec 2032 Term Treasury ETF,NASDAQ,G,Y,N,,,ETF,Fixed Income; Equity,Target Maturity,Broad Market,United States,Broad Market; Equity; Fixed Income; Target Maturity; United States
IBTO,IBTO,iShares iBonds Dec 2033 Term Treasury ETF,NASDAQ,G,Y,N,,,ETF,Fixed Income; Equity,Target Maturity,Broad Market,United States,Broad Market; Equity; Fixed Income; Target Maturity; United States
IBTP,IBTP,iShares iBonds Dec 2034 Term Treasury ETF,NASDAQ,G,Y,N,,,ETF,Fixed Income; Equity,Target Maturity,Broad Market,United States,Broad Market; Equity; Fixed Income; Target Maturity; United States
IBTQ,IBTQ,iShares iBonds Dec 2035 Term Treasury ETF,NASDAQ,G,Y,N,,,ETF,Fixed Income; Equity,Target Maturity,Broad Market,United States,Broad Market; Equity; Fixed Income; Target Maturity; United States
IBTR,IBTR,iShares iBonds Dec 2036 Term Treasury ETF,NASDAQ,G,Y,N,,,ETF,Fixed Income; Equity,Target Maturity,Broad Market,United States,Broad Market; Equity; Fixed Income; Target Maturity; United States
ICPI,ICPI,iShares 0-1 Year TIPS Bond ETF,NYSE, ,Y,N,,,ETF,Fixed Income; Equity,Plain,Broad Market,United States,Broad Market; Equity; Fixed Income; Plain; United States
IEF,IEF,iShares 7-10 Year Treasury Bond ETF,NASDAQ,G,Y,N,,,ETF,Fixed Income; Equity,Plain,Broad Market,United States,Broad Market; Equity; Fixed Income; Plain; United States
IEI,IEI,iShares 3-7 Year Treasury Bond ETF,NASDAQ,G,Y,N,,,ETF,Fixed Income; Equity,Plain,Broad Market,United States,Broad Market; Equity; Fixed Income; Plain; United States
IGBH,IGBH,iShares Interest Rate Hedged Long-Term Corporate Bond ETF,NYSE, ,Y,N,,,ETF,Fixed Income; Equity,Plain,Broad Market,United States,Broad Market; Equity; Fixed Income; Plain; United States
IGIB,IGIB,iShares 5-10 Year Investment Grade Corporate Bond ETF,NASDAQ,G,Y,N,,,ETF,Fixed Income; Equity,Plain,Broad Market,United States,Broad Market; Equity; Fixed Income; Plain; United States
IGLB,IGLB,iShares 10  Year Investment Grade Corporate Bond ETF,NYSE, ,Y,N,,,ETF,Fixed Income; Equity,Plain,Broad Market,United States,Broad Market; Equity; Fixed Income; Plain; United States
IGOV,IGOV,iShares International Treasury Bond ETF,NASDAQ,G,Y,N,,,ETF,Fixed Income; Equity,Plain,Broad Market,United States,Broad Market; Equity; Fixed Income; Plain; United States
IGSB,IGSB,iShares 1-5 Year Investment Grade Corporate Bond ETF,NASDAQ,G,Y,N,,,ETF,Fixed Income; Equity,Plain,Broad Market,United States,Broad Market; Equity; Fixed Income; Plain; United States
ISHG,ISHG,iShares 1-3 Year International Treasury Bond ETF,NASDAQ,G,Y,N,,,ETF,Fixed Income; Equity,Plain,Broad Market,United States,Broad Market; Equity; Fixed Income; Plain; United States
LDRT,LDRT,iShares iBonds 1-5 Year Treasury Ladder ETF,NYSE, ,Y,N,,,ETF,Fixed Income; Equity,Target Maturity,Broad Market,United States,Broad Market; Equity; Fixed Income; Target Maturity; United States
LMUB,LMUB,iShares Long-Term National Muni Bond ETF,NYSE, ,Y,N,,,ETF,Fixed Income; Equity,Municipal Bond,Broad Market,United States,Broad Market; Equity; Fixed Income; Municipal Bond; United States
LQD,LQD,iShares iBoxx $ Investment Grade Corporate Bond ETF,NYSE, ,Y,N,,,ETF,Fixed Income; Equity,Plain,Broad Market,United States,Broad Market; Equity; Fixed Income; Plain; United States
LQDB,LQDB,iShares BBB Rated Corporate Bond ETF,NYSE, ,Y,N,,,ETF,Fixed Income; Equity,Plain,Broad Market,United States,Broad Market; Equity; Fixed Income; Plain; United States
LQDH,LQDH,iShares Interest Rate Hedged Corporate Bond ETF,NYSE, ,Y,N,,,ETF,Fixed Income; Equity,Plain,Broad Market,United States,Broad Market; Equity; Fixed Income; Plain; United States
MUB,MUB,iShares National Muni Bond ETF,NYSE, ,Y,N,,,ETF,Fixed Income; Equity,Municipal Bond,Broad Market,United States,Broad Market; Equity; Fixed Income; Municipal Bond; United States
NYF,NYF,iShares New York Muni Bond ETF,NYSE, ,Y,N,,,ETF,Fixed Income; Equity,Municipal Bond,Broad Market,United States,Broad Market; Equity; Fixed Income; Municipal Bond; United States
QLTA,QLTA,iShares Aaa A Rated Corporate Bond ETF,NYSE, ,Y,N,,,ETF,Fixed Income; Equity,Plain,Broad Market,United States,Broad Market; Equity; Fixed Income; Plain; United States
SGOV,SGOV,iShares 0-3 Month Treasury Bond ETF,NYSE, ,Y,N,,,ETF,Fixed Income; Equity,Plain,Broad Market,United States,Broad Market; Equity; Fixed Income; Plain; United States
SHV,SHV,iShares 0-1 Year Treasury Bond ETF,NYSE, ,Y,N,,,ETF,Fixed Income; Equity,Plain,Broad Market,United States,Broad Market; Equity; Fixed Income; Plain; United States
SHY,SHY,iShares 1-3 Year Treasury Bond ETF,NASDAQ,G,Y,N,,,ETF,Fixed Income; Equity,Plain,Broad Market,United States,Broad Market; Equity; Fixed Income; Plain; United States
SKOR,SKOR,FlexShares Credit-Scored US Corporate Bond Index Fund,NASDAQ,G,Y,N,,,ETF,Fixed Income; Equity,Plain,Broad Market,United States,Broad Market; Equity; Fixed Income; Plain; United States
SLQD,SLQD,iShares 0-5 Year Investment Grade Corporate Bond ETF,NASDAQ,G,Y,N,,,ETF,Fixed Income; Equity,Plain,Broad Market,United States,Broad Market; Equity; Fixed Income; Plain; United States
STIP,STIP,iShares 0-5 Year TIPS Bond ETF,NYSE, ,Y,N,,,ETF,Fixed Income; Equity,Plain,Broad Market,United States,Broad Market; Equity; Fixed Income; Plain; United States
TFLO,TFLO,iShares Treasury Floating Rate Bond ETF,NYSE, ,Y,N,,,ETF,Fixed Income; Equity,Plain,Broad Market,United States,Broad Market; Equity; Fixed Income; Plain; United States
TIP,TIP,iShares TIPS Bond ETF,NYSE, ,Y,N,,,ETF,Fixed Income; Equity,Plain,Broad Market,United States,Broad Market; Equity; Fixed Income; Plain; United States
TLH,TLH,iShares 10-20 Year Treasury Bond ETF,NYSE, ,Y,N,,,ETF,Fixed Income; Equity,Plain,Broad Market,United States,Broad Market; Equity; Fixed Income; Plain; United States
TLT,TLT,iShares 20+ Year Treasury Bond ETF,NASDAQ,G,Y,N,,,ETF,Fixed Income; Equity,Plain,Broad Market,United States,Broad Market; Equity; Fixed Income; Plain; United States
UBND,UBND,VictoryShares Core Plus Bond ETF,NASDAQ,G,Y,N,,,ETF,Fixed Income; Equity,Plain,Broad Market,United States,Broad Market; Equity; Fixed Income; Plain; United States
UCRD,UCRD,VictoryShares Corporate Bond ETF,NASDAQ,G,Y,N,,,ETF,Fixed Income; Equity,Plain,Broad Market,United States,Broad Market; Equity; Fixed Income; Plain; United States
TROT,TROT,Invesco MSCI Treasury Duration Rotation ETF,NYSE, ,Y,N,,,ETF,Fixed Income; Equity,Plain,Broad Market & Core Indices,United States,Broad Market & Core Indices; Equity; Fixed Income; Plain; United States
BRHY,BRHY,iShares High Yield Active ETF,NASDAQ,G,Y,N,,,ETF,Fixed Income; Equity,Dividend/Income; Active,Dividend & Income,United States,Active; Dividend & Income; Dividend/Income; Equity; Fixed Income; United States
HYG,HYG,iShares iBoxx $ High Yield Corporate Bond ETF,NYSE, ,Y,N,,,ETF,Fixed Income; Equity,Dividend/Income,Dividend & Income,United States,Dividend & Income; Dividend/Income; Equity; Fixed Income; United States
HYGH,HYGH,iShares Interest Rate Hedged High Yield Bond ETF,NYSE, ,Y,N,,,ETF,Fixed Income; Equity,Dividend/Income,Dividend & Income,United States,Dividend & Income; Dividend/Income; Equity; Fixed Income; United States
HYXF,HYXF,iShares ESG Advanced High Yield Corporate Bond ETF,NASDAQ,G,Y,N,,,ETF,Fixed Income; Equity,Dividend/Income; ESG/Sustainable,Dividend & Income,United States,Dividend & Income; Dividend/Income; ESG/Sustainable; Equity; Fixed Income; United States
PEY,PEY,Invesco High Yield Equity Dividend Achievers ETF,NASDAQ,G,Y,N,,,ETF,Fixed Income; Equity,Dividend/Income,Dividend & Income,United States,Dividend & Income; Dividend/Income; Equity; Fixed Income; United States
SHYG,SHYG,iShares 0-5 Year High Yield Corporate Bond ETF,NYSE, ,Y,N,,,ETF,Fixed Income; Equity,Dividend/Income,Dividend & Income,United States,Dividend & Income; Dividend/Income; Equity; Fixed Income; United States
HYGV,HYGV,FlexShares High Yield Value-Scored Bond Index Fund,NYSE, ,Y,N,,,ETF,Fixed Income; Equity,Dividend/Income; Factor,Dividend & Income; Value & Quality,United States,Dividend & Income; Dividend/Income; Equity; Factor; Fixed Income; United States; Value & Quality
UITB,UITB,VictoryShares Core Intermediate Bond ETF,NASDAQ,G,Y,N,,,ETF,Fixed Income; Equity,Plain,Media & Entertainment,United States,Equity; Fixed Income; Media & Entertainment; Plain; United States
MMMA,MMMA,NYLI MacKay Muni Allocation ETF,NYSE, ,Y,N,,,ETF,Fixed Income; Multi Asset,Municipal Bond,Broad Market,United States,Broad Market; Fixed Income; Multi Asset; Municipal Bond; United States
AVMA,AVMA,Avantis Moderate Allocation ETF,NYSE, ,Y,N,,,ETF,Multi Asset,Plain,Broad Market,United States,Broad Market; Multi Asset; Plain; United States
GAL,GAL,State Street Global Allocation ETF,NYSE, ,Y,N,,,ETF,Multi Asset,Plain,Broad Market,Global,Broad Market; Global; Multi Asset; Plain
GMOD,GMOD,GMO Dynamic Allocation ETF,NYSE, ,Y,N,,,ETF,Multi Asset,Plain,Broad Market,United States,Broad Market; Multi Asset; Plain; United States
HECA,HECA,Hedgeye Capital Allocation ETF,NYSE, ,Y,N,,,ETF,Multi Asset,Plain,Broad Market,United States,Broad Market; Multi Asset; Plain; United States
MAPP,MAPP,Harbor Multi-Asset Explorer ETF,NYSE, ,Y,N,,,ETF,Multi Asset,Plain,Broad Market,United States,Broad Market; Multi Asset; Plain; United States
MDAA,MDAA,Myriad Dynamic Asset Allocation ETF,NYSE, ,Y,N,,,ETF,Multi Asset,Plain,Broad Market,United States,Broad Market; Multi Asset; Plain; United States
MOOD,MOOD,Relative Sentiment Tactical Allocation ETF,NASDAQ,G,Y,N,,,ETF,Multi Asset,Plain,Broad Market,United States,Broad Market; Multi Asset; Plain; United States
NDAA,NDAA,Ned Davis Research 360 Dynamic Allocation ETF,NASDAQ,G,Y,N,,,ETF,Multi Asset,Plain,Broad Market,United States,Broad Market; Multi Asset; Plain; United States
NMBL,NMBL,NovaTide Flexible Allocation ETF,NYSE, ,Y,N,,,ETF,Multi Asset,Plain,Broad Market,United States,Broad Market; Multi Asset; Plain; United States
PRTO,PRTO,RCN Pareto Strategic Allocation ETF,NYSE, ,Y,N,,,ETF,Multi Asset,Plain,Broad Market,United States,Broad Market; Multi Asset; Plain; United States
RAA,RAA,SMI 3Fourteen REAL Asset Allocation ETF,NASDAQ,G,Y,N,,,ETF,Multi Asset,Plain,Broad Market,United States,Broad Market; Multi Asset; Plain; United States
RLY,RLY,State Street Multi-Asset Real Return ETF,NYSE, ,Y,N,,,ETF,Multi Asset,Plain,Broad Market,United States,Broad Market; Multi Asset; Plain; United States
TFPN,TFPN,Blueprint Chesapeake Multi-Asset Trend ETF,NYSE, ,Y,N,,,ETF,Multi Asset,Plain,Broad Market,United States,Broad Market; Multi Asset; Plain; United States
AOA,AOA,iShares Core 80/20 Aggressive Allocation ETF,NYSE, ,Y,N,,,ETF,Multi Asset; Equity,Plain,Broad Market,United States,Broad Market; Equity; Multi Asset; Plain; United States
AOK,AOK,iShares Core 30/70 Conservative Allocation ETF,NYSE, ,Y,N,,,ETF,Multi Asset; Equity,Plain,Broad Market,United States,Broad Market; Equity; Multi Asset; Plain; United States
AOM,AOM,iShares Core 40/60 Moderate Allocation ETF,NYSE, ,Y,N,,,ETF,Multi Asset; Equity,Plain,Broad Market,United States,Broad Market; Equity; Multi Asset; Plain; United States
AOR,AOR,iShares Core 60/40 Balanced Allocation ETF,NYSE, ,Y,N,,,ETF,Multi Asset; Equity,Plain,Broad Market,United States,Broad Market; Equity; Multi Asset; Plain; United States
AVRE,AVRE,Avantis Real Estate ETF,NYSE, ,Y,N,,,ETF,Real Estate,Plain,Real Estate & REITs,United States,Plain; Real Estate; Real Estate & REITs; United States
BYRE,BYRE,Principal Real Estate Active Opportunities ETF,NYSE, ,Y,N,,,ETF,Real Estate,Active,Real Estate & REITs,United States,Active; Real Estate; Real Estate & REITs; United States
CLIM,CLIM,Climate Global - Climate Resilient REIT Index ETF,NYSE, ,Y,N,,,ETF,Real Estate,ESG/Sustainable,Real Estate & REITs,Global,ESG/Sustainable; Global; Real Estate; Real Estate & REITs
CRED,CRED,Columbia Research Enhanced Real Estate ETF,NYSE, ,Y,N,,,ETF,Real Estate,Plain,Real Estate & REITs,United States,Plain; Real Estate; Real Estate & REITs; United States
CSRE,CSRE,Cohen & Steers Real Estate Active ETF,NYSE, ,Y,N,,,ETF,Real Estate,Active,Real Estate & REITs,United States,Active; Real Estate; Real Estate & REITs; United States
DCRE,DCRE,DoubleLine Commercial Real Estate Debt ETF,NYSE, ,Y,N,,,ETF,Real Estate,Plain,Real Estate & REITs,United States,Plain; Real Estate; Real Estate & REITs; United States
DESK,DESK,VanEck Office and Commercial REIT ETF,NYSE, ,Y,N,,,ETF,Real Estate,Plain,Real Estate & REITs,United States,Plain; Real Estate; Real Estate & REITs; United States
DFAR,DFAR,Dimensional US Real Estate ETF,NYSE, ,Y,N,,,ETF,Real Estate,Plain,Real Estate & REITs,United States,Plain; Real Estate; Real Estate & REITs; United States
DFGR,DFGR,Dimensional Global Real Estate ETF,NYSE, ,Y,N,,,ETF,Real Estate,Plain,Real Estate & REITs,Global,Global; Plain; Real Estate; Real Estate & REITs
DTRE,DTRE,First Trust Alerian Disruptive Technology Real Estate ETF,NYSE, ,Y,N,,,ETF,Real Estate,Plain,Real Estate & REITs,United States,Plain; Real Estate; Real Estate & REITs; United States
DVRE,DVRE,WEBs Real Estate XLRE Defined Volatility ETF,NASDAQ,G,Y,N,,,ETF,Real Estate,Plain,Real Estate & REITs,United States,Plain; Real Estate; Real Estate & REITs; United States
HAUZ,HAUZ,Xtrackers International Real Estate ETF,NYSE, ,Y,N,,,ETF,Real Estate,Plain,Real Estate & REITs,United States,Plain; Real Estate; Real Estate & REITs; United States
JRE,JRE,Janus Henderson U.S. Real Estate ETF,NYSE, ,Y,N,,,ETF,Real Estate,Plain,Real Estate & REITs,United States,Plain; Real Estate; Real Estate & REITs; United States
LPRE,LPRE,Long Pond Real Estate Select ETF,NYSE, ,Y,N,,,ETF,Real Estate,Plain,Real Estate & REITs,United States,Plain; Real Estate; Real Estate & REITs; United States
NETL,NETL,Colterpoint Net Lease Real Estate ETF,NYSE, ,Y,N,,,ETF,Real Estate,Plain,Real Estate & REITs,United States,Plain; Real Estate; Real Estate & REITs; United States
PFFR,PFFR,InfraCap REIT Preferred ETF,NYSE, ,Y,N,,,ETF,Real Estate,Plain,Real Estate & REITs,United States,Plain; Real Estate; Real Estate & REITs; United States
PPTY,PPTY,U.S. Diversified Real Estate ETF,NYSE, ,Y,N,,,ETF,Real Estate,Plain,Real Estate & REITs,United States,Plain; Real Estate; Real Estate & REITs; United States
PSR,PSR,Invesco Active U.S. Real Estate Fund,NYSE, ,Y,N,,,ETF,Real Estate,Active,Real Estate & REITs,United States,Active; Real Estate; Real Estate & REITs; United States
REAI,REAI,Intelligent Real Estate ETF,NASDAQ,G,Y,N,,,ETF,Real Estate,Plain,Real Estate & REITs,United States,Plain; Real Estate; Real Estate & REITs; United States
REIT,REIT,ALPS Active REIT ETF,NASDAQ,G,Y,N,,,ETF,Real Estate,Active,Real Estate & REITs,United States,Active; Real Estate; Real Estate & REITs; United States
RITA,RITA,ETFB Green SRI REITs ETF,NYSE, ,Y,N,,,ETF,Real Estate,Plain,Real Estate & REITs,United States,Plain; Real Estate; Real Estate & REITs; United States
SCHH,SCHH,Schwab U.S. REIT ETF,NYSE, ,Y,N,,,ETF,Real Estate,Plain,Real Estate & REITs,United States,Plain; Real Estate; Real Estate & REITs; United States
TSRS,TSRS,Truth Social American Red State REITs ETF,NYSE, ,Y,N,,,ETF,Real Estate,Plain,Real Estate & REITs,United States,Plain; Real Estate; Real Estate & REITs; United States
VGSR,VGSR,Vert Global Sustainable Real Estate ETF,NASDAQ,G,Y,N,,,ETF,Real Estate,ESG/Sustainable,Real Estate & REITs,Global,ESG/Sustainable; Global; Real Estate; Real Estate & REITs
VNQ,VNQ,Vanguard Real Estate ETF,NYSE, ,Y,N,,,ETF,Real Estate,Plain,Real Estate & REITs,United States,Plain; Real Estate; Real Estate & REITs; United States
VNQI,VNQI,Vanguard Global ex-U.S. Real Estate ETF,NASDAQ,G,Y,N,,,ETF,Real Estate,Plain,Real Estate & REITs,Developed ex-US; Global; United States,Developed ex-US; Global; Plain; Real Estate; Real Estate & REITs; United States
WTRE,WTRE,WisdomTree New Economy Real Estate Fund,NYSE, ,Y,N,,,ETF,Real Estate,Plain,Real Estate & REITs,United States,Plain; Real Estate; Real Estate & REITs; United States
XLRE,XLRE,State Street Real Estate Select Sector SPDR ETF,NYSE, ,Y,N,,,ETF,Real Estate,Plain,Real Estate & REITs,United States,Plain; Real Estate; Real Estate & REITs; United States
RDOG,RDOG,ALPS REIT Dividend Dogs ETF,NYSE, ,Y,N,,,ETF,Real Estate,Dividend/Income,Real Estate & REITs; Dividend & Income,United States,Dividend & Income; Dividend/Income; Real Estate; Real Estate & REITs; United States
SRET,SRET,Global X SuperDividend REIT ETF,NASDAQ,G,Y,N,,,ETF,Real Estate,Dividend/Income,Real Estate & REITs; Dividend & Income,Global,Dividend & Income; Dividend/Income; Global; Real Estate; Real Estate & REITs
SRHR,SRHR,SRH REIT Covered Call ETF,NYSE, ,Y,N,,,ETF,Real Estate,Covered Call,Real Estate & REITs; Dividend & Income,United States,Covered Call; Dividend & Income; Real Estate; Real Estate & REITs; United States
INDS,INDS,Pacer Industrial Real Estate ETF,NYSE, ,Y,N,,,ETF,Real Estate,Plain,Real Estate & REITs; Industrials & Manufacturing,United States,Industrials & Manufacturing; Plain; Real Estate; Real Estate & REITs; United States
SRVR,SRVR,Pacer Data & Infrastructure Real Estate ETF,NYSE, ,Y,N,,,ETF,Real Estate,Plain,Real Estate & REITs; Infrastructure,United States,Infrastructure; Plain; Real Estate; Real Estate & REITs; United States
IDGT,IDGT,iShares U.S. Digital Infrastructure and Real Estate ETF,NYSE, ,Y,N,,,ETF,Real Estate; Equity,Plain,Datacenter & Hyperscaler; Real Estate & REITs; Infrastructure,United States,Datacenter & Hyperscaler; Equity; Infrastructure; Plain; Real Estate; Real Estate & REITs; United States
ERET,ERET,iShares Environmentally Aware Real Estate ETF,NASDAQ,G,Y,N,,,ETF,Real Estate; Equity,Plain,Real Estate & REITs,United States,Equity; Plain; Real Estate; Real Estate & REITs; United States
FRI,FRI,First Trust S&P REIT Index Fund,NYSE, ,Y,N,,,ETF,Real Estate; Equity,Plain,Real Estate & REITs,United States,Equity; Plain; Real Estate; Real Estate & REITs; United States
GQRE,GQRE,FlexShares Global Quality Real Estate Index Fund,NYSE, ,Y,N,,,ETF,Real Estate; Equity,Factor,Real Estate & REITs,Global,Equity; Factor; Global; Real Estate; Real Estate & REITs
IFGL,IFGL,iShares International Developed Real Estate ETF,NASDAQ,G,Y,N,,,ETF,Real Estate; Equity,Plain,Real Estate & REITs,Developed ex-US,Developed ex-US; Equity; Plain; Real Estate; Real Estate & REITs
IYR,IYR,iShares U.S. Real Estate ETF,NYSE, ,Y,N,,,ETF,Real Estate; Equity,Plain,Real Estate & REITs,United States,Equity; Plain; Real Estate; Real Estate & REITs; United States
KBWY,KBWY,Invesco KBW Premium Yield Equity REIT ETF,NASDAQ,G,Y,N,,,ETF,Real Estate; Equity,Dividend/Income,Real Estate & REITs,United States,Dividend/Income; Equity; Real Estate; Real Estate & REITs; United States
REET,REET,iShares Global REIT ETF,NYSE, ,Y,N,,,ETF,Real Estate; Equity,Plain,Real Estate & REITs,Global,Equity; Global; Plain; Real Estate; Real Estate & REITs
REZ,REZ,iShares Residential and Multisector Real Estate ETF,NYSE, ,Y,N,,,ETF,Real Estate; Equity,Plain,Real Estate & REITs,United States,Equity; Plain; Real Estate; Real Estate & REITs; United States
SPRE,SPRE,SP Funds S&P Global REIT Sharia ETF,NYSE, ,Y,N,,,ETF,Real Estate; Equity,Plain,Real Estate & REITs,Global,Equity; Global; Plain; Real Estate; Real Estate & REITs
USRT,USRT,iShares Core U.S. REIT ETF,NYSE, ,Y,N,,,ETF,Real Estate; Equity,Plain,Real Estate & REITs,United States,Equity; Plain; Real Estate; Real Estate & REITs; United States
FREL,FREL,Fidelity MSCI Real Estate Index ETF,NYSE, ,Y,N,,,ETF,Real Estate; Equity,Plain,Real Estate & REITs; Broad Market & Core Indices,United States,Broad Market & Core Indices; Equity; Plain; Real Estate; Real Estate & REITs; United States
RSPR,RSPR,Invesco S&P 500 Equal Weight Real Estate ETF,NYSE, ,Y,N,,,ETF,Real Estate; Equity,Factor,Real Estate & REITs; Broad Market & Core Indices,United States,Broad Market & Core Indices; Equity; Factor; Real Estate; Real Estate & REITs; United States
RWO,RWO,State Street SPDR Dow Jones Global Real Estate ETF,NYSE, ,Y,N,,,ETF,Real Estate; Equity,Plain,Real Estate & REITs; Broad Market & Core Indices,Global,Broad Market & Core Indices; Equity; Global; Plain; Real Estate; Real Estate & REITs
RWR,RWR,State Street SPDR Dow Jones REIT ETF,NYSE, ,Y,N,,,ETF,Real Estate; Equity,Plain,Real Estate & REITs; Broad Market & Core Indices,United States,Broad Market & Core Indices; Equity; Plain; Real Estate; Real Estate & REITs; United States
RWX,RWX,State Street SPDR Dow Jones International Real Estate ETF,NYSE, ,Y,N,,,ETF,Real Estate; Equity,Plain,Real Estate & REITs; Broad Market & Core Indices,United States,Broad Market & Core Indices; Equity; Plain; Real Estate; Real Estate & REITs; United States
