Ticker,Security Name,Asset Class,Strategy,Theme,Geography,Category Flags
ACOM,Harbor Active Commodity ETF,Commodity,Active,Base Metals & Commodities,United States,Active; Base Metals & Commodities; Commodity; United States
BCD,abrdn Bloomberg All Commodity Longer Dated Strategy K-1 Free ETF,Commodity,Plain,Base Metals & Commodities,United States,Base Metals & Commodities; Commodity; Plain; United States
BCI,abrdn Bloomberg All Commodity Strategy K-1 Free ETF,Commodity,Plain,Base Metals & Commodities,United States,Base Metals & Commodities; Commodity; Plain; United States
CCOM,Simplify Chinese Commodities Strategy No K-1 ETF,Commodity,Plain,Base Metals & Commodities,China,Base Metals & Commodities; China; Commodity; Plain
CERY,State Street SPDR Bloomberg Enhanced Roll Yield Commodity Strategy No K-1 ETF,Commodity,Dividend/Income,Base Metals & Commodities,United States,Base Metals & Commodities; Commodity; Dividend/Income; United States
CMDT,PIMCO Commodity Strategy Active Exchange-Traded Fund,Commodity,Active,Base Metals & Commodities,United States,Active; Base Metals & Commodities; Commodity; United States
COM,Direxion Auspice Broad Commodity Strategy ETF,Commodity,Plain,Base Metals & Commodities,United States,Base Metals & Commodities; Commodity; Plain; United States
CPER,United States Copper Index Fund ETV,Commodity,Plain,Base Metals & Commodities,United States,Base Metals & Commodities; Commodity; Plain; United States
CPXR,USCF Daily Target 2X Copper Index ETF,Commodity,Plain,Base Metals & Commodities,United States,Base Metals & Commodities; Commodity; Plain; United States
DBC,Invesco DB Commodity Index Tracking Fund,Commodity,Plain,Base Metals & Commodities,United States,Base Metals & Commodities; Commodity; Plain; United States
DCMT,DoubleLine Commodity Strategy ETF,Commodity,Plain,Base Metals & Commodities,United States,Base Metals & Commodities; Commodity; Plain; United States
EMET,VanEck Copper and Electrification Metals ETF,Commodity,Plain,Base Metals & Commodities,United States,Base Metals & Commodities; Commodity; Plain; United States
FTGC,First Trust Global Tactical Commodity Strategy Fund,Commodity,Plain,Base Metals & Commodities,Global,Base Metals & Commodities; Commodity; Global; Plain
GCC,WisdomTree EnhancedContinuous Commodity Index Fund,Commodity,Plain,Base Metals & Commodities,United States,Base Metals & Commodities; Commodity; Plain; United States
HARD,Simplify Commodities Strategy No K-1 ETF,Commodity,Plain,Base Metals & Commodities,United States,Base Metals & Commodities; Commodity; Plain; United States
HGER,Harbor Commodity All-Weather Strategy ETF,Commodity,Plain,Base Metals & Commodities,United States,Base Metals & Commodities; Commodity; Plain; United States
NBCM,Neuberger Commodity Strategy ETF,Commodity,Plain,Base Metals & Commodities,United States,Base Metals & Commodities; Commodity; Plain; United States
PDBA,Invesco Agriculture Commodity Strategy No K-1 ETF,Commodity,Plain,Base Metals & Commodities,United States,Base Metals & Commodities; Commodity; Plain; United States
PDBC,Invesco Optimum Yield Diversified Commodity Strategy No K-1 ETF,Commodity,Dividend/Income,Base Metals & Commodities,United States,Base Metals & Commodities; Commodity; Dividend/Income; United States
SCOP,Sprott Physical Copper Trust Units,Commodity,Plain,Base Metals & Commodities,United States,Base Metals & Commodities; Commodity; Plain; United States
SDCI,USCF SummerHaven Dynamic Commodity Strategy No K-1 Fund,Commodity,Plain,Base Metals & Commodities,United States,Base Metals & Commodities; Commodity; Plain; United States
USCI,United States Commodity Index Fund ETV,Commodity,Plain,Base Metals & Commodities,United States,Base Metals & Commodities; Commodity; Plain; United States
ZSC,USCF Sustainable Commodity Strategy Fund,Commodity,ESG/Sustainable,Base Metals & Commodities,United States,Base Metals & Commodities; Commodity; ESG/Sustainable; United States
EVMT,Invesco Electric Vehicle Metals Commodity Strategy No K-1 ETF,Commodity,Plain,Electric Vehicles & Batteries; Base Metals & Commodities,United States,Base Metals & Commodities; Commodity; Electric Vehicles & Batteries; Plain; United States
AGMI,Themes Silver Miners ETF,Commodity,Plain,Precious Metals,United States,Commodity; Plain; Precious Metals; United States
AUAU,Global X Gold Miners ETF,Commodity,Plain,Precious Metals,Global,Commodity; Global; Plain; Precious Metals
AUMI,Themes Gold Miners ETF,Commodity,Plain,Precious Metals,United States,Commodity; Plain; Precious Metals; United States
CEF,Sprott Physical Gold and Silver Trust Units,Commodity,Plain,Precious Metals,United States,Commodity; Plain; Precious Metals; United States
FGDL,Franklin Responsibly Sourced Gold ETF,Commodity,Plain,Precious Metals,United States,Commodity; Plain; Precious Metals; United States
GBUG,Sprott Active Gold & Silver Miners ETF,Commodity,Active,Precious Metals,United States,Active; Commodity; Precious Metals; United States
GDX,VanEck Gold Miners ETF,Commodity,Plain,Precious Metals,United States,Commodity; Plain; Precious Metals; United States
GDXJ,VanEck Junior Gold Miners ETF,Commodity,Plain,Precious Metals,United States,Commodity; Plain; Precious Metals; United States
GOAU,US Global GO Gold and Precious Metal Miners ETF,Commodity,Plain,Precious Metals,Global; United States,Commodity; Global; Plain; Precious Metals; United States
GOEX,Global X Gold Explorers ETF,Commodity,Plain,Precious Metals,Global,Commodity; Global; Plain; Precious Metals
OUNZ,VanEck Merk Gold ETF,Commodity,Plain,Precious Metals,United States,Commodity; Plain; Precious Metals; United States
PHYS,Sprott Physical Gold Trust ETV,Commodity,Plain,Precious Metals,United States,Commodity; Plain; Precious Metals; United States
PSLV,Sprott Physical Silver Trust ETV,Commodity,Plain,Precious Metals,United States,Commodity; Plain; Precious Metals; United States
SGDJ,Sprott Junior Gold Miners ETF,Commodity,Plain,Precious Metals,United States,Commodity; Plain; Precious Metals; United States
SGDM,Sprott Gold Miners ETF,Commodity,Plain,Precious Metals,United States,Commodity; Plain; Precious Metals; United States
SIL,Global X Silver Miners ETF,Commodity,Plain,Precious Metals,Global,Commodity; Global; Plain; Precious Metals
SILJ,Amplify Junior Silver Miners ETF,Commodity,Plain,Precious Metals,United States,Commodity; Plain; Precious Metals; United States
SLVR,Sprott Silver Miners & Physical Silver ETF,Commodity,Plain,Precious Metals,United States,Commodity; Plain; Precious Metals; United States
YGLD,Simplify Gold Strategy ETF,Commodity,Plain,Precious Metals,United States,Commodity; Plain; Precious Metals; United States
COPJ,Sprott Junior Copper Miners ETF,Commodity,Plain,Precious Metals; Base Metals & Commodities,United States,Base Metals & Commodities; Commodity; Plain; Precious Metals; United States
COPP,Sprott Copper Miners ETF,Commodity,Plain,Precious Metals; Base Metals & Commodities,United States,Base Metals & Commodities; Commodity; Plain; Precious Metals; United States
COPX,Global X Copper Miners ETF,Commodity,Plain,Precious Metals; Base Metals & Commodities,Global,Base Metals & Commodities; Commodity; Global; Plain; Precious Metals
COPZ,Defiance Daily Target 2X Long Copper Miners ETF,Commodity,Plain,Precious Metals; Base Metals & Commodities,United States,Base Metals & Commodities; Commodity; Plain; Precious Metals; United States
SLJY,Amplify SILJ Junior Silver Miners Covered Call ETF,Commodity,Covered Call,Precious Metals; Dividend & Income,United States,Commodity; Covered Call; Dividend & Income; Precious Metals; United States
BNO,"United States Brent Oil Fund, LP ETV",Commodity,Plain,Traditional Energy,United States,Commodity; Plain; Traditional Energy; United States
CRAK,VanEck Oil Refiners ETF,Commodity,Plain,Traditional Energy,United States,Commodity; Plain; Traditional Energy; United States
DBO,Invesco DB Oil Fund,Commodity,Plain,Traditional Energy,United States,Commodity; Plain; Traditional Energy; United States
FCG,First Trust Natural Gas ETF,Commodity,Plain,Traditional Energy,United States,Commodity; Plain; Traditional Energy; United States
LNGX,Global X U.S. Natural Gas ETF,Commodity,Plain,Traditional Energy,Global; United States,Commodity; Global; Plain; Traditional Energy; United States
OIH,VanEck Oil Services ETF,Commodity,Plain,Traditional Energy,United States,Commodity; Plain; Traditional Energy; United States
OILT,Texas Capital Texas Oil Index ETF,Commodity,Plain,Traditional Energy,United States,Commodity; Plain; Traditional Energy; United States
PBOG,Portfolio Building Block Integrated Oil and Gas and Exploration and Production Index ETF,Commodity,Plain,Traditional Energy,United States,Commodity; Plain; Traditional Energy; United States
PXJ,Invesco Oil & Gas Services ETF,Commodity,Plain,Traditional Energy,United States,Commodity; Plain; Traditional Energy; United States
UNG,United States Natural Gas Fund LP,Commodity,Plain,Traditional Energy,United States,Commodity; Plain; Traditional Energy; United States
UNL,United States 12 Month Natural Gas Fund,Commodity,Plain,Traditional Energy,United States,Commodity; Plain; Traditional Energy; United States
USL,United States 12 Month Oil,Commodity,Plain,Traditional Energy,United States,Commodity; Plain; Traditional Energy; United States
USO,United States Oil Fund,Commodity,Plain,Traditional Energy,United States,Commodity; Plain; Traditional Energy; United States
USE,USCF Energy Commodity Strategy Absolute Return Fund,Commodity,Plain,Traditional Energy; Base Metals & Commodities,United States,Base Metals & Commodities; Commodity; Plain; Traditional Energy; United States
USNG,Amplify Samsung U.S. Natural Gas Infrastructure ETF,Commodity,Plain,Traditional Energy; Infrastructure,United States,Commodity; Infrastructure; Plain; Traditional Energy; United States
NLR,VanEck Uranium and Nuclear ETF,Commodity,Plain,Uranium & Nuclear,United States,Commodity; Plain; United States; Uranium & Nuclear
URA,Global X Uranium ETF,Commodity,Plain,Uranium & Nuclear,Global,Commodity; Global; Plain; Uranium & Nuclear
URNJ,Sprott Junior Uranium Miners ETF,Commodity,Plain,Uranium & Nuclear; Precious Metals,United States,Commodity; Plain; Precious Metals; United States; Uranium & Nuclear
URNM,Sprott Uranium Miners ETF,Commodity,Plain,Uranium & Nuclear; Precious Metals,United States,Commodity; Plain; Precious Metals; United States; Uranium & Nuclear
CMDY,iShares Bloomberg Roll Select Commodity Strategy ETF,Commodity; Equity,Plain,Base Metals & Commodities,United States,Base Metals & Commodities; Commodity; Equity; Plain; United States
COMB,GraniteShares Bloomberg Commodity Broad Strategy No K-1 ETF,Commodity; Equity,Plain,Base Metals & Commodities,United States,Base Metals & Commodities; Commodity; Equity; Plain; United States
COMT,iShares GSCI Commodity Dynamic Roll Strategy ETF,Commodity; Equity,Plain,Base Metals & Commodities,United States,Base Metals & Commodities; Commodity; Equity; Plain; United States
GSG,iShares GSCI Commodity-Indexed Trust Fund,Commodity; Equity,Plain,Base Metals & Commodities,United States,Base Metals & Commodities; Commodity; Equity; Plain; United States
ICOP,iShares Copper and Metals Mining ETF,Commodity; Equity,Plain,Base Metals & Commodities,United States,Base Metals & Commodities; Commodity; Equity; Plain; United States
GLD,SPDR Gold Shares,Commodity; Equity,Plain,Precious Metals,United States,Commodity; Equity; Plain; Precious Metals; United States
GLDM,SPDR Gold MiniShares Trust,Commodity; Equity,Plain,Precious Metals,United States,Commodity; Equity; Plain; Precious Metals; United States
IAU,iShares Gold Trust Shares,Commodity; Equity,Plain,Precious Metals,United States,Commodity; Equity; Plain; Precious Metals; United States
IAUM,iShares Gold Trust Micro Shares,Commodity; Equity,Plain,Precious Metals,United States,Commodity; Equity; Plain; Precious Metals; United States
NUGY,GraniteShares YieldBOOST Gold Miners ETF,Commodity; Equity,Dividend/Income,Precious Metals,United States,Commodity; Dividend/Income; Equity; Precious Metals; United States
SGOL,abrdn Physical Gold Shares ETF,Commodity; Equity,Plain,Precious Metals,United States,Commodity; Equity; Plain; Precious Metals; United States
SIVR,abrdn Physical Silver Shares ETF,Commodity; Equity,Plain,Precious Metals,United States,Commodity; Equity; Plain; Precious Metals; United States
SLV,iShares Silver Trust,Commodity; Equity,Plain,Precious Metals,United States,Commodity; Equity; Plain; Precious Metals; United States
RING,iShares MSCI Global Gold Miners ETF,Commodity; Equity,Plain,Precious Metals; Broad Market & Core Indices,Global,Broad Market & Core Indices; Commodity; Equity; Global; Plain; Precious Metals
GLDI,"ETRACS Gold Shares Covered Call ETNs due February 2, 2033",Commodity; Equity,Covered Call,Precious Metals; Dividend & Income,United States,Commodity; Covered Call; Dividend & Income; Equity; Precious Metals; United States
SLVO,"ETRACS Silver Shares Covered Call ETNs due April 21, 2033",Commodity; Equity,Covered Call,Precious Metals; Dividend & Income,United States,Commodity; Covered Call; Dividend & Income; Equity; Precious Metals; United States
IEZ,iShares U.S. Oil Equipment & Services ETF,Commodity; Equity,Plain,Traditional Energy,United States,Commodity; Equity; Plain; Traditional Energy; United States
XES,State Street SPDR S&P Oil & Gas Equipment & Services ETF,Commodity; Equity,Plain,Traditional Energy,United States,Commodity; Equity; Plain; Traditional Energy; United States
XOP,State Street SPDR S&P Oil & Gas Exploration & Production ETF,Commodity; Equity,Plain,Traditional Energy,United States,Commodity; Equity; Plain; Traditional Energy; United States
FTXN,First Trust Nasdaq Oil & Gas ETF,Commodity; Equity,Plain,Traditional Energy; Broad Market & Core Indices,United States,Broad Market & Core Indices; Commodity; Equity; Plain; Traditional Energy; United States
USOI,"ETRACS Crude Oil Shares Covered Call ETNs due April 24, 2037",Commodity; Equity,Covered Call,Traditional Energy; Dividend & Income,United States,Commodity; Covered Call; Dividend & Income; Equity; Traditional Energy; United States
ESBG,"First Trust Enhanced Stocks, Bonds & Gold ETF",Commodity; Fixed Income; Equity,Plain,Precious Metals,United States,Commodity; Equity; Fixed Income; Plain; Precious Metals; United States
BSOL,Bitwise Solana Staking ETF,Crypto,Plain,Broad Market,United States,Broad Market; Crypto; Plain; United States
FSOL,Fidelity Solana Fund,Crypto,Plain,Broad Market,United States,Broad Market; Crypto; Plain; United States
GSOL,Grayscale Solana Staking ETF,Crypto,Plain,Broad Market,United States,Broad Market; Crypto; Plain; United States
GSUI,Grayscale Sui Staking ETF,Crypto,Plain,Broad Market,United States,Broad Market; Crypto; Plain; United States
SOEZ,Franklin Solana ETF,Crypto,Plain,Broad Market,United States,Broad Market; Crypto; Plain; United States
SOLC,Canary Marinade Solana ETF,Crypto,Plain,Broad Market,United States,Broad Market; Crypto; Plain; United States
SOLT,2x Solana ETF,Crypto,Plain,Broad Market,United States,Broad Market; Crypto; Plain; United States
SOLZ,Solana ETF,Crypto,Plain,Broad Market,United States,Broad Market; Crypto; Plain; United States
SUIS,Canary Staked SUI ETF,Crypto,Plain,Broad Market,United States,Broad Market; Crypto; Plain; United States
VSOL,VanEck Solana ETF,Crypto,Plain,Broad Market,United States,Broad Market; Crypto; Plain; United States
BCDF,Horizon Kinetics Blockchain Development ETF,Crypto,Plain,Fintech & Payments,United States,Crypto; Fintech & Payments; Plain; United States
BKCH,Global X Blockchain ETF,Crypto,Plain,Fintech & Payments,Global,Crypto; Fintech & Payments; Global; Plain
BLOK,Amplify Blockchain Technology ETF,Crypto,Plain,Fintech & Payments,United States,Crypto; Fintech & Payments; Plain; United States
TSUI,21Shares Sui ETF,Crypto; Equity,Plain,Broad Market,United States,Broad Market; Crypto; Equity; Plain; United States
TXXS,21Shares 2x Long Sui ETF,Crypto; Equity,Plain,Broad Market,United States,Broad Market; Crypto; Equity; Plain; United States
SSS,CYBER HORNET S&P 500 and Solana 75/25 Strategy ETF,Crypto; Equity,Plain,Broad Market & Core Indices,United States,Broad Market & Core Indices; Crypto; Equity; Plain; United States
IBLC,iShares Blockchain and Tech ETF,Crypto; Equity,Plain,Fintech & Payments,United States,Crypto; Equity; Fintech & Payments; Plain; United States
BPRO,Bitwise Proficio Currency Debasement ETF,Currency,Plain,Broad Market,United States,Broad Market; Currency; Plain; United States
CEW,WisdomTree Emerging Currency Strategy Fund,Currency,Plain,Broad Market,United States,Broad Market; Currency; Plain; United States
FOXY,Simplify Currency Strategy ETF,Currency,Plain,Broad Market,United States,Broad Market; Currency; Plain; United States
JEMB,Janus Henderson Emerging Markets Debt Hard Currency ETF,Currency,Plain,Broad Market,Emerging Markets; United States,Broad Market; Currency; Emerging Markets; Plain; United States
NEMD,Neuberger Emerging Markets Debt Hard Currency ETF,Currency,Plain,Broad Market,Emerging Markets,Broad Market; Currency; Emerging Markets; Plain
AINT,FINQ DOLLAR NEUTRAL U.S. Large Cap AI-Managed Equity ETF,Currency; Equity,Plain,AI & Machine Learning; Broad Market & Core Indices,United States,AI & Machine Learning; Broad Market & Core Indices; Currency; Equity; Plain; United States
FXA,Invesco CurrencyShares Australian Dollar Trust,Currency; Equity,Plain,Broad Market,United States,Broad Market; Currency; Equity; Plain; United States
FXC,Invesco CurrencyShares Canadian Dollar Trust,Currency; Equity,Plain,Broad Market,United States,Broad Market; Currency; Equity; Plain; United States
FXE,Invesco CurrencyShares Euro Currency Trust,Currency; Equity,Plain,Broad Market,United States,Broad Market; Currency; Equity; Plain; United States
FXY,Invesco CurrencyShares Japanese Yen Trust,Currency; Equity,Plain,Broad Market,Japan,Broad Market; Currency; Equity; Japan; Plain
HFXI,NYLI FTSE International Equity Currency Neutral ETF,Currency; Equity,Plain,Broad Market,United States,Broad Market; Currency; Equity; Plain; United States
HAWX,iShares Currency Hedged MSCI ACWI ex U.S. ETF,Currency; Equity,Plain,Broad Market & Core Indices,United States,Broad Market & Core Indices; Currency; Equity; Plain; United States
HEWJ,iShares Currency Hedged MSCI Japan ETF,Currency; Equity,Plain,Broad Market & Core Indices,Japan,Broad Market & Core Indices; Currency; Equity; Japan; Plain
HEZU,iShares Currency Hedged MSCI Eurozone ETF,Currency; Equity,Plain,Broad Market & Core Indices,Europe,Broad Market & Core Indices; Currency; Equity; Europe; Plain
HSCZ,iShares Currency Hedged MSCI EAFE Small-Cap ETF,Currency; Equity,Plain,Broad Market & Core Indices,Developed ex-US,Broad Market & Core Indices; Currency; Developed ex-US; Equity; Plain
AGIQ,SoFi Agentic AI ETF,Equity,Plain,AI & Machine Learning,United States,AI & Machine Learning; Equity; Plain; United States
AGIX,KraneShares Public-Private AI & Technology ETF,Equity,Plain,AI & Machine Learning,United States,AI & Machine Learning; Equity; Plain; United States
AIEQ,Amplify AI Powered Equity ETF,Equity,Plain,AI & Machine Learning,United States,AI & Machine Learning; Equity; Plain; United States
AIFD,TCW Artificial Intelligence ETF,Equity,Plain,AI & Machine Learning,United States,AI & Machine Learning; Equity; Plain; United States
AIQ,Global X Artificial Intelligence & Technology ETF,Equity,Plain,AI & Machine Learning,Global,AI & Machine Learning; Equity; Global; Plain
AIQU,MicroSectors 3? Long Artificial Intelligence (AI) ETNs,Equity,Plain,AI & Machine Learning,United States,AI & Machine Learning; Equity; Plain; United States
AIS,VistaShares Artificial Intelligence Supercycle ETF,Equity,Plain,AI & Machine Learning,United States,AI & Machine Learning; Equity; Plain; United States
AIVC,Amplify Bloomberg AI Equal Weight ETF,Equity,Factor,AI & Machine Learning,United States,AI & Machine Learning; Equity; Factor; United States
ALAI,Alger AI Enablers & Adopters ETF,Equity,Plain,AI & Machine Learning,United States,AI & Machine Learning; Equity; Plain; United States
ARTY,iShares Future AI & Tech ETF,Equity,Plain,AI & Machine Learning,United States,AI & Machine Learning; Equity; Plain; United States
BOTZ,Global X Robotics & Artificial Intelligence ETF,Equity,Plain,AI & Machine Learning,Global,AI & Machine Learning; Equity; Global; Plain
CHAT,Roundhill Generative AI & Technology ETF,Equity,Plain,AI & Machine Learning,United States,AI & Machine Learning; Equity; Plain; United States
DRAI,Draco Evolution AI ETF,Equity,Plain,AI & Machine Learning,United States,AI & Machine Learning; Equity; Plain; United States
EPAI,Harbor AI Inflection Strategy ETF,Equity,Plain,AI & Machine Learning,United States,AI & Machine Learning; Equity; Plain; United States
FAI,First Trust Bloomberg Artificial Intelligence ETF,Equity,Plain,AI & Machine Learning,United States,AI & Machine Learning; Equity; Plain; United States
IGPT,Invesco AI and Next Gen Software ETF,Equity,Plain,AI & Machine Learning,United States,AI & Machine Learning; Equity; Plain; United States
IVES,Dan IVES Wedbush AI Revolution ETF,Equity,Plain,AI & Machine Learning,United States,AI & Machine Learning; Equity; Plain; United States
JHAI,Janus Henderson Global Artificial Intelligence ETF,Equity,Plain,AI & Machine Learning,Global; United States,AI & Machine Learning; Equity; Global; Plain; United States
KOID,KraneShares Global Humanoid Robotics and Physical AI Index ETF,Equity,Plain,AI & Machine Learning,Global,AI & Machine Learning; Equity; Global; Plain
LRNZ,"TrueShares Technology, AI & Deep Learning ETF",Equity,Plain,AI & Machine Learning,United States,AI & Machine Learning; Equity; Plain; United States
NEWZ,StockSnips AI-Powered Sentiment US All Cap ETF,Equity,Plain,AI & Machine Learning,United States,AI & Machine Learning; Equity; Plain; United States
PBOT,Pictet AI & Automation ETF,Equity,Plain,AI & Machine Learning,United States,AI & Machine Learning; Equity; Plain; United States
PQNT,Pictet AI Enhanced International Equity ETF,Equity,Plain,AI & Machine Learning,United States,AI & Machine Learning; Equity; Plain; United States
PQUS,Pictet AI Enhanced US Equity ETF,Equity,Plain,AI & Machine Learning,United States,AI & Machine Learning; Equity; Plain; United States
THNQ,ROBO Global Artificial Intelligence ETF,Equity,Plain,AI & Machine Learning,Global,AI & Machine Learning; Equity; Global; Plain
WISE,Themes Generative Artificial Intelligence ETF,Equity,Plain,AI & Machine Learning,United States,AI & Machine Learning; Equity; Plain; United States
XAIX,Xtrackers Artificial Intelligence and Big Data ETF,Equity,Plain,AI & Machine Learning,United States,AI & Machine Learning; Equity; Plain; United States
AIUP,FINQ FIRST U.S. Large Cap AI-Managed Equity ETF,Equity,Plain,AI & Machine Learning; Broad Market & Core Indices,United States,AI & Machine Learning; Broad Market & Core Indices; Equity; Plain; United States
LQAI,LG QRAFT AI-Powered U.S. Large Cap Core ETF,Equity,Plain,AI & Machine Learning; Broad Market & Core Indices,United States,AI & Machine Learning; Broad Market & Core Indices; Equity; Plain; United States
QRFT,QRAFT AI-Enhanced U.S. Large Cap ETF,Equity,Plain,AI & Machine Learning; Broad Market & Core Indices,United States,AI & Machine Learning; Broad Market & Core Indices; Equity; Plain; United States
ROBT,First Trust Nasdaq Artificial Intelligence and Robotics ETF,Equity,Plain,AI & Machine Learning; Broad Market & Core Indices,United States,AI & Machine Learning; Broad Market & Core Indices; Equity; Plain; United States
AMOM,QRAFT AI-Enhanced U.S. Large Cap Momentum ETF,Equity,Factor,AI & Machine Learning; Broad Market & Core Indices; Growth & Momentum,United States,AI & Machine Learning; Broad Market & Core Indices; Equity; Factor; Growth & Momentum; United States
AIPO,Defiance AI & Power Infrastructure ETF,Equity,Plain,AI & Machine Learning; Infrastructure,United States,AI & Machine Learning; Equity; Infrastructure; Plain; United States
IVEP,Dan IVES Wedbush AI Power & Infrastructure ETF,Equity,Plain,AI & Machine Learning; Infrastructure,United States,AI & Machine Learning; Equity; Infrastructure; Plain; United States
TCAI,Tortoise AI Infrastructure ETF,Equity,Plain,AI & Machine Learning; Infrastructure,United States,AI & Machine Learning; Equity; Infrastructure; Plain; United States
AIVI,WisdomTree International AI Enhanced Value Fund,Equity,Factor,AI & Machine Learning; Value & Quality,United States,AI & Machine Learning; Equity; Factor; United States; Value & Quality
AIVL,WisdomTree U.S. AI Enhanced Value Fund,Equity,Factor,AI & Machine Learning; Value & Quality,United States,AI & Machine Learning; Equity; Factor; United States; Value & Quality
GSIB,Themes Global Systemically Important Banks ETF,Equity,Plain,Banking,Global,Banking; Equity; Global; Plain
IAT,iShares U.S. Regional Banks ETF,Equity,Plain,Banking,United States,Banking; Equity; Plain; United States
KBE,State Street SPDR S&P Bank ETF,Equity,Plain,Banking,United States,Banking; Equity; Plain; United States
KBWB,Invesco KBW Bank ETF,Equity,Plain,Banking,United States,Banking; Equity; Plain; United States
KRE,State Street SPDR S&P Regional Banking ETF,Equity,Plain,Banking,United States,Banking; Equity; Plain; United States
PBEU,Portfolio Building Block European Banks Index ETF,Equity,Plain,Banking,Europe,Banking; Equity; Europe; Plain
FTXO,First Trust Nasdaq Bank ETF,Equity,Plain,Banking; Broad Market & Core Indices,United States,Banking; Broad Market & Core Indices; Equity; Plain; United States
QABA,First Trust NASDAQ ABA Community Bank Index Fund,Equity,Plain,Banking; Broad Market & Core Indices,United States,Banking; Broad Market & Core Indices; Equity; Plain; United States
CCNR,ALPS/CoreCommodity Natural Resources ETF,Equity,Plain,Base Metals & Commodities,United States,Base Metals & Commodities; Equity; Plain; United States
DBA,Invesco DB Agriculture Fund,Equity,Plain,Base Metals & Commodities,United States,Base Metals & Commodities; Equity; Plain; United States
FTAG,First Trust Indxx Global Agriculture ETF,Equity,Plain,Base Metals & Commodities,Global,Base Metals & Commodities; Equity; Global; Plain
SLX,VanEck Steel ETF,Equity,Plain,Base Metals & Commodities,United States,Base Metals & Commodities; Equity; Plain; United States
WOOD,iShares Global Timber & Forestry ETF,Equity,Plain,Base Metals & Commodities,Global,Base Metals & Commodities; Equity; Global; Plain
CUT,Invesco MSCI Global Timber ETF,Equity,Plain,Base Metals & Commodities; Broad Market & Core Indices,Global,Base Metals & Commodities; Broad Market & Core Indices; Equity; Global; Plain
VEGI,iShares MSCI Agriculture Producers ETF,Equity,Plain,Base Metals & Commodities; Broad Market & Core Indices,United States,Base Metals & Commodities; Broad Market & Core Indices; Equity; Plain; United States
BBC,Virtus Biotech Clinical Trials ETF,Equity,Plain,Biotech & Genomics,United States,Biotech & Genomics; Equity; Plain; United States
BBH,VanEck Biotech ETF,Equity,Plain,Biotech & Genomics,United States,Biotech & Genomics; Equity; Plain; United States
BBP,Virtus Biotech ETF,Equity,Plain,Biotech & Genomics,United States,Biotech & Genomics; Equity; Plain; United States
BIOY,GraniteShares YieldBOOST Biotech ETF,Equity,Dividend/Income,Biotech & Genomics,United States,Biotech & Genomics; Dividend/Income; Equity; United States
FBT,First Trust Amex Biotech Index Fund,Equity,Plain,Biotech & Genomics,United States,Biotech & Genomics; Equity; Plain; United States
GNOM,Global X Genomics & Biotechnology ETF,Equity,Plain,Biotech & Genomics,Global,Biotech & Genomics; Equity; Global; Plain
IBB,iShares Biotechnology ETF,Equity,Plain,Biotech & Genomics,United States,Biotech & Genomics; Equity; Plain; United States
LFSC,F/m Emerald Life Sciences Innovation ETF,Equity,Plain,Biotech & Genomics,United States,Biotech & Genomics; Equity; Plain; United States
MRNX,Defiance Daily Target 2X Long MRNA ETF,Equity,Plain,Biotech & Genomics,United States,Biotech & Genomics; Equity; Plain; United States
PBE,Invesco Biotechnology & Genome ETF,Equity,Plain,Biotech & Genomics,United States,Biotech & Genomics; Equity; Plain; United States
XBI,State Street SPDR S&P Biotech ETF,Equity,Plain,Biotech & Genomics,United States,Biotech & Genomics; Equity; Plain; United States
IBBQ,Invesco Nasdaq Biotechnology ETF,Equity,Plain,Biotech & Genomics; Broad Market & Core Indices,United States,Biotech & Genomics; Broad Market & Core Indices; Equity; Plain; United States
PBPH,Portfolio Building Block World Pharma and Biotech Index ETF,Equity,Plain,Biotech & Genomics; Pharmaceuticals,Global,Biotech & Genomics; Equity; Global; Pharmaceuticals; Plain
AAAC,Columbia AAA CLO ETF,Equity,Plain,Broad Market,United States,Broad Market; Equity; Plain; United States
AAAD,PGIM AAA CLO Aggregate Duration ETF,Equity,Plain,Broad Market,United States,Broad Market; Equity; Plain; United States
AADR,AdvisorShares Dorsey Wright ADR ETF,Equity,Plain,Broad Market,United States,Broad Market; Equity; Plain; United States
AAEQ,Alpha Architect US Equity 2 ETF,Equity,Plain,Broad Market,United States,Broad Market; Equity; Plain; United States
AAPB,GraniteShares 2x Long AAPL Daily ETF,Equity,Plain,Broad Market,United States,Broad Market; Equity; Plain; United States
AAUS,Alpha Architect US Equity ETF,Equity,Plain,Broad Market,United States,Broad Market; Equity; Plain; United States
AAVM,Alpha Architect Global Factor Equity ETF,Equity,Plain,Broad Market,Global,Broad Market; Equity; Global; Plain
ACEP,ARS Core Equity Portfolio ETF,Equity,Plain,Broad Market,United States,Broad Market; Equity; Plain; United States
ACKY,VistaShares Target 15 ACKtivist Distribution ETF,Equity,Dividend/Income,Broad Market,United States,Broad Market; Dividend/Income; Equity; United States
ACLO,TCW AAA CLO ETF,Equity,Plain,Broad Market,United States,Broad Market; Equity; Plain; United States
ACTS,FIS Tactical Equity ETF,Equity,Plain,Broad Market,United States,Broad Market; Equity; Plain; United States
ADDS,Hedgeye Index Adds ETF,Equity,Plain,Broad Market,United States,Broad Market; Equity; Plain; United States
ADPV,Adaptiv Select ETF,Equity,Plain,Broad Market,United States,Broad Market; Equity; Plain; United States
AFK,VanEck Africa Index ETF,Equity,Plain,Broad Market,United States,Broad Market; Equity; Plain; United States
AFOS,ARS Focused Opportunity Strategy ETF,Equity,Plain,Broad Market,United States,Broad Market; Equity; Plain; United States
AGNG,Global X Aging Population ETF,Equity,Plain,Broad Market,Global,Broad Market; Equity; Global; Plain
AGOX,Adaptive Alpha Opportunities ETF,Equity,Plain,Broad Market,United States,Broad Market; Equity; Plain; United States
AHD,GraniteShares Autocallable HOOD ETF,Equity,Plain,Broad Market,United States,Broad Market; Equity; Plain; United States
AHLT,AHL Trend ETF,Equity,Plain,Broad Market,United States,Broad Market; Equity; Plain; United States
AIA,iShares Asia 50 ETF,Equity,Plain,Broad Market,Asia Pacific,Asia Pacific; Broad Market; Equity; Plain
AKAF,The Frontier Economic Fund,Equity,Plain,Broad Market,United States,Broad Market; Equity; Plain; United States
AKRE,Akre Focus ETF,Equity,Plain,Broad Market,United States,Broad Market; Equity; Plain; United States
ALRG,Allspring LT Large Core ETF,Equity,Plain,Broad Market,United States,Broad Market; Equity; Plain; United States
AMA,Defiance Daily Target 2X Long AMAT ETF,Equity,Plain,Broad Market,United States,Broad Market; Equity; Plain; United States
AMDL,GraniteShares 2x Long AMD Daily ETF,Equity,Plain,Broad Market,United States,Broad Market; Equity; Plain; United States
AMLP,Alerian MLP ETF,Equity,Plain,Broad Market,United States,Broad Market; Equity; Plain; United States
AMYY,GraniteShares YieldBOOST AMD ETF,Equity,Dividend/Income,Broad Market,United States,Broad Market; Dividend/Income; Equity; United States
AMZA,InfraCap MLP ETF,Equity,Plain,Broad Market,United States,Broad Market; Equity; Plain; United States
AMZZ,GraniteShares 2x Long AMZN Daily ETF,Equity,Plain,Broad Market,United States,Broad Market; Equity; Plain; United States
ANEL,Defiance Daily Target 2x Long ANET ETF,Equity,Plain,Broad Market,United States,Broad Market; Equity; Plain; United States
ANV,GraniteShares Autocallable NVDA ETF,Equity,Plain,Broad Market,United States,Broad Market; Equity; Plain; United States
AOTS,AOT Software Platform ETF,Equity,Plain,Broad Market,United States,Broad Market; Equity; Plain; United States
APIE,ActivePassive International Equity ETF,Equity,Active,Broad Market,United States,Active; Broad Market; Equity; United States
APLU,Allspring Core Plus ETF,Equity,Plain,Broad Market,United States,Broad Market; Equity; Plain; United States
APPX,Tradr 2X Long APP Daily ETF,Equity,Plain,Broad Market,United States,Broad Market; Equity; Plain; United States
APUE,ActivePassive U.S. Equity ETF,Equity,Active,Broad Market,United States,Active; Broad Market; Equity; United States
ARB,AltShares Merger Arbitrage ETF,Equity,Plain,Broad Market,United States,Broad Market; Equity; Plain; United States
ARMH,Arm Holdings PLC ADRhedged,Equity,Plain,Broad Market,United States,Broad Market; Equity; Plain; United States
ARP,PMV Adaptive Risk Parity ETF,Equity,Plain,Broad Market,United States,Broad Market; Equity; Plain; United States
ARVR,First Trust Indxx Metaverse ETF,Equity,Plain,Broad Market,United States,Broad Market; Equity; Plain; United States
ASCE,Allspring SMID Core ETF,Equity,Plain,Broad Market,United States,Broad Market; Equity; Plain; United States
ASD,Defiance Autism Impact ETF,Equity,Plain,Broad Market,United States,Broad Market; Equity; Plain; United States
ASEA,Global X FTSE Southeast Asia ETF,Equity,Plain,Broad Market,Global; Asia Pacific,Asia Pacific; Broad Market; Equity; Global; Plain
ASEC,American Century Securitized Credit ETF,Equity,Plain,Broad Market,United States,Broad Market; Equity; Plain; United States
ASGM,Virtus AlphaSimplex Global Macro ETF,Equity,Plain,Broad Market,Global; United States,Broad Market; Equity; Global; Plain; United States
ASHR,Xtrackers Harvest CSI 300 China A-Shares ETF,Equity,Plain,Broad Market,China,Broad Market; China; Equity; Plain
ASIA,Matthews Pacific Tiger Active ETF,Equity,Active,Broad Market,Asia Pacific,Active; Asia Pacific; Broad Market; Equity
ASMF,Virtus AlphaSimplex Managed Futures ETF,Equity,Plain,Broad Market,United States,Broad Market; Equity; Plain; United States
ASMH,ASML Holding NV ADRhedged,Equity,Plain,Broad Market,United States,Broad Market; Equity; Plain; United States
ATC,GraniteShares Autocallable COIN ETF,Equity,Plain,Broad Market,United States,Broad Market; Equity; Plain; United States
ATFV,Alger 35 ETF,Equity,Plain,Broad Market,United States,Broad Market; Equity; Plain; United States
AUSF,Global X Adaptive U.S. Factor ETF,Equity,Plain,Broad Market,Global; United States,Broad Market; Equity; Global; Plain; United States
AVDE,Avantis International Equity ETF,Equity,Plain,Broad Market,United States,Broad Market; Equity; Plain; United States
AVEM,Avantis Emerging Markets Equity ETF,Equity,Plain,Broad Market,Emerging Markets,Broad Market; Emerging Markets; Equity; Plain
AVGB,Avantis Credit ETF,Equity,Plain,Broad Market,United States,Broad Market; Equity; Plain; United States
AVGE,Avantis All Equity Markets ETF,Equity,Plain,Broad Market,United States,Broad Market; Equity; Plain; United States
AVGU,GraniteShares 2x Long AVGO Daily ETF,Equity,Plain,Broad Market,United States,Broad Market; Equity; Plain; United States
AVGX,Defiance Daily Target 2X Long AVGO ETF,Equity,Plain,Broad Market,United States,Broad Market; Equity; Plain; United States
AVIE,Avantis Inflation Focused Equity ETF,Equity,Plain,Broad Market,United States,Broad Market; Equity; Plain; United States
AVNM,Avantis All International Markets Equity ETF,Equity,Plain,Broad Market,United States,Broad Market; Equity; Plain; United States
AVOS,Avos Global Equities ETF,Equity,Plain,Broad Market,Global,Broad Market; Equity; Global; Plain
AVSD,Avantis Responsible International Equity ETF,Equity,ESG/Sustainable,Broad Market,United States,Broad Market; ESG/Sustainable; Equity; United States
AVSE,Avantis Responsible Emerging Markets Equity ETF,Equity,ESG/Sustainable,Broad Market,Emerging Markets,Broad Market; ESG/Sustainable; Emerging Markets; Equity
AVSU,Avantis Responsible U.S. Equity ETF,Equity,ESG/Sustainable,Broad Market,United States,Broad Market; ESG/Sustainable; Equity; United States
AVTM,Avantis Total Equity Markets ETF,Equity,Plain,Broad Market,United States,Broad Market; Equity; Plain; United States
AVUQ,Avantis U.S. Quality ETF,Equity,Factor,Broad Market,United States,Broad Market; Equity; Factor; United States
AVUS,Avantis U.S. Equity ETF,Equity,Plain,Broad Market,United States,Broad Market; Equity; Plain; United States
AVXC,Avantis Emerging Markets ex-China Equity ETF,Equity,Plain,Broad Market,Emerging Markets; China,Broad Market; China; Emerging Markets; Equity; Plain
AVXX,Defiance Daily Target 2x Long AVAV ETF,Equity,Plain,Broad Market,United States,Broad Market; Equity; Plain; United States
AZTD,Aztlan Global Stock Selection DM SMID ETF,Equity,Plain,Broad Market,Global,Broad Market; Equity; Global; Plain
AZYY,GraniteShares YieldBoost AMZN ETF,Equity,Dividend/Income,Broad Market,United States,Broad Market; Dividend/Income; Equity; United States
BABX,GraniteShares 2x Long BABA Daily ETF,Equity,Plain,Broad Market,United States,Broad Market; Equity; Plain; United States
BAFE,Brown Advisory Flexible Equity ETF,Equity,Plain,Broad Market,United States,Broad Market; Equity; Plain; United States
BAI,iShares A.I. Innovation and Tech Active ETF,Equity,Active,Broad Market,United States,Active; Broad Market; Equity; United States
BAVA,Common Shares of Beneficial Interest of Bitwise Avalanche ETF,Equity,Plain,Broad Market,United States,Broad Market; Equity; Plain; United States
BBLU,EA Bridgeway Blue Chip ETF,Equity,Plain,Broad Market,United States,Broad Market; Equity; Plain; United States
BBYY,GraniteShares YieldBOOST BABA ETF,Equity,Dividend/Income,Broad Market,United States,Broad Market; Dividend/Income; Equity; United States
BCEM,Baron Emerging Markets Select ETF,Equity,Plain,Broad Market,Emerging Markets,Broad Market; Emerging Markets; Equity; Plain
BCFN,Baron Financials ETF,Equity,Plain,Broad Market,United States,Broad Market; Equity; Plain; United States
BCGD,Baron Global Durable Advantage ETF,Equity,Plain,Broad Market,Global,Broad Market; Equity; Global; Plain
BCGS,Bancreek Global Select ETF,Equity,Plain,Broad Market,Global,Broad Market; Equity; Global; Plain
BCHI,GMO Beyond China ETF,Equity,Plain,Broad Market,China,Broad Market; China; Equity; Plain
BCLO,iShares BBB-B CLO Active ETF,Equity,Active,Broad Market,United States,Active; Broad Market; Equity; United States
BCPL,BNY Mellon Core Plus ETF,Equity,Plain,Broad Market,United States,Broad Market; Equity; Plain; United States
BCTK,Baron Technology ETF,Equity,Plain,Broad Market,United States,Broad Market; Equity; Plain; United States
BDGS,Bridges Capital Tactical ETF,Equity,Plain,Broad Market,United States,Broad Market; Equity; Plain; United States
BDRY,Breakwave Dry Bulk Shipping ETF,Equity,Plain,Broad Market,United Kingdom,Broad Market; Equity; Plain; United Kingdom
BDVL,iShares Disciplined Volatility Equity Active ETF,Equity,Active,Broad Market,United States,Active; Broad Market; Equity; United States
BDYN,iShares Dynamic Equity Active ETF,Equity,Active,Broad Market,United States,Active; Broad Market; Equity; United States
BEEX,The Beehive ETF,Equity,Plain,Broad Market,United States,Broad Market; Equity; Plain; United States
BEEZ,Honeytree U.S. Equity ETF,Equity,Plain,Broad Market,United States,Broad Market; Equity; Plain; United States
BELT,iShares U.S. Select Equity Active ETF,Equity,Active,Broad Market,United States,Active; Broad Market; Equity; United States
BENJ,Horizon Landmark ETF,Equity,Plain,Broad Market,United States,Broad Market; Equity; Plain; United States
BFLX,iShares Flexible Equity Active ETF,Equity,Active,Broad Market,United States,Active; Broad Market; Equity; United States
BFOR,Barron's 400 ETF,Equity,Plain,Broad Market,United States,Broad Market; Equity; Plain; United States
BFRZ,Innovator Equity Managed 100 Buffer ETF,Equity,Plain,Broad Market,United States,Broad Market; Equity; Plain; United States
BGEG,Baillie Gifford Emerging Markets ETF,Equity,Plain,Broad Market,Emerging Markets,Broad Market; Emerging Markets; Equity; Plain
BGIA,Baillie Gifford International Alpha ETF,Equity,Plain,Broad Market,United States,Broad Market; Equity; Plain; United States
BHYP,Common Shares of Beneficial Interest of Bitwise Hyperliquid ETF,Equity,Plain,Broad Market,United States,Broad Market; Equity; Plain; United States
BIBL,Inspire 100 ETF,Equity,Plain,Broad Market,United States,Broad Market; Equity; Plain; United States
BINT,Bluemonte Global Equity ETF,Equity,Plain,Broad Market,Global,Broad Market; Equity; Global; Plain
BITW,Common Shares of Beneficial Interest,Equity,Plain,Broad Market,United States,Broad Market; Equity; Plain; United States
BKCI,BNY Mellon Concentrated International ETF,Equity,Plain,Broad Market,United States,Broad Market; Equity; Plain; United States
BKEM,BNY Mellon Emerging Markets Equity ETF,Equity,Plain,Broad Market,Emerging Markets,Broad Market; Emerging Markets; Equity; Plain
BKIE,BNY Mellon International Equity ETF,Equity,Plain,Broad Market,United States,Broad Market; Equity; Plain; United States
BKLN,Invesco Senior Loan ETF,Equity,Plain,Broad Market,United States,Broad Market; Equity; Plain; United States
BLCN,Siren NexGen Economy ETF,Equity,Plain,Broad Market,United States,Broad Market; Equity; Plain; United States
BLES,Inspire Global Hope ETF,Equity,Plain,Broad Market,Global,Broad Market; Equity; Global; Plain
BMED,iShares Health Innovation Active ETF,Equity,Active,Broad Market,United States,Active; Broad Market; Equity; United States
BMVP,Invesco Bloomberg MVP Multi-factor ETF,Equity,Plain,Broad Market,United States,Broad Market; Equity; Plain; United States
BNDD,Quadratic Deflation ETF,Equity,Plain,Broad Market,United States,Broad Market; Equity; Plain; United States
BOAT,SonicShares Global Shipping ETF,Equity,Plain,Broad Market,Global,Broad Market; Equity; Global; Plain
BOBP,CORE16 Best of Breed Premier Index ETF,Equity,Plain,Broad Market,United States,Broad Market; Equity; Plain; United States
BOTT,Themes Humanoid Robotics ETF,Equity,Plain,Broad Market,United States,Broad Market; Equity; Plain; United States
BOUT,CapForce IBD Breakout Opportunities ETF,Equity,Plain,Broad Market,United States,Broad Market; Equity; Plain; United States
BPH,BP plc ADRhedged,Equity,Plain,Broad Market,United States,Broad Market; Equity; Plain; United States
BRAZ,Global X Brazil Active ETF,Equity,Active,Broad Market,Global; Brazil,Active; Brazil; Broad Market; Equity; Global
BRCE,MFS Blended Research Core Equity ETF,Equity,Plain,Broad Market,United States,Broad Market; Equity; Plain; United States
BREE,MFS Blended Research Emerging Markets Equity ETF,Equity,Plain,Broad Market,Emerging Markets,Broad Market; Emerging Markets; Equity; Plain
BRES,Burney U.S. Equity Select ETF,Equity,Plain,Broad Market,United States,Broad Market; Equity; Plain; United States
BRF,VanEck Brazil Small-Cap ETF,Equity,Plain,Broad Market,Brazil,Brazil; Broad Market; Equity; Plain
BRIE,MFS Blended Research International Equity ETF,Equity,Plain,Broad Market,United States,Broad Market; Equity; Plain; United States
BRIF,FIS Bright Portfolios Focused Equity ETF,Equity,Plain,Broad Market,United States,Broad Market; Equity; Plain; United States
BRNY,Burney U.S. Factor Rotation ETF,Equity,Plain,Broad Market,United States,Broad Market; Equity; Plain; United States
BRTR,iShares Total Return Active ETF,Equity,Active,Broad Market,United States,Active; Broad Market; Equity; United States
BSR,Beacon Selective Risk ETF,Equity,Plain,Broad Market,United States,Broad Market; Equity; Plain; United States
BSTP,Innovator Buffer Step-Up Strategy ETF,Equity,Plain,Broad Market,United States,Broad Market; Equity; Plain; United States
BTAL,AGF U.S. Market Neutral Anti-Beta Fund,Equity,Plain,Broad Market,United States,Broad Market; Equity; Plain; United States
BTR,Beacon Tactical Risk ETF,Equity,Plain,Broad Market,United States,Broad Market; Equity; Plain; United States
BTYB,VistaShares BitBonds 5 Yr Enhanced Weekly Distribution ETF,Equity,Dividend/Income,Broad Market,United States,Broad Market; Dividend/Income; Equity; United States
BUFC,AB Conservative Buffer ETF,Equity,Plain,Broad Market,United States,Broad Market; Equity; Plain; United States
BUFI,AB International Buffer ETF,Equity,Plain,Broad Market,United States,Broad Market; Equity; Plain; United States
BUFM,AB Moderate Buffer ETF,Equity,Plain,Broad Market,United States,Broad Market; Equity; Plain; United States
BULD,Pacer BlueStar Engineering the Future ETF,Equity,Plain,Broad Market,United States,Broad Market; Equity; Plain; United States
BUYO,KraneShares Man Buyout Beta Index ETF,Equity,Plain,Broad Market,United States,Broad Market; Equity; Plain; United States
BUZZ,VanEck Social Sentiment ETF,Equity,Plain,Broad Market,United States,Broad Market; Equity; Plain; United States
BWET,Breakwave Tanker Shipping ETF,Equity,Plain,Broad Market,United States,Broad Market; Equity; Plain; United States
BWOW,Bitwise Dogecoin ETF,Equity,Plain,Broad Market,United States,Broad Market; Equity; Plain; United States
CAAA,First Trust AAA CMBS ETF,Equity,Plain,Broad Market,United States,Broad Market; Equity; Plain; United States
CANC,Tema Oncology ETF,Equity,Plain,Broad Market,United States,Broad Market; Equity; Plain; United States
CANE,Teucrium Sugar Fund ETV,Equity,Plain,Broad Market,United States,Broad Market; Equity; Plain; United States
CAPE,DoubleLine Shiller CAPE U.S. Equities ETF,Equity,Plain,Broad Market,United States,Broad Market; Equity; Plain; United States
CARZ,First Trust S-Network Future Vehicles & Technology ETF,Equity,Plain,Broad Market,United States,Broad Market; Equity; Plain; United States
CBLS,Clough Hedged Equity ETF,Equity,Plain,Broad Market,United States,Broad Market; Equity; Plain; United States
CBSE,Clough Select Equity ETF,Equity,Plain,Broad Market,United States,Broad Market; Equity; Plain; United States
CCFE,Concourse Capital Focused Equity ETF,Equity,Plain,Broad Market,United States,Broad Market; Equity; Plain; United States
CCOR,Core Alternative ETF,Equity,Plain,Broad Market,United States,Broad Market; Equity; Plain; United States
CCSO,Carbon Collective Climate Solutions U.S. Equity ETF,Equity,ESG/Sustainable,Broad Market,United States,Broad Market; ESG/Sustainable; Equity; United States
CDEI,"Calvert US Large-Cap Diversity, Equity and Inclusion Index ETF",Equity,Plain,Broad Market,United States,Broad Market; Equity; Plain; United States
CDIG,City Different Investments Global Equity ETF,Equity,Plain,Broad Market,Global,Broad Market; Equity; Global; Plain
CFA,VictoryShares US 500 Volatility Wtd ETF,Equity,Plain,Broad Market,United States,Broad Market; Equity; Plain; United States
CFO,VictoryShares US 500 Enhanced Volatility Wtd ETF,Equity,Plain,Broad Market,United States,Broad Market; Equity; Plain; United States
CGBL,Capital Group Core Balanced ETF,Equity,Plain,Broad Market,United States,Broad Market; Equity; Plain; United States
CGCV,Capital Group Conservative Equity ETF,Equity,Plain,Broad Market,United States,Broad Market; Equity; Plain; United States
CGGE,Capital Group Global Equity ETF,Equity,Plain,Broad Market,Global,Broad Market; Equity; Global; Plain
CGIC,Capital Group International Core Equity ETF,Equity,Plain,Broad Market,United States,Broad Market; Equity; Plain; United States
CGIE,Capital Group International Equity ETF,Equity,Plain,Broad Market,United States,Broad Market; Equity; Plain; United States
CGNG,Capital Group New Geography Equity ETF,Equity,Plain,Broad Market,United States,Broad Market; Equity; Plain; United States
CGUS,Capital Group Core Equity ETF,Equity,Plain,Broad Market,United States,Broad Market; Equity; Plain; United States
CGXU,Capital Group International Focus Equity ETF,Equity,Plain,Broad Market,United States,Broad Market; Equity; Plain; United States
CHGX,Stance Sustainable Beta ETF,Equity,ESG/Sustainable,Broad Market,United States,Broad Market; ESG/Sustainable; Equity; United States
CLNK,Common Shares of Beneficial Interest of Bitwise Chainlink ETF,Equity,Plain,Broad Market,United States,Broad Market; Equity; Plain; United States
CLOA,iShares AAA CLO Active ETF,Equity,Active,Broad Market,United States,Active; Broad Market; Equity; United States
CLOB,VanEck AA-BB CLO ETF,Equity,Plain,Broad Market,United States,Broad Market; Equity; Plain; United States
CLOC,AAM Crescent CLO ETF,Equity,Plain,Broad Market,United States,Broad Market; Equity; Plain; United States
CLOI,VanEck CLO ETF,Equity,Plain,Broad Market,United States,Broad Market; Equity; Plain; United States
CLOO,NYLI Investment Grade CLO ETF,Equity,Plain,Broad Market,United States,Broad Market; Equity; Plain; United States
CLOX,Eldridge AAA CLO ETF,Equity,Plain,Broad Market,United States,Broad Market; Equity; Plain; United States
CLOZ,Eldridge BBB-B CLO ETF,Equity,Plain,Broad Market,United States,Broad Market; Equity; Plain; United States
CLSM,ETC Cabana Target Leading Sector Moderate ETF,Equity,Plain,Broad Market,United States,Broad Market; Equity; Plain; United States
CLUB,Billionaires Club ETF,Equity,Plain,Broad Market,United States,Broad Market; Equity; Plain; United States
CMBO,Wayfinder Dynamic U.S. Interest Rate ETF,Equity,Plain,Broad Market,United States,Broad Market; Equity; Plain; United States
CNBS,Amplify Seymour Cannabis ETF,Equity,Plain,Broad Market,United States,Broad Market; Equity; Plain; United States
CNEQ,Alger Concentrated Equity ETF,Equity,Plain,Broad Market,United States,Broad Market; Equity; Plain; United States
CNQQ,Rayliant-ChinaAMC Transformative China Tech ETF,Equity,Plain,Broad Market,China,Broad Market; China; Equity; Plain
CNRG,State Street SPDR S&P Kensho Clean Power ETF,Equity,Plain,Broad Market,United States,Broad Market; Equity; Plain; United States
CNXT,VanEck ChiNext Innovators ETF,Equity,Plain,Broad Market,United States,Broad Market; Equity; Plain; United States
COAL,Range Global Coal Index ETF,Equity,Plain,Broad Market,Global,Broad Market; Equity; Global; Plain
CONL,GraniteShares 2x Long COIN Daily ETF,Equity,Plain,Broad Market,United States,Broad Market; Equity; Plain; United States
CORN,Teucrium Corn Fund ETV,Equity,Plain,Broad Market,United States,Broad Market; Equity; Plain; United States
CORO,iShares International Country Rotation Active ETF,Equity,Active,Broad Market,United States,Active; Broad Market; Equity; United States
COYY,GraniteShares YieldBOOST COIN ETF,Equity,Dividend/Income,Broad Market,United States,Broad Market; Dividend/Income; Equity; United States
CPAI,Counterpoint Quantitative Equity ETF,Equity,Plain,Broad Market,United States,Broad Market; Equity; Plain; United States
CPII,American Beacon Ionic Inflation Protection ETF,Equity,Plain,Broad Market,United States,Broad Market; Equity; Plain; United States
CQQQ,Invesco China Technology ETF,Equity,Plain,Broad Market,China,Broad Market; China; Equity; Plain
CRTC,Xtrackers US National Critical Technologies ETF,Equity,Plain,Broad Market,United States,Broad Market; Equity; Plain; United States
CRWL,GraniteShares 2x Long CRWD Daily ETF,Equity,Plain,Broad Market,United States,Broad Market; Equity; Plain; United States
CRY,GraniteShares YieldBOOST CRCL ETF,Equity,Dividend/Income,Broad Market,United States,Broad Market; Dividend/Income; Equity; United States
CSD,Invesco S&P Spin-Off ETF,Equity,Plain,Broad Market,United States,Broad Market; Equity; Plain; United States
CSNR,Cohen & Steers Natural Resources Active ETF,Equity,Active,Broad Market,United States,Active; Broad Market; Equity; United States
CTA,Simplify Managed Futures Strategy ETF,Equity,Plain,Broad Market,United States,Broad Market; Equity; Plain; United States
CTAP,Simplify US Equity PLUS Managed Futures Strategy ETF,Equity,Plain,Broad Market,United States,Broad Market; Equity; Plain; United States
CTEC,Global X ClimateTech ETF,Equity,ESG/Sustainable,Broad Market,Global,Broad Market; ESG/Sustainable; Equity; Global
CTWO,Common units,Equity,Plain,Broad Market,United States,Broad Market; Equity; Plain; United States
CVIE,Calvert International Responsible Index ETF,Equity,ESG/Sustainable,Broad Market,United States,Broad Market; ESG/Sustainable; Equity; United States
CVLC,Calvert US Large-Cap Core Responsible Index ETF,Equity,ESG/Sustainable,Broad Market,United States,Broad Market; ESG/Sustainable; Equity; United States
CVMC,Calvert US Mid-Cap Core Responsible Index ETF,Equity,ESG/Sustainable,Broad Market,United States,Broad Market; ESG/Sustainable; Equity; United States
CVRT,Calamos Convertible Equity Alternative ETF,Equity,Plain,Broad Market,United States,Broad Market; Equity; Plain; United States
CVSM,CresAlta Small and Mid-Cap ETF,Equity,Plain,Broad Market,United States,Broad Market; Equity; Plain; United States
CWB,State Street SPDR Bloomberg Convertible Securities ETF,Equity,Plain,Broad Market,United States,Broad Market; Equity; Plain; United States
CWS,AdvisorShares Focused Equity ETF,Equity,Plain,Broad Market,United States,Broad Market; Equity; Plain; United States
CWY,GraniteShares YieldBOOST CRWV ETF,Equity,Dividend/Income,Broad Market,United States,Broad Market; Dividend/Income; Equity; United States
CXRN,Teucrium 2x Daily Corn ETF,Equity,Plain,Broad Market,United States,Broad Market; Equity; Plain; United States
CXSE,WisdomTree China ex-State-Owned Enterprises Fund,Equity,Plain,Broad Market,China,Broad Market; China; Equity; Plain
CZA,Invesco Zacks Mid-Cap ETF,Equity,Plain,Broad Market,United States,Broad Market; Equity; Plain; United States
CZAR,Themes Natural Monopoly ETF,Equity,Plain,Broad Market,United States,Broad Market; Equity; Plain; United States
DABS,DoubleLine Asset-Backed Securities ETF,Equity,Plain,Broad Market,United States,Broad Market; Equity; Plain; United States
DADS,Digital Asset Debt Strategy ETF,Equity,Plain,Broad Market,United States,Broad Market; Equity; Plain; United States
DAK,Dakota Active Equity ETF,Equity,Active,Broad Market,United States,Active; Broad Market; Equity; United States
DALI,First Trust Dorsey Wright DALI Equity ETF,Equity,Plain,Broad Market,United States,Broad Market; Equity; Plain; United States
DANA,Dana Limited Volatility ETF,Equity,Plain,Broad Market,United States,Broad Market; Equity; Plain; United States
DAPP,VanEck Digital Transformation ETF,Equity,Plain,Broad Market,United States,Broad Market; Equity; Plain; United States
DAX,Global X DAX Germany ETF,Equity,Plain,Broad Market,Global,Broad Market; Equity; Global; Plain
DBB,Invesco DB Base Metals Fund,Equity,Plain,Broad Market,United States,Broad Market; Equity; Plain; United States
DBMF,iMGP DBi Managed Futures Strategy ETF,Equity,Plain,Broad Market,United States,Broad Market; Equity; Plain; United States
DBP,Invesco DB Precious Metals Fund,Equity,Plain,Broad Market,United States,Broad Market; Equity; Plain; United States
DCOR,Dimensional US Core Equity 1 ETF,Equity,Plain,Broad Market,United States,Broad Market; Equity; Plain; United States
DECO,State Street Galaxy Digital Asset Ecosystem ETF,Equity,Plain,Broad Market,United States,Broad Market; Equity; Plain; United States
DEED,First Trust Securitized Plus ETF,Equity,Plain,Broad Market,United States,Broad Market; Equity; Plain; United States
DEEF,Xtrackers FTSE Developed ex US Multifactor ETF,Equity,Plain,Broad Market,United States,Broad Market; Equity; Plain; United States
DEHP,Dimensional Emerging Markets High Profitability ETF,Equity,Plain,Broad Market,Emerging Markets,Broad Market; Emerging Markets; Equity; Plain
DEXC,Dimensional Emerging Markets ex China Core Equity ETF,Equity,Plain,Broad Market,Emerging Markets; China,Broad Market; China; Emerging Markets; Equity; Plain
DFAC,Dimensional U.S. Core Equity 2 ETF,Equity,Plain,Broad Market,United States,Broad Market; Equity; Plain; United States
DFAE,Dimensional Emerging Core Equity Market ETF,Equity,Plain,Broad Market,United States,Broad Market; Equity; Plain; United States
DFAI,Dimensional International Core Equity Market ETF,Equity,Plain,Broad Market,United States,Broad Market; Equity; Plain; United States
DFAU,Dimensional US Core Equity Market ETF,Equity,Plain,Broad Market,United States,Broad Market; Equity; Plain; United States
DFAW,Dimensional World Equity ETF,Equity,Plain,Broad Market,Global,Broad Market; Equity; Global; Plain
DFAX,Dimensional World ex U.S. Core Equity 2 ETF,Equity,Plain,Broad Market,Global; United States,Broad Market; Equity; Global; Plain; United States
DFEM,Dimensional Emerging Markets Core Equity 2 ETF,Equity,Plain,Broad Market,Emerging Markets,Broad Market; Emerging Markets; Equity; Plain
DFIP,Dimensional Inflation-Protected Securities ETF,Equity,Plain,Broad Market,United States,Broad Market; Equity; Plain; United States
DFJ,WisdomTree Japan SmallCap Fund,Equity,Plain,Broad Market,Japan,Broad Market; Equity; Japan; Plain
DFMC,U.S. Micro Cap Portfolio: ETF Class Shares,Equity,Plain,Broad Market,United States,Broad Market; Equity; Plain; United States
DFSE,Dimensional Emerging Markets Sustainability Core 1 ETF,Equity,Plain,Broad Market,Emerging Markets,Broad Market; Emerging Markets; Equity; Plain
DFSI,Dimensional International Sustainability Core 1 ETF,Equity,Plain,Broad Market,United States,Broad Market; Equity; Plain; United States
DFSU,Dimensional US Sustainability Core 1 ETF,Equity,Plain,Broad Market,United States,Broad Market; Equity; Plain; United States
DFTT,DF Tactical 30 ETF,Equity,Plain,Broad Market,United States,Broad Market; Equity; Plain; United States
DFUS,Dimensional U.S. Equity Market ETF,Equity,Plain,Broad Market,United States,Broad Market; Equity; Plain; United States
DFVE,DoubleLine Fortune 500 Equal Weight ETF,Equity,Factor,Broad Market,United States,Broad Market; Equity; Factor; United States
DGCB,Dimensional Global Credit ETF,Equity,Plain,Broad Market,Global,Broad Market; Equity; Global; Plain
DGIN,VanEck Digital India ETF,Equity,Plain,Broad Market,India,Broad Market; Equity; India; Plain
DGLO,First Trust RBA Deglobalization ETF,Equity,Plain,Broad Market,Global,Broad Market; Equity; Global; Plain
DGS,WisdomTree Emerging Market SmallCap Fund,Equity,Plain,Broad Market,Emerging Markets,Broad Market; Emerging Markets; Equity; Plain
DGT,State Street SPDR Global Dow ETF,Equity,Plain,Broad Market,Global,Broad Market; Equity; Global; Plain
DHSB,Day Hagan Smart Buffer ETF,Equity,Plain,Broad Market,United States,Broad Market; Equity; Plain; United States
DIME,CoinShares Altcoins ETF,Equity,Plain,Broad Market,United States,Broad Market; Equity; Plain; United States
DKNX,Defiance Daily Target 2X Long DKNG ETF,Equity,Plain,Broad Market,United States,Broad Market; Equity; Plain; United States
DLLL,GraniteShares 2x Long DELL Daily ETF,Equity,Plain,Broad Market,United States,Broad Market; Equity; Plain; United States
DLS,WisdomTree International SmallCap Fund,Equity,Plain,Broad Market,United States,Broad Market; Equity; Plain; United States
DMBS,DoubleLine Mortgage ETF,Equity,Plain,Broad Market,United States,Broad Market; Equity; Plain; United States
DOL,WisdomTree True Developed International Fund,Equity,Plain,Broad Market,United States,Broad Market; Equity; Plain; United States
DRES,GMO Domestic Resilience ETF,Equity,Plain,Broad Market,United States,Broad Market; Equity; Plain; United States
DRKY,VistaShares Target 15 DRUKMacro Distribution ETF,Equity,Dividend/Income,Broad Market,United States,Broad Market; Dividend/Income; Equity; United States
DRNZ,REX Drone ETF,Equity,Plain,Broad Market,United States,Broad Market; Equity; Plain; United States
DSCO,DoubleLine Securitized Credit ETF,Equity,Plain,Broad Market,United States,Broad Market; Equity; Plain; United States
DSMC,Distillate Small/Mid Cash Flow ETF,Equity,Plain,Broad Market,United States,Broad Market; Equity; Plain; United States
DTEC,ALPS Disruptive Technologies ETF,Equity,Plain,Broad Market,United States,Broad Market; Equity; Plain; United States
DUHP,Dimensional US High Profitability ETF,Equity,Plain,Broad Market,United States,Broad Market; Equity; Plain; United States
DUKQ,Ocean Park Domestic ETF,Equity,Plain,Broad Market,United States,Broad Market; Equity; Plain; United States
DUKX,Ocean Park International ETF,Equity,Plain,Broad Market,United States,Broad Market; Equity; Plain; United States
DUNK,Dana Unconstrained Equity ETF,Equity,Plain,Broad Market,United Kingdom,Broad Market; Equity; Plain; United Kingdom
DVQQ,WEBs QQQ Defined Volatility ETF,Equity,Plain,Broad Market,United States,Broad Market; Equity; Plain; United States
DVSP,WEBs SPY Defined Volatility ETF,Equity,Plain,Broad Market,United States,Broad Market; Equity; Plain; United States
DVXC,WEBs Communication Services XLC Defined Volatility ETF,Equity,Plain,Broad Market,United States,Broad Market; Equity; Plain; United States
DVXF,WEBs Financial XLF Defined Volatility ETF,Equity,Plain,Broad Market,United States,Broad Market; Equity; Plain; United States
DVXK,WEBs Technology XLK Defined Volatility ETF,Equity,Plain,Broad Market,United States,Broad Market; Equity; Plain; United States
DWAW,AdvisorShares Dorsey Wright FSM All Cap World ETF,Equity,Plain,Broad Market,Global,Broad Market; Equity; Global; Plain
DWM,WisdomTree International Equity Fund,Equity,Plain,Broad Market,United States,Broad Market; Equity; Plain; United States
DWMF,WisdomTree International Multifactor Fund,Equity,Plain,Broad Market,United States,Broad Market; Equity; Plain; United States
DWUS,AdvisorShares Dorsey Wright FSM US Core ETF,Equity,Plain,Broad Market,United States,Broad Market; Equity; Plain; United States
DXIV,Dimensional International Vector Equity ETF,Equity,Plain,Broad Market,United States,Broad Market; Equity; Plain; United States
DXJ,WisdomTree Japan Hedged Equity Fund,Equity,Plain,Broad Market,Japan,Broad Market; Equity; Japan; Plain
DXUV,Dimensional US Vector Equity ETF,Equity,Plain,Broad Market,United States,Broad Market; Equity; Plain; United States
DYLD,LeaderShares Dynamic Yield ETF,Equity,Dividend/Income,Broad Market,United States,Broad Market; Dividend/Income; Equity; United States
DYNF,iShares U.S. Equity Factor Rotation Active ETF,Equity,Active,Broad Market,United States,Active; Broad Market; Equity; United States
DYTA,SGI Dynamic Tactical ETF,Equity,Plain,Broad Market,United States,Broad Market; Equity; Plain; United States
EAGL,Eagle Capital Select Equity ETF,Equity,Plain,Broad Market,United States,Broad Market; Equity; Plain; United States
EAPR,Innovator Emerging Markets Power Buffer ETF April,Equity,Plain,Broad Market,Emerging Markets,Broad Market; Emerging Markets; Equity; Plain
EBI,Longview Advantage ETF,Equity,Plain,Broad Market,United States,Broad Market; Equity; Plain; United States
EBUF,Innovator Emerging Markets 10 Buffer ETF - Quarterly,Equity,Plain,Broad Market,Emerging Markets,Broad Market; Emerging Markets; Equity; Plain
ECON,Columbia Research Enhanced Emerging Economies ETF,Equity,Plain,Broad Market,United States,Broad Market; Equity; Plain; United States
ECOW,Pacer Emerging Markets Cash Cows 100 ETF,Equity,Plain,Broad Market,Emerging Markets,Broad Market; Emerging Markets; Equity; Plain
EDGH,3EDGE Dynamic Hard Assets ETF,Equity,Plain,Broad Market,United States,Broad Market; Equity; Plain; United States
EDGI,3EDGE Dynamic International Equity ETF,Equity,Plain,Broad Market,United States,Broad Market; Equity; Plain; United States
EDGU,3EDGE Dynamic US Equity ETF,Equity,Plain,Broad Market,United States,Broad Market; Equity; Plain; United States
EDOW,First Trust Dow 30 Equal Weight ETF,Equity,Factor,Broad Market,United States,Broad Market; Equity; Factor; United States
EES,WisdomTree U.S. SmallCap Fund,Equity,Plain,Broad Market,United States,Broad Market; Equity; Plain; United States
EFFE,Harbor Osmosis Emerging Markets Resource Efficient ETF,Equity,Plain,Broad Market,Emerging Markets,Broad Market; Emerging Markets; Equity; Plain
EFFI,Harbor Osmosis International Resource Efficient ETF,Equity,Plain,Broad Market,United States,Broad Market; Equity; Plain; United States
EGGQ,NestYield Visionary ETF,Equity,Dividend/Income,Broad Market,United States,Broad Market; Dividend/Income; Equity; United States
EGGS,NestYield Total Return Guard ETF,Equity,Dividend/Income,Broad Market,United States,Broad Market; Dividend/Income; Equity; United States
EJAN,Innovator Emerging Markets Power Buffer ETF January,Equity,Plain,Broad Market,Emerging Markets,Broad Market; Emerging Markets; Equity; Plain
EJUL,Innovator Emerging Markets Power Buffer ETF July,Equity,Plain,Broad Market,Emerging Markets,Broad Market; Emerging Markets; Equity; Plain
ELD,WisdomTree Emerging Markets Local Debt Fund,Equity,Plain,Broad Market,Emerging Markets,Broad Market; Emerging Markets; Equity; Plain
ELM,Elm Market Navigator ETF,Equity,Plain,Broad Market,United States,Broad Market; Equity; Plain; United States
EMC,Global X Emerging Markets Great Consumer ETF,Equity,Plain,Broad Market,Emerging Markets; Global,Broad Market; Emerging Markets; Equity; Global; Plain
EMCR,Xtrackers Emerging Markets Carbon Reduction and Climate Improvers ETF,Equity,ESG/Sustainable,Broad Market,Emerging Markets,Broad Market; ESG/Sustainable; Emerging Markets; Equity
EMDM,First Trust Bloomberg Emerging Market Democracies ETF,Equity,Plain,Broad Market,Emerging Markets,Broad Market; Emerging Markets; Equity; Plain
EMEM,Sophus Capital Emerging Market ETF,Equity,Plain,Broad Market,Emerging Markets; United States,Broad Market; Emerging Markets; Equity; Plain; United States
EMEQ,Nomura Focused Emerging Markets Equity ETF,Equity,Plain,Broad Market,Emerging Markets,Broad Market; Emerging Markets; Equity; Plain
EMES,Harbor Emerging Markets Select ETF,Equity,Plain,Broad Market,Emerging Markets,Broad Market; Emerging Markets; Equity; Plain
EMFI,Pictet Emerging Markets Debt ETF,Equity,Plain,Broad Market,Emerging Markets,Broad Market; Emerging Markets; Equity; Plain
EMKT,Lazard Emerging Markets Opportunities ETF,Equity,Plain,Broad Market,Emerging Markets,Broad Market; Emerging Markets; Equity; Plain
EMM,Global X Emerging Markets ex-China ETF,Equity,Plain,Broad Market,Emerging Markets; Global; China,Broad Market; China; Emerging Markets; Equity; Global; Plain
EMMF,WisdomTree Emerging Markets Multifactor Fund,Equity,Plain,Broad Market,Emerging Markets,Broad Market; Emerging Markets; Equity; Plain
EMOP,AB Emerging Markets Opportunities ETF,Equity,Plain,Broad Market,Emerging Markets,Broad Market; Emerging Markets; Equity; Plain
EMPB,Efficient Market Portfolio Plus ETF,Equity,Plain,Broad Market,United States,Broad Market; Equity; Plain; United States
EMSF,Matthews Emerging Markets Sustainable Future Active ETF,Equity,Active; ESG/Sustainable,Broad Market,Emerging Markets,Active; Broad Market; ESG/Sustainable; Emerging Markets; Equity
ENDW,Cambria Endowment Style ETF,Equity,Plain,Broad Market,United States,Broad Market; Equity; Plain; United States
ENHI,iShares Enhanced International Active ETF,Equity,Active,Broad Market,United States,Active; Broad Market; Equity; United States
EOCT,Innovator Emerging Markets Power Buffer ETF - October,Equity,Plain,Broad Market,Emerging Markets,Broad Market; Emerging Markets; Equity; Plain
EPEM,Harbor Emerging Markets Equity ETF,Equity,Plain,Broad Market,Emerging Markets,Broad Market; Emerging Markets; Equity; Plain
EPI,WisdomTree India Earnings Fund,Equity,Plain,Broad Market,India,Broad Market; Equity; India; Plain
EPIN,Harbor International Equity ETF,Equity,Plain,Broad Market,United States,Broad Market; Equity; Plain; United States
EPS,WisdomTree U.S. LargeCap Fund,Equity,Plain,Broad Market,United States,Broad Market; Equity; Plain; United States
EQL,ALPS Equal Sector Weight ETF,Equity,Plain,Broad Market,United States,Broad Market; Equity; Plain; United States
EQTY,Kovitz Core Equity ETF,Equity,Plain,Broad Market,United States,Broad Market; Equity; Plain; United States
EQWL,Invesco S&P 100 Equal Weight ETF,Equity,Factor,Broad Market,United States,Broad Market; Equity; Factor; United States
ESIM,Eventide International ETF,Equity,Plain,Broad Market,United States,Broad Market; Equity; Plain; United States
ESN,Essential 40 Stock ETF,Equity,Plain,Broad Market,United States,Broad Market; Equity; Plain; United States
ESUM,Eventide US Market ETF,Equity,Plain,Broad Market,United States,Broad Market; Equity; Plain; United States
ETEC,iShares Breakthrough Environmental Solutions ETF,Equity,Plain,Broad Market,United States,Broad Market; Equity; Plain; United States
ETFT,Fundsmith Equity ETF,Equity,Plain,Broad Market,United States,Broad Market; Equity; Plain; United States
ETHO,Amplify Etho Climate Leadership U.S. ETF,Equity,ESG/Sustainable,Broad Market,United States,Broad Market; ESG/Sustainable; Equity; United States
ETRL,GraniteShares 2x Long ETOR Daily ETF,Equity,Plain,Broad Market,United States,Broad Market; Equity; Plain; United States
EVLN,Eaton Vance Floating-Rate ETF,Equity,Plain,Broad Market,United States,Broad Market; Equity; Plain; United States
EVMO,Eaton Vance Mortgage Opportunities ETF,Equity,Plain,Broad Market,United States,Broad Market; Equity; Plain; United States
EVNT,AltShares Event-Driven ETF,Equity,Plain,Broad Market,United States,Broad Market; Equity; Plain; United States
EVX,VanEck Environmental Services ETF,Equity,Plain,Broad Market,United States,Broad Market; Equity; Plain; United States
EXEQ,Wedbush ReturnOnLeadership U.S. Large-Cap ETF,Equity,Plain,Broad Market,United States,Broad Market; Equity; Plain; United States
EXUS,Nomura Focused International Core ETF,Equity,Plain,Broad Market,United States,Broad Market; Equity; Plain; United States
EZM,WisdomTree U.S. MidCap Fund,Equity,Plain,Broad Market,United States,Broad Market; Equity; Plain; United States
EZRO,AlphaDroid Defensive Sector Rotation ETF,Equity,Plain,Broad Market,United States,Broad Market; Equity; Plain; United States
FAAA,Fidelity AAA CLO ETF,Equity,Plain,Broad Market,United States,Broad Market; Equity; Plain; United States
FAAR,First Trust Alternative Absolute Return Strategy ETF,Equity,Plain,Broad Market,United States,Broad Market; Equity; Plain; United States
FARX,Frontier Asset Absolute Return ETF,Equity,Plain,Broad Market,United States,Broad Market; Equity; Plain; United States
FBL,GraniteShares 2x Long META Daily ETF,Equity,Plain,Broad Market,United States,Broad Market; Equity; Plain; United States
FBOT,Fidelity Disruptive Automation ETF,Equity,Plain,Broad Market,United States,Broad Market; Equity; Plain; United States
FBYY,GraniteShares YieldBOOST META ETF,Equity,Dividend/Income,Broad Market,United States,Broad Market; Dividend/Income; Equity; United States
FCA,First Trust China AlphaDEX Fund,Equity,Plain,Broad Market,China,Broad Market; China; Equity; Plain
FCLO,Fidelity CLO ETF,Equity,Plain,Broad Market,United States,Broad Market; Equity; Plain; United States
FCTE,SMI 3Fourteen Full-Cycle Trend ETF,Equity,Plain,Broad Market,United States,Broad Market; Equity; Plain; United States
FCUS,Pinnacle Focused Opportunities ETF,Equity,Plain,Broad Market,United States,Broad Market; Equity; Plain; United States
FCVT,First Trust SSI Strategic Convertible Securities ETF,Equity,Plain,Broad Market,United States,Broad Market; Equity; Plain; United States
FDAT,Tactical Advantage ETF,Equity,Plain,Broad Market,United States,Broad Market; Equity; Plain; United States
FDCF,Fidelity Disruptive Communications ETF,Equity,Plain,Broad Market,United States,Broad Market; Equity; Plain; United States
FDFF,Fidelity Disruptive Finance ETF,Equity,Plain,Broad Market,United States,Broad Market; Equity; Plain; United States
FDIF,Fidelity Disruptors ETF,Equity,Plain,Broad Market,United States,Broad Market; Equity; Plain; United States
FDIQ,Invesco Bloomberg Financial Data Providers ETF,Equity,Plain,Broad Market,United States,Broad Market; Equity; Plain; United States
FDL,First Trust Morningstar ETF,Equity,Plain,Broad Market,United States,Broad Market; Equity; Plain; United States
FDLS,Inspire Fidelis Multi Factor ETF,Equity,Plain,Broad Market,United States,Broad Market; Equity; Plain; United States
FDM,First Trust DJ Select MicroCap ETF,Equity,Plain,Broad Market,United States,Broad Market; Equity; Plain; United States
FDRS,Founder-Led ETF,Equity,Plain,Broad Market,United States,Broad Market; Equity; Plain; United States
FDRX,Founder-Led 2X Daily ETF,Equity,Plain,Broad Market,United States,Broad Market; Equity; Plain; United States
FDT,First Trust Developed Markets Ex-US AlphaDEX Fund,Equity,Plain,Broad Market,Developed ex-US; United States,Broad Market; Developed ex-US; Equity; Plain; United States
FDTX,Fidelity Disruptive Technology ETF,Equity,Plain,Broad Market,United States,Broad Market; Equity; Plain; United States
FEAC,Fidelity Enhanced U.S. All-Cap Equity ETF,Equity,Plain,Broad Market,United States,Broad Market; Equity; Plain; United States
FEDM,FlexShares ESG & Climate Developed Markets ex-US Core Index Fund,Equity,ESG/Sustainable,Broad Market,Developed ex-US; United States,Broad Market; Developed ex-US; ESG/Sustainable; Equity; United States
FEGE,First Eagle Global Equity ETF,Equity,Plain,Broad Market,Global,Broad Market; Equity; Global; Plain
FEIG,FlexShares ESG & Climate Investment Grade Corporate Core Index Fund,Equity,ESG/Sustainable,Broad Market,United States,Broad Market; ESG/Sustainable; Equity; United States
FEM,First Trust Emerging Markets AlphaDEX Fund,Equity,Plain,Broad Market,Emerging Markets,Broad Market; Emerging Markets; Equity; Plain
FEMR,Fidelity Enhanced Emerging Markets ETF,Equity,Plain,Broad Market,Emerging Markets,Broad Market; Emerging Markets; Equity; Plain
FENI,Fidelity Enhanced International ETF,Equity,Plain,Broad Market,United States,Broad Market; Equity; Plain; United States
FEOE,First Eagle Overseas Equity ETF,Equity,Plain,Broad Market,United States,Broad Market; Equity; Plain; United States
FEP,First Trust Europe AlphaDEX Fund,Equity,Plain,Broad Market,Europe,Broad Market; Equity; Europe; Plain
FEUZ,First Trust Eurozone AlphaDEX ETF,Equity,Plain,Broad Market,Europe,Broad Market; Equity; Europe; Plain
FEZ,State Street SPDR EURO STOXX 50 ETF,Equity,Plain,Broad Market,United States,Broad Market; Equity; Plain; United States
FFND,One Global ETF,Equity,Plain,Broad Market,Global,Broad Market; Equity; Global; Plain
FFOX,FundX Future Fund Opportunities ETF,Equity,Plain,Broad Market,United States,Broad Market; Equity; Plain; United States
FFTY,CapForce IBD 50 ETF,Equity,Plain,Broad Market,United States,Broad Market; Equity; Plain; United States
FFUT,Fidelity Managed Futures ETF,Equity,Plain,Broad Market,United States,Broad Market; Equity; Plain; United States
FGM,First Trust Germany AlphaDEX Fund,Equity,Plain,Broad Market,United States,Broad Market; Equity; Plain; United States
FICS,First Trust International Developed Capital Strength ETF,Equity,Plain,Broad Market,Developed ex-US,Broad Market; Developed ex-US; Equity; Plain
FINT,Frontier Asset Total International Equity ETF,Equity,Plain,Broad Market,United States,Broad Market; Equity; Plain; United States
FINY,GraniteShares YieldBOOST Financials ETF,Equity,Dividend/Income,Broad Market,United States,Broad Market; Dividend/Income; Equity; United States
FITE,State Street SPDR S&P Kensho Future Security ETF,Equity,Plain,Broad Market,United States,Broad Market; Equity; Plain; United States
FITZ,Fitz-Gerald Must Have Portfolio ETF,Equity,Plain,Broad Market,United States,Broad Market; Equity; Plain; United States
FIYY,GraniteShares YieldBOOST 20Y Treasuries ETF,Equity,Dividend/Income,Broad Market,United States,Broad Market; Dividend/Income; Equity; United States
FJP,First Trust Japan AlphaDEX Fund,Equity,Plain,Broad Market,Japan,Broad Market; Equity; Japan; Plain
FKU,First Trust United Kingdom AlphaDEX Fund,Equity,Plain,Broad Market,United Kingdom,Broad Market; Equity; Plain; United Kingdom
FLAU,Franklin FTSE Australia ETF,Equity,Plain,Broad Market,United States,Broad Market; Equity; Plain; United States
FLAX,Franklin FTSE Asia ex Japan ETF,Equity,Plain,Broad Market,Asia Pacific; Japan,Asia Pacific; Broad Market; Equity; Japan; Plain
FLBR,Franklin FTSE Brazil ETF,Equity,Plain,Broad Market,Brazil,Brazil; Broad Market; Equity; Plain
FLCA,Franklin FTSE Canada ETF,Equity,Plain,Broad Market,United States,Broad Market; Equity; Plain; United States
FLCH,Franklin FTSE China ETF,Equity,Plain,Broad Market,China,Broad Market; China; Equity; Plain
FLCO,Franklin Investment Grade Corporate ETF,Equity,Plain,Broad Market,United States,Broad Market; Equity; Plain; United States
FLEE,Franklin FTSE Europe ETF,Equity,Plain,Broad Market,Europe,Broad Market; Equity; Europe; Plain
FLEU,Franklin FTSE Eurozone ETF,Equity,Plain,Broad Market,Europe,Broad Market; Equity; Europe; Plain
FLGB,Franklin FTSE United Kingdom ETF,Equity,Plain,Broad Market,United Kingdom,Broad Market; Equity; Plain; United Kingdom
FLGR,Franklin FTSE Germany ETF,Equity,Plain,Broad Market,United States,Broad Market; Equity; Plain; United States
FLIN,Franklin FTSE India ETF,Equity,Plain,Broad Market,India,Broad Market; Equity; India; Plain
FLJH,Franklin FTSE Japan Hedged ETF,Equity,Plain,Broad Market,Japan,Broad Market; Equity; Japan; Plain
FLJP,Franklin FTSE Japan ETF,Equity,Plain,Broad Market,Japan,Broad Market; Equity; Japan; Plain
FLKR,Franklin FTSE South Korea ETF,Equity,Plain,Broad Market,South Korea,Broad Market; Equity; Plain; South Korea
FLLA,Franklin FTSE Latin America ETF,Equity,Plain,Broad Market,United States,Broad Market; Equity; Plain; United States
FLMX,Franklin FTSE Mexico ETF,Equity,Plain,Broad Market,United States,Broad Market; Equity; Plain; United States
FLN,First Trust Latin America AlphaDEX Fund,Equity,Plain,Broad Market,United States,Broad Market; Equity; Plain; United States
FLOW,Global X U.S. Cash Flow Kings 100 ETF,Equity,Plain,Broad Market,Global; United States,Broad Market; Equity; Global; Plain; United States
FLRG,Fidelity U.S. Multifactor ETF,Equity,Plain,Broad Market,United States,Broad Market; Equity; Plain; United States
FLRN,State Street SPDR Bloomberg Investment Grade Floating Rate ETF,Equity,Plain,Broad Market,United States,Broad Market; Equity; Plain; United States
FLSA,Franklin FTSE Saudi Arabia ETF,Equity,Plain,Broad Market,United States,Broad Market; Equity; Plain; United States
FLSP,Franklin Systematic Style Premia ETF,Equity,Plain,Broad Market,United States,Broad Market; Equity; Plain; United States
FLSW,Franklin FTSE Switzerland ETF,Equity,Plain,Broad Market,United States,Broad Market; Equity; Plain; United States
FLTR,VanEck IG Floating Rate ETF,Equity,Plain,Broad Market,United States,Broad Market; Equity; Plain; United States
FLTW,Franklin FTSE Taiwan ETF,Equity,Plain,Broad Market,Taiwan,Broad Market; Equity; Plain; Taiwan
FMCE,FM Compounders Equity ETF,Equity,Plain,Broad Market,United States,Broad Market; Equity; Plain; United States
FMCX,FM Focus Equity ETF,Equity,Plain,Broad Market,United States,Broad Market; Equity; Plain; United States
FMED,Fidelity Disruptive Medicine ETF,Equity,Plain,Broad Market,United States,Broad Market; Equity; Plain; United States
FMET,Fidelity Metaverse ETF,Equity,Plain,Broad Market,United States,Broad Market; Equity; Plain; United States
FMF,First Trust Managed Futures Strategy Fund,Equity,Plain,Broad Market,United States,Broad Market; Equity; Plain; United States
FMKT,The Free Markets ETF,Equity,Plain,Broad Market,United States,Broad Market; Equity; Plain; United States
FMTL,First Trust Indxx Critical Metals ETF,Equity,Plain,Broad Market,United States,Broad Market; Equity; Plain; United States
FNDA,Schwab Fundamental U.S. Small Company ETF,Equity,Plain,Broad Market,United States,Broad Market; Equity; Plain; United States
FNDC,Schwab Fundamental International Small Equity ETF,Equity,Plain,Broad Market,United States,Broad Market; Equity; Plain; United States
FNDE,Schwab Fundamental Emerging Markets Equity ETF,Equity,Plain,Broad Market,Emerging Markets,Broad Market; Emerging Markets; Equity; Plain
FNDF,Schwab Fundamental International Equity ETF,Equity,Plain,Broad Market,United States,Broad Market; Equity; Plain; United States
FNDX,Schwab Fundamental U.S. Large Company ETF,Equity,Plain,Broad Market,United States,Broad Market; Equity; Plain; United States
FNGS,"MicroSectors FANG  ETNs due January 8, 2038",Equity,Plain,Broad Market,United States,Broad Market; Equity; Plain; United States
FOPC,Frontier Asset Opportunistic Credit ETF,Equity,Plain,Broad Market,United States,Broad Market; Equity; Plain; United States
FPA,First Trust Asia Pacific Ex-Japan AlphaDEX Fund,Equity,Plain,Broad Market,Asia Pacific; Japan,Asia Pacific; Broad Market; Equity; Japan; Plain
FPWR,First Trust EIP Power Solutions ETF,Equity,Plain,Broad Market,United States,Broad Market; Equity; Plain; United States
FPX,First Trust US Equity Opportunities ETF,Equity,Plain,Broad Market,United States,Broad Market; Equity; Plain; United States
FPXE,First Trust IPOX Europe Equity Opportunities ETF,Equity,Plain,Broad Market,Europe,Broad Market; Equity; Europe; Plain
FPXI,First Trust International Equity Opportunities ETF,Equity,Plain,Broad Market,United States,Broad Market; Equity; Plain; United States
FRGN,Horizon International Equity ETF,Equity,Plain,Broad Market,United States,Broad Market; Equity; Plain; United States
FRWD,Nomura Transformational Technologies ETF,Equity,Plain,Broad Market,United States,Broad Market; Equity; Plain; United States
FSEC,Fidelity Investment Grade Securitized ETF,Equity,Plain,Broad Market,United States,Broad Market; Equity; Plain; United States
FSIG,First Trust Limited Duration Investment Grade Corporate ETF,Equity,Plain,Broad Market,United States,Broad Market; Equity; Plain; United States
FSMD,Fidelity Small-Mid Multifactor ETF,Equity,Plain,Broad Market,United States,Broad Market; Equity; Plain; United States
FSZ,First Trust Switzerland AlphaDEX Fund,Equity,Plain,Broad Market,United States,Broad Market; Equity; Plain; United States
FTCB,First Trust Core Investment Grade ETF,Equity,Plain,Broad Market,United States,Broad Market; Equity; Plain; United States
FTCE,First Trust New Constructs Core Earnings Leaders ETF,Equity,Plain,Broad Market,United States,Broad Market; Equity; Plain; United States
FTCS,First Trust Capital Strength ETF,Equity,Plain,Broad Market,United States,Broad Market; Equity; Plain; United States
FTHF,First Trust Emerging Markets Human Flourishing ETF,Equity,Plain,Broad Market,Emerging Markets,Broad Market; Emerging Markets; Equity; Plain
FTIF,First Trust Bloomberg Inflation Sensitive Equity ETF,Equity,Plain,Broad Market,United States,Broad Market; Equity; Plain; United States
FTSL,First Trust Senior Loan Fund,Equity,Plain,Broad Market,United States,Broad Market; Equity; Plain; United States
FTWO,Strive Natural Resources and Security ETF,Equity,Plain,Broad Market,United States,Broad Market; Equity; Plain; United States
FV,First Trust Dorsey Wright Focus 5 ETF,Equity,Plain,Broad Market,United States,Broad Market; Equity; Plain; United States
FVC,First Trust Dorsey Wright Dynamic Focus 5 ETF,Equity,Plain,Broad Market,United States,Broad Market; Equity; Plain; United States
FWD,AB Disruptors ETF,Equity,Plain,Broad Market,United States,Broad Market; Equity; Plain; United States
FXB,Invesco CurrencyShares British Pound Sterling Trust,Equity,Plain,Broad Market,United States,Broad Market; Equity; Plain; United States
FXD,First Trust Cons. Discret. AlphaDEX,Equity,Plain,Broad Market,United States,Broad Market; Equity; Plain; United States
FXF,Invesco CurrencyShares Swiss Franc Trust,Equity,Plain,Broad Market,United States,Broad Market; Equity; Plain; United States
FXG,First Trust Cons. Staples AlphaDEX,Equity,Plain,Broad Market,United States,Broad Market; Equity; Plain; United States
FXI,iShares China Large-Cap ETF,Equity,Plain,Broad Market,China,Broad Market; China; Equity; Plain
FXL,First Trust Technology AlphaDEX,Equity,Plain,Broad Market,United States,Broad Market; Equity; Plain; United States
FXO,First Trust Financials AlphaDEX,Equity,Plain,Broad Market,United States,Broad Market; Equity; Plain; United States
GAMR,Amplify Video Game Leaders ETF,Equity,Plain,Broad Market,United States,Broad Market; Equity; Plain; United States
GAVA,Grayscale Avalanche Staking ETF,Equity,Plain,Broad Market,United States,Broad Market; Equity; Plain; United States
GDOG,Grayscale Dogecoin Trust ETF,Equity,Plain,Broad Market,United States,Broad Market; Equity; Plain; United States
GEM,Goldman Sachs ActiveBeta Emerging Markets Equity ETF,Equity,Active,Broad Market,Emerging Markets,Active; Broad Market; Emerging Markets; Equity
GEME,Pacific North of South EM Equity Active ETF,Equity,Active,Broad Market,United States,Active; Broad Market; Equity; United States
GENZ,VanEck Digital Native Economy ETF,Equity,Plain,Broad Market,United States,Broad Market; Equity; Plain; United States
GEOA,WisdomTree GeoAlpha Opportunities Fund,Equity,Plain,Broad Market,United States,Broad Market; Equity; Plain; United States
GEQ,Cambria Global EW 2 ETF,Equity,Plain,Broad Market,Global,Broad Market; Equity; Global; Plain
GEW,Cambria Global EW ETF,Equity,Plain,Broad Market,Global,Broad Market; Equity; Global; Plain
GFGF,Guru Favorite Stocks ETF,Equity,Plain,Broad Market,United States,Broad Market; Equity; Plain; United States
GGM,GGM Macro Alignment ETF,Equity,Plain,Broad Market,United States,Broad Market; Equity; Plain; United States
GGTL,Gabelli Global Technology Leaders ETF,Equity,Plain,Broad Market,Global,Broad Market; Equity; Global; Plain
GIEQ,Goldman Sachs Data Enhanced International Equity ETF,Equity,Plain,Broad Market,United States,Broad Market; Equity; Plain; United States
GIND,Goldman Sachs India Equity ETF,Equity,Plain,Broad Market,India,Broad Market; Equity; India; Plain
GINN,Goldman Sachs Innovate Equity ETF,Equity,Plain,Broad Market,United States,Broad Market; Equity; Plain; United States
GK,AdvisorShares Gerber Kawasaki ETF,Equity,Plain,Broad Market,United States,Broad Market; Equity; Plain; United States
GKAT,Scharf Global Opportunity ETF,Equity,Plain,Broad Market,Global,Broad Market; Equity; Global; Plain
GLDB,IDX Alternative FIAT ETF,Equity,Plain,Broad Market,United States,Broad Market; Equity; Plain; United States
GLNK,Grayscale Chainlink Trust ETF,Equity,Plain,Broad Market,United States,Broad Market; Equity; Plain; United States
GLOF,iShares Global Equity Factor ETF,Equity,Plain,Broad Market,Global,Broad Market; Equity; Global; Plain
GLOW,VictoryShares WestEnd Global Equity ETF,Equity,Plain,Broad Market,Global,Broad Market; Equity; Global; Plain
GLTR,abrdn Physical Precious Metals Basket Shares ETF,Equity,Plain,Broad Market,United States,Broad Market; Equity; Plain; United States
GMF,State Street SPDR S&P Emerging Asia Pacific ETF,Equity,Plain,Broad Market,Asia Pacific,Asia Pacific; Broad Market; Equity; Plain
GMMA,GammaRoad Market Navigation ETF,Equity,Plain,Broad Market,United States,Broad Market; Equity; Plain; United States
GMMF,iShares Government Money Market ETF,Equity,Plain,Broad Market,United States,Broad Market; Equity; Plain; United States
GNR,State Street SPDR S&P Global Natural Resources ETF,Equity,Plain,Broad Market,Global,Broad Market; Equity; Global; Plain
GOLS,Gabelli Opportunities in Live and Sports ETF,Equity,Plain,Broad Market,United States,Broad Market; Equity; Plain; United States
GOU,GraniteShares 2x Long GOOGL Daily ETF,Equity,Plain,Broad Market,United States,Broad Market; Equity; Plain; United States
GPRF,Goldman Sachs Access U.S. Preferred Stock and Hybrid Securities ETF,Equity,Plain,Broad Market,United States,Broad Market; Equity; Plain; United States
GPT,Intelligent Alpha Atlas ETF,Equity,Plain,Broad Market,United States,Broad Market; Equity; Plain; United States
GPZ,VanEck Alternative Asset Manager ETF,Equity,Plain,Broad Market,United States,Broad Market; Equity; Plain; United States
GQGU,GQG US Equity ETF,Equity,Plain,Broad Market,United States,Broad Market; Equity; Plain; United States
GRNJ,Fundstrat Granny Shots US Small- & Mid-Cap ETF,Equity,Plain,Broad Market,United States,Broad Market; Equity; Plain; United States
GRPM,Invesco S&P MidCap 400 GARP ETF,Equity,Plain,Broad Market,United States,Broad Market; Equity; Plain; United States
GRPZ,Invesco S&P SmallCap 600 GARP ETF,Equity,Plain,Broad Market,United States,Broad Market; Equity; Plain; United States
GSEU,Goldman Sachs ActiveBeta Europe Equity ETF,Equity,Active,Broad Market,Europe,Active; Broad Market; Equity; Europe
GSIE,Goldman Sachs ActiveBeta International Equity ETF,Equity,Active,Broad Market,United States,Active; Broad Market; Equity; United States
GSJY,Goldman Sachs ActiveBeta Japan Equity ETF,Equity,Active,Broad Market,Japan,Active; Broad Market; Equity; Japan
GSKH,GSK plc ADRhedged,Equity,Plain,Broad Market,United States,Broad Market; Equity; Plain; United States
GSPY,Gotham Enhanced 500 ETF,Equity,Plain,Broad Market,United States,Broad Market; Equity; Plain; United States
GTEK,Goldman Sachs Future Tech Leaders Equity ETF,Equity,Plain,Broad Market,United States,Broad Market; Equity; Plain; United States
GTND,Goaltender ETF,Equity,Plain,Broad Market,United States,Broad Market; Equity; Plain; United States
GTOP,Goldman Sachs Technology Opportunities ETF,Equity,Plain,Broad Market,United States,Broad Market; Equity; Plain; United States
GTR,WisdomTree Target Range Fund,Equity,Plain,Broad Market,United States,Broad Market; Equity; Plain; United States
GUNR,FlexShares Global Upstream Natural Resources Index Fund ETF,Equity,Plain,Broad Market,Global; United States,Broad Market; Equity; Global; Plain; United States
GURU,Global X Guru Index ETF,Equity,Plain,Broad Market,Global,Broad Market; Equity; Global; Plain
GUSA,Goldman Sachs MarketBeta U.S. 1000 Equity ETF,Equity,Plain,Broad Market,United States,Broad Market; Equity; Plain; United States
GUSE,Goldman Sachs Enhanced U.S. Equity ETF,Equity,Plain,Broad Market,United States,Broad Market; Equity; Plain; United States
GVIP,Goldman Sachs Hedge Industry VIP ETF,Equity,Plain,Broad Market,United States,Broad Market; Equity; Plain; United States
GXC,State Street SPDR S&P China ETF,Equity,Plain,Broad Market,China,Broad Market; China; Equity; Plain
GXDW,Global X Dorsey Wright Thematic ETF,Equity,Plain,Broad Market,Global,Broad Market; Equity; Global; Plain
GXLC,Global X U.S. 500 ETF,Equity,Plain,Broad Market,Global; United States,Broad Market; Equity; Global; Plain; United States
GXRP,Grayscale XRP Trust ETF,Equity,Plain,Broad Market,United States,Broad Market; Equity; Plain; United States
GXUS,Goldman Sachs MarketBeta Total International Equity ETF,Equity,Plain,Broad Market,United States,Broad Market; Equity; Plain; United States
HAIL,State Street SPDR S&P Kensho Smart Mobility ETF,Equity,Plain,Broad Market,United States,Broad Market; Equity; Plain; United States
HAP,VanEck Natural Resources ETF,Equity,Plain,Broad Market,United States,Broad Market; Equity; Plain; United States
HBR,Canary HBAR ETF,Equity,Plain,Broad Market,United States,Broad Market; Equity; Plain; United States
HBTA,Horizon Expedition Plus ETF,Equity,Plain,Broad Market,United States,Broad Market; Equity; Plain; United States
HCMT,Direxion HCM Tactical Enhanced US ETF,Equity,Plain,Broad Market,United States,Broad Market; Equity; Plain; United States
HDMV,First Trust Horizon Managed Volatility Developed International ETF,Equity,Plain,Broad Market,United States,Broad Market; Equity; Plain; United States
HDUS,Hartford Disciplined US Equity ETF,Equity,Plain,Broad Market,United States,Broad Market; Equity; Plain; United States
HEAL,Global X HealthTech ETF,Equity,Plain,Broad Market,Global,Broad Market; Equity; Global; Plain
HECO,State Street Galaxy Hedged Digital Asset Ecosystem ETF,Equity,Plain,Broad Market,United States,Broad Market; Equity; Plain; United States
HEDG,Equable Shares Hedged Equity ETF,Equity,Plain,Broad Market,United States,Broad Market; Equity; Plain; United States
HEDJ,WisdomTree Europe Hedged Equity Fund,Equity,Plain,Broad Market,Europe,Broad Market; Equity; Europe; Plain
HEFT,Hedgeye Fourth Turning ETF,Equity,Plain,Broad Market,United States,Broad Market; Equity; Plain; United States
HELO,JPMorgan Hedged Equity Laddered Overlay ETF,Equity,Plain,Broad Market,United States,Broad Market; Equity; Plain; United States
HELS,Hedgeye 130/30 Equity ETF,Equity,Plain,Broad Market,United States,Broad Market; Equity; Plain; United States
HEQT,Simplify Hedged Equity ETF,Equity,Plain,Broad Market,United States,Broad Market; Equity; Plain; United States
HERD,Pacer Cash Cows Fund of Funds ETF,Equity,Plain,Broad Market,United States,Broad Market; Equity; Plain; United States
HF,DGA Core Plus Absolute Return ETF,Equity,Plain,Broad Market,United States,Broad Market; Equity; Plain; United States
HFGM,Unlimited HFGM Global Macro ETF,Equity,Plain,Broad Market,Global,Broad Market; Equity; Global; Plain
HFMF,Unlimited HFMF Managed Futures ETF,Equity,Plain,Broad Market,United States,Broad Market; Equity; Plain; United States
HFND,Unlimited HFND Multi-Strategy Return Tracker ETF,Equity,Plain,Broad Market,United States,Broad Market; Equity; Plain; United States
HIDE,Alpha Architect High Inflation and Deflation ETF,Equity,Plain,Broad Market,United States,Broad Market; Equity; Plain; United States
HIMZ,Defiance Daily Target 2X Long HIMS ETF,Equity,Plain,Broad Market,United States,Broad Market; Equity; Plain; United States
HIS,Humilis US Focused Opportunities ETF,Equity,Plain,Broad Market,United States,Broad Market; Equity; Plain; United States
HLAL,Wahed FTSE USA Shariah ETF,Equity,Plain,Broad Market,United States,Broad Market; Equity; Plain; United States
HMYY,GraniteShares YieldBoost HIMS ETF,Equity,Dividend/Income,Broad Market,United States,Broad Market; Dividend/Income; Equity; United States
HOLA,JPMorgan International Hedged Equity Laddered Overlay ETF,Equity,Plain,Broad Market,United States,Broad Market; Equity; Plain; United States
HOLD,Harbor Alpha Layering ETF,Equity,Plain,Broad Market,United States,Broad Market; Equity; Plain; United States
HOMZ,Hoya Capital Housing ETF,Equity,Plain,Broad Market,United States,Broad Market; Equity; Plain; United States
HOOX,Defiance Daily Target 2X Long HOOD ETF,Equity,Plain,Broad Market,United States,Broad Market; Equity; Plain; United States
HOYY,GraniteShares YieldBOOST HOOD ETF,Equity,Dividend/Income,Broad Market,United States,Broad Market; Dividend/Income; Equity; United States
HRSK,Toews Agility Shares Hedged Risk ETF,Equity,Plain,Broad Market,United States,Broad Market; Equity; Plain; United States
HRTS,Tema Heart & Health ETF,Equity,Plain,Broad Market,United States,Broad Market; Equity; Plain; United States
HSBH,HSBC Holdings plc ADRhedged,Equity,Plain,Broad Market,United States,Broad Market; Equity; Plain; United States
HSMV,First Trust Horizon Managed Volatility Small/Mid ETF,Equity,Plain,Broad Market,United States,Broad Market; Equity; Plain; United States
HUSV,First Trust Horizon Managed Volatility Domestic ETF,Equity,Plain,Broad Market,United States,Broad Market; Equity; Plain; United States
HYPG,Grayscale Hyperliquid Staking ETF,Equity,Plain,Broad Market,United States,Broad Market; Equity; Plain; United States
IALT,iShares Systematic Alternatives Active ETF,Equity,Active,Broad Market,United States,Active; Broad Market; Equity; United States
IAPR,Innovator International Developed Power Buffer ETF  April,Equity,Plain,Broad Market,Developed ex-US,Broad Market; Developed ex-US; Equity; Plain
IAUG,Innovator International Developed Power Buffer ETF  August,Equity,Plain,Broad Market,Developed ex-US,Broad Market; Developed ex-US; Equity; Plain
IBCA,iShares iBonds Dec 2035 Term Corporate ETF,Equity,Target Maturity,Broad Market,United States,Broad Market; Equity; Target Maturity; United States
IBCB,iShares iBonds Dec 2036 Term Corporate ETF,Equity,Target Maturity,Broad Market,United States,Broad Market; Equity; Target Maturity; United States
IBDR,iShares iBonds Dec 2026 Term Corporate ETF,Equity,Target Maturity,Broad Market,United States,Broad Market; Equity; Target Maturity; United States
IBDS,iShares iBonds Dec 2027 Term Corporate ETF,Equity,Target Maturity,Broad Market,United States,Broad Market; Equity; Target Maturity; United States
IBDT,iShares iBonds Dec 2028 Term Corporate ETF,Equity,Target Maturity,Broad Market,United States,Broad Market; Equity; Target Maturity; United States
IBDU,iShares iBonds Dec 2029 Term Corporate ETF,Equity,Target Maturity,Broad Market,United States,Broad Market; Equity; Target Maturity; United States
IBDV,iShares iBonds Dec 2030 Term Corporate ETF,Equity,Target Maturity,Broad Market,United States,Broad Market; Equity; Target Maturity; United States
IBDW,iShares iBonds Dec 2031 Term Corporate ETF,Equity,Target Maturity,Broad Market,United States,Broad Market; Equity; Target Maturity; United States
IBDX,iShares iBonds Dec 2032 Term Corporate ETF,Equity,Target Maturity,Broad Market,United States,Broad Market; Equity; Target Maturity; United States
IBDY,iShares iBonds Dec 2033 Term Corporate ETF,Equity,Target Maturity,Broad Market,United States,Broad Market; Equity; Target Maturity; United States
IBDZ,iShares iBonds Dec 2034 Term Corporate ETF,Equity,Target Maturity,Broad Market,United States,Broad Market; Equity; Target Maturity; United States
IBFR,Innovator International Developed Managed 10 Buffer ETF,Equity,Plain,Broad Market,Developed ex-US,Broad Market; Developed ex-US; Equity; Plain
IBIC,iShares iBonds Oct 2026 Term TIPS ETF,Equity,Target Maturity,Broad Market,United States,Broad Market; Equity; Target Maturity; United States
IBID,iShares iBonds Oct 2027 Term TIPS ETF,Equity,Target Maturity,Broad Market,United States,Broad Market; Equity; Target Maturity; United States
IBIE,iShares iBonds Oct 2028 Term TIPS ETF,Equity,Target Maturity,Broad Market,United States,Broad Market; Equity; Target Maturity; United States
IBIF,iShares iBonds Oct 2029 Term TIPS ETF,Equity,Target Maturity,Broad Market,United States,Broad Market; Equity; Target Maturity; United States
IBIG,iShares iBonds Oct 2030 Term TIPS ETF,Equity,Target Maturity,Broad Market,United States,Broad Market; Equity; Target Maturity; United States
IBIH,iShares iBonds Oct 2031 Term TIPS ETF,Equity,Target Maturity,Broad Market,United States,Broad Market; Equity; Target Maturity; United States
IBII,iShares iBonds Oct 2032 Term TIPS ETF,Equity,Target Maturity,Broad Market,United States,Broad Market; Equity; Target Maturity; United States
IBIJ,iShares iBonds Oct 2033 Term TIPS ETF,Equity,Target Maturity,Broad Market,United States,Broad Market; Equity; Target Maturity; United States
IBIK,iShares iBonds Oct 2034 Term TIPS ETF,Equity,Target Maturity,Broad Market,United States,Broad Market; Equity; Target Maturity; United States
IBIL,iShares iBonds Oct 2035 Term TIPS ETF,Equity,Target Maturity,Broad Market,United States,Broad Market; Equity; Target Maturity; United States
IBIM,iShares iBonds Oct 2036 Term TIPS ETF,Equity,Target Maturity,Broad Market,United States,Broad Market; Equity; Target Maturity; United States
IBOT,VanEck Robotics ETF,Equity,Plain,Broad Market,United States,Broad Market; Equity; Plain; United States
IBUF,Innovator International Developed 10 Buffer ETF - Quarterly,Equity,Plain,Broad Market,Developed ex-US,Broad Market; Developed ex-US; Equity; Plain
IDEC,Innovator International Developed Power Buffer ETF  December,Equity,Plain,Broad Market,Developed ex-US,Broad Market; Developed ex-US; Equity; Plain
IDEQ,Lazard International Dynamic Equity ETF,Equity,Plain,Broad Market,United States,Broad Market; Equity; Plain; United States
IDHQ,Invesco S&P International Developed Quality ETF,Equity,Factor,Broad Market,Developed ex-US,Broad Market; Developed ex-US; Equity; Factor
IDX,VanEck Indonesia Index ETF,Equity,Plain,Broad Market,United States,Broad Market; Equity; Plain; United States
IDYN,iShares International Equity Factor Rotation Active ETF,Equity,Active,Broad Market,United States,Active; Broad Market; Equity; United States
IEV,iShares Europe ETF,Equity,Plain,Broad Market,Europe,Broad Market; Equity; Europe; Plain
IFEB,Innovator International Developed Power Buffer ETF  February,Equity,Plain,Broad Market,Developed ex-US,Broad Market; Developed ex-US; Equity; Plain
IFLN,Invesco Bloomberg Enhanced Fallen Angels ETF,Equity,Plain,Broad Market,United States,Broad Market; Equity; Plain; United States
IFLO,VictoryShares International Free Cash Flow ETF,Equity,Plain,Broad Market,United States,Broad Market; Equity; Plain; United States
IFLR,Innovator International Developed Managed Floor ETF,Equity,Plain,Broad Market,Developed ex-US,Broad Market; Developed ex-US; Equity; Plain
IFV,First Trust Dorsey Wright International Focus 5 ETF,Equity,Plain,Broad Market,United States,Broad Market; Equity; Plain; United States
IGM,iShares Expanded Tech Sector ETF,Equity,Plain,Broad Market,United States,Broad Market; Equity; Plain; United States
IGTR,Innovator Gradient Tactical Rotation Strategy ETF,Equity,Plain,Broad Market,United States,Broad Market; Equity; Plain; United States
IIGD,Invesco Investment Grade Defensive ETF,Equity,Plain,Broad Market,United States,Broad Market; Equity; Plain; United States
IJAN,Innovator International Developed Power Buffer ETF January,Equity,Plain,Broad Market,Developed ex-US,Broad Market; Developed ex-US; Equity; Plain
IJH,iShares Core S&P Mid-Cap ETF,Equity,Plain,Broad Market,United States,Broad Market; Equity; Plain; United States
IJR,iShares Core S&P Small-Cap ETF,Equity,Plain,Broad Market,United States,Broad Market; Equity; Plain; United States
IJUL,Innovator International Developed Power Buffer ETF  July,Equity,Plain,Broad Market,Developed ex-US,Broad Market; Developed ex-US; Equity; Plain
IJUN,Innovator International Developed Power Buffer ETF June,Equity,Plain,Broad Market,Developed ex-US,Broad Market; Developed ex-US; Equity; Plain
ILCB,iShares Morningstar Large-Cap ETF,Equity,Plain,Broad Market,United States,Broad Market; Equity; Plain; United States
ILDR,First Trust Innovation Leaders ETF,Equity,Plain,Broad Market,United States,Broad Market; Equity; Plain; United States
ILF,iShares Latin America 40 ETF,Equity,Plain,Broad Market,United States,Broad Market; Equity; Plain; United States
IMAR,Innovator International Developed Power Buffer ETF  March,Equity,Plain,Broad Market,Developed ex-US,Broad Market; Developed ex-US; Equity; Plain
IMAY,Innovator International Developed Power Buffer ETF - May,Equity,Plain,Broad Market,Developed ex-US,Broad Market; Developed ex-US; Equity; Plain
IMCB,iShares Morningstar Mid-Cap ETF,Equity,Plain,Broad Market,United States,Broad Market; Equity; Plain; United States
IMVP,Invesco India ETF,Equity,Plain,Broad Market,India,Broad Market; Equity; India; Plain
INCO,Columbia India Consumer ETF,Equity,Plain,Broad Market,India,Broad Market; Equity; India; Plain
INDE,Matthews India Active ETF,Equity,Active,Broad Market,India,Active; Broad Market; Equity; India
INDH,WisdomTree India Hedged Equity Fund,Equity,Plain,Broad Market,India,Broad Market; Equity; India; Plain
INDQ,Pacer ActiveAlpha India Quality ETF,Equity,Active; Factor,Broad Market,India,Active; Broad Market; Equity; Factor; India
INDY,iShares India 50 ETF,Equity,Plain,Broad Market,India,Broad Market; Equity; India; Plain
INDZ,VanEck India Select ETF,Equity,Plain,Broad Market,India,Broad Market; Equity; India; Plain
INFL,Horizon Kinetics Inflation Beneficiaries ETF,Equity,Plain,Broad Market,United States,Broad Market; Equity; Plain; United States
INOV,Innovator International Developed Power Buffer ETF  November,Equity,Plain,Broad Market,Developed ex-US,Broad Market; Developed ex-US; Equity; Plain
INRO,iShares U.S. Industry Rotation Active ETF,Equity,Active,Broad Market,United States,Active; Broad Market; Equity; United States
INTF,iShares International Equity Factor ETF,Equity,Plain,Broad Market,United States,Broad Market; Equity; Plain; United States
INTW,GraniteShares 2x Long INTC Daily ETF,Equity,Plain,Broad Market,United States,Broad Market; Equity; Plain; United States
INVG,GMO Systematic Investment Grade Credit ETF,Equity,Plain,Broad Market,United States,Broad Market; Equity; Plain; United States
IOCT,Innovator International Developed Power Buffer ETF - October,Equity,Plain,Broad Market,Developed ex-US,Broad Market; Developed ex-US; Equity; Plain
IONL,GraniteShares 2x Long IONQ Daily ETF,Equity,Plain,Broad Market,United States,Broad Market; Equity; Plain; United States
IONX,Defiance Daily Target 2X Long IONQ ETF,Equity,Plain,Broad Market,United States,Broad Market; Equity; Plain; United States
IOO,iShares Global 100 ETF,Equity,Plain,Broad Market,Global,Broad Market; Equity; Global; Plain
IOPP,Simplify Tara India Opportunities ETF,Equity,Plain,Broad Market,India,Broad Market; Equity; India; Plain
IOYY,GraniteShares YieldBOOST IONQ ETF,Equity,Dividend/Income,Broad Market,United States,Broad Market; Dividend/Income; Equity; United States
IPB,"Merrill Lynch & Co., Inc. 6.0518% Index Plus Trust Certificates Series 2003-1",Equity,Plain,Broad Market,United States,Broad Market; Equity; Plain; United States
IPKW,Invesco International BuyBack Achievers ETF,Equity,Plain,Broad Market,United States,Broad Market; Equity; Plain; United States
IPO,Renaissance IPO ETF,Equity,Plain,Broad Market,United States,Broad Market; Equity; Plain; United States
IPOS,Renaissance Capital Greenwich Fund,Equity,Plain,Broad Market,United States,Broad Market; Equity; Plain; United States
IQRA,NYLI CBRE Real Assets ETF,Equity,Plain,Broad Market,United States,Broad Market; Equity; Plain; United States
IQSI,NYLI Candriam International Equity ETF,Equity,Plain,Broad Market,United States,Broad Market; Equity; Plain; United States
IRE,Defiance Daily Target 2X Long IREN ETF,Equity,Plain,Broad Market,United States,Broad Market; Equity; Plain; United States
IRTR,iShares LifePath Retirement ETF,Equity,Plain,Broad Market,United States,Broad Market; Equity; Plain; United States
IRVH,Global X Interest Rate Volatility & Inflation Hedge ETF,Equity,Plain,Broad Market,Global,Broad Market; Equity; Global; Plain
ISCB,iShares Morningstar Small-Cap ETF,Equity,Plain,Broad Market,United States,Broad Market; Equity; Plain; United States
ISCF,iShares International Small-Cap Equity Factor ETF,Equity,Plain,Broad Market,United States,Broad Market; Equity; Plain; United States
ISEP,Innovator International Developed Power Buffer ETF  September,Equity,Plain,Broad Market,Developed ex-US,Broad Market; Developed ex-US; Equity; Plain
ISRA,VanEck Israel ETF,Equity,Plain,Broad Market,United States,Broad Market; Equity; Plain; United States
ISTM,iShares Strategic Metals ETF,Equity,Plain,Broad Market,United States,Broad Market; Equity; Plain; United States
ISUL,GraniteShares 2x Long ISRG Daily ETF,Equity,Plain,Broad Market,United States,Broad Market; Equity; Plain; United States
ISWN,Amplify BlackSwan ISWN ETF,Equity,Plain,Broad Market,United States,Broad Market; Equity; Plain; United States
ITDB,iShares LifePath Target Date 2030 ETF,Equity,Plain,Broad Market,United States,Broad Market; Equity; Plain; United States
ITDC,iShares LifePath Target Date 2035 ETF,Equity,Plain,Broad Market,United States,Broad Market; Equity; Plain; United States
ITDD,iShares LifePath Target Date 2040 ETF,Equity,Plain,Broad Market,United States,Broad Market; Equity; Plain; United States
ITDE,iShares LifePath Target Date 2045 ETF,Equity,Plain,Broad Market,United States,Broad Market; Equity; Plain; United States
ITDF,iShares LifePath Target Date 2050 ETF,Equity,Plain,Broad Market,United States,Broad Market; Equity; Plain; United States
ITDG,iShares LifePath Target Date 2055 ETF,Equity,Plain,Broad Market,United States,Broad Market; Equity; Plain; United States
ITDH,iShares LifePath Target Date 2060 ETF,Equity,Plain,Broad Market,United States,Broad Market; Equity; Plain; United States
ITDI,iShares LifePath Target Date 2065 ETF,Equity,Plain,Broad Market,United States,Broad Market; Equity; Plain; United States
ITDJ,iShares LifePath Target Date 2070 ETF,Equity,Plain,Broad Market,United States,Broad Market; Equity; Plain; United States
ITEQ,Amplify BlueStar Israel Technology ETF,Equity,Plain,Broad Market,United States,Broad Market; Equity; Plain; United States
ITOT,iShares Core S&P Total U.S. Stock Market ETF,Equity,Plain,Broad Market,United States,Broad Market; Equity; Plain; United States
IUS,Invesco RAFI Strategic US ETF,Equity,Plain,Broad Market,United States,Broad Market; Equity; Plain; United States
IVOL,Quadratic Interest Rate Volatility and Inflation Hedge ETF,Equity,Plain,Broad Market,United States,Broad Market; Equity; Plain; United States
IVOO,Vanguard S&P Mid-Cap 400 ETF,Equity,Plain,Broad Market,United States,Broad Market; Equity; Plain; United States
IVRS,iShares Future Metaverse Tech and Communications ETF,Equity,Plain,Broad Market,United States,Broad Market; Equity; Plain; United States
IVSI,Applied Finance IVS International Large ETF,Equity,Plain,Broad Market,United States,Broad Market; Equity; Plain; United States
IVSS,Applied Finance IVS US SMID ETF,Equity,Plain,Broad Market,United States,Broad Market; Equity; Plain; United States
IVSX,Applied Finance IVS International SMID ETF,Equity,Plain,Broad Market,United States,Broad Market; Equity; Plain; United States
IWC,iShares Microcap ETF,Equity,Plain,Broad Market,United States,Broad Market; Equity; Plain; United States
IWMY,Defiance R2000 Weekly Distribution ETF,Equity,Dividend/Income,Broad Market,United States,Broad Market; Dividend/Income; Equity; United States
IXG,iShares Global Financial ETF,Equity,Plain,Broad Market,Global,Broad Market; Equity; Global; Plain
IXN,iShares Global Tech ETF,Equity,Plain,Broad Market,Global,Broad Market; Equity; Global; Plain
IXP,iShares Global Comm Services ETF,Equity,Plain,Broad Market,Global,Broad Market; Equity; Global; Plain
IYF,iShares U.S. Financial ETF,Equity,Plain,Broad Market,United States,Broad Market; Equity; Plain; United States
IYW,iShares U.S. Technology ETF,Equity,Plain,Broad Market,United States,Broad Market; Equity; Plain; United States
JA,Janus Henderson AA-A CLO ETF,Equity,Plain,Broad Market,United States,Broad Market; Equity; Plain; United States
JAAA,Janus Henderson AAA CLO ETF,Equity,Plain,Broad Market,United States,Broad Market; Equity; Plain; United States
JABS,Janus Henderson Asset-Backed Securities ETF,Equity,Plain,Broad Market,United States,Broad Market; Equity; Plain; United States
JADE,JPMorgan Active Developing Markets Equity ETF,Equity,Active,Broad Market,United States,Active; Broad Market; Equity; United States
JAPN,Horizon Kinetics Japan Owner Operator ETF,Equity,Plain,Broad Market,Japan,Broad Market; Equity; Japan; Plain
JCHI,JPMorgan Active China ETF,Equity,Active,Broad Market,China,Active; Broad Market; China; Equity
JEDI,Defiance Drone and Modern Warfare ETF,Equity,Plain,Broad Market,United States,Broad Market; Equity; Plain; United States
JEMA,JPMorgan ActiveBuilders Emerging Markets Equity ETF,Equity,Active,Broad Market,Emerging Markets,Active; Broad Market; Emerging Markets; Equity
JETS,U.S. Global Jets ETF,Equity,Plain,Broad Market,Global; United States,Broad Market; Equity; Global; Plain; United States
JFLX,JPMorgan Flexible Debt ETF,Equity,Plain,Broad Market,United States,Broad Market; Equity; Plain; United States
JGLO,JPMorgan Global Select Equity ETF,Equity,Plain,Broad Market,Global,Broad Market; Equity; Global; Plain
JHAC,John Hancock Fundamental All Cap Core ETF,Equity,Plain,Broad Market,United States,Broad Market; Equity; Plain; United States
JHDG,John Hancock Hedged Equity ETF,Equity,Plain,Broad Market,United States,Broad Market; Equity; Plain; United States
JHEM,John Hancock Multifactor Emerging Markets ETF,Equity,Plain,Broad Market,Emerging Markets,Broad Market; Emerging Markets; Equity; Plain
JHLN,John Hancock Global Senior Loan ETF,Equity,Plain,Broad Market,Global,Broad Market; Equity; Global; Plain
JHMB,John Hancock Mortgage-Backed Securities ETF,Equity,Plain,Broad Market,United States,Broad Market; Equity; Plain; United States
JHMD,John Hancock Multifactor Developed International ETF,Equity,Plain,Broad Market,United States,Broad Market; Equity; Plain; United States
JIDE,JPMorgan International Dynamic ETF,Equity,Plain,Broad Market,United States,Broad Market; Equity; Plain; United States
JIRE,JPMorgan International Research Enhanced Equity ETF,Equity,Plain,Broad Market,United States,Broad Market; Equity; Plain; United States
JMBS,Janus Henderson Mortgage-Backed Securities ETF,Equity,Plain,Broad Market,United States,Broad Market; Equity; Plain; United States
JMTG,JPMorgan Mortgage-Backed Securities ETF,Equity,Plain,Broad Market,United States,Broad Market; Equity; Plain; United States
JOJO,ATAC Credit Rotation ETF,Equity,Plain,Broad Market,United States,Broad Market; Equity; Plain; United States
JPAN,Matthews Japan Active ETF,Equity,Active,Broad Market,Japan,Active; Broad Market; Equity; Japan
JPEF,JPMorgan Equity Focus ETF,Equity,Plain,Broad Market,United States,Broad Market; Equity; Plain; United States
JPEM,JPMorgan Diversified Return Emerging Markets Equity ETF,Equity,Plain,Broad Market,Emerging Markets,Broad Market; Emerging Markets; Equity; Plain
JPFP,JPMorgan Managed Futures Plus ETF,Equity,Plain,Broad Market,United States,Broad Market; Equity; Plain; United States
JPIN,JPMorgan Diversified Return International Equity ETF,Equity,Plain,Broad Market,United States,Broad Market; Equity; Plain; United States
JPUS,JPMorgan Diversified Return U.S. Equity ETF,Equity,Plain,Broad Market,United States,Broad Market; Equity; Plain; United States
JPXN,iShares JPX-Nikkei 400 ETF,Equity,Plain,Broad Market,United States,Broad Market; Equity; Plain; United States
JPY,Lazard Japanese Equity ETF,Equity,Plain,Broad Market,Japan,Broad Market; Equity; Japan; Plain
JSTC,Adasina Social Justice All Cap Global ETF,Equity,Plain,Broad Market,Global,Broad Market; Equity; Global; Plain
JTEK,JPMorgan U.S. Tech Leaders ETF,Equity,Plain,Broad Market,United States,Broad Market; Equity; Plain; United States
KAT,Scharf ETF,Equity,Plain,Broad Market,United States,Broad Market; Equity; Plain; United States
KBAB,KraneShares 2x Long BABA Daily ETF,Equity,Plain,Broad Market,United States,Broad Market; Equity; Plain; United States
KBDU,KraneShares 2x Long BIDU Daily ETF,Equity,Plain,Broad Market,United States,Broad Market; Equity; Plain; United States
KBUF,KraneShares 90% KWEB Defined Outcome January 2027 ETF,Equity,Plain,Broad Market,United States,Broad Market; Equity; Plain; United States
KCAI,KraneShares China Alpha Index ETF,Equity,Plain,Broad Market,China,Broad Market; China; Equity; Plain
KCCA,KraneShares California Carbon Allowance Strategy ETF,Equity,Plain,Broad Market,United States,Broad Market; Equity; Plain; United States
KEAT,Keating Active ETF,Equity,Active,Broad Market,United States,Active; Broad Market; Equity; United States
KEMQ,KraneShares Emerging Markets Consumer Technology Index ETF,Equity,Plain,Broad Market,Emerging Markets,Broad Market; Emerging Markets; Equity; Plain
KJD,KraneShares 2x Long JD Daily ETF,Equity,Plain,Broad Market,United States,Broad Market; Equity; Plain; United States
KMID,Virtus KAR Mid-Cap ETF,Equity,Plain,Broad Market,United States,Broad Market; Equity; Plain; United States
KMLI,KraneShares 2x Long MELI Daily ETF,Equity,Plain,Broad Market,United States,Broad Market; Equity; Plain; United States
KMLM,KraneShares Mount Lucas Managed Futures Index Strategy ETF,Equity,Plain,Broad Market,United States,Broad Market; Equity; Plain; United States
KNCT,Invesco Next Gen Connectivity ETF,Equity,Plain,Broad Market,United States,Broad Market; Equity; Plain; United States
KNO,AXS Knowledge Leaders ETF,Equity,Plain,Broad Market,United States,Broad Market; Equity; Plain; United States
KOMP,State Street SPDR S&P Kensho New Economies Composite ETF,Equity,Plain,Broad Market,United States,Broad Market; Equity; Plain; United States
KOOL,North Shore Equity Rotation ETF,Equity,Plain,Broad Market,United States,Broad Market; Equity; Plain; United States
KPDD,KraneShares 2x Long PDD Daily ETF,Equity,Plain,Broad Market,United States,Broad Market; Equity; Plain; United States
KPRO,KraneShares 100% KWEB Defined Outcome January 2027 ETF,Equity,Plain,Broad Market,United States,Broad Market; Equity; Plain; United States
KQQQ,Kurv Technology Titans Select ETF,Equity,Plain,Broad Market,United States,Broad Market; Equity; Plain; United States
KRBN,KraneShares Global Carbon Strategy ETF,Equity,Plain,Broad Market,Global,Broad Market; Equity; Global; Plain
KRMA,Global X Conscious Companies ETF,Equity,Plain,Broad Market,Global; United States,Broad Market; Equity; Global; Plain; United States
KSPY,KraneShares Hedgeye Hedged Equity Index ETF,Equity,Plain,Broad Market,United States,Broad Market; Equity; Plain; United States
KSTR,KraneShares SSE STAR Market 50 Index ETF,Equity,Plain,Broad Market,United States,Broad Market; Equity; Plain; United States
KTEC,KraneShares Hang Seng TECH Index ETF,Equity,Plain,Broad Market,United States,Broad Market; Equity; Plain; United States
LALT,First Trust Multi-Strategy Alternative ETF,Equity,Plain,Broad Market,United States,Broad Market; Equity; Plain; United States
LCDL,GraniteShares 2x Long LCID Daily ETF,Equity,Plain,Broad Market,United States,Broad Market; Equity; Plain; United States
LCDS,JPMorgan Fundamental Data Science Large Core ETF,Equity,Plain,Broad Market,United States,Broad Market; Equity; Plain; United States
LCO,LOGIQ Contrarian Opportunities ETF,Equity,Plain,Broad Market,United States,Broad Market; Equity; Plain; United States
LCR,Leuthold Core ETF,Equity,Plain,Broad Market,United States,Broad Market; Equity; Plain; United States
LCTD,iShares World ex U.S. Carbon Transition Readiness Aware Active ETF,Equity,Active,Broad Market,Global; United States,Active; Broad Market; Equity; Global; United States
LCTU,iShares U.S. Carbon Transition Readiness Aware Active ETF,Equity,Active,Broad Market,United States,Active; Broad Market; Equity; United States
LDRC,iShares iBonds 1-5 Year Corporate Ladder ETF,Equity,Target Maturity,Broad Market,United States,Broad Market; Equity; Target Maturity; United States
LDRI,iShares iBonds 1-5 Year TIPS Ladder ETF,Equity,Target Maturity,Broad Market,United States,Broad Market; Equity; Target Maturity; United States
LDRX,SGI Enhanced Market Leaders ETF,Equity,Plain,Broad Market,United States,Broad Market; Equity; Plain; United States
LDSF,First Trust Low Duration Strategic Focus ETF,Equity,Plain,Broad Market,United States,Broad Market; Equity; Plain; United States
LDUR,PIMCO Enhanced Low Duration Active Exchange-Traded Fund,Equity,Active,Broad Market,United States,Active; Broad Market; Equity; United States
LEGR,First Trust Indxx Innovative Transaction & Process ETF,Equity,Plain,Broad Market,United States,Broad Market; Equity; Plain; United States
LEXI,Alexis Practical Tactical ETF,Equity,Plain,Broad Market,United States,Broad Market; Equity; Plain; United States
LFEQ,VanEck Long/Flat Trend ETF,Equity,Plain,Broad Market,United States,Broad Market; Equity; Plain; United States
LGCF,Themes US Cash Flow Champions ETF,Equity,Plain,Broad Market,United States,Broad Market; Equity; Plain; United States
LGH,HCM Defender 500 Index ETF,Equity,Plain,Broad Market,United States,Broad Market; Equity; Plain; United States
LGHT,Langar Global HealthTech ETF,Equity,Plain,Broad Market,Global,Broad Market; Equity; Global; Plain
LGOV,First Trust Long Duration Opportunities ETF,Equity,Plain,Broad Market,United States,Broad Market; Equity; Plain; United States
LLYX,Defiance Daily Target 2X Long LLY ETF,Equity,Plain,Broad Market,United States,Broad Market; Equity; Plain; United States
LMBS,First Trust Low Duration Opportunities ETF,Equity,Plain,Broad Market,United States,Broad Market; Equity; Plain; United States
LMNX,Defiance Daily Target 2x Long LMND ETF,Equity,Plain,Broad Market,United States,Broad Market; Equity; Plain; United States
LOGO,Alpha Brands Consumption Leaders ETF,Equity,Plain,Broad Market,United States,Broad Market; Equity; Plain; United States
LONZ,PIMCO Senior Loan Active Exchange-Traded Fund,Equity,Active,Broad Market,United States,Active; Broad Market; Equity; United States
LOPP,Gabelli Love Our Planet & People ETF Gabelli Love Our Planet & People ETF,Equity,Plain,Broad Market,United States,Broad Market; Equity; Plain; United States
LQ,Simplify Tax Aware Alternatives ETF,Equity,Plain,Broad Market,United States,Broad Market; Equity; Plain; United States
LRGF,iShares U.S. Equity Factor ETF,Equity,Plain,Broad Market,United States,Broad Market; Equity; Plain; United States
LSAF,LeaderShares AlphaFactor US Core Equity ETF,Equity,Plain,Broad Market,United States,Broad Market; Equity; Plain; United States
LSAT,LeaderShares AlphaFactor Tactical Focused ETF,Equity,Plain,Broad Market,United States,Broad Market; Equity; Plain; United States
LST,Leuthold Select Industries ETF,Equity,Plain,Broad Market,United States,Broad Market; Equity; Plain; United States
LTAX,Nomura Tax-Free USA ETF,Equity,Plain,Broad Market,United States,Broad Market; Equity; Plain; United States
LTCC,Canary Litecoin ETF,Equity,Plain,Broad Market,United States,Broad Market; Equity; Plain; United States
LTPZ,Pimco 15  Year U.S. TIPS Index Exchange-Traded Fund,Equity,Plain,Broad Market,United States,Broad Market; Equity; Plain; United States
MAAY,GraniteShares YieldBOOST MARA ETF,Equity,Dividend/Income,Broad Market,United States,Broad Market; Dividend/Income; Equity; United States
MARB,First Trust Merger Arbitrage ETF,Equity,Plain,Broad Market,United States,Broad Market; Equity; Plain; United States
MATE,Man Active Trend Enhanced ETF,Equity,Active,Broad Market,United States,Active; Broad Market; Equity; United States
MBB,iShares MBS ETF,Equity,Plain,Broad Market,United States,Broad Market; Equity; Plain; United States
MBS,Angel Oak Mortgage-Backed Securities ETF,Equity,Plain,Broad Market,United States,Broad Market; Equity; Plain; United States
MBSD,FlexShares Disciplined Duration MBS Index Fund,Equity,Plain,Broad Market,United States,Broad Market; Equity; Plain; United States
MBSF,Regan Floating Rate MBS ETF,Equity,Plain,Broad Market,United States,Broad Market; Equity; Plain; United States
MBSX,Regan Fixed Rate MBS ETF,Equity,Plain,Broad Market,United States,Broad Market; Equity; Plain; United States
MCDS,JPMorgan Fundamental Data Science Mid Core ETF,Equity,Plain,Broad Market,United States,Broad Market; Equity; Plain; United States
MCH,Matthews China Active ETF,Equity,Active,Broad Market,China,Active; Broad Market; China; Equity
MCHS,Matthews China Innovators Active ETF,Equity,Active,Broad Market,China,Active; Broad Market; China; Equity
MCVT,Miller Convertible Total Return ETF,Equity,Plain,Broad Market,United States,Broad Market; Equity; Plain; United States
MDY,State Street SPDR S&P MIDCAP 400 ETF Trust,Equity,Plain,Broad Market,United States,Broad Market; Equity; Plain; United States
MEDX,Horizon Kinetics Medical ETF,Equity,Plain,Broad Market,United States,Broad Market; Equity; Plain; United States
MEM,Matthews Emerging Markets Equity Active ETF,Equity,Active,Broad Market,Emerging Markets,Active; Broad Market; Emerging Markets; Equity
MEMA,Man Active Emerging Markets Alternative ETF,Equity,Active,Broad Market,Emerging Markets,Active; Broad Market; Emerging Markets; Equity
MEME,Roundhill Meme Stock ETF,Equity,Plain,Broad Market,United States,Broad Market; Equity; Plain; United States
MEMS,Matthews Emerging Markets Discovery Active ETF,Equity,Active,Broad Market,Emerging Markets,Active; Broad Market; Emerging Markets; Equity
MEMX,Matthews Emerging Markets ex China Active ETF,Equity,Active,Broad Market,Emerging Markets; China,Active; Broad Market; China; Emerging Markets; Equity
METV,Roundhill Ball Metaverse ETF,Equity,Plain,Broad Market,United States,Broad Market; Equity; Plain; United States
MFDX,PIMCO RAFI Dynamic Multi-Factor International Equity ETF,Equity,Plain,Broad Market,United States,Broad Market; Equity; Plain; United States
MFEM,PIMCO RAFI Dynamic Multi-Factor Emerging Markets Equity ETF,Equity,Plain,Broad Market,Emerging Markets,Broad Market; Emerging Markets; Equity; Plain
MFSI,MFS Active International ETF,Equity,Active,Broad Market,United States,Active; Broad Market; Equity; United States
MFUS,PIMCO RAFI Dynamic Multi-Factor U.S. Equity ETF,Equity,Plain,Broad Market,United States,Broad Market; Equity; Plain; United States
MGC,Vanguard Mega Cap ETF,Equity,Plain,Broad Market,United States,Broad Market; Equity; Plain; United States
MGNR,American Beacon Select Funds American Beacon GLG Natural Resources ETF,Equity,Plain,Broad Market,United States,Broad Market; Equity; Plain; United States
MIDE,Xtrackers S&P MidCap 400 Scored & Screened ETF,Equity,Plain,Broad Market,United States,Broad Market; Equity; Plain; United States
MIGO,MIG Core ETF,Equity,Plain,Broad Market,United States,Broad Market; Equity; Plain; United States
MILN,Global X Millennial Consumer ETF,Equity,Plain,Broad Market,Global,Broad Market; Equity; Global; Plain
MINV,Matthews Asia Innovators Active ETF,Equity,Active,Broad Market,Asia Pacific,Active; Asia Pacific; Broad Market; Equity
MJ,Amplify Alternative Harvest ETF,Equity,Plain,Broad Market,United States,Broad Market; Equity; Plain; United States
MKAM,MKAM ETF,Equity,Plain,Broad Market,United States,Broad Market; Equity; Plain; United States
MKOR,Matthews Korea Active ETF,Equity,Active,Broad Market,South Korea,Active; Broad Market; Equity; South Korea
MKTN,Federated Hermes MDT Market Neutral ETF,Equity,Plain,Broad Market,United States,Broad Market; Equity; Plain; United States
MLPA,Global X MLP ETF,Equity,Plain,Broad Market,Global,Broad Market; Equity; Global; Plain
MMK,State Street Prime Money Market ETF,Equity,Plain,Broad Market,United States,Broad Market; Equity; Plain; United States
MMKT,Texas Capital Government Money Market ETF,Equity,Plain,Broad Market,United States,Broad Market; Equity; Plain; United States
MNA,NYLI Merger Arbitrage ETF,Equity,Plain,Broad Market,United States,Broad Market; Equity; Plain; United States
MNVT,Moonvest ETF,Equity,Plain,Broad Market,United States,Broad Market; Equity; Plain; United States
MODL,VictoryShares WestEnd U.S. Sector ETF,Equity,Plain,Broad Market,United States,Broad Market; Equity; Plain; United States
MOO,VanEck Agribusiness ETF,Equity,Plain,Broad Market,United States,Broad Market; Equity; Plain; United States
MOTO,Guinness Atkinson Smart Transportation & Technology ETF,Equity,Plain,Broad Market,United States,Broad Market; Equity; Plain; United States
MPL,Defiance Daily Target 2X Long MP ETF,Equity,Plain,Broad Market,United States,Broad Market; Equity; Plain; United States
MQQQ,Tradr 2X Long Innovation 100 Monthly ETF,Equity,Plain,Broad Market,United States,Broad Market; Equity; Plain; United States
MRA,GraniteShares Autocallable MARA ETF,Equity,Plain,Broad Market,United States,Broad Market; Equity; Plain; United States
MRAL,GraniteShares 2x Long MARA Daily ETF,Equity,Plain,Broad Market,United States,Broad Market; Equity; Plain; United States
MRSK,Toews Agility Shares Managed Risk ETF,Equity,Plain,Broad Market,United States,Broad Market; Equity; Plain; United States
MSFL,GraniteShares 2x Long MSFT Daily ETF,Equity,Plain,Broad Market,United States,Broad Market; Equity; Plain; United States
MSOS,AdvisorShares Pure US Cannabis ETF,Equity,Plain,Broad Market,United States,Broad Market; Equity; Plain; United States
MSR,GraniteShares Autocallable MSTR ETF,Equity,Plain,Broad Market,United States,Broad Market; Equity; Plain; United States
MSTP,GraniteShares 2x Long MSTR Daily ETF,Equity,Plain,Broad Market,United States,Broad Market; Equity; Plain; United States
MSTX,Defiance Daily Target 2x Long MSTR ETF,Equity,Plain,Broad Market,United States,Broad Market; Equity; Plain; United States
MTBA,Simplify MBS ETF,Equity,Plain,Broad Market,United States,Broad Market; Equity; Plain; United States
MTYY,GraniteShares YieldBOOST MSTR ETF,Equity,Dividend/Income,Broad Market,United States,Broad Market; Dividend/Income; Equity; United States
MULL,GraniteShares 2x Long MU Daily ETF,Equity,Plain,Broad Market,United States,Broad Market; Equity; Plain; United States
MUNA,Northern Trust 2030 Tax-Exempt Distributing Ladder ETF,Equity,Plain,Broad Market,United States,Broad Market; Equity; Plain; United States
MUNB,Northern Trust 2035 Tax-Exempt Distributing Ladder ETF,Equity,Plain,Broad Market,United States,Broad Market; Equity; Plain; United States
MUNC,Northern Trust 2045 Tax-Exempt Distributing Ladder ETF,Equity,Plain,Broad Market,United States,Broad Market; Equity; Plain; United States
MUND,Northern Trust 2055 Tax-Exempt Distributing Ladder ETF,Equity,Plain,Broad Market,United States,Broad Market; Equity; Plain; United States
MUSQ,MUSQ Global Music Industry Index ETF,Equity,Plain,Broad Market,Global,Broad Market; Equity; Global; Plain
MUYY,GraniteShares YieldBOOST MU ETF,Equity,Dividend/Income,Broad Market,United States,Broad Market; Dividend/Income; Equity; United States
MVLL,GraniteShares 2x Long MRVL Daily ETF,Equity,Plain,Broad Market,United States,Broad Market; Equity; Plain; United States
NACP,Impact Shares NAACP Minority Empowerment ETF,Equity,Plain,Broad Market,United States,Broad Market; Equity; Plain; United States
NANR,State Street SPDR S&P North American Natural Resources ETF,Equity,Plain,Broad Market,United States,Broad Market; Equity; Plain; United States
NASA,Tema Space Innovators ETF,Equity,Plain,Broad Market,United States,Broad Market; Equity; Plain; United States
NBCE,Neuberger China Equity ETF,Equity,Plain,Broad Market,China,Broad Market; China; Equity; Plain
NBCR,Neuberger Core Equity ETF,Equity,Plain,Broad Market,United States,Broad Market; Equity; Plain; United States
NBDS,Neuberger Disrupters ETF,Equity,Plain,Broad Market,United States,Broad Market; Equity; Plain; United States
NBIE,Neuberger International Core Equity ETF,Equity,Plain,Broad Market,United States,Broad Market; Equity; Plain; United States
NBIL,GraniteShares 2x Long NBIS Daily ETF,Equity,Plain,Broad Market,United States,Broad Market; Equity; Plain; United States
NBJP,Neuberger Japan Equity ETF,Equity,Plain,Broad Market,Japan,Broad Market; Equity; Japan; Plain
NCLO,Nuveen AA-BBB CLO ETF,Equity,Plain,Broad Market,United States,Broad Market; Equity; Plain; United States
NDIA,Global X India Active ETF,Equity,Active,Broad Market,Global; India,Active; Broad Market; Equity; Global; India
NICO,Hexis Active Nicotine Engagement ETF,Equity,Active,Broad Market,United States,Active; Broad Market; Equity; United States
NITE,The Nightview Fund NITE,Equity,Plain,Broad Market,United States,Broad Market; Equity; Plain; United States
NIXT,Research Affiliates Deletions ETF,Equity,Plain,Broad Market,United States,Broad Market; Equity; Plain; United States
NOEQ,Northern Trust US Equity ETF,Equity,Plain,Broad Market,United States,Broad Market; Equity; Plain; United States
NOWL,GraniteShares 2x Long NOW Daily ETF,Equity,Plain,Broad Market,United States,Broad Market; Equity; Plain; United States
NRES,Xtrackers RREEF Global Natural Resources ETF,Equity,Plain,Broad Market,Global,Broad Market; Equity; Global; Plain
NRSH,Aztlan North America Nearshoring Stock Selection ETF,Equity,Plain,Broad Market,United States,Broad Market; Equity; Plain; United States
NTSD,WisdomTree Efficient U.S. Plus International Equity Fund,Equity,Plain,Broad Market,United States,Broad Market; Equity; Plain; United States
NTSE,WisdomTree Emerging Markets Efficient Core Fund,Equity,Plain,Broad Market,Emerging Markets,Broad Market; Emerging Markets; Equity; Plain
NTSI,WisdomTree International Efficient Core Fund,Equity,Plain,Broad Market,United States,Broad Market; Equity; Plain; United States
NTSX,WisdomTree U.S. Efficient Core Fund,Equity,Plain,Broad Market,United States,Broad Market; Equity; Plain; United States
NVDL,GraniteShares 2x Long NVDA Daily ETF,Equity,Plain,Broad Market,United States,Broad Market; Equity; Plain; United States
NVOH,Novo Nordisk A/S B Shares ADRhedged,Equity,Plain,Broad Market,United States,Broad Market; Equity; Plain; United States
NVOX,Defiance Daily Target 2X Long NVO ETF,Equity,Plain,Broad Market,United States,Broad Market; Equity; Plain; United States
NVYY,GraniteShares YieldBOOST NVDA ETF,Equity,Dividend/Income,Broad Market,United States,Broad Market; Dividend/Income; Equity; United States
NXTE,AXS Green Alpha ETF,Equity,Plain,Broad Market,United States,Broad Market; Equity; Plain; United States
NXTG,First Trust Indxx NextG ETF,Equity,Plain,Broad Market,United States,Broad Market; Equity; Plain; United States
NYSX,Global X NYSE 100 ETF,Equity,Plain,Broad Market,Global,Broad Market; Equity; Global; Plain
OAEM,OneAscent Emerging Markets ETF,Equity,Plain,Broad Market,Emerging Markets,Broad Market; Emerging Markets; Equity; Plain
OAIM,OneAscent International Equity ETF,Equity,Plain,Broad Market,United States,Broad Market; Equity; Plain; United States
OCIO,ClearShares OCIO ETF,Equity,Plain,Broad Market,United States,Broad Market; Equity; Plain; United States
OEF,iShares S&P 100 Fund,Equity,Plain,Broad Market,United States,Broad Market; Equity; Plain; United States
OGSP,Obra High Grade Structured Products ETF,Equity,Plain,Broad Market,United States,Broad Market; Equity; Plain; United States
OKLL,Defiance Daily Target 2x Long OKLO ETF,Equity,Plain,Broad Market,United States,Broad Market; Equity; Plain; United States
ONOF,Global X Adaptive U.S. Risk Management ETF,Equity,Plain,Broad Market,Global; United States,Broad Market; Equity; Global; Plain; United States
OOSP,Obra Opportunistic Structured Products ETF,Equity,Plain,Broad Market,United States,Broad Market; Equity; Plain; United States
OPPE,WisdomTree European Opportunities Fund,Equity,Plain,Broad Market,Europe,Broad Market; Equity; Europe; Plain
OPPJ,WisdomTree Japan Opportunities Fund,Equity,Plain,Broad Market,Japan,Broad Market; Equity; Japan; Plain
OPTZ,Optimize Strategy Index ETF,Equity,Plain,Broad Market,United States,Broad Market; Equity; Plain; United States
ORBX,Global X Space Tech ETF,Equity,Plain,Broad Market,Global,Broad Market; Equity; Global; Plain
ORCX,Defiance Daily Target 2X Long ORCL ETF,Equity,Plain,Broad Market,United States,Broad Market; Equity; Plain; United States
OSCX,Defiance Daily Target 2x Long OSCR ETF,Equity,Plain,Broad Market,United States,Broad Market; Equity; Plain; United States
OSEA,Harbor International Compounders ETF,Equity,Plain,Broad Market,United States,Broad Market; Equity; Plain; United States
OTGL,OTG Latin America ETF,Equity,Plain,Broad Market,United States,Broad Market; Equity; Plain; United States
OWNS,Quaker Investment Trust CCM Affordable Housing MBS ETF,Equity,Plain,Broad Market,United Kingdom,Broad Market; Equity; Plain; United Kingdom
OZEM,Roundhill GLP-1 & Weight Loss ETF,Equity,Plain,Broad Market,United States,Broad Market; Equity; Plain; United States
PAAA,PGIM AAA CLO ETF,Equity,Plain,Broad Market,United States,Broad Market; Equity; Plain; United States
PAMC,Pacer Lunt MidCap Multi-Factor Alternator ETF,Equity,Plain,Broad Market,United States,Broad Market; Equity; Plain; United States
PCLN,Pictet Cleaner Planet ETF,Equity,Plain,Broad Market,United States,Broad Market; Equity; Plain; United States
PCLO,VIRTUS SEIX AAA Private Credit CLO ETF,Equity,Plain,Broad Market,United States,Broad Market; Equity; Plain; United States
PCMM,BondBloxx Private Credit CLO ETF,Equity,Plain,Broad Market,United States,Broad Market; Equity; Plain; United States
PCPI,PIMCO Inflation PLUS Active Exchange-Traded Fund,Equity,Active,Broad Market,United States,Active; Broad Market; Equity; United States
PCR,Simplify VettaFi Private Credit Strategy ETF,Equity,Plain,Broad Market,United States,Broad Market; Equity; Plain; United States
PCY,Invesco Emerging Markets Sovereign Debt ETF,Equity,Plain,Broad Market,Emerging Markets,Broad Market; Emerging Markets; Equity; Plain
PDDL,GraniteShares 2x Long PDD Daily ETF,Equity,Plain,Broad Market,United States,Broad Market; Equity; Plain; United States
PDN,Invesco RAFI Developed Markets ex-U.S. Small-Mid ETF,Equity,Plain,Broad Market,Developed ex-US; United States,Broad Market; Developed ex-US; Equity; Plain; United States
PEMX,Putnam Emerging Markets ex-China ETF,Equity,Plain,Broad Market,Emerging Markets; China,Broad Market; China; Emerging Markets; Equity; Plain
PEPS,Parametric Equity Plus ETF,Equity,Plain,Broad Market,United States,Broad Market; Equity; Plain; United States
PEVC,Pacer PE/VC ETF,Equity,Plain,Broad Market,United States,Broad Market; Equity; Plain; United States
PEXL,Pacer US Export Leaders ETF,Equity,Plain,Broad Market,United States,Broad Market; Equity; Plain; United States
PFDE,Pathfinder Disciplined US Equity ETF,Equity,Plain,Broad Market,United States,Broad Market; Equity; Plain; United States
PFFA,Virtus InfraCap U.S. Preferred Stock ETF,Equity,Plain,Broad Market,United States,Broad Market; Equity; Plain; United States
PFFD,Global X U.S. Preferred ETF,Equity,Plain,Broad Market,Global; United States,Broad Market; Equity; Global; Plain; United States
PFFV,Global X Variable Rate Preferred ETF,Equity,Plain,Broad Market,Global,Broad Market; Equity; Global; Plain
PFIX,Simplify Interest Rate Hedge ETF,Equity,Plain,Broad Market,United States,Broad Market; Equity; Plain; United States
PFOE,Pathfinder Focused Opportunities ETF,Equity,Plain,Broad Market,United States,Broad Market; Equity; Plain; United States
PFXF,VanEck Preferred Securities ex Financials ETF,Equity,Plain,Broad Market,United States,Broad Market; Equity; Plain; United States
PGF,Invesco Financial Preferred ETF,Equity,Plain,Broad Market,United States,Broad Market; Equity; Plain; United States
PGJ,Invesco Golden Dragon China ETF,Equity,Plain,Broad Market,China,Broad Market; China; Equity; Plain
PGRI,Putnam International Stock ETF,Equity,Plain,Broad Market,United States,Broad Market; Equity; Plain; United States
PGX,Invesco Preferred ETF,Equity,Plain,Broad Market,United States,Broad Market; Equity; Plain; United States
PHEQ,Parametric Hedged Equity ETF,Equity,Plain,Broad Market,United States,Broad Market; Equity; Plain; United States
PJIO,PGIM Jennison International Opportunities ETF,Equity,Plain,Broad Market,United States,Broad Market; Equity; Plain; United States
PKW,Invesco BuyBack Achievers ETF,Equity,Plain,Broad Market,United States,Broad Market; Equity; Plain; United States
PLA,GraniteShares Autocallable PLTR ETF,Equity,Plain,Broad Market,United States,Broad Market; Equity; Plain; United States
PLYY,GraniteShares YieldBOOST PLTR ETF,Equity,Dividend/Income,Broad Market,United States,Broad Market; Dividend/Income; Equity; United States
PMBS,PIMCO Mortgage-Backed Securities Active Exchange-Traded Fund,Equity,Active,Broad Market,United States,Active; Broad Market; Equity; United States
PMMF,iShares Prime Money Market ETF,Equity,Plain,Broad Market,United States,Broad Market; Equity; Plain; United States
POW,VistaShares Electrification Supercycle ETF,Equity,Plain,Broad Market,United States,Broad Market; Equity; Plain; United States
POWA,Invesco Bloomberg Pricing Power ETF,Equity,Plain,Broad Market,United States,Broad Market; Equity; Plain; United States
PPI,Astoria Real Assets ETF,Equity,Plain,Broad Market,United States,Broad Market; Equity; Plain; United States
PRAB,State Street IG Public & Private ABS ETF,Equity,Plain,Broad Market,United States,Broad Market; Equity; Plain; United States
PRAY,FIS Christian Stock Fund,Equity,Plain,Broad Market,United States,Broad Market; Equity; Plain; United States
PRCS,Parnassus Core Select ETF,Equity,Plain,Broad Market,United States,Broad Market; Equity; Plain; United States
PREF,Principal Spectrum Preferred Securities Active ETF,Equity,Active,Broad Market,United States,Active; Broad Market; Equity; United States
PRF,Invesco RAFI US 1000 ETF,Equity,Plain,Broad Market,United States,Broad Market; Equity; Plain; United States
PRFD,PIMCO Preferred and Capital Securities Active Exchange-Traded Fund,Equity,Active,Broad Market,United States,Active; Broad Market; Equity; United States
PRFZ,Invesco RAFI US 1500 Small-Mid ETF,Equity,Plain,Broad Market,United States,Broad Market; Equity; Plain; United States
PRIV,State Street IG Public & Private Credit ETF,Equity,Plain,Broad Market,United States,Broad Market; Equity; Plain; United States
PRMR,PeakShares RMR Prime Equity ETF,Equity,Plain,Broad Market,United States,Broad Market; Equity; Plain; United States
PSC,Principal U.S. Small-Cap ETF,Equity,Plain,Broad Market,United States,Broad Market; Equity; Plain; United States
PSCF,Invesco S&P SmallCap Financials ETF,Equity,Plain,Broad Market,United States,Broad Market; Equity; Plain; United States
PSCT,Invesco S&P SmallCap Information Technology ETF,Equity,Plain,Broad Market,United States,Broad Market; Equity; Plain; United States
PSET,Principal Quality ETF,Equity,Factor,Broad Market,United States,Broad Market; Equity; Factor; United States
PSIL,AdvisorShares Psychedelics ETF,Equity,Plain,Broad Market,United States,Broad Market; Equity; Plain; United States
PSK,State Street SPDR ICE Preferred Securities ETF,Equity,Plain,Broad Market,United States,Broad Market; Equity; Plain; United States
PSP,Invesco Global Listed Private Equity ETF,Equity,Plain,Broad Market,Global,Broad Market; Equity; Global; Plain
PSTP,Innovator Power Buffer Step-Up Strategy ETF,Equity,Plain,Broad Market,United States,Broad Market; Equity; Plain; United States
PSTR,PeakShares Sector Rotation ETF,Equity,Plain,Broad Market,United States,Broad Market; Equity; Plain; United States
PTIN,Pacer Trendpilot International ETF,Equity,Plain,Broad Market,United States,Broad Market; Equity; Plain; United States
PTIR,GraniteShares 2x Long PLTR Daily ETF,Equity,Plain,Broad Market,United States,Broad Market; Equity; Plain; United States
PTL,Inspire 500 ETF,Equity,Plain,Broad Market,United States,Broad Market; Equity; Plain; United States
PTNQ,Pacer Trendpilot 100 ETF,Equity,Plain,Broad Market,United States,Broad Market; Equity; Plain; United States
PWRD,TCW Transform Systems ETF,Equity,Plain,Broad Market,United States,Broad Market; Equity; Plain; United States
PXF,Invesco RAFI Developed Markets ex-U.S. ETF,Equity,Plain,Broad Market,Developed ex-US; United States,Broad Market; Developed ex-US; Equity; Plain; United States
PXH,Invesco RAFI Emerging Markets ETF,Equity,Plain,Broad Market,Emerging Markets,Broad Market; Emerging Markets; Equity; Plain
QAI,NYLI Hedge Multi-Strategy Tracker ETF,Equity,Plain,Broad Market,United States,Broad Market; Equity; Plain; United States
QALT,SEI DBi Multi-Strategy Alternative ETF,Equity,Plain,Broad Market,United States,Broad Market; Equity; Plain; United States
QBIG,Invesco Top QQQ ETF,Equity,Plain,Broad Market,United States,Broad Market; Equity; Plain; United States
QBY,GraniteShares YieldBoost QBTS ETF,Equity,Dividend/Income,Broad Market,United States,Broad Market; Dividend/Income; Equity; United States
QCML,GraniteShares 2x Long QCOM Daily ETF,Equity,Plain,Broad Market,United States,Broad Market; Equity; Plain; United States
QEW,Invesco QQQ Equal Weight ETF,Equity,Factor,Broad Market,United States,Broad Market; Equity; Factor; United States
QIDX,Indexperts Quality Earnings Focused ETF,Equity,Factor,Broad Market,United States,Broad Market; Equity; Factor; United States
QINT,American Century Quality Diversified International ETF,Equity,Factor,Broad Market,United States,Broad Market; Equity; Factor; United States
QIS,Simplify Multi-QIS Alternative ETF,Equity,Plain,Broad Market,United States,Broad Market; Equity; Plain; United States
QLTI,GMO International Quality ETF,Equity,Factor,Broad Market,United States,Broad Market; Equity; Factor; United States
QLTY,GMO U.S. Quality ETF,Equity,Factor,Broad Market,United States,Broad Market; Equity; Factor; United States
QQH,HCM Defender 100 Index ETF,Equity,Plain,Broad Market,United States,Broad Market; Equity; Plain; United States
QQHG,Invesco QQQ Hedged Advantage ETF,Equity,Plain,Broad Market,United States,Broad Market; Equity; Plain; United States
QQQ,"Invesco QQQ Trust, Series 1",Equity,Plain,Broad Market,United States,Broad Market; Equity; Plain; United States
QQQP,Tradr 2X Long Innovation 100 Quarterly ETF,Equity,Plain,Broad Market,United States,Broad Market; Equity; Plain; United States
QSU,Defiance Daily Target 2X Long QS ETF,Equity,Plain,Broad Market,United States,Broad Market; Equity; Plain; United States
QUIZ,Zacks Quality International ETF,Equity,Factor,Broad Market,United States,Broad Market; Equity; Factor; United States
QVMM,Invesco S&P MidCap 400 QVM Multi-factor ETF,Equity,Plain,Broad Market,United States,Broad Market; Equity; Plain; United States
QVMS,Invesco S&P SmallCap 600 QVM Multi-factor ETF,Equity,Plain,Broad Market,United States,Broad Market; Equity; Plain; United States
RAAA,Reckoner Yield Enhanced AAA CLO ETF,Equity,Dividend/Income,Broad Market,United States,Broad Market; Dividend/Income; Equity; United States
RAAR,Reckoner Yield Enhanced AAA CLO Reinvesting ETF,Equity,Dividend/Income,Broad Market,United States,Broad Market; Dividend/Income; Equity; United States
RAAX,VanEck Real Assets ETF,Equity,Plain,Broad Market,United States,Broad Market; Equity; Plain; United States
RAAY,Reckoner Yield Enhanced AAA CLO Annual ETF,Equity,Dividend/Income,Broad Market,United States,Broad Market; Dividend/Income; Equity; United States
RAFE,PIMCO RAFI ESG U.S. ETF,Equity,ESG/Sustainable,Broad Market,United States,Broad Market; ESG/Sustainable; Equity; United States
RAUS,RACWI US ETF,Equity,Plain,Broad Market,United States,Broad Market; Equity; Plain; United States
RAYJ,Rayliant SMDAM Japan Equity ETF,Equity,Plain,Broad Market,Japan,Broad Market; Equity; Japan; Plain
RCAX,Defiance Daily Target 2x Long RCAT ETF,Equity,Plain,Broad Market,United States,Broad Market; Equity; Plain; United States
RCGE,RockCreek Global Equality ETF,Equity,Factor,Broad Market,Global,Broad Market; Equity; Factor; Global
RCLO,Reckoner BBB-B CLO ETF,Equity,Plain,Broad Market,United States,Broad Market; Equity; Plain; United States
RCLR,Reckoner BBB-B CLO Reinvesting ETF,Equity,Plain,Broad Market,United States,Broad Market; Equity; Plain; United States
RCLY,Reckoner BBB-B CLO Annual ETF,Equity,Plain,Broad Market,United States,Broad Market; Equity; Plain; United States
RDTL,GraniteShares 2x Long RDDT Daily ETF,Equity,Plain,Broad Market,United States,Broad Market; Equity; Plain; United States
RECS,Columbia Research Enhanced Core ETF,Equity,Plain,Broad Market,United States,Broad Market; Equity; Plain; United States
REFA,Columbia Research Enhanced International Equity ETF,Equity,Plain,Broad Market,United States,Broad Market; Equity; Plain; United States
REMX,VanEck Rare Earth and Strategic Metals ETF,Equity,Plain,Broad Market,United States,Broad Market; Equity; Plain; United States
REXC,Sprott Rare Earths Ex-China ETF,Equity,Plain,Broad Market,China,Broad Market; China; Equity; Plain
RFDI,First Trust RiverFront Dynamic Developed International ETF,Equity,Plain,Broad Market,United States,Broad Market; Equity; Plain; United States
RFEM,First Trust RiverFront Dynamic Emerging Markets ETF,Equity,Plain,Broad Market,Emerging Markets,Broad Market; Emerging Markets; Equity; Plain
RFFC,ALPS Active Equity Opportunity ETF,Equity,Active,Broad Market,United States,Active; Broad Market; Equity; United States
RGEF,Rockefeller Global Equity ETF,Equity,Plain,Broad Market,Global,Broad Market; Equity; Global; Plain
RGTX,Defiance Daily Target 2X Long RGTI ETF,Equity,Plain,Broad Market,United States,Broad Market; Equity; Plain; United States
RGYY,GraniteShares YieldBoost RGTI ETF,Equity,Dividend/Income,Broad Market,United States,Broad Market; Dividend/Income; Equity; United States
RHRX,RH Tactical Rotation ETF,Equity,Plain,Broad Market,United States,Broad Market; Equity; Plain; United States
RHTX,RH Tactical Outlook ETF,Equity,Plain,Broad Market,United States,Broad Market; Equity; Plain; United States
RIOX,Defiance Daily Target 2X Long RIOT ETF,Equity,Plain,Broad Market,United States,Broad Market; Equity; Plain; United States
RISE,Pictet Emerging Markets Rising Economies ETF,Equity,Plain,Broad Market,Emerging Markets,Broad Market; Emerging Markets; Equity; Plain
RISN,Inspire Capital Appreciation ETF,Equity,Plain,Broad Market,United States,Broad Market; Equity; Plain; United States
RKLX,Defiance Daily Target 2X Long RKLB ETF,Equity,Plain,Broad Market,United States,Broad Market; Equity; Plain; United States
RMRC,ARMOR Core Risk-Managed ETF,Equity,Plain,Broad Market,United States,Broad Market; Equity; Plain; United States
RND,First Trust Bloomberg R&D Leaders ETF,Equity,Plain,Broad Market,United States,Broad Market; Equity; Plain; United States
RNEM,Emerging Markets Equity Select ETF,Equity,Plain,Broad Market,Emerging Markets,Broad Market; Emerging Markets; Equity; Plain
ROAM,Hartford Multifactor Emerging Markets ETF,Equity,Plain,Broad Market,Emerging Markets,Broad Market; Emerging Markets; Equity; Plain
ROBO,ROBO Global Robotics and Automation Index ETF,Equity,Plain,Broad Market,Global,Broad Market; Equity; Global; Plain
ROCY,JPMorgan Equity Premium Yield ETF,Equity,Dividend/Income,Broad Market,United States,Broad Market; Dividend/Income; Equity; United States
RODM,Hartford Multifactor Developed Markets (ex-US) ETF,Equity,Plain,Broad Market,Developed ex-US,Broad Market; Developed ex-US; Equity; Plain
ROE,Astoria US Equal Weight Quality Kings ETF,Equity,Factor,Broad Market,United States,Broad Market; Equity; Factor; United States
ROKT,State Street SPDR S&P Kensho Final Frontiers ETF,Equity,Plain,Broad Market,United States,Broad Market; Equity; Plain; United States
RONB,Baron First Principles ETF,Equity,Plain,Broad Market,United States,Broad Market; Equity; Plain; United States
ROPE,Coastal Compass 100 ETF,Equity,Plain,Broad Market,United States,Broad Market; Equity; Plain; United States
ROUS,Hartford Multifactor U.S. Equity ETF,Equity,Plain,Broad Market,United States,Broad Market; Equity; Plain; United States
RPAR,RPAR Risk Parity ETF,Equity,Plain,Broad Market,United States,Broad Market; Equity; Plain; United States
RSDE,FT Vest U.S. Equity Equal Weight Buffer ETF - December,Equity,Factor,Broad Market,United States,Broad Market; Equity; Factor; United States
RSJN,FT Vest U.S. Equity Equal Weight Buffer ETF - June,Equity,Factor,Broad Market,United States,Broad Market; Equity; Factor; United States
RSMR,FT Vest U.S. Equity Equal Weight Buffer ETF - March,Equity,Factor,Broad Market,United States,Broad Market; Equity; Factor; United States
RSMV,Relative Strength Managed Volatility Strategy ETF,Equity,Plain,Broad Market,United States,Broad Market; Equity; Plain; United States
RSSE,FT Vest U.S. Equity Equal Weight Buffer ETF  September,Equity,Factor,Broad Market,United States,Broad Market; Equity; Factor; United States
RTYY,GraniteShares YieldBoost RIOT ETF,Equity,Dividend/Income,Broad Market,United States,Broad Market; Dividend/Income; Equity; United States
RVER,Trenchless Fund ETF,Equity,Plain,Broad Market,United States,Broad Market; Equity; Plain; United States
RVNL,GraniteShares 2x Long RIVN Daily ETF,Equity,Plain,Broad Market,United States,Broad Market; Equity; Plain; United States
RWEM,Rayliant Wilshire NxtGen Emerging Markets Equity ETF,Equity,Plain,Broad Market,Emerging Markets,Broad Market; Emerging Markets; Equity; Plain
RWIN,Rayliant NxtGen Multifactor International Equity ETF,Equity,Plain,Broad Market,United States,Broad Market; Equity; Plain; United States
RWJ,Invesco S&P SmallCap 600 Revenue ETF,Equity,Plain,Broad Market,United States,Broad Market; Equity; Plain; United States
RWK,Invesco S&P MidCap 400 Revenue ETF,Equity,Plain,Broad Market,United States,Broad Market; Equity; Plain; United States
SAEF,Schwab Ariel Opportunities ETF,Equity,Plain,Broad Market,United States,Broad Market; Equity; Plain; United States
SAPH,SAP SE ADRhedged,Equity,Plain,Broad Market,United States,Broad Market; Equity; Plain; United States
SBIL,Simplify Government Money Market ETF,Equity,Plain,Broad Market,United States,Broad Market; Equity; Plain; United States
SBIO,ALPS Medical Breakthroughs ETF,Equity,Plain,Broad Market,United States,Broad Market; Equity; Plain; United States
SCA,GraniteShares Autocallable SMCI ETF,Equity,Plain,Broad Market,United States,Broad Market; Equity; Plain; United States
SCDS,JPMorgan Fundamental Data Science Small Core ETF,Equity,Plain,Broad Market,United States,Broad Market; Equity; Plain; United States
SCHA,Schwab U.S. Small-Cap ETF,Equity,Plain,Broad Market,United States,Broad Market; Equity; Plain; United States
SCHC,Schwab International Small-Cap Equity ETF,Equity,Plain,Broad Market,United States,Broad Market; Equity; Plain; United States
SCHE,Schwab Emerging Markets Equity ETF,Equity,Plain,Broad Market,Emerging Markets,Broad Market; Emerging Markets; Equity; Plain
SCHF,Schwab International Equity ETF,Equity,Plain,Broad Market,United States,Broad Market; Equity; Plain; United States
SCHK,Schwab 1000 Index ETF,Equity,Plain,Broad Market,United States,Broad Market; Equity; Plain; United States
SCHP,Schwab U.S. TIPS ETF,Equity,Plain,Broad Market,United States,Broad Market; Equity; Plain; United States
SCHX,Schwab U.S. Large-Cap ETF,Equity,Plain,Broad Market,United States,Broad Market; Equity; Plain; United States
SDMF,Simplify DBi CTA Managed Futures Index ETF,Equity,Plain,Broad Market,United States,Broad Market; Equity; Plain; United States
SEA,U.S. Global Sea to Sky Cargo ETF,Equity,Plain,Broad Market,Global; United States,Broad Market; Equity; Global; Plain; United States
SEEM,SEI Select Emerging Markets Equity ETF,Equity,Plain,Broad Market,Emerging Markets,Broad Market; Emerging Markets; Equity; Plain
SEIE,SEI Select International Equity ETF,Equity,Plain,Broad Market,United States,Broad Market; Equity; Plain; United States
SEIX,Virtus Seix Senior Loan ETF,Equity,Plain,Broad Market,United States,Broad Market; Equity; Plain; United States
SEMI,Columbia Select Technology ETF,Equity,Plain,Broad Market,United States,Broad Market; Equity; Plain; United States
SFLR,Innovator Equity Managed Floor ETF,Equity,Plain,Broad Market,United States,Broad Market; Equity; Plain; United States
SFTX,Horizon International Managed Risk ETF,Equity,Plain,Broad Market,United States,Broad Market; Equity; Plain; United States
SFY,SoFi Select 500 ETF,Equity,Plain,Broad Market,United States,Broad Market; Equity; Plain; United States
SFYF,SoFi Social 50 ETF,Equity,Plain,Broad Market,United States,Broad Market; Equity; Plain; United States
SGVT,Schwab Government Money Market ETF,Equity,Plain,Broad Market,United States,Broad Market; Equity; Plain; United States
SHEH,Shell plc ADRhedged,Equity,Plain,Broad Market,United States,Broad Market; Equity; Plain; United States
SHRY,First Trust Bloomberg Shareholder Yield ETF,Equity,Dividend/Income,Broad Market,United States,Broad Market; Dividend/Income; Equity; United States
SHUS,Stratified LargeCap Hedged ETF,Equity,Plain,Broad Market,United States,Broad Market; Equity; Plain; United States
SIMS,State Street SPDR S&P Kensho Intelligent Structures ETF,Equity,Plain,Broad Market,United States,Broad Market; Equity; Plain; United States
SIOO,VistaShares Target 15 S&P 100 Distribution ETF,Equity,Dividend/Income,Broad Market,United States,Broad Market; Dividend/Income; Equity; United States
SIXA,ETC 6 Meridian Mega Cap Equity ETF,Equity,Plain,Broad Market,United States,Broad Market; Equity; Plain; United States
SIXL,ETC 6 Meridian Low Beta Equity ETF,Equity,Plain,Broad Market,United States,Broad Market; Equity; Plain; United States
SJLD,SanJac Alpha Low Duration ETF,Equity,Plain,Broad Market,United States,Broad Market; Equity; Plain; United States
SLNZ,TCW Senior Loan ETF,Equity,Plain,Broad Market,United States,Broad Market; Equity; Plain; United States
SMBS,Schwab Mortgage-Backed Securities ETF,Equity,Plain,Broad Market,United States,Broad Market; Equity; Plain; United States
SMCL,GraniteShares 2x Long SMCI Daily ETF,Equity,Plain,Broad Market,United States,Broad Market; Equity; Plain; United States
SMCO,Hilton Small-MidCap Opportunity ETF,Equity,Plain,Broad Market,United States,Broad Market; Equity; Plain; United States
SMCX,Defiance Daily Target 2X Long SMCI ETF,Equity,Plain,Broad Market,United States,Broad Market; Equity; Plain; United States
SMLF,iShares U.S. Small-Cap Equity Factor ETF,Equity,Plain,Broad Market,United States,Broad Market; Equity; Plain; United States
SMRI,Bushido Capital US Equity ETF,Equity,Plain,Broad Market,United States,Broad Market; Equity; Plain; United States
SMYY,GraniteShares YieldBOOST SMCI ETF,Equity,Dividend/Income,Broad Market,United States,Broad Market; Dividend/Income; Equity; United States
SNTH,MRP SynthEquity ETF,Equity,Plain,Broad Market,United States,Broad Market; Equity; Plain; United States
SOFR,Amplify Samsung SOFR ETF,Equity,Plain,Broad Market,United States,Broad Market; Equity; Plain; United States
SOFX,Defiance Daily Target 2X Long SOFI ETF,Equity,Plain,Broad Market,United States,Broad Market; Equity; Plain; United States
SOUX,Defiance Daily Target 2X Long SOUN ETF,Equity,Plain,Broad Market,United States,Broad Market; Equity; Plain; United States
SOVF,Sovereign's Capital Flourish Fund,Equity,Plain,Broad Market,United States,Broad Market; Equity; Plain; United States
SOYB,Teucrium Soybean Fund ETV,Equity,Plain,Broad Market,United States,Broad Market; Equity; Plain; United States
SPAQ,Horizon Kinetics SPAC Active ETF,Equity,Active,Broad Market,United States,Active; Broad Market; Equity; United States
SPAX,T-REX 2X Long SpaceX Daily Target ETF,Equity,Plain,Broad Market,United States,Broad Market; Equity; Plain; United States
SPCK,SPAC and New Issue ETF,Equity,Plain,Broad Market,United States,Broad Market; Equity; Plain; United States
SPCT,Liberty One Spectrum ETF,Equity,Plain,Broad Market,United States,Broad Market; Equity; Plain; United States
SPD,Simplify US Equity PLUS Downside Convexity ETF,Equity,Plain,Broad Market,United States,Broad Market; Equity; Plain; United States
SPDW,State Street SPDR Portfolio Developed World ex-US ETF,Equity,Plain,Broad Market,Developed ex-US; Global; United States,Broad Market; Developed ex-US; Equity; Global; Plain; United States
SPEM,State Street SPDR Portfolio Emerging Markets ETF,Equity,Plain,Broad Market,Emerging Markets,Broad Market; Emerging Markets; Equity; Plain
SPEU,State Street SPDR Portfolio Europe ETF,Equity,Plain,Broad Market,Europe,Broad Market; Equity; Europe; Plain
SPIP,State Street SPDR Portfolio TIPS ETF,Equity,Plain,Broad Market,United States,Broad Market; Equity; Plain; United States
SPIT,F/m Emerald Special Situations ETF,Equity,Plain,Broad Market,United States,Broad Market; Equity; Plain; United States
SPRX,Spear Alpha ETF,Equity,Plain,Broad Market,United States,Broad Market; Equity; Plain; United States
SPTE,SP Funds S&P Global Technology ETF,Equity,Plain,Broad Market,Global,Broad Market; Equity; Global; Plain
SPTM,State Street SPDR Portfolio S&P 1500 Composite Stock Market ETF,Equity,Plain,Broad Market,United States,Broad Market; Equity; Plain; United States
SPUC,Simplify US Equity PLUS Upside Convexity ETF,Equity,Plain,Broad Market,United States,Broad Market; Equity; Plain; United States
SPWO,SP Funds S&P World (ex-US) ETF,Equity,Plain,Broad Market,Developed ex-US; Global,Broad Market; Developed ex-US; Equity; Global; Plain
SPYC,Simplify US Equity PLUS Convexity ETF,Equity,Plain,Broad Market,United States,Broad Market; Equity; Plain; United States
SPYQ,Tradr 2X Long SPY Quarterly ETF,Equity,Plain,Broad Market,United States,Broad Market; Equity; Plain; United States
SQS,Sapient Quality Select ETF,Equity,Factor,Broad Market,United States,Broad Market; Equity; Factor; United States
SRHQ,SRH U.S. Quality GARP ETF,Equity,Factor,Broad Market,United States,Broad Market; Equity; Factor; United States
SRLN,State Street Blackstone Senior Loan ETF,Equity,Plain,Broad Market,United States,Broad Market; Equity; Plain; United States
SROI,Calamos Antetokounmpo Global Sustainable Equities ETF,Equity,ESG/Sustainable,Broad Market,Global,Broad Market; ESG/Sustainable; Equity; Global
SSPY,Stratified LargeCap Index ETF,Equity,Plain,Broad Market,United States,Broad Market; Equity; Plain; United States
SSUS,Day Hagan Smart Sector ETF,Equity,Plain,Broad Market,United States,Broad Market; Equity; Plain; United States
SSXU,Day Hagan Smart Sector International ETF,Equity,Plain,Broad Market,United States,Broad Market; Equity; Plain; United States
STBQ,Amplify Stablecoin Technology Leaders ETF,Equity,Plain,Broad Market,United States,Broad Market; Equity; Plain; United States
STHH,STMicroelectronics NV ADRhedged,Equity,Plain,Broad Market,United States,Broad Market; Equity; Plain; United States
STNC,Hennessy Sustainable ETF,Equity,ESG/Sustainable,Broad Market,United States,Broad Market; ESG/Sustainable; Equity; United States
STPZ,PIMCO 1-5 Year U.S. TIPS Index Exchange-Traded Fund,Equity,Plain,Broad Market,United States,Broad Market; Equity; Plain; United States
STRN,SMART Trend 25 ETF,Equity,Plain,Broad Market,United States,Broad Market; Equity; Plain; United States
STXE,Strive Emerging Markets Ex-China ETF,Equity,Plain,Broad Market,Emerging Markets; China,Broad Market; China; Emerging Markets; Equity; Plain
STXF,Strive 500 ETF,Equity,Plain,Broad Market,United States,Broad Market; Equity; Plain; United States
STXK,Strive Small-Cap ETF,Equity,Plain,Broad Market,United States,Broad Market; Equity; Plain; United States
SUPP,TCW Transform Supply Chain ETF,Equity,Plain,Broad Market,United States,Broad Market; Equity; Plain; United States
SURE,AdvisorShares Insider Advantage ETF,Equity,Plain,Broad Market,United States,Broad Market; Equity; Plain; United States
SURI,Simplify Propel Opportunities ETF,Equity,Plain,Broad Market,United States,Broad Market; Equity; Plain; United States
SVOL,Simplify Volatility Premium ETF,Equity,Plain,Broad Market,United States,Broad Market; Equity; Plain; United States
TACK,Fairlead Tactical Sector ETF,Equity,Plain,Broad Market,United States,Broad Market; Equity; Plain; United States
TACN,T. Rowe Price Active Core International Equity ETF,Equity,Active,Broad Market,United States,Active; Broad Market; Equity; United States
TACU,T. Rowe Price Active Core U.S. Equity ETF,Equity,Active,Broad Market,United States,Active; Broad Market; Equity; United States
TAGS,Teucrium Agricultural Fund ETV,Equity,Plain,Broad Market,United States,Broad Market; Equity; Plain; United States
TAOZ,Thornburg American Opportunities Fund,Equity,Plain,Broad Market,United States,Broad Market; Equity; Plain; United States
TARK,Tradr 2X Long Innovation ETF,Equity,Plain,Broad Market,United States,Broad Market; Equity; Plain; United States
TAX,Cambria Tax Aware ETF,Equity,Plain,Broad Market,United States,Broad Market; Equity; Plain; United States
TAXM,BondBloxx IR+M Tax-Aware ETF for Massachusetts Residents,Equity,Plain,Broad Market,United States,Broad Market; Equity; Plain; United States
TBFC,The Brinsmere Fund  Conservative ETF,Equity,Plain,Broad Market,United States,Broad Market; Equity; Plain; United States
TCAF,T. Rowe Price Capital Appreciation Equity ETF,Equity,Plain,Broad Market,United States,Broad Market; Equity; Plain; United States
TCAN,21Shares Canton Network ETF,Equity,Plain,Broad Market,United States,Broad Market; Equity; Plain; United States
TDI,Touchstone Dynamic International ETF,Equity,Plain,Broad Market,United States,Broad Market; Equity; Plain; United States
TDOG,21shares Dogecoin ETF,Equity,Plain,Broad Market,United States,Broad Market; Equity; Plain; United States
TDOT,21shares Polkadot ETF,Equity,Plain,Broad Market,United States,Broad Market; Equity; Plain; United States
TDSB,ETC Cabana Target Beta ETF,Equity,Plain,Broad Market,United States,Broad Market; Equity; Plain; United States
TDSC,ETC Cabana Target Drawdown 10 ETF,Equity,Plain,Broad Market,United States,Broad Market; Equity; Plain; United States
TDTF,FlexShares iBoxx 5 Year Target Duration TIPS Index Fund,Equity,Plain,Broad Market,United States,Broad Market; Equity; Plain; United States
TDTT,FlexShares iBoxx 3 Year Target Duration TIPS Index Fund,Equity,Plain,Broad Market,United States,Broad Market; Equity; Plain; United States
TEC,Harbor Transformative Technologies ETF,Equity,Plain,Broad Market,United States,Broad Market; Equity; Plain; United States
TECB,iShares U.S. Tech Breakthrough Multisector ETF,Equity,Plain,Broad Market,United States,Broad Market; Equity; Plain; United States
TECY,GraniteShares YieldBOOST Technology ETF,Equity,Dividend/Income,Broad Market,United States,Broad Market; Dividend/Income; Equity; United States
TEK,iShares Technology Opportunities Active ETF,Equity,Active,Broad Market,United States,Active; Broad Market; Equity; United States
TEKX,State Street Galaxy Transformative Tech Accelerators ETF,Equity,Plain,Broad Market,United States,Broad Market; Equity; Plain; United States
TEKY,Lazard Next Gen Technologies ETF,Equity,Plain,Broad Market,United States,Broad Market; Equity; Plain; United States
TEMD,Templeton Emerging Markets Debt ETF,Equity,Plain,Broad Market,Emerging Markets,Broad Market; Emerging Markets; Equity; Plain
TEMR,T. Rowe Price Emerging Markets Equity Research ETF,Equity,Plain,Broad Market,Emerging Markets,Broad Market; Emerging Markets; Equity; Plain
TESL,Simplify Volt TSLA Revolution ETF,Equity,Plain,Broad Market,United States,Broad Market; Equity; Plain; United States
TEXN,iShares Texas Equity ETF,Equity,Plain,Broad Market,United States,Broad Market; Equity; Plain; United States
TEXX,Horizon Kinetics Texas ETF,Equity,Plain,Broad Market,United States,Broad Market; Equity; Plain; United States
TFLR,T. Rowe Price Floating Rate ETF,Equity,Plain,Broad Market,United States,Broad Market; Equity; Plain; United States
TFNS,T. Rowe Price Financials ETF,Equity,Plain,Broad Market,United States,Broad Market; Equity; Plain; United States
TGLB,T. Rowe Price Global Equity ETF,Equity,Plain,Broad Market,Global,Broad Market; Equity; Global; Plain
THEQ,T. Rowe Price Hedged Equity ETF,Equity,Plain,Broad Market,United States,Broad Market; Equity; Plain; United States
THIR,THOR Index Rotation ETF,Equity,Plain,Broad Market,United States,Broad Market; Equity; Plain; United States
THMR,THOR AdaptiveRisk Dynamic ETF,Equity,Plain,Broad Market,United States,Broad Market; Equity; Plain; United States
THMZ,Lazard Equity Megatrends ETF,Equity,Plain,Broad Market,United States,Broad Market; Equity; Plain; United States
THNR,Amplify Weight Loss Drug & Treatment ETF,Equity,Plain,Broad Market,United States,Broad Market; Equity; Plain; United States
THRO,iShares U.S. Thematic Rotation Active ETF,Equity,Active,Broad Market,United States,Active; Broad Market; Equity; United States
THTA,SoFi Enhanced Yield ETF,Equity,Dividend/Income,Broad Market,United States,Broad Market; Dividend/Income; Equity; United States
THYP,21shares Hyperliquid ETF,Equity,Plain,Broad Market,United States,Broad Market; Equity; Plain; United States
TIER,T. Rowe Price International Equity Research ETF,Equity,Plain,Broad Market,United States,Broad Market; Equity; Plain; United States
TILL,Teucrium Agricultural Strategy No K-1 ETF,Equity,Plain,Broad Market,United States,Broad Market; Equity; Plain; United States
TIME,Clockwise U.S. Core Equity ETF,Equity,Plain,Broad Market,United States,Broad Market; Equity; Plain; United States
TINS,Templeton International Insights ETF,Equity,Plain,Broad Market,United States,Broad Market; Equity; Plain; United States
TIPA,Northern Trust 2030 Inflation-Linked Distributing Ladder ETF,Equity,Plain,Broad Market,United States,Broad Market; Equity; Plain; United States
TIPB,Northern Trust 2035 Inflation-Linked Distributing Ladder ETF,Equity,Plain,Broad Market,United States,Broad Market; Equity; Plain; United States
TIPC,Northern Trust 2045 Inflation-Linked Distributing Ladder ETF,Equity,Plain,Broad Market,United States,Broad Market; Equity; Plain; United States
TIPD,Northern Trust 2055 Inflation-Linked Distributing Ladder ETF,Equity,Plain,Broad Market,United States,Broad Market; Equity; Plain; United States
TIPX,State Street SPDR Bloomberg 1a??10 Year TIPS ETF,Equity,Plain,Broad Market,United States,Broad Market; Equity; Plain; United States
TIPZ,PIMCO Broad U.S. TIPS Index Exchange-Traded Fund,Equity,Plain,Broad Market,United States,Broad Market; Equity; Plain; United States
TKNQ,Amplify Tokenization Technology Leaders ETF,Equity,Plain,Broad Market,United States,Broad Market; Equity; Plain; United States
TLA,GraniteShares Autocallable TSLA ETF,Equity,Plain,Broad Market,United States,Broad Market; Equity; Plain; United States
TLCI,Touchstone International Equity ETF,Equity,Plain,Broad Market,United States,Broad Market; Equity; Plain; United States
TLTD,FlexShares Morningstar Developed Markets ex-US Factor Tilt Index Fund,Equity,Plain,Broad Market,Developed ex-US; United States,Broad Market; Developed ex-US; Equity; Plain; United States
TLTE,FlexShares Morningstar Emerging Markets Factor Tilt Index Fund,Equity,Plain,Broad Market,Emerging Markets,Broad Market; Emerging Markets; Equity; Plain
TMH,Toyota Motor Corporation ADRhedged,Equity,Plain,Broad Market,United States,Broad Market; Equity; Plain; United States
TMLP,Tortoise MLP ETF,Equity,Plain,Broad Market,United States,Broad Market; Equity; Plain; United States
TMYY,GraniteShares YieldBOOST TSM ETF,Equity,Dividend/Income,Broad Market,United States,Broad Market; Dividend/Income; Equity; United States
TNXT,T. Rowe Price Innovation Leaders ETF,Equity,Plain,Broad Market,United States,Broad Market; Equity; Plain; United States
TOGA,Managed Portfolio Series Tremblant Global ETF,Equity,Plain,Broad Market,Global,Broad Market; Equity; Global; Plain
TOPT,iShares Top 20 U.S. Stocks ETF,Equity,Plain,Broad Market,United States,Broad Market; Equity; Plain; United States
TOT,LionShares U.S. Equity Total Return ETF,Equity,Plain,Broad Market,United States,Broad Market; Equity; Plain; United States
TOTL,State Street DoubleLine Total Return Tactical ETF,Equity,Plain,Broad Market,United States,Broad Market; Equity; Plain; United States
TOTR,T. Rowe Price Total Return ETF,Equity,Plain,Broad Market,United States,Broad Market; Equity; Plain; United States
TOUS,T. Rowe Price International Equity ETF,Equity,Plain,Broad Market,United States,Broad Market; Equity; Plain; United States
TOV,JLens 500 Jewish Advocacy U.S. ETF,Equity,Plain,Broad Market,United States,Broad Market; Equity; Plain; United States
TPFC,Timothy Plan Free Cash Flow ETF,Equity,Plain,Broad Market,United States,Broad Market; Equity; Plain; United States
TPIF,Timothy Plan International ETF,Equity,Plain,Broad Market,United States,Broad Market; Equity; Plain; United States
TPRY,VistaShares Target 15 TEPRTantrum Contrarian Distribution ETF,Equity,Dividend/Income,Broad Market,United States,Broad Market; Dividend/Income; Equity; United States
TPUT,T. Rowe Price Capital Appreciation Market Opportunities ETF,Equity,Plain,Broad Market,United States,Broad Market; Equity; Plain; United States
TPYP,Tortoise North American Pipeline ETF,Equity,Plain,Broad Market,United States,Broad Market; Equity; Plain; United States
TQQY,GraniteShares YieldBOOST QQQ ETF,Equity,Dividend/Income,Broad Market,United States,Broad Market; Dividend/Income; Equity; United States
TRBF,Angel Oak Total Return ETF,Equity,Plain,Broad Market,United States,Broad Market; Equity; Plain; United States
TRFK,Pacer Data and Digital Revolution ETF,Equity,Plain,Broad Market,United States,Broad Market; Equity; Plain; United States
TRFM,AAM Transformers ETF,Equity,Plain,Broad Market,United States,Broad Market; Equity; Plain; United States
TRND,Pacer Trendpilot Fund of Funds ETF,Equity,Plain,Broad Market,United States,Broad Market; Equity; Plain; United States
TRUC,VanEck Communication Services TruSector ETF,Equity,Plain,Broad Market,United States,Broad Market; Equity; Plain; United States
TRUF,VanEck Financials TruSector ETF,Equity,Plain,Broad Market,United States,Broad Market; Equity; Plain; United States
TRUT,VanEck Technology TruSector ETF,Equity,Plain,Broad Market,United States,Broad Market; Equity; Plain; United States
TSIC,Truth Social American Icons ETF,Equity,Plain,Broad Market,United States,Broad Market; Equity; Plain; United States
TSL,GraniteShares 1.25x Long TSLA Daily ETF,Equity,Plain,Broad Market,United States,Broad Market; Equity; Plain; United States
TSLR,GraniteShares 2x Long TSLA Daily ETF,Equity,Plain,Broad Market,United States,Broad Market; Equity; Plain; United States
TSMU,GraniteShares 2x Long TSM Daily ETF,Equity,Plain,Broad Market,United States,Broad Market; Equity; Plain; United States
TSNF,Truth Social American Next Frontiers ETF,Equity,Plain,Broad Market,United States,Broad Market; Equity; Plain; United States
TSPA,T. Rowe Price U.S. Equity Research ETF,Equity,Plain,Broad Market,United States,Broad Market; Equity; Plain; United States
TSYX,TSPY Lift ETF,Equity,Plain,Broad Market,United States,Broad Market; Equity; Plain; United States
TSYY,GraniteShares YieldBOOST TSLA ETF,Equity,Dividend/Income,Broad Market,United States,Broad Market; Dividend/Income; Equity; United States
TTEQ,T. Rowe Price Technology ETF,Equity,Plain,Broad Market,United States,Broad Market; Equity; Plain; United States
TURF,T. Rowe Price Natural Resources ETF,Equity,Plain,Broad Market,United States,Broad Market; Equity; Plain; United States
TXS,Texas Capital Texas Equity Index ETF,Equity,Plain,Broad Market,United States,Broad Market; Equity; Plain; United States
TXUE,Thornburg International Equity ETF,Equity,Plain,Broad Market,United States,Broad Market; Equity; Plain; United States
TXXD,21Shares 2x Long Dogecoin ETF,Equity,Plain,Broad Market,United States,Broad Market; Equity; Plain; United States
TXXH,21Shares 2x Long HYPE ETF,Equity,Plain,Broad Market,United States,Broad Market; Equity; Plain; United States
UBRL,GraniteShares 2x Long UBER Daily ETF,Equity,Plain,Broad Market,United States,Broad Market; Equity; Plain; United States
UFO,Procure Space ETF,Equity,Plain,Broad Market,United States,Broad Market; Equity; Plain; United States
UFOX,Defiance Connective Technologies ETF,Equity,Plain,Broad Market,United States,Broad Market; Equity; Plain; United States
UPGD,Invesco Bloomberg Analyst Rating Improvers ETF,Equity,Plain,Broad Market,United States,Broad Market; Equity; Plain; United States
USAF,Atlas America Fund,Equity,Plain,Broad Market,United States,Broad Market; Equity; Plain; United States
USDX,SGI Enhanced Core ETF,Equity,Plain,Broad Market,United States,Broad Market; Equity; Plain; United States
USFE,First Eagle US Equity ETF,Equity,Plain,Broad Market,United States,Broad Market; Equity; Plain; United States
USMC,Principal U.S. Mega-Cap ETF,Equity,Plain,Broad Market,United States,Broad Market; Equity; Plain; United States
USPX,Franklin U.S. Equity Index ETF,Equity,Plain,Broad Market,United States,Broad Market; Equity; Plain; United States
USRD,Themes US R&D Champions ETF,Equity,Plain,Broad Market,United States,Broad Market; Equity; Plain; United States
USSE,Segall Bryant & Hamill Trust Segall Bryant & Hamill Select Equity ETF,Equity,Plain,Broad Market,United States,Broad Market; Equity; Plain; United States
VABS,Virtus Newfleet ABS/MBS ETF,Equity,Plain,Broad Market,United States,Broad Market; Equity; Plain; United States
VAVX,VanEck Avalanche ETF,Equity,Plain,Broad Market,United States,Broad Market; Equity; Plain; United States
VB,Vanguard Small-Cap ETF,Equity,Plain,Broad Market,United States,Broad Market; Equity; Plain; United States
VBNB,VanEck BNB ETF,Equity,Plain,Broad Market,United States,Broad Market; Equity; Plain; United States
VCR,Vanguard Consumer Discretion ETF,Equity,Plain,Broad Market,United States,Broad Market; Equity; Plain; United States
VEA,Vanguard FTSE Developed Markets ETF,Equity,Plain,Broad Market,Developed ex-US,Broad Market; Developed ex-US; Equity; Plain
VEGA,AdvisorShares STAR Global Buy-Write ETF,Equity,Plain,Broad Market,Global,Broad Market; Equity; Global; Plain
VEU,Vanguard FTSE All World Ex US ETF,Equity,Plain,Broad Market,Global; United States,Broad Market; Equity; Global; Plain; United States
VEXC,Vanguard Emerging Markets Ex-China ETF,Equity,Plain,Broad Market,Emerging Markets; China,Broad Market; China; Emerging Markets; Equity; Plain
VFH,Vanguard Financials ETF,Equity,Plain,Broad Market,United States,Broad Market; Equity; Plain; United States
VFLO,VictoryShares Free Cash Flow ETF,Equity,Plain,Broad Market,United States,Broad Market; Equity; Plain; United States
VGK,Vanguard FTSEEuropean ETF,Equity,Plain,Broad Market,Europe,Broad Market; Equity; Europe; Plain
VGT,Vanguard Information Tech ETF,Equity,Plain,Broad Market,United States,Broad Market; Equity; Plain; United States
VGVT,Vanguard Government Securities Active ETF,Equity,Active,Broad Market,United States,Active; Broad Market; Equity; United States
VICE,AdvisorShares Vice ETF,Equity,Plain,Broad Market,United States,Broad Market; Equity; Plain; United States
VIDI,Vident International Equity Strategy ETF,Equity,Plain,Broad Market,United States,Broad Market; Equity; Plain; United States
VIG,Vanguard Div Appreciation ETF,Equity,Plain,Broad Market,United States,Broad Market; Equity; Plain; United States
VIOO,Vanguard S&P Small-Cap 600 ETF,Equity,Plain,Broad Market,United States,Broad Market; Equity; Plain; United States
VMBS,Vanguard Mortgage-Backed Securities ETF,Equity,Plain,Broad Market,United States,Broad Market; Equity; Plain; United States
VNIE,Vontobel International Equity Active ETF,Equity,Active,Broad Market,United States,Active; Broad Market; Equity; United States
VNSE,Natixis Vaughan Nelson Select ETF,Equity,Plain,Broad Market,United States,Broad Market; Equity; Plain; United States
VO,Vanguard Mid-Cap ETF,Equity,Plain,Broad Market,United States,Broad Market; Equity; Plain; United States
VOLT,Tema Electrification ETF,Equity,Plain,Broad Market,United States,Broad Market; Equity; Plain; United States
VOTE,TCW Transform 500 ETF,Equity,Plain,Broad Market,United States,Broad Market; Equity; Plain; United States
VOX,Vanguard Communication Services  ETF,Equity,Plain,Broad Market,United States,Broad Market; Equity; Plain; United States
VPC,Virtus Private Credit Strategy ETF,Equity,Plain,Broad Market,United States,Broad Market; Equity; Plain; United States
VPL,Vanguard FTSE Pacific ETF,Equity,Plain,Broad Market,United States,Broad Market; Equity; Plain; United States
VPX,Variant Perception Cycle Aware US Equity ETF,Equity,Plain,Broad Market,United States,Broad Market; Equity; Plain; United States
VRIG,Invesco Variable Rate Investment Grade ETF,Equity,Plain,Broad Market,United States,Broad Market; Equity; Plain; United States
VRP,Invesco Variable Rate Preferred ETF,Equity,Plain,Broad Market,United States,Broad Market; Equity; Plain; United States
VRTL,GraniteShares 2x Long VRT Daily ETF,Equity,Plain,Broad Market,United States,Broad Market; Equity; Plain; United States
VSS,Vanguard FTSE All-Wld ex-US SmCp Idx ETF,Equity,Plain,Broad Market,Developed ex-US; United States,Broad Market; Developed ex-US; Equity; Plain; United States
VSTL,Defiance Daily Target 2X Long VST ETF,Equity,Plain,Broad Market,United States,Broad Market; Equity; Plain; United States
VT,Vanguard Total World Stock Index ETF,Equity,Plain,Broad Market,Global,Broad Market; Equity; Global; Plain
VTI,Vanguard Total Stock Market ETF,Equity,Plain,Broad Market,United States,Broad Market; Equity; Plain; United States
VTP,Vanguard Total Inflation-Protected Securities ETF,Equity,Plain,Broad Market,United States,Broad Market; Equity; Plain; United States
VUSE,Vident U.S. Equity Strategy ETF,Equity,Plain,Broad Market,United States,Broad Market; Equity; Plain; United States
VV,Vanguard Large-Cap ETF,Equity,Plain,Broad Market,United States,Broad Market; Equity; Plain; United States
VWO,Vanguard FTSE Emerging Markets ETF,Equity,Plain,Broad Market,Emerging Markets,Broad Market; Emerging Markets; Equity; Plain
VXF,Vanguard Extended Market ETF,Equity,Plain,Broad Market,United States,Broad Market; Equity; Plain; United States
VXUS,Vanguard Total International Stock ETF,Equity,Plain,Broad Market,United States,Broad Market; Equity; Plain; United States
WAGN,Pabrai Wagons ETF,Equity,Plain,Broad Market,United States,Broad Market; Equity; Plain; United States
WAMA,WisdomTree US Adaptive Moving Average Fund,Equity,Plain,Broad Market,United States,Broad Market; Equity; Plain; United States
WARP,VanEck Space ETF,Equity,Plain,Broad Market,United States,Broad Market; Equity; Plain; United States
WCAP,WarCap Unconstrained Equity ETF,Equity,Plain,Broad Market,United States,Broad Market; Equity; Plain; United States
WCEO,Hypatia Women CEO ETF,Equity,Plain,Broad Market,United States,Broad Market; Equity; Plain; United States
WCME,First Trust WCM Developing World Equity ETF,Equity,Plain,Broad Market,Global,Broad Market; Equity; Global; Plain
WCMG,First Trust WCM Global Equity ETF,Equity,Plain,Broad Market,Global,Broad Market; Equity; Global; Plain
WCMI,First Trust WCM International Equity ETF,Equity,Plain,Broad Market,United States,Broad Market; Equity; Plain; United States
WEAT,Teucrium Wheat Fund ETV,Equity,Plain,Broad Market,United States,Broad Market; Equity; Plain; United States
WIMA,WisdomTree International Adaptive Moving Average Fund,Equity,Plain,Broad Market,United States,Broad Market; Equity; Plain; United States
WINN,Harbor Long-Term Growers ETF,Equity,Plain,Broad Market,United States,Broad Market; Equity; Plain; United States
WOMN,Impact Shares Women's Empowerment ETF,Equity,Plain,Broad Market,United States,Broad Market; Equity; Plain; United States
WRND,NYLI Global Equity R&D Leaders ETF,Equity,Plain,Broad Market,Global,Broad Market; Equity; Global; Plain
WSGE,Warren Street Global Equity ETF,Equity,Plain,Broad Market,Global,Broad Market; Equity; Global; Plain
WTBN,WisdomTree Bianco Total Return Fund,Equity,Plain,Broad Market,United States,Broad Market; Equity; Plain; United States
WTIP,WisdomTree Inflation Plus Fund,Equity,Plain,Broad Market,United States,Broad Market; Equity; Plain; United States
WTMF,WisdomTree Managed Futures Strategy Fund,Equity,Plain,Broad Market,United States,Broad Market; Equity; Plain; United States
WWJD,Inspire International ETF,Equity,Plain,Broad Market,United States,Broad Market; Equity; Plain; United States
WXET,Teucrium 2x Daily Wheat ETF,Equity,Plain,Broad Market,United States,Broad Market; Equity; Plain; United States
XBFR,Innovator Equity Managed 10 Buffer ETF,Equity,Plain,Broad Market,United States,Broad Market; Equity; Plain; United States
XBNB,Teucrium xETFs 2x Long Daily BNB ETF,Equity,Plain,Broad Market,United States,Broad Market; Equity; Plain; United States
XC,WisdomTree True Emerging Markets Fund,Equity,Plain,Broad Market,Emerging Markets,Broad Market; Emerging Markets; Equity; Plain
XCEM,Columbia EM Core ex-China ETF,Equity,Plain,Broad Market,China,Broad Market; China; Equity; Plain
XCHG,AB US Equity ETF,Equity,Plain,Broad Market,United States,Broad Market; Equity; Plain; United States
XCNY,State Street SPDR S&P Emerging Markets ex-China ETF,Equity,Plain,Broad Market,Emerging Markets; China,Broad Market; China; Emerging Markets; Equity; Plain
XCOR,FundX ETF,Equity,Plain,Broad Market,United States,Broad Market; Equity; Plain; United States
XFLX,FundX Flexible ETF,Equity,Plain,Broad Market,United States,Broad Market; Equity; Plain; United States
XITK,State Street SPDR FactSet Innovative Technology ETF,Equity,Plain,Broad Market,United States,Broad Market; Equity; Plain; United States
XLC,State Street Communication Services Select Sector SPDR ETF,Equity,Plain,Broad Market,United States,Broad Market; Equity; Plain; United States
XLF,State Street Financial Select Sector SPDR ETF,Equity,Plain,Broad Market,United States,Broad Market; Equity; Plain; United States
XLK,State Street Technology Select Sector SPDR ETF,Equity,Plain,Broad Market,United States,Broad Market; Equity; Plain; United States
XLSR,State Street US Sector Rotation ETF,Equity,Plain,Broad Market,United States,Broad Market; Equity; Plain; United States
XME,State Street SPDR S&P Metals & Mining ETF,Equity,Plain,Broad Market,United States,Broad Market; Equity; Plain; United States
XMHQ,Invesco S&P MidCap Quality ETF,Equity,Factor,Broad Market,United States,Broad Market; Equity; Factor; United States
XNAV,FundX Aggressive ETF,Equity,Plain,Broad Market,United States,Broad Market; Equity; Plain; United States
XNTK,State Street SPDR NYSE Technology ETF,Equity,Plain,Broad Market,United States,Broad Market; Equity; Plain; United States
XOVR,ERShares Private-Public Crossover ETF,Equity,Plain,Broad Market,United States,Broad Market; Equity; Plain; United States
XPND,First Trust Expanded Technology ETF,Equity,Plain,Broad Market,United States,Broad Market; Equity; Plain; United States
XRLX,FundX Conservative ETF,Equity,Plain,Broad Market,United States,Broad Market; Equity; Plain; United States
XRP,Bitwise XRP ETF,Equity,Plain,Broad Market,United States,Broad Market; Equity; Plain; United States
XRPC,Canary XRP ETF,Equity,Plain,Broad Market,United States,Broad Market; Equity; Plain; United States
XRPI,Volatility Shares Trust XRP ETF,Equity,Plain,Broad Market,United States,Broad Market; Equity; Plain; United States
XRPT,Volatility Shares Trust XRP 2X ETF,Equity,Plain,Broad Market,United States,Broad Market; Equity; Plain; United States
XRPZ,Franklin XRP ETF,Equity,Plain,Broad Market,United States,Broad Market; Equity; Plain; United States
XSOE,WisdomTree Emerging Markets Ex-State Owned Enterprises Fund,Equity,Plain,Broad Market,Emerging Markets,Broad Market; Emerging Markets; Equity; Plain
XSW,State Street SPDR S&P Software & Services ETF,Equity,Plain,Broad Market,United States,Broad Market; Equity; Plain; United States
XT,iShares Future Exponential Technologies ETF,Equity,Plain,Broad Market,United States,Broad Market; Equity; Plain; United States
XTN,State Street SPDR S&P Transportation ETF,Equity,Plain,Broad Market,United States,Broad Market; Equity; Plain; United States
XV,Simplify Target 15 Distribution ETF,Equity,Dividend/Income,Broad Market,United States,Broad Market; Dividend/Income; Equity; United States
XXRP,Teucrium 2x Long Daily XRP ETF,Equity,Plain,Broad Market,United States,Broad Market; Equity; Plain; United States
XXV,Simplify Ancorato Target 25 Distribution ETF,Equity,Dividend/Income,Broad Market,United States,Broad Market; Dividend/Income; Equity; United States
YALL,God Bless America ETF,Equity,Plain,Broad Market,United States,Broad Market; Equity; Plain; United States
YBST,GraniteShares YieldBoost Single Stock Universe ETF,Equity,Dividend/Income,Broad Market,United States,Broad Market; Dividend/Income; Equity; United States
YBTY,GraniteShares YieldBoost TopYielders ETF,Equity,Dividend/Income,Broad Market,United States,Broad Market; Dividend/Income; Equity; United States
YCLO,Franklin BSP CLO ETF,Equity,Plain,Broad Market,United States,Broad Market; Equity; Plain; United States
YNOT,Horizon Digital Frontier ETF,Equity,Plain,Broad Market,United States,Broad Market; Equity; Plain; United States
YOKE,YOKE Core ETF,Equity,Plain,Broad Market,United States,Broad Market; Equity; Plain; United States
YOLO,AdvisorShares Pure Cannabis ETF,Equity,Plain,Broad Market,United States,Broad Market; Equity; Plain; United States
YSPY,GraniteShares YieldBOOST SPY ETF,Equity,Dividend/Income,Broad Market,United States,Broad Market; Dividend/Income; Equity; United States
ZAP,Global X U.S. Electrification ETF,Equity,Plain,Broad Market,Global; United States,Broad Market; Equity; Global; Plain; United States
ZETX,Defiance Daily Target 2x Long ZETA ETF,Equity,Plain,Broad Market,United States,Broad Market; Equity; Plain; United States
ZHDG,ZEGA Buy and Hedge ETF,Equity,Plain,Broad Market,United States,Broad Market; Equity; Plain; United States
ZIG,The Acquirers Fund,Equity,Plain,Broad Market,United States,Broad Market; Equity; Plain; United States
AAXJ,iShares MSCI All Country Asia ex Japan ETF,Equity,Plain,Broad Market & Core Indices,Global; Asia Pacific; Japan,Asia Pacific; Broad Market & Core Indices; Equity; Global; Japan; Plain
ABCS,Alpha Blue Capital US Small-Mid Cap Dynamic ETF,Equity,Plain,Broad Market & Core Indices,United States,Broad Market & Core Indices; Equity; Plain; United States
ABIG,Argent Large Cap ETF,Equity,Plain,Broad Market & Core Indices,United States,Broad Market & Core Indices; Equity; Plain; United States
ACLC,American Century Large Cap Equity ETF,Equity,Plain,Broad Market & Core Indices,United States,Broad Market & Core Indices; Equity; Plain; United States
ACWI,iShares MSCI ACWI ETF,Equity,Plain,Broad Market & Core Indices,United States,Broad Market & Core Indices; Equity; Plain; United States
ACWX,iShares MSCI ACWI ex U.S. ETF,Equity,Plain,Broad Market & Core Indices,United States,Broad Market & Core Indices; Equity; Plain; United States
AFLG,First Trust Active Factor Large Cap ETF,Equity,Active,Broad Market & Core Indices,United States,Active; Broad Market & Core Indices; Equity; United States
AFMC,First Trust Active Factor Mid Cap ETF,Equity,Active,Broad Market & Core Indices,United States,Active; Broad Market & Core Indices; Equity; United States
AFSC,abrdn Focused U.S. Small Cap Active ETF,Equity,Active,Broad Market & Core Indices,United States,Active; Broad Market & Core Indices; Equity; United States
AFSM,First Trust Active Factor Small Cap ETF,Equity,Active,Broad Market & Core Indices,United States,Active; Broad Market & Core Indices; Equity; United States
AIMS,Acuitas Small Cap Active ETF,Equity,Active,Broad Market & Core Indices,United States,Active; Broad Market & Core Indices; Equity; United States
ALIL,Argent Focused Small Cap ETF,Equity,Plain,Broad Market & Core Indices,United States,Broad Market & Core Indices; Equity; Plain; United States
ALTL,Pacer Lunt Large Cap Alternator ETF,Equity,Plain,Broad Market & Core Indices,United States,Broad Market & Core Indices; Equity; Plain; United States
AMID,Argent Mid Cap ETF,Equity,Plain,Broad Market & Core Indices,United States,Broad Market & Core Indices; Equity; Plain; United States
ARGT,Global X MSCI Argentina ETF,Equity,Plain,Broad Market & Core Indices,Global,Broad Market & Core Indices; Equity; Global; Plain
ASCI,abrdn International Small Cap Active ETF,Equity,Active,Broad Market & Core Indices,United States,Active; Broad Market & Core Indices; Equity; United States
ASHS,Xtrackers Harvest CSI 500 China A-Shares Small Cap ETF,Equity,Plain,Broad Market & Core Indices,China,Broad Market & Core Indices; China; Equity; Plain
AVDS,Avantis International Small Cap Equity ETF,Equity,Plain,Broad Market & Core Indices,United States,Broad Market & Core Indices; Equity; Plain; United States
AVEE,Avantis Emerging Markets Small Cap Equity ETF,Equity,Plain,Broad Market & Core Indices,Emerging Markets,Broad Market & Core Indices; Emerging Markets; Equity; Plain
AVLC,Avantis U.S. Large Cap Equity ETF,Equity,Plain,Broad Market & Core Indices,United States,Broad Market & Core Indices; Equity; Plain; United States
AVMC,Avantis U.S. Mid Cap Equity ETF,Equity,Plain,Broad Market & Core Indices,United States,Broad Market & Core Indices; Equity; Plain; United States
AVSC,Avantis U.S Small Cap Equity ETF,Equity,Plain,Broad Market & Core Indices,United States,Broad Market & Core Indices; Equity; Plain; United States
BBHL,BBH Select Large Cap ETF,Equity,Plain,Broad Market & Core Indices,United States,Broad Market & Core Indices; Equity; Plain; United States
BBHM,BBH Select Mid Cap ETF,Equity,Plain,Broad Market & Core Indices,United States,Broad Market & Core Indices; Equity; Plain; United States
BCIL,Bancreek International Large Cap ETF,Equity,Plain,Broad Market & Core Indices,United States,Broad Market & Core Indices; Equity; Plain; United States
BCSM,Baron SMID Cap ETF,Equity,Plain,Broad Market & Core Indices,United States,Broad Market & Core Indices; Equity; Plain; United States
BCUS,Bancreek U.S. Large Cap ETF,Equity,Plain,Broad Market & Core Indices,United States,Broad Market & Core Indices; Equity; Plain; United States
BKF,iShares MSCI BIC ETF,Equity,Plain,Broad Market & Core Indices,United States,Broad Market & Core Indices; Equity; Plain; United States
BKLC,BNY Mellon US Large Cap Core Equity ETF,Equity,Plain,Broad Market & Core Indices,United States,Broad Market & Core Indices; Equity; Plain; United States
BKMC,BNY Mellon US Mid Cap Core Equity ETF,Equity,Plain,Broad Market & Core Indices,United States,Broad Market & Core Indices; Equity; Plain; United States
BKSE,BNY Mellon US Small Cap Core Equity ETF,Equity,Plain,Broad Market & Core Indices,United States,Broad Market & Core Indices; Equity; Plain; United States
BLCR,iShares Large Cap Core Active ETF,Equity,Active,Broad Market & Core Indices,United States,Active; Broad Market & Core Indices; Equity; United States
BLUC,Bluemonte Large Cap Core ETF,Equity,Plain,Broad Market & Core Indices,United States,Broad Market & Core Indices; Equity; Plain; United States
BLUX,Bluemonte Dynamic Total Market ETF,Equity,Plain,Broad Market & Core Indices,United States,Broad Market & Core Indices; Equity; Plain; United States
BROL,Baron Risk Optimized Large Cap ETF,Equity,Plain,Broad Market & Core Indices,United States,Broad Market & Core Indices; Equity; Plain; United States
BRSM,MFS Blended Research Small-Mid Cap ETF,Equity,Plain,Broad Market & Core Indices,United States,Broad Market & Core Indices; Equity; Plain; United States
CDL,VictoryShares US Large Cap High Div Volatility Wtd ETF,Equity,Plain,Broad Market & Core Indices,United States,Broad Market & Core Indices; Equity; Plain; United States
CGMM,Capital Group U.S. Small and Mid Cap ETF,Equity,Plain,Broad Market & Core Indices,United States,Broad Market & Core Indices; Equity; Plain; United States
COLO,Global X MSCI Colombia ETF,Equity,Plain,Broad Market & Core Indices,Global,Broad Market & Core Indices; Equity; Global; Plain
CPNJ,Calamos Nasdaq - 100 Structured Alt Protection ETF -June,Equity,Plain,Broad Market & Core Indices,United States,Broad Market & Core Indices; Equity; Plain; United States
CPNM,Calamos Nasdaq-100 Structured Alt Protection ETF - March,Equity,Plain,Broad Market & Core Indices,United States,Broad Market & Core Indices; Equity; Plain; United States
CPNQ,Calamos Nasdaq-100 Structured Alt Protection ETF December,Equity,Plain,Broad Market & Core Indices,United States,Broad Market & Core Indices; Equity; Plain; United States
CPNS,Calamos Nasdaq-100 Structured Alt Protection ETF  September,Equity,Plain,Broad Market & Core Indices,United States,Broad Market & Core Indices; Equity; Plain; United States
CPRA,Calamos Russell 2000 Structured Alt Protection ETF - April,Equity,Plain,Broad Market & Core Indices,United States,Broad Market & Core Indices; Equity; Plain; United States
CPRJ,Calamos Russell 2000 Structured Alt Protection ETF  July,Equity,Plain,Broad Market & Core Indices,United States,Broad Market & Core Indices; Equity; Plain; United States
CPRO,Calamos Russell 2000 Structured Alt Protection ETF - October,Equity,Plain,Broad Market & Core Indices,United States,Broad Market & Core Indices; Equity; Plain; United States
CPRY,Calamos Russell 2000 Structured Alt Protection ETF January,Equity,Plain,Broad Market & Core Indices,United States,Broad Market & Core Indices; Equity; Plain; United States
CPSA,Calamos S&P 500 Structured Alt Protection ETF  August,Equity,Plain,Broad Market & Core Indices,United States,Broad Market & Core Indices; Equity; Plain; United States
CPSD,Calamos S&P 500 Structured Alt Protection ETF December,Equity,Plain,Broad Market & Core Indices,United States,Broad Market & Core Indices; Equity; Plain; United States
CPSF,Calamos S&P 500 Structured Alt Protection ETF February,Equity,Plain,Broad Market & Core Indices,United States,Broad Market & Core Indices; Equity; Plain; United States
CPSJ,Calamos S&P 500 Structured Alt Protection ETF  July,Equity,Plain,Broad Market & Core Indices,United States,Broad Market & Core Indices; Equity; Plain; United States
CPSM,Calamos S&P 500 Structured Alt Protection ETF  May,Equity,Plain,Broad Market & Core Indices,United States,Broad Market & Core Indices; Equity; Plain; United States
CPSN,Calamos S&P 500 Structured Alt Protection ETF November,Equity,Plain,Broad Market & Core Indices,United States,Broad Market & Core Indices; Equity; Plain; United States
CPSO,Calamos S&P 500 Structured Alt Protection ETF - October,Equity,Plain,Broad Market & Core Indices,United States,Broad Market & Core Indices; Equity; Plain; United States
CPSP,Calamos S&P 500 Structured Alt Protection ETF - April,Equity,Plain,Broad Market & Core Indices,United States,Broad Market & Core Indices; Equity; Plain; United States
CPSR,Calamos S&P 500 Structured Alt Protection ETF - March,Equity,Plain,Broad Market & Core Indices,United States,Broad Market & Core Indices; Equity; Plain; United States
CPST,Calamos S&P 500 Structured Alt Protection ETF  September,Equity,Plain,Broad Market & Core Indices,United States,Broad Market & Core Indices; Equity; Plain; United States
CPSU,Calamos S&P 500 Structured Alt Protection ETF June,Equity,Plain,Broad Market & Core Indices,United States,Broad Market & Core Indices; Equity; Plain; United States
CPSY,Calamos S&P 500 Structured Alt Protection ETF January,Equity,Plain,Broad Market & Core Indices,United States,Broad Market & Core Indices; Equity; Plain; United States
CRBN,iShares Low Carbon Optimized MSCI ACWI ETF,Equity,Plain,Broad Market & Core Indices,United States,Broad Market & Core Indices; Equity; Plain; United States
CSB,VictoryShares US Small Cap High Div Volatility Wtd ETF,Equity,Plain,Broad Market & Core Indices,United States,Broad Market & Core Indices; Equity; Plain; United States
CWI,State Street SPDR MSCI ACWI ex-US ETF,Equity,Plain,Broad Market & Core Indices,Developed ex-US; United States,Broad Market & Core Indices; Developed ex-US; Equity; Plain; United States
DBAW,Xtrackers MSCI All World ex US Hedged Equity ETF,Equity,Plain,Broad Market & Core Indices,Global; United States,Broad Market & Core Indices; Equity; Global; Plain; United States
DBEF,Xtrackers MSCI EAFE Hedged Equity ETF,Equity,Plain,Broad Market & Core Indices,Developed ex-US,Broad Market & Core Indices; Developed ex-US; Equity; Plain
DBEM,Xtrackers MSCI Emerging Markets Hedged Equity ETF,Equity,Plain,Broad Market & Core Indices,Emerging Markets,Broad Market & Core Indices; Emerging Markets; Equity; Plain
DBEU,Xtrackers MSCI Europe Hedged Equity ETF,Equity,Plain,Broad Market & Core Indices,Europe,Broad Market & Core Indices; Equity; Europe; Plain
DBEZ,Xtrackers MSCI Eurozone Hedged Equity ETF,Equity,Plain,Broad Market & Core Indices,Europe,Broad Market & Core Indices; Equity; Europe; Plain
DBJP,Xtrackers MSCI Japan Hedged Equity ETF,Equity,Plain,Broad Market & Core Indices,Japan,Broad Market & Core Indices; Equity; Japan; Plain
DEMZ,Democratic Large Cap Core ETF,Equity,Plain,Broad Market & Core Indices,United States,Broad Market & Core Indices; Equity; Plain; United States
DEUS,Xtrackers Russell US Multifactor ETF,Equity,Plain,Broad Market & Core Indices,United States,Broad Market & Core Indices; Equity; Plain; United States
DFAS,Dimensional U.S. Small Cap ETF,Equity,Plain,Broad Market & Core Indices,United States,Broad Market & Core Indices; Equity; Plain; United States
DFVX,Dimensional US Large Cap Vector ETF,Equity,Plain,Broad Market & Core Indices,United States,Broad Market & Core Indices; Equity; Plain; United States
DHLX,Diamond Hill Large Cap Concentrated ETF,Equity,Plain,Broad Market & Core Indices,United States,Broad Market & Core Indices; Equity; Plain; United States
DMXF,iShares ESG Advanced MSCI EAFE ETF,Equity,ESG/Sustainable,Broad Market & Core Indices,Developed ex-US,Broad Market & Core Indices; Developed ex-US; ESG/Sustainable; Equity
DRUP,GraniteShares Nasdaq Select Disruptors ETF,Equity,Plain,Broad Market & Core Indices,United States,Broad Market & Core Indices; Equity; Plain; United States
DSI,iShares ESG MSCI KLD 400 ETF,Equity,ESG/Sustainable,Broad Market & Core Indices,United States,Broad Market & Core Indices; ESG/Sustainable; Equity; United States
DSPY,Tema S&P 500 Historical Weight ETF Strategy,Equity,Plain,Broad Market & Core Indices,United States,Broad Market & Core Indices; Equity; Plain; United States
EASG,Xtrackers MSCI EAFE Selection Equity ETF,Equity,Plain,Broad Market & Core Indices,Developed ex-US,Broad Market & Core Indices; Developed ex-US; Equity; Plain
EBIT,Harbor AlphaEdge Small Cap Earners ETF,Equity,Plain,Broad Market & Core Indices,United States,Broad Market & Core Indices; Equity; Plain; United States
ECNS,iShares MSCI China Small-Cap ETF,Equity,Plain,Broad Market & Core Indices,China,Broad Market & Core Indices; China; Equity; Plain
EEM,iShares MSCI Emerging Index Fund,Equity,Plain,Broad Market & Core Indices,United States,Broad Market & Core Indices; Equity; Plain; United States
EEMA,iShares MSCI Emerging Markets Asia ETF,Equity,Plain,Broad Market & Core Indices,Emerging Markets; Asia Pacific,Asia Pacific; Broad Market & Core Indices; Emerging Markets; Equity; Plain
EEMS,iShares MSCI Emerging Markets Small Cap ETF,Equity,Plain,Broad Market & Core Indices,Emerging Markets,Broad Market & Core Indices; Emerging Markets; Equity; Plain
EFA,iShares MSCI EAFE ETF,Equity,Plain,Broad Market & Core Indices,Developed ex-US,Broad Market & Core Indices; Developed ex-US; Equity; Plain
EFIV,State Street SPDR S&P 500 ESG ETF,Equity,ESG/Sustainable,Broad Market & Core Indices,United States,Broad Market & Core Indices; ESG/Sustainable; Equity; United States
EGLE,Global X S&P 500 U.S. Revenue Leaders ETF,Equity,Plain,Broad Market & Core Indices,Global; United States,Broad Market & Core Indices; Equity; Global; Plain; United States
EIDO,iShares MSCI Indonesia ETF,Equity,Plain,Broad Market & Core Indices,United States,Broad Market & Core Indices; Equity; Plain; United States
EIRL,iShares MSCI Ireland ETF,Equity,Plain,Broad Market & Core Indices,United States,Broad Market & Core Indices; Equity; Plain; United States
EIS,iShares MSCI Israel ETF,Equity,Plain,Broad Market & Core Indices,United States,Broad Market & Core Indices; Equity; Plain; United States
EKG,First Trust Nasdaq Lux Digital Health Solutions ETF,Equity,Plain,Broad Market & Core Indices,United States,Broad Market & Core Indices; Equity; Plain; United States
EMCS,Xtrackers MSCI Emerging Markets Select ETF,Equity,Plain,Broad Market & Core Indices,Emerging Markets,Broad Market & Core Indices; Emerging Markets; Equity; Plain
EMOT,First Trust S&P 500 Economic Moat ETF,Equity,Plain,Broad Market & Core Indices,United States,Broad Market & Core Indices; Equity; Plain; United States
EMSC,Sophus Capital Emerging Market Small Cap ETF,Equity,Plain,Broad Market & Core Indices,Emerging Markets; United States,Broad Market & Core Indices; Emerging Markets; Equity; Plain; United States
EMXC,iShares MSCI Emerging Markets ex China ETF,Equity,Plain,Broad Market & Core Indices,Emerging Markets; China,Broad Market & Core Indices; China; Emerging Markets; Equity; Plain
EMXF,iShares ESG Advanced MSCI EM ETF,Equity,ESG/Sustainable,Broad Market & Core Indices,United States,Broad Market & Core Indices; ESG/Sustainable; Equity; United States
ENHU,iShares Enhanced Large Cap Core Active ETF,Equity,Active,Broad Market & Core Indices,United States,Active; Broad Market & Core Indices; Equity; United States
ENZL,iShares MSCI New Zealand ETF,Equity,Plain,Broad Market & Core Indices,United States,Broad Market & Core Indices; Equity; Plain; United States
EPHE,iShares MSCI Philippines ETF,Equity,Plain,Broad Market & Core Indices,United States,Broad Market & Core Indices; Equity; Plain; United States
EPMB,Harbor Mid Cap Core ETF,Equity,Plain,Broad Market & Core Indices,United States,Broad Market & Core Indices; Equity; Plain; United States
EPOL,iShares MSCI Poland ETF,Equity,Plain,Broad Market & Core Indices,United States,Broad Market & Core Indices; Equity; Plain; United States
EPP,iShares MSCI Pacific Ex-Japan Index Fund,Equity,Plain,Broad Market & Core Indices,Japan,Broad Market & Core Indices; Equity; Japan; Plain
EPSB,Harbor SMID Cap Core ETF,Equity,Plain,Broad Market & Core Indices,United States,Broad Market & Core Indices; Equity; Plain; United States
EPU,iShares MSCI Peru and Global Exposure ETF,Equity,Plain,Broad Market & Core Indices,Global,Broad Market & Core Indices; Equity; Global; Plain
EQAL,Invesco Russell 1000 Equal Weight ETF,Equity,Factor,Broad Market & Core Indices,United States,Broad Market & Core Indices; Equity; Factor; United States
ERTH,Invesco MSCI Sustainable Future ETF,Equity,ESG/Sustainable,Broad Market & Core Indices,United States,Broad Market & Core Indices; ESG/Sustainable; Equity; United States
ESGD,iShares ESG Aware MSCI EAFE ETF,Equity,ESG/Sustainable,Broad Market & Core Indices,Developed ex-US,Broad Market & Core Indices; Developed ex-US; ESG/Sustainable; Equity
ESGE,iShares ESG Aware MSCI EM ETF,Equity,ESG/Sustainable,Broad Market & Core Indices,United States,Broad Market & Core Indices; ESG/Sustainable; Equity; United States
ESGU,iShares ESG Aware MSCI USA ETF,Equity,ESG/Sustainable,Broad Market & Core Indices,United States,Broad Market & Core Indices; ESG/Sustainable; Equity; United States
ESMV,iShares ESG Optimized MSCI USA Min Vol Factor ETF,Equity,ESG/Sustainable,Broad Market & Core Indices,United States,Broad Market & Core Indices; ESG/Sustainable; Equity; United States
ESSC,Eventide Small Cap ETF,Equity,Plain,Broad Market & Core Indices,United States,Broad Market & Core Indices; Equity; Plain; United States
EUFN,iShares MSCI Europe Financials ETF,Equity,Plain,Broad Market & Core Indices,Europe,Broad Market & Core Indices; Equity; Europe; Plain
EUSA,iShares MSCI USA Equal Weighted ETF,Equity,Factor,Broad Market & Core Indices,United States,Broad Market & Core Indices; Equity; Factor; United States
EWA,iShares MSCI Australia Index Fund,Equity,Plain,Broad Market & Core Indices,United States,Broad Market & Core Indices; Equity; Plain; United States
EWC,iShares MSCI Canada Index Fund,Equity,Plain,Broad Market & Core Indices,United States,Broad Market & Core Indices; Equity; Plain; United States
EWD,iShares MSCI Sweden ETF,Equity,Plain,Broad Market & Core Indices,United States,Broad Market & Core Indices; Equity; Plain; United States
EWG,iShares MSCI Germany Index Fund,Equity,Plain,Broad Market & Core Indices,United States,Broad Market & Core Indices; Equity; Plain; United States
EWH,iShares MSCI Hong Kong Index Fund,Equity,Plain,Broad Market & Core Indices,United States,Broad Market & Core Indices; Equity; Plain; United States
EWI,iShares MSCI Italy ETF,Equity,Plain,Broad Market & Core Indices,United States,Broad Market & Core Indices; Equity; Plain; United States
EWJ,iShares MSCI Japan Index Fund,Equity,Plain,Broad Market & Core Indices,Japan,Broad Market & Core Indices; Equity; Japan; Plain
EWK,iShares MSCI Belgium ETF,Equity,Plain,Broad Market & Core Indices,United States,Broad Market & Core Indices; Equity; Plain; United States
EWL,iShares MSCI Switzerland ETF,Equity,Plain,Broad Market & Core Indices,United States,Broad Market & Core Indices; Equity; Plain; United States
EWM,iShares MSCI Malaysia Index Fund,Equity,Plain,Broad Market & Core Indices,United States,Broad Market & Core Indices; Equity; Plain; United States
EWO,iShares MSCI Austria ETF,Equity,Plain,Broad Market & Core Indices,United States,Broad Market & Core Indices; Equity; Plain; United States
EWP,iShares MSCI Spain ETF,Equity,Plain,Broad Market & Core Indices,United States,Broad Market & Core Indices; Equity; Plain; United States
EWQ,iShares MSCI France Index Fund,Equity,Plain,Broad Market & Core Indices,United States,Broad Market & Core Indices; Equity; Plain; United States
EWS,iShares MSCI Singapore ETF,Equity,Plain,Broad Market & Core Indices,United States,Broad Market & Core Indices; Equity; Plain; United States
EWT,iShares MSCI Taiwan ETF,Equity,Plain,Broad Market & Core Indices,Taiwan,Broad Market & Core Indices; Equity; Plain; Taiwan
EWU,iShares MSCI United Kingdom ETF,Equity,Plain,Broad Market & Core Indices,United Kingdom,Broad Market & Core Indices; Equity; Plain; United Kingdom
EWW,iShares MSCI Mexico ETF,Equity,Plain,Broad Market & Core Indices,United States,Broad Market & Core Indices; Equity; Plain; United States
EWX,State Street SPDR S&P Emerging Markets Small Cap ETF,Equity,Plain,Broad Market & Core Indices,Emerging Markets,Broad Market & Core Indices; Emerging Markets; Equity; Plain
EWY,iShares MSCI South Korea ETF,Equity,Plain,Broad Market & Core Indices,South Korea,Broad Market & Core Indices; Equity; Plain; South Korea
EWZ,iShares MSCI Brazil ETF,Equity,Plain,Broad Market & Core Indices,Brazil,Brazil; Broad Market & Core Indices; Equity; Plain
EWZS,iShares MSCI Brazil Small-Cap ETF,Equity,Plain,Broad Market & Core Indices,Brazil,Brazil; Broad Market & Core Indices; Equity; Plain
EZA,iShares MSCI South Africa Index Fund,Equity,Plain,Broad Market & Core Indices,United States,Broad Market & Core Indices; Equity; Plain; United States
FCFY,First Trust S&P 500 Diversified Free Cash Flow ETF,Equity,Plain,Broad Market & Core Indices,United States,Broad Market & Core Indices; Equity; Plain; United States
FCOM,Fidelity MSCI Communication Services Index ETF,Equity,Plain,Broad Market & Core Indices,United States,Broad Market & Core Indices; Equity; Plain; United States
FDTS,First Trust Developed Markets ex-US Small Cap AlphaDEX Fund,Equity,Plain,Broad Market & Core Indices,Developed ex-US; United States,Broad Market & Core Indices; Developed ex-US; Equity; Plain; United States
FELC,Fidelity Enhanced Large Cap Core ETF,Equity,Plain,Broad Market & Core Indices,United States,Broad Market & Core Indices; Equity; Plain; United States
FEMD,First Eagle Mid Cap Equity ETF,Equity,Plain,Broad Market & Core Indices,United States,Broad Market & Core Indices; Equity; Plain; United States
FEMS,First Trust Emerging Markets Small Cap AlphaDEX Fund,Equity,Plain,Broad Market & Core Indices,Emerging Markets,Broad Market & Core Indices; Emerging Markets; Equity; Plain
FESM,Fidelity Enhanced Small Cap Core ETF,Equity,Plain,Broad Market & Core Indices,United States,Broad Market & Core Indices; Equity; Plain; United States
FEUS,FlexShares ESG & Climate US Large Cap Core Index Fund,Equity,ESG/Sustainable,Broad Market & Core Indices,United States,Broad Market & Core Indices; ESG/Sustainable; Equity; United States
FEX,First Trust Large Cap Core AlphaDEX Fund,Equity,Plain,Broad Market & Core Indices,United States,Broad Market & Core Indices; Equity; Plain; United States
FGSM,Frontier Asset Global Small Cap Equity ETF,Equity,Plain,Broad Market & Core Indices,Global,Broad Market & Core Indices; Equity; Global; Plain
FLAG,Global X S&P 500 U.S. Market Leaders Top 50 ETF,Equity,Plain,Broad Market & Core Indices,Global; United States,Broad Market & Core Indices; Equity; Global; Plain; United States
FLCC,Federated Hermes MDT Large Cap Core ETF,Equity,Plain,Broad Market & Core Indices,United States,Broad Market & Core Indices; Equity; Plain; United States
FLCE,Frontier Asset U.S. Large Cap Equity ETF,Equity,Plain,Broad Market & Core Indices,United States,Broad Market & Core Indices; Equity; Plain; United States
FMDE,Fidelity Enhanced Mid Cap Core ETF,Equity,Plain,Broad Market & Core Indices,United States,Broad Market & Core Indices; Equity; Plain; United States
FNCL,Fidelity MSCI Financials Index ETF,Equity,Plain,Broad Market & Core Indices,United States,Broad Market & Core Indices; Equity; Plain; United States
FNDB,Schwab Fundamental U.S. Broad Market ETF,Equity,Plain,Broad Market & Core Indices,United States,Broad Market & Core Indices; Equity; Plain; United States
FNX,First Trust Mid Cap Core AlphaDEX Fund,Equity,Plain,Broad Market & Core Indices,United States,Broad Market & Core Indices; Equity; Plain; United States
FRTY,Alger Mid Cap 40 ETF,Equity,Plain,Broad Market & Core Indices,United States,Broad Market & Core Indices; Equity; Plain; United States
FSCC,Federated Hermes MDT Small Cap Core ETF,Equity,Plain,Broad Market & Core Indices,United States,Broad Market & Core Indices; Equity; Plain; United States
FSCS,First Trust SMID Capital Strength ETF,Equity,Plain,Broad Market & Core Indices,United States,Broad Market & Core Indices; Equity; Plain; United States
FSML,Franklin Small Cap Enhanced ETF,Equity,Plain,Broad Market & Core Indices,United States,Broad Market & Core Indices; Equity; Plain; United States
FTEC,Fidelity MSCI Information Technology Index ETF,Equity,Plain,Broad Market & Core Indices,United States,Broad Market & Core Indices; Equity; Plain; United States
FTXR,First Trust Nasdaq Transportation ETF,Equity,Plain,Broad Market & Core Indices,United States,Broad Market & Core Indices; Equity; Plain; United States
FYX,First Trust Small Cap Core AlphaDEX Fund,Equity,Plain,Broad Market & Core Indices,United States,Broad Market & Core Indices; Equity; Plain; United States
GLCR,GlacierShares Nasdaq Iceland ETF,Equity,Plain,Broad Market & Core Indices,United States,Broad Market & Core Indices; Equity; Plain; United States
GREK,Global X MSCI Greece ETF,Equity,Plain,Broad Market & Core Indices,Global,Broad Market & Core Indices; Equity; Global; Plain
GRNY,Fundstrat Granny Shots US Large Cap ETF,Equity,Plain,Broad Market & Core Indices,United States,Broad Market & Core Indices; Equity; Plain; United States
GSC,Goldman Sachs Small Cap Equity ETF,Equity,Plain,Broad Market & Core Indices,United States,Broad Market & Core Indices; Equity; Plain; United States
GSLC,Goldman Sachs ActiveBeta U.S. Large Cap Equity ETF,Equity,Active,Broad Market & Core Indices,United States,Active; Broad Market & Core Indices; Equity; United States
GSSC,GS ActiveBeta U.S. Small Cap Equity ETF,Equity,Active,Broad Market & Core Indices,United States,Active; Broad Market & Core Indices; Equity; United States
GTPE,Goldman Sachs MSCI World Private Equity Return Tracker ETF,Equity,Plain,Broad Market & Core Indices,Global,Broad Market & Core Indices; Equity; Global; Plain
GWX,State Street SPDR S&P International Small Cap ETF,Equity,Plain,Broad Market & Core Indices,United States,Broad Market & Core Indices; Equity; Plain; United States
GXPC,Global X PureCap MSCI Communication Services ETF,Equity,Plain,Broad Market & Core Indices,Global,Broad Market & Core Indices; Equity; Global; Plain
GXPT,Global X PureCap MSCI Information Technology ETF,Equity,Plain,Broad Market & Core Indices,Global,Broad Market & Core Indices; Equity; Global; Plain
GYLD,Arrow Dow Jones Global Yield ETF ETF,Equity,Dividend/Income,Broad Market & Core Indices,Global,Broad Market & Core Indices; Dividend/Income; Equity; Global
HAPI,Harbor Human Capital Factor US Large Cap ETF,Equity,Plain,Broad Market & Core Indices,United States,Broad Market & Core Indices; Equity; Plain; United States
HAPS,Harbor Human Capital Factor US Small Cap ETF,Equity,Plain,Broad Market & Core Indices,United States,Broad Market & Core Indices; Equity; Plain; United States
HEQQ,JPMorgan Nasdaq Hedged Equity Laddered Overlay ETF,Equity,Plain,Broad Market & Core Indices,United States,Broad Market & Core Indices; Equity; Plain; United States
HFSP,TradersAI Large Cap Equity & Cash ETF,Equity,Plain,Broad Market & Core Indices,United States,Broad Market & Core Indices; Equity; Plain; United States
HNDL,Strategy Shares Nasdaq 7HANDL Index ETF,Equity,Plain,Broad Market & Core Indices,United States,Broad Market & Core Indices; Equity; Plain; United States
IDEV,iShares Core MSCI International Developed Markets ETF,Equity,Plain,Broad Market & Core Indices,Developed ex-US,Broad Market & Core Indices; Developed ex-US; Equity; Plain
IEMG,iShares Core MSCI Emerging Markets ETF,Equity,Plain,Broad Market & Core Indices,Emerging Markets,Broad Market & Core Indices; Emerging Markets; Equity; Plain
IEUR,iShares Core MSCI Europe ETF,Equity,Plain,Broad Market & Core Indices,Europe,Broad Market & Core Indices; Equity; Europe; Plain
IEUS,iShares MSCI Europe Small-Cap ETF,Equity,Plain,Broad Market & Core Indices,Europe; United States,Broad Market & Core Indices; Equity; Europe; Plain; United States
IND,Xtrackers Nifty 500 India ETF,Equity,Plain,Broad Market & Core Indices,India,Broad Market & Core Indices; Equity; India; Plain
INFO,Harbor PanAgora Dynamic Large Cap Core ETF,Equity,Plain,Broad Market & Core Indices,United States,Broad Market & Core Indices; Equity; Plain; United States
INVN,Alger Russell Innovation ETF,Equity,Plain,Broad Market & Core Indices,United States,Broad Market & Core Indices; Equity; Plain; United States
IPAC,iShares Core MSCI Pacific ETF,Equity,Plain,Broad Market & Core Indices,United States,Broad Market & Core Indices; Equity; Plain; United States
IQSM,NYLI Candriam U.S. Mid Cap Equity ETF,Equity,Plain,Broad Market & Core Indices,United States,Broad Market & Core Indices; Equity; Plain; United States
IQSU,NYLI Candriam U.S. Large Cap Equity ETF,Equity,Plain,Broad Market & Core Indices,United States,Broad Market & Core Indices; Equity; Plain; United States
ISMD,Inspire Small/Mid Cap ETF,Equity,Plain,Broad Market & Core Indices,United States,Broad Market & Core Indices; Equity; Plain; United States
IVV,iShares Core S&P 500 ETF,Equity,Plain,Broad Market & Core Indices,United States,Broad Market & Core Indices; Equity; Plain; United States
IWB,iShares Russell 1000 ETF,Equity,Plain,Broad Market & Core Indices,United States,Broad Market & Core Indices; Equity; Plain; United States
IWL,iShares Russell Top 200 ETF,Equity,Plain,Broad Market & Core Indices,United States,Broad Market & Core Indices; Equity; Plain; United States
IWM,iShares Russell 2000 Index Fund,Equity,Plain,Broad Market & Core Indices,United States,Broad Market & Core Indices; Equity; Plain; United States
IWR,iShares Russell Mid-Cap ETF,Equity,Plain,Broad Market & Core Indices,United States,Broad Market & Core Indices; Equity; Plain; United States
IWV,iShares Russell 3000 Fund,Equity,Plain,Broad Market & Core Indices,United States,Broad Market & Core Indices; Equity; Plain; United States
IXUS,iShares Core MSCI Total International Stock ETF,Equity,Plain,Broad Market & Core Indices,United States,Broad Market & Core Indices; Equity; Plain; United States
IYY,iShares Dow Jones U.S. ETF,Equity,Plain,Broad Market & Core Indices,United States,Broad Market & Core Indices; Equity; Plain; United States
JHML,John Hancock Multifactor Large Cap ETF,Equity,Plain,Broad Market & Core Indices,United States,Broad Market & Core Indices; Equity; Plain; United States
JHMM,John Hancock Multifactor Mid Cap ETF,Equity,Plain,Broad Market & Core Indices,United States,Broad Market & Core Indices; Equity; Plain; United States
JHSC,John Hancock Multifactor Small Cap ETF,Equity,Plain,Broad Market & Core Indices,United States,Broad Market & Core Indices; Equity; Plain; United States
JMEE,JPMorgan Small & Mid Cap Enhanced Equity ETF,Equity,Plain,Broad Market & Core Indices,United States,Broad Market & Core Indices; Equity; Plain; United States
JPME,JPMorgan Diversified Return U.S. Mid Cap Equity ETF,Equity,Plain,Broad Market & Core Indices,United States,Broad Market & Core Indices; Equity; Plain; United States
JPSE,JPMorgan Diversified Return U.S. Small Cap Equity ETF,Equity,Plain,Broad Market & Core Indices,United States,Broad Market & Core Indices; Equity; Plain; United States
JUSA,JPMorgan U.S. Research Enhanced Large Cap ETF,Equity,Plain,Broad Market & Core Indices,United States,Broad Market & Core Indices; Equity; Plain; United States
JUST,Goldman Sachs JUST U.S. Large Cap Equity ETF,Equity,Plain,Broad Market & Core Indices,United States,Broad Market & Core Indices; Equity; Plain; United States
KBA,KraneShares Bosera MSCI China A 50 Connect Index ETF,Equity,Plain,Broad Market & Core Indices,China,Broad Market & Core Indices; China; Equity; Plain
KBFR,Innovator U.S. Small Cap Managed 10 Buffer ETF,Equity,Plain,Broad Market & Core Indices,United States,Broad Market & Core Indices; Equity; Plain; United States
KEMX,KraneShares MSCI Emerging Markets ex China Index ETF,Equity,Plain,Broad Market & Core Indices,Emerging Markets; China,Broad Market & Core Indices; China; Emerging Markets; Equity; Plain
KLMN,Invesco MSCI North America Climate ETF,Equity,ESG/Sustainable,Broad Market & Core Indices,United States,Broad Market & Core Indices; ESG/Sustainable; Equity; United States
KLMT,Invesco MSCI Global Climate 500 ETF,Equity,ESG/Sustainable,Broad Market & Core Indices,Global,Broad Market & Core Indices; ESG/Sustainable; Equity; Global
KOKU,Xtrackers MSCI Kokusai Equity ETF,Equity,Plain,Broad Market & Core Indices,United States,Broad Market & Core Indices; Equity; Plain; United States
KSA,iShares MSCI Saudi Arabia ETF,Equity,Plain,Broad Market & Core Indices,United States,Broad Market & Core Indices; Equity; Plain; United States
LDEM,iShares ESG MSCI EM Leaders ETF,Equity,ESG/Sustainable,Broad Market & Core Indices,United States,Broad Market & Core Indices; ESG/Sustainable; Equity; United States
LGDX,Intech S&P Large Cap Diversified Alpha ETF,Equity,Plain,Broad Market & Core Indices,United States,Broad Market & Core Indices; Equity; Plain; United States
LRGC,AB US Large Cap Strategic Equities ETF,Equity,Plain,Broad Market & Core Indices,United States,Broad Market & Core Indices; Equity; Plain; United States
LRND,NYLI U.S. Large Cap R&D Leaders ETF,Equity,Plain,Broad Market & Core Indices,United States,Broad Market & Core Indices; Equity; Plain; United States
MCHI,iShares MSCI China ETF,Equity,Plain,Broad Market & Core Indices,China,Broad Market & Core Indices; China; Equity; Plain
MGMT,Ballast Small/Mid Cap ETF,Equity,Plain,Broad Market & Core Indices,United States,Broad Market & Core Indices; Equity; Plain; United States
MJSC,MUFG Japan Small Cap Active ETF,Equity,Active,Broad Market & Core Indices,Japan,Active; Broad Market & Core Indices; Equity; Japan
MMID,MFS Active Mid Cap ETF,Equity,Active,Broad Market & Core Indices,United States,Active; Broad Market & Core Indices; Equity; United States
MMSC,First Trust Multi-Manager Small Cap Opportunities ETF,Equity,Plain,Broad Market & Core Indices,United States,Broad Market & Core Indices; Equity; Plain; United States
MNZL,Manzil Russell Halal USA Broad Market ETF,Equity,Plain,Broad Market & Core Indices,United States,Broad Market & Core Indices; Equity; Plain; United States
MSLC,Morgan Stanley Pathway Large Cap Equity ETF,Equity,Plain,Broad Market & Core Indices,United States,Broad Market & Core Indices; Equity; Plain; United States
MSSM,Morgan Stanley Pathway Small-Mid Cap Equity ETF,Equity,Plain,Broad Market & Core Indices,United States,Broad Market & Core Indices; Equity; Plain; United States
NBFR,Innovator Nasdaq-100 Managed 10 Buffer ETF,Equity,Plain,Broad Market & Core Indices,United States,Broad Market & Core Indices; Equity; Plain; United States
NBSM,Neuberger Small-Mid Cap ETF,Equity,Plain,Broad Market & Core Indices,United States,Broad Market & Core Indices; Equity; Plain; United States
NFTY,First Trust India Nifty 50 Equal Weight ETF,Equity,Factor,Broad Market & Core Indices,India,Broad Market & Core Indices; Equity; Factor; India
NISM,NYLI International Small-Mid Cap Equity ETF,Equity,Plain,Broad Market & Core Indices,United States,Broad Market & Core Indices; Equity; Plain; United States
NORW,Global X MSCI Norway ETF,Equity,Plain,Broad Market & Core Indices,Global,Broad Market & Core Indices; Equity; Global; Plain
NZAC,State Street SPDR MSCI ACWI Climate Paris Aligned ETF,Equity,ESG/Sustainable,Broad Market & Core Indices,United States,Broad Market & Core Indices; ESG/Sustainable; Equity; United States
OAKG,Oakmark Global Large Cap ETF,Equity,Plain,Broad Market & Core Indices,Global,Broad Market & Core Indices; Equity; Global; Plain
OAKI,Oakmark International Large Cap ETF,Equity,Plain,Broad Market & Core Indices,United States,Broad Market & Core Indices; Equity; Plain; United States
OAKM,Oakmark U.S. Large Cap ETF,Equity,Plain,Broad Market & Core Indices,United States,Broad Market & Core Indices; Equity; Plain; United States
OALC,OneAscent Large Cap Core ETF,Equity,Plain,Broad Market & Core Indices,United States,Broad Market & Core Indices; Equity; Plain; United States
OASC,OneAscent Enhanced Small and Mid Cap ETF,Equity,Plain,Broad Market & Core Indices,United States,Broad Market & Core Indices; Equity; Plain; United States
OBOR,KraneShares MSCI One Belt One Road Index ETF,Equity,Plain,Broad Market & Core Indices,United States,Broad Market & Core Indices; Equity; Plain; United States
ONEQ,Fidelity Nasdaq Composite Index ETF,Equity,Plain,Broad Market & Core Indices,United States,Broad Market & Core Indices; Equity; Plain; United States
ONEY,State Street SPDR Russell 1000 Yield Focus ETF,Equity,Dividend/Income,Broad Market & Core Indices,United States,Broad Market & Core Indices; Dividend/Income; Equity; United States
PABD,iShares Paris-Aligned Climate Optimized MSCI World ex USA ETF,Equity,ESG/Sustainable,Broad Market & Core Indices,Global; United States,Broad Market & Core Indices; ESG/Sustainable; Equity; Global; United States
PABU,iShares Paris-Aligned Climate Optimized MSCI USA ETF,Equity,ESG/Sustainable,Broad Market & Core Indices,United States,Broad Market & Core Indices; ESG/Sustainable; Equity; United States
PALC,Pacer Lunt Large Cap Multi-Factor Alternator ETF,Equity,Plain,Broad Market & Core Indices,United States,Broad Market & Core Indices; Equity; Plain; United States
PATN,Pacer Nasdaq International Patent Leaders ETF,Equity,Plain,Broad Market & Core Indices,United States,Broad Market & Core Indices; Equity; Plain; United States
PBQQ,PGIM Laddered Nasdaq-100 Buffer 12 ETF,Equity,Plain,Broad Market & Core Indices,United States,Broad Market & Core Indices; Equity; Plain; United States
PHDG,Invesco S&P 500 Downside Hedged ETF,Equity,Plain,Broad Market & Core Indices,United States,Broad Market & Core Indices; Equity; Plain; United States
PQAP,PGIM Nasdaq-100 Buffer 12 ETF - April,Equity,Plain,Broad Market & Core Indices,United States,Broad Market & Core Indices; Equity; Plain; United States
PQJA,PGIM Nasdaq-100 Buffer 12 ETF - January,Equity,Plain,Broad Market & Core Indices,United States,Broad Market & Core Indices; Equity; Plain; United States
PQJL,PGIM Nasdaq-100 Buffer 12 ETF - July,Equity,Plain,Broad Market & Core Indices,United States,Broad Market & Core Indices; Equity; Plain; United States
PQOC,PGIM Nasdaq-100 Buffer 12 ETF - October,Equity,Plain,Broad Market & Core Indices,United States,Broad Market & Core Indices; Equity; Plain; United States
QARP,Xtrackers Russell 1000 US Quality at a Reasonable Price ETF ETF,Equity,Factor,Broad Market & Core Indices,United States,Broad Market & Core Indices; Equity; Factor; United States
QAT,iShares MSCI Qatar ETF,Equity,Plain,Broad Market & Core Indices,United States,Broad Market & Core Indices; Equity; Plain; United States
QBUF,Innovator Nasdaq-100 10 Buffer ETF Quarterly,Equity,Plain,Broad Market & Core Indices,United States,Broad Market & Core Indices; Equity; Plain; United States
QCLR,Global X NASDAQ 100 Collar 95-110 ETF,Equity,Plain,Broad Market & Core Indices,Global; United States,Broad Market & Core Indices; Equity; Global; Plain; United States
QEFA,State Street SPDR MSCI EAFE StrategicFactors ETF,Equity,Plain,Broad Market & Core Indices,Developed ex-US,Broad Market & Core Indices; Developed ex-US; Equity; Plain
QEMM,State Street SPDR MSCI Emerging Markets StrategicFactors ETF,Equity,Plain,Broad Market & Core Indices,Emerging Markets,Broad Market & Core Indices; Emerging Markets; Equity; Plain
QFLR,Innovator Nasdaq-100 Managed Floor ETF,Equity,Plain,Broad Market & Core Indices,United States,Broad Market & Core Indices; Equity; Plain; United States
QGRD,Horizon Nasdaq-100 Defined Risk ETF,Equity,Plain,Broad Market & Core Indices,United States,Broad Market & Core Indices; Equity; Plain; United States
QHDG,Innovator Hedged Nasdaq-100 ETF,Equity,Plain,Broad Market & Core Indices,United States,Broad Market & Core Indices; Equity; Plain; United States
QNXT,iShares Nasdaq-100 ex Top 30 ETF,Equity,Plain,Broad Market & Core Indices,United States,Broad Market & Core Indices; Equity; Plain; United States
QOWZ,Invesco Nasdaq Free Cash Flow Achievers ETF,Equity,Plain,Broad Market & Core Indices,United States,Broad Market & Core Indices; Equity; Plain; United States
QQEW,First Trust Nasdaq-100 Select Equal Weight ETF,Equity,Factor,Broad Market & Core Indices,United States,Broad Market & Core Indices; Equity; Factor; United States
QQMG,Invesco ESG NASDAQ 100 ETF,Equity,ESG/Sustainable,Broad Market & Core Indices,United States,Broad Market & Core Indices; ESG/Sustainable; Equity; United States
QQQE,Direxion NASDAQ-100 Equal Weighted Index ETF,Equity,Factor,Broad Market & Core Indices,United States,Broad Market & Core Indices; Equity; Factor; United States
QQQJ,Invesco NASDAQ Next Gen 100 ETF,Equity,Plain,Broad Market & Core Indices,United States,Broad Market & Core Indices; Equity; Plain; United States
QQQM,Invesco NASDAQ 100 ETF,Equity,Plain,Broad Market & Core Indices,United States,Broad Market & Core Indices; Equity; Plain; United States
QQQS,Invesco NASDAQ Future Gen 200 ETF,Equity,Plain,Broad Market & Core Indices,United States,Broad Market & Core Indices; Equity; Plain; United States
QQQY,Defiance Nasdaq 100 Weekly Distribution ETF,Equity,Dividend/Income,Broad Market & Core Indices,United States,Broad Market & Core Indices; Dividend/Income; Equity; United States
QQWZ,Pacer Cash COWZ 100-Nasdaq 100 Rotator ETF,Equity,Plain,Broad Market & Core Indices,United States,Broad Market & Core Indices; Equity; Plain; United States
QQXT,First Trust NASDAQ-100 Ex-Technology Sector Index Fund,Equity,Plain,Broad Market & Core Indices,United States,Broad Market & Core Indices; Equity; Plain; United States
QTEC,First Trust NASDAQ-100-Technology Sector Index Fund,Equity,Plain,Broad Market & Core Indices,United States,Broad Market & Core Indices; Equity; Plain; United States
QTOP,iShares Nasdaq Top 30 Stocks ETF,Equity,Plain,Broad Market & Core Indices,United States,Broad Market & Core Indices; Equity; Plain; United States
QTR,Global X NASDAQ 100 Tail Risk ETF,Equity,Plain,Broad Market & Core Indices,Global; United States,Broad Market & Core Indices; Equity; Global; Plain; United States
QUS,State Street SPDR MSCI USA StrategicFactors ETF,Equity,Plain,Broad Market & Core Indices,United States,Broad Market & Core Indices; Equity; Plain; United States
QVML,Invesco S&P 500 QVM Multi-factor ETF,Equity,Plain,Broad Market & Core Indices,United States,Broad Market & Core Indices; Equity; Plain; United States
QVMT,Invesco S&P 500 Concentrated QVM ETF,Equity,Plain,Broad Market & Core Indices,United States,Broad Market & Core Indices; Equity; Plain; United States
QWLD,State Street SPDR MSCI World StrategicFactors ETF,Equity,Plain,Broad Market & Core Indices,Global,Broad Market & Core Indices; Equity; Global; Plain
QXQ,SGI Enhanced Nasdaq-100 ETF,Equity,Plain,Broad Market & Core Indices,United States,Broad Market & Core Indices; Equity; Plain; United States
REMC,Columbia Research Enhanced Mid Cap ETF,Equity,Plain,Broad Market & Core Indices,United States,Broad Market & Core Indices; Equity; Plain; United States
REMG,Russell Investments Emerging Markets Equity ETF,Equity,Plain,Broad Market & Core Indices,Emerging Markets; United States,Broad Market & Core Indices; Emerging Markets; Equity; Plain; United States
RESM,Columbia Research Enhanced Small Cap ETF,Equity,Plain,Broad Market & Core Indices,United States,Broad Market & Core Indices; Equity; Plain; United States
RFLR,Innovator U.S. Small Cap Managed Floor ETF,Equity,Plain,Broad Market & Core Indices,United States,Broad Market & Core Indices; Equity; Plain; United States
RGLO,Russell Investments Global Equity ETF,Equity,Plain,Broad Market & Core Indices,Global; United States,Broad Market & Core Indices; Equity; Global; Plain; United States
RINT,Russell Investments International Developed Equity ETF,Equity,Plain,Broad Market & Core Indices,Developed ex-US; United States,Broad Market & Core Indices; Developed ex-US; Equity; Plain; United States
RNIN,Bushido Capital US SMID Cap Equity ETF,Equity,Plain,Broad Market & Core Indices,United States,Broad Market & Core Indices; Equity; Plain; United States
ROCQ,JPMorgan Nasdaq Equity Premium Yield ETF,Equity,Dividend/Income,Broad Market & Core Indices,United States,Broad Market & Core Indices; Dividend/Income; Equity; United States
ROSC,Hartford Multifactor Small Cap ETF,Equity,Plain,Broad Market & Core Indices,United States,Broad Market & Core Indices; Equity; Plain; United States
RSMC,Rockefeller U.S. Small-Mid Cap ETF,Equity,Plain,Broad Market & Core Indices,United States,Broad Market & Core Indices; Equity; Plain; United States
RSP,Invesco S&P 500 Equal Weight ETF,Equity,Factor,Broad Market & Core Indices,United States,Broad Market & Core Indices; Equity; Factor; United States
RSPC,Invesco S&P 500 Equal Weight Communication Services ETF,Equity,Factor,Broad Market & Core Indices,United States,Broad Market & Core Indices; Equity; Factor; United States
RSPE,Invesco ESG S&P 500 Equal Weight ETF,Equity,ESG/Sustainable; Factor,Broad Market & Core Indices,United States,Broad Market & Core Indices; ESG/Sustainable; Equity; Factor; United States
RSPF,Invesco S&P 500 Equal Weight Financial ETF,Equity,Factor,Broad Market & Core Indices,United States,Broad Market & Core Indices; Equity; Factor; United States
RSPT,Invesco S&P 500 Equal Weight Technology ETF,Equity,Factor,Broad Market & Core Indices,United States,Broad Market & Core Indices; Equity; Factor; United States
RSSL,Global X Russell 2000 ETF,Equity,Plain,Broad Market & Core Indices,Global; United States,Broad Market & Core Indices; Equity; Global; Plain; United States
RUSC,Russell Investments U.S. Small Cap Equity ETF,Equity,Plain,Broad Market & Core Indices,United States,Broad Market & Core Indices; Equity; Plain; United States
RWL,Invesco S&P 500 Revenue ETF,Equity,Plain,Broad Market & Core Indices,United States,Broad Market & Core Indices; Equity; Plain; United States
RWLC,Rayliant Wilshire NxtGen US Large Cap Equity ETF,Equity,Plain,Broad Market & Core Indices,United States,Broad Market & Core Indices; Equity; Plain; United States
SCHB,Schwab U.S. Broad Market ETF,Equity,Plain,Broad Market & Core Indices,United States,Broad Market & Core Indices; Equity; Plain; United States
SCHM,Schwab U.S. Mid Cap ETF,Equity,Plain,Broad Market & Core Indices,United States,Broad Market & Core Indices; Equity; Plain; United States
SCJ,iShares MSCI Japan Sm Cap,Equity,Plain,Broad Market & Core Indices,Japan,Broad Market & Core Indices; Equity; Japan; Plain
SCZ,iShares MSCI EAFE Small-Cap ETF,Equity,Plain,Broad Market & Core Indices,Developed ex-US,Broad Market & Core Indices; Developed ex-US; Equity; Plain
SDG,iShares MSCI Global Sustainable Development Goals ETF,Equity,ESG/Sustainable,Broad Market & Core Indices,Global,Broad Market & Core Indices; ESG/Sustainable; Equity; Global
SEIS,SEI Select Small Cap ETF,Equity,Plain,Broad Market & Core Indices,United States,Broad Market & Core Indices; Equity; Plain; United States
SFLO,VictoryShares Small Cap Free Cash Flow ETF,Equity,Plain,Broad Market & Core Indices,United States,Broad Market & Core Indices; Equity; Plain; United States
SGLC,SGI U.S. Large Cap Core ETF,Equity,Plain,Broad Market & Core Indices,United States,Broad Market & Core Indices; Equity; Plain; United States
SHE,State Street SPDR MSCI USA Gender Diversity ETF,Equity,Plain,Broad Market & Core Indices,United States,Broad Market & Core Indices; Equity; Plain; United States
SIXS,ETC 6 Meridian Small Cap Equity ETF,Equity,Plain,Broad Market & Core Indices,United States,Broad Market & Core Indices; Equity; Plain; United States
SIZE,iShares MSCI USA Size Factor ETF,Equity,Plain,Broad Market & Core Indices,United States,Broad Market & Core Indices; Equity; Plain; United States
SMCF,Themes US Small Cap Cash Flow Champions ETF,Equity,Plain,Broad Market & Core Indices,United States,Broad Market & Core Indices; Equity; Plain; United States
SMCP,SMART Mid Cap ETF,Equity,Plain,Broad Market & Core Indices,United States,Broad Market & Core Indices; Equity; Plain; United States
SMDX,Intech S&P Small-Mid Cap Diversified Alpha ETF,Equity,Plain,Broad Market & Core Indices,United States,Broad Market & Core Indices; Equity; Plain; United States
SMIZ,Zacks Small/Mid Cap ETF,Equity,Plain,Broad Market & Core Indices,United States,Broad Market & Core Indices; Equity; Plain; United States
SMLL,Harbor Active Small Cap ETF,Equity,Active,Broad Market & Core Indices,United States,Active; Broad Market & Core Indices; Equity; United States
SMOX,Horizon Small/Mid Cap Core Equity ETF,Equity,Plain,Broad Market & Core Indices,United States,Broad Market & Core Indices; Equity; Plain; United States
SNPE,Xtrackers S&P 500 Scored & Screened ETF,Equity,Plain,Broad Market & Core Indices,United States,Broad Market & Core Indices; Equity; Plain; United States
SPGM,State Street SPDR Portfolio MSCI Global Stock Market ETF,Equity,Plain,Broad Market & Core Indices,Global,Broad Market & Core Indices; Equity; Global; Plain
SPGP,Invesco S&P 500 GARP ETF,Equity,Plain,Broad Market & Core Indices,United States,Broad Market & Core Indices; Equity; Plain; United States
SPHB,Invesco S&P 500 High Beta ETF,Equity,Plain,Broad Market & Core Indices,United States,Broad Market & Core Indices; Equity; Plain; United States
SPHQ,Invesco S&P 500 Quality ETF,Equity,Factor,Broad Market & Core Indices,United States,Broad Market & Core Indices; Equity; Factor; United States
SPMD,State Street SPDR Portfolio S&P 400 Mid Cap ETF,Equity,Plain,Broad Market & Core Indices,United States,Broad Market & Core Indices; Equity; Plain; United States
SPSK,SP Funds Dow Jones Global Sukuk ETF,Equity,Plain,Broad Market & Core Indices,Global,Broad Market & Core Indices; Equity; Global; Plain
SPSM,State Street SPDR Portfolio S&P 600 Small Cap ETF,Equity,Plain,Broad Market & Core Indices,United States,Broad Market & Core Indices; Equity; Plain; United States
SPUS,SP Funds S&P 500 Sharia Industry Exclusions ETF,Equity,Plain,Broad Market & Core Indices,United States,Broad Market & Core Indices; Equity; Plain; United States
SPXD,Xtrackers S&P 500 Diversified Sector Weight ETF,Equity,Plain,Broad Market & Core Indices,United States,Broad Market & Core Indices; Equity; Plain; United States
SPY,State Street SPDR S&P 500 ETF Trust,Equity,Plain,Broad Market & Core Indices,United States,Broad Market & Core Indices; Equity; Plain; United States
SPYM,State Street SPDR Portfolio S&P 500 ETF,Equity,Plain,Broad Market & Core Indices,United States,Broad Market & Core Indices; Equity; Plain; United States
SSCP,SMART Small Cap ETF,Equity,Plain,Broad Market & Core Indices,United States,Broad Market & Core Indices; Equity; Plain; United States
SUSA,iShares ESG Optimized MSCI USA ETF,Equity,ESG/Sustainable,Broad Market & Core Indices,United States,Broad Market & Core Indices; ESG/Sustainable; Equity; United States
SUSL,iShares ESG MSCI USA Leaders ETF,Equity,ESG/Sustainable,Broad Market & Core Indices,United States,Broad Market & Core Indices; ESG/Sustainable; Equity; United States
SYZ,Lazard US Systematic Small Cap Equity ETF,Equity,Plain,Broad Market & Core Indices,United States,Broad Market & Core Indices; Equity; Plain; United States
TCHI,iShares MSCI China Multisector Tech ETF,Equity,Plain,Broad Market & Core Indices,China,Broad Market & Core Indices; China; Equity; Plain
THD,iShares MSCI Thailand ETF,Equity,Plain,Broad Market & Core Indices,United States,Broad Market & Core Indices; Equity; Plain; United States
TILC,Thrivent International Large Cap ETF,Equity,Plain,Broad Market & Core Indices,United States,Broad Market & Core Indices; Equity; Plain; United States
TISC,Thrivent International Small Cap ETF,Equity,Plain,Broad Market & Core Indices,United States,Broad Market & Core Indices; Equity; Plain; United States
TMSL,T. Rowe Price Small-Mid Cap ETF,Equity,Plain,Broad Market & Core Indices,United States,Broad Market & Core Indices; Equity; Plain; United States
TOK,iShares MSCI Kokusai ETF,Equity,Plain,Broad Market & Core Indices,United States,Broad Market & Core Indices; Equity; Plain; United States
TOPC,iShares S&P 500 3% Capped ETF,Equity,Plain,Broad Market & Core Indices,United States,Broad Market & Core Indices; Equity; Plain; United States
TPLC,Timothy Plan US Large/Mid Cap Core ETF,Equity,Plain,Broad Market & Core Indices,United States,Broad Market & Core Indices; Equity; Plain; United States
TPSC,Timothy Plan US Small Cap Core ETF,Equity,Plain,Broad Market & Core Indices,United States,Broad Market & Core Indices; Equity; Plain; United States
TSME,Thrivent Small-Mid Cap Equity ETF,Equity,Plain,Broad Market & Core Indices,United States,Broad Market & Core Indices; Equity; Plain; United States
TUR,iShares MSCI Turkey ETF,Equity,Plain,Broad Market & Core Indices,United Kingdom,Broad Market & Core Indices; Equity; Plain; United Kingdom
UAE,iShares MSCI UAE ETF,Equity,Plain,Broad Market & Core Indices,United States,Broad Market & Core Indices; Equity; Plain; United States
UMMA,Wahed Dow Jones Islamic World ETF,Equity,Plain,Broad Market & Core Indices,Global,Broad Market & Core Indices; Equity; Global; Plain
URTH,iShares MSCI World ETF,Equity,Plain,Broad Market & Core Indices,Global,Broad Market & Core Indices; Equity; Global; Plain
USCA,Xtrackers MSCI USA Climate Action Equity ETF,Equity,ESG/Sustainable,Broad Market & Core Indices,United States,Broad Market & Core Indices; ESG/Sustainable; Equity; United States
USCL,iShares Climate Conscious & Transition MSCI USA ETF,Equity,ESG/Sustainable,Broad Market & Core Indices,United States,Broad Market & Core Indices; ESG/Sustainable; Equity; United States
USSG,Xtrackers MSCI USA Selection Equity ETF,Equity,Plain,Broad Market & Core Indices,United States,Broad Market & Core Indices; Equity; Plain; United States
USXF,iShares ESG Advanced MSCI USA ETF,Equity,ESG/Sustainable,Broad Market & Core Indices,United States,Broad Market & Core Indices; ESG/Sustainable; Equity; United States
VEFA,VanEck MSCI EAFE Analyst Sentiment ETF,Equity,Plain,Broad Market & Core Indices,Developed ex-US,Broad Market & Core Indices; Developed ex-US; Equity; Plain
VNAM,Global X MSCI Vietnam ETF,Equity,Plain,Broad Market & Core Indices,Global,Broad Market & Core Indices; Equity; Global; Plain
VONE,Vanguard Russell 1000 ETF,Equity,Plain,Broad Market & Core Indices,United States,Broad Market & Core Indices; Equity; Plain; United States
VOO,Vanguard S&P 500 ETF,Equity,Plain,Broad Market & Core Indices,United States,Broad Market & Core Indices; Equity; Plain; United States
VSLU,Applied Finance Valuation Large Cap ETF,Equity,Plain,Broad Market & Core Indices,United States,Broad Market & Core Indices; Equity; Plain; United States
VTHR,Vanguard Russell 3000 ETF,Equity,Plain,Broad Market & Core Indices,United States,Broad Market & Core Indices; Equity; Plain; United States
VTWO,Vanguard Russell 2000 ETF,Equity,Plain,Broad Market & Core Indices,United States,Broad Market & Core Indices; Equity; Plain; United States
WDTE,Defiance S&P 500 Weekly Distribution ETF,Equity,Dividend/Income,Broad Market & Core Indices,United States,Broad Market & Core Indices; Dividend/Income; Equity; United States
WSML,iShares MSCI World Small-Cap ETF,Equity,Plain,Broad Market & Core Indices,Global,Broad Market & Core Indices; Equity; Global; Plain
XCLR,Global X S&P 500 Collar 95-110 ETF,Equity,Plain,Broad Market & Core Indices,Global; United States,Broad Market & Core Indices; Equity; Global; Plain; United States
XLG,Invesco S&P 500 Top 50 ETF,Equity,Plain,Broad Market & Core Indices,United States,Broad Market & Core Indices; Equity; Plain; United States
XMAG,Defiance Large Cap ex-Mag 7 ETF,Equity,Plain,Broad Market & Core Indices,United States,Broad Market & Core Indices; Equity; Plain; United States
XOEF,iShares S&P 500 ex S&P 100 ETF,Equity,Plain,Broad Market & Core Indices,United States,Broad Market & Core Indices; Equity; Plain; United States
XPAY,Roundhill S&P 500 Target 20 Managed Distribution ETF,Equity,Dividend/Income,Broad Market & Core Indices,United States,Broad Market & Core Indices; Dividend/Income; Equity; United States
XTR,Global X S&P 500 Tail Risk ETF,Equity,Plain,Broad Market & Core Indices,Global; United States,Broad Market & Core Indices; Equity; Global; Plain; United States
XXX,CYBER HORNET S&P 500 and XRP 75/25 Strategy ETF,Equity,Plain,Broad Market & Core Indices,United States,Broad Market & Core Indices; Equity; Plain; United States
DIVG,Invesco S&P 500 High Dividend Growers ETF,Equity,Dividend/Income,Broad Market & Core Indices; Dividend & Income,United States,Broad Market & Core Indices; Dividend & Income; Dividend/Income; Equity; United States
EFAS,Global X MSCI SuperDividend EAFE ETF,Equity,Dividend/Income,Broad Market & Core Indices; Dividend & Income,Developed ex-US; Global,Broad Market & Core Indices; Developed ex-US; Dividend & Income; Dividend/Income; Equity; Global
HDEF,Xtrackers MSCI EAFE High Dividend Yield Equity ETF,Equity,Dividend/Income,Broad Market & Core Indices; Dividend & Income,Developed ex-US,Broad Market & Core Indices; Developed ex-US; Dividend & Income; Dividend/Income; Equity
KNGZ,First Trust S&P 500 Diversified Dividend Aristocrats ETF,Equity,Dividend/Income,Broad Market & Core Indices; Dividend & Income,United States,Broad Market & Core Indices; Dividend & Income; Dividend/Income; Equity; United States
QDIV,Global X S&P 500 Quality Dividend ETF,Equity,Dividend/Income; Factor,Broad Market & Core Indices; Dividend & Income,Global; United States,Broad Market & Core Indices; Dividend & Income; Dividend/Income; Equity; Factor; Global; United States
QDPL,Pacer Metaurus US Large Cap Dividend Multiplier 400 ETF,Equity,Dividend/Income,Broad Market & Core Indices; Dividend & Income,United States,Broad Market & Core Indices; Dividend & Income; Dividend/Income; Equity; United States
QSIX,Pacer Metaurus Nasdaq 100 Dividend Multiplier 600 ETF,Equity,Dividend/Income,Broad Market & Core Indices; Dividend & Income,United States,Broad Market & Core Indices; Dividend & Income; Dividend/Income; Equity; United States
QYLD,Global X NASDAQ 100 Covered Call ETF,Equity,Covered Call,Broad Market & Core Indices; Dividend & Income,Global; United States,Broad Market & Core Indices; Covered Call; Dividend & Income; Equity; Global; United States
RYLD,Global X Russell 2000 Covered Call ETF,Equity,Covered Call,Broad Market & Core Indices; Dividend & Income,Global; United States,Broad Market & Core Indices; Covered Call; Dividend & Income; Equity; Global; United States
SCDV,Bahl & Gaynor Small Cap Dividend ETF,Equity,Dividend/Income,Broad Market & Core Indices; Dividend & Income,United States,Broad Market & Core Indices; Dividend & Income; Dividend/Income; Equity; United States
SDEM,Global X MSCI SuperDividend Emerging Markets ETF,Equity,Dividend/Income,Broad Market & Core Indices; Dividend & Income,Emerging Markets; Global,Broad Market & Core Indices; Dividend & Income; Dividend/Income; Emerging Markets; Equity; Global
SDVY,First Trust SMID Cap Rising Dividend Achievers ETF,Equity,Dividend/Income,Broad Market & Core Indices; Dividend & Income,United States,Broad Market & Core Indices; Dividend & Income; Dividend/Income; Equity; United States
SPYD,State Street SPDR Portfolio S&P 500 High Dividend ETF,Equity,Dividend/Income,Broad Market & Core Indices; Dividend & Income,United States,Broad Market & Core Indices; Dividend & Income; Dividend/Income; Equity; United States
TDIV,First Trust NASDAQ Technology Dividend Index Fund,Equity,Dividend/Income,Broad Market & Core Indices; Dividend & Income,United States,Broad Market & Core Indices; Dividend & Income; Dividend/Income; Equity; United States
XYLD,Global X S&P 500 Covered Call ETF,Equity,Covered Call,Broad Market & Core Indices; Dividend & Income,Global; United States,Broad Market & Core Indices; Covered Call; Dividend & Income; Equity; Global; United States
QYLG,Global X Nasdaq 100 Covered Call & Growth ETF,Equity,Covered Call; Factor,Broad Market & Core Indices; Dividend & Income; Growth & Momentum,Global; United States,Broad Market & Core Indices; Covered Call; Dividend & Income; Equity; Factor; Global; Growth & Momentum; United States
RYLG,Global X Russell 2000 Covered Call & Growth ETF,Equity,Covered Call; Factor,Broad Market & Core Indices; Dividend & Income; Growth & Momentum,Global; United States,Broad Market & Core Indices; Covered Call; Dividend & Income; Equity; Factor; Global; Growth & Momentum; United States
XYLG,Global X S&P 500 Covered Call & Growth ETF,Equity,Covered Call; Factor,Broad Market & Core Indices; Dividend & Income; Growth & Momentum,Global; United States,Broad Market & Core Indices; Covered Call; Dividend & Income; Equity; Factor; Global; Growth & Momentum; United States
SPDV,AAM S&P 500 High Dividend Value ETF,Equity,Dividend/Income; Factor,Broad Market & Core Indices; Dividend & Income; Value & Quality,United States,Broad Market & Core Indices; Dividend & Income; Dividend/Income; Equity; Factor; United States; Value & Quality
SPHD,Invesco S&P 500 High Dividend Low Volatility ETF,Equity,Dividend/Income; Factor,Broad Market & Core Indices; Dividend & Income; Value & Quality,United States,Broad Market & Core Indices; Dividend & Income; Dividend/Income; Equity; Factor; United States; Value & Quality
ACGR,American Century Large Cap Growth ETF,Equity,Factor,Broad Market & Core Indices; Growth & Momentum,United States,Broad Market & Core Indices; Equity; Factor; Growth & Momentum; United States
AQLG,HCM Large Cap Growth ETF,Equity,Factor,Broad Market & Core Indices; Growth & Momentum,United States,Broad Market & Core Indices; Equity; Factor; Growth & Momentum; United States
BGRO,iShares Large Cap Growth Active ETF,Equity,Active; Factor,Broad Market & Core Indices; Growth & Momentum,United States,Active; Broad Market & Core Indices; Equity; Factor; Growth & Momentum; United States
BLGR,Bluemonte Large Cap Growth ETF,Equity,Factor,Broad Market & Core Indices; Growth & Momentum,United States,Broad Market & Core Indices; Equity; Factor; Growth & Momentum; United States
CAFG,Pacer US Small Cap Cash Cows Growth Leaders ETF,Equity,Factor,Broad Market & Core Indices; Growth & Momentum,United States,Broad Market & Core Indices; Equity; Factor; Growth & Momentum; United States
CAML,Congress Large Cap Growth ETF,Equity,Factor,Broad Market & Core Indices; Growth & Momentum,United States,Broad Market & Core Indices; Equity; Factor; Growth & Momentum; United States
CLCG,Crossmark Large Cap Growth ETF,Equity,Factor,Broad Market & Core Indices; Growth & Momentum,United States,Broad Market & Core Indices; Equity; Factor; Growth & Momentum; United States
COWG,Pacer US Large Cap Cash Cows Growth Leaders ETF,Equity,Factor,Broad Market & Core Indices; Growth & Momentum,United States,Broad Market & Core Indices; Equity; Factor; Growth & Momentum; United States
DUSG,U.S. Small Cap Growth Portfolio: ETF Class Shares,Equity,Factor,Broad Market & Core Indices; Growth & Momentum,United States,Broad Market & Core Indices; Equity; Factor; Growth & Momentum; United States
ESLG,Eventide Large Cap Growth ETF,Equity,Factor,Broad Market & Core Indices; Growth & Momentum,United States,Broad Market & Core Indices; Equity; Factor; Growth & Momentum; United States
EZMO,AlphaDroid Broad Markets Momentum ETF,Equity,Factor,Broad Market & Core Indices; Growth & Momentum,United States,Broad Market & Core Indices; Equity; Factor; Growth & Momentum; United States
FELG,Fidelity Enhanced Large Cap Growth ETF,Equity,Factor,Broad Market & Core Indices; Growth & Momentum,United States,Broad Market & Core Indices; Equity; Factor; Growth & Momentum; United States
FEMG,Fidelity Enhanced Mid Cap Growth ETF,Equity,Factor,Broad Market & Core Indices; Growth & Momentum,United States,Broad Market & Core Indices; Equity; Factor; Growth & Momentum; United States
FLCG,Federated Hermes MDT Large Cap Growth ETF,Equity,Factor,Broad Market & Core Indices; Growth & Momentum,United States,Broad Market & Core Indices; Equity; Factor; Growth & Momentum; United States
FNY,First Trust Mid Cap Growth AlphaDEX Fund,Equity,Factor,Broad Market & Core Indices; Growth & Momentum,United States,Broad Market & Core Indices; Equity; Factor; Growth & Momentum; United States
FSEG,Fidelity Enhanced Small Cap Growth ETF,Equity,Factor,Broad Market & Core Indices; Growth & Momentum,United States,Broad Market & Core Indices; Equity; Factor; Growth & Momentum; United States
FTC,First Trust Large Cap Growth AlphaDEX Fund,Equity,Factor,Broad Market & Core Indices; Growth & Momentum,United States,Broad Market & Core Indices; Equity; Factor; Growth & Momentum; United States
FYC,First Trust Small Cap Growth AlphaDEX Fund,Equity,Factor,Broad Market & Core Indices; Growth & Momentum,United States,Broad Market & Core Indices; Equity; Factor; Growth & Momentum; United States
GGUS,Goldman Sachs MarketBeta Russell 1000 Growth Equity ETF,Equity,Factor,Broad Market & Core Indices; Growth & Momentum,United States,Broad Market & Core Indices; Equity; Factor; Growth & Momentum; United States
IMTM,iShares MSCI Intl Momentum Factor ETF,Equity,Factor,Broad Market & Core Indices; Growth & Momentum,United States,Broad Market & Core Indices; Equity; Factor; Growth & Momentum; United States
IVW,iShares S&P 500 Growth ETF,Equity,Factor,Broad Market & Core Indices; Growth & Momentum,United States,Broad Market & Core Indices; Equity; Factor; Growth & Momentum; United States
IWF,iShares Russell 1000 Growth Fund,Equity,Factor,Broad Market & Core Indices; Growth & Momentum,United States,Broad Market & Core Indices; Equity; Factor; Growth & Momentum; United States
IWFG,NYLI Winslow Focused Large Cap Growth ETF,Equity,Factor,Broad Market & Core Indices; Growth & Momentum,United States,Broad Market & Core Indices; Equity; Factor; Growth & Momentum; United States
IWLG,NYLI Winslow Large Cap Growth ETF,Equity,Factor,Broad Market & Core Indices; Growth & Momentum,United States,Broad Market & Core Indices; Equity; Factor; Growth & Momentum; United States
IWO,iShares Russell 2000 Growth Fund,Equity,Factor,Broad Market & Core Indices; Growth & Momentum,United States,Broad Market & Core Indices; Equity; Factor; Growth & Momentum; United States
IWP,iShares Russell Midcap Growth ETF,Equity,Factor,Broad Market & Core Indices; Growth & Momentum,United States,Broad Market & Core Indices; Equity; Factor; Growth & Momentum; United States
IWY,iShares Russell Top 200 Growth ETF,Equity,Factor,Broad Market & Core Indices; Growth & Momentum,United States,Broad Market & Core Indices; Equity; Factor; Growth & Momentum; United States
JMID,Janus Henderson Mid Cap Growth Alpha ETF,Equity,Factor,Broad Market & Core Indices; Growth & Momentum,United States,Broad Market & Core Indices; Equity; Factor; Growth & Momentum; United States
JSMD,Janus Henderson Small/Mid Cap Growth Alpha ETF,Equity,Factor,Broad Market & Core Indices; Growth & Momentum,United States,Broad Market & Core Indices; Equity; Factor; Growth & Momentum; United States
JSML,Janus Henderson Small Cap Growth Alpha ETF,Equity,Factor,Broad Market & Core Indices; Growth & Momentum,United States,Broad Market & Core Indices; Equity; Factor; Growth & Momentum; United States
LGRO,Level Four Large Cap Growth Active ETF,Equity,Active; Factor,Broad Market & Core Indices; Growth & Momentum,United States,Active; Broad Market & Core Indices; Equity; Factor; Growth & Momentum; United States
LRGE,ClearBridge Large Cap Growth Select ETF,Equity,Factor,Broad Market & Core Indices; Growth & Momentum,United States,Broad Market & Core Indices; Equity; Factor; Growth & Momentum; United States
MDYG,State Street SPDR S&P 400 Mid Cap Growth ETF,Equity,Factor,Broad Market & Core Indices; Growth & Momentum,United States,Broad Market & Core Indices; Equity; Factor; Growth & Momentum; United States
MID,American Century Mid Cap Growth Impact ETF,Equity,Factor,Broad Market & Core Indices; Growth & Momentum,United States,Broad Market & Core Indices; Equity; Factor; Growth & Momentum; United States
ONEO,State Street SPDR Russell 1000 Momentum Focus ETF,Equity,Factor,Broad Market & Core Indices; Growth & Momentum,United States,Broad Market & Core Indices; Equity; Factor; Growth & Momentum; United States
PGRO,Putnam Focused Large Cap Growth ETF,Equity,Factor,Broad Market & Core Indices; Growth & Momentum,United States,Broad Market & Core Indices; Equity; Factor; Growth & Momentum; United States
PRXG,Praxis Impact Large Cap Growth ETF,Equity,Factor,Broad Market & Core Indices; Growth & Momentum,United States,Broad Market & Core Indices; Equity; Factor; Growth & Momentum; United States
PWB,Invesco Large Cap Growth ETF,Equity,Factor,Broad Market & Core Indices; Growth & Momentum,United States,Broad Market & Core Indices; Equity; Factor; Growth & Momentum; United States
QQQG,Pacer Nasdaq 100 Top 50 Cash Cows Growth Leaders ETF,Equity,Factor,Broad Market & Core Indices; Growth & Momentum,United States,Broad Market & Core Indices; Equity; Factor; Growth & Momentum; United States
REGS,Columbia Large Cap Growth ETF,Equity,Factor,Broad Market & Core Indices; Growth & Momentum,United States,Broad Market & Core Indices; Equity; Factor; Growth & Momentum; United States
RPG,Invesco S&P 500 Pure Growth ETF,Equity,Factor,Broad Market & Core Indices; Growth & Momentum,United States,Broad Market & Core Indices; Equity; Factor; Growth & Momentum; United States
SAWG,AAM Sawgrass US Large Cap Quality Growth ETF,Equity,Factor,Broad Market & Core Indices; Growth & Momentum,United States,Broad Market & Core Indices; Equity; Factor; Growth & Momentum; United States
SAWS,AAM Sawgrass US Small Cap Quality Growth ETF,Equity,Factor,Broad Market & Core Indices; Growth & Momentum,United States,Broad Market & Core Indices; Equity; Factor; Growth & Momentum; United States
SGRW,Harbor Active Small Cap Growth ETF,Equity,Active; Factor,Broad Market & Core Indices; Growth & Momentum,United States,Active; Broad Market & Core Indices; Equity; Factor; Growth & Momentum; United States
SLYG,State Street SPDR S&P 600 Small Cap Growth ETF,Equity,Factor,Broad Market & Core Indices; Growth & Momentum,United States,Broad Market & Core Indices; Equity; Factor; Growth & Momentum; United States
SPMO,Invesco S&P 500 Momentum ETF,Equity,Factor,Broad Market & Core Indices; Growth & Momentum,United States,Broad Market & Core Indices; Equity; Factor; Growth & Momentum; United States
SPYG,State Street SPDR Portfolio S&P 500 Growth ETF,Equity,Factor,Broad Market & Core Indices; Growth & Momentum,United States,Broad Market & Core Indices; Equity; Factor; Growth & Momentum; United States
TSCM,TimesSquare Quality Mid Cap Growth ETF,Equity,Factor,Broad Market & Core Indices; Growth & Momentum,United States,Broad Market & Core Indices; Equity; Factor; Growth & Momentum; United States
VONG,Vanguard Russell 1000 Growth ETF,Equity,Factor,Broad Market & Core Indices; Growth & Momentum,United States,Broad Market & Core Indices; Equity; Factor; Growth & Momentum; United States
VOOG,Vanguard S&P 500 Growth ETF,Equity,Factor,Broad Market & Core Indices; Growth & Momentum,United States,Broad Market & Core Indices; Equity; Factor; Growth & Momentum; United States
VTWG,Vanguard Russell 2000 Growth ETF,Equity,Factor,Broad Market & Core Indices; Growth & Momentum,United States,Broad Market & Core Indices; Equity; Factor; Growth & Momentum; United States
SPVM,Invesco S&P 500 Value with Momentum ETF,Equity,Factor,Broad Market & Core Indices; Growth & Momentum; Value & Quality,United States,Broad Market & Core Indices; Equity; Factor; Growth & Momentum; United States; Value & Quality
USVM,VictoryShares US Small Mid Cap Value Momentum ETF,Equity,Factor,Broad Market & Core Indices; Growth & Momentum; Value & Quality,United States,Broad Market & Core Indices; Equity; Factor; Growth & Momentum; United States; Value & Quality
AVDV,Avantis International Small Cap Value ETF,Equity,Factor,Broad Market & Core Indices; Value & Quality,United States,Broad Market & Core Indices; Equity; Factor; United States; Value & Quality
AVIV,Avantis International Large Cap Value ETF,Equity,Factor,Broad Market & Core Indices; Value & Quality,United States,Broad Market & Core Indices; Equity; Factor; United States; Value & Quality
AVLV,Avantis U.S. Large Cap Value ETF,Equity,Factor,Broad Market & Core Indices; Value & Quality,United States,Broad Market & Core Indices; Equity; Factor; United States; Value & Quality
AVMV,Avantis U.S. Mid Cap Value ETF,Equity,Factor,Broad Market & Core Indices; Value & Quality,United States,Broad Market & Core Indices; Equity; Factor; United States; Value & Quality
AVUV,Avantis U.S. Small Cap Value ETF,Equity,Factor,Broad Market & Core Indices; Value & Quality,United States,Broad Market & Core Indices; Equity; Factor; United States; Value & Quality
BLCV,iShares Large Cap Value Active ETF,Equity,Active; Factor,Broad Market & Core Indices; Value & Quality,United States,Active; Broad Market & Core Indices; Equity; Factor; United States; Value & Quality
BVAL,Bluemonte Large Cap Value ETF,Equity,Factor,Broad Market & Core Indices; Value & Quality,United States,Broad Market & Core Indices; Equity; Factor; United States; Value & Quality
CATH,Global X S&P 500 Catholic Values ETF,Equity,Factor,Broad Market & Core Indices; Value & Quality,Global; United States,Broad Market & Core Indices; Equity; Factor; Global; United States; Value & Quality
CHRI,Global X S&P 500 Christian Values ETF,Equity,Factor,Broad Market & Core Indices; Value & Quality,Global; United States,Broad Market & Core Indices; Equity; Factor; Global; United States; Value & Quality
CLCV,Crossmark Large Cap Value ETF,Equity,Factor,Broad Market & Core Indices; Value & Quality,United States,Broad Market & Core Indices; Equity; Factor; United States; Value & Quality
DFLV,Dimensional US Large Cap Value ETF,Equity,Factor,Broad Market & Core Indices; Value & Quality,United States,Broad Market & Core Indices; Equity; Factor; United States; Value & Quality
DFSV,Dimensional US Small Cap Value ETF,Equity,Factor,Broad Market & Core Indices; Value & Quality,United States,Broad Market & Core Indices; Equity; Factor; United States; Value & Quality
DVAL,BrandywineGLOBAL-Dynamic US Large Cap Value ETF,Equity,Factor,Broad Market & Core Indices; Value & Quality,Global; United States,Broad Market & Core Indices; Equity; Factor; Global; United States; Value & Quality
EPMV,Harbor Mid Cap Value ETF,Equity,Factor,Broad Market & Core Indices; Value & Quality,United States,Broad Market & Core Indices; Equity; Factor; United States; Value & Quality
EPSV,Harbor SMID Cap Value ETF,Equity,Factor,Broad Market & Core Indices; Value & Quality,United States,Broad Market & Core Indices; Equity; Factor; United States; Value & Quality
ESLV,Eventide Large Cap Value ETF,Equity,Factor,Broad Market & Core Indices; Value & Quality,United States,Broad Market & Core Indices; Equity; Factor; United States; Value & Quality
EWJV,iShares MSCI Japan Value ETF,Equity,Factor,Broad Market & Core Indices; Value & Quality,Japan,Broad Market & Core Indices; Equity; Factor; Japan; Value & Quality
FELV,Fidelity Enhanced Large Cap Value ETF,Equity,Factor,Broad Market & Core Indices; Value & Quality,United States,Broad Market & Core Indices; Equity; Factor; United States; Value & Quality
FEMV,Fidelity Enhanced Mid Cap Value ETF,Equity,Factor,Broad Market & Core Indices; Value & Quality,United States,Broad Market & Core Indices; Equity; Factor; United States; Value & Quality
FLCV,Federated Hermes MDT Large Cap Value ETF,Equity,Factor,Broad Market & Core Indices; Value & Quality,United States,Broad Market & Core Indices; Equity; Factor; United States; Value & Quality
FLV,American Century Focused Large Cap Value ETF,Equity,Factor,Broad Market & Core Indices; Value & Quality,United States,Broad Market & Core Indices; Equity; Factor; United States; Value & Quality
FNK,First Trust Mid Cap Value AlphaDEX Fund,Equity,Factor,Broad Market & Core Indices; Value & Quality,United States,Broad Market & Core Indices; Equity; Factor; United States; Value & Quality
FSEV,Fidelity Enhanced Small Cap Value ETF,Equity,Factor,Broad Market & Core Indices; Value & Quality,United States,Broad Market & Core Indices; Equity; Factor; United States; Value & Quality
FTA,First Trust Large Cap Value AlphaDEX Fund,Equity,Factor,Broad Market & Core Indices; Value & Quality,United States,Broad Market & Core Indices; Equity; Factor; United States; Value & Quality
FYT,First Trust Small Cap Value AlphaDEX Fund,Equity,Factor,Broad Market & Core Indices; Value & Quality,United States,Broad Market & Core Indices; Equity; Factor; United States; Value & Quality
GVUS,Goldman Sachs MarketBeta Russell 1000 Value Equity ETF,Equity,Factor,Broad Market & Core Indices; Value & Quality,United States,Broad Market & Core Indices; Equity; Factor; United States; Value & Quality
HWSM,Hotchkis & Wiley SMID Cap Diversified Value Fund,Equity,Factor,Broad Market & Core Indices; Value & Quality,United States,Broad Market & Core Indices; Equity; Factor; United States; Value & Quality
IQLT,iShares MSCI Intl Quality Factor ETF,Equity,Factor,Broad Market & Core Indices; Value & Quality,United States,Broad Market & Core Indices; Equity; Factor; United States; Value & Quality
IVE,iShares S&P 500 Value ETF,Equity,Factor,Broad Market & Core Indices; Value & Quality,United States,Broad Market & Core Indices; Equity; Factor; United States; Value & Quality
IVLU,iShares MSCI Intl Value Factor ETF,Equity,Factor,Broad Market & Core Indices; Value & Quality,United States,Broad Market & Core Indices; Equity; Factor; United States; Value & Quality
IWD,iShares Russell 1000 Value ETF,Equity,Factor,Broad Market & Core Indices; Value & Quality,United States,Broad Market & Core Indices; Equity; Factor; United States; Value & Quality
IWN,iShares Russell 2000 Value ETF,Equity,Factor,Broad Market & Core Indices; Value & Quality,United States,Broad Market & Core Indices; Equity; Factor; United States; Value & Quality
IWS,iShares Russell Mid-Cap Value ETF,Equity,Factor,Broad Market & Core Indices; Value & Quality,United States,Broad Market & Core Indices; Equity; Factor; United States; Value & Quality
IWX,iShares Russell Top 200 Value ETF,Equity,Factor,Broad Market & Core Indices; Value & Quality,United States,Broad Market & Core Indices; Equity; Factor; United States; Value & Quality
JPSV,JPMorgan Active Small Cap Value ETF,Equity,Active; Factor,Broad Market & Core Indices; Value & Quality,United States,Active; Broad Market & Core Indices; Equity; Factor; United States; Value & Quality
LGLV,State Street SPDR US Large Cap Low Volatility Index ETF,Equity,Factor,Broad Market & Core Indices; Value & Quality,United States,Broad Market & Core Indices; Equity; Factor; United States; Value & Quality
MDYV,State Street SPDR S&P 400 Mid Cap Value ETF,Equity,Factor,Broad Market & Core Indices; Value & Quality,United States,Broad Market & Core Indices; Equity; Factor; United States; Value & Quality
ONEV,State Street SPDR Russell 1000 Low Volatility Focus ETF,Equity,Factor,Broad Market & Core Indices; Value & Quality,United States,Broad Market & Core Indices; Equity; Factor; United States; Value & Quality
PRXV,Praxis Impact Large Cap Value ETF,Equity,Factor,Broad Market & Core Indices; Value & Quality,United States,Broad Market & Core Indices; Equity; Factor; United States; Value & Quality
PVAL,Putnam Focused Large Cap Value ETF,Equity,Factor,Broad Market & Core Indices; Value & Quality,United States,Broad Market & Core Indices; Equity; Factor; United States; Value & Quality
PWV,Invesco Large Cap Value ETF,Equity,Factor,Broad Market & Core Indices; Value & Quality,United States,Broad Market & Core Indices; Equity; Factor; United States; Value & Quality
PZLV,Pzena U.S. Large Cap Value ETF,Equity,Factor,Broad Market & Core Indices; Value & Quality,United States,Broad Market & Core Indices; Equity; Factor; United States; Value & Quality
RPV,Invesco S&P 500 Pure Value ETF,Equity,Factor,Broad Market & Core Indices; Value & Quality,United States,Broad Market & Core Indices; Equity; Factor; United States; Value & Quality
SLYV,State Street SPDR S&P 600 Small Cap Value ETF,Equity,Factor,Broad Market & Core Indices; Value & Quality,United States,Broad Market & Core Indices; Equity; Factor; United States; Value & Quality
SMLV,State Street SPDR US Small Cap Low Volatility Index ETF,Equity,Factor,Broad Market & Core Indices; Value & Quality,United States,Broad Market & Core Indices; Equity; Factor; United States; Value & Quality
SPLV,Invesco S&P 500 Low Volatility ETF,Equity,Factor,Broad Market & Core Indices; Value & Quality,United States,Broad Market & Core Indices; Equity; Factor; United States; Value & Quality
SPYV,State Street SPDR Portfolio S&P 500 Value ETF,Equity,Factor,Broad Market & Core Indices; Value & Quality,United States,Broad Market & Core Indices; Equity; Factor; United States; Value & Quality
TMVE,Thrivent Mid Cap Value ETF,Equity,Factor,Broad Market & Core Indices; Value & Quality,United States,Broad Market & Core Indices; Equity; Factor; United States; Value & Quality
TSCV,Thrivent Small Cap Value ETF,Equity,Factor,Broad Market & Core Indices; Value & Quality,United States,Broad Market & Core Indices; Equity; Factor; United States; Value & Quality
VLLU,Harbor AlphaEdge Large Cap Value ETF,Equity,Factor,Broad Market & Core Indices; Value & Quality,United States,Broad Market & Core Indices; Equity; Factor; United States; Value & Quality
VONV,Vanguard Russell 1000 Value ETF,Equity,Factor,Broad Market & Core Indices; Value & Quality,United States,Broad Market & Core Indices; Equity; Factor; United States; Value & Quality
VOOV,Vanguard S&P 500 Value ETF,Equity,Factor,Broad Market & Core Indices; Value & Quality,United States,Broad Market & Core Indices; Equity; Factor; United States; Value & Quality
VTWV,Vanguard Russell 2000 Value ETF,Equity,Factor,Broad Market & Core Indices; Value & Quality,United States,Broad Market & Core Indices; Equity; Factor; United States; Value & Quality
IQSZ,Invesco Global Equity Net Zero ETF,Equity,Plain,Carbon & Climate,Global,Carbon & Climate; Equity; Global; Plain
USNZ,Xtrackers Net Zero Pathway Paris Aligned US Equity ETF,Equity,Plain,Carbon & Climate,United States,Carbon & Climate; Equity; Plain; United States
HYDR,Global X Hydrogen ETF,Equity,Plain,Clean Energy,Global,Clean Energy; Equity; Global; Plain
TAN,Invesco Solar ETF,Equity,Plain,Clean Energy,United States,Clean Energy; Equity; Plain; United States
KGRN,KraneShares MSCI China Clean Technology Index ETF,Equity,Plain,Clean Energy; Broad Market & Core Indices,China,Broad Market & Core Indices; China; Clean Energy; Equity; Plain
CLOD,Themes Cloud Computing ETF,Equity,Plain,Cloud Computing,United States,Cloud Computing; Equity; Plain; United States
CLOU,Global X Cloud Computing ETF,Equity,Plain,Cloud Computing,Global,Cloud Computing; Equity; Global; Plain
SKYY,First Trust Cloud Computing ETF,Equity,Plain,Cloud Computing,United States,Cloud Computing; Equity; Plain; United States
WCLD,WisdomTree Cloud Computing Fund,Equity,Plain,Cloud Computing,United States,Cloud Computing; Equity; Plain; United States
DVXY,WEBs Consumer Discretionary XLY Defined Volatility ETF,Equity,Plain,Consumer Discretionary,United States,Consumer Discretionary; Equity; Plain; United States
IYC,iShares U.S. Consumer Discretionary ETF,Equity,Plain,Consumer Discretionary,United States,Consumer Discretionary; Equity; Plain; United States
PSCD,Invesco S&P SmallCap Consumer Discretionary ETF,Equity,Plain,Consumer Discretionary,United States,Consumer Discretionary; Equity; Plain; United States
RXI,iShares Global Consumer Discretionary ETF,Equity,Plain,Consumer Discretionary,Global,Consumer Discretionary; Equity; Global; Plain
TRUD,VanEck Consumer Discretionary TruSector ETF,Equity,Plain,Consumer Discretionary,United States,Consumer Discretionary; Equity; Plain; United States
XLY,State Street Consumer Discretionary Select Sector SPDR ETF,Equity,Plain,Consumer Discretionary,United States,Consumer Discretionary; Equity; Plain; United States
CHIQ,Global X MSCI China Consumer Discretionary ETF,Equity,Plain,Consumer Discretionary; Broad Market & Core Indices,Global; China,Broad Market & Core Indices; China; Consumer Discretionary; Equity; Global; Plain
FDIS,Fidelity MSCI Consumer Discretionary Index ETF,Equity,Plain,Consumer Discretionary; Broad Market & Core Indices,United States,Broad Market & Core Indices; Consumer Discretionary; Equity; Plain; United States
GXPD,Global X PureCap MSCI Consumer Discretionary ETF,Equity,Plain,Consumer Discretionary; Broad Market & Core Indices,Global,Broad Market & Core Indices; Consumer Discretionary; Equity; Global; Plain
RSPD,Invesco S&P 500 Equal Weight Consumer Discretionary ETF,Equity,Factor,Consumer Discretionary; Broad Market & Core Indices,United States,Broad Market & Core Indices; Consumer Discretionary; Equity; Factor; United States
DVXP,WEBs Consumer Staples XLP Defined Volatility ETF,Equity,Plain,Consumer Staples,United States,Consumer Staples; Equity; Plain; United States
IYK,iShares U.S. Consumer Staples ETF,Equity,Plain,Consumer Staples,United States,Consumer Staples; Equity; Plain; United States
KROP,Global X AgTech & Food Innovation ETF,Equity,Plain,Consumer Staples,Global,Consumer Staples; Equity; Global; Plain
KXI,iShares Global Consumer Staples ETF,Equity,Plain,Consumer Staples,Global,Consumer Staples; Equity; Global; Plain
PBJ,Invesco Food & Beverage ETF,Equity,Plain,Consumer Staples,United States,Consumer Staples; Equity; Plain; United States
PSCC,Invesco S&P SmallCap Consumer Staples ETF,Equity,Plain,Consumer Staples,United States,Consumer Staples; Equity; Plain; United States
TRUO,VanEck Consumer Staples TruSector ETF,Equity,Plain,Consumer Staples,United States,Consumer Staples; Equity; Plain; United States
VDC,Vanguard Consumer Staples ETF,Equity,Plain,Consumer Staples,United States,Consumer Staples; Equity; Plain; United States
XLP,State Street Consumer Staples Select Sector SPDR ETF,Equity,Plain,Consumer Staples,United States,Consumer Staples; Equity; Plain; United States
FSTA,Fidelity MSCI Consumer Staples Index ETF,Equity,Plain,Consumer Staples; Broad Market & Core Indices,United States,Broad Market & Core Indices; Consumer Staples; Equity; Plain; United States
FTXG,First Trust Nasdaq Food & Beverage ETF,Equity,Plain,Consumer Staples; Broad Market & Core Indices,United States,Broad Market & Core Indices; Consumer Staples; Equity; Plain; United States
GXPS,Global X PureCap MSCI Consumer Staples ETF,Equity,Plain,Consumer Staples; Broad Market & Core Indices,Global,Broad Market & Core Indices; Consumer Staples; Equity; Global; Plain
RSPS,Invesco S&P 500 Equal Weight Consumer Staples ETF,Equity,Factor,Consumer Staples; Broad Market & Core Indices,United States,Broad Market & Core Indices; Consumer Staples; Equity; Factor; United States
PSL,Invesco Dorsey Wright Consumer Staples Momentum ETF,Equity,Factor,Consumer Staples; Growth & Momentum,United States,Consumer Staples; Equity; Factor; Growth & Momentum; United States
BUG,Global X Cybersecurity ETF,Equity,Plain,Cybersecurity,Global,Cybersecurity; Equity; Global; Plain
HACK,Amplify Cybersecurity ETF,Equity,Plain,Cybersecurity,United States,Cybersecurity; Equity; Plain; United States
IHAK,iShares Cybersecurity and Tech ETF,Equity,Plain,Cybersecurity,United States,Cybersecurity; Equity; Plain; United States
PSWD,Xtrackers Cybersecurity Select Equity ETF,Equity,Plain,Cybersecurity,United States,Cybersecurity; Equity; Plain; United States
SPAM,Themes Cybersecurity ETF,Equity,Plain,Cybersecurity,United States,Cybersecurity; Equity; Plain; United States
WCBR,WisdomTree Cybersecurity Fund,Equity,Plain,Cybersecurity,United States,Cybersecurity; Equity; Plain; United States
CIBR,First Trust NASDAQ Cybersecurity ETF,Equity,Plain,Cybersecurity; Broad Market & Core Indices,United States,Broad Market & Core Indices; Cybersecurity; Equity; Plain; United States
HAKY,Amplify HACK Cybersecurity Covered Call ETF,Equity,Covered Call,Cybersecurity; Dividend & Income,United States,Covered Call; Cybersecurity; Dividend & Income; Equity; United States
DTCR,Global X Data Center & Digital Infrastructure ETF,Equity,Plain,Datacenter & Hyperscaler; Digital Infrastructure; Infrastructure,Global,Datacenter & Hyperscaler; Digital Infrastructure; Equity; Global; Infrastructure; Plain
ARMY,Tema International Defense ETF,Equity,Plain,Defense & Military,United States,Defense & Military; Equity; Plain; United States
DUTY,U.S. Defense ETF,Equity,Plain,Defense & Military,United States,Defense & Military; Equity; Plain; United States
KDEF,PLUS Korea Defense Industry Index ETF,Equity,Plain,Defense & Military,South Korea; United States,Defense & Military; Equity; Plain; South Korea; United States
NATO,Themes Transatlantic Defense ETF,Equity,Plain,Defense & Military,United States,Defense & Military; Equity; Plain; United States
NSI,National Security Emerging Markets Index ETF,Equity,Plain,Defense & Military,Emerging Markets,Defense & Military; Emerging Markets; Equity; Plain
SHLD,Global X Defense Tech ETF,Equity,Plain,Defense & Military,Global,Defense & Military; Equity; Global; Plain
WDAF,WisdomTree Asia Defense Fund,Equity,Plain,Defense & Military,Asia Pacific,Asia Pacific; Defense & Military; Equity; Plain
WDEF,WisdomTree Europe Defense Fund,Equity,Plain,Defense & Military,Europe,Defense & Military; Equity; Europe; Plain
WDGF,WisdomTree Global Defense Fund,Equity,Plain,Defense & Military,Global,Defense & Military; Equity; Global; Plain
XDEF,Xtrackers Europe Defense Technologies ETF,Equity,Plain,Defense & Military,Europe,Defense & Military; Equity; Europe; Plain
XTL,State Street SPDR S&P Telecom ETF,Equity,Plain,Digital Infrastructure,United States,Digital Infrastructure; Equity; Plain; United States
ADIV,Guinness Atkinson Asia Pacific Dividend Builder ETF,Equity,Dividend/Income,Dividend & Income,Asia Pacific,Asia Pacific; Dividend & Income; Dividend/Income; Equity
ADVE,Matthews Asia Dividend Active ETF,Equity,Dividend/Income; Active,Dividend & Income,Asia Pacific,Active; Asia Pacific; Dividend & Income; Dividend/Income; Equity
AGEM,abrdn Emerging Markets Dividend Active ETF,Equity,Dividend/Income; Active,Dividend & Income,Emerging Markets,Active; Dividend & Income; Dividend/Income; Emerging Markets; Equity
BGDV,Bahl & Gaynor Dividend ETF,Equity,Dividend/Income,Dividend & Income,United States,Dividend & Income; Dividend/Income; Equity; United States
BIDD,iShares International Dividend Active ETF,Equity,Dividend/Income; Active,Dividend & Income,United States,Active; Dividend & Income; Dividend/Income; Equity; United States
CGDG,Capital Group Dividend Growers ETF,Equity,Dividend/Income,Dividend & Income,United States,Dividend & Income; Dividend/Income; Equity; United States
COWS,Amplify Cash Flow Dividend Leaders ETF,Equity,Dividend/Income,Dividend & Income,United States,Dividend & Income; Dividend/Income; Equity; United States
CVGD,CresAlta Global Dividend ETF,Equity,Dividend/Income,Dividend & Income,Global,Dividend & Income; Dividend/Income; Equity; Global
CVRD,Madison Covered Call ETF,Equity,Covered Call,Dividend & Income,United States,Covered Call; Dividend & Income; Equity; United States
DEM,WisdomTree Emerging Markets High Dividend Fund,Equity,Dividend/Income,Dividend & Income,Emerging Markets,Dividend & Income; Dividend/Income; Emerging Markets; Equity
DES,WisdomTree U.S. SmallCap Dividend Fund,Equity,Dividend/Income,Dividend & Income,United States,Dividend & Income; Dividend/Income; Equity; United States
DEW,WisdomTree Global High Dividend Fund,Equity,Dividend/Income,Dividend & Income,Global,Dividend & Income; Dividend/Income; Equity; Global
DFE,WisdomTree Europe SmallCap Dividend Fund,Equity,Dividend/Income,Dividend & Income,Europe,Dividend & Income; Dividend/Income; Equity; Europe
DHS,WisdomTree U.S. High Dividend Fund,Equity,Dividend/Income,Dividend & Income,United States,Dividend & Income; Dividend/Income; Equity; United States
DIEM,Franklin Emerging Market Core Dividend Tilt Index ETF,Equity,Dividend/Income,Dividend & Income,Emerging Markets,Dividend & Income; Dividend/Income; Emerging Markets; Equity
DIM,WisdomTree International MidCap Dividend Fund,Equity,Dividend/Income,Dividend & Income,United States,Dividend & Income; Dividend/Income; Equity; United States
DIV,Global X Super Dividend ETF,Equity,Dividend/Income,Dividend & Income,Global,Dividend & Income; Dividend/Income; Equity; Global
DIVD,Altrius Global Dividend ETF,Equity,Dividend/Income,Dividend & Income,Global; United States,Dividend & Income; Dividend/Income; Equity; Global; United States
DIVE,Dana Concentrated Dividend ETF,Equity,Dividend/Income,Dividend & Income,United States,Dividend & Income; Dividend/Income; Equity; United States
DIVI,Franklin International Core Dividend Tilt Index ETF,Equity,Dividend/Income,Dividend & Income,United States,Dividend & Income; Dividend/Income; Equity; United States
DIVS,Guinness Atkinson Dividend Builder ETF,Equity,Dividend/Income,Dividend & Income,United States,Dividend & Income; Dividend/Income; Equity; United States
DJIA,Global X Dow 30 Covered Call ETF,Equity,Covered Call,Dividend & Income,Global,Covered Call; Dividend & Income; Equity; Global
DLN,WisdomTree U.S. LargeCap Dividend Fund,Equity,Dividend/Income,Dividend & Income,United States,Dividend & Income; Dividend/Income; Equity; United States
DON,WisdomTree U.S. MidCap Dividend Fund,Equity,Dividend/Income,Dividend & Income,United States,Dividend & Income; Dividend/Income; Equity; United States
DTD,WisdomTree U.S. Total Dividend Fund,Equity,Dividend/Income,Dividend & Income,United States,Dividend & Income; Dividend/Income; Equity; United States
DTH,WisdomTree International High Dividend Fund,Equity,Dividend/Income,Dividend & Income,United States,Dividend & Income; Dividend/Income; Equity; United States
DVDN,Kingsbarn Dividend Opportunity ETF,Equity,Dividend/Income,Dividend & Income,United States,Dividend & Income; Dividend/Income; Equity; United States
DVND,Touchstone Dividend Select ETF,Equity,Dividend/Income,Dividend & Income,United States,Dividend & Income; Dividend/Income; Equity; United States
DVY,iShares Select Dividend ETF,Equity,Dividend/Income,Dividend & Income,United States,Dividend & Income; Dividend/Income; Equity; United States
DVYA,iShares Asia / Pacific Dividend 30 Index Fund Exchange Traded Fund,Equity,Dividend/Income,Dividend & Income,Asia Pacific,Asia Pacific; Dividend & Income; Dividend/Income; Equity
DVYE,iShares Emerging Markets Dividend Index Fund Exchange Traded Fund,Equity,Dividend/Income,Dividend & Income,Emerging Markets,Dividend & Income; Dividend/Income; Emerging Markets; Equity
DWX,State Street SPDR S&P International Dividend ETF,Equity,Dividend/Income,Dividend & Income,United States,Dividend & Income; Dividend/Income; Equity; United States
EDIV,State Street SPDR S&P Emerging Markets Dividend ETF,Equity,Dividend/Income,Dividend & Income,Emerging Markets,Dividend & Income; Dividend/Income; Emerging Markets; Equity
EDOG,ALPS Emerging Sector Dividend Dogs ETF,Equity,Dividend/Income,Dividend & Income,United States,Dividend & Income; Dividend/Income; Equity; United States
ELCV,Strategy Shares Eventide High Dividend ETF,Equity,Dividend/Income,Dividend & Income,United States,Dividend & Income; Dividend/Income; Equity; United States
FDD,First Trust STOXX European Select Dividend Index Fund,Equity,Dividend/Income,Dividend & Income,Europe,Dividend & Income; Dividend/Income; Equity; Europe
FDIV,MarketDesk Focused U.S. Dividend ETF,Equity,Dividend/Income,Dividend & Income,United States,Dividend & Income; Dividend/Income; Equity; United States
FDRR,Fidelity Dividend ETF for Rising Rates,Equity,Dividend/Income,Dividend & Income,United States,Dividend & Income; Dividend/Income; Equity; United States
FDV,Federated Hermes U.S. Strategic Dividend ETF,Equity,Dividend/Income,Dividend & Income,United States,Dividend & Income; Dividend/Income; Equity; United States
FDVV,Fidelity High Dividend ETF,Equity,Dividend/Income,Dividend & Income,United States,Dividend & Income; Dividend/Income; Equity; United States
FGD,First Trust DJ Global Select Dividend,Equity,Dividend/Income,Dividend & Income,Global,Dividend & Income; Dividend/Income; Equity; Global
FID,First Trust S&P International Dividend Aristocrats ETF,Equity,Dividend/Income,Dividend & Income,United States,Dividend & Income; Dividend/Income; Equity; United States
FIDI,Fidelity International High Dividend ETF,Equity,Dividend/Income,Dividend & Income,United States,Dividend & Income; Dividend/Income; Equity; United States
FTDS,First Trust Dividend Strength ETF,Equity,Dividend/Income,Dividend & Income,United States,Dividend & Income; Dividend/Income; Equity; United States
FVD,First Trust VL Dividend,Equity,Dividend/Income,Dividend & Income,United States,Dividend & Income; Dividend/Income; Equity; United States
GAID,Guinness Atkinson International Dividend Builder ETF,Equity,Dividend/Income,Dividend & Income,United States,Dividend & Income; Dividend/Income; Equity; United States
GAUD,Guinness Atkinson US Dividend Builder ETF,Equity,Dividend/Income,Dividend & Income,United States,Dividend & Income; Dividend/Income; Equity; United States
GENW,Genter Capital International Dividend ETF,Equity,Dividend/Income,Dividend & Income,United States,Dividend & Income; Dividend/Income; Equity; United States
HCOW,Amplify COWS Covered Call ETF,Equity,Covered Call,Dividend & Income,United States,Covered Call; Dividend & Income; Equity; United States
HDV,iShares Core High Dividend ETF,Equity,Dividend/Income,Dividend & Income,United States,Dividend & Income; Dividend/Income; Equity; United States
HIDV,AB US High Dividend ETF,Equity,Dividend/Income,Dividend & Income,United States,Dividend & Income; Dividend/Income; Equity; United States
IDOG,ALPS International Sector Dividend Dogs ETF,Equity,Dividend/Income,Dividend & Income,United States,Dividend & Income; Dividend/Income; Equity; United States
IDVY,First Trust International Rising Dividend Achievers ETF,Equity,Dividend/Income,Dividend & Income,United States,Dividend & Income; Dividend/Income; Equity; United States
IQDF,FlexShares International Quality Dividend Index Fund,Equity,Dividend/Income; Factor,Dividend & Income,United States,Dividend & Income; Dividend/Income; Equity; Factor; United States
IQDY,FlexShares International Quality Dividend Dynamic Index Fund,Equity,Dividend/Income; Factor,Dividend & Income,United States,Dividend & Income; Dividend/Income; Equity; Factor; United States
JDIV,JPMorgan Dividend Leaders ETF,Equity,Dividend/Income,Dividend & Income,United States,Dividend & Income; Dividend/Income; Equity; United States
JHDV,John Hancock U.S. High Dividend ETF,Equity,Dividend/Income,Dividend & Income,United States,Dividend & Income; Dividend/Income; Equity; United States
JHID,John Hancock International High Dividend ETF,Equity,Dividend/Income,Dividend & Income,United States,Dividend & Income; Dividend/Income; Equity; United States
KBWD,Invesco KBW High Dividend Yield Financial ETF,Equity,Dividend/Income,Dividend & Income,United States,Dividend & Income; Dividend/Income; Equity; United States
KDVD,Keeley Dividend ETF,Equity,Dividend/Income,Dividend & Income,United States,Dividend & Income; Dividend/Income; Equity; United States
KLIP,KraneShares KWEB Covered Call Strategy ETF,Equity,Covered Call,Dividend & Income,United States,Covered Call; Dividend & Income; Equity; United States
MBOX,Freedom Day Dividend ETF,Equity,Dividend/Income,Dividend & Income,United States,Dividend & Income; Dividend/Income; Equity; United States
OEFA,ALPS O'Shares International Developed Quality Dividend ETF,Equity,Dividend/Income; Factor,Dividend & Income,Developed ex-US,Developed ex-US; Dividend & Income; Dividend/Income; Equity; Factor
OUSA,ALPS O'Shares U.S. Quality Dividend ETF,Equity,Dividend/Income; Factor,Dividend & Income,United States,Dividend & Income; Dividend/Income; Equity; Factor; United States
OUSM,ALPS O'Shares U.S. Small-Cap Quality Dividend ETF,Equity,Dividend/Income; Factor,Dividend & Income,United States,Dividend & Income; Dividend/Income; Equity; Factor; United States
PFM,Invesco Dividend Achievers ETF,Equity,Dividend/Income,Dividend & Income,United States,Dividend & Income; Dividend/Income; Equity; United States
PID,Invesco International Dividend Achievers ETF,Equity,Dividend/Income,Dividend & Income,United States,Dividend & Income; Dividend/Income; Equity; United States
QDEF,FlexShares Quality Dividend Defensive Index Fund,Equity,Dividend/Income; Factor,Dividend & Income,United States,Dividend & Income; Dividend/Income; Equity; Factor; United States
QDF,FlexShares Quality Dividend Index Fund,Equity,Dividend/Income; Factor,Dividend & Income,United States,Dividend & Income; Dividend/Income; Equity; Factor; United States
RDVY,First Trust Rising Dividend Achievers ETF,Equity,Dividend/Income,Dividend & Income,United States,Dividend & Income; Dividend/Income; Equity; United States
RFDA,ALPS Dynamic US Dividend Advantage ETF,Equity,Dividend/Income,Dividend & Income,United States,Dividend & Income; Dividend/Income; Equity; United States
RIET,Hoya Capital High Dividend Yield ETF,Equity,Dividend/Income,Dividend & Income,United States,Dividend & Income; Dividend/Income; Equity; United States
SCHD,Schwab US Dividend Equity ETF,Equity,Dividend/Income,Dividend & Income,United States,Dividend & Income; Dividend/Income; Equity; United States
SCHY,Schwab International Dividend Equity ETF,Equity,Dividend/Income,Dividend & Income,United States,Dividend & Income; Dividend/Income; Equity; United States
SDIV,Global X SuperDividend ETF,Equity,Dividend/Income,Dividend & Income,Global,Dividend & Income; Dividend/Income; Equity; Global
SDOG,ALPS Sector Dividend Dogs ETF,Equity,Dividend/Income,Dividend & Income,United States,Dividend & Income; Dividend/Income; Equity; United States
SDY,State Street SPDR S&P Dividend ETF,Equity,Dividend/Income,Dividend & Income,United States,Dividend & Income; Dividend/Income; Equity; United States
SPDG,State Street SPDR Portfolio S&P Sector Neutral Dividend ETF,Equity,Dividend/Income,Dividend & Income,United States,Dividend & Income; Dividend/Income; Equity; United States
TBG,TBG Dividend Focus ETF,Equity,Dividend/Income,Dividend & Income,United States,Dividend & Income; Dividend/Income; Equity; United States
TPHD,Timothy Plan High Dividend Stock ETF,Equity,Dividend/Income,Dividend & Income,United States,Dividend & Income; Dividend/Income; Equity; United States
UDIV,Franklin U.S. Core Dividend Tilt Index ETF,Equity,Dividend/Income,Dividend & Income,United States,Dividend & Income; Dividend/Income; Equity; United States
VDI,Virtus International Dividend ETF,Equity,Dividend/Income,Dividend & Income,United States,Dividend & Income; Dividend/Income; Equity; United States
VEM,Virtus Emerging Markets Dividend ETF,Equity,Dividend/Income,Dividend & Income,Emerging Markets; United States,Dividend & Income; Dividend/Income; Emerging Markets; Equity; United States
VIGI,Vanguard International Dividend Appreciation ETF,Equity,Dividend/Income,Dividend & Income,United States,Dividend & Income; Dividend/Income; Equity; United States
VSDA,VictoryShares Dividend Accelerator ETF,Equity,Dividend/Income,Dividend & Income,United States,Dividend & Income; Dividend/Income; Equity; United States
VUS,Virtus US Dividend ETF,Equity,Dividend/Income,Dividend & Income,United States,Dividend & Income; Dividend/Income; Equity; United States
VYM,Vanguard High Dividend Yield ETF,Equity,Dividend/Income,Dividend & Income,United States,Dividend & Income; Dividend/Income; Equity; United States
VYMI,Vanguard International High Dividend Yield ETF,Equity,Dividend/Income,Dividend & Income,United States,Dividend & Income; Dividend/Income; Equity; United States
WBIY,WBI Power Factor High Dividend ETF,Equity,Dividend/Income,Dividend & Income,United States,Dividend & Income; Dividend/Income; Equity; United States
WDIV,State Street SPDR S&P Global Dividend ETF,Equity,Dividend/Income,Dividend & Income,Global,Dividend & Income; Dividend/Income; Equity; Global
XIDV,Franklin International Dividend Booster Index ETF,Equity,Dividend/Income,Dividend & Income,United States,Dividend & Income; Dividend/Income; Equity; United States
XUDV,Franklin U.S. Dividend Booster Index ETF,Equity,Dividend/Income,Dividend & Income,United States,Dividend & Income; Dividend/Income; Equity; United States
BDIV,AAM Brentview Dividend Growth ETF,Equity,Dividend/Income; Factor,Dividend & Income; Growth & Momentum,United States,Dividend & Income; Dividend/Income; Equity; Factor; Growth & Momentum; United States
BDVG,IMGP Berkshire Dividend Growth ETF,Equity,Dividend/Income; Factor,Dividend & Income; Growth & Momentum,United States,Dividend & Income; Dividend/Income; Equity; Factor; Growth & Momentum; United States
DDIV,First Trust Dorsey Wright Momentum & Dividend ETF,Equity,Dividend/Income; Factor,Dividend & Income; Growth & Momentum,United States,Dividend & Income; Dividend/Income; Equity; Factor; Growth & Momentum; United States
DGRE,WisdomTree Emerging Markets Quality Dividend Growth Fund,Equity,Dividend/Income; Factor,Dividend & Income; Growth & Momentum,Emerging Markets,Dividend & Income; Dividend/Income; Emerging Markets; Equity; Factor; Growth & Momentum
DGRO,iShares Core Dividend Growth ETF,Equity,Dividend/Income; Factor,Dividend & Income; Growth & Momentum,United States,Dividend & Income; Dividend/Income; Equity; Factor; Growth & Momentum; United States
DGRS,WisdomTree U.S. SmallCap Quality Dividend Growth Fund,Equity,Dividend/Income; Factor,Dividend & Income; Growth & Momentum,United States,Dividend & Income; Dividend/Income; Equity; Factor; Growth & Momentum; United States
DGRW,WisdomTree U.S. Quality Dividend Growth Fund,Equity,Dividend/Income; Factor,Dividend & Income; Growth & Momentum,United States,Dividend & Income; Dividend/Income; Equity; Factor; Growth & Momentum; United States
DVGR,DAC 3D Dividend Growth ETF,Equity,Dividend/Income; Factor,Dividend & Income; Growth & Momentum,United States,Dividend & Income; Dividend/Income; Equity; Factor; Growth & Momentum; United States
DYLG,Global X Dow 30 Covered Call & Growth ETF,Equity,Covered Call; Factor,Dividend & Income; Growth & Momentum,Global,Covered Call; Dividend & Income; Equity; Factor; Global; Growth & Momentum
EASY,Liberty One Defensive Dividend Growth ETF,Equity,Dividend/Income; Factor,Dividend & Income; Growth & Momentum,United States,Dividend & Income; Dividend/Income; Equity; Factor; Growth & Momentum; United States
EUDG,WisdomTree Europe Quality Dividend Growth Fund,Equity,Dividend/Income; Factor,Dividend & Income; Growth & Momentum,Europe,Dividend & Income; Dividend/Income; Equity; Europe; Factor; Growth & Momentum
FRIZ,Franklin Dividend Growth ETF,Equity,Dividend/Income; Factor,Dividend & Income; Growth & Momentum,United States,Dividend & Income; Dividend/Income; Equity; Factor; Growth & Momentum; United States
GDIV,Harbor Dividend Growth Leaders ETF,Equity,Dividend/Income; Factor,Dividend & Income; Growth & Momentum,United States,Dividend & Income; Dividend/Income; Equity; Factor; Growth & Momentum; United States
IHDG,WisdomTree International Hedged Quality Dividend Growth Fund,Equity,Dividend/Income; Factor,Dividend & Income; Growth & Momentum,United States,Dividend & Income; Dividend/Income; Equity; Factor; Growth & Momentum; United States
NUDG,Nuveen Dividend Growth Fund: ETF Class Shares,Equity,Dividend/Income; Factor,Dividend & Income; Growth & Momentum,United States,Dividend & Income; Dividend/Income; Equity; Factor; Growth & Momentum; United States
STXD,Strive 1000 Dividend Growth ETF,Equity,Dividend/Income; Factor,Dividend & Income; Growth & Momentum,United States,Dividend & Income; Dividend/Income; Equity; Factor; Growth & Momentum; United States
TDVG,T. Rowe Price Dividend Growth ETF,Equity,Dividend/Income; Factor,Dividend & Income; Growth & Momentum,United States,Dividend & Income; Dividend/Income; Equity; Factor; Growth & Momentum; United States
TYLG,Global X Information Technology Covered Call & Growth ETF,Equity,Covered Call; Factor,Dividend & Income; Growth & Momentum,Global,Covered Call; Dividend & Income; Equity; Factor; Global; Growth & Momentum
CGDV,Capital Group Dividend Value ETF,Equity,Dividend/Income; Factor,Dividend & Income; Value & Quality,United States,Dividend & Income; Dividend/Income; Equity; Factor; United States; Value & Quality
DIVL,Madison Dividend Value ETF,Equity,Dividend/Income; Factor,Dividend & Income; Value & Quality,United States,Dividend & Income; Dividend/Income; Equity; Factor; United States; Value & Quality
KVLE,KraneShares Value Line Dynamic Dividend Equity Index ETF,Equity,Dividend/Income; Factor,Dividend & Income; Value & Quality,United States,Dividend & Income; Dividend/Income; Equity; Factor; United States; Value & Quality
LVHD,Franklin U.S. Low Volatility High Dividend Index ETF,Equity,Dividend/Income; Factor,Dividend & Income; Value & Quality,United States,Dividend & Income; Dividend/Income; Equity; Factor; United States; Value & Quality
BATT,Amplify Lithium & Battery Technology ETF,Equity,Plain,Electric Vehicles & Batteries,United States,Electric Vehicles & Batteries; Equity; Plain; United States
DRIV,Global X Autonomous & Electric Vehicles ETF,Equity,Plain,Electric Vehicles & Batteries,Global; United States,Electric Vehicles & Batteries; Equity; Global; Plain; United States
IDRV,iShares Self-Driving EV and Tech ETF,Equity,Plain,Electric Vehicles & Batteries,United States,Electric Vehicles & Batteries; Equity; Plain; United States
KARS,KraneShares Electric Vehicles and Future Mobility Index ETF,Equity,Plain,Electric Vehicles & Batteries,United States,Electric Vehicles & Batteries; Equity; Plain; United States
LIT,Global X Lithium & Battery Tech ETF,Equity,Plain,Electric Vehicles & Batteries,Global,Electric Vehicles & Batteries; Equity; Global; Plain
ZSB,USCF Sustainable Battery Metals Strategy Fund,Equity,ESG/Sustainable,Electric Vehicles & Batteries,United States,ESG/Sustainable; Electric Vehicles & Batteries; Equity; United States
ILIT,iShares Lithium Miners and Producers ETF,Equity,Plain,Electric Vehicles & Batteries; Precious Metals,United States,Electric Vehicles & Batteries; Equity; Plain; Precious Metals; United States
LITP,Sprott Lithium Miners ETF,Equity,Plain,Electric Vehicles & Batteries; Precious Metals,United States,Electric Vehicles & Batteries; Equity; Plain; Precious Metals; United States
GABF,Gabelli ETFs Trust Gabelli Financial Services Opportunities ETF,Equity,Plain,Financial Services,United States,Equity; Financial Services; Plain; United States
IAI,iShares U.S. Broker-Dealers & Securities Exchanges ETF,Equity,Plain,Financial Services,United States,Equity; Financial Services; Plain; United States
IYG,iShares U.S. Financial Services ETF,Equity,Plain,Financial Services,United States,Equity; Financial Services; Plain; United States
KCE,State Street SPDR S&P Capital Markets ETF,Equity,Plain,Financial Services,United States,Equity; Financial Services; Plain; United States
BPAY,iShares FinTech Active ETF,Equity,Active,Fintech & Payments,United States,Active; Equity; Fintech & Payments; United States
FINX,Global X FinTech ETF,Equity,Plain,Fintech & Payments,Global,Equity; Fintech & Payments; Global; Plain
IPAY,Amplify Digital Payments ETF,Equity,Plain,Fintech & Payments,United States,Equity; Fintech & Payments; Plain; United States
PSQA,Palmer Square CLO Senior Debt ETF,Equity,Plain,Fintech & Payments,United States,Equity; Fintech & Payments; Plain; United States
PSQO,Palmer Square Credit Opportunities ETF,Equity,Plain,Fintech & Payments,United States,Equity; Fintech & Payments; Plain; United States
BETZ,Roundhill Sports Betting & iGaming ETF,Equity,Plain,Gaming & Esports,United States,Equity; Gaming & Esports; Plain; United States
ESPO,VanEck Video Gaming and eSports ETF,Equity,Plain,Gaming & Esports,United States,Equity; Gaming & Esports; Plain; United States
HERO,Global X Video Games & Esports ETF,Equity,Plain,Gaming & Esports,Global,Equity; Gaming & Esports; Global; Plain
BNGE,First Trust S-Network Streaming and Gaming ETF,Equity,Plain,Gaming & Esports; Media & Entertainment,United States,Equity; Gaming & Esports; Media & Entertainment; Plain; United States
GGME,Invesco Next Gen Media and Gaming ETF,Equity,Plain,Gaming & Esports; Media & Entertainment,United States,Equity; Gaming & Esports; Media & Entertainment; Plain; United States
AFGR,First Trust Multi-Manager Large Growth ETF,Equity,Factor,Growth & Momentum,United States,Equity; Factor; Growth & Momentum; United States
AGRW,Allspring LT Large Growth ETF,Equity,Factor,Growth & Momentum,United States,Equity; Factor; Growth & Momentum; United States
AOTG,AOT Growth and Innovation ETF,Equity,Factor,Growth & Momentum,United States,Equity; Factor; Growth & Momentum; United States
BASG,Brown Advisory Sustainable Growth ETF,Equity,ESG/Sustainable; Factor,Growth & Momentum,United States,ESG/Sustainable; Equity; Factor; Growth & Momentum; United States
BGCG,Baillie Gifford International Concentrated Growth ETF,Equity,Factor,Growth & Momentum,United States,Equity; Factor; Growth & Momentum; United States
BGGG,Baillie Gifford Long Term Global Growth ETF,Equity,Factor,Growth & Momentum,Global,Equity; Factor; Global; Growth & Momentum
BKCG,BNY Mellon Concentrated Growth ETF,Equity,Factor,Growth & Momentum,United States,Equity; Factor; Growth & Momentum; United States
BUL,Pacer US Cash Cows Growth ETF,Equity,Factor,Growth & Momentum,United States,Equity; Factor; Growth & Momentum; United States
CAGE,Calamos Autocallable Growth ETF,Equity,Factor,Growth & Momentum,United States,Equity; Factor; Growth & Momentum; United States
CARK,CastleArk Large Growth ETF,Equity,Factor,Growth & Momentum,United States,Equity; Factor; Growth & Momentum; United States
CGGG,Capital Group U.S. Large Growth ETF,Equity,Factor,Growth & Momentum,United States,Equity; Factor; Growth & Momentum; United States
CGGO,Capital Group Global Growth Equity ETF,Equity,Factor,Growth & Momentum,Global,Equity; Factor; Global; Growth & Momentum
CGGR,Capital Group Growth ETF,Equity,Factor,Growth & Momentum,United States,Equity; Factor; Growth & Momentum; United States
CSMD,Congress SMid Growth ETF,Equity,Factor,Growth & Momentum,United States,Equity; Factor; Growth & Momentum; United States
DARP,Grizzle Growth ETF,Equity,Factor,Growth & Momentum,United States,Equity; Factor; Growth & Momentum; United States
DNL,WisdomTree Global ex-U.S. Quality Growth Fund,Equity,Factor,Growth & Momentum,Developed ex-US; Global; United States,Developed ex-US; Equity; Factor; Global; Growth & Momentum; United States
DWAS,Invesco Dorsey Wright SmallCap Momentum ETF,Equity,Factor,Growth & Momentum,United States,Equity; Factor; Growth & Momentum; United States
EAFG,Pacer Developed Markets Cash Cows Growth Leaders ETF,Equity,Factor,Growth & Momentum,Developed ex-US,Developed ex-US; Equity; Factor; Growth & Momentum
EEMO,Invesco S&P Emerging Markets Momentum ETF,Equity,Factor,Growth & Momentum,Emerging Markets,Emerging Markets; Equity; Factor; Growth & Momentum
FAD,First Trust Multi Cap Growth AlphaDEX Fund,Equity,Factor,Growth & Momentum,United States,Equity; Factor; Growth & Momentum; United States
FDG,American Century Focused Dynamic Growth ETF,Equity,Factor,Growth & Momentum,United States,Equity; Factor; Growth & Momentum; United States
FDMO,Fidelity Momentum Factor ETF,Equity,Factor,Growth & Momentum,United States,Equity; Factor; Growth & Momentum; United States
FMTM,MarketDesk Focused U.S. Momentum ETF,Equity,Factor,Growth & Momentum,United States,Equity; Factor; Growth & Momentum; United States
FSGS,First Trust SMID Growth Strength ETF,Equity,Factor,Growth & Momentum,United States,Equity; Factor; Growth & Momentum; United States
FTGS,First Trust Growth Strength ETF,Equity,Factor,Growth & Momentum,United States,Equity; Factor; Growth & Momentum; United States
GARY,Mango Growth ETF,Equity,Factor,Growth & Momentum,United States,Equity; Factor; Growth & Momentum; United States
GFLW,VictoryShares Free Cash Flow Growth ETF,Equity,Factor,Growth & Momentum,United States,Equity; Factor; Growth & Momentum; United States
GGRW,Gabelli Growth Innovators ETF,Equity,Factor,Growth & Momentum,United States,Equity; Factor; Growth & Momentum; United States
GLIN,VanEck India Growth Leaders ETF,Equity,Factor,Growth & Momentum,India,Equity; Factor; Growth & Momentum; India
GLRY,Inspire Growth ETF,Equity,Factor,Growth & Momentum,United States,Equity; Factor; Growth & Momentum; United States
GQQQ,Astoria US Quality Growth Kings ETF,Equity,Factor,Growth & Momentum,United States,Equity; Factor; Growth & Momentum; United States
GRIN,VictoryShares International Free Cash Flow Growth ETF,Equity,Factor,Growth & Momentum,United States,Equity; Factor; Growth & Momentum; United States
GRW,TCW Durable Growth ETF,Equity,Factor,Growth & Momentum,United States,Equity; Factor; Growth & Momentum; United States
GSGO,Goldman Sachs Growth Opportunities ETF,Equity,Factor,Growth & Momentum,United States,Equity; Factor; Growth & Momentum; United States
HGRO,Hedgeye Quality Growth ETF,Equity,Factor,Growth & Momentum,United States,Equity; Factor; Growth & Momentum; United States
HQGO,Hartford US Quality Growth ETF,Equity,Factor,Growth & Momentum,United States,Equity; Factor; Growth & Momentum; United States
HYP,Golden Eagle Dynamic Hypergrowth ETF,Equity,Factor,Growth & Momentum,United States,Equity; Factor; Growth & Momentum; United States
IDMO,Invesco S&P International Developed Momentum ETF,Equity,Factor,Growth & Momentum,Developed ex-US,Developed ex-US; Equity; Factor; Growth & Momentum
IGGY,AB International Growth ETF,Equity,Factor,Growth & Momentum,United States,Equity; Factor; Growth & Momentum; United States
IJK,iShares S&P Mid-Cap 400 Growth ETF,Equity,Factor,Growth & Momentum,United States,Equity; Factor; Growth & Momentum; United States
IJT,iShares S&P SmallCap 600 Growth ETF,Equity,Factor,Growth & Momentum,United States,Equity; Factor; Growth & Momentum; United States
ILCG,iShares Morningstar Large-Cap Growth ETF,Equity,Factor,Growth & Momentum,United States,Equity; Factor; Growth & Momentum; United States
IMCG,iShares Morningstar Mid-Cap Growth ETF,Equity,Factor,Growth & Momentum,United States,Equity; Factor; Growth & Momentum; United States
IMOM,Alpha Architect International Quantitative Momentum ETF,Equity,Factor,Growth & Momentum,United States,Equity; Factor; Growth & Momentum; United States
ISCG,iShares Morningstar Small-Cap Growth ETF,Equity,Factor,Growth & Momentum,United States,Equity; Factor; Growth & Momentum; United States
IUSG,iShares Core S&P U.S. Growth ETF,Equity,Factor,Growth & Momentum,United States,Equity; Factor; Growth & Momentum; United States
IVOG,Vanguard S&P Mid-Cap 400 Growth ETF,Equity,Factor,Growth & Momentum,United States,Equity; Factor; Growth & Momentum; United States
JGRO,JPMorgan Active Growth ETF,Equity,Active; Factor,Growth & Momentum,United States,Active; Equity; Factor; Growth & Momentum; United States
JGRW,Jensen Quality Growth ETF,Equity,Factor,Growth & Momentum,United States,Equity; Factor; Growth & Momentum; United States
JIG,JPMorgan International Growth ETF,Equity,Factor,Growth & Momentum,United States,Equity; Factor; Growth & Momentum; United States
JMOM,JPMorgan U.S. Momentum Factor ETF,Equity,Factor,Growth & Momentum,United States,Equity; Factor; Growth & Momentum; United States
JOET,Virtus Terranova U.S. Quality Momentum ETF,Equity,Factor,Growth & Momentum,United States,Equity; Factor; Growth & Momentum; United States
KPHO,KraneShares Dragon Capital Growth of Vietnam Index ETF,Equity,Factor,Growth & Momentum,United States,Equity; Factor; Growth & Momentum; United States
LCLG,Logan Capital Broad Innovative Growth ETF,Equity,Factor,Growth & Momentum,United States,Equity; Factor; Growth & Momentum; United States
LRGG,Nomura Focused Large Growth ETF,Equity,Factor,Growth & Momentum,United States,Equity; Factor; Growth & Momentum; United States
LSGR,Natixis Loomis Sayles Focused Growth ETF,Equity,Factor,Growth & Momentum,United States,Equity; Factor; Growth & Momentum; United States
MFIG,Motley Fool Innovative Growth ETF,Equity,Factor,Growth & Momentum,United States,Equity; Factor; Growth & Momentum; United States
MFMO,Motley Fool Momentum Factor ETF,Equity,Factor,Growth & Momentum,United States,Equity; Factor; Growth & Momentum; United States
MFSG,MFS Active Growth ETF,Equity,Active; Factor,Growth & Momentum,United States,Active; Equity; Factor; Growth & Momentum; United States
MGK,Vanguard Mega Cap Growth ETF,Equity,Factor,Growth & Momentum,United States,Equity; Factor; Growth & Momentum; United States
MMTM,State Street SPDR S&P 1500 Momentum Tilt ETF,Equity,Factor,Growth & Momentum,United States,Equity; Factor; Growth & Momentum; United States
NBGX,Neuberger Growth ETF,Equity,Factor,Growth & Momentum,United States,Equity; Factor; Growth & Momentum; United States
NUGO,Nuveen Growth Opportunities ETF,Equity,Factor,Growth & Momentum,United States,Equity; Factor; Growth & Momentum; United States
PCCE,Polen Capital China Growth ETF,Equity,Factor,Growth & Momentum,China,China; Equity; Factor; Growth & Momentum
PCGG,Polen Capital Global Growth ETF,Equity,Factor,Growth & Momentum,Global,Equity; Factor; Global; Growth & Momentum
PCIG,Polen Capital International Growth ETF,Equity,Factor,Growth & Momentum,United States,Equity; Factor; Growth & Momentum; United States
PCLC,Polen 5Perspectives Large Growth ETF,Equity,Factor,Growth & Momentum,United States,Equity; Factor; Growth & Momentum; United States
PCLG,Polen Focus Growth ETF,Equity,Factor,Growth & Momentum,United States,Equity; Factor; Growth & Momentum; United States
PCSG,Polen 5Perspectives Small-Mid Growth ETF,Equity,Factor,Growth & Momentum,United States,Equity; Factor; Growth & Momentum; United States
PDP,Invesco Dorsey Wright Momentum ETF,Equity,Factor,Growth & Momentum,United States,Equity; Factor; Growth & Momentum; United States
PEZ,Invesco Dorsey Wright Consumer Cyclicals Momentum ETF,Equity,Factor,Growth & Momentum,United States,Equity; Factor; Growth & Momentum; United States
PFI,Invesco Dorsey Wright Financial Momentum ETF,Equity,Factor,Growth & Momentum,United States,Equity; Factor; Growth & Momentum; United States
PIE,Invesco Dorsey Wright Emerging Markets Momentum ETF,Equity,Factor,Growth & Momentum,Emerging Markets,Emerging Markets; Equity; Factor; Growth & Momentum
PIZ,Invesco Dorsey Wright Developed Markets Momentum ETF,Equity,Factor,Growth & Momentum,Developed ex-US,Developed ex-US; Equity; Factor; Growth & Momentum
PJFG,PGIM Jennison Focused Growth ETF,Equity,Factor,Growth & Momentum,United States,Equity; Factor; Growth & Momentum; United States
PRAE,PlanRock Alternative Growth ETF,Equity,Factor,Growth & Momentum,United States,Equity; Factor; Growth & Momentum; United States
PTF,Invesco Dorsey Wright Technology Momentum ETF,Equity,Factor,Growth & Momentum,United States,Equity; Factor; Growth & Momentum; United States
QGRO,American Century U.S. Quality Growth ETF,Equity,Factor,Growth & Momentum,United States,Equity; Factor; Growth & Momentum; United States
QGRW,WisdomTree U.S. Quality Growth Fund,Equity,Factor,Growth & Momentum,United States,Equity; Factor; Growth & Momentum; United States
QMID,WisdomTree U.S. MidCap Quality Growth Fund,Equity,Factor,Growth & Momentum,United States,Equity; Factor; Growth & Momentum; United States
QMOM,Alpha Architect U.S. Quantitative Momentum ETF,Equity,Factor,Growth & Momentum,United States,Equity; Factor; Growth & Momentum; United States
QPX,AdvisorShares Q Dynamic Growth ETF,Equity,Factor,Growth & Momentum,United States,Equity; Factor; Growth & Momentum; United States
QSML,WisdomTree U.S. SmallCap Quality Growth Fund,Equity,Factor,Growth & Momentum,United States,Equity; Factor; Growth & Momentum; United States
RFG,Invesco S&P MidCap 400 Pure Growth ETF,Equity,Factor,Growth & Momentum,United States,Equity; Factor; Growth & Momentum; United States
RILA,Indexperts Gorilla Aggressive Growth ETF,Equity,Factor,Growth & Momentum,United States,Equity; Factor; Growth & Momentum; United States
RKSG,Ruk Strategic Growth ETF,Equity,Factor,Growth & Momentum,United States,Equity; Factor; Growth & Momentum; United States
RUNN,Running Oak Efficient Growth ETF,Equity,Factor,Growth & Momentum,United States,Equity; Factor; Growth & Momentum; United States
RZG,Invesco S&P SmallCap 600 Pure Growth ETF,Equity,Factor,Growth & Momentum,United States,Equity; Factor; Growth & Momentum; United States
SCHG,Schwab U.S. Large-Cap Growth ETF,Equity,Factor,Growth & Momentum,United States,Equity; Factor; Growth & Momentum; United States
SEMG,Suncoast Select Growth ETF,Equity,Factor,Growth & Momentum,United States,Equity; Factor; Growth & Momentum; United States
SGRT,SMART Earnings Growth 30 ETF,Equity,Factor,Growth & Momentum,United States,Equity; Factor; Growth & Momentum; United States
SMOM,Symmetry Panoramic Sector Momentum ETF,Equity,Factor,Growth & Momentum,United States,Equity; Factor; Growth & Momentum; United States
SSMG,Virtus Silvant Small/Mid Growth ETF,Equity,Factor,Growth & Momentum,United States,Equity; Factor; Growth & Momentum; United States
STXG,Strive 1000 Growth ETF,Equity,Factor,Growth & Momentum,United States,Equity; Factor; Growth & Momentum; United States
SXQG,ETC 6 Meridian Quality Growth ETF,Equity,Factor,Growth & Momentum,United States,Equity; Factor; Growth & Momentum; United States
TBFG,The Brinsmere Fund Growth ETF,Equity,Factor,Growth & Momentum,United States,Equity; Factor; Growth & Momentum; United States
TCHP,T. Rowe Price Blue Chip Growth ETF,Equity,Factor,Growth & Momentum,United States,Equity; Factor; Growth & Momentum; United States
TFGZ,Thornburg Focus Growth Fund,Equity,Factor,Growth & Momentum,United States,Equity; Factor; Growth & Momentum; United States
TGRT,T. Rowe Price Growth ETF,Equity,Factor,Growth & Momentum,United States,Equity; Factor; Growth & Momentum; United States
TGRW,T. Rowe Price Growth Stock ETF,Equity,Factor,Growth & Momentum,United States,Equity; Factor; Growth & Momentum; United States
TLG,Touchstone Large Company Growth ETF,Equity,Factor,Growth & Momentum,United States,Equity; Factor; Growth & Momentum; United States
TPFG,Timothy Plan Free Cash Flow Growth ETF,Equity,Factor,Growth & Momentum,United States,Equity; Factor; Growth & Momentum; United States
TSEL,Touchstone Sands Capital US Select Growth ETF,Equity,Factor,Growth & Momentum,United States,Equity; Factor; Growth & Momentum; United States
TUG,STF Tactical Growth ETF,Equity,Factor,Growth & Momentum,United States,Equity; Factor; Growth & Momentum; United States
TXUG,Thornburg International Growth Fund ETF,Equity,Factor,Growth & Momentum,United States,Equity; Factor; Growth & Momentum; United States
VBK,Vanguard Small-Cap Growth ETF,Equity,Factor,Growth & Momentum,United States,Equity; Factor; Growth & Momentum; United States
VGRO,Virtus Silvant Growth Opportunities ETF,Equity,Factor,Growth & Momentum,United States,Equity; Factor; Growth & Momentum; United States
VIOG,Vanguard S&P Small-Cap 600 Growth ETF,Equity,Factor,Growth & Momentum,United States,Equity; Factor; Growth & Momentum; United States
VOT,Vanguard Mid-Cap Growth ETF,Equity,Factor,Growth & Momentum,United States,Equity; Factor; Growth & Momentum; United States
VUG,Vanguard Growth ETF,Equity,Factor,Growth & Momentum,United States,Equity; Factor; Growth & Momentum; United States
WLTG,WealthTrust DBS Long Term Growth ETF,Equity,Factor,Growth & Momentum,United States,Equity; Factor; Growth & Momentum; United States
XMMO,Invesco S&P MidCap Momentum ETF,Equity,Factor,Growth & Momentum,United States,Equity; Factor; Growth & Momentum; United States
XSMO,Invesco S&P SmallCap Momentum ETF,Equity,Factor,Growth & Momentum,United States,Equity; Factor; Growth & Momentum; United States
CGRO,CoreValues Alpha Greater China Growth ETF,Equity,Factor,Growth & Momentum; Value & Quality,China; United States,China; Equity; Factor; Growth & Momentum; United States; Value & Quality
DVLU,First Trust Dorsey Wright Momentum & Value ETF,Equity,Factor,Growth & Momentum; Value & Quality,United States,Equity; Factor; Growth & Momentum; United States; Value & Quality
DVOL,First Trust Dorsey Wright Momentum & Low Volatility ETF,Equity,Factor,Growth & Momentum; Value & Quality,United States,Equity; Factor; Growth & Momentum; United States; Value & Quality
UEVM,VictoryShares Emerging Markets Value Momentum ETF,Equity,Factor,Growth & Momentum; Value & Quality,Emerging Markets,Emerging Markets; Equity; Factor; Growth & Momentum; Value & Quality
UIVM,VictoryShares International Value Momentum ETF,Equity,Factor,Growth & Momentum; Value & Quality,United States,Equity; Factor; Growth & Momentum; United States; Value & Quality
ULVM,VictoryShares US Value Momentum ETF,Equity,Factor,Growth & Momentum; Value & Quality,United States,Equity; Factor; Growth & Momentum; United States; Value & Quality
XMVM,Invesco S&P MidCap Value with Momentum ETF,Equity,Factor,Growth & Momentum; Value & Quality,United States,Equity; Factor; Growth & Momentum; United States; Value & Quality
XSVM,Invesco S&P SmallCap Value with Momentum ETF,Equity,Factor,Growth & Momentum; Value & Quality,United States,Equity; Factor; Growth & Momentum; United States; Value & Quality
DVXV,WEBs Health Care XLV Defined Volatility ETF,Equity,Plain,Healthcare Broad,United States,Equity; Healthcare Broad; Plain; United States
FXH,First Trust Health Care AlphaDEX,Equity,Plain,Healthcare Broad,United States,Equity; Healthcare Broad; Plain; United States
GDOC,Goldman Sachs Future Health Care Equity ETF,Equity,Plain,Healthcare Broad,United States,Equity; Healthcare Broad; Plain; United States
HTEC,ROBO Global Healthcare Technology and Innovation ETF,Equity,Plain,Healthcare Broad,Global,Equity; Global; Healthcare Broad; Plain
IBRN,iShares Neuroscience and Healthcare ETF,Equity,Plain,Healthcare Broad,United States,Equity; Healthcare Broad; Plain; United States
IHF,iShares U.S. Health Care Providers ETF,Equity,Plain,Healthcare Broad,United States,Equity; Healthcare Broad; Plain; United States
IHI,iShares U.S. Medical Devices ETF,Equity,Plain,Healthcare Broad,United States,Equity; Healthcare Broad; Plain; United States
IXJ,iShares Global Healthcare ETF,Equity,Plain,Healthcare Broad,Global,Equity; Global; Healthcare Broad; Plain
IYH,iShares U.S. Healthcare ETF,Equity,Plain,Healthcare Broad,United States,Equity; Healthcare Broad; Plain; United States
JDOC,JPMorgan Healthcare Leaders ETF,Equity,Plain,Healthcare Broad,United States,Equity; Healthcare Broad; Plain; United States
MEDI,Harbor Health Care ETF,Equity,Plain,Healthcare Broad,United States,Equity; Healthcare Broad; Plain; United States
MHIG,Milliman Healthcare Inflation Guard ETF,Equity,Plain,Healthcare Broad,United States,Equity; Healthcare Broad; Plain; United States
MHIP,Milliman Healthcare Inflation Plus ETF,Equity,Plain,Healthcare Broad,United States,Equity; Healthcare Broad; Plain; United States
PINK,Simplify Health Care ETF,Equity,Plain,Healthcare Broad,United States,Equity; Healthcare Broad; Plain; United States
PSCH,Invesco S&P SmallCap Health Care ETF,Equity,Plain,Healthcare Broad,United States,Equity; Healthcare Broad; Plain; United States
TMED,T. Rowe Price Health Care ETF,Equity,Plain,Healthcare Broad,United States,Equity; Healthcare Broad; Plain; United States
TRUH,VanEck Healthcare TruSector ETF,Equity,Plain,Healthcare Broad,United States,Equity; Healthcare Broad; Plain; United States
VHT,Vanguard Health Care ETF,Equity,Plain,Healthcare Broad,United States,Equity; Healthcare Broad; Plain; United States
XHE,State Street SPDR S&P Health Care Equipment ETF,Equity,Plain,Healthcare Broad,United States,Equity; Healthcare Broad; Plain; United States
XHS,State Street SPDR S&P Health Care Services ETF,Equity,Plain,Healthcare Broad,United States,Equity; Healthcare Broad; Plain; United States
XLV,State Street Health Care Select Sector SPDR ETF,Equity,Plain,Healthcare Broad,United States,Equity; Healthcare Broad; Plain; United States
IDNA,iShares Genomics Immunology and Healthcare ETF,Equity,Plain,Healthcare Broad; Biotech & Genomics,United States,Biotech & Genomics; Equity; Healthcare Broad; Plain; United States
FHLC,Fidelity MSCI Health Care Index ETF,Equity,Plain,Healthcare Broad; Broad Market & Core Indices,United States,Broad Market & Core Indices; Equity; Healthcare Broad; Plain; United States
KURE,KraneShares MSCI All China Health Care Index ETF,Equity,Plain,Healthcare Broad; Broad Market & Core Indices,China,Broad Market & Core Indices; China; Equity; Healthcare Broad; Plain
RSPH,Invesco S&P 500 Equal Weight Health Care ETF,Equity,Factor,Healthcare Broad; Broad Market & Core Indices,United States,Broad Market & Core Indices; Equity; Factor; Healthcare Broad; United States
PTH,Invesco Dorsey Wright Healthcare Momentum ETF,Equity,Factor,Healthcare Broad; Growth & Momentum,United States,Equity; Factor; Growth & Momentum; Healthcare Broad; United States
AIRR,First Trust RBA American Industrial Renaissance ETF,Equity,Plain,Industrials & Manufacturing,United States,Equity; Industrials & Manufacturing; Plain; United States
DVIN,WEBs Industrials XLI Defined Volatility ETF,Equity,Plain,Industrials & Manufacturing,United States,Equity; Industrials & Manufacturing; Plain; United States
EXI,iShares Global Industrials ETF,Equity,Plain,Industrials & Manufacturing,Global,Equity; Global; Industrials & Manufacturing; Plain
FXR,First Trust Industrials AlphaDEX,Equity,Plain,Industrials & Manufacturing,United States,Equity; Industrials & Manufacturing; Plain; United States
HVAC,AdvisorShares HVAC and Industrials ETF,Equity,Plain,Industrials & Manufacturing,United States,Equity; Industrials & Manufacturing; Plain; United States
KMCA,PLUS Korea Manufacturing Core Alliance Index ETF,Equity,Plain,Industrials & Manufacturing,South Korea; United States,Equity; Industrials & Manufacturing; Plain; South Korea; United States
MADE,iShares U.S. Manufacturing ETF,Equity,Plain,Industrials & Manufacturing,United States,Equity; Industrials & Manufacturing; Plain; United States
PSCI,Invesco S&P SmallCap Industrials ETF,Equity,Plain,Industrials & Manufacturing,United States,Equity; Industrials & Manufacturing; Plain; United States
RSHO,Tema U.S. Manufacturing & Reshoring ETF,Equity,Plain,Industrials & Manufacturing,United States,Equity; Industrials & Manufacturing; Plain; United States
SHPP,Pacer Industrials and Logistics ETF,Equity,Plain,Industrials & Manufacturing,United States,Equity; Industrials & Manufacturing; Plain; United States
TRUI,VanEck Industrials TruSector ETF,Equity,Plain,Industrials & Manufacturing,United States,Equity; Industrials & Manufacturing; Plain; United States
VIS,Vanguard Industrials ETF,Equity,Plain,Industrials & Manufacturing,United States,Equity; Industrials & Manufacturing; Plain; United States
XLI,State Street Industrial Select Sector SPDR ETF,Equity,Plain,Industrials & Manufacturing,United States,Equity; Industrials & Manufacturing; Plain; United States
DIA,State Street SPDR Dow Jones Industrial Average ETF Trust,Equity,Plain,Industrials & Manufacturing; Broad Market & Core Indices,United States,Broad Market & Core Indices; Equity; Industrials & Manufacturing; Plain; United States
FIDU,Fidelity MSCI Industrials Index ETF,Equity,Plain,Industrials & Manufacturing; Broad Market & Core Indices,United States,Broad Market & Core Indices; Equity; Industrials & Manufacturing; Plain; United States
RSPN,Invesco S&P 500 Equal Weight Industrials Portfolio,Equity,Factor,Industrials & Manufacturing; Broad Market & Core Indices,United States,Broad Market & Core Indices; Equity; Factor; Industrials & Manufacturing; United States
DJD,Invesco Dow Jones Industrial Average Dividend ETF,Equity,Dividend/Income,Industrials & Manufacturing; Broad Market & Core Indices; Dividend & Income,United States,Broad Market & Core Indices; Dividend & Income; Dividend/Income; Equity; Industrials & Manufacturing; United States
IDEF,iShares Defense Industrials Active ETF,Equity,Active,Industrials & Manufacturing; Defense & Military,United States,Active; Defense & Military; Equity; Industrials & Manufacturing; United States
PRN,Invesco Dorsey Wright Industrials Momentum ETF,Equity,Factor,Industrials & Manufacturing; Growth & Momentum,United States,Equity; Factor; Growth & Momentum; Industrials & Manufacturing; United States
EFRA,iShares Environmental Infrastructure and Industrials ETF,Equity,Plain,Industrials & Manufacturing; Infrastructure,United States,Equity; Industrials & Manufacturing; Infrastructure; Plain; United States
BILD,Nomura Global Listed Infrastructure ETF,Equity,Plain,Infrastructure,Global,Equity; Global; Infrastructure; Plain
BLDX,Impax Global Sustainable Infrastructure ETF,Equity,ESG/Sustainable,Infrastructure,Global,ESG/Sustainable; Equity; Global; Infrastructure
CSIO,Cohen & Steers Infrastructure Opportunities Active ETF,Equity,Active,Infrastructure,United States,Active; Equity; Infrastructure; United States
ELFY,ALPS Electrification Infrastructure ETF,Equity,Plain,Infrastructure,United States,Equity; Infrastructure; Plain; United States
EMIF,iShares Emerging Markets Infrastructure ETF,Equity,Plain,Infrastructure,Emerging Markets,Emerging Markets; Equity; Infrastructure; Plain
GII,State Street SPDR S&P Global Infrastructure ETF,Equity,Plain,Infrastructure,Global,Equity; Global; Infrastructure; Plain
GLIX,Lazard Listed Infrastructure ETF,Equity,Plain,Infrastructure,United States,Equity; Infrastructure; Plain; United States
HWAY,Themes US Infrastructure ETF,Equity,Plain,Infrastructure,United States,Equity; Infrastructure; Plain; United States
IGF,iShares Global Infrastructure ETF,Equity,Plain,Infrastructure,Global,Equity; Global; Infrastructure; Plain
NFRA,FlexShares STOXX Global Broad Infrastructure Index Fund,Equity,Plain,Infrastructure,Global,Equity; Global; Infrastructure; Plain
NFRX,Harrison Street Infrastructure Active ETF,Equity,Active,Infrastructure,United States,Active; Equity; Infrastructure; United States
NGIF,Nuveen Global Infrastructure Fund: ETF Class Shares,Equity,Plain,Infrastructure,Global,Equity; Global; Infrastructure; Plain
PKB,Invesco Building & Construction ETF,Equity,Plain,Infrastructure,United States,Equity; Infrastructure; Plain; United States
POWR,iShares U.S. Power Infrastructure ETF,Equity,Plain,Infrastructure,United States,Equity; Infrastructure; Plain; United States
RBLD,First Trust Alerian US NextGen Infrastructure ETF,Equity,Plain,Infrastructure,United States,Equity; Infrastructure; Plain; United States
TPZ,Tortoise Electrification Infrastructure ETF,Equity,Plain,Infrastructure,United States,Equity; Infrastructure; Plain; United States
UPGR,Xtrackers US Green Infrastructure Select Equity ETF,Equity,Plain,Infrastructure,United States,Equity; Infrastructure; Plain; United States
GRID,First Trust NASDAQ Clean Edge Smart Grid Infrastructure Index Fund,Equity,Plain,Infrastructure; Broad Market & Core Indices,United States,Broad Market & Core Indices; Equity; Infrastructure; Plain; United States
RIFR,Russell Investments Global Infrastructure ETF,Equity,Plain,Infrastructure; Broad Market & Core Indices,Global; United States,Broad Market & Core Indices; Equity; Global; Infrastructure; Plain; United States
IAK,iShares U.S. Insurance ETF,Equity,Plain,Insurance,United States,Equity; Insurance; Plain; United States
KIE,State Street SPDR S&P Insurance ETF,Equity,Plain,Insurance,United States,Equity; Insurance; Plain; United States
KBWP,Invesco KBW Property & Casualty Insurance ETF,Equity,Plain,Insurance; Real Estate & REITs,United States,Equity; Insurance; Plain; Real Estate & REITs; United States
EBIZ,Global X E-commerce ETF,Equity,Plain,Internet & E-Commerce,Global,Equity; Global; Internet & E-Commerce; Plain
EMQQ,EMQQ The Emerging Markets Internet ETF,Equity,Plain,Internet & E-Commerce,Emerging Markets,Emerging Markets; Equity; Internet & E-Commerce; Plain
FDN,First Trust DJ Internet Index Fund,Equity,Plain,Internet & E-Commerce,United States,Equity; Internet & E-Commerce; Plain; United States
FMQQ,FMQQ The Next Frontier Internet ETF,Equity,Plain,Internet & E-Commerce,United States,Equity; Internet & E-Commerce; Plain; United States
INQQ,INQQ The India Internet ETF,Equity,Plain,Internet & E-Commerce,India,Equity; India; Internet & E-Commerce; Plain
ISHP,First Trust S-Network E-Commerce ETF,Equity,Plain,Internet & E-Commerce,United States,Equity; Internet & E-Commerce; Plain; United States
KWEB,KraneShares CSI China Internet ETF,Equity,Plain,Internet & E-Commerce,China,China; Equity; Internet & E-Commerce; Plain
OGIG,ALPS O'Shares Global Internet Giants ETF,Equity,Plain,Internet & E-Commerce,Global,Equity; Global; Internet & E-Commerce; Plain
SNSR,Global X Internet of Things ETF,Equity,Plain,Internet & E-Commerce,Global,Equity; Global; Internet & E-Commerce; Plain
FDNI,First Trust Dow Jones International Internet ETF,Equity,Plain,Internet & E-Commerce; Broad Market & Core Indices,United States,Broad Market & Core Indices; Equity; Internet & E-Commerce; Plain; United States
PNQI,Invesco Nasdaq Internet ETF,Equity,Plain,Internet & E-Commerce; Broad Market & Core Indices,United States,Broad Market & Core Indices; Equity; Internet & E-Commerce; Plain; United States
IBUY,Amplify Online Retail ETF,Equity,Plain,Internet & E-Commerce; Retail,United States,Equity; Internet & E-Commerce; Plain; Retail; United States
DVXB,WEBs Materials XLB Defined Volatility ETF,Equity,Plain,Materials & Chemicals,United States,Equity; Materials & Chemicals; Plain; United States
EART,Global X Rare Earth & Critical Materials ETF,Equity,Plain,Materials & Chemicals,Global,Equity; Global; Materials & Chemicals; Plain
FXZ,First Trust Materials AlphaDEX Fund,Equity,Plain,Materials & Chemicals,United States,Equity; Materials & Chemicals; Plain; United States
IYM,iShares U.S. Basic Materials ETF,Equity,Plain,Materials & Chemicals,United States,Equity; Materials & Chemicals; Plain; United States
MXI,iShares Global Materials ETF,Equity,Plain,Materials & Chemicals,Global,Equity; Global; Materials & Chemicals; Plain
PSCM,Invesco S&P SmallCap Materials ETF,Equity,Plain,Materials & Chemicals,United States,Equity; Materials & Chemicals; Plain; United States
SETM,Sprott Critical Materials ETF,Equity,Plain,Materials & Chemicals,United States,Equity; Materials & Chemicals; Plain; United States
VAW,Vanguard Materials ETF,Equity,Plain,Materials & Chemicals,United States,Equity; Materials & Chemicals; Plain; United States
XLB,State Street Materials Select Sector SPDR ETF,Equity,Plain,Materials & Chemicals,United States,Equity; Materials & Chemicals; Plain; United States
FMAT,Fidelity MSCI Materials Index ETF,Equity,Plain,Materials & Chemicals; Broad Market & Core Indices,United States,Broad Market & Core Indices; Equity; Materials & Chemicals; Plain; United States
RSPM,Invesco S&P 500 Equal Weight Materials ETF,Equity,Factor,Materials & Chemicals; Broad Market & Core Indices,United States,Broad Market & Core Indices; Equity; Factor; Materials & Chemicals; United States
PYZ,Invesco Dorsey Wright Basic Materials Momentum ETF,Equity,Factor,Materials & Chemicals; Growth & Momentum,United States,Equity; Factor; Growth & Momentum; Materials & Chemicals; United States
FIIG,First Trust Intermediate Duration Investment Grade Corporate ETF,Equity,Plain,Media & Entertainment,United States,Equity; Media & Entertainment; Plain; United States
GENT,Genter Capital Taxable Quality Intermediate ETF,Equity,Factor,Media & Entertainment,United States,Equity; Factor; Media & Entertainment; United States
MGOV,First Trust Intermediate Government Opportunities ETF,Equity,Plain,Media & Entertainment,United States,Equity; Media & Entertainment; Plain; United States
ODDS,Pacer BlueStar Digital Entertainment ETF,Equity,Plain,Media & Entertainment,United States,Equity; Media & Entertainment; Plain; United States
SOCL,Global X Social Media ETF,Equity,Plain,Media & Entertainment,Global,Equity; Global; Media & Entertainment; Plain
TXXI,BondBloxx IR+M Tax-Aware Intermediate Duration ETF,Equity,Plain,Media & Entertainment,United States,Equity; Media & Entertainment; Plain; United States
TSSD,Truth Social American Security & Defense ETF,Equity,Plain,Memory & Storage; Defense & Military,United States,Defense & Military; Equity; Memory & Storage; Plain; United States
IBAT,iShares Energy Storage & Materials ETF,Equity,Plain,Memory & Storage; Traditional Energy; Materials & Chemicals,United States,Equity; Materials & Chemicals; Memory & Storage; Plain; Traditional Energy; United States
IHE,iShares U.S. Pharmaceutical ETF,Equity,Plain,Pharmaceuticals,United States,Equity; Pharmaceuticals; Plain; United States
PJP,Invesco Pharmaceuticals ETF,Equity,Plain,Pharmaceuticals,United States,Equity; Pharmaceuticals; Plain; United States
PPH,VanEck Pharmaceutical ETF,Equity,Plain,Pharmaceuticals,United States,Equity; Pharmaceuticals; Plain; United States
XPH,State Street SPDR S&P Pharmaceuticals ETF,Equity,Plain,Pharmaceuticals,United States,Equity; Pharmaceuticals; Plain; United States
FTXH,First Trust Nasdaq Pharmaceuticals ETF,Equity,Plain,Pharmaceuticals; Broad Market & Core Indices,United States,Broad Market & Core Indices; Equity; Pharmaceuticals; Plain; United States
METL,Sprott Active Metals & Miners ETF,Equity,Active,Precious Metals,United States,Active; Equity; Precious Metals; United States
NIKL,Sprott Nickel Miners ETF,Equity,Plain,Precious Metals,United States,Equity; Plain; Precious Metals; United States
PALL,abrdn Physical Palladium Shares ETF,Equity,Plain,Precious Metals,United States,Equity; Plain; Precious Metals; United States
PLTM,GraniteShares Platinum Shares ETF,Equity,Plain,Precious Metals,United States,Equity; Plain; Precious Metals; United States
PPLT,abrdn Physical Platinum Shares ETF,Equity,Plain,Precious Metals,United States,Equity; Plain; Precious Metals; United States
SPPP,Sprott Physical Platinum and Palladium Trust,Equity,Plain,Precious Metals,United States,Equity; Plain; Precious Metals; United States
QPUX,Defiance 2X Daily Long Pure Quantum ETF,Equity,Plain,Quantum Computing,United States,Equity; Plain; Quantum Computing; United States
QTUM,Defiance Quantum ETF,Equity,Plain,Quantum Computing,United States,Equity; Plain; Quantum Computing; United States
XHB,State Street SPDR S&P Homebuilders ETF,Equity,Plain,Real Estate & REITs,United States,Equity; Plain; Real Estate & REITs; United States
RKNG,Defiance Retail Kings ETF,Equity,Plain,Retail,United States,Equity; Plain; Retail; United States
RTH,VanEck Retail ETF,Equity,Plain,Retail,United States,Equity; Plain; Retail; United States
XRT,State Street SPDR S&P Retail ETF,Equity,Plain,Retail,United States,Equity; Plain; Retail; United States
CHPS,Xtrackers Semiconductor Select Equity ETF,Equity,Plain,Semiconductor,United States,Equity; Plain; Semiconductor; United States
PSI,Invesco Semiconductors ETF,Equity,Plain,Semiconductor,United States,Equity; Plain; Semiconductor; United States
SEMY,GraniteShares YieldBOOST Semiconductor ETF,Equity,Dividend/Income,Semiconductor,United States,Dividend/Income; Equity; Semiconductor; United States
SHOC,Strive U.S. Semiconductor ETF,Equity,Plain,Semiconductor,United States,Equity; Plain; Semiconductor; United States
SMH,VanEck Semiconductor ETF,Equity,Plain,Semiconductor,United States,Equity; Plain; Semiconductor; United States
SMHX,VanEck Fabless Semiconductor ETF,Equity,Plain,Semiconductor,United States,Equity; Plain; Semiconductor; United States
SOXQ,Invesco PHLX Semiconductor ETF,Equity,Plain,Semiconductor,United States,Equity; Plain; Semiconductor; United States
SOXX,iShares PHLX SOX Semiconductor Sector Index Fund,Equity,Plain,Semiconductor,United States,Equity; Plain; Semiconductor; United States
XSD,State Street SPDR S&P Semiconductor ETF,Equity,Plain,Semiconductor,United States,Equity; Plain; Semiconductor; United States
CHPX,Global X AI Semiconductor & Quantum ETF,Equity,Plain,Semiconductor; AI & Machine Learning; Quantum Computing,Global,AI & Machine Learning; Equity; Global; Plain; Quantum Computing; Semiconductor
FTXL,First Trust Nasdaq Semiconductor ETF,Equity,Plain,Semiconductor; Broad Market & Core Indices,United States,Broad Market & Core Indices; Equity; Plain; Semiconductor; United States
GCAD,Gabelli Commercial Aerospace and Defense ETF,Equity,Plain,Space & Aerospace; Defense & Military,United States,Defense & Military; Equity; Plain; Space & Aerospace; United States
MISL,First Trust Indxx Aerospace & Defense ETF,Equity,Plain,Space & Aerospace; Defense & Military,United States,Defense & Military; Equity; Plain; Space & Aerospace; United States
PPA,Invesco Aerospace & Defense ETF,Equity,Plain,Space & Aerospace; Defense & Military,United States,Defense & Military; Equity; Plain; Space & Aerospace; United States
WAR,U.S. Global Technology and Aerospace & Defense ETF,Equity,Plain,Space & Aerospace; Defense & Military,Global; United States,Defense & Military; Equity; Global; Plain; Space & Aerospace; United States
XAR,State Street SPDR S&P Aerospace & Defense ETF,Equity,Plain,Space & Aerospace; Defense & Military,United States,Defense & Military; Equity; Plain; Space & Aerospace; United States
CSEN,Cohen & Steers Future of Energy Active ETF,Equity,Active,Traditional Energy,United States,Active; Equity; Traditional Energy; United States
DBE,Invesco DB Energy Fund,Equity,Plain,Traditional Energy,United States,Equity; Plain; Traditional Energy; United States
DRLL,Strive U.S. Energy ETF,Equity,Plain,Traditional Energy,United States,Equity; Plain; Traditional Energy; United States
DVXE,WEBs Energy XLE Defined Volatility ETF,Equity,Plain,Traditional Energy,United States,Equity; Plain; Traditional Energy; United States
FXN,First Trust Energy AlphaDEX Fund,Equity,Plain,Traditional Energy,United States,Equity; Plain; Traditional Energy; United States
IXC,iShares Global Energy ETF,Equity,Plain,Traditional Energy,Global,Equity; Global; Plain; Traditional Energy
IYE,iShares U.S. Energy ETF,Equity,Plain,Traditional Energy,United States,Equity; Plain; Traditional Energy; United States
PSCE,Invesco S&P SmallCap Energy ETF,Equity,Plain,Traditional Energy,United States,Equity; Plain; Traditional Energy; United States
PWER,Nomura Energy Transition ETF,Equity,Plain,Traditional Energy,United States,Equity; Plain; Traditional Energy; United States
PXE,Invesco Energy Exploration & Production ETF,Equity,Plain,Traditional Energy,United States,Equity; Plain; Traditional Energy; United States
SAGP,Strategas Global Policy Opportunities ETF,Equity,Plain,Traditional Energy,Global,Equity; Global; Plain; Traditional Energy
SAMT,Strategas Macro Thematic Opportunities ETF,Equity,Plain,Traditional Energy,United States,Equity; Plain; Traditional Energy; United States
SMOG,VanEck Low Carbon Energy ETF,Equity,Plain,Traditional Energy,United States,Equity; Plain; Traditional Energy; United States
SOLR,Guinness Atkinson Sustainable Energy ETF,Equity,ESG/Sustainable,Traditional Energy,United States,ESG/Sustainable; Equity; Traditional Energy; United States
TNGY,Tortoise Energy ETF,Equity,Plain,Traditional Energy,United States,Equity; Plain; Traditional Energy; United States
TSES,Truth Social American Energy Security ETF,Equity,Plain,Traditional Energy,United States,Equity; Plain; Traditional Energy; United States
UGA,United States Gasoline Fund LP,Equity,Plain,Traditional Energy,United States,Equity; Plain; Traditional Energy; United States
VDE,Vanguard Energy ETF,Equity,Plain,Traditional Energy,United States,Equity; Plain; Traditional Energy; United States
XLE,State Street Energy Select Sector SPDR ETF,Equity,Plain,Traditional Energy,United States,Equity; Plain; Traditional Energy; United States
XSPC,VegaShares SpaceX & Beyond Earth ETF,Equity,Plain,Traditional Energy,United States,Equity; Plain; Traditional Energy; United States
EEMX,State Street SPDR MSCI Emerging Markets Fossil Fuel Reserves Free ETF,Equity,Plain,Traditional Energy; Broad Market & Core Indices,Emerging Markets,Broad Market & Core Indices; Emerging Markets; Equity; Plain; Traditional Energy
EFAX,State Street SPDR MSCI EAFE Fossil Fuel Reserves Free ETF,Equity,Plain,Traditional Energy; Broad Market & Core Indices,Developed ex-US,Broad Market & Core Indices; Developed ex-US; Equity; Plain; Traditional Energy
FENY,Fidelity MSCI Energy Index ETF,Equity,Plain,Traditional Energy; Broad Market & Core Indices,United States,Broad Market & Core Indices; Equity; Plain; Traditional Energy; United States
GXPE,Global X PureCap MSCI Energy ETF,Equity,Plain,Traditional Energy; Broad Market & Core Indices,Global,Broad Market & Core Indices; Equity; Global; Plain; Traditional Energy
RSPG,Invesco S&P 500 Equal Weight Energy ETF,Equity,Factor,Traditional Energy; Broad Market & Core Indices,United States,Broad Market & Core Indices; Equity; Factor; Traditional Energy; United States
SPYX,State Street SPDR S&P 500 Fossil Fuel Reserves Free ETF,Equity,Plain,Traditional Energy; Broad Market & Core Indices,United States,Broad Market & Core Indices; Equity; Plain; Traditional Energy; United States
ACES,ALPS Clean Energy ETF,Equity,Plain,Traditional Energy; Clean Energy,United States,Clean Energy; Equity; Plain; Traditional Energy; United States
FAN,First Trust Global Wind Energy ETF,Equity,Plain,Traditional Energy; Clean Energy,Global,Clean Energy; Equity; Global; Plain; Traditional Energy
ICLN,iShares Global Clean Energy ETF,Equity,Plain,Traditional Energy; Clean Energy,Global,Clean Energy; Equity; Global; Plain; Traditional Energy
PBD,Invesco Global Clean Energy ETF,Equity,Plain,Traditional Energy; Clean Energy,Global,Clean Energy; Equity; Global; Plain; Traditional Energy
PBW,Invesco WilderHill Clean Energy ETF,Equity,Plain,Traditional Energy; Clean Energy,United States,Clean Energy; Equity; Plain; Traditional Energy; United States
RNRG,Global X Renewable Energy Producers ETF,Equity,Plain,Traditional Energy; Clean Energy,Global,Clean Energy; Equity; Global; Plain; Traditional Energy
VCLN,Virtus Duff & Phelps Clean Energy ETF,Equity,Plain,Traditional Energy; Clean Energy,United States,Clean Energy; Equity; Plain; Traditional Energy; United States
QCLN,First Trust NASDAQ Clean Edge Green Energy Index Fund,Equity,Plain,Traditional Energy; Clean Energy; Broad Market & Core Indices,United States,Broad Market & Core Indices; Clean Energy; Equity; Plain; Traditional Energy; United States
NDIV,Amplify Energy & Natural Resources Covered Call ETF,Equity,Covered Call,Traditional Energy; Dividend & Income,United States,Covered Call; Dividend & Income; Equity; Traditional Energy; United States
PXI,Invesco Dorsey Wright Energy Momentum ETF,Equity,Factor,Traditional Energy; Growth & Momentum,United States,Equity; Factor; Growth & Momentum; Traditional Energy; United States
SAMM,Strategas Macro Momentum ETF,Equity,Factor,Traditional Energy; Growth & Momentum,United States,Equity; Factor; Growth & Momentum; Traditional Energy; United States
EMLP,First Trust North American Energy Infrastructure Fund,Equity,Plain,Traditional Energy; Infrastructure,United States,Equity; Infrastructure; Plain; Traditional Energy; United States
ENFR,Alerian Energy Infrastructure ETF,Equity,Plain,Traditional Energy; Infrastructure,United States,Equity; Infrastructure; Plain; Traditional Energy; United States
KNRG,Simplify Kayne Anderson Energy and Infrastructure Credit ETF,Equity,Plain,Traditional Energy; Infrastructure,United States,Equity; Infrastructure; Plain; Traditional Energy; United States
MLPX,Global X MLP & Energy Infrastructure ETF,Equity,Plain,Traditional Energy; Infrastructure,Global,Equity; Global; Infrastructure; Plain; Traditional Energy
NBET,Neuberger Energy Transition & Infrastructure ETF,Equity,Plain,Traditional Energy; Infrastructure,United States,Equity; Infrastructure; Plain; Traditional Energy; United States
USAI,Pacer American Energy Infrastructure ETF,Equity,Plain,Traditional Energy; Infrastructure,United States,Equity; Infrastructure; Plain; Traditional Energy; United States
MLPD,Global X MLP & Energy Infrastructure Covered Call ETF,Equity,Covered Call,Traditional Energy; Infrastructure; Dividend & Income,Global,Covered Call; Dividend & Income; Equity; Global; Infrastructure; Traditional Energy
NVIR,Horizon Kinetics Energy and Remediation ETF,Equity,Plain,Traditional Energy; Media & Entertainment,United States,Equity; Media & Entertainment; Plain; Traditional Energy; United States
AWAY,Amplify Travel Tech ETF,Equity,Plain,Travel & Hospitality,United States,Equity; Plain; Travel & Hospitality; United States
BEDZ,AdvisorShares Hotel ETF,Equity,Plain,Travel & Hospitality,United States,Equity; Plain; Travel & Hospitality; United States
PEJ,Invesco Leisure and Entertainment ETF,Equity,Plain,Travel & Hospitality; Media & Entertainment,United States,Equity; Media & Entertainment; Plain; Travel & Hospitality; United States
NUKZ,Range Nuclear Renaissance Index ETF,Equity,Plain,Uranium & Nuclear,United States,Equity; Plain; United States; Uranium & Nuclear
RCTR,First Trust Bloomberg Nuclear Power ETF,Equity,Plain,Uranium & Nuclear,United States,Equity; Plain; United States; Uranium & Nuclear
SMRF,"ALPS Nautilus SMR, Nuclear & Technology ETF",Equity,Plain,Uranium & Nuclear,United States,Equity; Plain; United States; Uranium & Nuclear
TNUK,Tortoise Nuclear Renaissance ETF,Equity,Plain,Uranium & Nuclear,United States,Equity; Plain; United States; Uranium & Nuclear
DVUT,WEBs Utilities XLU Defined Volatility ETF,Equity,Plain,Utilities,United States,Equity; Plain; United States; Utilities
FXU,First Trust Utilities AlphaDEX Fund,Equity,Plain,Utilities,United States,Equity; Plain; United States; Utilities
IDU,iShares U.S. Utilities ETF,Equity,Plain,Utilities,United States,Equity; Plain; United States; Utilities
JXI,iShares Global Utilities ETF,Equity,Plain,Utilities,Global,Equity; Global; Plain; Utilities
PSCU,Invesco S&P SmallCap Utilities & Communication Services ETF,Equity,Plain,Utilities,United States,Equity; Plain; United States; Utilities
UTES,Virtus Reaves Utilities ETF,Equity,Plain,Utilities,United States,Equity; Plain; United States; Utilities
VPU,Vanguard Utilities ETF,Equity,Plain,Utilities,United States,Equity; Plain; United States; Utilities
XLU,State Street Utilities Select Sector SPDR ETF,Equity,Plain,Utilities,United States,Equity; Plain; United States; Utilities
FUTY,Fidelity MSCI Utilities Index ETF,Equity,Plain,Utilities; Broad Market & Core Indices,United States,Broad Market & Core Indices; Equity; Plain; United States; Utilities
RSPU,Invesco S&P 500 Equal Weight Utilities ETF,Equity,Factor,Utilities; Broad Market & Core Indices,United States,Broad Market & Core Indices; Equity; Factor; United States; Utilities
PUI,Invesco Dorsey Wright Utilities Momentum ETF,Equity,Factor,Utilities; Growth & Momentum,United States,Equity; Factor; Growth & Momentum; United States; Utilities
ABEQ,Absolute Select Value ETF,Equity,Factor,Value & Quality,United States,Equity; Factor; United States; Value & Quality
ACVF,American Conservative Values ETF,Equity,Factor,Value & Quality,United States,Equity; Factor; United States; Value & Quality
ASLV,Allspring Special Large Value ETF,Equity,Factor,Value & Quality,United States,Equity; Factor; United States; Value & Quality
AVES,Avantis Emerging Markets Value ETF,Equity,Factor,Value & Quality,Emerging Markets,Emerging Markets; Equity; Factor; Value & Quality
AVGV,Avantis All Equity Markets Value ETF,Equity,Factor,Value & Quality,United States,Equity; Factor; United States; Value & Quality
AVNV,Avantis All International Markets Value ETF,Equity,Factor,Value & Quality,United States,Equity; Factor; United States; Value & Quality
BAIV,Brown Advisory International Value Select ETF,Equity,Factor,Value & Quality,United States,Equity; Factor; United States; Value & Quality
BASV,Brown Advisory Sustainable Value ETF,Equity,ESG/Sustainable; Factor,Value & Quality,United States,ESG/Sustainable; Equity; Factor; United States; Value & Quality
BKDV,BNY Mellon Dynamic Value ETF,Equity,Factor,Value & Quality,United States,Equity; Factor; United States; Value & Quality
BSVO,EA Bridgeway Omni Small-Cap Value ETF,Equity,Factor,Value & Quality,United States,Equity; Factor; United States; Value & Quality
CAMX,Cambiar Aggressive Value ETF,Equity,Factor,Value & Quality,United States,Equity; Factor; United States; Value & Quality
CEFA,Global X S&P Catholic Values Developed ex-U.S. ETF,Equity,Factor,Value & Quality,Developed ex-US; Global; United States,Developed ex-US; Equity; Factor; Global; United States; Value & Quality
CGV,Conductor Global Equity Value ETF,Equity,Factor,Value & Quality,Global,Equity; Factor; Global; Value & Quality
CGVV,Capital Group U.S. Large Value ETF,Equity,Factor,Value & Quality,United States,Equity; Factor; United States; Value & Quality
COPY,"Tweedy, Browne Insider + Value ETF",Equity,Factor,Value & Quality,United States,Equity; Factor; United States; Value & Quality
DEEP,Acquirers Small and Micro Deep Value ETF,Equity,Factor,Value & Quality,United States,Equity; Factor; United States; Value & Quality
DFAT,Dimensional U.S. Targeted Value ETF,Equity,Factor,Value & Quality,United States,Equity; Factor; United States; Value & Quality
DFEV,Dimensional Emerging Markets Value ETF,Equity,Factor,Value & Quality,Emerging Markets,Emerging Markets; Equity; Factor; Value & Quality
DFIV,Dimensional International Value ETF,Equity,Factor,Value & Quality,United States,Equity; Factor; United States; Value & Quality
DFUV,Dimensional US Marketwide Value ETF,Equity,Factor,Value & Quality,United States,Equity; Factor; United States; Value & Quality
DSTL,Distillate U.S. Fundamental Stability & Value ETF,Equity,Factor,Value & Quality,United States,Equity; Factor; United States; Value & Quality
DSTX,Distillate International Fundamental Stability & Value ETF,Equity,Factor,Value & Quality,United States,Equity; Factor; United States; Value & Quality
DTAN,Sparkline International Intangible Value ETF,Equity,Factor,Value & Quality,United States,Equity; Factor; United States; Value & Quality
ECML,Euclidean Fundamental Value ETF,Equity,Factor,Value & Quality,United States,Equity; Factor; United States; Value & Quality
EELV,Invesco S&P Emerging Markets Low Volatility ETF,Equity,Factor,Value & Quality,Emerging Markets,Emerging Markets; Equity; Factor; Value & Quality
FAB,First Trust Multi Cap Value AlphaDEX Fund,Equity,Factor,Value & Quality,United States,Equity; Factor; United States; Value & Quality
FDLO,Fidelity Low Volatility Factor ETF,Equity,Factor,Value & Quality,United States,Equity; Factor; United States; Value & Quality
FIVA,Fidelity International Value Factor ETF,Equity,Factor,Value & Quality,United States,Equity; Factor; United States; Value & Quality
FQAL,Fidelity Quality Factor ETF,Equity,Factor,Value & Quality,United States,Equity; Factor; United States; Value & Quality
FVAL,Fidelity Value Factor ETF,Equity,Factor,Value & Quality,United States,Equity; Factor; United States; Value & Quality
GMOI,GMO International Value ETF,Equity,Factor,Value & Quality,United States,Equity; Factor; United States; Value & Quality
GMOV,GMO US Value ETF,Equity,Factor,Value & Quality,United States,Equity; Factor; United States; Value & Quality
GVLE,Goldman Sachs Value Opportunities ETF,Equity,Factor,Value & Quality,United States,Equity; Factor; United States; Value & Quality
GVLU,Gotham 1000 Value ETF,Equity,Factor,Value & Quality,United States,Equity; Factor; United States; Value & Quality
ICPY,"Tweedy, Browne International Insider + Value ETF",Equity,Factor,Value & Quality,United States,Equity; Factor; United States; Value & Quality
IDLV,Invesco S&P International Developed Low Volatility ETF,Equity,Factor,Value & Quality,Developed ex-US,Developed ex-US; Equity; Factor; Value & Quality
IJJ,iShares S&P Mid-Cap 400 Value ETF,Equity,Factor,Value & Quality,United States,Equity; Factor; United States; Value & Quality
IJS,iShares S&P SmallCap 600 Value ETF,Equity,Factor,Value & Quality,United States,Equity; Factor; United States; Value & Quality
ILCV,iShares Morningstar Large-Cap  Value ETF,Equity,Factor,Value & Quality,United States,Equity; Factor; United States; Value & Quality
ILOW,AB International Low Volatility Equity ETF,Equity,Factor,Value & Quality,United States,Equity; Factor; United States; Value & Quality
IMCV,iShares Morningstar Mid-Cap Value ETF,Equity,Factor,Value & Quality,United States,Equity; Factor; United States; Value & Quality
ISCV,iShares Morningstar Small-Cap Value ETF,Equity,Factor,Value & Quality,United States,Equity; Factor; United States; Value & Quality
ITAN,Sparkline Intangible Value ETF,Equity,Factor,Value & Quality,United States,Equity; Factor; United States; Value & Quality
IUSV,iShares Core S&P U.S. Value ETF,Equity,Factor,Value & Quality,United States,Equity; Factor; United States; Value & Quality
IVAL,Alpha Architect International Quantitative Value ETF,Equity,Factor,Value & Quality,United States,Equity; Factor; United States; Value & Quality
IVOV,Vanguard S&P Mid-Cap 400 Value ETF,Equity,Factor,Value & Quality,United States,Equity; Factor; United States; Value & Quality
JAVA,JPMorgan Active Value ETF,Equity,Active; Factor,Value & Quality,United States,Active; Equity; Factor; United States; Value & Quality
JDVI,John Hancock Disciplined Value International Select ETF,Equity,Factor,Value & Quality,United States,Equity; Factor; United States; Value & Quality
JDVL,John Hancock Disciplined Value Select ETF,Equity,Factor,Value & Quality,United States,Equity; Factor; United States; Value & Quality
JIVE,JPMorgan International Value ETF,Equity,Factor,Value & Quality,United States,Equity; Factor; United States; Value & Quality
JQUA,JPMorgan U.S. Quality Factor ETF,Equity,Factor,Value & Quality,United States,Equity; Factor; United States; Value & Quality
JVAL,JPMorgan U.S. Value Factor ETF,Equity,Factor,Value & Quality,United States,Equity; Factor; United States; Value & Quality
LOWV,AB US Low Volatility Equity ETF,Equity,Factor,Value & Quality,United States,Equity; Factor; United States; Value & Quality
LSVD,LSV Disciplined Value ETF,Equity,Factor,Value & Quality,United States,Equity; Factor; United States; Value & Quality
LVDS,JPMorgan Fundamental Data Science Large Value ETF,Equity,Factor,Value & Quality,United States,Equity; Factor; United States; Value & Quality
MAVF,Matrix Advisors Value ETF,Equity,Factor,Value & Quality,United States,Equity; Factor; United States; Value & Quality
MFSV,MFS Active Value ETF,Equity,Active; Factor,Value & Quality,United States,Active; Equity; Factor; United States; Value & Quality
MFVL,Motley Fool Value Factor ETF,Equity,Factor,Value & Quality,United States,Equity; Factor; United States; Value & Quality
MGV,Vanguard Mega Cap Value ETF,Equity,Factor,Value & Quality,United States,Equity; Factor; United States; Value & Quality
MIVL,MFS Active International Value ETF,Equity,Active; Factor,Value & Quality,United States,Active; Equity; Factor; United States; Value & Quality
MVPA,Miller Value Partners Appreciation ETF,Equity,Factor,Value & Quality,United States,Equity; Factor; United States; Value & Quality
PJFV,PGIM Jennison Focused Value ETF,Equity,Factor,Value & Quality,United States,Equity; Factor; United States; Value & Quality
PRVS,Parnassus Value Select ETF,Equity,Factor,Value & Quality,United States,Equity; Factor; United States; Value & Quality
PY,Principal Value ETF,Equity,Factor,Value & Quality,United States,Equity; Factor; United States; Value & Quality
PZIV,Pzena International Value ETF,Equity,Factor,Value & Quality,United States,Equity; Factor; United States; Value & Quality
QLV,FlexShares US Quality Low Volatility Index Fund,Equity,Factor,Value & Quality,United States,Equity; Factor; United States; Value & Quality
QLVD,FlexShares Developed Markets ex-US Quality Low Volatility Index Fund,Equity,Factor,Value & Quality,Developed ex-US; United States,Developed ex-US; Equity; Factor; United States; Value & Quality
QLVE,FlexShares Emerging Markets  Quality Low Volatility Index Fund,Equity,Factor,Value & Quality,Emerging Markets,Emerging Markets; Equity; Factor; Value & Quality
QQLV,Invesco QQQ Low Volatility ETF,Equity,Factor,Value & Quality,United States,Equity; Factor; United States; Value & Quality
QVAL,Alpha Architect U.S. Quantitative Value ETF,Equity,Factor,Value & Quality,United States,Equity; Factor; United States; Value & Quality
REVS,Columbia Research Enhanced Value ETF,Equity,Factor,Value & Quality,United States,Equity; Factor; United States; Value & Quality
RFV,Invesco S&P MidCap 400 Pure Value ETF,Equity,Factor,Value & Quality,United States,Equity; Factor; United States; Value & Quality
RZV,Invesco S&P SmallCap 600 Pure Value ETF,Equity,Factor,Value & Quality,United States,Equity; Factor; United States; Value & Quality
SASS,M.D. Sass Concentrated Value ETF,Equity,Factor,Value & Quality,United States,Equity; Factor; United States; Value & Quality
SCHV,Schwab U.S. Large-Cap Value ETF,Equity,Factor,Value & Quality,United States,Equity; Factor; United States; Value & Quality
SFGV,Sequoia Global Value ETF,Equity,Factor,Value & Quality,Global,Equity; Factor; Global; Value & Quality
SQLV,Royce Quant Small-Cap Quality Value ETF,Equity,Factor,Value & Quality,United States,Equity; Factor; United States; Value & Quality
STXV,Strive 1000 Value ETF,Equity,Factor,Value & Quality,United States,Equity; Factor; United States; Value & Quality
TALV,Transamerica Large Value Active ETF,Equity,Active; Factor,Value & Quality,United States,Active; Equity; Factor; United States; Value & Quality
TCV,Towle Value ETF,Equity,Factor,Value & Quality,United States,Equity; Factor; United States; Value & Quality
TGLR,Wedbush LAFFER TENGLER New Era Value ETF,Equity,Factor,Value & Quality,United States,Equity; Factor; United States; Value & Quality
THLV,THOR Equal Weight Low Volatility ETF,Equity,Factor,Value & Quality,United States,Equity; Factor; United States; Value & Quality
TIIV,AAM Todd International Intrinsic Value ETF,Equity,Factor,Value & Quality,United States,Equity; Factor; United States; Value & Quality
TVAL,T. Rowe Price Value ETF,Equity,Factor,Value & Quality,United States,Equity; Factor; United States; Value & Quality
USMD,CoreValues America First Technology ETF,Equity,Factor,Value & Quality,United States,Equity; Factor; United States; Value & Quality
VALQ,American Century U.S. Quality Value ETF,Equity,Factor,Value & Quality,United States,Equity; Factor; United States; Value & Quality
VBR,Vanguard Small-Cap Value ETF,Equity,Factor,Value & Quality,United States,Equity; Factor; United States; Value & Quality
VIOV,Vanguard S&P Small-Cap 600 Value ETF,Equity,Factor,Value & Quality,United States,Equity; Factor; United States; Value & Quality
VLU,State Street SPDR S&P 1500 Value Tilt ETF,Equity,Factor,Value & Quality,United States,Equity; Factor; United States; Value & Quality
VOE,Vanguard Mid-Cap Value ETF,Equity,Factor,Value & Quality,United States,Equity; Factor; United States; Value & Quality
VSMV,VictoryShares US Multi-Factor Minimum Volatility ETF,Equity,Plain,Value & Quality,United States,Equity; Plain; United States; Value & Quality
VTV,Vanguard Value ETF,Equity,Factor,Value & Quality,United States,Equity; Factor; United States; Value & Quality
WTV,WisdomTree U.S. Value Fund,Equity,Factor,Value & Quality,United States,Equity; Factor; United States; Value & Quality
XMLV,Invesco S&P MidCap Low Volatility ETF,Equity,Factor,Value & Quality,United States,Equity; Factor; United States; Value & Quality
XSLV,Invesco S&P SmallCap Low Volatility ETF,Equity,Factor,Value & Quality,United States,Equity; Factor; United States; Value & Quality
ALLW,State Street Bridgewater All Weather ETF,Equity,Plain,Water & Environment,United States,Equity; Plain; United States; Water & Environment
AQWA,Global X Clean Water ETF,Equity,Plain,Water & Environment,Global,Equity; Global; Plain; Water & Environment
CGW,Invesco S&P Global Water Index ETF,Equity,Plain,Water & Environment,Global,Equity; Global; Plain; Water & Environment
FIW,First Trust Water ETF,Equity,Plain,Water & Environment,United States,Equity; Plain; United States; Water & Environment
LOUP,Innovator Deepwater Frontier Tech ETF,Equity,Plain,Water & Environment,United States,Equity; Plain; United States; Water & Environment
PHO,Invesco Water Resources ETF,Equity,Plain,Water & Environment,United States,Equity; Plain; United States; Water & Environment
PIO,Invesco Global Water ETF,Equity,Plain,Water & Environment,Global,Equity; Global; Plain; Water & Environment
RW,Rainwater Equity ETF,Equity,Plain,Water & Environment,United States,Equity; Plain; United States; Water & Environment
TBLU,Tortoise Global Water ETF,Equity,Plain,Water & Environment,Global,Equity; Global; Plain; Water & Environment
AAA,Alternative Access First Priority CLO Bond ETF,Fixed Income,Plain,Broad Market,United States,Broad Market; Fixed Income; Plain; United States
ACVT,Advent Convertible Bond ETF,Fixed Income,Plain,Broad Market,United States,Broad Market; Fixed Income; Plain; United States
AGGH,Simplify Aggregate Bond ETF,Fixed Income,Plain,Broad Market,United States,Broad Market; Fixed Income; Plain; United States
AGGS,Harbor Disciplined Bond ETF,Fixed Income,Plain,Broad Market,United States,Broad Market; Fixed Income; Plain; United States
AGGY,WisdomTree Yield Enhanced U.S. Aggregate Bond Fund,Fixed Income,Dividend/Income,Broad Market,United States,Broad Market; Dividend/Income; Fixed Income; United States
AGZD,WisdomTree Interest Rate Hedged U.S. Aggregate Bond Fund,Fixed Income,Plain,Broad Market,United States,Broad Market; Fixed Income; Plain; United States
APCB,ActivePassive Core Bond ETF,Fixed Income,Active,Broad Market,United States,Active; Broad Market; Fixed Income; United States
BAB,Invesco Taxable Municipal Bond ETF,Fixed Income,Municipal Bond,Broad Market,United States,Broad Market; Fixed Income; Municipal Bond; United States
BBBI,BondBloxx BBB Rated 5-10 Year Corporate Bond ETF,Fixed Income,Plain,Broad Market,United States,Broad Market; Fixed Income; Plain; United States
BBBL,BondBloxx BBB Rated 10+ Year Corporate Bond ETF,Fixed Income,Plain,Broad Market,United States,Broad Market; Fixed Income; Plain; United States
BBBS,BondBloxx BBB Rated 1-5 Year Corporate Bond ETF,Fixed Income,Plain,Broad Market,United States,Broad Market; Fixed Income; Plain; United States
BDBT,Bluemonte Core Bond ETF,Fixed Income,Plain,Broad Market,United States,Broad Market; Fixed Income; Plain; United States
BFIX,Build Bond Innovation ETF,Fixed Income,Plain,Broad Market,United States,Broad Market; Fixed Income; Plain; United States
BIL,State Street SPDR Bloomberg 1-3 Month T-Bill ETF,Fixed Income,Plain,Broad Market,United States,Broad Market; Fixed Income; Plain; United States
BILS,State Street SPDR Bloomberg 3-12 Month T-Bill ETF,Fixed Income,Plain,Broad Market,United States,Broad Market; Fixed Income; Plain; United States
BKAG,BNY Mellon Core Bond ETF,Fixed Income,Plain,Broad Market,United States,Broad Market; Fixed Income; Plain; United States
BKFI,BNY Mellon Active Core Bond ETF,Fixed Income,Active,Broad Market,United States,Active; Broad Market; Fixed Income; United States
BLTD,Bluemonte Long Term Bond ETF,Fixed Income,Plain,Broad Market,United States,Broad Market; Fixed Income; Plain; United States
BLV,Vanguard Long-Term Bond ETF,Fixed Income,Plain,Broad Market,United States,Broad Market; Fixed Income; Plain; United States
BMOP,BNY Mellon Municipal Opportunities ETF,Fixed Income,Municipal Bond,Broad Market,United States,Broad Market; Fixed Income; Municipal Bond; United States
BND,Vanguard Total Bond Market ETF,Fixed Income,Plain,Broad Market,United States,Broad Market; Fixed Income; Plain; United States
BNDP,Vanguard Core-Plus Bond Index ETF,Fixed Income,Plain,Broad Market,United States,Broad Market; Fixed Income; Plain; United States
BNDW,Vanguard Total World Bond ETF,Fixed Income,Plain,Broad Market,Global,Broad Market; Fixed Income; Global; Plain
BNDX,Vanguard Total International Bond ETF,Fixed Income,Plain,Broad Market,United States,Broad Market; Fixed Income; Plain; United States
BOND,PIMCO Active Bond Exchange-Traded Fund Exchange-Traded Fund,Fixed Income,Active,Broad Market,United States,Active; Broad Market; Fixed Income; United States
BRIB,FIS Bright Portfolios Core Bond ETF,Fixed Income,Plain,Broad Market,United States,Broad Market; Fixed Income; Plain; United States
BWX,State Street SPDR Bloomberg International Treasury Bond ETF,Fixed Income,Plain,Broad Market,United States,Broad Market; Fixed Income; Plain; United States
CATF,American Century California Municipal Bond ETF,Fixed Income,Municipal Bond,Broad Market,United States,Broad Market; Fixed Income; Municipal Bond; United States
CBON,VanEck China Bond ETF,Fixed Income,Plain,Broad Market,China,Broad Market; China; Fixed Income; Plain
CCRP,Columbia Corporate Bond ETF,Fixed Income,Plain,Broad Market,United States,Broad Market; Fixed Income; Plain; United States
CGCB,Capital Group Core Bond ETF,Fixed Income,Plain,Broad Market,United States,Broad Market; Fixed Income; Plain; United States
CLIP,Global X 1-3 Month T-Bill ETF,Fixed Income,Plain,Broad Market,Global,Broad Market; Fixed Income; Global; Plain
CORB,AB Core Bond ETF,Fixed Income,Plain,Broad Market,United States,Broad Market; Fixed Income; Plain; United States
CORP,PIMCO Investment Grade Corporate Bond Index Exchange-Traded Fund,Fixed Income,Plain,Broad Market,United States,Broad Market; Fixed Income; Plain; United States
CPAG,F/m Compoundr U.S. Aggregate Bond ETF,Fixed Income,Plain,Broad Market,United States,Broad Market; Fixed Income; Plain; United States
CPLB,NYLI MacKay Core Plus Bond ETF,Fixed Income,Plain,Broad Market,United States,Broad Market; Fixed Income; Plain; United States
CPLS,AB Core Plus Bond ETF,Fixed Income,Plain,Broad Market,United States,Broad Market; Fixed Income; Plain; United States
CRUX,Columbia Core Bond ETF,Fixed Income,Plain,Broad Market,United States,Broad Market; Fixed Income; Plain; United States
CRXP,Columbia Core Plus Bond ETF,Fixed Income,Plain,Broad Market,United States,Broad Market; Fixed Income; Plain; United States
DBND,DoubleLine Opportunistic Core Bond ETF,Fixed Income,Plain,Broad Market,United States,Broad Market; Fixed Income; Plain; United States
DFCA,Dimensional California Municipal Bond ETF,Fixed Income,Municipal Bond,Broad Market,United States,Broad Market; Fixed Income; Municipal Bond; United States
DFNM,Dimensional National Municipal Bond ETF,Fixed Income,Municipal Bond,Broad Market,United States,Broad Market; Fixed Income; Municipal Bond; United States
DYNB,Hartford Dynamic Bond ETF,Fixed Income,Plain,Broad Market,United States,Broad Market; Fixed Income; Plain; United States
EBND,State Street SPDR Bloomberg Emerging Markets Local Bond ETF,Fixed Income,Plain,Broad Market,Emerging Markets,Broad Market; Emerging Markets; Fixed Income; Plain
EDV,Vanguard Extended Duration Treasury ETF,Fixed Income,Plain,Broad Market,United States,Broad Market; Fixed Income; Plain; United States
EMBD,Global X Emerging Markets Bond ETF,Fixed Income,Plain,Broad Market,Emerging Markets; Global,Broad Market; Emerging Markets; Fixed Income; Global; Plain
EMBX,VanEck Emerging Markets Bond ETF,Fixed Income,Plain,Broad Market,Emerging Markets,Broad Market; Emerging Markets; Fixed Income; Plain
EMCB,WisdomTree Emerging Markets Corporate Bond Fund,Fixed Income,Plain,Broad Market,Emerging Markets,Broad Market; Emerging Markets; Fixed Income; Plain
EVTR,Eaton Vance Total Return Bond ETF,Fixed Income,Plain,Broad Market,United States,Broad Market; Fixed Income; Plain; United States
EYEG,AB Corporate Bond ETF,Fixed Income,Plain,Broad Market,United States,Broad Market; Fixed Income; Plain; United States
FBND,Fidelity Total Bond ETF,Fixed Income,Plain,Broad Market,United States,Broad Market; Fixed Income; Plain; United States
FCBD,Frontier Asset Core Bond ETF,Fixed Income,Plain,Broad Market,United States,Broad Market; Fixed Income; Plain; United States
FCOR,Fidelity Corporate Bond ETF,Fixed Income,Plain,Broad Market,United States,Broad Market; Fixed Income; Plain; United States
FIGB,Fidelity Investment Grade Bond ETF,Fixed Income,Plain,Broad Market,United States,Broad Market; Fixed Income; Plain; United States
FIXT,TCW Core Plus Bond ETF,Fixed Income,Plain,Broad Market,United States,Broad Market; Fixed Income; Plain; United States
FLCB,Franklin U.S. Core Bond ETF,Fixed Income,Plain,Broad Market,United States,Broad Market; Fixed Income; Plain; United States
FLDB,Fidelity Low Duration Bond ETF,Fixed Income,Plain,Broad Market,United States,Broad Market; Fixed Income; Plain; United States
FLGV,Franklin U.S. Treasury Bond ETF,Fixed Income,Plain,Broad Market,United States,Broad Market; Fixed Income; Plain; United States
FLMB,Franklin Municipal Green Bond ETF,Fixed Income,Municipal Bond,Broad Market,United States,Broad Market; Fixed Income; Municipal Bond; United States
FLMI,Franklin Dynamic Municipal Bond ETF,Fixed Income,Municipal Bond,Broad Market,United States,Broad Market; Fixed Income; Municipal Bond; United States
FLTB,Fidelity Limited Term Bond ETF,Fixed Income,Plain,Broad Market,United States,Broad Market; Fixed Income; Plain; United States
FMB,First Trust Managed Municipal ETF,Fixed Income,Municipal Bond,Broad Market,United States,Broad Market; Fixed Income; Municipal Bond; United States
FMUB,Fidelity Municipal Bond Opportunities ETF,Fixed Income,Municipal Bond,Broad Market,United States,Broad Market; Fixed Income; Municipal Bond; United States
FMUN,Fidelity Systematic Municipal Bond Index ETF,Fixed Income,Municipal Bond,Broad Market,United States,Broad Market; Fixed Income; Municipal Bond; United States
FTBD,Fidelity Tactical Bond ETF,Fixed Income,Plain,Broad Market,United States,Broad Market; Fixed Income; Plain; United States
FTRB,Federated Hermes Total Return Bond ETF,Fixed Income,Plain,Broad Market,United States,Broad Market; Fixed Income; Plain; United States
GAEM,Simplify Gamma Emerging Market Bond ETF,Fixed Income,Plain,Broad Market,Emerging Markets,Broad Market; Emerging Markets; Fixed Income; Plain
GBIL,Goldman Sachs Access Treasury 0-1 Year ETF,Fixed Income,Plain,Broad Market,United States,Broad Market; Fixed Income; Plain; United States
GBND,Goldman Sachs Core Bond ETF,Fixed Income,Plain,Broad Market,United States,Broad Market; Fixed Income; Plain; United States
GCOR,Goldman Sachs Access U.S. Aggregate Bond ETF,Fixed Income,Plain,Broad Market,United States,Broad Market; Fixed Income; Plain; United States
GIGB,Goldman Sachs Access Investment Grade Corporate Bond ETF,Fixed Income,Plain,Broad Market,United States,Broad Market; Fixed Income; Plain; United States
GIGL,Goldman Sachs Corporate Bond ETF,Fixed Income,Plain,Broad Market,United States,Broad Market; Fixed Income; Plain; United States
GOVI,Invesco Equal Weight 0-30 Year Treasury ETF,Fixed Income,Factor,Broad Market,United States,Broad Market; Factor; Fixed Income; United States
GRNB,VanEck Green Bond ETF,Fixed Income,Plain,Broad Market,United States,Broad Market; Fixed Income; Plain; United States
GTO,Invesco Total Return Bond ETF,Fixed Income,Plain,Broad Market,United States,Broad Market; Fixed Income; Plain; United States
GXIG,Global X Investment Grade Corporate Bond ETF,Fixed Income,Plain,Broad Market,Global,Broad Market; Fixed Income; Global; Plain
HBDC,Hilton BDC Corporate Bond ETF,Fixed Income,Plain,Broad Market,United States,Broad Market; Fixed Income; Plain; United States
HBRD,Invesco U.S. Hybrid Bond ETF,Fixed Income,Plain,Broad Market,United States,Broad Market; Fixed Income; Plain; United States
HMOP,Hartford Municipal Opportunities ETF,Fixed Income,Municipal Bond,Broad Market,United States,Broad Market; Fixed Income; Municipal Bond; United States
HTAB,Hartford Schroders Tax-Aware Bond ETF,Fixed Income,Plain,Broad Market,United States,Broad Market; Fixed Income; Plain; United States
HTAX,Nomura National High-Yield Municipal Bond ETF,Fixed Income,Dividend/Income; Municipal Bond,Broad Market,United States,Broad Market; Dividend/Income; Fixed Income; Municipal Bond; United States
HTRB,Hartford Total Return Bond ETF,Fixed Income,Plain,Broad Market,United States,Broad Market; Fixed Income; Plain; United States
IBD,Inspire Corporate Bond ETF,Fixed Income,Plain,Broad Market,United States,Broad Market; Fixed Income; Plain; United States
IBND,State Street SPDR Bloomberg International Corporate Bond ETF,Fixed Income,Plain,Broad Market,United States,Broad Market; Fixed Income; Plain; United States
IGCB,TCW Corporate Bond ETF,Fixed Income,Plain,Broad Market,United States,Broad Market; Fixed Income; Plain; United States
ILS,Brookmont Catastrophic Bond ETF,Fixed Income,Plain,Broad Market,United States,Broad Market; Fixed Income; Plain; United States
JBND,JPMorgan Active Bond ETF,Fixed Income,Active,Broad Market,United States,Active; Broad Market; Fixed Income; United States
JCAL,JPMorgan California Tax Free Bond ETF,Fixed Income,Plain,Broad Market,United States,Broad Market; Fixed Income; Plain; United States
JCPB,JPMorgan Core Plus Bond ETF,Fixed Income,Plain,Broad Market,United States,Broad Market; Fixed Income; Plain; United States
JCPI,JPMorgan Inflation Managed Bond ETF,Fixed Income,Plain,Broad Market,United States,Broad Market; Fixed Income; Plain; United States
JHCB,John Hancock Corporate Bond ETF,Fixed Income,Plain,Broad Market,United States,Broad Market; Fixed Income; Plain; United States
JHCP,John Hancock Core Plus Bond ETF,Fixed Income,Plain,Broad Market,United States,Broad Market; Fixed Income; Plain; United States
JHCR,John Hancock Core Bond ETF,Fixed Income,Plain,Broad Market,United States,Broad Market; Fixed Income; Plain; United States
JHMU,John Hancock Dynamic Municipal Bond ETF,Fixed Income,Municipal Bond,Broad Market,United States,Broad Market; Fixed Income; Municipal Bond; United States
JLQD,Janus Henderson Corporate Bond ETF,Fixed Income,Plain,Broad Market,United States,Broad Market; Fixed Income; Plain; United States
JMMF,JPMorgan 100% U.S. Treasury Securities Money Market ETF,Fixed Income,Plain,Broad Market,United States,Broad Market; Fixed Income; Plain; United States
JMUB,JPMorgan Municipal ETF,Fixed Income,Municipal Bond,Broad Market,United States,Broad Market; Fixed Income; Municipal Bond; United States
JPIB,JPMorgan International Bond Opportunities ETF,Fixed Income,Plain,Broad Market,United States,Broad Market; Fixed Income; Plain; United States
JPLD,JPMorgan Limited Duration Bond ETF,Fixed Income,Plain,Broad Market,United States,Broad Market; Fixed Income; Plain; United States
JTNY,JPMorgan New York Tax Free Bond ETF,Fixed Income,Plain,Broad Market,United States,Broad Market; Fixed Income; Plain; United States
KDRN,Kingsbarn Tactical Bond ETF,Fixed Income,Plain,Broad Market,United States,Broad Market; Fixed Income; Plain; United States
KORP,American Century Diversified Corporate Bond ETF,Fixed Income,Plain,Broad Market,United States,Broad Market; Fixed Income; Plain; United States
LLDR,Global X Long-Term Treasury Ladder ETF,Fixed Income,Plain,Broad Market,Global,Broad Market; Fixed Income; Global; Plain
MAGG,Madison Aggregate Bond ETF,Fixed Income,Plain,Broad Market,United States,Broad Market; Fixed Income; Plain; United States
MFSB,MFS Active Core Plus Bond ETF,Fixed Income,Active,Broad Market,United States,Active; Broad Market; Fixed Income; United States
MMIN,NYLI MacKay Muni Insured ETF,Fixed Income,Municipal Bond,Broad Market,United States,Broad Market; Fixed Income; Municipal Bond; United States
MTGP,WisdomTree Mortgage Plus Bond Fund,Fixed Income,Plain,Broad Market,United States,Broad Market; Fixed Income; Plain; United States
MYCF,State Street My2026 Corporate Bond ETF,Fixed Income,Plain,Broad Market,United States,Broad Market; Fixed Income; Plain; United States
MYCG,State Street My2027 Corporate Bond ETF,Fixed Income,Plain,Broad Market,United States,Broad Market; Fixed Income; Plain; United States
MYCH,State Street My2028 Corporate Bond ETF,Fixed Income,Plain,Broad Market,United States,Broad Market; Fixed Income; Plain; United States
MYCI,State Street My2029 Corporate Bond ETF,Fixed Income,Plain,Broad Market,United States,Broad Market; Fixed Income; Plain; United States
MYCJ,State Street My2030 Corporate Bond ETF,Fixed Income,Plain,Broad Market,United States,Broad Market; Fixed Income; Plain; United States
MYCK,State Street My2031 Corporate Bond ETF,Fixed Income,Plain,Broad Market,United States,Broad Market; Fixed Income; Plain; United States
MYCL,State Street My2032 Corporate Bond ETF,Fixed Income,Plain,Broad Market,United States,Broad Market; Fixed Income; Plain; United States
MYCM,State Street My2033 Corporate Bond ETF,Fixed Income,Plain,Broad Market,United States,Broad Market; Fixed Income; Plain; United States
MYCN,State Street My2034 Corporate Bond ETF,Fixed Income,Plain,Broad Market,United States,Broad Market; Fixed Income; Plain; United States
MYCO,State Street My2035 Corporate Bond ETF,Fixed Income,Plain,Broad Market,United States,Broad Market; Fixed Income; Plain; United States
MYMF,State Street My2026 Municipal Bond ETF,Fixed Income,Municipal Bond,Broad Market,United States,Broad Market; Fixed Income; Municipal Bond; United States
MYMG,State Street My2027 Municipal Bond ETF,Fixed Income,Municipal Bond,Broad Market,United States,Broad Market; Fixed Income; Municipal Bond; United States
MYMH,State Street My2028 Municipal Bond ETF,Fixed Income,Municipal Bond,Broad Market,United States,Broad Market; Fixed Income; Municipal Bond; United States
MYMI,State Street My2029 Municipal Bond ETF,Fixed Income,Municipal Bond,Broad Market,United States,Broad Market; Fixed Income; Municipal Bond; United States
MYMJ,State Street My2030 Municipal Bond ETF,Fixed Income,Municipal Bond,Broad Market,United States,Broad Market; Fixed Income; Municipal Bond; United States
MYMK,State Street My2031 Municipal Bond ETF,Fixed Income,Municipal Bond,Broad Market,United States,Broad Market; Fixed Income; Municipal Bond; United States
NBTR,Neuberger Total Return Bond ETF,Fixed Income,Plain,Broad Market,United States,Broad Market; Fixed Income; Plain; United States
NCPB,Nuveen Core Plus Bond ETF,Fixed Income,Plain,Broad Market,United States,Broad Market; Fixed Income; Plain; United States
NFLT,Virtus Newfleet Multi-Sector Bond ETF,Fixed Income,Plain,Broad Market,United States,Broad Market; Fixed Income; Plain; United States
NMB,Simplify National Muni Bond ETF,Fixed Income,Municipal Bond,Broad Market,United States,Broad Market; Fixed Income; Municipal Bond; United States
NUAG,Nuveen Enhanced Yield U.S. Aggregate Bond ETF,Fixed Income,Dividend/Income,Broad Market,United States,Broad Market; Dividend/Income; Fixed Income; United States
NUBD,Nuveen ESG U.S. Aggregate Bond ETF,Fixed Income,ESG/Sustainable,Broad Market,United States,Broad Market; ESG/Sustainable; Fixed Income; United States
NUSA,Nuveen ESG 1-5 Year U.S. Aggregate Bond ETF,Fixed Income,ESG/Sustainable,Broad Market,United States,Broad Market; ESG/Sustainable; Fixed Income; United States
NXUS,Nuveen International Aggregate Bond ETF,Fixed Income,Plain,Broad Market,United States,Broad Market; Fixed Income; Plain; United States
OACP,OneAscent Core Plus Bond ETF,Fixed Income,Plain,Broad Market,United States,Broad Market; Fixed Income; Plain; United States
OBIL,US Treasury 12 Month Bill ETF,Fixed Income,Plain,Broad Market,United States,Broad Market; Fixed Income; Plain; United States
PAB,PGIM Active Aggregate Bond ETF,Fixed Income,Active,Broad Market,United States,Active; Broad Market; Fixed Income; United States
PFIG,Invesco Fundamental Investment Grade Corporate Bond  ETF,Fixed Income,Plain,Broad Market,United States,Broad Market; Fixed Income; Plain; United States
PICB,Invesco International Corporate Bond ETF,Fixed Income,Plain,Broad Market,United States,Broad Market; Fixed Income; Plain; United States
PTBD,Pacer Trendpilot US Bond ETF,Fixed Income,Plain,Broad Market,United States,Broad Market; Fixed Income; Plain; United States
PTRB,PGIM Total Return Bond ETF,Fixed Income,Plain,Broad Market,United States,Broad Market; Fixed Income; Plain; United States
PWZ,Invesco California AMT-Free Municipal Bond Portfolio,Fixed Income,Municipal Bond,Broad Market,United States,Broad Market; Fixed Income; Municipal Bond; United States
PYLD,PIMCO Multisector Bond Active Exchange-Traded Fund,Fixed Income,Active,Broad Market,United States,Active; Broad Market; Fixed Income; United States
PZA,Invesco National AMT-Free Municipal Bond ETFo,Fixed Income,Municipal Bond,Broad Market,United States,Broad Market; Fixed Income; Municipal Bond; United States
PZT,Invesco New York AMT-Free Municipal Bond ETF,Fixed Income,Municipal Bond,Broad Market,United States,Broad Market; Fixed Income; Municipal Bond; United States
RMCA,Rockefeller California Municipal Bond ETF,Fixed Income,Municipal Bond,Broad Market,United States,Broad Market; Fixed Income; Municipal Bond; United States
RMNY,Rockefeller New York Municipal Bond ETF,Fixed Income,Municipal Bond,Broad Market,United States,Broad Market; Fixed Income; Municipal Bond; United States
RMOP,Rockefeller Opportunistic Municipal Bond ETF,Fixed Income,Municipal Bond,Broad Market,United States,Broad Market; Fixed Income; Municipal Bond; United States
SCCR,Schwab Core Bond ETF,Fixed Income,Plain,Broad Market,United States,Broad Market; Fixed Income; Plain; United States
SCHI,Schwab 5-10 Year Corporate Bond ETF,Fixed Income,Plain,Broad Market,United States,Broad Market; Fixed Income; Plain; United States
SCHJ,Schwab 1-5 Year Corporate Bond ETF,Fixed Income,Plain,Broad Market,United States,Broad Market; Fixed Income; Plain; United States
SCHQ,Schwab Long-Term U.S. Treasury ETF,Fixed Income,Plain,Broad Market,United States,Broad Market; Fixed Income; Plain; United States
SCHZ,Schwab US Aggregate Bond ETF,Fixed Income,Plain,Broad Market,United States,Broad Market; Fixed Income; Plain; United States
SCMB,Schwab Municipal Bond ETF,Fixed Income,Municipal Bond,Broad Market,United States,Broad Market; Fixed Income; Municipal Bond; United States
SHRD,Arimathea Catholic Core Bond ETF,Fixed Income,Plain,Broad Market,United States,Broad Market; Fixed Income; Plain; United States
SJCP,SanJac Alpha Core Plus Bond ETF,Fixed Income,Plain,Broad Market,United States,Broad Market; Fixed Income; Plain; United States
SMTH,ALPS Smith Core Plus Bond ETF,Fixed Income,Plain,Broad Market,United States,Broad Market; Fixed Income; Plain; United States
SPAB,State Street SPDR Portfolio Aggregate Bond ETF,Fixed Income,Plain,Broad Market,United States,Broad Market; Fixed Income; Plain; United States
SPBO,State Street SPDR Portfolio Corporate Bond ETF,Fixed Income,Plain,Broad Market,United States,Broad Market; Fixed Income; Plain; United States
SPLB,State Street SPDR Portfolio Long Term Corporate Bond ETF,Fixed Income,Plain,Broad Market,United States,Broad Market; Fixed Income; Plain; United States
SPMB,State Street SPDR Portfolio Mortgage Backed Bond ETF,Fixed Income,Plain,Broad Market,United States,Broad Market; Fixed Income; Plain; United States
SPTB,State Street SPDR Portfolio Treasury ETF,Fixed Income,Plain,Broad Market,United States,Broad Market; Fixed Income; Plain; United States
SPTL,State Street SPDR Portfolio Long Term Treasury ETF,Fixed Income,Plain,Broad Market,United States,Broad Market; Fixed Income; Plain; United States
STXT,Strive Total Return Bond ETF,Fixed Income,Plain,Broad Market,United States,Broad Market; Fixed Income; Plain; United States
TABD,Transamerica Bond Active ETF,Fixed Income,Active,Broad Market,United States,Active; Broad Market; Fixed Income; United States
TAFL,AB Tax-Aware Long Municipal ETF,Fixed Income,Municipal Bond,Broad Market,United States,Broad Market; Fixed Income; Municipal Bond; United States
TAGG,T. Rowe Price QM U.S. Bond ETF,Fixed Income,Plain,Broad Market,United States,Broad Market; Fixed Income; Plain; United States
TAXF,American Century Diversified Municipal Bond ETF,Fixed Income,Municipal Bond,Broad Market,United States,Broad Market; Fixed Income; Municipal Bond; United States
TAXT,Northern Trust Tax-Exempt Bond ETF,Fixed Income,Plain,Broad Market,United States,Broad Market; Fixed Income; Plain; United States
TBIL,F/m US Treasury 3 Month Bill Fund,Fixed Income,Plain,Broad Market,United States,Broad Market; Fixed Income; Plain; United States
TCPB,Thrivent Core Plus Bond ETF,Fixed Income,Plain,Broad Market,United States,Broad Market; Fixed Income; Plain; United States
TFI,State Street SPDR Nuveen ICE Municipal Bond ETF,Fixed Income,Municipal Bond,Broad Market,United States,Broad Market; Fixed Income; Municipal Bond; United States
TMB,Thornburg Multi Sector Bond ETF,Fixed Income,Plain,Broad Market,United States,Broad Market; Fixed Income; Plain; United States
TPLS,Thornburg Core Plus Bond ETF,Fixed Income,Plain,Broad Market,United States,Broad Market; Fixed Income; Plain; United States
UCON,First Trust Smith Unconstrained Bond ETF,Fixed Income,Plain,Broad Market,United States,Broad Market; Fixed Income; Plain; United States
UFIV,US Treasury 5 Year Note ETF,Fixed Income,Plain,Broad Market,United States,Broad Market; Fixed Income; Plain; United States
USFR,WisdomTree Floating Rate Treasury Fund,Fixed Income,Plain,Broad Market,United States,Broad Market; Fixed Income; Plain; United States
USIN,WisdomTree 7-10 Year Laddered Treasury Fund,Fixed Income,Plain,Broad Market,United States,Broad Market; Fixed Income; Plain; United States
USSH,WisdomTree 1-3 Year Laddered Treasury Fund,Fixed Income,Plain,Broad Market,United States,Broad Market; Fixed Income; Plain; United States
USVN,US Treasury 7 Year Note ETF,Fixed Income,Plain,Broad Market,United States,Broad Market; Fixed Income; Plain; United States
UTEN,US Treasury 10 Year Note ETF,Fixed Income,Plain,Broad Market,United States,Broad Market; Fixed Income; Plain; United States
UTHY,US Treasury 30 Year Bond ETF,Fixed Income,Plain,Broad Market,United States,Broad Market; Fixed Income; Plain; United States
UTRE,US Treasury 3 Year Note ETF,Fixed Income,Plain,Broad Market,United States,Broad Market; Fixed Income; Plain; United States
UTWO,US Treasury 2 Year Note ETF,Fixed Income,Plain,Broad Market,United States,Broad Market; Fixed Income; Plain; United States
UTWY,US Treasury 20 Year Bond ETF,Fixed Income,Plain,Broad Market,United States,Broad Market; Fixed Income; Plain; United States
VBCA,Vanguard Target Maturity 2027 Corporate Bond ETF,Fixed Income,Target Maturity,Broad Market,United States,Broad Market; Fixed Income; Target Maturity; United States
VBCB,Vanguard Target Maturity 2028 Corporate Bond ETF,Fixed Income,Target Maturity,Broad Market,United States,Broad Market; Fixed Income; Target Maturity; United States
VBCC,Vanguard Target Maturity 2029 Corporate Bond ETF,Fixed Income,Target Maturity,Broad Market,United States,Broad Market; Fixed Income; Target Maturity; United States
VBCD,Vanguard Target Maturity 2030 Corporate Bond ETF,Fixed Income,Target Maturity,Broad Market,United States,Broad Market; Fixed Income; Target Maturity; United States
VBCE,Vanguard Target Maturity 2031 Corporate Bond ETF,Fixed Income,Target Maturity,Broad Market,United States,Broad Market; Fixed Income; Target Maturity; United States
VBCF,Vanguard Target Maturity 2032 Corporate Bond ETF,Fixed Income,Target Maturity,Broad Market,United States,Broad Market; Fixed Income; Target Maturity; United States
VBCG,Vanguard Target Maturity 2033 Corporate Bond ETF,Fixed Income,Target Maturity,Broad Market,United States,Broad Market; Fixed Income; Target Maturity; United States
VBCH,Vanguard Target Maturity 2034 Corporate Bond ETF,Fixed Income,Target Maturity,Broad Market,United States,Broad Market; Fixed Income; Target Maturity; United States
VBCI,Vanguard Target Maturity 2035 Corporate Bond ETF,Fixed Income,Target Maturity,Broad Market,United States,Broad Market; Fixed Income; Target Maturity; United States
VBCJ,Vanguard Target Maturity 2036 Corporate Bond ETF,Fixed Income,Target Maturity,Broad Market,United States,Broad Market; Fixed Income; Target Maturity; United States
VBIL,Vanguard 0-3 Month Treasury Bill ETF,Fixed Income,Plain,Broad Market,United States,Broad Market; Fixed Income; Plain; United States
VBND,Vident U.S. Bond Strategy ETF,Fixed Income,Plain,Broad Market,United States,Broad Market; Fixed Income; Plain; United States
VCLT,Vanguard Long-Term Corporate Bond ETF,Fixed Income,Plain,Broad Market,United States,Broad Market; Fixed Income; Plain; United States
VCOB,Voya Core Bond ETF,Fixed Income,Plain,Broad Market,United States,Broad Market; Fixed Income; Plain; United States
VCRB,Vanguard Core Bond ETF,Fixed Income,Plain,Broad Market,United States,Broad Market; Fixed Income; Plain; United States
VETZ,Academy Veteran Bond ETF,Fixed Income,Plain,Broad Market,United States,Broad Market; Fixed Income; Plain; United States
VGLT,Vanguard Long-Term Treasury ETF,Fixed Income,Plain,Broad Market,United States,Broad Market; Fixed Income; Plain; United States
VPLS,Vanguard Core Plus Bond ETF,Fixed Income,Plain,Broad Market,United States,Broad Market; Fixed Income; Plain; United States
VTC,Vanguard Total Corporate Bond ETF,Fixed Income,Plain,Broad Market,United States,Broad Market; Fixed Income; Plain; United States
VTEB,Vanguard Tax-Exempt Bond ETF,Fixed Income,Plain,Broad Market,United States,Broad Market; Fixed Income; Plain; United States
VTG,Vanguard Total Treasury ETF,Fixed Income,Plain,Broad Market,United States,Broad Market; Fixed Income; Plain; United States
VWOB,Vanguard Emerging Markets Government Bond ETF,Fixed Income,Plain,Broad Market,Emerging Markets,Broad Market; Emerging Markets; Fixed Income; Plain
WABF,Western Asset Bond ETF,Fixed Income,Plain,Broad Market,United States,Broad Market; Fixed Income; Plain; United States
WCPB,Weitz Core Plus Bond ETF,Fixed Income,Plain,Broad Market,United States,Broad Market; Fixed Income; Plain; United States
WIP,State Street SPDR FTSE International Government Inflation-Protected Bond ETF,Fixed Income,Plain,Broad Market,United States,Broad Market; Fixed Income; Plain; United States
WMSB,Weitz Multisector Bond ETF,Fixed Income,Plain,Broad Market,United States,Broad Market; Fixed Income; Plain; United States
WTMU,WisdomTree Core Laddered Municipal Fund,Fixed Income,Municipal Bond,Broad Market,United States,Broad Market; Fixed Income; Municipal Bond; United States
XBIL,US Treasury 6 Month Bill ETF,Fixed Income,Plain,Broad Market,United States,Broad Market; Fixed Income; Plain; United States
XFIV,BondBloxx Bloomberg Five Year Target Duration US Treasury ETF,Fixed Income,Plain,Broad Market,United States,Broad Market; Fixed Income; Plain; United States
XHLF,BondBloxx Bloomberg Six Month Target Duration US Treasury ETF,Fixed Income,Plain,Broad Market,United States,Broad Market; Fixed Income; Plain; United States
XONE,BondBloxx Bloomberg One Year Target Duration US Treasury ETF,Fixed Income,Plain,Broad Market,United States,Broad Market; Fixed Income; Plain; United States
XSVN,BondBloxx Bloomberg Seven Year Target Duration US Treasury ETF,Fixed Income,Plain,Broad Market,United States,Broad Market; Fixed Income; Plain; United States
XTEN,BondBloxx Bloomberg Ten Year Target Duration US Treasury ETF,Fixed Income,Plain,Broad Market,United States,Broad Market; Fixed Income; Plain; United States
XTRE,BondBloxx Bloomberg Three Year Target Duration US Treasury ETF,Fixed Income,Plain,Broad Market,United States,Broad Market; Fixed Income; Plain; United States
XTWO,BondBloxx Bloomberg Two Year Target Duration US Treasury ETF,Fixed Income,Plain,Broad Market,United States,Broad Market; Fixed Income; Plain; United States
XTWY,BondBloxx Bloomberg Twenty Year Target Duration US Treasury ETF,Fixed Income,Plain,Broad Market,United States,Broad Market; Fixed Income; Plain; United States
ZCBA,Global X Zero Coupon Bond 2030 ETF,Fixed Income,Plain,Broad Market,Global,Broad Market; Fixed Income; Global; Plain
ZCBB,Global X Zero Coupon Bond 2031 ETF,Fixed Income,Plain,Broad Market,Global,Broad Market; Fixed Income; Global; Plain
ZCBC,Global X Zero Coupon Bond 2032 ETF,Fixed Income,Plain,Broad Market,Global,Broad Market; Fixed Income; Global; Plain
ZCBE,Global X Zero Coupon Bond 2033 ETF,Fixed Income,Plain,Broad Market,Global,Broad Market; Fixed Income; Global; Plain
ZCBF,Global X Zero Coupon Bond 2034 ETF,Fixed Income,Plain,Broad Market,Global,Broad Market; Fixed Income; Global; Plain
ZCBG,Global X Zero Coupon Bond 2035 ETF,Fixed Income,Plain,Broad Market,Global,Broad Market; Fixed Income; Global; Plain
ZROZ,PIMCO 25  Year Zero Coupon U.S. Treasury Index Exchange-Traded Fund,Fixed Income,Plain,Broad Market,United States,Broad Market; Fixed Income; Plain; United States
ZTEN,F/m 10-Year Investment Grade Corporate Bond ETF,Fixed Income,Plain,Broad Market,United States,Broad Market; Fixed Income; Plain; United States
ZTRE,F/m 3-Year Investment Grade Corporate Bond ETF,Fixed Income,Plain,Broad Market,United States,Broad Market; Fixed Income; Plain; United States
ZTWO,F/m 2-Year Investment Grade Corporate Bond ETF,Fixed Income,Plain,Broad Market,United States,Broad Market; Fixed Income; Plain; United States
AFIX,Allspring Broad Market Core Bond ETF,Fixed Income,Plain,Broad Market & Core Indices,United States,Broad Market & Core Indices; Fixed Income; Plain; United States
AHYB,American Century Select High Yield ETF,Fixed Income,Dividend/Income,Dividend & Income,United States,Dividend & Income; Dividend/Income; Fixed Income; United States
ANGL,VanEck Fallen Angel High Yield Bond ETF,Fixed Income,Dividend/Income,Dividend & Income,United States,Dividend & Income; Dividend/Income; Fixed Income; United States
AOHY,Angel Oak High Yield Opportunities ETF,Fixed Income,Dividend/Income,Dividend & Income,United States,Dividend & Income; Dividend/Income; Fixed Income; United States
BKHY,BNY Mellon High Yield ETF,Fixed Income,Dividend/Income,Dividend & Income,United States,Dividend & Income; Dividend/Income; Fixed Income; United States
CDX,Simplify High Yield ETF,Fixed Income,Dividend/Income,Dividend & Income,United States,Dividend & Income; Dividend/Income; Fixed Income; United States
CGHY,Capital Group High Yield Bond ETF,Fixed Income,Dividend/Income,Dividend & Income,United States,Dividend & Income; Dividend/Income; Fixed Income; United States
CPHY,F/m Compoundr High Yield Bond ETF,Fixed Income,Dividend/Income,Dividend & Income,United States,Dividend & Income; Dividend/Income; Fixed Income; United States
EVHY,Eaton Vance High Yield ETF,Fixed Income,Dividend/Income,Dividend & Income,United States,Dividend & Income; Dividend/Income; Fixed Income; United States
FDHY,Fidelity Enhanced High Yield ETF,Fixed Income,Dividend/Income,Dividend & Income,United States,Dividend & Income; Dividend/Income; Fixed Income; United States
FSYD,Fidelity Sustainable High Yield ETF,Fixed Income,Dividend/Income; ESG/Sustainable,Dividend & Income,United States,Dividend & Income; Dividend/Income; ESG/Sustainable; Fixed Income; United States
FTMH,Franklin Municipal High Yield ETF,Fixed Income,Dividend/Income; Municipal Bond,Dividend & Income,United States,Dividend & Income; Dividend/Income; Fixed Income; Municipal Bond; United States
GHYB,Goldman Sachs Access High Yield Corporate Bond ETF,Fixed Income,Dividend/Income,Dividend & Income,United States,Dividend & Income; Dividend/Income; Fixed Income; United States
GTOQ,Invesco High Yield Systematic Bond ETF,Fixed Income,Dividend/Income,Dividend & Income,United States,Dividend & Income; Dividend/Income; Fixed Income; United States
HYBX,TCW High Yield Bond ETF,Fixed Income,Dividend/Income,Dividend & Income,United States,Dividend & Income; Dividend/Income; Fixed Income; United States
HYDW,Xtrackers Low Beta High Yield Bond ETF,Fixed Income,Dividend/Income,Dividend & Income,United States,Dividend & Income; Dividend/Income; Fixed Income; United States
HYEM,VanEck Emerging Markets High Yield Bond ETF,Fixed Income,Dividend/Income,Dividend & Income,Emerging Markets,Dividend & Income; Dividend/Income; Emerging Markets; Fixed Income
HYFI,AB High Yield ETF,Fixed Income,Dividend/Income,Dividend & Income,United States,Dividend & Income; Dividend/Income; Fixed Income; United States
HYLS,First Trust Tactical High Yield ETF,Fixed Income,Dividend/Income,Dividend & Income,United States,Dividend & Income; Dividend/Income; Fixed Income; United States
HYMB,State Street SPDR Nuveen ICE High Yield Municipal Bond ETF,Fixed Income,Dividend/Income; Municipal Bond,Dividend & Income,United States,Dividend & Income; Dividend/Income; Fixed Income; Municipal Bond; United States
HYS,PIMCO 0-5 Year High Yield Corporat Bond Index Exchange-Traded Fund,Fixed Income,Dividend/Income,Dividend & Income,United States,Dividend & Income; Dividend/Income; Fixed Income; United States
HYTR,Counterpoint High Yield Trend ETF,Fixed Income,Dividend/Income,Dividend & Income,United States,Dividend & Income; Dividend/Income; Fixed Income; United States
HYUP,Xtrackers High Beta High Yield Bond ETF,Fixed Income,Dividend/Income,Dividend & Income,United States,Dividend & Income; Dividend/Income; Fixed Income; United States
HYZD,WisdomTree Interest Rate Hedged High Yield Bond Fund,Fixed Income,Dividend/Income,Dividend & Income,United States,Dividend & Income; Dividend/Income; Fixed Income; United States
IHY,VanEck International High Yield Bond ETF,Fixed Income,Dividend/Income,Dividend & Income,United States,Dividend & Income; Dividend/Income; Fixed Income; United States
JHHY,John Hancock High Yield ETF,Fixed Income,Dividend/Income,Dividend & Income,United States,Dividend & Income; Dividend/Income; Fixed Income; United States
JMHI,JPMorgan High Yield Municipal ETF,Fixed Income,Dividend/Income; Municipal Bond,Dividend & Income,United States,Dividend & Income; Dividend/Income; Fixed Income; Municipal Bond; United States
JNK,State Street SPDR Bloomberg High Yield Bond ETF,Fixed Income,Dividend/Income,Dividend & Income,United States,Dividend & Income; Dividend/Income; Fixed Income; United States
JPHY,JPMorgan Active High Yield ETF,Fixed Income,Dividend/Income; Active,Dividend & Income,United States,Active; Dividend & Income; Dividend/Income; Fixed Income; United States
LEND,SEI High Yield Bond & Alternative Credit ETF,Fixed Income,Dividend/Income,Dividend & Income,United States,Dividend & Income; Dividend/Income; Fixed Income; United States
MHY,Man Active High Yield ETF,Fixed Income,Dividend/Income; Active,Dividend & Income,United States,Active; Dividend & Income; Dividend/Income; Fixed Income; United States
MYHA,State Street My2027 High Yield Corporate Bond ETF,Fixed Income,Dividend/Income,Dividend & Income,United States,Dividend & Income; Dividend/Income; Fixed Income; United States
MYHB,State Street My2028 High Yield Corporate Bond ETF,Fixed Income,Dividend/Income,Dividend & Income,United States,Dividend & Income; Dividend/Income; Fixed Income; United States
MYHC,State Street My2029 High Yield Corporate Bond ETF,Fixed Income,Dividend/Income,Dividend & Income,United States,Dividend & Income; Dividend/Income; Fixed Income; United States
MYHD,State Street My2030 High Yield Corporate Bond ETF,Fixed Income,Dividend/Income,Dividend & Income,United States,Dividend & Income; Dividend/Income; Fixed Income; United States
MYHE,State Street My2031 High Yield Corporate Bond ETF,Fixed Income,Dividend/Income,Dividend & Income,United States,Dividend & Income; Dividend/Income; Fixed Income; United States
NHYB,Nuveen High Yield Corporate Bond ETF,Fixed Income,Dividend/Income,Dividend & Income,United States,Dividend & Income; Dividend/Income; Fixed Income; United States
NJNK,Columbia U.S. High Yield ETF,Fixed Income,Dividend/Income,Dividend & Income,United States,Dividend & Income; Dividend/Income; Fixed Income; United States
NUHY,Nuveen ESG High Yield Corporate Bond ETF,Fixed Income,Dividend/Income; ESG/Sustainable,Dividend & Income,United States,Dividend & Income; Dividend/Income; ESG/Sustainable; Fixed Income; United States
ODHY,Obra Defensive High Yield ETF,Fixed Income,Dividend/Income,Dividend & Income,United States,Dividend & Income; Dividend/Income; Fixed Income; United States
PCEB,Polen Euro High Yield Bond ETF,Fixed Income,Dividend/Income,Dividend & Income,United States,Dividend & Income; Dividend/Income; Fixed Income; United States
PGHY,Invesco Global ex-US High Yield Corporate Bond ETF,Fixed Income,Dividend/Income,Dividend & Income,Developed ex-US; Global; United States,Developed ex-US; Dividend & Income; Dividend/Income; Fixed Income; Global; United States
PHYL,PGIM Active High Yield Bond ETF,Fixed Income,Dividend/Income; Active,Dividend & Income,United States,Active; Dividend & Income; Dividend/Income; Fixed Income; United States
SCYB,Schwab High Yield Bond ETF,Fixed Income,Dividend/Income,Dividend & Income,United States,Dividend & Income; Dividend/Income; Fixed Income; United States
SIHY,Harbor Ares Systematic High Yield ETF,Fixed Income,Dividend/Income,Dividend & Income,United States,Dividend & Income; Dividend/Income; Fixed Income; United States
SPHY,State Street SPDR Portfolio High Yield Bond ETF,Fixed Income,Dividend/Income,Dividend & Income,United States,Dividend & Income; Dividend/Income; Fixed Income; United States
THYF,T. Rowe Price U.S. High Yield ETF,Fixed Income,Dividend/Income,Dividend & Income,United States,Dividend & Income; Dividend/Income; Fixed Income; United States
VEMY,Virtus Stone Harbor Emerging Markets High Yield Bond ETF,Fixed Income,Dividend/Income,Dividend & Income,Emerging Markets; United States,Dividend & Income; Dividend/Income; Emerging Markets; Fixed Income; United States
YLD,Principal Active High Yield ETF,Fixed Income,Dividend/Income; Active,Dividend & Income,United States,Active; Dividend & Income; Dividend/Income; Fixed Income; United States
ZTOP,F/m High Yield 100 ETF,Fixed Income,Dividend/Income,Dividend & Income,United States,Dividend & Income; Dividend/Income; Fixed Income; United States
SWAN,Amplify BlackSwan Growth & Treasury Core ETF,Fixed Income,Factor,Growth & Momentum,United States,Factor; Fixed Income; Growth & Momentum; United States
RVNU,Xtrackers Municipal Infrastructure Revenue Bond ETF,Fixed Income,Municipal Bond,Infrastructure,United States,Fixed Income; Infrastructure; Municipal Bond; United States
APMU,ActivePassive Intermediate Municipal Bond ETF,Fixed Income,Municipal Bond; Active,Media & Entertainment,United States,Active; Fixed Income; Media & Entertainment; Municipal Bond; United States
BIV,Vanguard Intermediate-Term Bond ETF,Fixed Income,Plain,Media & Entertainment,United States,Fixed Income; Media & Entertainment; Plain; United States
BKMI,BNY Mellon Municipal Intermediate ETF,Fixed Income,Municipal Bond,Media & Entertainment,United States,Fixed Income; Media & Entertainment; Municipal Bond; United States
CAFX,Congress Intermediate Bond ETF,Fixed Income,Plain,Media & Entertainment,United States,Fixed Income; Media & Entertainment; Plain; United States
CAM,AB California Intermediate Municipal ETF,Fixed Income,Municipal Bond,Media & Entertainment,United States,Fixed Income; Media & Entertainment; Municipal Bond; United States
GENM,Genter Capital Municipal Quality Intermediate ETF,Fixed Income,Municipal Bond; Factor,Media & Entertainment,United States,Factor; Fixed Income; Media & Entertainment; Municipal Bond; United States
MFSM,MFS Active Intermediate Muni Bond ETF,Fixed Income,Municipal Bond; Active,Media & Entertainment,United States,Active; Fixed Income; Media & Entertainment; Municipal Bond; United States
MLDR,Global X Intermediate-Term Treasury Ladder ETF,Fixed Income,Plain,Media & Entertainment,Global,Fixed Income; Global; Media & Entertainment; Plain
MMCA,NYLI MacKay California Muni Intermediate ETF,Fixed Income,Municipal Bond,Media & Entertainment,United States,Fixed Income; Media & Entertainment; Municipal Bond; United States
MMIT,NYLI MacKay Muni Intermediate ETF,Fixed Income,Municipal Bond,Media & Entertainment,United States,Fixed Income; Media & Entertainment; Municipal Bond; United States
MNBD,ALPS BBH Intermediate Municipal Bond ETF,Fixed Income,Municipal Bond,Media & Entertainment,United States,Fixed Income; Media & Entertainment; Municipal Bond; United States
MUNI,PIMCO Intermediate Municipal Bond Active Exchange-Traded Fund,Fixed Income,Municipal Bond; Active,Media & Entertainment,United States,Active; Fixed Income; Media & Entertainment; Municipal Bond; United States
NYM,AB New York Intermediate Municipal ETF,Fixed Income,Municipal Bond,Media & Entertainment,United States,Fixed Income; Media & Entertainment; Municipal Bond; United States
SCHR,Schwab Intermediate-Term U.S. Treasury ETF,Fixed Income,Plain,Media & Entertainment,United States,Fixed Income; Media & Entertainment; Plain; United States
SPIB,State Street SPDR Portfolio Intermediate Term Corporate Bond ETF,Fixed Income,Plain,Media & Entertainment,United States,Fixed Income; Media & Entertainment; Plain; United States
SPTI,State Street SPDR Portfolio Intermediate Term Treasury ETF,Fixed Income,Plain,Media & Entertainment,United States,Fixed Income; Media & Entertainment; Plain; United States
TAFM,AB Tax-Aware Intermediate Municipal ETF,Fixed Income,Municipal Bond,Media & Entertainment,United States,Fixed Income; Media & Entertainment; Municipal Bond; United States
TAXI,Northern Trust Intermediate Tax-Exempt Bond ETF,Fixed Income,Plain,Media & Entertainment,United States,Fixed Income; Media & Entertainment; Plain; United States
VCIT,Vanguard Intermediate-Term Corporate Bond ETF,Fixed Income,Plain,Media & Entertainment,United States,Fixed Income; Media & Entertainment; Plain; United States
VGIT,Vanguard Intermediate-Term Treasury ETF,Fixed Income,Plain,Media & Entertainment,United States,Fixed Income; Media & Entertainment; Plain; United States
CGIB,Capital Group International Bond ETF (USD-Hedged),Fixed Income; Currency,Plain,Broad Market,United States,Broad Market; Currency; Fixed Income; Plain; United States
EMHC,State Street SPDR Bloomberg Emerging Markets USD Bond ETF,Fixed Income; Currency,Plain,Broad Market,Emerging Markets,Broad Market; Currency; Emerging Markets; Fixed Income; Plain
EMLC,VanEck J. P. Morgan EM Local Currency Bond ET,Fixed Income; Currency,Plain,Broad Market,United States,Broad Market; Currency; Fixed Income; Plain; United States
FEMB,First Trust Emerging Markets Local Currency Bond ETF,Fixed Income; Currency,Plain,Broad Market,Emerging Markets,Broad Market; Currency; Emerging Markets; Fixed Income; Plain
JPMB,JPMorgan USD Emerging Markets Sovereign Bond ETF,Fixed Income; Currency,Plain,Broad Market,Emerging Markets,Broad Market; Currency; Emerging Markets; Fixed Income; Plain
UNIY,WisdomTree Voya Yield Enhanced USD Universal Bond Fund,Fixed Income; Currency,Dividend/Income,Broad Market,United States,Broad Market; Currency; Dividend/Income; Fixed Income; United States
HYLB,Xtrackers USD High Yield Corporate Bond ETF,Fixed Income; Currency,Dividend/Income,Dividend & Income,United States,Currency; Dividend & Income; Dividend/Income; Fixed Income; United States
HYSA,BondBloxx USD High Yield Bond Sector Rotation ETF,Fixed Income; Currency,Dividend/Income,Dividend & Income,United States,Currency; Dividend & Income; Dividend/Income; Fixed Income; United States
XB,BondBloxx B-Rated USD High Yield Corporate Bond ETF,Fixed Income; Currency,Dividend/Income,Dividend & Income,United States,Currency; Dividend & Income; Dividend/Income; Fixed Income; United States
XBB,BondBloxx BB-Rated USD High Yield Corporate Bond ETF,Fixed Income; Currency,Dividend/Income,Dividend & Income,United States,Currency; Dividend & Income; Dividend/Income; Fixed Income; United States
XCCC,BondBloxx CCC-Rated USD High Yield Corporate Bond ETF,Fixed Income; Currency,Dividend/Income,Dividend & Income,United States,Currency; Dividend & Income; Dividend/Income; Fixed Income; United States
BGRN,iShares USD Green Bond ETF,Fixed Income; Currency; Equity,Plain,Broad Market,United States,Broad Market; Currency; Equity; Fixed Income; Plain; United States
EMB,iShares J.P. Morgan USD Emerging Markets Bond ETF,Fixed Income; Currency; Equity,Plain,Broad Market,Emerging Markets,Broad Market; Currency; Emerging Markets; Equity; Fixed Income; Plain
EUSB,iShares ESG Advanced Universal USD Bond ETF,Fixed Income; Currency; Equity,ESG/Sustainable,Broad Market,United States,Broad Market; Currency; ESG/Sustainable; Equity; Fixed Income; United States
FALN,iShares Fallen Angels USD Bond ETF,Fixed Income; Currency; Equity,Plain,Broad Market,United States,Broad Market; Currency; Equity; Fixed Income; Plain; United States
GGOV,iShares Global Government Bond USD Hedged Active ETF,Fixed Income; Currency; Equity,Active,Broad Market,Global,Active; Broad Market; Currency; Equity; Fixed Income; Global
ILTB,iShares Core 10  Year USD Bond ETF,Fixed Income; Currency; Equity,Plain,Broad Market,United States,Broad Market; Currency; Equity; Fixed Income; Plain; United States
IMTB,iShares Core 5-10 Year USD Bond ETF,Fixed Income; Currency; Equity,Plain,Broad Market,United States,Broad Market; Currency; Equity; Fixed Income; Plain; United States
ISTB,iShares Core 1-5 Year USD Bond ETF,Fixed Income; Currency; Equity,Plain,Broad Market,United States,Broad Market; Currency; Equity; Fixed Income; Plain; United States
IUSB,iShares Core Universal USD Bond ETF,Fixed Income; Currency; Equity,Plain,Broad Market,United States,Broad Market; Currency; Equity; Fixed Income; Plain; United States
LEMB,iShares J.P. Morgan EM Local Currency Bond,Fixed Income; Currency; Equity,Plain,Broad Market,United States,Broad Market; Currency; Equity; Fixed Income; Plain; United States
SUSB,iShares ESG Aware 1-5 Year USD Corporate Bond ETF,Fixed Income; Currency; Equity,ESG/Sustainable,Broad Market,United States,Broad Market; Currency; ESG/Sustainable; Equity; Fixed Income; United States
SUSC,iShares ESG Aware USD Corporate Bond ETF,Fixed Income; Currency; Equity,ESG/Sustainable,Broad Market,United States,Broad Market; Currency; ESG/Sustainable; Equity; Fixed Income; United States
USIG,iShares Broad USD Investment Grade Corporate Bond ETF,Fixed Income; Currency; Equity,Plain,Broad Market,United States,Broad Market; Currency; Equity; Fixed Income; Plain; United States
AGG,iShares Core U.S. Aggregate Bond ETF,Fixed Income; Equity,Plain,Broad Market,United States,Broad Market; Equity; Fixed Income; Plain; United States
AGRH,iShares Interest Rate Hedged U.S. Aggregate Bond ETF,Fixed Income; Equity,Plain,Broad Market,United States,Broad Market; Equity; Fixed Income; Plain; United States
AGZ,iShares  Agency Bond ETF,Fixed Income; Equity,Plain,Broad Market,United States,Broad Market; Equity; Fixed Income; Plain; United States
BNDC,FlexShares Core Select Bond Fund,Fixed Income; Equity,Plain,Broad Market,United States,Broad Market; Equity; Fixed Income; Plain; United States
BREM,iShares Emerging Markets Bond Active ETF,Fixed Income; Equity,Active,Broad Market,Emerging Markets,Active; Broad Market; Emerging Markets; Equity; Fixed Income
BYLD,iShares Yield Optimized Bond ETF,Fixed Income; Equity,Dividend/Income,Broad Market,United States,Broad Market; Dividend/Income; Equity; Fixed Income; United States
CMBS,iShares CMBS Bond ETF,Fixed Income; Equity,Plain,Broad Market,United States,Broad Market; Equity; Fixed Income; Plain; United States
CMF,iShares California Muni Bond ETF,Fixed Income; Equity,Municipal Bond,Broad Market,United States,Broad Market; Equity; Fixed Income; Municipal Bond; United States
EAGG,iShares ESG Aware U.S. Aggregate Bond ETF,Fixed Income; Equity,ESG/Sustainable,Broad Market,United States,Broad Market; ESG/Sustainable; Equity; Fixed Income; United States
GBF,iShares Government/Credit Bond ETF,Fixed Income; Equity,Plain,Broad Market,United States,Broad Market; Equity; Fixed Income; Plain; United States
GNMA,iShares GNMA Bond ETF,Fixed Income; Equity,Plain,Broad Market,United States,Broad Market; Equity; Fixed Income; Plain; United States
HYBB,iShares BB Rated Corporate Bond ETF,Fixed Income; Equity,Plain,Broad Market,United States,Broad Market; Equity; Fixed Income; Plain; United States
IBGA,iShares iBonds Dec 2044 Term Treasury ETF,Fixed Income; Equity,Target Maturity,Broad Market,United States,Broad Market; Equity; Fixed Income; Target Maturity; United States
IBGB,iShares iBonds Dec 2045 Term Treasury ETF,Fixed Income; Equity,Target Maturity,Broad Market,United States,Broad Market; Equity; Fixed Income; Target Maturity; United States
IBGC,iShares iBonds Dec 2046 Term Treasury ETF,Fixed Income; Equity,Target Maturity,Broad Market,United States,Broad Market; Equity; Fixed Income; Target Maturity; United States
IBGK,iShares iBonds Dec 2054 Term Treasury ETF,Fixed Income; Equity,Target Maturity,Broad Market,United States,Broad Market; Equity; Fixed Income; Target Maturity; United States
IBGL,iShares iBonds Dec 2055 Term Treasury ETF,Fixed Income; Equity,Target Maturity,Broad Market,United States,Broad Market; Equity; Fixed Income; Target Maturity; United States
IBGM,iShares iBonds Dec 2056 Term Treasury ETF,Fixed Income; Equity,Target Maturity,Broad Market,United States,Broad Market; Equity; Fixed Income; Target Maturity; United States
IBTG,iShares iBonds Dec 2026 Term Treasury ETF,Fixed Income; Equity,Target Maturity,Broad Market,United States,Broad Market; Equity; Fixed Income; Target Maturity; United States
IBTH,iShares iBonds Dec 2027 Term Treasury ETF,Fixed Income; Equity,Target Maturity,Broad Market,United States,Broad Market; Equity; Fixed Income; Target Maturity; United States
IBTI,iShares iBonds Dec 2028 Term Treasury ETF,Fixed Income; Equity,Target Maturity,Broad Market,United States,Broad Market; Equity; Fixed Income; Target Maturity; United States
IBTJ,iShares iBonds Dec 2029 Term Treasury ETF,Fixed Income; Equity,Target Maturity,Broad Market,United States,Broad Market; Equity; Fixed Income; Target Maturity; United States
IBTK,iShares iBonds Dec 2030 Term Treasury ETF,Fixed Income; Equity,Target Maturity,Broad Market,United States,Broad Market; Equity; Fixed Income; Target Maturity; United States
IBTL,iShares iBonds Dec 2031 Term Treasury ETF,Fixed Income; Equity,Target Maturity,Broad Market,United States,Broad Market; Equity; Fixed Income; Target Maturity; United States
IBTM,iShares iBonds Dec 2032 Term Treasury ETF,Fixed Income; Equity,Target Maturity,Broad Market,United States,Broad Market; Equity; Fixed Income; Target Maturity; United States
IBTO,iShares iBonds Dec 2033 Term Treasury ETF,Fixed Income; Equity,Target Maturity,Broad Market,United States,Broad Market; Equity; Fixed Income; Target Maturity; United States
IBTP,iShares iBonds Dec 2034 Term Treasury ETF,Fixed Income; Equity,Target Maturity,Broad Market,United States,Broad Market; Equity; Fixed Income; Target Maturity; United States
IBTQ,iShares iBonds Dec 2035 Term Treasury ETF,Fixed Income; Equity,Target Maturity,Broad Market,United States,Broad Market; Equity; Fixed Income; Target Maturity; United States
IBTR,iShares iBonds Dec 2036 Term Treasury ETF,Fixed Income; Equity,Target Maturity,Broad Market,United States,Broad Market; Equity; Fixed Income; Target Maturity; United States
ICPI,iShares 0-1 Year TIPS Bond ETF,Fixed Income; Equity,Plain,Broad Market,United States,Broad Market; Equity; Fixed Income; Plain; United States
IEF,iShares 7-10 Year Treasury Bond ETF,Fixed Income; Equity,Plain,Broad Market,United States,Broad Market; Equity; Fixed Income; Plain; United States
IEI,iShares 3-7 Year Treasury Bond ETF,Fixed Income; Equity,Plain,Broad Market,United States,Broad Market; Equity; Fixed Income; Plain; United States
IGBH,iShares Interest Rate Hedged Long-Term Corporate Bond ETF,Fixed Income; Equity,Plain,Broad Market,United States,Broad Market; Equity; Fixed Income; Plain; United States
IGIB,iShares 5-10 Year Investment Grade Corporate Bond ETF,Fixed Income; Equity,Plain,Broad Market,United States,Broad Market; Equity; Fixed Income; Plain; United States
IGLB,iShares 10  Year Investment Grade Corporate Bond ETF,Fixed Income; Equity,Plain,Broad Market,United States,Broad Market; Equity; Fixed Income; Plain; United States
IGOV,iShares International Treasury Bond ETF,Fixed Income; Equity,Plain,Broad Market,United States,Broad Market; Equity; Fixed Income; Plain; United States
IGSB,iShares 1-5 Year Investment Grade Corporate Bond ETF,Fixed Income; Equity,Plain,Broad Market,United States,Broad Market; Equity; Fixed Income; Plain; United States
ISHG,iShares 1-3 Year International Treasury Bond ETF,Fixed Income; Equity,Plain,Broad Market,United States,Broad Market; Equity; Fixed Income; Plain; United States
LDRT,iShares iBonds 1-5 Year Treasury Ladder ETF,Fixed Income; Equity,Target Maturity,Broad Market,United States,Broad Market; Equity; Fixed Income; Target Maturity; United States
LMUB,iShares Long-Term National Muni Bond ETF,Fixed Income; Equity,Municipal Bond,Broad Market,United States,Broad Market; Equity; Fixed Income; Municipal Bond; United States
LQD,iShares iBoxx $ Investment Grade Corporate Bond ETF,Fixed Income; Equity,Plain,Broad Market,United States,Broad Market; Equity; Fixed Income; Plain; United States
LQDB,iShares BBB Rated Corporate Bond ETF,Fixed Income; Equity,Plain,Broad Market,United States,Broad Market; Equity; Fixed Income; Plain; United States
LQDH,iShares Interest Rate Hedged Corporate Bond ETF,Fixed Income; Equity,Plain,Broad Market,United States,Broad Market; Equity; Fixed Income; Plain; United States
MUB,iShares National Muni Bond ETF,Fixed Income; Equity,Municipal Bond,Broad Market,United States,Broad Market; Equity; Fixed Income; Municipal Bond; United States
NYF,iShares New York Muni Bond ETF,Fixed Income; Equity,Municipal Bond,Broad Market,United States,Broad Market; Equity; Fixed Income; Municipal Bond; United States
QLTA,iShares Aaa A Rated Corporate Bond ETF,Fixed Income; Equity,Plain,Broad Market,United States,Broad Market; Equity; Fixed Income; Plain; United States
SGOV,iShares 0-3 Month Treasury Bond ETF,Fixed Income; Equity,Plain,Broad Market,United States,Broad Market; Equity; Fixed Income; Plain; United States
SHV,iShares 0-1 Year Treasury Bond ETF,Fixed Income; Equity,Plain,Broad Market,United States,Broad Market; Equity; Fixed Income; Plain; United States
SHY,iShares 1-3 Year Treasury Bond ETF,Fixed Income; Equity,Plain,Broad Market,United States,Broad Market; Equity; Fixed Income; Plain; United States
SKOR,FlexShares Credit-Scored US Corporate Bond Index Fund,Fixed Income; Equity,Plain,Broad Market,United States,Broad Market; Equity; Fixed Income; Plain; United States
SLQD,iShares 0-5 Year Investment Grade Corporate Bond ETF,Fixed Income; Equity,Plain,Broad Market,United States,Broad Market; Equity; Fixed Income; Plain; United States
STIP,iShares 0-5 Year TIPS Bond ETF,Fixed Income; Equity,Plain,Broad Market,United States,Broad Market; Equity; Fixed Income; Plain; United States
TFLO,iShares Treasury Floating Rate Bond ETF,Fixed Income; Equity,Plain,Broad Market,United States,Broad Market; Equity; Fixed Income; Plain; United States
TIP,iShares TIPS Bond ETF,Fixed Income; Equity,Plain,Broad Market,United States,Broad Market; Equity; Fixed Income; Plain; United States
TLH,iShares 10-20 Year Treasury Bond ETF,Fixed Income; Equity,Plain,Broad Market,United States,Broad Market; Equity; Fixed Income; Plain; United States
TLT,iShares 20+ Year Treasury Bond ETF,Fixed Income; Equity,Plain,Broad Market,United States,Broad Market; Equity; Fixed Income; Plain; United States
UBND,VictoryShares Core Plus Bond ETF,Fixed Income; Equity,Plain,Broad Market,United States,Broad Market; Equity; Fixed Income; Plain; United States
UCRD,VictoryShares Corporate Bond ETF,Fixed Income; Equity,Plain,Broad Market,United States,Broad Market; Equity; Fixed Income; Plain; United States
TROT,Invesco MSCI Treasury Duration Rotation ETF,Fixed Income; Equity,Plain,Broad Market & Core Indices,United States,Broad Market & Core Indices; Equity; Fixed Income; Plain; United States
BRHY,iShares High Yield Active ETF,Fixed Income; Equity,Dividend/Income; Active,Dividend & Income,United States,Active; Dividend & Income; Dividend/Income; Equity; Fixed Income; United States
HYG,iShares iBoxx $ High Yield Corporate Bond ETF,Fixed Income; Equity,Dividend/Income,Dividend & Income,United States,Dividend & Income; Dividend/Income; Equity; Fixed Income; United States
HYGH,iShares Interest Rate Hedged High Yield Bond ETF,Fixed Income; Equity,Dividend/Income,Dividend & Income,United States,Dividend & Income; Dividend/Income; Equity; Fixed Income; United States
HYXF,iShares ESG Advanced High Yield Corporate Bond ETF,Fixed Income; Equity,Dividend/Income; ESG/Sustainable,Dividend & Income,United States,Dividend & Income; Dividend/Income; ESG/Sustainable; Equity; Fixed Income; United States
PEY,Invesco High Yield Equity Dividend Achievers ETF,Fixed Income; Equity,Dividend/Income,Dividend & Income,United States,Dividend & Income; Dividend/Income; Equity; Fixed Income; United States
SHYG,iShares 0-5 Year High Yield Corporate Bond ETF,Fixed Income; Equity,Dividend/Income,Dividend & Income,United States,Dividend & Income; Dividend/Income; Equity; Fixed Income; United States
HYGV,FlexShares High Yield Value-Scored Bond Index Fund,Fixed Income; Equity,Dividend/Income; Factor,Dividend & Income; Value & Quality,United States,Dividend & Income; Dividend/Income; Equity; Factor; Fixed Income; United States; Value & Quality
UITB,VictoryShares Core Intermediate Bond ETF,Fixed Income; Equity,Plain,Media & Entertainment,United States,Equity; Fixed Income; Media & Entertainment; Plain; United States
MMMA,NYLI MacKay Muni Allocation ETF,Fixed Income; Multi Asset,Municipal Bond,Broad Market,United States,Broad Market; Fixed Income; Multi Asset; Municipal Bond; United States
AVMA,Avantis Moderate Allocation ETF,Multi Asset,Plain,Broad Market,United States,Broad Market; Multi Asset; Plain; United States
GAL,State Street Global Allocation ETF,Multi Asset,Plain,Broad Market,Global,Broad Market; Global; Multi Asset; Plain
GMOD,GMO Dynamic Allocation ETF,Multi Asset,Plain,Broad Market,United States,Broad Market; Multi Asset; Plain; United States
HECA,Hedgeye Capital Allocation ETF,Multi Asset,Plain,Broad Market,United States,Broad Market; Multi Asset; Plain; United States
MAPP,Harbor Multi-Asset Explorer ETF,Multi Asset,Plain,Broad Market,United States,Broad Market; Multi Asset; Plain; United States
MDAA,Myriad Dynamic Asset Allocation ETF,Multi Asset,Plain,Broad Market,United States,Broad Market; Multi Asset; Plain; United States
MOOD,Relative Sentiment Tactical Allocation ETF,Multi Asset,Plain,Broad Market,United States,Broad Market; Multi Asset; Plain; United States
NDAA,Ned Davis Research 360 Dynamic Allocation ETF,Multi Asset,Plain,Broad Market,United States,Broad Market; Multi Asset; Plain; United States
NMBL,NovaTide Flexible Allocation ETF,Multi Asset,Plain,Broad Market,United States,Broad Market; Multi Asset; Plain; United States
PRTO,RCN Pareto Strategic Allocation ETF,Multi Asset,Plain,Broad Market,United States,Broad Market; Multi Asset; Plain; United States
RAA,SMI 3Fourteen REAL Asset Allocation ETF,Multi Asset,Plain,Broad Market,United States,Broad Market; Multi Asset; Plain; United States
RLY,State Street Multi-Asset Real Return ETF,Multi Asset,Plain,Broad Market,United States,Broad Market; Multi Asset; Plain; United States
TFPN,Blueprint Chesapeake Multi-Asset Trend ETF,Multi Asset,Plain,Broad Market,United States,Broad Market; Multi Asset; Plain; United States
AOA,iShares Core 80/20 Aggressive Allocation ETF,Multi Asset; Equity,Plain,Broad Market,United States,Broad Market; Equity; Multi Asset; Plain; United States
AOK,iShares Core 30/70 Conservative Allocation ETF,Multi Asset; Equity,Plain,Broad Market,United States,Broad Market; Equity; Multi Asset; Plain; United States
AOM,iShares Core 40/60 Moderate Allocation ETF,Multi Asset; Equity,Plain,Broad Market,United States,Broad Market; Equity; Multi Asset; Plain; United States
AOR,iShares Core 60/40 Balanced Allocation ETF,Multi Asset; Equity,Plain,Broad Market,United States,Broad Market; Equity; Multi Asset; Plain; United States
AVRE,Avantis Real Estate ETF,Real Estate,Plain,Real Estate & REITs,United States,Plain; Real Estate; Real Estate & REITs; United States
BYRE,Principal Real Estate Active Opportunities ETF,Real Estate,Active,Real Estate & REITs,United States,Active; Real Estate; Real Estate & REITs; United States
CLIM,Climate Global - Climate Resilient REIT Index ETF,Real Estate,ESG/Sustainable,Real Estate & REITs,Global,ESG/Sustainable; Global; Real Estate; Real Estate & REITs
CRED,Columbia Research Enhanced Real Estate ETF,Real Estate,Plain,Real Estate & REITs,United States,Plain; Real Estate; Real Estate & REITs; United States
CSRE,Cohen & Steers Real Estate Active ETF,Real Estate,Active,Real Estate & REITs,United States,Active; Real Estate; Real Estate & REITs; United States
DCRE,DoubleLine Commercial Real Estate Debt ETF,Real Estate,Plain,Real Estate & REITs,United States,Plain; Real Estate; Real Estate & REITs; United States
DESK,VanEck Office and Commercial REIT ETF,Real Estate,Plain,Real Estate & REITs,United States,Plain; Real Estate; Real Estate & REITs; United States
DFAR,Dimensional US Real Estate ETF,Real Estate,Plain,Real Estate & REITs,United States,Plain; Real Estate; Real Estate & REITs; United States
DFGR,Dimensional Global Real Estate ETF,Real Estate,Plain,Real Estate & REITs,Global,Global; Plain; Real Estate; Real Estate & REITs
DTRE,First Trust Alerian Disruptive Technology Real Estate ETF,Real Estate,Plain,Real Estate & REITs,United States,Plain; Real Estate; Real Estate & REITs; United States
DVRE,WEBs Real Estate XLRE Defined Volatility ETF,Real Estate,Plain,Real Estate & REITs,United States,Plain; Real Estate; Real Estate & REITs; United States
HAUZ,Xtrackers International Real Estate ETF,Real Estate,Plain,Real Estate & REITs,United States,Plain; Real Estate; Real Estate & REITs; United States
JRE,Janus Henderson U.S. Real Estate ETF,Real Estate,Plain,Real Estate & REITs,United States,Plain; Real Estate; Real Estate & REITs; United States
LPRE,Long Pond Real Estate Select ETF,Real Estate,Plain,Real Estate & REITs,United States,Plain; Real Estate; Real Estate & REITs; United States
NETL,Colterpoint Net Lease Real Estate ETF,Real Estate,Plain,Real Estate & REITs,United States,Plain; Real Estate; Real Estate & REITs; United States
PFFR,InfraCap REIT Preferred ETF,Real Estate,Plain,Real Estate & REITs,United States,Plain; Real Estate; Real Estate & REITs; United States
PPTY,U.S. Diversified Real Estate ETF,Real Estate,Plain,Real Estate & REITs,United States,Plain; Real Estate; Real Estate & REITs; United States
PSR,Invesco Active U.S. Real Estate Fund,Real Estate,Active,Real Estate & REITs,United States,Active; Real Estate; Real Estate & REITs; United States
REAI,Intelligent Real Estate ETF,Real Estate,Plain,Real Estate & REITs,United States,Plain; Real Estate; Real Estate & REITs; United States
REIT,ALPS Active REIT ETF,Real Estate,Active,Real Estate & REITs,United States,Active; Real Estate; Real Estate & REITs; United States
RITA,ETFB Green SRI REITs ETF,Real Estate,Plain,Real Estate & REITs,United States,Plain; Real Estate; Real Estate & REITs; United States
SCHH,Schwab U.S. REIT ETF,Real Estate,Plain,Real Estate & REITs,United States,Plain; Real Estate; Real Estate & REITs; United States
TSRS,Truth Social American Red State REITs ETF,Real Estate,Plain,Real Estate & REITs,United States,Plain; Real Estate; Real Estate & REITs; United States
VGSR,Vert Global Sustainable Real Estate ETF,Real Estate,ESG/Sustainable,Real Estate & REITs,Global,ESG/Sustainable; Global; Real Estate; Real Estate & REITs
VNQ,Vanguard Real Estate ETF,Real Estate,Plain,Real Estate & REITs,United States,Plain; Real Estate; Real Estate & REITs; United States
VNQI,Vanguard Global ex-U.S. Real Estate ETF,Real Estate,Plain,Real Estate & REITs,Developed ex-US; Global; United States,Developed ex-US; Global; Plain; Real Estate; Real Estate & REITs; United States
WTRE,WisdomTree New Economy Real Estate Fund,Real Estate,Plain,Real Estate & REITs,United States,Plain; Real Estate; Real Estate & REITs; United States
XLRE,State Street Real Estate Select Sector SPDR ETF,Real Estate,Plain,Real Estate & REITs,United States,Plain; Real Estate; Real Estate & REITs; United States
RDOG,ALPS REIT Dividend Dogs ETF,Real Estate,Dividend/Income,Real Estate & REITs; Dividend & Income,United States,Dividend & Income; Dividend/Income; Real Estate; Real Estate & REITs; United States
SRET,Global X SuperDividend REIT ETF,Real Estate,Dividend/Income,Real Estate & REITs; Dividend & Income,Global,Dividend & Income; Dividend/Income; Global; Real Estate; Real Estate & REITs
SRHR,SRH REIT Covered Call ETF,Real Estate,Covered Call,Real Estate & REITs; Dividend & Income,United States,Covered Call; Dividend & Income; Real Estate; Real Estate & REITs; United States
INDS,Pacer Industrial Real Estate ETF,Real Estate,Plain,Real Estate & REITs; Industrials & Manufacturing,United States,Industrials & Manufacturing; Plain; Real Estate; Real Estate & REITs; United States
SRVR,Pacer Data & Infrastructure Real Estate ETF,Real Estate,Plain,Real Estate & REITs; Infrastructure,United States,Infrastructure; Plain; Real Estate; Real Estate & REITs; United States
IDGT,iShares U.S. Digital Infrastructure and Real Estate ETF,Real Estate; Equity,Plain,Datacenter & Hyperscaler; Real Estate & REITs; Infrastructure,United States,Datacenter & Hyperscaler; Equity; Infrastructure; Plain; Real Estate; Real Estate & REITs; United States
ERET,iShares Environmentally Aware Real Estate ETF,Real Estate; Equity,Plain,Real Estate & REITs,United States,Equity; Plain; Real Estate; Real Estate & REITs; United States
FRI,First Trust S&P REIT Index Fund,Real Estate; Equity,Plain,Real Estate & REITs,United States,Equity; Plain; Real Estate; Real Estate & REITs; United States
GQRE,FlexShares Global Quality Real Estate Index Fund,Real Estate; Equity,Factor,Real Estate & REITs,Global,Equity; Factor; Global; Real Estate; Real Estate & REITs
IFGL,iShares International Developed Real Estate ETF,Real Estate; Equity,Plain,Real Estate & REITs,Developed ex-US,Developed ex-US; Equity; Plain; Real Estate; Real Estate & REITs
IYR,iShares U.S. Real Estate ETF,Real Estate; Equity,Plain,Real Estate & REITs,United States,Equity; Plain; Real Estate; Real Estate & REITs; United States
KBWY,Invesco KBW Premium Yield Equity REIT ETF,Real Estate; Equity,Dividend/Income,Real Estate & REITs,United States,Dividend/Income; Equity; Real Estate; Real Estate & REITs; United States
REET,iShares Global REIT ETF,Real Estate; Equity,Plain,Real Estate & REITs,Global,Equity; Global; Plain; Real Estate; Real Estate & REITs
REZ,iShares Residential and Multisector Real Estate ETF,Real Estate; Equity,Plain,Real Estate & REITs,United States,Equity; Plain; Real Estate; Real Estate & REITs; United States
SPRE,SP Funds S&P Global REIT Sharia ETF,Real Estate; Equity,Plain,Real Estate & REITs,Global,Equity; Global; Plain; Real Estate; Real Estate & REITs
USRT,iShares Core U.S. REIT ETF,Real Estate; Equity,Plain,Real Estate & REITs,United States,Equity; Plain; Real Estate; Real Estate & REITs; United States
FREL,Fidelity MSCI Real Estate Index ETF,Real Estate; Equity,Plain,Real Estate & REITs; Broad Market & Core Indices,United States,Broad Market & Core Indices; Equity; Plain; Real Estate; Real Estate & REITs; United States
RSPR,Invesco S&P 500 Equal Weight Real Estate ETF,Real Estate; Equity,Factor,Real Estate & REITs; Broad Market & Core Indices,United States,Broad Market & Core Indices; Equity; Factor; Real Estate; Real Estate & REITs; United States
RWO,State Street SPDR Dow Jones Global Real Estate ETF,Real Estate; Equity,Plain,Real Estate & REITs; Broad Market & Core Indices,Global,Broad Market & Core Indices; Equity; Global; Plain; Real Estate; Real Estate & REITs
RWR,State Street SPDR Dow Jones REIT ETF,Real Estate; Equity,Plain,Real Estate & REITs; Broad Market & Core Indices,United States,Broad Market & Core Indices; Equity; Plain; Real Estate; Real Estate & REITs; United States
RWX,State Street SPDR Dow Jones International Real Estate ETF,Real Estate; Equity,Plain,Real Estate & REITs; Broad Market & Core Indices,United States,Broad Market & Core Indices; Equity; Plain; Real Estate; Real Estate & REITs; United States
