Ticker,Symbol,Security Name,Listing Exchange,Market Category,ETF,Test Issue,MarketCap,Sector,Industry,Market Region
AAC-U,AAC.U,"Ares Acquisition Corporation III Units, each consisting of one Class A ordinary share and one-tenth of one redeemable warrant",NYSE, ,N,N,,,,USA
AACBR,AACBR,Artius II Acquisition Inc. - Rights,NASDAQ,G,N,N,0,,,USA
AACBU,AACBU,Artius II Acquisition Inc. - Units,NASDAQ,G,N,N,,,,USA
AACIU,AACIU,Armada Acquisition Corp. III - Units,NASDAQ,G,N,N,0,Finance,Blank Checks,USA
AACIW,AACIW,Armada Acquisition Corp. III - Warrant,NASDAQ,G,N,N,0,Finance,Blank Checks,USA
AACOU,AACOU,Abony Acquisition Corp. I - Units,NASDAQ,G,N,N,0,,,USA
AACOW,AACOW,Abony Acquisition Corp. I - Warrants,NASDAQ,G,N,N,0,,,USA
AACPR,AACPR,Apogee Acquisition Corp - Rights,NASDAQ,G,N,N,0,Finance,Blank Checks,USA
AACPU,AACPU,Apogee Acquisition Corp - Units,NASDAQ,G,N,N,0,Finance,Blank Checks,USA
AACPW,AACPW,Apogee Acquisition Corp - Warrant,NASDAQ,G,N,N,0,Finance,Blank Checks,USA
AB,AB,AllianceBernstein Holding L.P.  Units,NYSE, ,N,N,3511984873,Finance,Investment Managers,USA
ABLVW,ABLVW,Able View Global Inc. - Warrant,NASDAQ,S,N,N,948287,Consumer Discretionary,Other Consumer Services,USA
ABR$D,ABR$D,"Arbor Realty Trust 6.375% Series D Cumulative Redeemable Preferred Stock, Liquidation Preference $25.00 per Share",NYSE, ,N,N,,,,USA
ABR$E,ABR$E,Arbor Realty Trust 6.25% Series E Cumulative Redeemable Preferred Stock,NYSE, ,N,N,,,,USA
ABR$F,ABR$F,"Arbor Realty Trust 6.25% Series F Fixed-to-Floating Rate Cumulative Redeemable Preferred Stock, Liquidation Preference $25.00 per share",NYSE, ,N,N,,,,USA
ABXL,ABXL,"Abacus Global Management, Inc. 9.875% Fixed Rate Senior Notes due 2028",NYSE, ,N,N,1929364063,Finance,Investment Managers,USA
ACAAU,ACAAU,Averin Capital Acquisition Corp. - Units,NASDAQ,G,N,N,0,Finance,Blank Checks,USA
ACAAW,ACAAW,Averin Capital Acquisition Corp. - Warrants,NASDAQ,G,N,N,0,Finance,Blank Checks,USA
ACGCU,ACGCU,ACP Holdings Acquisition Corp. - Units,NASDAQ,G,N,N,0,Finance,Blank Checks,USA
ACGCW,ACGCW,ACP Holdings Acquisition Corp. - Warrants,NASDAQ,G,N,N,0,Finance,Blank Checks,USA
ACGLN,ACGLN,"Arch Capital Group Ltd. - Depositary Shares, each Representing a 1/1,000th Interest in a 4.550% Non-Cumulative Preferred Share, Series G",NASDAQ,Q,N,N,5733483139,Finance,Property-Casualty Insurers,USA
ACGLO,ACGLO,"Arch Capital Group Ltd. - Depositary Shares Each Representing 1/1,000th Interest in a Share of5.45% Non-Cumulative Preferred Shares, Series F",NASDAQ,Q,N,N,6848035925,Finance,Property-Casualty Insurers,USA
ACHR-W,ACHR.W,"Archer Aviation Inc. Redeemable Warrants, each whole warrant exercisable for one Class A common stock at an exercise price of $11.50",NYSE, ,N,N,,,,USA
ACONW,ACONW,"Aclarion, Inc. - Warrant",NASDAQ,S,N,N,51707,Health Care,Medical Specialities,USA
ACP,ACP,abrdn Income Credit Strategies Fund Common Shares,NYSE, ,N,N,0,Finance,Investment Managers,USA
ACP$A,ACP$A,abrdn Income Credit Strategies Fund 5.250% Series A Perpetual Preferred Stock,NYSE, ,N,N,,,,USA
ACR$C,ACR$C,ACRES Commercial Realty Corp. 8.625% Fixed-to-Floating Series C Cumulative Redeemable Preferred Stock ,NYSE, ,N,N,,,,USA
ACR$D,ACR$D,ACRES Commercial Realty Corp. 7.875% Series D Cumulative Redeemable Preferred Stock,NYSE, ,N,N,,,,USA
ACV,ACV,Virtus Diversified Income & Convertible Fund Common Shares of Beneficial Interest,NYSE, ,N,N,284566717,Finance,Finance/Investors Services,USA
ADACU,ADACU,American Drive Acquisition Company - Units,NASDAQ,G,N,N,,,,USA
ADACW,ADACW,American Drive Acquisition Company - Warrant,NASDAQ,G,N,N,,,,USA
ADAMG,ADAMG,"Adamas Trust, Inc. - 9.125% Senior Notes Due 2030",NASDAQ,Q,N,N,0,Real Estate,Real Estate Investment Trusts,USA
ADAMH,ADAMH,"Adamas Trust, Inc. - 9.875% Senior Notes Due 2030",NASDAQ,G,N,N,0,Real Estate,Real Estate Investment Trusts,USA
ADAMI,ADAMI,"Adamas Trust, Inc. - 9.125% Senior Notes Due 2029",NASDAQ,Q,N,N,2278987995,Real Estate,Real Estate Investment Trusts,USA
ADAML,ADAML,"Adamas Trust, Inc. - 6.875% Series F Fixed-to-Floating Rate Cumulative Redeemable Preferred Stock, $0.01 par value per share",NASDAQ,Q,N,N,2188117980,Real Estate,Real Estate Investment Trusts,USA
ADAMM,ADAMM,"Adamas Trust, Inc. - 7.875% Series E Fixed-to-Floating Rate Cumulative Redeemable Preferred Stock",NASDAQ,Q,N,N,2249493117,Real Estate,Real Estate Investment Trusts,USA
ADAMN,ADAMN,"Adamas Trust, Inc. - 8.00% Series D Fixed-to-Floating Rate Cumulative Redeemable Preferred Stock",NASDAQ,Q,N,N,2138694370,Real Estate,Real Estate Investment Trusts,USA
ADAMO,ADAMO,"Adamas Trust, Inc. - 9.250% Senior Notes Due 2031",NASDAQ,Q,N,N,0,Real Estate,Real Estate Investment Trusts,USA
ADAMZ,ADAMZ,"Adamas Trust, Inc. - 7.000% Series G Cumulative Redeemable Preferred Stock, $0.01 par value per share",NASDAQ,Q,N,N,1687717414,Real Estate,Real Estate Investment Trusts,USA
ADC$A,ADC$A,"Agree Realty Corporation Depositary Shares, each representing 1/1,000th of a 4.250% Series A Cumulative Redeemable Preferred Stock",NYSE, ,N,N,,,,USA
ADSEW,ADSEW,ADS-TEC ENERGY PLC - Warrant,NASDAQ,S,N,N,37369064,Consumer Discretionary,Industrial Specialties,USA
ADX,ADX,Adams Diversified Equity Fund Inc.,NYSE, ,N,N,0,Finance,Investment Managers,USA
AEAQU,AEAQU,Activate Energy Acquisition Corp. - Unit,NASDAQ,G,N,N,0,,,USA
AEAQW,AEAQW,Activate Energy Acquisition Corp. - Warrant,NASDAQ,G,N,N,0,,,USA
AEF,AEF,"abrdn Emerging Markets ex-China Fund, Inc. Common Stock",NYSE MKT, ,N,N,954452625,Finance,Finance/Investors Services,USA
AEFC,AEFC,Aegon Funding Company LLC 5.10% Subordinated Notes due 2049,NYSE, ,N,N,0,,,USA
AENTW,AENTW,Alliance Entertainment Holding Corporation - Warrants,NASDAQ,S,N,N,22018102,Consumer Discretionary,Durable Goods,USA
AERTW,AERTW,"Aeries Technology, Inc. - Warrant",NASDAQ,S,N,N,114787,Consumer Discretionary,Professional Services,USA
AESPR,AESPR,Aeon Acquisition I Corp. - Rights,NASDAQ,G,N,N,0,Finance,Blank Checks,USA
AESPU,AESPU,Aeon Acquisition I Corp. - Units,NASDAQ,G,N,N,,,,USA
AESPW,AESPW,Aeon Acquisition I Corp. - Warrants,NASDAQ,G,N,N,0,Finance,Blank Checks,USA
AFB,AFB,AllianceBernstein National Municipal Income Fund Inc,NYSE, ,N,N,0,Finance,Trusts Except Educational Religious and Charitable,USA
AFGB,AFGB,"American Financial Group, Inc. 5.875% Subordinated Debentures due 2059",NYSE, ,N,N,1718635627,Finance,Property-Casualty Insurers,USA
AFGC,AFGC,"American Financial Group, Inc. 5.125% Subordinated Debentures due 2059",NYSE, ,N,N,1495549494,Finance,Property-Casualty Insurers,USA
AFGD,AFGD,"American Financial Group, Inc. 5.625% Subordinated Debentures due 2060",NYSE, ,N,N,1636795835,Finance,Property-Casualty Insurers,USA
AFGE,AFGE,"American Financial Group, Inc. 4.500% Subordinated Debentures due 2060",NYSE, ,N,N,1341840240,Finance,Property-Casualty Insurers,USA
AFJKR,AFJKR,"Aimei Health Technology Co., Ltd - Right",NASDAQ,G,N,N,0,,,USA
AFJKU,AFJKU,"Aimei Health Technology Co., Ltd - Unit",NASDAQ,G,N,N,0,,,USA
AFRIW,AFRIW,Forafric Global PLC - Warrants,NASDAQ,S,N,N,26694177,Consumer Staples,Packaged Foods,USA
AGD,AGD,abrdn Global Dynamic Dividend Fund Common Shares of Beneficial Interest,NYSE, ,N,N,0,Finance,Trusts Except Educational Religious and Charitable,USA
AGM$D,AGM$D,"Federal Agricultural Mortgage Corporation 5.700% Non-Cumulative Preferred Stock, Series D",NYSE, ,N,N,,,,USA
AGM$E,AGM$E,"Federal Agricultural Mortgage Corporation 5.750% Non-Cumulative Preferred Stock, Series E",NYSE, ,N,N,,,,USA
AGM$F,AGM$F,"Federal Agricultural Mortgage Corporation 5.250% Non-Cumulative Preferred Stock, Series F",NYSE, ,N,N,,,,USA
AGM$G,AGM$G,"Federal Agricultural Mortgage Corporation 4.875% Non-Cumulative Preferred Stock, Series G",NYSE, ,N,N,,,,USA
AGM$H,AGM$H,"Federal Agricultural Mortgage Corporation 6.500% Non-Cumulative Preferred Stock, Series H",NYSE, ,N,N,,,,USA
AGM$I,AGM$I,"Federal Agricultural Mortgage Corporation 6.875% Non-Cumulative Preferred Stock, Series I",NYSE, ,N,N,,,,USA
AGNCL,AGNCL,"AGNC Investment Corp. - Depositary Shares Each Representing a 1/1,000th Interest in a Share of 7.75% Series G Fixed-Rate Reset Cumulative Redeemable Preferred Stock",NASDAQ,Q,N,N,28508823470,Real Estate,Real Estate Investment Trusts,USA
AGNCM,AGNCM,AGNC Investment Corp. - Depositary Shares rep 6.875% Series D Fixed-to-Floating Cumulative Redeemable Preferred Stock,NASDAQ,Q,N,N,28715450739,Real Estate,Real Estate Investment Trusts,USA
AGNCN,AGNCN,"AGNC Investment Corp. - Depositary Shares Each Representing a 1/1,000th Interest in a Share of 7.00% Series C Fixed-To-Floating Rate Cumulative Redeemable Preferred Stock",NASDAQ,Q,N,N,29398468656,Real Estate,Real Estate Investment Trusts,USA
AGNCO,AGNCO,"AGNC Investment Corp. - Depositary Shares, each representing a 1/1,000th interest in a share of Series E Fixed-to-Floating Cumulative Redeemable Preferred Stock",NASDAQ,Q,N,N,29111486338,Real Estate,Real Estate Investment Trusts,USA
AGNCP,AGNCP,"AGNC Investment Corp. - Depositary Shares Each Representing a 1/1,000th Interest in a Share of 6.125% Series F Fixed-to-Floating Rate Cumulative Redeemable Preferred Stock",NASDAQ,Q,N,N,28721190385,Real Estate,Real Estate Investment Trusts,USA
AGNCZ,AGNCZ,"AGNC Investment Corp. - Depositary Shares Each Representing a 1/1,000th Interest in a Share of 8.75% Series H Fixed-Rate Cumulative Redeemable Preferred Stock",NASDAQ,Q,N,N,29054089874,Real Estate,Real Estate Investment Trusts,USA
AHL$D,AHL$D,Aspen Insurance Holdings Limited 5.625% Perpetual Non-Cumulative Preference Shares,NYSE, ,N,N,,,,USA
AHL$E,AHL$E,"Aspen Insurance Holdings Limited Depositary Shares, each representing a 1/1000th interest in a share of 5.625% Perpetual Non-Cumulative Preference Shares",NYSE, ,N,N,,,,USA
AHL$F,AHL$F,"Aspen Insurance Holdings Limited Depositary Shares, each representing a 1/1,000th Interest in a 7.00% Perpetual Non-Cumulative Preference Share",NYSE, ,N,N,,,,USA
AHRT$A,AHRT$A,"AH Realty Trust, Inc. 6.75% Series A Cumulative Redeemable Perpetual Preferred Stock",NYSE, ,N,N,,,,USA
AHT$D,AHT$D,Ashford Hospitality Trust Inc 8.45% Series D Cumulative Preferred Stock,NYSE, ,N,N,,,,USA
AHT$F,AHT$F,Ashford Hospitality Trust Inc 7.375% Series F Cumulative Preferred Stock,NYSE, ,N,N,,,,USA
AHT$G,AHT$G,Ashford Hospitality Trust Inc 7.375% Series G Cumulative Preferred Stock,NYSE, ,N,N,,,,USA
AHT$H,AHT$H,Ashford Hospitality Trust Inc 7.50% Series H Cumulative Preferred Stock,NYSE, ,N,N,,,,USA
AHT$I,AHT$I,Ashford Hospitality Trust Inc 7.50% Series I Cumulative Preferred Stock,NYSE, ,N,N,,,,USA
AIIA-R,AIIA.R,"AI Infrastructure Acquisition Corp. Rights, each entitling the holder to receive one-fifth (1/5) of one Class A Ordinary Share",NYSE, ,N,N,,,,USA
AIIA-U,AIIA.U,"AI Infrastructure Acquisition Corp. Units, each consisting of one Class A Ordinary Share and one Right",NYSE, ,N,N,,,,USA
AIIOW,AIIOW,Robo.ai Inc. - Warrant,NASDAQ,S,N,N,6821370,Industrials,Auto Manufacturing,USA
AIMDW,AIMDW,"Ainos, Inc. - warrants",NASDAQ,S,N,N,1095404,Technology,Computer peripheral equipment,USA
AIO,AIO,Virtus Artificial Intelligence & Technology Opportunities Fund Common Shares of Beneficial Interest,NYSE, ,N,N,892521862,Finance,Finance/Investors Services,USA
AIRJW,AIRJW,AirJoule Technologies Corporation - Warrant,NASDAQ,S,N,N,65870055,Industrials,Industrial Machinery/Components,USA
AIRTP,AIRTP,"Air T, Inc. - Trust Preferred Securities",NASDAQ,G,N,N,51907798,Consumer Discretionary,Air Freight/Delivery Services,USA
AISPW,AISPW,"Airship AI Holdings, Inc - Warrants",NASDAQ,S,N,N,18926635,Technology,Computer Software: Prepackaged Software,USA
AIZN,AIZN,"Assurant, Inc. 5.25% Subordinated Notes due 2061",NYSE, ,N,N,974367364,Finance,Property-Casualty Insurers,USA
ALB$A,ALB$A,Albemarle Corporation Depositary Shares each representing a 1/20th of 7.25% Series A Mandatory Convertible Preferred Stock,NYSE, ,N,N,,,,USA
ALDFU,ALDFU,Aldel Financial II Inc. - Units,NASDAQ,G,N,N,0,Finance,Blank Checks,USA
ALDFW,ALDFW,Aldel Financial II Inc. - Warrants,NASDAQ,G,N,N,0,Finance,Blank Checks,USA
ALFUU,ALFUU,Centurion Acquisition Corp. - Unit,NASDAQ,G,N,N,,,,USA
ALFUW,ALFUW,Centurion Acquisition Corp. - Warrant,NASDAQ,G,N,N,0,Finance,Blank Checks,USA
ALISR,ALISR,Calisa Acquisition Corp - Right,NASDAQ,G,N,N,0,Finance,Blank Checks,USA
ALISU,ALISU,Calisa Acquisition Corp - Units,NASDAQ,G,N,N,0,,,USA
ALL$B,ALL$B,Allstate Corporation (The) 5.100% Fixed-to-Floating Rate Subordinated Debentures due 2053,NYSE, ,N,N,,,,USA
ALL$H,ALL$H,"Allstate Corporation (The) Depositary Shares each representing a 1/1,000th interest in a share of Fixed Rate Noncumulative Perpetual Preferred Stock, Series H",NYSE, ,N,N,,,,USA
ALL$I,ALL$I,"Allstate Corporation (The) Depositary Shares each representing a 1/1,000th interest in a share of Fixed Rate Noncumulative Perpetual Preferred Stock, Series I",NYSE, ,N,N,,,,USA
ALL$J,ALL$J,"Allstate Corporation (The) Depositary Shares each representing a 1/1,000th interest in a share of Fixed Rate Noncumulative Perpetual Preferred Stock, Series J",NYSE, ,N,N,,,,USA
ALOVU,ALOVU,"Aldabra 4 Liquidity Opportunity Vehicle, Inc. - Units",NASDAQ,G,N,N,0,Finance,Blank Checks,USA
ALOVW,ALOVW,"Aldabra 4 Liquidity Opportunity Vehicle, Inc. - Warrants",NASDAQ,G,N,N,0,,,USA
ALPXR,ALPXR,Alpex Acquisition Corporation - Rights,NASDAQ,G,N,N,0,Finance,Blank Checks,USA
ALPXU,ALPXU,Alpex Acquisition Corporation - Units,NASDAQ,G,N,N,0,Finance,Blank Checks,USA
ALPXW,ALPXW,Alpex Acquisition Corporation - Warrants,NASDAQ,G,N,N,0,Finance,Blank Checks,USA
ALTG$A,ALTG$A,Alta Equipment Group Inc. Depositary Shares (each representing 1/1000th in a share of 10% Series A Cumulative Perpetual Preferred Stock),NYSE, ,N,N,,,,USA
ALUB-U,ALUB.U,"Alussa Energy Acquisition Corp. II Units, each consisting of one Class A ordinary share and one-third of one redeemable warrant",NYSE, ,N,N,,,,USA
ALUB-W,ALUB.W,"Alussa Energy Acquisition Corp. II Redeemable Warrants, each whole warrant exercisable for one Class A ordinary share at an exercise price of $11.50 per share",NYSE, ,N,N,,,,USA
ALVOW,ALVOW,Alvotech - Warrant,NASDAQ,G,N,N,57779551,Health Care,Biotechnology: Biological Products (No Diagnostic Substances),USA
AMACU,AMACU,AMR Resources Acquisition Corp - Units,NASDAQ,G,N,N,0,,,USA
AMH$G,AMH$G,American Homes 4 Rent Series G cumulative redeemable perpetual preferred shares of beneficial interest,NYSE, ,N,N,,,,USA
AMH$H,AMH$H,American Homes 4 Rent Series H cumulative redeemable perpetual Preferred Shares of Beneficial Interest,NYSE, ,N,N,,,,USA
AMODW,AMODW,"Alpha Modus Holdings, Inc. - Warrant",NASDAQ,S,N,N,137520,Miscellaneous,Multi-Sector Companies,USA
AMPGZ,AMPGZ,"Amplitech Group, Inc. - Series B Right",NASDAQ,S,N,N,25338799,Telecommunications,Telecommunications Equipment,USA
AMPX-W,AMPX.W,"Amprius Technologies, Inc. Warrants to purchase one share of Common Stock at an exercise price of $11.50 per share",NYSE, ,N,N,,,,USA
AMUB,AMUB,"ETRACS Alerian MLP Index ETN Series B due July 18, 2042",NYSE ARCA, ,N,N,,,,USA
AMX,AMX,"America Movil, S.A.B. de C.V. American Depositary Shares (each representing the right to receive twenty (20) Series B Shares",NYSE, ,N,N,78524377500,Telecommunications,Telecommunications Equipment,USA
ANG$D,ANG$D,"American National Group Inc. Depositary Shares, each representing a 1/1000th interest in a share of 7.375% Fixed-Rate Non-Cumulative Preferred Stock, Series D",NYSE, ,N,N,,,,USA
ANGHW,ANGHW,Anghami Inc. - Warrants,NASDAQ,S,N,N,86116,Consumer Discretionary,Telecommunications Equipment,USA
ANNAW,ANNAW,"AleAnna, Inc. - Warrant",NASDAQ,S,N,N,20080320,Energy,Oil & Gas Production,USA
ANSCU,ANSCU,Agriculture & Natural Solutions Acquisition Corporation - Unit,NASDAQ,G,N,N,,,,USA
ANSCW,ANSCW,Agriculture & Natural Solutions Acquisition Corporation - Warrant,NASDAQ,G,N,N,0,,,USA
AOD,AOD,abrdn Total Dynamic Dividend Fund Common Shares of Beneficial Interest,NYSE, ,N,N,0,Finance,Investment Managers,USA
AOMD,AOMD,"Angel Oak Mortgage REIT, Inc. 9.750% Senior Notes due 2030",NYSE, ,N,N,0,Finance,Real Estate,USA
AOMN,AOMN,"Angel Oak Mortgage REIT, Inc. 9.500% Senior Notes due 2029",NYSE, ,N,N,0,Finance,Real Estate,USA
APACR,APACR,StoneBridge Acquisition II Corporation - Rights,NASDAQ,S,N,N,0,,,USA
APACU,APACU,StoneBridge Acquisition II Corporation - Units,NASDAQ,S,N,N,0,Finance,Blank Checks,USA
APLMW,APLMW,Apollomics Inc. - Warrant,NASDAQ,S,N,N,41725,Health Care,Biotechnology: Pharmaceutical Preparations,USA
APMCR,APMCR,AmperCap Acquisition Company - Right,NASDAQ,G,N,N,0,Finance,Blank Checks,USA
APMCU,APMCU,AmperCap Acquisition Company - Unit,NASDAQ,G,N,N,0,Finance,Blank Checks,USA
APO$A,APO$A,"Apollo Global Management, Inc. 6.75% Series A Mandatory Convertible Preferred Stock",NYSE, ,N,N,,,,USA
APOS,APOS,"Apollo Global Management, Inc. 7.625% Fixed-Rate Resettable Junior Subordinated Notes due 2053",NYSE, ,N,N,14619944737,Finance,Investment Managers,USA
APURR,APURR,Aperture AC - Rights,NASDAQ,S,N,N,0,Finance,Blank Checks,USA
APXTU,APXTU,Apex Treasury Corporation - Units,NASDAQ,G,N,N,0,Finance,Blank Checks,USA
APXTW,APXTW,Apex Treasury Corporation - Warrants,NASDAQ,G,N,N,0,Finance,Blank Checks,USA
AQNB,AQNB,"Algonquin Power & Utilities Corp. 6.20% Fixed-to-Floating Subordinated Notes Series 2019-A due July 1, 2079",NYSE, ,N,N,19584637526,Utilities,Electric Utilities: Central,USA
ARBEW,ARBEW,Arbe Robotics Ltd. - Warrant,NASDAQ,S,N,N,3876178,Technology,EDP Services,USA
ARCC,ARCC,Ares Capital Corporation - Closed End Fund,NASDAQ,Q,N,N,13606532913,Finance,Finance: Consumer Services,USA
ARCIU,ARCIU,Archimedes Tech SPAC Partners III Co. - Unit,NASDAQ,G,N,N,0,Finance,Blank Checks,USA
ARCIW,ARCIW,Archimedes Tech SPAC Partners III Co. - Warrant,NASDAQ,G,N,N,,,,USA
ARCLR,ARCLR,ARC Group Acquisition I Corp - Right,NASDAQ,G,N,N,0,Finance,Blank Checks,USA
ARCLU,ARCLU,ARC Group Acquisition I Corp - Unit,NASDAQ,G,N,N,0,Finance,Blank Checks,USA
ARCLW,ARCLW,ARC Group Acquisition I Corp - Warrants,NASDAQ,G,N,N,0,Finance,Blank Checks,USA
ARDC,ARDC,"Ares Dynamic Credit Allocation Fund, Inc. Common Shares",NYSE, ,N,N,287353335,Finance,Investment Managers,USA
ARES$B,ARES$B,Ares Management Corporation 6.75% Series B Mandatory Convertible Preferred Stock,NYSE, ,N,N,,,,USA
ARLP,ARLP,"Alliance Resource Partners, L.P. - Common Units Representing Limited Partnership Interests",NASDAQ,Q,N,N,3172726033,Energy,Coal Mining,USA
ARQQW,ARQQW,Arqit Quantum Inc. - Warrants,NASDAQ,S,N,N,915442,Technology,Computer Software: Prepackaged Software,USA
ARR$C,ARR$C,"ARMOUR Residential REIT, Inc. 7% Series C Cumulative Redeemable Preferred Stock (liquidation preference $25.00 per share)",NYSE, ,N,N,,,,USA
ARTCU,ARTCU,Art Technology Acquisition Corp. - Units,NASDAQ,G,N,N,0,,,USA
ARTCW,ARTCW,Art Technology Acquisition Corp. - Warrants,NASDAQ,G,N,N,0,,,USA
ASB$E,ASB$E,"Associated Banc-Corp Depositary Shares, each representing a 1/40th interest in a share of 5.875% Non-Cumulative Perpetual Preferred Stock, Series E",NYSE, ,N,N,,,,USA
ASB$F,ASB$F,"Associated Banc-Corp Depositary Shares, each representing a 1/40th interest in a share of Associated Banc-Corp 5.625% Non-Cumulative Perpetual Preferred Stock, Series F",NYSE, ,N,N,,,,USA
ASBA,ASBA,Associated Banc-Corp 6.625% Fixed-Rate Reset Subordinated Notes due 2033,NYSE, ,N,N,3709142033,Finance,Major Banks,USA
ASBPW,ASBPW,"Aspire Biopharma Holdings, Inc.  - Warrant",NASDAQ,S,N,N,28236,Health Care,Biotechnology: Pharmaceutical Preparations,USA
ASG,ASG,"Liberty All-Star Growth Fund, Inc.",NYSE, ,N,N,0,Finance,Investment Managers,USA
ASGI,ASGI,abrdn Global Infrastructure Income Fund Common Shares of Beneficial Interest,NYSE, ,N,N,0,Finance,Investment Managers,USA
ASPCR,ASPCR,A SPAC III Acquisition Corp. - Right,NASDAQ,S,N,N,0,Finance,Blank Checks,USA
ASPCU,ASPCU,A SPAC III Acquisition Corp. - Unit,NASDAQ,S,N,N,0,Finance,Blank Checks,USA
ASPSW,ASPSW,Altisource Portfolio Solutions S.A. - Net Settle Stakeholder Warrants,NASDAQ,Q,N,N,4680764,Consumer Discretionary,Other Consumer Services,USA
ASPSZ,ASPSZ,Altisource Portfolio Solutions S.A. - Cash Exercise Stakeholder Warrants,NASDAQ,Q,N,N,3720925,Consumer Discretionary,Other Consumer Services,USA
ASTLW,ASTLW,Algoma Steel Group Inc. - Warrant,NASDAQ,G,N,N,1485980,Industrials,Steel/Iron Ore,USA
ATEST,ATEST,Tick Pilot Test Control Common Stock,NYSE MKT, ,N,Y,,,,USA
ATEST-A,ATEST.A,Tick Pilot Test Group 1 Common Stock,NYSE MKT, ,N,Y,,,,USA
ATEST-B,ATEST.B,Tick pilot Test 2 Common Stock,NYSE MKT, ,N,Y,,,,USA
ATEST-C,ATEST.C,Tick Pilot Test 3 Common Stock,NYSE MKT, ,N,Y,,,,USA
ATH$A,ATH$A,"Athene Holding Ltd. Depositary Shares, Each Representing a 1/1,000th Interest in a 6.35% Fixed-to-Floating Rate Perpetual Non-Cumulative Preference Share, Series A",NYSE, ,N,N,,,,USA
ATH$B,ATH$B,"Athene Holding Ltd. Depositary Shares, Each Representing a 1/1,000th Interest in a 5.625% Fixed Rate Perpetual Non- Cumulative Preference Share, Series B, par value $1.00 per share",NYSE, ,N,N,,,,USA
ATH$D,ATH$D,"Athene Holding Ltd. Depositary Shares, Each Representing a 1/1,000th Interest in a 4.875% Fixed-Rate Perpetual Non-Cumulative Preference Share, Series D",NYSE, ,N,N,,,,USA
ATH$E,ATH$E,"Athene Holding Ltd. Depositary Shares, Each Representing a 1/1,000th Interest in a 7.750% Fixed-Rate Reset Perpetual Non-Cumulative Preference Share, Series E",NYSE, ,N,N,,,,USA
ATHS,ATHS,Athene Holding Ltd. 7.250% Fixed-Rate Reset Junior Subordinated Debentures due 2064,NYSE, ,N,N,5033983500,Finance,Life Insurance,USA
ATIIU,ATIIU,Archimedes Tech SPAC Partners II Co. - Unit,NASDAQ,G,N,N,0,Finance,Blank Checks,USA
ATIIW,ATIIW,Archimedes Tech SPAC Partners II Co. - Warrant,NASDAQ,G,N,N,0,Finance,Blank Checks,USA
ATLCL,ATLCL,Atlanticus Holdings Corporation - 6.125% Senior Notes due 2026,NASDAQ,G,N,N,378438734,Finance,Finance: Consumer Services,USA
ATLCP,ATLCP,"Atlanticus Holdings Corporation - 7.625% Series B Cumulative Perpetual Preferred Stock, no par value per share",NASDAQ,Q,N,N,369068102,Finance,Finance: Consumer Services,USA
ATLCZ,ATLCZ,Atlanticus Holdings Corporation - 9.25% Senior Notes due 2029,NASDAQ,G,N,N,382825114,Finance,Finance: Consumer Services,USA
ATMP,ATMP,iPath Select MLP ETN,BATS, ,N,N,,,,USA
AUB$A,AUB$A,"Atlantic Union Bankshares Corporation Depositary Shares each representing a 1/400th ownership interest in a share of 6.875% Perpetual Non-Cumulative Preferred Stock, Series A",NYSE, ,N,N,,,,USA
AUROW,AUROW,"Aurora Innovation, Inc.  - Warrant",NASDAQ,Q,N,N,421658664,Technology,EDP Services,USA
AVAL,AVAL,Grupo Aval Acciones y Valores S.A. ADR (Each representing 20 preferred shares),NYSE, ,N,N,6042714581,Finance,Commercial Banks,USA
AVK,AVK,Advent Convertible and Income Fund,NYSE, ,N,N,0,Finance,Trusts Except Educational Religious and Charitable,USA
AWF,AWF,Alliancebernstein Global High Income Fund,NYSE, ,N,N,0,Finance,Trusts Except Educational Religious and Charitable,USA
AWP,AWP,abrdn Global Premier Properties Fund Common Shares of Beneficial Interest,NYSE, ,N,N,0,Finance,Trusts Except Educational Religious and Charitable,USA
AXIA$C,AXIA$C,"AXIA Energia American Depositary Shares, each representing one Preferred Class C Share",NYSE, ,N,N,,,,USA
AXINR,AXINR,Axiom Intelligence Acquisition Corp 1 - Right,NASDAQ,G,N,N,0,Finance,Blank Checks,USA
AXINU,AXINU,Axiom Intelligence Acquisition Corp 1 - Units,NASDAQ,G,N,N,0,Finance,Blank Checks,USA
AXS$E,AXS$E,"Axis Capital Holdings Limited Depositary Shares, each representing 1/100th interest in a share of a 5.50% Series E Preferred Shares",NYSE, ,N,N,,,,USA
BA$A,BA$A,"Boeing Company (The) Depositary Shares, each representing a 1/20th interest in a share of 6.00% Series A Mandatory Convertible Preferred Stock, par value $1.00",NYSE, ,N,N,,,,USA
BAC$B,BAC$B,"Bank of America Corporation Depositary Shares, each representing a 1/1,000th interest in a share of 6.000% Non-Cumulative Preferred Stock, Series GG",NYSE, ,N,N,,,,USA
BAC$K,BAC$K,"Bank of America Corporation Depositary Shares, each representing a 1/1,000th interest in a share of 5.875% Non- Cumulative Preferred Stock, Series HH",NYSE, ,N,N,,,,USA
BAC$M,BAC$M,"Bank of America Corporation Depositary Shares, each representing a 1/1,000th interest in a share of 5.375% Non-Cumulative Preferred Stock, Series KK",NYSE, ,N,N,,,,USA
BAC$N,BAC$N,"Bank of America Corporation Depositary shares, each representing 1/1,000th interest in a share of 5.000% Non-Cumulative Preferred Stock, Series LL",NYSE, ,N,N,,,,USA
BAC$O,BAC$O,"Bank of America Corporation Depositary shares, each representing 1/1,000th interest in a share of 4.375% Non-Cumulative Preferred Stock, Series NN",NYSE, ,N,N,,,,USA
BAC$P,BAC$P,"Bank of America Corporation Depositary Shares, each representing a 1/1,000th interest in a share of 4.125% Non-Cumulative Preferred Stock, Series PP",NYSE, ,N,N,,,,USA
BAC$Q,BAC$Q,"Bank of America Corporation Depositary shares, each representing 1/1,000th interest in a share of 4.250% Non-Cumulative Preferred Stock, Series QQ",NYSE, ,N,N,,,,USA
BAC$S,BAC$S,"Bank of America Corporation Depositary shares, each representing 1/1,000th interest in a share of 4.750% Non-Cumulative Preferred Stock, Series SS",NYSE, ,N,N,,,,USA
BACCR,BACCR,Blue Acquisition Corp. - Right,NASDAQ,G,N,N,0,Finance,Blank Checks,USA
BACCU,BACCU,Blue Acquisition Corp. - Unit,NASDAQ,G,N,N,0,Finance,Blank Checks,USA
BAERW,BAERW,"Bridger Aerospace Group Holdings, Inc. - Warrant",NASDAQ,G,N,N,15343140,Industrials,Aerospace,USA
BANC$F,BANC$F,"Banc of California, Inc. Depositary Shares, each representing a 1/40th interest in a share of 7.75% non-cumulative perpetual preferred stock, Series F",NYSE, ,N,N,,,,USA
BANFP,BANFP,BancFirst Corporation - 7.2% Cumulative Trust Preferred Securities,NASDAQ,Q,N,N,884527729,Finance,Major Banks,USA
BANX,BANX,ArrowMark Financial Corp. - Closed End Fund,NASDAQ,Q,N,N,142123546,Finance,Trusts Except Educational Religious and Charitable,USA
BBAI-W,BBAI.W,"BigBear.ai, Inc. Redeemable Warrants, each exercisable for one share of Common Stock at an exercise price of $11.50 per share",NYSE, ,N,N,,,,USA
BBBY-W,BBBY.W,"Bed Bath & Beyond, Inc. Warrants to Purchase Common Stock",NYSE, ,N,N,,,,USA
BBCQU,BBCQU,Bleichroeder Acquisition Corp. II - Units,NASDAQ,G,N,N,0,,,USA
BBCQW,BBCQW,Bleichroeder Acquisition Corp. II - Warrants,NASDAQ,G,N,N,0,,,USA
BBLGW,BBLGW,Bone Biologics Corp - warrants,NASDAQ,S,N,N,14483040,Health Care,Industrial Specialties,USA
BBN,BBN,BlackRock Taxable Municipal Bond Trust Common Shares of Beneficial Interest,NYSE, ,N,N,0,Finance,Finance Companies,USA
BC$C,BC$C,Brunswick Corporation 6.375% Notes due 2049,NYSE, ,N,N,,,,USA
BCARU,BCARU,D. Boral ARC Acquisition I Corp. - Units,NASDAQ,G,N,N,0,Finance,Blank Checks,USA
BCARW,BCARW,D. Boral ARC Acquisition I Corp. - Warrant,NASDAQ,G,N,N,0,Finance,Blank Checks,USA
BCCQU,BCCQU,Bleichroeder Acquisition Corp. III - Units,NASDAQ,G,N,N,0,Finance,Blank Checks,USA
BCGWW,BCGWW,"Binah Capital Group, Inc. - Warrants",NASDAQ,S,N,N,1512912,Finance,Finance: Consumer Services,USA
BCIC,BCIC,BCP Investment Corporation - Closed End Fund,NASDAQ,Q,N,N,89241638,Finance,Finance: Consumer Services,USA
BCSS-U,BCSS.U,"Bain Capital GSS Investment Corp. Units, each consisting of one Class A Ordinary Share and one-fifth of one redeemable warrant",NYSE, ,N,N,,,,USA
BCSS-W,BCSS.W,"Bain Capital GSS Investment Corp. Redeemable warrants, each whole warrant exercisable for one Class A ordinary share at an exercise price of $11.50",NYSE, ,N,N,,,,USA
BCTXL,BCTXL,BriaCell Therapeutics Corp. - Warrants,NASDAQ,S,N,N,7742810,Health Care,Biotechnology: Pharmaceutical Preparations,USA
BCTXZ,BCTXZ,BriaCell Therapeutics Corp. - Warrant,NASDAQ,S,N,N,869109,Health Care,Biotechnology: Pharmaceutical Preparations,USA
BCV,BCV,"Bancroft Fund, Ltd.",NYSE MKT, ,N,N,0,Finance,Finance/Investors Services,USA
BCV$A,BCV$A,Bancroft Fund Limited 5.375% Series A Cumulative Preferred Shares,NYSE MKT, ,N,N,,,,USA
BDCIU,BDCIU,BTC Development Corp. - Unit,NASDAQ,G,N,N,0,Finance,Blank Checks,USA
BDCIW,BDCIW,BTC Development Corp. - Warrant,NASDAQ,G,N,N,0,Finance,Blank Checks,USA
BDCZ,BDCZ,"ETRACS MarketVector Business Development Companies Liquid Index ETN due April 26, 2041",NYSE ARCA, ,N,N,,,,USA
BDMDW,BDMDW,Baird Medical Investment Holdings Ltd - Warrant,NASDAQ,S,N,N,1874069,Health Care,Medical/Dental Instruments,USA
BEAGR,BEAGR,Bold Eagle Acquisition Corp. - Right,NASDAQ,G,N,N,0,,,USA
BEAGU,BEAGU,Bold Eagle Acquisition Corp. - Units,NASDAQ,G,N,N,0,,,USA
BEATW,BEATW,"Heartbeam, Inc. - Warrant",NASDAQ,S,N,N,1687408,Health Care,Medical/Dental Instruments,USA
BEBE-U,BEBE.U,"TGE Value Creative Solutions Corp Units, each consisting of one Class A ordinary share and one-half of one redeemable warrant",NYSE, ,N,N,,,,USA
BEBE-W,BEBE.W,"TGE Value Creative Solutions Corp Redeemable warrants, each whole warrant exercisable for one Class A ordinary share at an exercise price of $11.50 per share",NYSE, ,N,N,,,,USA
BENFW,BENFW,Beneficient - Warrant,NASDAQ,S,N,N,165511,Finance,Finance: Consumer Services,USA
BEP,BEP,Brookfield Renewable Partners L.P. Limited Partnership Units,NYSE, ,N,N,21887081965,Utilities,Electric Utilities: Central,USA
BEP$A,BEP$A,"Brookfield Renewable Partners L.P. 5.25% Class A Preferred Limited Partnership Units, Series 17",NYSE, ,N,N,,,,USA
BEPH,BEPH,Brookfield BRP Holdings (Canada) Inc. 4.625% Perpetual Subordinated Notes,NYSE, ,N,N,4333309891,Utilities,Electric Utilities: Central,USA
BEPI,BEPI,Brookfield BRP Holdings (Canada) Inc. 4.875% Perpetual Subordinated Notes,NYSE, ,N,N,4571656293,Utilities,Electric Utilities: Central,USA
BEPJ,BEPJ,Brookfield BRP Holdings (Canada) Inc. 7.250% Perpetual Subordinated Notes,NYSE, ,N,N,7107317415,Utilities,Electric Utilities: Central,USA
BESS-W,BESS.W,"Bimergen Energy Corporation Warrants, each share exercisable to purchase one share of Common Stock",NYSE MKT, ,N,N,,,,USA
BETRW,BETRW,Better Home & Finance Holding Company - Warrant,NASDAQ,G,N,N,3773965,Finance,Finance: Consumer Services,USA
BFH$A,BFH$A,"Bread Financial Holdings, Inc. Depositary Shares, each representing a 1/40th interest in a share of 8.625% Non-Cumulative Perpetual Preferred Stock, Series A",NYSE, ,N,N,,,,USA
BFH$B,BFH$B,"Bread Financial Holdings, Inc. Depositary Shares, each representing a 1/40th interest in a share of 8.875% Fixed Rate Reset Non-Cumulative Perpetual Preferred Stock, Series B",NYSE, ,N,N,,,,USA
BFRGW,BFRGW,"Bullfrog AI Holdings, Inc. - Warrants",NASDAQ,S,N,N,2315852,Health Care,Biotechnology: Pharmaceutical Preparations,USA
BFRIW,BFRIW,Biofrontera Inc. - Warrants,NASDAQ,S,N,N,459640,Health Care,Biotechnology: Pharmaceutical Preparations,USA
BFS$D,BFS$D,"Saul Centers, Inc. Depositary Shares, each representing 1/100th of a share of 6.125% Series D Cumulative Redeemable Preferred Stock",NYSE, ,N,N,,,,USA
BFS$E,BFS$E,"Saul Centers, Inc. Depositary shares, each representing a 1/100th fractional interest in a share of 6.000% Series E Cumulative Redeemable Preferred Stock",NYSE, ,N,N,,,,USA
BGB,BGB,Blackstone Strategic Credit 2027 Term Fund Common Shares of Beneficial Interest,NYSE, ,N,N,0,Finance,Trusts Except Educational Religious and Charitable,USA
BGH,BGH,Barings Global Short Duration High Yield Fund Common Shares of Beneficial Interests,NYSE, ,N,N,0,Finance,Investment Managers,USA
BGLWW,BGLWW,Blue Gold Limited - Warrant,NASDAQ,S,N,N,3062833,Basic Materials,Metal Mining,USA
BGX,BGX,Blackstone Long Short Credit Income Fund Common Shares,NYSE, ,N,N,0,Finance,Trusts Except Educational Religious and Charitable,USA
BHAVR,BHAVR,BHAV Acquisition Corp - Rights,NASDAQ,G,N,N,,,,USA
BHAVU,BHAVU,BHAV Acquisition Corp - Units,NASDAQ,G,N,N,0,Finance,Blank Checks,USA
BHFAL,BHFAL,"Brighthouse Financial, Inc. - Junior Subordinated Debentures due 2058",NASDAQ,Q,N,N,897015933,Finance,Life Insurance,USA
BHFAM,BHFAM,"Brighthouse Financial, Inc. - Depositary shares each representing a 1/1,000th Interest in a Share of 4.625% Non-Cumulative Preferred Stock, Series D",NASDAQ,Q,N,N,588244838,Finance,Life Insurance,USA
BHFAN,BHFAN,"Brighthouse Financial, Inc. - depositary shares, each representing a 1/1,000th interest in a share of 5.375% Non-Cumulative Preferred Stock, Series C",NASDAQ,Q,N,N,670392311,Finance,Life Insurance,USA
BHFAO,BHFAO,"Brighthouse Financial, Inc. - Depositary Shares, each representing a 1/1,000th interest in a share of 6.750% Non-Cumulative Preferred Stock, Series B",NASDAQ,Q,N,N,849623160,Finance,Life Insurance,USA
BHFAP,BHFAP,"Brighthouse Financial, Inc. - Depositary Shares 6.6% Non-Cumulative Preferred Stock, Series A",NASDAQ,Q,N,N,826644846,Finance,Life Insurance,USA
BHK,BHK,Blackrock Core Bond Trust,NYSE, ,N,N,0,Finance,Finance Companies,USA
BHR$B,BHR$B,"Braemar Hotels & Resorts Inc. 5.50% Series B Cumulative Convertible Preferred Stock, par value $0.01 per share",NYSE, ,N,N,,,,USA
BHR$D,BHR$D,"Braemar Hotels & Resorts Inc. 8.25% Series D Cumulative Preferred Stock,  par value $0.01 per share",NYSE, ,N,N,,,,USA
BHV,BHV,BlackRock Virginia Municipal Bond Trust,NYSE, ,N,N,0,Finance,Finance/Investors Services,USA
BIAFW,BIAFW,"bioAffinity Technologies, Inc. - Warrant",NASDAQ,S,N,N,474306,Health Care,Biotechnology: Commercial Physical & Biological Resarch,USA
BIDWR,BIDWR,Tribeca Strategic Acquisition Corp. - Rights,NASDAQ,G,N,N,0,Finance,Blank Checks,USA
BIDWU,BIDWU,Tribeca Strategic Acquisition Corp. - Unit,NASDAQ,G,N,N,0,Finance,Blank Checks,USA
BIII-U,BIII.U,"Black Spade Acquisition III Co Units, each consisting of one Class A ordinary share and one-third of one redeemable warrant",NYSE, ,N,N,,,,USA
BIII-W,BIII.W,"Black Spade Acquisition III Co Redeemable warrants, each whole warrant exercisable for one Class A ordinary share at an exercise price of $11.50",NYSE, ,N,N,,,,USA
BIP,BIP,Brookfield Infrastructure Partners LP Limited Partnership Units,NYSE, ,N,N,18221541341,Consumer Discretionary,Marine Transportation,USA
BIP$A,BIP$A,"Brookfield Infrastructure Partners LP 5.125% Class A Preferred Limited Partnership Units, Series 13",NYSE, ,N,N,,,,USA
BIP$B,BIP$B,"Brookfield Infrastructure Partners LP 5.000% Class A Preferred Limited Partnership Units, Series 14",NYSE, ,N,N,,,,USA
BIPH,BIPH,Brookfield Infrastructure Corporation 5.000% Subordinated Notes due 2081,NYSE, ,N,N,7525904215,Consumer Discretionary,Marine Transportation,USA
BIPI,BIPI,BIP Bermuda Holdings I Limited 5.125% Perpetual Subordinated Notes,NYSE, ,N,N,157127002,Consumer Discretionary,Marine Transportation,USA
BIPJ,BIPJ,Brookfield Infrastructure Corporation 7.250% Subordinated Notes due 2084,NYSE, ,N,N,11533599300,Consumer Discretionary,Marine Transportation,USA
BIVIW,BIVIW,BioVie Inc. - Warrant,NASDAQ,S,N,N,2956401,Health Care,Biotechnology: Pharmaceutical Preparations,USA
BIXIU,BIXIU,Bitcoin Infrastructure Acquisition Corp Ltd. - Units,NASDAQ,G,N,N,0,Finance,Blank Checks,USA
BIXIW,BIXIW,Bitcoin Infrastructure Acquisition Corp Ltd. - Warrants,NASDAQ,G,N,N,0,,,USA
BKHAR,BKHAR,Black Hawk Acquisition Corporation - Rights,NASDAQ,G,N,N,0,Health Care,Biotechnology: Biological Products (No Diagnostic Substances),USA
BKHAU,BKHAU,Black Hawk Acquisition Corporation - Units,NASDAQ,G,N,N,,,,USA
BKKT-W,BKKT.W,"Bakkt, Inc. Warrants to purchase Class A Common Stock, each Warrant entitles a holder to purchase 1/25th of a share of Class A common stock at an exercise price of $287.50 for one share",NYSE, ,N,N,,,,USA
BKSY-W,BKSY.W,"BlackSky Technology Inc. Redeemable Warrants, each whole Warrant exercisable for one share of Class A Common Stock",NYSE, ,N,N,,,,USA
BLRKU,BLRKU,Bluerock Acquisition Corp. - Units,NASDAQ,G,N,N,0,,,USA
BLRKW,BLRKW,Bluerock Acquisition Corp. - Warrants,NASDAQ,G,N,N,0,,,USA
BLUWU,BLUWU,Blue Water Acquisition Corp. III - Unit.,NASDAQ,G,N,N,,,,USA
BLUWW,BLUWW,Blue Water Acquisition Corp. III - Warrant.,NASDAQ,G,N,N,,,,USA
BLZRU,BLZRU,Trailblazer Acquisition Corp. - Unit,NASDAQ,G,N,N,0,,,USA
BLZRW,BLZRW,Trailblazer Acquisition Corp. - Warrant,NASDAQ,G,N,N,0,Finance,Blank Checks,USA
BML$G,BML$G,"Bank of America Corporation Depositary Shares (Each representing a 1/1200th interest in a share of Floating Rate Non-Cumulative Preferred Stock , Series 1)",NYSE, ,N,N,,,,USA
BML$H,BML$H,"Bank of America Corporation Depositary Shares (Each representing a 1/1200th interest in a Share of Floating Rate Non-Cumulative Preferred Stock, Series 2)",NYSE, ,N,N,,,,USA
BML$J,BML$J,"Bank of America Corporation Depositary Shares (Each representing a 1/1200th interest in a Share of Floating Rate Non-Cumulative Preferred Stock, Series 4)",NYSE, ,N,N,,,,USA
BML$L,BML$L,"Bank of America Corporation Depositary Shares (Each representing a 1/1200th Interest in a Share of Floating Rate Non-Cumulative Preferred Stock, Series 5)",NYSE, ,N,N,,,,USA
BMNP,BMNP,"BitMine Immersion Technologies, Inc. 9.5% Series A Perpetual Preferred Stock",NYSE, ,N,N,52329889680,Finance,Finance: Consumer Services,USA
BNAIW,BNAIW,Brand Engagement Network Inc. - Warrant,NASDAQ,S,N,N,806953,Technology,EDP Services,USA
BNCWW,BNCWW,CEA Industries Inc. - Warrant,NASDAQ,S,N,N,623084,Industrials,Industrial Machinery/Components,USA
BNCWZ,BNCWZ,CEA Industries Inc. - Warrants,NASDAQ,S,N,N,4126385,Industrials,Industrial Machinery/Components,USA
BNH,BNH,"Brookfield Finance Inc. 4.625% Subordinated Notes due October 16, 2080",NYSE, ,N,N,23295463094,Real Estate,Building operators,USA
BNJ,BNJ,Brookfield Finance Inc. 4.50% Perpetual Subordinated Notes,NYSE, ,N,N,23446242790,Real Estate,Building operators,USA
BNY$K,BNY$K,"The Bank Of New York Mellon Corporation  Depositary Shares, each representing a 1/4,000th interest in a share of Series K Noncumulative Perpetual Preferred Stock",NYSE, ,N,N,,,,USA
BNZIW,BNZIW,"Banzai International, Inc. - Warrant",NASDAQ,S,N,N,29525,Technology,Computer Software: Prepackaged Software,USA
BOH$A,BOH$A,"Bank of Hawaii Corporation Depositary Shares Each Representing a 1/40th Interest in a Share of 4.375% Fixed Rate Non-Cumulative Perpetual Preferred Stock, Series A",NYSE, ,N,N,,,,USA
BOH$B,BOH$B,"Bank of Hawaii Corporation Depositary Shares, Each Representing a 1/40th Interest in a Share of 8.000% Fixed Rate Non-Cumulative Perpetual Preferred Stock, Series B",NYSE, ,N,N,,,,USA
BPACR,BPACR,Blueport Acquisition Ltd - Rights,NASDAQ,S,N,N,0,Finance,Blank Checks,USA
BPACU,BPACU,Blueport Acquisition Ltd - Units,NASDAQ,S,N,N,0,Finance,Blank Checks,USA
BPOPM,BPOPM,"Popular, Inc. - Popular Capital Trust II - 6.125% Cumulative Monthly Income Trust Preferred Securities",NASDAQ,Q,N,N,1627641021,Finance,Major Banks,USA
BPRE,BPRE,Bluerock Private Real Estate Fund Common Shares of Beneficial Interest,NYSE, ,N,N,0,,,USA
BPYPM,BPYPM,"Brookfield Property Partners L.P. - 6.25% Class A Cumulative Redeemable Preferred Units, Series 1",NASDAQ,Q,N,N,18521006135,Finance,Real Estate,USA
BPYPN,BPYPN,"Brookfield Property Partners L.P. - 5.750% Class A Cumulative Redeemable Perpetual Preferred Units, Series 3",NASDAQ,Q,N,N,16224052470,Finance,Real Estate,USA
BPYPO,BPYPO,"Brookfield Property Partners L.P. - 6.375% Class A Cumulative Redeemable Perpetual Preferred Units, Series 2",NASDAQ,Q,N,N,17735971339,Finance,Real Estate,USA
BPYPP,BPYPP,Brookfield Property Partners L.P. - 6.50% Class A Cumulative Redeemable Perpetual Preferred Units,NASDAQ,Q,N,N,18491930773,Finance,Real Estate,USA
BREZR,BREZR,Breeze Acquisition Corp. II - Rights,NASDAQ,G,N,N,0,Finance,Blank Checks,USA
BRKHU,BRKHU,Burtech Acquisition Corp II - Units,NASDAQ,S,N,N,0,Finance,Blank Checks,USA
BRKHW,BRKHW,Burtech Acquisition Corp II - Warrants,NASDAQ,S,N,N,0,Finance,Blank Checks,USA
BRKRP,BRKRP,"Bruker Corporation - 6.375% Mandatory Convertible Preferred Stock, Series A",NASDAQ,Q,N,N,68928306418,Industrials,Biotechnology: Laboratory Analytical Instruments,USA
BRLSW,BRLSW,Borealis Foods Inc. - Warrant,NASDAQ,S,N,N,1071019,Consumer Staples,Packaged Foods,USA
BRRWW,BRRWW,"ProCap Financial, Inc. - Warrant.",NASDAQ,S,N,N,23739321,Finance,Finance: Consumer Services,USA
BRTMU,BRTMU,B&R Technology Merger Corp. - Units,NASDAQ,G,N,N,0,,,USA
BRUNW,BRUNW,Boost Run Inc. - Warrant,NASDAQ,S,N,N,847715701,Technology,EDP Services,USA
BRW,BRW,Saba Capital Income & Opportunities Fund SBI,NYSE, ,N,N,0,Finance,Trusts Except Educational Religious and Charitable,USA
BSAAR,BSAAR,BEST SPAC I Acquisition Corp. - Rights,NASDAQ,S,N,N,0,Finance,Blank Checks,USA
BSAAU,BSAAU,BEST SPAC I Acquisition Corp. - Unit,NASDAQ,S,N,N,0,Finance,Blank Checks,USA
BSBR,BSBR,"Banco Santander Brasil SA American Depositary Shares, each representing one unit",NYSE, ,N,N,40419181889,Finance,Commercial Banks,USA
BSL,BSL,Blackstone Senior Floating Rate 2027 Term Fund Common Shares of Beneficial Interest,NYSE, ,N,N,0,Finance,Trusts Except Educational Religious and Charitable,USA
BSM,BSM,"Black Stone Minerals, L.P. Common units representing limited partner interests",NYSE, ,N,N,3053615386,Energy,Oil & Gas Production,USA
BTBDW,BTBDW,"BT Brands, Inc. - Warrant",NASDAQ,S,N,N,294393,Consumer Discretionary,Restaurants,USA
BTO,BTO,John Hancock Financial Opportunities Fund Common Stock,NYSE, ,N,N,0,Finance,Investment Managers,USA
BTSGU,BTSGU,"BrightSpring Health Services, Inc. - Tangible Equity Unit",NASDAQ,Q,N,N,45677367572,Health Care,Medical/Nursing Services,USA
BULLW,BULLW,Webull Corporation - Warrants,NASDAQ,S,N,N,1414637649,Finance,Investment Bankers/Brokers/Service,USA
BUSEP,BUSEP,"First Busey Corporation - Depositary Shares, Each Representing a 1/40th Interest in a Share of 8.25% Fixed-Rate Series B Non-Cumulative Perpetual Preferred Stock, $0.001 par value",NASDAQ,Q,N,N,2190548444,Finance,Major Banks,USA
BW$A,BW$A,"Babcock & Wilcox Enterprises, Inc. 7.75% Series A Cumulative Perpetual Preferred Stock",NYSE, ,N,N,,,,USA
BWBBP,BWBBP,"Bridgewater Bancshares, Inc. - Depositary Shares, Each Representing a 1/100th Interest in a Share of 5.875% Non-Cumulative Perpetual Preferred Stock, Series A",NASDAQ,S,N,N,557667340,Finance,Major Banks,USA
BWG,BWG,BrandywineGLOBAL Global Income Opportunities Fund Inc.,NYSE, ,N,N,0,Finance,Finance/Investors Services,USA
BWIV-U,BWIV.U,"Blue Water Acquisition Corp. IV Units, each consisting of one Class A ordinary share and one-half of one redeemable warrant",NYSE, ,N,N,,,,USA
BWIV-W,BWIV.W,Blue Water Acquisition Corp. IV Warrants entitling the holder to purchase one Class A ordinary share at a price of $11.50 per share,NYSE, ,N,N,,,,USA
BWNB,BWNB,"Babcock & Wilcox Enterprises, Inc. 6.50% Senior Notes due 2026",NYSE, ,N,N,2546141595,Industrials,Building Products,USA
BXSL,BXSL,Blackstone Secured Lending Fund Common Shares of Beneficial Interest,NYSE, ,N,N,0,Finance,Trusts Except Educational Religious and Charitable,USA
BZAIW,BZAIW,"Blaize Holdings, Inc. - Warrant",NASDAQ,S,N,N,37532290,Finance,Blank Checks,USA
BZFDW,BZFDW,"BuzzFeed, Inc. - Warrant",NASDAQ,S,N,N,1383911,Consumer Discretionary,Telecommunications Equipment,USA
C$N,C$N,Citigroup Capital XIII 7.875% Fixed rate Floating Rate trust Preferred Securities (TruPS),NYSE, ,N,N,,,,USA
C$R,C$R,"Citigroup Inc. Depositary Shares, Each Representing a 1/1,000th Interest in a Share of 6.250% Noncumulative Preferred Stock, Series II",NYSE, ,N,N,,,,USA
CAF,CAF,Morgan Stanley China A Share Fund Inc. Common Stock,NYSE, ,N,N,0,Finance,Investment Managers,USA
CAIIU,CAIIU,Collective Acquisition Corp. II - Units,NASDAQ,G,N,N,0,Finance,Blank Checks,USA
CAIIW,CAIIW,Collective Acquisition Corp. II - Warrants,NASDAQ,G,N,N,0,Finance,Blank Checks,USA
CAPL,CAPL,CrossAmerica Partners LP Common Units representing limited partner interests,NYSE, ,N,N,839013739,Energy,Oil Refining/Marketing,USA
CAPNR,CAPNR,Cayson Acquisition Corp - Right,NASDAQ,G,N,N,0,Finance,Blank Checks,USA
CAPNU,CAPNU,Cayson Acquisition Corp - Units,NASDAQ,G,N,N,,,,USA
CAQUU,CAQUU,Cambridge Acquisition Corp. - Unit,NASDAQ,G,N,N,0,,,USA
CAQUW,CAQUW,Cambridge Acquisition Corp. - Warrants,NASDAQ,G,N,N,0,,,USA
CBO,CBO,CBO (Listing Market - NYSE - Networks A/E) Common Stock,NYSE, ,N,Y,,,,USA
CBX,CBX,CBX (Listing Market NYSE Networks AE) Common Stock,NYSE, ,N,Y,,,,USA
CCAQU,CCAQU,Collective Acquisition Corp. - Units,NASDAQ,G,N,N,,,,USA
CCAQW,CCAQW,Collective Acquisition Corp. - Warrants,NASDAQ,G,N,N,0,Finance,Blank Checks,USA
CCCTU,CCCTU,Columbus Circle Capital Corp III - Units,NASDAQ,G,N,N,0,,,USA
CCD,CCD,Calamos Dynamic Convertible & Income Fund - Closed End Fund,NASDAQ,Q,N,N,0,Finance,Trusts Except Educational Religious and Charitable,USA
CCGWW,CCGWW,Cheche Group Inc. - Warrant,NASDAQ,S,N,N,37331,Finance,Specialty Insurers,USA
CCID,CCID,Carlyle Credit Income Fund 7.375% Series D Term Preferred Shares due 2028,NYSE, ,N,N,0,,,USA
CCIF,CCIF,Carlyle Credit Income Fund Shares of Beneficial Interest,NYSE, ,N,N,0,Finance,Finance/Investors Services,USA
CCIIU,CCIIU,Cohen Circle Acquisition Corp. II - Unit,NASDAQ,G,N,N,0,,,USA
CCIIW,CCIIW,Cohen Circle Acquisition Corp. II - Warrant,NASDAQ,G,N,N,0,,,USA
CCIXU,CCIXU,Churchill Capital Corp IX - Unit,NASDAQ,G,N,N,0,Technology,EDP Services,USA
CCIXW,CCIXW,Churchill Capital Corp IX - Warrant,NASDAQ,G,N,N,0,Technology,EDP Services,USA
CCNEP,CCNEP,"CNB Financial Corporation - Depositary shares, each representing a 1/40th ownership interest in a share of 7.125% Series A Fixed- Rate Non-Cumulative Perpetual Preferred Stock",NASDAQ,Q,N,N,739836455,Finance,Major Banks,USA
CCXIU,CCXIU,Churchill Capital Corp XI - Units,NASDAQ,G,N,N,0,Finance,Blank Checks,USA
CCXIW,CCXIW,Churchill Capital Corp XI - Warrants,NASDAQ,G,N,N,0,,,USA
CDIOW,CDIOW,Cardio Diagnostics Holdings Inc. - Warrant,NASDAQ,S,N,N,37881,Health Care,Biotechnology: In Vitro & In Vivo Diagnostic Substances,USA
CDR$B,CDR$B,"Cedar Realty Trust, Inc. 7.25% Series B Cumulative Redeemable Preferred Stock",NYSE, ,N,N,,,,USA
CDR$C,CDR$C,"Cedar Realty Trust, Inc. 6.50% Series C Cumulative Redeemable Preferred Stock",NYSE, ,N,N,,,,USA
CDROW,CDROW,"Codere Online Luxembourg, S.A. - Warrants",NASDAQ,S,N,N,44555970,Consumer Discretionary,Services-Misc. Amusement & Recreation,USA
CDTTW,CDTTW,CDT Equity Inc. - Warrant,NASDAQ,S,N,N,9466,Health Care,Biotechnology: Pharmaceutical Preparations,USA
CEE,CEE,"The Central and Eastern Europe Fund, Inc. (The) Common Stock",NYSE, ,N,N,0,Finance,Finance Companies,USA
CELG-R,CELG.R,Bristol-Myers Squibb Company Celegne Contingent Value Rights,NYSE, ,N,N,,,,USA
CELUW,CELUW,Celularity Inc. - Warrant,NASDAQ,S,N,N,,,,USA
CFG$E,CFG$E,"Citizens Financial Group, Inc. Depositary Shares Each Representing 1/40th Interest in a Share of 5.000% Fixed-Rate Non-Cumulative Perpetual Preferred Stock, Series E",NYSE, ,N,N,,,,USA
CFG$H,CFG$H,"Citizens Financial Group, Inc. Depositary Shares Each Representing a 1/40th Interest in a Share of 7.375% Fixed-Rate Non-Cumulative Perpetual Preferred Stock, Series H",NYSE, ,N,N,,,,USA
CFG$I,CFG$I,"Citizens Financial Group, Inc. Depositary Shares, Each Representing a 1/40th Interest in a Share of 6.500% Fixed-Rate Reset Non-Cumulative Perpetual Preferred Stock, Series I",NYSE, ,N,N,,,,USA
CFND,CFND,C1 Fund Inc. Common Stock,NYSE, ,N,N,0,,,USA
CFR$B,CFR$B,"Cullen/Frost Bankers, Inc. Depositary Shares, each representing a 1/40th ownership interest in a share of 4.450% non-cumulative perpetual preferred stock, Series B",NYSE, ,N,N,,,,USA
CFTR$A,CFTR$A,"Cantor Fitzgerald Income Trust, Inc. 9.50% Series A Cumulative Redeemable Preferred Stock",NYSE, ,N,N,,,,USA
CGABL,CGABL,The Carlyle Group Inc. - 4.625% Subordinated Notes due 2061,NASDAQ,Q,N,N,5913875229,Finance,Investment Managers,USA
CGBD,CGBD,"Carlyle Secured Lending, Inc. - Closed End Fund",NASDAQ,Q,N,N,732114845,Finance,Finance: Consumer Services,USA
CGCFU,CGCFU,Cartesian Growth Corporation IV - Units,NASDAQ,G,N,N,0,,,USA
CGO,CGO,Calamos Global Total Return Fund - Closed End Fund,NASDAQ,Q,N,N,0,Finance,Investment Managers,USA
CHARR,CHARR,Charlton Aria Acquisition Corporation - Rights,NASDAQ,G,N,N,0,,,USA
CHARU,CHARU,Charlton Aria Acquisition Corporation - Units,NASDAQ,G,N,N,,,,USA
CHECU,CHECU,Chenghe Acquisition III Co. - Units,NASDAQ,G,N,N,0,Finance,Blank Checks,USA
CHECW,CHECW,Chenghe Acquisition III Co. - Warrants,NASDAQ,G,N,N,0,,,USA
CHI,CHI,Calamos Convertible Opportunities and Income Fund - Closed End Fund,NASDAQ,Q,N,N,0,Finance,Investment Managers,USA
CHMI$A,CHMI$A,Cherry Hill Mortgage Investment Corporation 8.20% Series A Cumulative Redeemable Preferred Stock,NYSE, ,N,N,,,,USA
CHMI$B,CHMI$B,Cherry Hill Mortgage Investment Corporation 8.250% Series B Fixed-to-Floating Rate Cumulative Redeemable Preferred Stock,NYSE, ,N,N,,,,USA
CHPGR,CHPGR,ChampionsGate Acquisition Corporation - Rights,NASDAQ,G,N,N,0,,,USA
CHPGU,CHPGU,ChampionsGate Acquisition Corporation - Unit,NASDAQ,G,N,N,0,,,USA
CHSCL,CHSCL,"CHS Inc - Class B Cumulative Redeemable Preferred Stock, Series 4",NASDAQ,Q,N,N,311463436,Industrials,Farming/Seeds/Milling,USA
CHSCM,CHSCM,"CHS Inc - Class B Reset Rate Cumulative Redeemable Preferred Stock, Series 3",NASDAQ,Q,N,N,300050473,Industrials,Farming/Seeds/Milling,USA
CHSCN,CHSCN,CHS Inc - Preferred Class B Series 2 Reset Rate,NASDAQ,Q,N,N,306800075,Industrials,Farming/Seeds/Milling,USA
CHSCO,CHSCO,CHS Inc - Class B Cumulative Redeemable Preferred Stock,NASDAQ,Q,N,N,316372237,Industrials,Farming/Seeds/Milling,USA
CHSCP,CHSCP,CHS Inc - 8%  Cumulative Redeemable Preferred Stock,NASDAQ,Q,N,N,327294320,Industrials,Farming/Seeds/Milling,USA
CHW,CHW,Calamos Global Dynamic Income Fund - Closed End Fund,NASDAQ,Q,N,N,0,Finance,Investment Managers,USA
CHY,CHY,Calamos Convertible and High Income Fund - Closed End Fund,NASDAQ,Q,N,N,0,Finance,Investment Managers,USA
CIB,CIB,Grupo Cibest S.A. American Depositary Shares each representing four Preferred Shares,NYSE, ,N,N,19931718624,Finance,Commercial Banks,USA
CICB,CICB,CION Investment Corporation 7.50% Notes due 2029,NYSE, ,N,N,0,Finance,Finance/Investors Services,USA
CICC,CICC,CION Investment Corporation 7.50% Notes due 2031,NYSE, ,N,N,0,Finance,Finance/Investors Services,USA
CII,CII,"BlackRock Enhanced Large Cap Core Fund, Inc. Common Stock",NYSE, ,N,N,3668482535,Finance,Investment Bankers/Brokers/Service,USA
CIK,CIK,"Credit Suisse Asset Management Income Fund, Inc. Common Stock",NYSE MKT, ,N,N,0,Finance,Finance/Investors Services,USA
CIM$A,CIM$A,Chimera Investment Corporation 8.00% Series A Cumulative Redeemable Preferred Stock,NYSE, ,N,N,,,,USA
CIM$B,CIM$B,Chimera Investment Corporation 8.00% Series B Fixed-to-Floating Rate Cumulative Redeemable Preferred Stock,NYSE, ,N,N,,,,USA
CIM$C,CIM$C,Chimera Investment Corporation 7.75% Series C Fixed-to-Floating Rate  Cumulative Redeemable  Preferred Stock,NYSE, ,N,N,,,,USA
CIM$D,CIM$D,Chimera Investment Corporation 8.00% Series D Fixed-to-Floating Rate Cumulative Redeemable Preferred Stock,NYSE, ,N,N,,,,USA
CIMN,CIMN,Chimera Investment Corporation 9.000% Senior Notes due 2029,NYSE, ,N,N,2046284985,Real Estate,Real Estate Investment Trusts,USA
CIMO,CIMO,Chimera Investment Corporation 9.250% Senior Notes due 2029,NYSE, ,N,N,0,Real Estate,Real Estate Investment Trusts,USA
CIMP,CIMP,Chimera Investment Corporation 8.875% Senior Notes due 2030,NYSE, ,N,N,0,Real Estate,Real Estate Investment Trusts,USA
CINGW,CINGW,Cingulate Inc. - Warrants,NASDAQ,S,N,N,292278,Health Care,Biotechnology: Pharmaceutical Preparations,USA
CLBR-U,CLBR.U,"Colombier Acquisition Corp. III Units, each consisting of one Class A ordinary share and one-eighth of one warrant",NYSE, ,N,N,,,,USA
CLBR-W,CLBR.W,"Colombier Acquisition Corp. III Warrants, each whole warrant exercisable for one Class A ordinary share at an exercise price of $11.50 per share",NYSE, ,N,N,,,,USA
CLDT$A,CLDT$A,Chatham Lodging Trust (REIT) 6.625% Series A Cumulative Redeemable Preferred Shares of Beneficial Interest,NYSE, ,N,N,,,,USA
CLM,CLM,"Cornerstone Strategic Investment Fund, Inc. Common Shares",NYSE MKT, ,N,N,0,Finance,Finance/Investors Services,USA
CLSKW,CLSKW,"CleanSpark, Inc. - Warrant",NASDAQ,S,N,N,89813012,Finance,Finance: Consumer Services,USA
CMIIU,CMIIU,Columbus Circle Capital Corp II - Unit,NASDAQ,G,N,N,0,Finance,Blank Checks,USA
CMIIW,CMIIW,Columbus Circle Capital Corp II - Warrant,NASDAQ,G,N,N,0,Finance,Blank Checks,USA
CMRE$B,CMRE$B,Costamare Inc. Perpetual Preferred Stock Series B (Marshall Islands),NYSE, ,N,N,,,,USA
CMRE$C,CMRE$C,Costamare Inc. Perpetual Preferred Series C (Marshall Islands),NYSE, ,N,N,,,,USA
CMRE$D,CMRE$D,Costamare Inc. 8.75% Series D Cumulative Redeemable Perpetual Preferred Stock,NYSE, ,N,N,,,,USA
CMS$B,CMS$B,CMS Energy Corporation Preferred Stock,NYSE, ,N,N,,,,USA
CMS$C,CMS$C,"CMS Energy Corporation Depositary Shares, each representing a 1/1,000th interest in a share of 4.200% Cumulative Redeemable Perpetual Preferred Stock, Series C",NYSE, ,N,N,,,,USA
CMSA,CMSA,CMS Energy Corporation 5.625% Junior Subordinated Notes due 2078,NYSE, ,N,N,6313014806,Utilities,Power Generation,USA
CMSC,CMSC,CMS Energy Corporation 5.875% Junior Subordinated Notes due 2078,NYSE, ,N,N,6583883465,Utilities,Power Generation,USA
CMSD,CMSD,CMS Energy Corporation 5.875% Junior Subordinated Notes due 2079,NYSE, ,N,N,6645247234,Utilities,Power Generation,USA
CNCKW,CNCKW,Coincheck Group N.V. - Warrants,NASDAQ,S,N,N,,,,USA
CNO$A,CNO$A,"CNO Financial Group, Inc. 5.125% Subordinated Debentures due 2060",NYSE, ,N,N,,,,USA
CNOBP,CNOBP,"ConnectOne Bancorp, Inc. - Depositary Shares (each representing a 1/40th interest in a share of 5.25% Fixed-Rate Reset Non-Cumulative Perpetual Preferred Stock, Series A, par value $0.00 per share)",NASDAQ,Q,N,N,1262241199,Finance,Major Banks,USA
COCHW,COCHW,"Envoy Medical, Inc. - Warrant",NASDAQ,S,N,N,3129061,Health Care,Industrial Specialties,USA
CODI$A,CODI$A,Compass Diversified Holdings 7.250% Series A Preferred Shares representing beneficial interest in Compass Diversified Holdings,NYSE, ,N,N,,,,USA
CODI$B,CODI$B,Compass Diversified Holdings 7.875% Series B Fixed-to-Floating Rate Cumulative Preferred Shares representing beneficial interests in Compass Diversified Holdings,NYSE, ,N,N,,,,USA
CODI$C,CODI$C,Compass Diversified Holdings 7.875% Series C Cumulative Preferred Shares,NYSE, ,N,N,,,,USA
COF$I,COF$I,"Capital One Financial Corporation Depositary shares each representing a 1/40th interest in a share of Fixed Rate Non-Cumulative Perpetual Preferred Stock, Series I of the Issuer",NYSE, ,N,N,,,,USA
COF$J,COF$J,"Capital One Financial Corporation Depositary Shares, Each Representing a 1/40th Interest in a Share of Fixed Rate Non- Cumulative Perpetual Preferred Stock, Series J",NYSE, ,N,N,,,,USA
COF$K,COF$K,"Capital One Financial Corporation Depositary Shares, Each Representing a 1/40th Ownership Interest in a Share of Fixed Rate Non-Cumulative Perpetual Preferred Stock, Series K",NYSE, ,N,N,,,,USA
COF$L,COF$L,"Capital One Financial Corporation Depositary Shares, Each Representing a 1/40th Interest in a Share of Fixed Rate Non-Cumulative Perpetual Preferred Stock, Series L",NYSE, ,N,N,,,,USA
COF$N,COF$N,"Capital One Financial Corporation Depositary Shares, Each Representing a 1/40th Ownership Interest in a Share of Fixed Rate Non-Cumulative Perpetual Preferred Stock, Series N",NYSE, ,N,N,,,,USA
COLAR,COLAR,Columbus Acquisition Corp - Rights,NASDAQ,G,N,N,0,Finance,Blank Checks,USA
COLAU,COLAU,Columbus Acquisition Corp - Unit,NASDAQ,G,N,N,,,,USA
COOTW,COOTW,Australian Oilseeds Holdings Limited - Warrant,NASDAQ,S,N,N,491014,Consumer Staples,Packaged Foods,USA
COPL-U,COPL.U,"Copley Acquisition Corp Units, each consisting of one ordinary share and one-half warrant",NYSE, ,N,N,,,,USA
COPL-W,COPL.W,"Copley Acquisition Corp Redeemable warrants, each whole warrant exercisable for one Class A ordinary share at an exercise price of $11.50",NYSE, ,N,N,,,,USA
COPR-W,COPR.W,Idaho Copper Corporation Common Stock Purchase Warrant,NYSE MKT, ,N,N,,,,USA
CORZW,CORZW,"Core Scientific, Inc. - Tranche 1 Warrants",NASDAQ,Q,N,N,5493057846,Finance,Finance: Consumer Services,USA
CORZZ,CORZZ,"Core Scientific, Inc. - Tranche 2 Warrants",NASDAQ,Q,N,N,7597458479,Finance,Finance: Consumer Services,USA
CPZ,CPZ,Calamos Long/Short Equity & Dynamic Income Trust - Closed End Fund,NASDAQ,Q,N,N,256985419,Finance,Trusts Except Educational Religious and Charitable,USA
CQP,CQP,"Cheniere Energy Partners, LP Common Units",NYSE, ,N,N,30863290882,Utilities,Oil/Gas Transmission,USA
CRACR,CRACR,Crown Reserve Acquisition Corp. I - Rights,NASDAQ,G,N,N,0,,,USA
CRACU,CRACU,Crown Reserve Acquisition Corp. I - Unit,NASDAQ,G,N,N,0,Finance,Blank Checks,USA
CRACW,CRACW,Crown Reserve Acquisition Corp. I - Warrant,NASDAQ,G,N,N,0,,,USA
CRANR,CRANR,Crane Harbor Acquisition Corp. II - Rights,NASDAQ,G,N,N,0,Finance,Blank Checks,USA
CRANU,CRANU,Crane Harbor Acquisition Corp. II - Units,NASDAQ,G,N,N,0,,,USA
CRAQR,CRAQR,Cal Redwood Acquisition Corp. - Right,NASDAQ,G,N,N,0,Finance,Blank Checks,USA
CRAQU,CRAQU,Cal Redwood Acquisition Corp. - Units,NASDAQ,G,N,N,0,Finance,Blank Checks,USA
CRBD,CRBD,Corebridge Financial Inc. 6.375% Junior Subordinated Notes due 2064,NYSE, ,N,N,0,Finance,Life Insurance,USA
CRF,CRF,"Cornerstone Total Return Fund, Inc. (The) Common Stock",NYSE MKT, ,N,N,0,Finance,Finance/Investors Services,USA
CRGOW,CRGOW,Freightos Limited - Warrants,NASDAQ,S,N,N,2480808,Industrials,Integrated Freight & Logistics,USA
CRMLW,CRMLW,Critical Metals Corp. - Warrants,NASDAQ,S,N,N,279103320,Basic Materials,Metal Mining,USA
CSHRW,CSHRW,CoinShares PLC - Warrants,NASDAQ,S,N,N,73138016,Finance,Investment Bankers/Brokers/Service,USA
CSQ,CSQ,Calamos Strategic Total Return Fund - Closed End Fund,NASDAQ,Q,N,N,3255607375,Finance,Finance Companies,USA
CTA$A,CTA$A,"EIDP, Inc. Preferred Stock $3.50 Series",NYSE, ,N,N,,,,USA
CTA$B,CTA$B,"EIDP, Inc. Preferred Stock $4.50 Series",NYSE, ,N,N,,,,USA
CTAAR,CTAAR,ClearThink 1 Acquisition Corp. - Rights,NASDAQ,G,N,N,0,Finance,Blank Checks,USA
CTAAU,CTAAU,ClearThink 1 Acquisition Corp. - Units,NASDAQ,G,N,N,0,Finance,Blank Checks,USA
CTEST,CTEST,NYSE Test One Common Stock,NYSE MKT, ,N,Y,,,,USA
CTEST-E,CTEST.E,NYSE Test One Common Stock,NYSE, ,N,Y,,,,USA
CTEST-G,CTEST.G,NYSE Test One Common Stock,NYSE, ,N,Y,,,,USA
CTEST-L,CTEST.L,NYSE Test One Common Stock,NYSE, ,N,Y,,,,USA
CTEST-O,CTEST.O,NYSE Test One Common Stock,NYSE, ,N,Y,,,,USA
CTEST-S,CTEST.S,NYSE Test Six Common Stock,NYSE, ,N,Y,,,,USA
CTEST-V,CTEST.V,NYSE Test One Common Stock,NYSE, ,N,Y,,,,USA
CTGG,CTGG,Qwest Corporation 6.500% Senior Notes due 2051 (denominations of $25),NYSE, ,N,N,0,Telecommunications,Telecommunications Equipment,USA
CTHH,CTHH,Qwest Corporation 6.750% Senior Notes due 2052 (denominations of $25),NYSE, ,N,N,0,Telecommunications,Telecommunications Equipment,USA
CTO$A,CTO$A,"CTO Realty Growth, Inc. 6.375% Series A Cumulative Redeemable Preferred Stock",NYSE, ,N,N,,,,USA
CUBB,CUBB,"Customers Bancorp, Inc 5.375% Subordinated Notes Due 2034",NYSE, ,N,N,695719942,Finance,Major Banks,USA
CUBWU,CUBWU,Lionheart Holdings - Unit,NASDAQ,G,N,N,0,Finance,Blank Checks,USA
CUBWW,CUBWW,Lionheart Holdings - Warrant,NASDAQ,G,N,N,0,Finance,Blank Checks,USA
CXAIW,CXAIW,CXApp Inc. - Warrant,NASDAQ,S,N,N,3840892,Technology,EDP Services,USA
CXIIU,CXIIU,Churchill Capital Corp XII - Units,NASDAQ,G,N,N,0,Finance,Blank Checks,USA
CXIIW,CXIIW,Churchill Capital Corp XII - Warrants,NASDAQ,G,N,N,0,Finance,Blank Checks,USA
CYCUW,CYCUW,"Cycurion, Inc. - Warrants",NASDAQ,S,N,N,196181,Technology,EDP Services,USA
DAAQU,DAAQU,Digital Asset Acquisition Corp. - Units,NASDAQ,G,N,N,0,Finance,Blank Checks,USA
DAAQW,DAAQW,Digital Asset Acquisition Corp. - Warrant,NASDAQ,G,N,N,0,Finance,Blank Checks,USA
DAICW,DAICW,"CID HoldCo, Inc. - Warrants",NASDAQ,G,N,N,9925,Technology,EDP Services,USA
DAVEW,DAVEW,Dave Inc.  - Warrants,NASDAQ,G,N,N,47409462,Finance,Finance: Consumer Services,USA
DBCAU,DBCAU,D. Boral Acquisition I Corp. - Unit,NASDAQ,G,N,N,0,Finance,Blank Checks,USA
DBCAW,DBCAW,D. Boral Acquisition I Corp. - Warrants,NASDAQ,G,N,N,0,Finance,Blank Checks,USA
DBL,DBL,DoubleLine Opportunistic Credit Fund Common Shares of Beneficial Interest,NYSE, ,N,N,0,,,USA
DCBG,DCBG,"Dime Commercial Bancshares, Inc. 9.000% Junior Subordinated Notes",NYSE, ,N,N,1028043208,Finance,Major Banks,USA
DCOM$,DCOM$,"Dime Commercial Bancshares, Inc. Preferred Stock, Series A",NYSE, ,N,N,,,,USA
DFDVW,DFDVW,DeFi Development Corp. - Warrant,NASDAQ,S,N,N,10842554,Finance,Finance: Consumer Services,USA
DFLIW,DFLIW,Dragonfly Energy Holdings Corp - Warrant,NASDAQ,S,N,N,507487,Miscellaneous,Industrial Machinery/Components,USA
DFNSW,DFNSW,T3 Defense Inc. - Warrants,NASDAQ,S,N,N,210183,Consumer Discretionary,Professional Services,USA
DFP,DFP,Flaherty & Crumrine Dynamic Preferred and Income Fund Inc. Common Stock,NYSE, ,N,N,0,Finance,Investment Managers,USA
DFSCW,DFSCW,DEFSEC Technologies Inc. - warrant,NASDAQ,S,N,N,43733,Technology,Computer Software: Prepackaged Software,USA
DGAC-R,DGAC.R,"Disciplined Growth Acquisition Corporation Rights, each right entitling the holder to receive one-fourth (1/4) of one Class A ordinary share",NYSE, ,N,N,,,,USA
DGAC-U,DGAC.U,"Disciplined Growth Acquisition Corporation Units, each consisting of one Class A Ordinary Share and one Right",NYSE, ,N,N,,,,USA
DGP,DGP,"DB Gold Double Long ETN due February 15, 2038",NYSE ARCA, ,N,N,,,,USA
DGZ,DGZ,"DB Gold Short ETN due February 15, 2038",NYSE ARCA, ,N,N,,,,USA
DHCNI,DHCNI,Diversified Healthcare Trust  - 5.625% Senior Notes due 2042,NASDAQ,Q,N,N,4415468590,Real Estate,Real Estate Investment Trusts,USA
DHCNL,DHCNL,Diversified Healthcare Trust  - 6.25% Senior Notes Due 2046,NASDAQ,Q,N,N,4541004055,Real Estate,Real Estate Investment Trusts,USA
DHF,DHF,BNY Mellon High Yield Strategies Fund Common Stock,NYSE, ,N,N,0,Finance,Finance Companies,USA
DHY,DHY,Credit Suisse High Yield Credit Fund Common Stock,NYSE MKT, ,N,N,0,Finance,Finance/Investors Services,USA
DJP,DJP,iPath Bloomberg Commodity Index Total Return ETN,NYSE ARCA, ,N,N,,,,USA
DJTWW,DJTWW,Trump Media & Technology Group Corp. - Warrants,NASDAQ,G,N,N,1052396851,Technology,Computer Software: Programming Data Processing,USA
DKL,DKL,"Delek Logistics Partners, L.P. Common Units representing Limited Partner Interests",NYSE, ,N,N,2937011589,Energy,Natural Gas Distribution,USA
DLNG,DLNG,Dynagas LNG Partners LP Common Units,NYSE, ,N,N,122971197,Consumer Discretionary,Marine Transportation,USA
DLNG$A,DLNG$A,Dynagas LNG Partners LP 9.00% Series A Cumulative Redeemable Preferred Units,NYSE, ,N,N,,,,USA
DLR$J,DLR$J,"Digital Realty Trust, Inc. 5.250% Series J Cumulative Redeemable Preferred Stock",NYSE, ,N,N,,,,USA
DLR$K,DLR$K,"Digital Realty Trust, Inc. 5.850% Series K Cumulative Redeemable Preferred Stock, par value $0.01 per share",NYSE, ,N,N,,,,USA
DLR$L,DLR$L,"Digital Realty Trust, Inc. 5.200% Series L Cumulative Redeemable Preferred Stock",NYSE, ,N,N,,,,USA
DLY,DLY,DoubleLine Yield Opportunities Fund Common Shares of Beneficial Interest,NYSE, ,N,N,671720364,Finance,Investment Managers,USA
DMA,DMA,Destra Multi-Alternative Fund Common Stock,NYSE, ,N,N,0,Finance,Trusts Except Educational Religious and Charitable,USA
DMAAR,DMAAR,Drugs Made In America Acquisition Corp. - Rights,NASDAQ,G,N,N,0,Finance,Blank Checks,USA
DMAAU,DMAAU,Drugs Made In America Acquisition Corp. - Units,NASDAQ,G,N,N,0,Finance,Blank Checks,USA
DMB,DMB,"BNY Mellon Municipal Bond Infrastructure Fund, Inc. Common Stock",NYSE, ,N,N,0,Finance,Trusts Except Educational Religious and Charitable,USA
DMIIR,DMIIR,Drugs Made In America Acquisition II Corp. - Right,NASDAQ,G,N,N,0,Finance,Blank Checks,USA
DMIIU,DMIIU,Drugs Made In America Acquisition II Corp. - Unit,NASDAQ,G,N,N,0,,,USA
DMLP,DMLP,"Dorchester Minerals, L.P. - Common Units Representing Limited Partnership Interests",NASDAQ,Q,N,N,1317373785,Energy,Oil & Gas Production,USA
DMO,DMO,Western Asset Mortgage Opportunity Fund Inc. Common Stock,NYSE, ,N,N,0,Finance,Trusts Except Educational Religious and Charitable,USA
DNMXU,DNMXU,Dynamix Corporation III - Unit,NASDAQ,G,N,N,,,,USA
DNMXW,DNMXW,Dynamix Corporation III - Warrants,NASDAQ,G,N,N,0,Finance,Blank Checks,USA
DNP,DNP,"DNP Select Income Fund, Inc. Common Stock",NYSE, ,N,N,0,Finance,Investment Managers,USA
DPG,DPG,Duff & Phelps Utility and Infrastructure Fund Inc.,NYSE, ,N,N,0,Finance,Trusts Except Educational Religious and Charitable,USA
DRDBU,DRDBU,Roman DBDR Acquisition Corp. II - Unit,NASDAQ,G,N,N,0,,,USA
DRDBW,DRDBW,Roman DBDR Acquisition Corp. II - Warrants,NASDAQ,G,N,N,,,,USA
DRMAW,DRMAW,"Dermata Therapeutics, Inc. - Warrant",NASDAQ,S,N,N,,,,USA
DRTSW,DRTSW,Alpha Tau Medical Ltd. - Warrant,NASDAQ,S,N,N,308914177,Health Care,Medical/Dental Instruments,USA
DSACU,DSACU,Daedalus Special Acquisition Corp. - Unit,NASDAQ,G,N,N,0,Finance,Blank Checks,USA
DSACW,DSACW,Daedalus Special Acquisition Corp. - Warrant,NASDAQ,G,N,N,0,Finance,Blank Checks,USA
DSL,DSL,DoubleLine Income Solutions Fund Common Shares of Beneficial Interests,NYSE, ,N,N,1100545774,Finance,Trusts Except Educational Religious and Charitable,USA
DSM,DSM,"BNY Mellon Strategic Municipal Bond Fund, Inc. Common Stock",NYSE, ,N,N,0,Finance,Investment Managers,USA
DSU,DSU,"Blackrock Debt Strategies Fund, Inc. Common Stock",NYSE, ,N,N,0,Finance,Finance Companies,USA
DSX$B,DSX$B,Diana Shipping Inc. Perpetual Preferred Shares Series B (Marshall Islands),NYSE, ,N,N,,,,USA
DSX-W,DSX.W,Diana Shipping inc. Warrants,NYSE, ,N,N,,,,USA
DSYWW,DSYWW,Big Tree Cloud Holdings Limited - Warrants,NASDAQ,S,N,N,71753,Consumer Discretionary,Containers/Packaging,USA
DTB,DTB,DTE Energy Company 2020 Series G 4.375% Junior Subordinated Debentures due 2080,NYSE, ,N,N,3432467165,Utilities,Electric Utilities: Central,USA
DTF,DTF,DTF Tax-Free Income 2028 Term Fund Inc. Common Stock,NYSE, ,N,N,80875168,Finance,Investment Managers,USA
DTG,DTG,DTE Energy Company 2021 Series E 4.375% Junior Subordinated Debentures,NYSE, ,N,N,3488655612,Utilities,Electric Utilities: Central,USA
DTK,DTK,DTE Energy Company 2025 Series H 6.25% Junior Subordinated Debentures due 2085,NYSE, ,N,N,0,Utilities,Electric Utilities: Central,USA
DTSQR,DTSQR,DT Cloud Star Acquisition Corporation - Right,NASDAQ,G,N,N,0,,,USA
DTSQU,DTSQU,DT Cloud Star Acquisition Corporation - Units,NASDAQ,G,N,N,0,,,USA
DTW,DTW,DTE Energy Company 2017 Series E 5.25% Junior Subordinated Debentures due 2077,NYSE, ,N,N,4214653621,Utilities,Electric Utilities: Central,USA
DUK$A,DUK$A,"Duke Energy Corporation Depositary Shares, each representing a 1/1,000th interest in a share of 5.75% Series A Cumulative Redeemable Perpetual Preferred Stock",NYSE, ,N,N,,,,USA
DUKB,DUKB,Duke Energy Corporation 5.625% Junior Subordinated Debentures due 2078,NYSE, ,N,N,17915121067,Utilities,Power Generation,USA
DUKRW,DUKRW,DUKE Robotics Corp. - Warrant,NASDAQ,S,N,N,3476137,Industrials,Aerospace,USA
DX$C,DX$C,"Dynex Capital, Inc. 6.900% Series C Fixed-to-Floating Rate Cumulative Redeemable Preferred Stock",NYSE, ,N,N,,,,USA
DXR,DXR,Daxor Corporation - Closed End Fund,NASDAQ,S,N,N,61359734,Health Care,Medical/Dental Instruments,USA
DYNCU,DYNCU,Dynamix Corporation - Unit,NASDAQ,G,N,N,,,,USA
DYNCW,DYNCW,Dynamix Corporation - Warrant,NASDAQ,G,N,N,0,,,USA
DYORU,DYORU,Insight Digital Partners II - Units,NASDAQ,G,N,N,,,,USA
DYORW,DYORW,Insight Digital Partners II - Warrants,NASDAQ,G,N,N,0,Finance,Blank Checks,USA
DZZ,DZZ,"DB Gold Double Short ETN due February 15, 2038",NYSE ARCA, ,N,N,,,,USA
EAD,EAD,Allspring Income Opportunities Fund Common Shares,NYSE MKT, ,N,N,0,Finance,Finance/Investors Services,USA
EAI,EAI,"Entergy Arkansas, LLC First Mortgage Bonds, 4.875% Series Due September 1, 2066",NYSE, ,N,N,9152063079,Utilities,Electric Utilities: Central,USA
ECC$D,ECC$D,Eagle Point Credit Company 6.75% Series D Preferred Stock,NYSE, ,N,N,,,,USA
ECCC,ECCC,Eagle Point Credit Company 6.50% Series C Term Preferred Stock due 2031,NYSE, ,N,N,1512789891,Finance,Trusts Except Educational Religious and Charitable,USA
ECCU,ECCU,Eagle Point Credit Company 7.75% Notes due 2030,NYSE, ,N,N,0,,,USA
ECCV,ECCV,Eagle Point Credit Company 5.375% Notes due 2029,NYSE, ,N,N,1448621073,Finance,Trusts Except Educational Religious and Charitable,USA
ECF,ECF,Ellsworth Growth and Income Fund Ltd.,NYSE MKT, ,N,N,0,Finance,Finance/Investors Services,USA
ECF$A,ECF$A,Ellsworth Growth and Income Fund Ltd. 5.25% Series A Cumulative Preferred Shares (Liquidation Preference $25.00 per share),NYSE MKT, ,N,N,,,,USA
ECXWW,ECXWW,ECARX Holdings Inc. - Warrants,NASDAQ,S,N,N,14137325,Technology,EDP Services,USA
EDBLW,EDBLW,Edible Garden AG Incorporated - Warrant,NASDAQ,S,N,N,12153,Consumer Staples,Farming/Seeds/Milling,USA
EDD,EDD,"Morgan Stanley Emerging Markets Domestic Debt Fund, Inc. Common Stock",NYSE, ,N,N,0,Finance,Finance Companies,USA
EDF,EDF,Virtus Stone Harbor Emerging Markets Income Fund Common Shares of Beneficial Interest,NYSE, ,N,N,0,Finance,Investment Managers,USA
EEA,EEA,"The European Equity Fund, Inc. Common Stock",NYSE, ,N,N,0,Finance,Trusts Except Educational Religious and Charitable,USA
EFC$B,EFC$B,Ellington Financial Inc. 6.250% Series B Fixed-Rate Reset Cumulative Redeemable Preferred Stock,NYSE, ,N,N,,,,USA
EFC$C,EFC$C,Ellington Financial Inc. 8.625% Series C Fixed-Rate Reset Cumulative Redeemable Preferred Stock,NYSE, ,N,N,,,,USA
EFC$D,EFC$D,Ellington Financial Inc. 7.00% Series D Cumulative Perpetual Redeemable Preferred Stock,NYSE, ,N,N,,,,USA
EFR,EFR,Eaton Vance Senior Floating-Rate Fund Common Shares of Beneficial Interest,NYSE, ,N,N,0,Finance,Trusts Except Educational Religious and Charitable,USA
EFSCP,EFSCP,"Enterprise Financial Services Corporation - Depositary Shares Each Representing a 1/40th Interest in a Share of 5% Fixed Rate Non-Cumulative Perpetual Preferred Stock, Series A",NASDAQ,Q,N,N,739033261,Finance,Major Banks,USA
EGHAR,EGHAR,EGH Acquisition Corp. - rights,NASDAQ,G,N,N,0,Finance,Finance/Investors Services,USA
EGHAU,EGHAU,EGH Acquisition Corp. - Unit,NASDAQ,G,N,N,,,,USA
EHI,EHI,Western Asset Global High Income Fund Inc Common Stock,NYSE, ,N,N,0,Finance,Investment Managers,USA
EICA,EICA,Eagle Point Income Company Inc. 5.00% Series A Term Preferred Stock due 2026,NYSE, ,N,N,222347266,Finance,Finance/Investors Services,USA
EIIA,EIIA,Eagle Point Institutional Income Fund 8.125% Series A Term Preferred Shares Due 2029,NYSE, ,N,N,0,,,USA
EIM,EIM,"Eaton Vance Municipal Bond Fund Common Shares of Beneficial Interest, $.01 par value",NYSE MKT, ,N,N,0,Finance,Finance/Investors Services,USA
ELC,ELC,"Entergy Louisiana, Inc. Collateral Trust Mortgage Bonds, 4.875 % Series due September 1, 2066",NYSE, ,N,N,4260486289,Utilities,Electric Utilities: Central,USA
ELLA,ELLA,Ellington Credit Company 8.50% Notes due 2031,NYSE, ,N,N,0,Real Estate,Real Estate Investment Trusts,USA
EMD,EMD,Western Asset Emerging Markets Debt Fund Inc Common Stock,NYSE, ,N,N,0,Finance,Finance/Investors Services,USA
EMF,EMF,Templeton Emerging Markets Fund Common Stock,NYSE, ,N,N,0,Finance,Finance/Investors Services,USA
EMISR,EMISR,Emmis Acquisition Corp. - Rights,NASDAQ,G,N,N,,,,USA
EMO,EMO,ClearBridge Energy Midstream Opportunity Fund Inc. Common Stock,NYSE, ,N,N,0,Finance,Investment Managers,USA
EMP,EMP,"Entergy Mississippi, LLC First Mortgage Bonds, 4.90% Series Due October 1, 2066",NYSE, ,N,N,9202424607,Utilities,Electric Utilities: Central,USA
ENGNW,ENGNW,enGene Therapeutics Inc. - Warrants,NASDAQ,S,N,N,21289252,Health Care,Biotechnology: Biological Products (No Diagnostic Substances),USA
ENJ,ENJ,"Entergy New Orleans, LLC First Mortgage Bonds, 5.0% Series due December 1, 2052",NYSE, ,N,N,9217441499,Utilities,Power Generation,USA
ENO,ENO,"Entergy New Orleans, LLC First Mortgage Bonds, 5.50% Series due April 1, 2066",NYSE, ,N,N,4509692542,Utilities,Power Generation,USA
ENRDW,ENRDW,Einride AB - Warrants,NASDAQ,S,N,N,66460283,Technology,EDP Services,USA
EOD,EOD,Allspring Global Dividend Opportunity Fund Common Shares of Beneficial Interest,NYSE, ,N,N,0,Finance,Investment Managers,USA
EOI,EOI,Eaton Vance Enhance Equity Income Fund Eaton Vance Enhanced Equity Income Fund Shares of Beneficial Interest,NYSE, ,N,N,0,Finance,Finance/Investors Services,USA
EONR-W,EONR.W,"EON Resources Inc. Warrants, each whole warrant exercisable for three quarters of one share of Class A Common Stock at an exercise price of $11.50 per whole share",NYSE MKT, ,N,N,,,,USA
EOS,EOS,Eaton Vance Enhance Equity Income Fund II Common Stock,NYSE, ,N,N,0,Finance,Trusts Except Educational Religious and Charitable,USA
EP$C,EP$C,El Paso Corporation Preferred Stock,NYSE, ,N,N,,,,USA
EPR$C,EPR$C,EPR Properties 5.75% Series C Cumulative Convertible Preferred Shares,NYSE, ,N,N,,,,USA
EPR$G,EPR$G,EPR Properties 5.750% Series G Cumulative Redeemable Preferred Shares,NYSE, ,N,N,,,,USA
EQH$C,EQH$C,"Equitable Holdings, Inc. Depositary Shares, each representing a 1/1,000th interest in a share of Fixed Rate Noncumulative Perpetual Preferred Stock, Series C",NYSE, ,N,N,,,,USA
ERC,ERC,Allspring Multi-Sector Income Fund Common Stock,NYSE MKT, ,N,N,0,Finance,Finance/Investors Services,USA
ERH,ERH,Allspring Utilities and High Income Fund Common Shares,NYSE MKT, ,N,N,0,Finance,Finance/Investors Services,USA
ERNAW,ERNAW,Ernexa Therapeutics Inc. - Warrants,NASDAQ,S,N,N,79777,Health Care,Biotechnology: Pharmaceutical Preparations,USA
ESBA,ESBA,"Empire State Realty OP, L.P. Series ES Operating Partnership Units Representing Limited Partnership Interests",NYSE ARCA, ,N,N,,,,USA
ESLAW,ESLAW,"Estrella Immunopharma, Inc. - Warrant",NASDAQ,S,N,N,,,,USA
ET,ET,Energy Transfer LP Common Units ,NYSE, ,N,N,69683475359,Utilities,Natural Gas Distribution,USA
ET$I,ET$I,Energy Transfer L.P. Series I Fixed Rate Perpetual Preferred Units,NYSE, ,N,N,,,,USA
ETB,ETB,Eaton Vance Tax-Managed Buy-Write Income Fund Eaton Vance Tax-Managed Buy-Write Income Fund Common Shares of Beneficial Interest,NYSE, ,N,N,454962955,Finance,Investment Bankers/Brokers/Service,USA
ETG,ETG,Eaton Vance Tax-Advantaged Global Dividend Income Fund Common Shares of Beneficial Interest,NYSE, ,N,N,0,Finance,Investment Managers,USA
ETI$,ETI$,"Entergy Texas Inc 5.375% Series A Preferred Stock, Cumulative, No Par Value",NYSE, ,N,N,,,,USA
ETJ,ETJ,Eaton Vance Risk-Managed Diversified Equity Income Fund Common Shares of Beneficial Interest,NYSE, ,N,N,0,Finance,Finance Companies,USA
ETSS-U,ETSS.U,"Energy Transition Special Opportunities Units, each consisting of one Class A ordinary share and one-half of one redeemable warrant",NYSE, ,N,N,,,,USA
ETSS-W,ETSS.W,"Energy Transition Special Opportunities Warrants, each whole warrant exercisable for one Class A ordinary share at an exercise price of $11.50",NYSE, ,N,N,,,,USA
ETV,ETV,Eaton Vance Corporation Eaton Vance Tax-Managed Buy-Write Opportunities Fund Common Shares of Beneficial Interest,NYSE, ,N,N,1635747185,Finance,Investment Bankers/Brokers/Service,USA
ETW,ETW,Eaton Vance Corporation Eaton Vance Tax-Managed Global Buy-Write Opportunites Fund Common Shares of Beneficial Interest,NYSE, ,N,N,1041178967,Finance,Investment Managers,USA
ETY,ETY,"Eaton Vance Tax-Managed Diversified Equity Income Fund Common Shares of Beneficial Interest,",NYSE, ,N,N,0,Finance,Finance Companies,USA
EUDAW,EUDAW,Euda Health Holdings Limited - Warrant,NASDAQ,S,N,N,73361,Health Care,Medical/Nursing Services,USA
EURKR,EURKR,Eureka Acquisition Corp - Right,NASDAQ,S,N,N,0,Consumer Discretionary,Marine Transportation,USA
EURKU,EURKU,Eureka Acquisition Corp - Unit,NASDAQ,S,N,N,,,,USA
EVAC-U,EVAC.U,"EQV Ventures Acquisition Corp. II Units, each unit consists of one Class A ordinary share and one-third of one redeemable warrant",NYSE, ,N,N,,,,USA
EVAC-W,EVAC.W,"EQV Ventures Acquisition Corp. II Redeemable Warrants, each whole warrant exercisable for one Class A ordinary share at an exercise price of $11.50 per share",NYSE, ,N,N,,,,USA
EVEX-W,EVEX.W,"Eve Holding, Inc. Warrants, each exercisable for one share of Common Stock at an exercise price of $11.50 per share",NYSE, ,N,N,,,,USA
EVG,EVG,Eaton Vance Short Diversified Income Fund Eaton Vance Short Duration Diversified Income Fund Common Shares of Beneficial Interest,NYSE, ,N,N,0,Finance,Investment Managers,USA
EVOXU,EVOXU,Evolution Global Acquisition Corp - Units,NASDAQ,G,N,N,0,Finance,Blank Checks,USA
EVOXW,EVOXW,Evolution Global Acquisition Corp - Warrants,NASDAQ,G,N,N,,,,USA
EVT,EVT,Eaton Vance Tax Advantaged Dividend Income Fund Common Shares of Beneficial Interest,NYSE, ,N,N,0,Finance,Finance Companies,USA
EVV,EVV,Eaton Vance Limited Duration Income Fund Common Shares of Beneficial Interest,NYSE MKT, ,N,N,0,Finance,Finance/Investors Services,USA
EXG,EXG,Eaton Vance Tax-Managed Global Diversified Equity Income Fund Common Shares of Beneficial Interest,NYSE, ,N,N,0,Finance,Finance Companies,USA
EXYNW,EXYNW,"Exyn Technologies, Inc. - Warrant",NASDAQ,S,N,N,5170072,Technology,Computer Software: Prepackaged Software,USA
F$B,F$B,"Ford Motor Company 6.20% Notes due June 1, 2059",NYSE, ,N,N,,,,USA
F$C,F$C,"Ford Motor Company 6% Notes due December 1, 2059",NYSE, ,N,N,,,,USA
F$D,F$D,"Ford Motor Company 6.500% Notes due August 15, 2062",NYSE, ,N,N,,,,USA
FACTU,FACTU,FACT II Acquisition Corp. - Unit,NASDAQ,G,N,N,,,,USA
FACTW,FACTW,FACT II Acquisition Corp. - Warrant,NASDAQ,G,N,N,0,Finance,Blank Checks,USA
FACWW,FACWW,Factorial Energy Inc. - Warrant,NASDAQ,G,N,N,92789153,Miscellaneous,Industrial Machinery/Components,USA
FAX,FAX,"abrdn Asia-Pacific Income Fund, Inc. Common Stock",NYSE MKT, ,N,N,0,Finance,Investment Managers,USA
FBIOP,FBIOP,"Fortress Biotech, Inc. - 9.375% Series A Cumulative Redeemable Perpetual Preferred Stock",NASDAQ,S,N,N,623854172,Health Care,Biotechnology: Pharmaceutical Preparations,USA
FBRT$E,FBRT$E,"Franklin BSP Realty Trust, Inc. 7.50% Series E Cumulative Redeemable Preferred Stock",NYSE, ,N,N,,,,USA
FBYDP,FBYDP,"Falcon's Beyond Global, Inc. - 11% Series B Cumulative Convertible Preferred Stock",NASDAQ,G,N,N,,,,USA
FBYDW,FBYDW,"Falcon's Beyond Global, Inc. - Warrants",NASDAQ,S,N,N,243696846,Consumer Discretionary,Services-Misc. Amusement & Recreation,USA
FCNCN,FCNCN,"First Citizens BancShares, Inc. - Depositary Shares, each representing a 1/40th interest in a share of 6.625% Non-Cumulative Perpetual Preferred Stock, Series E",NASDAQ,Q,N,N,291354461,Finance,Major Banks,USA
FCNCO,FCNCO,"First Citizens BancShares, Inc. - 5.625% Non-Cumulative Perpetual Preferred Stock, Series C",NASDAQ,Q,N,N,239155143,Finance,Major Banks,USA
FCNCP,FCNCP,"First Citizens BancShares, Inc. - Depositary Shares Each Representing a 1/40th Interest in a Share of 5.375% Non-Cumulative Perpetual Preferred Stock, Series A",NASDAQ,Q,N,N,236258400,Finance,Major Banks,USA
FCRS-U,FCRS.U,"FutureCrest Acquisition Corp. Units, each consisting of one Class A ordinary share and one-quarter of one redeemable warrant",NYSE, ,N,N,,,,USA
FCRS-W,FCRS.W,"FutureCrest Acquisition Corp. Redeemable warrants, each whole warrant exercisable for one Class A ordinary share at an exercise price of $11.50",NYSE, ,N,N,,,,USA
FCT,FCT,First Trust Senior Floating Rate Income Fund II Common Shares of Beneficial Interest,NYSE, ,N,N,0,Finance,Finance Companies,USA
FDMMU,FDMMU,Freedom Metals Acquisition Corp. - Units,NASDAQ,G,N,N,0,Finance,Blank Checks,USA
FDUS,FDUS,Fidus Investment Corporation - Closed End Fund,NASDAQ,Q,N,N,751116864,Finance,Finance/Investors Services,USA
FERAR,FERAR,Fifth Era Acquisition Corp I - Rights,NASDAQ,G,N,N,0,,,USA
FERAU,FERAU,Fifth Era Acquisition Corp I - Units,NASDAQ,G,N,N,,,,USA
FFA,FFA,First Trust Enhanced Equity Income Fund Common Shares of Beneficial Interest,NYSE, ,N,N,0,Finance,Investment Managers,USA
FFC,FFC,Flaherty & Crumrine Preferred and Income Securities Fund Incorporated,NYSE, ,N,N,0,Finance,Trusts Except Educational Religious and Charitable,USA
FGBIP,FGBIP,"First Guaranty Bancshares, Inc. - 6.75% Series A Fixed-Rate Non-Cumulative Perpetual Preferred Stock",NASDAQ,G,N,N,330108172,Finance,Savings Institutions,USA
FGIIU,FGIIU,FG Imperii Acquisition Corp. - Units,NASDAQ,G,N,N,0,Finance,Blank Checks,USA
FGIIW,FGIIW,FG Imperii Acquisition Corp. - Warrants,NASDAQ,G,N,N,0,Finance,Blank Checks,USA
FGIWW,FGIWW,FGI Industries Ltd. - warrant,NASDAQ,S,N,N,42488,Industrials,Industrial Specialties,USA
FGN,FGN,"F&G Annuities & Life, Inc. 7.950% Senior Notes due 2053",NYSE, ,N,N,3167595526,Finance,Life Insurance,USA
FGNXP,FGNXP,FG Nexus Inc. - 8.00% Cumulative Series A Preferred Stock,NASDAQ,G,N,N,146278685,Finance,Property-Casualty Insurers,USA
FGSN,FGSN,"F&G Annuities & Life, Inc. 7.300% Junior Subordinated Notes due 2065",NYSE, ,N,N,0,Finance,Life Insurance,USA
FHN$E,FHN$E,"First Horizon Corporation Depositary Shares, each representing a 1/4,000th interest in a share of Non-Cumulative Perpetual Preferred Stock, Series E",NYSE, ,N,N,,,,USA
FHN$F,FHN$F,"First Horizon Corporation Depositary Shares, each representing 1/4000th Interest in a Share of Non-Cumulative Perpetual Preferred Stock, Series F",NYSE, ,N,N,,,,USA
FHN$H,FHN$H,"First Horizon Corporation Depositary Shares each representing a 1/4,000th interest in a share of Non-Cumulative Perpetual Preferred Stock, Series H",NYSE, ,N,N,,,,USA
FIGXU,FIGXU,FIGX Capital Acquisition Corp. - Units,NASDAQ,G,N,N,0,Finance,Blank Checks,USA
FIGXW,FIGXW,FIGX Capital Acquisition Corp. - one-half of one redeemable warrant.,NASDAQ,G,N,N,0,,,USA
FISK,FISK,"Empire State Realty OP, L.P. Series 250 Operating Partnership Units Representing Limited Partnership Interests",NYSE ARCA, ,N,N,,,,USA
FITB$A,FITB$A,"Fifth Third Bancorp Depositary Shares each representing 1/40th share of Fifth Third 6.00% Non-Cumulative Perpetual Class B Preferred Stock, Series A",NYSE, ,N,N,,,,USA
FITB$K,FITB$K,"Fifth Third Bancorp Depositary Shares each representing a 1/1000th ownership interest in a share of Non-Cumulative Perpetual Preferred Stock, Series K",NYSE, ,N,N,,,,USA
FITB$M,FITB$M,"Fifth Third Bancorp Depositary Shares Representing a 1/40th Ownership Interest in a Share of 6.875% Fixed-Rate Reset Non-Cumulative Perpetual Preferred Stock, Series M",NYSE, ,N,N,,,,USA
FLC,FLC,Flaherty & Crumrine Total Return Fund Inc Common Stock,NYSE, ,N,N,0,Finance,Trusts Except Educational Religious and Charitable,USA
FLDDW,FLDDW,"Fold Holdings, Inc. - Warrant",NASDAQ,S,N,N,4570502,Finance,Finance: Consumer Services,USA
FLG$A,FLG$A,"Flagstar Bank, N.A. Depositary shares, each representing a 1/40th interest in a share of Fixed-to-Floating Rate Series A Noncumulative Perpetual Preferred Stock",NYSE, ,N,N,,,,USA
FLG$U,FLG$U,"Flagstar Bank, N.A. Bifurcated Option Note Unit SecuritiES",NYSE, ,N,N,,,,USA
FLYX-W,FLYX.W,"flyExclusive, Inc. Redeemable warrants, each whole warrant exercisable for one Class A common stock at an exercise price of $11.50 per share",NYSE MKT, ,N,N,,,,USA
FMACR,FMACR,Future Money Acquisition Corporation - Rights,NASDAQ,G,N,N,,,,USA
FMACU,FMACU,Future Money Acquisition Corporation - Units,NASDAQ,G,N,N,,,,USA
FMN,FMN,Federated Hermes Premier Municipal Income Fund,NYSE, ,N,N,972954708,Finance,Investment Managers,USA
FMSTW,FMSTW,Foremost Clean Energy Ltd. - Warrant,NASDAQ,S,N,N,6183314,Basic Materials,Other Metals and Minerals,USA
FMY,FMY,First Trust Mortgage Income Fund Common Shares of Beneficial Interest,NYSE, ,N,N,0,Finance,Finance/Investors Services,USA
FOF,FOF,"Cohen & Steers Closed-End Opportunity Fund, Inc. Common Stock",NYSE, ,N,N,672216431,Finance,Investment Managers,USA
FOUR$A,FOUR$A,"Shift4 Payments, Inc. 6.00% Series A Mandatory Convertible Preferred Stock",NYSE, ,N,N,,,,USA
FOXXW,FOXXW,Foxx Development Holdings Inc. - Warrant,NASDAQ,S,N,N,492883,Telecommunications,Computer Communications Equipment,USA
FPF,FPF,First Trust Intermediate Duration Preferred & Income Fund Common Shares of Beneficial Interest,NYSE, ,N,N,0,Finance,Trusts Except Educational Religious and Charitable,USA
FRA,FRA,Blackrock Floating Rate Income Strategies Fund Inc  Common Stock,NYSE, ,N,N,1605147062,Finance,Investment Bankers/Brokers/Service,USA
FRMEP,FRMEP,"First Merchants Corporation - Depository Shares, each representing a 1/100th interest in a share of 7.50% Non-Cumulative Perpetual Preferred Stock, A",NASDAQ,Q,N,N,1614012397,Finance,Major Banks,USA
FRT$C,FRT$C,"Federal Realty Investment Trust Depositary Shares, each representing a 1/1000th interest in a 5.000% Series C Cumulative Redeemable Preferred Share",NYSE, ,N,N,,,,USA
FSHPR,FSHPR,Flag Ship Acquisition Corp. - Right,NASDAQ,G,N,N,0,,,USA
FSHPU,FSHPU,Flag Ship Acquisition Corp. - Unit,NASDAQ,G,N,N,,,,USA
FSSL,FSSL,FS Specialty Lending Fund Common Shares of Beneficial Interest,NYSE, ,N,N,0,Finance,Finance/Investors Services,USA
FTAIM,FTAIM,FTAI Aviation Ltd. - 9.500% Fixed-Rate Reset Series D Cumulative Perpetual Redeemable Preferred Shares,NASDAQ,Q,N,N,2828961394,Industrials,Misc Corporate Leasing Services,USA
FTHAU,FTHAU,Forefront Tech Holdings Acquisition Corp - Unit,NASDAQ,G,N,N,,,,USA
FTHAW,FTHAW,Forefront Tech Holdings Acquisition Corp - Warrant,NASDAQ,G,N,N,0,Finance,Blank Checks,USA
FTHY,FTHY,First Trust High Yield Opportunities 2027 Term Fund Common Stock,NYSE, ,N,N,502319030,Finance,Investment Managers,USA
FTRA-U,FTRA.U,"FutureCorp Space Acquisition 1 Units, each consisting of one Class A ordinary share and one-half of one redeemable warrant",NYSE, ,N,N,,,,USA
FTW-W,FTW.W,"Presidio Production Company Warrants, each whole warrant exercisable for one share of Class A common stock at an exercise price of $11.50 per share",NYSE, ,N,N,,,,USA
FUFUW,FUFUW,BitFuFu Inc. - Warrant,NASDAQ,S,N,N,22498236,Finance,Finance: Consumer Services,USA
FULTP,FULTP,"Fulton Financial Corporation - Depositary Shares Each Representing a 1/40th Interest in a Share of Fixed Rate Non-Cumulative Perpetual Preferred Stock, Series A",NASDAQ,Q,N,N,3455695235,Finance,Major Banks,USA
FUND,FUND,"Sprott Focus Trust, Inc. - Closed End Fund",NASDAQ,Q,N,N,290112523,Finance,Investment Managers,USA
FUSEW,FUSEW,Fusemachines Inc. - Warrants,NASDAQ,S,N,N,1765294,Technology,EDP Services,USA
FVNNR,FVNNR,Future Vision II Acquisition Corporation - Right,NASDAQ,S,N,N,0,Finance,Blank Checks,USA
FVNNU,FVNNU,Future Vision II Acquisition Corporation - Units,NASDAQ,S,N,N,0,,,USA
FWACU,FWACU,Futurewave Acquisition Corporation - Units,NASDAQ,S,N,N,0,,,USA
FXACU,FXACU,FortuneX Acquisition Corporation - Units,NASDAQ,G,N,N,0,Finance,Blank Checks,USA
FXACW,FXACW,FortuneX Acquisition Corporation - Warrant,NASDAQ,G,N,N,0,Finance,Blank Checks,USA
GAB$G,GAB$G,"Gabelli Equity Trust, Inc. (The) Series G Cumulative Preferred Stock",NYSE, ,N,N,,,,USA
GAB$K,GAB$K,"Gabelli Equity Trust, Inc. (The) 5.00% Series K Cumulative Preferred Stock",NYSE, ,N,N,,,,USA
GAING,GAING,Gladstone Investment Corporation - 7.125% Notes due 2031,NASDAQ,Q,N,N,0,Finance,Finance: Consumer Services,USA
GAINI,GAINI,Gladstone Investment Corporation - 7.875% Notes due 2030,NASDAQ,Q,N,N,0,Finance,Finance: Consumer Services,USA
GAINZ,GAINZ,Gladstone Investment Corporation - 4.875% Notes due 2028,NASDAQ,Q,N,N,915025695,Finance,Finance: Consumer Services,USA
GAM$B,GAM$B,"General American Investors Company, Inc. Cumulative Preferred Stock",NYSE, ,N,N,,,,USA
GBAB,GBAB,Guggenheim Taxable Municipal Bond & Investment Grade Debt Trust Common Shares of Beneficial Interest,NYSE, ,N,N,311540949,Finance,Investment Managers,USA
GBDC,GBDC,"Golub Capital BDC, Inc. - Closed End Fund",NASDAQ,Q,N,N,3389042305,Finance,Finance: Consumer Services,USA
GCGRU,GCGRU,General Catalyst Global Resilience Merger Corp. - Units,NASDAQ,G,N,N,0,,,USA
GCGRW,GCGRW,General Catalyst Global Resilience Merger Corp. - Warrants,NASDAQ,G,N,N,0,,,USA
GCLWW,GCLWW,GCL Global Holdings Ltd - Warrants,NASDAQ,Q,N,N,2547373,Technology,Computer Software: Prepackaged Software,USA
GCTS-W,GCTS.W,"GCT Semiconductor Holding, Inc. Warrants, each whole warrant exercisable for one share of Common Stock at an exercise price of $11.50",NYSE, ,N,N,,,,USA
GCV,GCV,"Gabelli Convertible and Income Securities Fund, Inc. (The) Common Stock",NYSE, ,N,N,88536135,Finance,Finance/Investors Services,USA
GDEVW,GDEVW,GDEV Inc. - Warrant,NASDAQ,G,N,N,,,,USA
GDL,GDL,"GDL Fund, The Common Shares of Beneficial Interest",NYSE, ,N,N,0,Finance,Investment Managers,USA
GDO,GDO,Western Asset Global Corporate Opportunity Fund Inc. Common Stock,NYSE, ,N,N,0,Finance,Finance Companies,USA
GDV$H,GDV$H,The Gabelli Dividend & Income Trust 5.375% Series H Cumulative Preferred Shares,NYSE, ,N,N,,,,USA
GDV$K,GDV$K,The Gabelli Dividend & Income Trust 4.250% Series K Cumulative Preferred Shares,NYSE, ,N,N,,,,USA
GECC,GECC,Great Elm Capital Corp. - Closed End Fund,NASDAQ,G,N,N,73211077,Finance,Finance: Consumer Services,USA
GECCG,GECCG,Great Elm Capital Corp. - 7.75% Notes Due 2030,NASDAQ,G,N,N,0,Finance,Finance: Consumer Services,USA
GECCH,GECCH,Great Elm Capital Corp. - 8.125% Notes Due 2029,NASDAQ,G,N,N,0,,,USA
GECCI,GECCI,Great Elm Capital Corp. - 8.50% NOTES DUE 2029,NASDAQ,G,N,N,0,Finance,Finance Companies,USA
GEGGL,GEGGL,"Great Elm Group, Inc.  - 7.25% Notes due 2027",NASDAQ,G,N,N,716754180,Technology,Computer Software: Prepackaged Software,USA
GEL,GEL,"Genesis Energy, L.P. Common Units",NYSE, ,N,N,1800225475,Energy,Oil Refining/Marketing,USA
GENVR,GENVR,Gen Digital Inc. - Contingent Value Rights,NASDAQ,G,N,N,807261364,Technology,Computer Software: Prepackaged Software,USA
GF,GF,"New Germany Fund, Inc. (The) Common Stock",NYSE, ,N,N,0,Finance,Investment Managers,USA
GFAIW,GFAIW,"Guardforce AI Co., Limited - Warrant",NASDAQ,S,N,N,1171891,Consumer Discretionary,Diversified Commercial Services,USA
GFUZW,GFUZW,General Fusion Group Ltd. - Warrant,NASDAQ,G,N,N,115651521,Utilities,Electric Utilities: Central,USA
GGN$B,GGN$B,"GAMCO Global Gold, Natural Reources & Income Trust 5.00% Series B Cumulative 25.00 Liquidation Preference",NYSE MKT, ,N,N,,,,USA
GGROW,GGROW,Gogoro Inc. - Warrant,NASDAQ,S,N,N,115233,Industrials,Auto Manufacturing,USA
GGT$E,GGT$E,Gabelli Multi-Media Trust Inc. (The) 5.125% Series E Cumulative Preferred Stock,NYSE, ,N,N,,,,USA
GGT$G,GGT$G,Gabelli Multi-Media Trust Inc. (The) 5.125% Series G Cumulative Preferred Shares,NYSE, ,N,N,,,,USA
GHI,GHI,Greystone Housing Impact Investors LP Beneficial Unit Certificates representing assignments of limited partnership interests,NYSE, ,N,N,124174428,Finance,Finance: Consumer Services,USA
GHXIU,GHXIU,"Gores Holdings XI, Inc. - Units",NASDAQ,G,N,N,0,,,USA
GHY,GHY,"PGIM Global High Yield Fund, Inc.",NYSE, ,N,N,0,Finance,Trusts Except Educational Religious and Charitable,USA
GIBOW,GIBOW,GIBO Holdings Limited - Warrants,NASDAQ,S,N,N,,,,USA
GIPRW,GIPRW,Generation Income Properties Inc. - Warrant,NASDAQ,S,N,N,49974,Real Estate,Real Estate Investment Trusts,USA
GIWWR,GIWWR,GigCapital8 Corp. - Rights,NASDAQ,G,N,N,,,,USA
GIWWU,GIWWU,GigCapital8 Corp. - Units,NASDAQ,G,N,N,0,,,USA
GIXXR,GIXXR,GigCapital9 Corp. - Rights,NASDAQ,G,N,N,0,Finance,Blank Checks,USA
GIXXU,GIXXU,GigCapital9 Corp. - Units,NASDAQ,G,N,N,0,Finance,Blank Checks,USA
GL$D,GL$D,Globe Life Inc. 4.25% Junior Subordinated Debentures due 2061,NYSE, ,N,N,,,,USA
GLAD,GLAD,Gladstone Capital Corporation - Closed End Fund,NASDAQ,Q,N,N,441242638,Consumer Discretionary,Textiles,USA
GLED-R,GLED.R,GalaxyEdge Acquisition Corporation Rights to receive one-fourth (1/4) of one ordinary share,NYSE, ,N,N,,,,USA
GLED-U,GLED.U,"GalaxyEdge Acquisition Corporation Units, each consisting of one Ordinary Share and one Right entitling the holder to receive 1/4th of one ordinary share",NYSE, ,N,N,,,,USA
GLNDW,GLNDW,Greenland Energy Company - Warrant,NASDAQ,G,N,N,33737845,Energy,Oil & Gas Production,USA
GLO,GLO,Clough Global Opportunities Fund Common Stock,NYSE MKT, ,N,N,0,Finance,Finance/Investors Services,USA
GLOP$A,GLOP$A,GasLog Partners LP 8.625% Series A Cumulative Redeemable Perpetual Fixed to Floating Rate Preference Units,NYSE, ,N,N,,,,USA
GLOP$B,GLOP$B,GasLog Partners LP 8.200% Series B Cumulative Redeemable Perpetual Fixed to Floating Rate Preference Units,NYSE, ,N,N,,,,USA
GLOP$C,GLOP$C,GasLog Partners LP 8.500% Series C Cumulative Redeemable Perpetual Fixed to Floating Rate Preference Units,NYSE, ,N,N,,,,USA
GLP,GLP,Global Partners LP Common Units representing Limited Partner Interests,NYSE, ,N,N,1640285915,Energy,Oil Refining/Marketing,USA
GLP$B,GLP$B,Global Partners LP 9.50% Series B Fixed Rate Cumulative Redeemable Perpetual Preferred Units representing limited partner interests,NYSE, ,N,N,,,,USA
GLQ,GLQ,Clough Global Equity Fund Clough Global Equity Fund Common Shares of Beneficial Interest,NYSE MKT, ,N,N,0,Finance,Finance/Investors Services,USA
GLU$A,GLU$A,The Gabelli Global Utility and Income Trust Series A Cumulative Puttable and Callable Preferred Shares,NYSE MKT, ,N,N,,,,USA
GLU$B,GLU$B,The Gabelli Global Utility and Income Trust Series B Cumulative Puttable and Callable Preferred Shares,NYSE MKT, ,N,N,,,,USA
GLV,GLV,Clough Global Dividend and Income Fund Common Shares of beneficial interest,NYSE MKT, ,N,N,80705852,Finance,Finance/Investors Services,USA
GME-W,GME.W,GameStop Corporation Warrants to Purchase Common Stock,NYSE, ,N,N,,,,USA
GNL$A,GNL$A,"Global Net Lease, Inc. 7.25% Series A Cumulative Redeemable Preferred Stock, $0.01 par value per share",NYSE, ,N,N,,,,USA
GNL$B,GNL$B,"Global Net Lease, Inc. 6.875% Series B Cumulative Redeemable Perpetual Preferred Stock",NYSE, ,N,N,,,,USA
GNL$D,GNL$D,"Global Net Lease, Inc. 7.50% Series D Cumulative Redeemable Perpetual Preferred Stock",NYSE, ,N,N,,,,USA
GNL$E,GNL$E,"Global Net Lease, Inc. 7.375% Series E Cumulative Redeemable Perpetual Preferred Stock",NYSE, ,N,N,,,,USA
GNT$A,GNT$A,"GAMCO Natural Resources, Gold & Income Tust  5.20% Series A Cumulative Preferred Shares (Liquidation Preference $25.00 per share)",NYSE, ,N,N,,,,USA
GOF,GOF,Guggenheim Strategic Opportunities Fund Common Shares of Beneficial Interest,NYSE, ,N,N,0,Finance,Finance/Investors Services,USA
GOODN,GOODN,Gladstone Commercial Corporation - 6.625% Series E Cumulative Redeemable Preferred Stock,NASDAQ,Q,N,N,1132965671,Real Estate,Real Estate,USA
GOODO,GOODO,"Gladstone Commercial Corporation - 6.00% Series G Cumulative Redeemable Preferred Stock, par value $0.001 per share",NASDAQ,Q,N,N,992827426,Real Estate,Real Estate,USA
GOOGM,GOOGM,Alphabet Inc. - Depositary Shares representing a 1/20th Interest in a Share of Series A Mandatory Convertible Preferred Stock,NASDAQ,Q,N,N,599499680000,Technology,Computer Software: Programming Data Processing,USA
GOOGN,GOOGN,Alphabet Inc. - Depositary Shares representing a 1/20th Interest in a Share of Series B Mandatory Convertible Preferred Stock,NASDAQ,Q,N,N,597924600000,Technology,Computer Software: Programming Data Processing,USA
GPACU,GPACU,General Purpose Acquisition Corp. - Units,NASDAQ,G,N,N,0,,,USA
GPACW,GPACW,General Purpose Acquisition Corp. - Warrant,NASDAQ,G,N,N,2963382,Industrials,Major Chemicals,USA
GPATU,GPATU,GP-Act III Acquisition Corp. - Units,NASDAQ,G,N,N,0,,,USA
GPATW,GPATW,GP-Act III Acquisition Corp. - Warrants,NASDAQ,G,N,N,0,,,USA
GPJA,GPJA,"Georgia Power Company Series 2017A 5.00% Junior Subordinated Notes due October 1, 2077",NYSE, ,N,N,194028425,Utilities,Electric Utilities: Central,USA
GPMT$A,GPMT$A,Granite Point Mortgage Trust Inc. 7.00% Series A Fixed-to-Floating Rate Cumulative Redeemable Preferred Stock,NYSE, ,N,N,,,,USA
GPUS$D,GPUS$D,"Hyperscale Data, Inc. 13.00% Series D Cumulative Redeemable Perpetual Preferred Stock",NYSE MKT, ,N,N,,,,USA
GRABW,GRABW,Grab Holdings Limited - Warrant,NASDAQ,Q,N,N,109892912,Consumer Discretionary,Business Services,USA
GRAF-U,GRAF.U,"Graf Global Corp. Units, each consisting of one Class A ordinary share and one-half of one redeemable warrant",NYSE MKT, ,N,N,,,,USA
GRAF-W,GRAF.W,"Graf Global Corp. Warrants, each whole warrant exercisable for one Class A ordinary share at an exercise price of $11.50 per share",NYSE MKT, ,N,N,,,,USA
GRBK$A,GRBK$A,"Green Brick Partners, Inc. Depositary Shares (each representing a 1/1000th fractional interest in a share of 5.75% Series A Cumulative Perpetual Preferred Stock)",NYSE, ,N,N,,,,USA
GREEL,GREEL,Vulcan Infrastructure and Power Inc. - 8.50% Senior Notes due 2026,NASDAQ,Q,N,N,387131833,Finance,Finance: Consumer Services,USA
GRF,GRF,"Eagle Capital Growth Fund, Inc. Common Stock",NYSE MKT, ,N,N,0,Finance,Finance/Investors Services,USA
GRMLW,GRMLW,Greenland Mines Ltd - Warrants,NASDAQ,S,N,N,20610572,Health Care,Biotechnology: Biological Products (No Diagnostic Substances),USA
GRN,GRN,iPath Series B Carbon Exchange-Traded Notes,NYSE ARCA, ,N,N,,,,USA
GROY-W,GROY.W,Gold Royalty Corp. Warrants,NYSE MKT, ,N,N,,,,USA
GRRRW,GRRRW,Gorilla Technology Group Inc. - Warrant,NASDAQ,S,N,N,5279472,Technology,Computer Software: Prepackaged Software,USA
GS$A,GS$A,"Goldman Sachs Group, Inc. (The) Depositary Shares each representing 1/1000th Interest in a Share of Floating Rate Non-Cumulative Preferred Stock Series A",NYSE, ,N,N,,,,USA
GS$C,GS$C,"Goldman Sachs Group, Inc. (The) Depositary Share repstg 1/1000th Preferred Series C",NYSE, ,N,N,,,,USA
GSHRU,GSHRU,Gesher Acquisition Corp. II - Units,NASDAQ,G,N,N,,,,USA
GSHRW,GSHRW,Gesher Acquisition Corp. II - Warrants,NASDAQ,G,N,N,0,Finance,Blank Checks,USA
GSL$B,GSL$B,"Global Ship Lease, Inc. Depository Shares Representing 1/100th Perpetual Preferred Series B% (Marshall Island)",NYSE, ,N,N,,,,USA
GSRFR,GSRFR,GSR IV Acquisition Corp. - Rights,NASDAQ,G,N,N,0,,,USA
GSRFU,GSRFU,GSR IV Acquisition Corp. - Units,NASDAQ,G,N,N,0,,,USA
GSRVR,GSRVR,GSR V Acquisition Corp. - Rights,NASDAQ,G,N,N,0,Finance,Blank Checks,USA
GSRVU,GSRVU,GSR V Acquisition Corp. - Units,NASDAQ,G,N,N,0,Finance,Blank Checks,USA
GTENU,GTENU,"Gores Holdings X, Inc. - Units",NASDAQ,G,N,N,0,,,USA
GTENW,GTENW,"Gores Holdings X, Inc. - Warrants",NASDAQ,G,N,N,0,,,USA
GTERR,GTERR,Globa Terra Acquisition Corporation - Rights,NASDAQ,G,N,N,,,,USA
GTERU,GTERU,Globa Terra Acquisition Corporation - Units,NASDAQ,G,N,N,,,,USA
GTERW,GTERW,Globa Terra Acquisition Corporation - Warrants,NASDAQ,G,N,N,0,Finance,Blank Checks,USA
GUACU,GUACU,Berto Acquisition Corp. II - Units,NASDAQ,G,N,N,0,Finance,Blank Checks,USA
GUACW,GUACW,Berto Acquisition Corp. II - Warrants,NASDAQ,G,N,N,0,Finance,Blank Checks,USA
GUG,GUG,Guggenheim Active Allocation Fund Common Shares of Beneficial Interest,NYSE, ,N,N,0,Finance,Trusts Except Educational Religious and Charitable,USA
GUT$C,GUT$C,Gabelli Utility Trust (The) 5.375% Series C Cumulative Preferred Shares,NYSE, ,N,N,,,,USA
HACQU,HACQU,HCM IV Acquisition Corp. - Unit,NASDAQ,G,N,N,0,,,USA
HACQW,HACQW,HCM IV Acquisition Corp. - Warrants,NASDAQ,G,N,N,0,Finance,Blank Checks,USA
HAVAR,HAVAR,Harvard Ave Acquisition Corporation - Rights that convert on a 1/10th of 1 basis to Class A ordinary Shares,NASDAQ,G,N,N,,,,USA
HAVAU,HAVAU,Harvard Ave Acquisition Corporation - Unit,NASDAQ,G,N,N,,,,USA
HBANL,HBANL,"Huntington Bancshares Incorporated - Depositary Shares, Each Representing a 1/40th Interest in a Share of 6.875% Series J Non-Cumulative Perpetual Preferred Stock",NASDAQ,Q,N,N,50698535981,Finance,Major Banks,USA
HBANM,HBANM,Huntington Bancshares Incorporated - Depositary Shares each representing a 1/1000th interest in a share of Huntington Series I Preferred Stock,NASDAQ,Q,N,N,42245401433,Finance,Major Banks,USA
HBANP,HBANP,Huntington Bancshares Incorporated - Depositary Shares 4.500% Series H Non-Cumulative Perpetual Preferred Stock,NASDAQ,Q,N,N,32940872039,Finance,Major Banks,USA
HBANZ,HBANZ,"Huntington Bancshares Incorporated - Depositary Shares, Each Representing a 1/1000th Interest in a Share of 5.50% Series L Non-Cumulative Perpetual Preferred Stock",NASDAQ,Q,N,N,40360169987,Finance,Major Banks,USA
HCACR,HCACR,Hall Chadwick Acquisition Corp. - Rights,NASDAQ,G,N,N,0,,,USA
HCACU,HCACU,Hall Chadwick Acquisition Corp. - Unit,NASDAQ,G,N,N,0,Consumer Discretionary,Auto Parts:O.E.M.,USA
HCICR,HCICR,Hennessy Capital Investment Corp. VIII - Share Rights,NASDAQ,G,N,N,0,,,USA
HCICU,HCICU,Hennessy Capital Investment Corp. VIII - Units,NASDAQ,G,N,N,0,,,USA
HCMAU,HCMAU,HCM III Acquisition Corp. - Units,NASDAQ,G,N,N,0,,,USA
HCMAW,HCMAW,HCM III Acquisition Corp. - Warrants,NASDAQ,G,N,N,47545724,Consumer Discretionary,Hotels/Resorts,USA
HCXY,HCXY,"Hercules Capital, Inc. 6.25% Notes due 2033",NYSE, ,N,N,4501923425,Finance,Investment Managers,USA
HDRNW,HDRNW,"Hadron Energy, Inc. - Warrant",NASDAQ,S,N,N,10724826,Utilities,Electric Utilities: Central,USA
HEQ,HEQ,John Hancock Diversified Income Fund Common Shares of Beneficial Interest,NYSE, ,N,N,0,Finance,Investment Managers,USA
HERZ,HERZ,"Herzfeld Credit Income Fund, Inc.  - Closed End Fund",NASDAQ,S,N,N,0,Finance,Investment Managers,USA
HFRO,HFRO,Highland Opportunities and Income Fund Common Shares of Beneficial Interest,NYSE, ,N,N,0,Finance,Finance/Investors Services,USA
HFRO$A,HFRO$A,Highland Opportunities and Income Fund 5.375% Series A Cumulative Preferred Shares,NYSE, ,N,N,,,,USA
HFRO$B,HFRO$B,Highland Opportunities and Income Fund 5.375% Series B Cumulative Preferred Shares,NYSE, ,N,N,,,,USA
HGLB,HGLB,Highland Global Allocation Fund Common Stock,NYSE, ,N,N,0,Finance,Trusts Except Educational Religious and Charitable,USA
HIG$G,HIG$G,"The Hartford Insurance Group, Inc. Depositary Shares each representing a 1/1000th interest in a share of 6.000% Non-Cumulative Preferred Stock, Series G",NYSE, ,N,N,,,,USA
HIO,HIO,"Western Asset High Income Opportunity Fund, Inc. Common Stock",NYSE, ,N,N,0,Finance,Finance/Investors Services,USA
HIX,HIX,Western Asset High Income Fund II Inc. Common Stock,NYSE, ,N,N,0,Finance,Finance/Investors Services,USA
HL$B,HL$B,Hecla Mining Company Preferred Stock,NYSE, ,N,N,,,,USA
HOLOW,HOLOW,MicroCloud Hologram Inc. - Warrant,NASDAQ,S,N,N,1835280,Technology,Computer Software: Programming Data Processing,USA
HOVNP,HOVNP,Hovnanian Enterprises Inc - Depositary Share representing 1/1000th of 7.625% Series A Preferred Stock,NASDAQ,G,N,N,120361982,Consumer Discretionary,Homebuilding,USA
HOVRW,HOVRW,New Horizon Aircraft Ltd. - Warrant,NASDAQ,S,N,N,25727947,Industrials,Aerospace,USA
HPAIW,HPAIW,Helport AI Limited - Warrants,NASDAQ,S,N,N,752938,Technology,Computer Software: Prepackaged Software,USA
HPE$C,HPE$C,Hewlett Packard Enterprise Company 7.625% Series C Mandatory Convertible Preferred Stock,NYSE, ,N,N,,,,USA
HPF,HPF,John Hancock Pfd Income Fund II Pfd Income Fund II,NYSE, ,N,N,0,Finance,Finance Companies,USA
HPI,HPI,John Hancock Preferred Income Fund Common Shares of Beneficial Interest,NYSE, ,N,N,0,Finance,Trusts Except Educational Religious and Charitable,USA
HPP$C,HPP$C,"Hudson Pacific Properties, Inc. 4.750% Series C Cumulative Redeemable Preferred Stock",NYSE, ,N,N,,,,USA
HPS,HPS,John Hancock Preferred Income Fund III Preferred Income Fund III,NYSE, ,N,N,0,Finance,Investment Managers,USA
HQWWW,HQWWW,Horizon Quantum Holdings Ltd. - Warrant,NASDAQ,S,N,N,309468804,Technology,EDP Services,USA
HSCSW,HSCSW,HeartSciences Inc. - Warrant,NASDAQ,S,N,N,233439,Health Care,Industrial Specialties,USA
HTD,HTD,John Hancock Tax Advantaged Dividend Income Fund Common Shares of Beneficial Interest,NYSE, ,N,N,0,Finance,Finance Companies,USA
HTFC,HTFC,Horizon Technology Finance Corporation 6.25% Notes due 2027,NYSE, ,N,N,1055559288,Finance,Finance: Consumer Services,USA
HTZWW,HTZWW,"Hertz Global Holdings, Inc - Warrant",NASDAQ,Q,N,N,260032085,Consumer Discretionary,Rental/Leasing Companies,USA
HUBCW,HUBCW,Hub Cyber Security Ltd. - Warrant expiring 2/27/28,NASDAQ,S,N,N,440003,Telecommunications,Computer Communications Equipment,USA
HUBCZ,HUBCZ,Hub Cyber Security Ltd. - Warrant,NASDAQ,S,N,N,505675,Telecommunications,Computer Communications Equipment,USA
HUMAW,HUMAW,"Humacyte, Inc. - Warrant",NASDAQ,Q,N,N,2220191,Health Care,Biotechnology: Biological Products (No Diagnostic Substances),USA
HVIIR,HVIIR,Hennessy Capital Investment Corp. VII - Rights,NASDAQ,G,N,N,0,Finance,Blank Checks,USA
HVIIU,HVIIU,Hennessy Capital Investment Corp. VII - Unit,NASDAQ,G,N,N,,,,USA
HVMCU,HVMCU,Highview Merger Corp. - Units,NASDAQ,G,N,N,,,,USA
HVMCW,HVMCW,Highview Merger Corp. - Warrants,NASDAQ,G,N,N,,,,USA
HWCPZ,HWCPZ,Hancock Whitney Corporation - 6.25% Subordinated Notes due 2060,NASDAQ,Q,N,N,1873932564,Finance,Major Banks,USA
HYI,HYI,Western Asset High Yield Opportunity Fund Inc. Common Stock,NYSE, ,N,N,0,Finance,Investment Managers,USA
HYT,HYT,"Blackrock Corporate High Yield Fund, Inc. Common Stock",NYSE, ,N,N,0,Finance,Finance Companies,USA
IACOU,IACOU,Idea Acquisition Corp. - Units,NASDAQ,G,N,N,0,Finance,Blank Checks,USA
IACOW,IACOW,Idea Acquisition Corp. - Warrants,NASDAQ,G,N,N,0,Finance,Blank Checks,USA
IACQU,IACQU,Irenic Acquisition Corp. - Unit,NASDAQ,G,N,N,,,,USA
IACQW,IACQW,Irenic Acquisition Corp. - Warrants,NASDAQ,G,N,N,,,,USA
IAE,IAE,Voya Asia Pacific High Dividend Equity Income Fund ING Asia Pacific High Dividend Equity Income Fund Common Shares of Beneficial Interest,NYSE, ,N,N,0,Finance,Trusts Except Educational Religious and Charitable,USA
IAF,IAF,"abrdn Australia Equity Fund, Inc. Common Stock",NYSE MKT, ,N,N,0,Finance,Finance/Investors Services,USA
IAUX-W,IAUX.W,"i-80 Gold Corp. Warrants, each warrant exercisable for one Common Share at an exercise price of $0.70",NYSE MKT, ,N,N,,,,USA
IBACR,IBACR,IB Acquisition Corp. - Right,NASDAQ,S,N,N,0,Finance,Blank Checks,USA
ICR$A,ICR$A,"InPoint Commercial Real Estate Income, Inc. 6.75% Series A Cumulative Redeemable Preferred Stock",NYSE, ,N,N,,,,USA
ICUCW,ICUCW,SeaStar Medical Holding Corporation - Warrant,NASDAQ,S,N,N,79540,Health Care,Medical/Dental Instruments,USA
IDACU,IDACU,Iron Dome Acquisition I Corp. - Units,NASDAQ,G,N,N,0,,,USA
IDACW,IDACW,Iron Dome Acquisition I Corp. - Warrant,NASDAQ,G,N,N,0,,,USA
IDE,IDE,"Voya Infrastructure, Industrials and Materials Fund Common Shares of Beneficial Interest",NYSE, ,N,N,0,Finance,Finance/Investors Services,USA
IEAGR,IEAGR,Infinite Eagle Acquisition Corp. - Rights,NASDAQ,G,N,N,0,Finance,Blank Checks,USA
IEAGU,IEAGU,Infinite Eagle Acquisition Corp. - Unit,NASDAQ,G,N,N,0,,,USA
IEP,IEP,Icahn Enterprises L.P. - Depositary Units representing Limited Partner Interests,NASDAQ,Q,N,N,5168068753,Consumer Discretionary,Auto Parts:O.E.M.,USA
IFN,IFN,"Aberdeen India Fund, Inc. Common Stock",NYSE, ,N,N,0,Finance,Finance/Investors Services,USA
IGA,IGA,Voya Global Advantage and Premium Opportunity Fund Common Shares of Beneficial Interest,NYSE, ,N,N,0,Finance,Investment Managers,USA
IGACR,IGACR,Invest Green Acquisition Corporation - Rights,NASDAQ,G,N,N,0,,,USA
IGACU,IGACU,Invest Green Acquisition Corporation - Units,NASDAQ,G,N,N,0,Finance,Blank Checks,USA
IGD,IGD,Voya Global Equity Dividend and Premium Opportunity Fund,NYSE, ,N,N,0,Finance,Trusts Except Educational Religious and Charitable,USA
IGR,IGR,CBRE Global Real Estate Income Fund Common Shares of Beneficial Interest,NYSE, ,N,N,0,Finance,Finance Companies,USA
IGZ,IGZ,IGZ (Listing Market NYSE Arca Network B F) Common Stock,NYSE ARCA, ,N,Y,,,,USA
IHD,IHD,Voya Emerging Markets High Income Dividend Equity Fund Common Shares,NYSE, ,N,N,0,Finance,Investment Managers,USA
IIF,IIF,"Morgan Stanley India Investment Fund, Inc. Common Stock",NYSE, ,N,N,0,Finance,Trusts Except Educational Religious and Charitable,USA
IIPR$A,IIPR$A,"Innovative Industrial Properties, Inc. 9.00% Series A Cumulative Redeemable Preferred Stock",NYSE, ,N,N,,,,USA
ILLRW,ILLRW,Triller Group Inc. - Warrant,NASDAQ,S,N,N,1261814,Finance,Investment Managers,USA
ILLUU,ILLUU,Illumination Acquisition Corp I - Units,NASDAQ,G,N,N,0,Finance,Blank Checks,USA
ILLUW,ILLUW,Illumination Acquisition Corp I - Warrant,NASDAQ,G,N,N,0,,,USA
IMPPP,IMPPP,Imperial Petroleum Inc. - 8.75% Series A Cumulative Redeemable Perpetual Preferred Shares,NASDAQ,S,N,N,1178267927,Consumer Discretionary,Marine Transportation,USA
IMSRW,IMSRW,Terrestrial Energy Inc. - Warrant,NASDAQ,Q,N,N,236235616,Finance,Blank Checks,USA
INACR,INACR,Indigo Acquisition Corp. - Right,NASDAQ,G,N,N,0,,,USA
INACU,INACU,Indigo Acquisition Corp. - Unit,NASDAQ,G,N,N,,,,USA
INBKZ,INBKZ,First Internet Bancorp - Fixed-to-Floating Rate Subordinated Notes Due 2029,NASDAQ,Q,N,N,219308576,Finance,Major Banks,USA
INFQ-W,INFQ.W,"Infleqtion, Inc. Warrants, each whole warrant exercisable for one share of Common Stock at an exercise price of $11.50 per share",NYSE, ,N,N,,,,USA
INN$E,INN$E,"Summit Hotel Properties, Inc. 6.250% Series E Cumulative Redeemable Preferred Stock",NYSE, ,N,N,,,,USA
INN$F,INN$F,"Summit Hotel Properties, Inc. 5.875% Series F Cumulative Redeemable Preferred Stock, $0.01 par value per share",NYSE, ,N,N,,,,USA
IONQ-W,IONQ.W,"IonQ, Inc. Redeemable warrants, each whole warrant exercisable for one share of Common Stock, each at an exercise price of $11.50 per share",NYSE, ,N,N,,,,USA
IPCXR,IPCXR,Inflection Point Acquisition Corp. III - Rights,NASDAQ,G,N,N,0,Finance,Blank Checks,USA
IPCXU,IPCXU,Inflection Point Acquisition Corp. III - Units,NASDAQ,G,N,N,0,Finance,Blank Checks,USA
IPEXR,IPEXR,Inflection Point Acquisition Corp. - Right,NASDAQ,G,N,N,0,Finance,Blank Checks,USA
IPEXU,IPEXU,Inflection Point Acquisition Corp. - Unit,NASDAQ,G,N,N,,,,USA
IPFXU,IPFXU,Inflection Point Acquisition Corp. VI - Units,NASDAQ,G,N,N,0,Finance,Blank Checks,USA
IPFXW,IPFXW,Inflection Point Acquisition Corp. VI - Warrant,NASDAQ,G,N,N,0,Finance,Blank Checks,USA
IPVVU,IPVVU,"InterPrivate Investment Partners V, Inc. - Units",NASDAQ,G,N,N,0,Finance,Blank Checks,USA
IQMXW,IQMXW,IQM Quantum Computers Oyj - Warrants to purchase American Depositary Shares,NASDAQ,Q,N,N,674585966,Finance,Blank Checks,USA
IRAB-U,IRAB.U,"Iris Acquisition Corp II Units, each consisting of one Class A Ordinary Share and one-half of one redeemable Warrant",NYSE, ,N,N,,,,USA
IRAB-W,IRAB.W,"Iris Acquisition Corp II Redeemable Warrants, each whole warrant exercisable for one Class A Ordinary Share at an exercise price of $11.50 per share",NYSE, ,N,N,,,,USA
IRHOR,IRHOR,Iron Horse Acquisitions II Corp. - Rights,NASDAQ,G,N,N,,,,USA
IRHOU,IRHOU,Iron Horse Acquisitions II Corp. - Units,NASDAQ,G,N,N,,,,USA
ISD,ISD,"PGIM High Yield Bond Fund, Inc.",NYSE, ,N,N,0,Finance,Trusts Except Educational Religious and Charitable,USA
ISNRU,ISNRU,Snow Rothschild Acquisition Corp. - Units,NASDAQ,G,N,N,0,Finance,Blank Checks,USA
ITHAU,ITHAU,ITHAX Acquisition Corp III - Units,NASDAQ,G,N,N,0,,,USA
ITHAW,ITHAW,ITHAX Acquisition Corp III - Warrants,NASDAQ,G,N,N,0,,,USA
ITUB,ITUB,Itau Unibanco Banco Holding SA American Depositary Shares (Each repstg 500 Preferred shares),NYSE, ,N,N,92622806052,Finance,Major Banks,USA
IVDAW,IVDAW,"Iveda Solutions, Inc. - Warrant",NASDAQ,S,N,N,364269,Technology,Computer Software: Prepackaged Software,USA
IVR$C,IVR$C,"INVESCO MORTGAGE CAPITAL INC 7.5% Fixed-to-Floating Series C Cumulative Redeemable Preferred Stock, Liquation Preference $25.00 per Share",NYSE, ,N,N,,,,USA
JABRU,JABRU,JAB Acquisition Corp I - Units,NASDAQ,G,N,N,0,,,USA
JACS-R,JACS.R,"Jackson Acquisition Company II Rights, each right to acquire one-tenth (1/10) of one Class A ordinary share",NYSE, ,N,N,,,,USA
JACS-U,JACS.U,"Jackson Acquisition Company II Units, each consisting of one Class A ordinary share and one right to acquire one-tenth (1/10) of one Class A ordinary share",NYSE, ,N,N,,,,USA
JCE,JCE,Nuveen Core Equity Alpha Fund Common Shares of Beneficial Interest,NYSE, ,N,N,0,Finance,Trusts Except Educational Religious and Charitable,USA
JENA-R,JENA.R,"Jena Acquisition Corporation II Rights, each right to acquire one-twentieth (1/20) of one Class A ordinary share",NYSE, ,N,N,,,,USA
JENA-U,JENA.U,"Jena Acquisition Corporation II Units, each consisting of one Class A ordinary share and one right",NYSE, ,N,N,,,,USA
JFR,JFR,Nuveen Floating Rate Income Fund Common Stock,NYSE, ,N,N,0,Finance,Trusts Except Educational Religious and Charitable,USA
JGH,JGH,Nuveen Global High Income Fund Common Shares of Beneficial Interest,NYSE, ,N,N,0,Finance,Investment Managers,USA
JLS,JLS,Nuveen Mortgage and Income Fund,NYSE, ,N,N,0,Finance,Investment Managers,USA
JMM,JMM,Nuveen Multi-Market Income Fund (MA),NYSE, ,N,N,0,Finance,Trusts Except Educational Religious and Charitable,USA
JOBY-W,JOBY.W,"Joby Aviation, Inc. Warrants",NYSE, ,N,N,,,,USA
JOF,JOF,Japan Smaller Capitalization Fund Inc Common Stock,NYSE, ,N,N,0,Finance,Trusts Except Educational Religious and Charitable,USA
JONEU,JONEU,Jones Ventures INTL Acquisition1 Corp - Units,NASDAQ,G,N,N,0,,,USA
JPC,JPC,Nuveen Preferred & Income Opportunities Fund,NYSE, ,N,N,0,Finance,Investment Managers,USA
JPM$C,JPM$C,"J P Morgan Chase & Co Depositary Shares, each representing a 1/400th interest in a share of 6.00% Non-Cumulative  Preferred Stock, Series EE",NYSE, ,N,N,,,,USA
JPM$D,JPM$D,"J P Morgan Chase & Co Depositary Shares, each representing a 1/400th  interest in a share of 5.75% Non-Cumulative  Preferred Stock, Series DD",NYSE, ,N,N,,,,USA
JPM$J,JPM$J,"J P Morgan Chase & Co Depositary Shares, each representing a 1/400th interest in a share of JPMorgan Chase & Co. 4.75% Non-Cumulative Preferred Stock, Series GG",NYSE, ,N,N,,,,USA
JPM$K,JPM$K,"J P Morgan Chase & Co Depositary Shares, each representing a 1/400th interest in a share of 4.55% Non-Cumulative Preferred Stock, Series JJ",NYSE, ,N,N,,,,USA
JPM$L,JPM$L,"J P Morgan Chase & Co Depositary Shares, each representing a 1/400th interest in a share of 4.625% Non-Cumulative Preferred Stock, Series LL",NYSE, ,N,N,,,,USA
JPM$M,JPM$M,"J P Morgan Chase & Co Depositary Shares, each representing a 1/400th interest in a share of 4.20% Non-Cumulative Preferred Stock, Series MM",NYSE, ,N,N,,,,USA
JQC,JQC,Nuveen Credit Strategies Income Fund Shares of Beneficial Interest,NYSE, ,N,N,0,Finance,Finance Companies,USA
JRI,JRI,Nuveen Real Asset Income and Growth Fund Common Shares of Beneficial Interest,NYSE, ,N,N,0,Finance,Finance Companies,USA
JRS,JRS,Nuveen Real Estate Income Fund Common Shares of Beneficial Interest,NYSE, ,N,N,0,Finance,Finance/Investors Services,USA
JSM,JSM,"Navient Corporation - 6% Senior Notes due December 15, 2043",NASDAQ,Q,N,N,1761510326,Finance,Investment Bankers/Brokers/Service,USA
JSPRW,JSPRW,"Jasper Therapeutics, Inc. - Warrant",NASDAQ,S,N,N,364127,Health Care,Biotechnology: Biological Products (No Diagnostic Substances),USA
JXN$A,JXN$A,"Jackson Financial Inc. Depositary Shares, each representing a 1/1,000th interest in a share of Fixed-Rate Reset Noncumulative Perpetual Preferred Stock, Series A",NYSE, ,N,N,,,,USA
KBONU,KBONU,Karbon Capital Partners Corp. - Units,NASDAQ,G,N,N,0,Finance,Blank Checks,USA
KBONW,KBONW,Karbon Capital Partners Corp. - Warrant,NASDAQ,G,N,N,0,Finance,Blank Checks,USA
KCA-U,KCA.U,"Kensington Capital Acquisition Corp. VI New Units, each consisting of one Class A Ordinary Share and three-quarters of one Class 2 Redeemable Warrant",NYSE, ,N,N,,,,USA
KCAC-U,KCAC.U,"Kensington Capital Acquisition Corp. VI Units, each consisting of one Class A ordinary share, one-quarter of one Class 1 redeemable warrant and three-quarters of one Class 2 redeemable warrant",NYSE, ,N,N,,,,USA
KCAC-W,KCAC.W,"Kensington Capital Acquisition Corp. VI Class 1 redeemable warrants, each exercisable for one Class A ordinary share at an exercise price of $11.50",NYSE, ,N,N,,,,USA
KCHVR,KCHVR,Kochav Defense Acquisition Corp. - Right,NASDAQ,G,N,N,0,Finance,Blank Checks,USA
KCHVU,KCHVU,Kochav Defense Acquisition Corp. - Units,NASDAQ,G,N,N,0,,,USA
KDKRW,KDKRW,"Kodiak AI, Inc. - Warrant",NASDAQ,S,N,N,158523526,Technology,EDP Services,USA
KEY$I,KEY$I,"KeyCorp Depositary Shares Each Representing a 1/40th Ownership Interest in a Share of Fixed-to-Floating Rate Perpetual Non-Cumulative Preferred Stock, Series E",NYSE, ,N,N,,,,USA
KEY$J,KEY$J,"KeyCorp Depositary Shares each representing a 1/40th ownership interest in a share of Fixed Rate Perpetual Non-Cumulative Preferred Stock, Series F",NYSE, ,N,N,,,,USA
KEY$K,KEY$K,"KeyCorp Depositary Shares, each representing a 1/40th ownership interest in a share of Fixed Rate Perpetual Non-Cumulative Preferred Stock, Series G",NYSE, ,N,N,,,,USA
KEY$L,KEY$L,"KeyCorp Depositary Shares each representing a 1/40th ownership interest in a share of Fixed Rate Perpetual Non-Cumulative Preferred Stock, Series H",NYSE, ,N,N,,,,USA
KEYYU,KEYYU,Keystone Acquisition Corp. - Unit,NASDAQ,G,N,N,0,Finance,Blank Checks,USA
KEYYW,KEYYW,Keystone Acquisition Corp. - Warrants,NASDAQ,G,N,N,,,,USA
KF,KF,"Korea Fund, Inc. (The) New Common Stock",NYSE, ,N,N,0,Finance,Investment Managers,USA
KFIIR,KFIIR,K&F Growth Acquisition Corp. II - Rights,NASDAQ,G,N,N,,,,USA
KFIIU,KFIIU,K&F Growth Acquisition Corp. II - Unit,NASDAQ,G,N,N,0,Finance,Blank Checks,USA
KIDZW,KIDZW,KIDZ AI Inc. - Warrants,NASDAQ,S,N,N,34938,Real Estate,Other Consumer Services,USA
KIM$L,KIM$L,"Kimco Realty Corporation Class L Depositary Shares, each of which represents a one-one thousandth fractional interest in a share of 5.125% Class L Cumulative Redeemable Preferred Stock, liquidation preference $25,000.00 per share",NYSE, ,N,N,,,,USA
KIM$M,KIM$M,"Kimco Realty Corporation Class M Depositary Shares, each of which represents a one-one thousandth fractional interest in a share of 5.25% Class M Cumulative Redeemable Preferred Stock, liquidation preference $25,000.00 per share",NYSE, ,N,N,,,,USA
KIM$N,KIM$N,"Kimco Realty Corporation Depositary Shares, each representing 1/1,000th interest in a share of 7.25% Class N Cumulative Convertible Perpetual Preferred Stock",NYSE, ,N,N,,,,USA
KIO,KIO,KKR Income Opportunities Fund Common Shares,NYSE, ,N,N,0,Finance,Investment Managers,USA
KITTW,KITTW,"Nauticus Robotics, Inc. - Warrant",NASDAQ,S,N,N,88922,Industrials,Industrial Machinery/Components,USA
KKR$D,KKR$D,KKR & Co. Inc. 6.25% Series D Mandatory Convertible Preferred Stock,NYSE, ,N,N,,,,USA
KKRS,KKRS,KKR Group Finance Co. IX LLC 4.625% Subordinated Notes due 2061,NYSE, ,N,N,14563499103,Finance,Investment Managers,USA
KKRT,KKRT,KKR & Co. Inc. 6.875% Subordinated Notes due 2065,NYSE, ,N,N,0,Finance,Investment Managers,USA
KMPB,KMPB,Kemper Corporation 5.875% Fixed-Rate Reset Junior Subordinated Debentures due 2062,NYSE, ,N,N,1424167672,Finance,Property-Casualty Insurers,USA
KNOP,KNOP,KNOT Offshore Partners LP Common Units representing Limited Partner Interests,NYSE, ,N,N,353433591,Consumer Discretionary,Marine Transportation,USA
KOF,KOF,"Coca Cola Femsa S.A.B. de C.V.  American Depositary Shares, each representing 10 Units (each Unit consists of 3 Series B Shares and 5 Series L Shares)",NYSE, ,N,N,5478445378,Consumer Staples,Beverages (Production/Distribution),USA
KOYNU,KOYNU,CSLM Digital Asset Acquisition Corp III - Units,NASDAQ,G,N,N,0,,,USA
KOYNW,KOYNW,CSLM Digital Asset Acquisition Corp III - Warrants,NASDAQ,G,N,N,0,,,USA
KPET-U,KPET.U,"KPET Ultra Paceline Corporation Units, each consisting of one Class A Ordinary Share and one-sixth of one Warrant",NYSE, ,N,N,,,,USA
KPET-W,KPET.W,"KPET Ultra Paceline Corporation Warrants, each whole warrant exercisable for one Class A ordinary share at an exercise price of $11.50 per share",NYSE, ,N,N,,,,USA
KRAQU,KRAQU,KRAKacquisition Corp - Unit,NASDAQ,G,N,N,0,,,USA
KRAQW,KRAQW,KRAKacquisition Corp - Warrants,NASDAQ,G,N,N,0,,,USA
KREF$A,KREF$A,KKR Real Estate Finance Trust Inc. 6.50% Series A Cumulative Redeemable Preferred Stock,NYSE, ,N,N,,,,USA
KRP,KRP,Kimbell Royalty Partners Common Units Representing Limited Partner Interests,NYSE, ,N,N,1627396309,Energy,Oil & Gas Production,USA
KRSP-U,KRSP.U,"Rice Acquisition Corporation 3 Units, each consisting of one Class A ordinary share, and one-sixth of one redeemable warrant",NYSE, ,N,N,,,,USA
KRSP-W,KRSP.W,"Rice Acquisition Corporation 3 Redeemable warrants, each whole warrant exercisable for one Class A ordinary share at an exercise price of $11.50",NYSE, ,N,N,,,,USA
KTH,KTH,Structures Products Cp 8% CorTS Issued by Peco Energy Cap Tr II Preferred Stock,NYSE, ,N,N,0,Finance,Finance: Consumer Services,USA
KTTAW,KTTAW,Pasithea Therapeutics Corp. - Warrant,NASDAQ,S,N,N,327462,Health Care,Biotechnology: Pharmaceutical Preparations,USA
KTWOR,KTWOR,K2 Capital Acquisition Corporation - Rights,NASDAQ,G,N,N,4234697,,,USA
KTWOU,KTWOU,K2 Capital Acquisition Corporation - Units,NASDAQ,G,N,N,0,,,USA
KVACU,KVACU,Keen Vision Acquisition Corporation - Units,NASDAQ,G,N,N,,,,USA
KVACW,KVACW,Keen Vision Acquisition Corporation - Warrant,NASDAQ,G,N,N,0,,,USA
KWMWW,KWMWW,"K Wave Media, Ltd. - Warrant",NASDAQ,S,N,N,908224,Consumer Discretionary,Movies/Entertainment,USA
KYIVW,KYIVW,Kyivstar Group Ltd. - Warrant,NASDAQ,S,N,N,,,,USA
KYN,KYN,"Kayne Anderson Energy Infrastructure Fund, Inc.",NYSE, ,N,N,2005217437,Finance,Finance/Investors Services,USA
LAFAR,LAFAR,LaFayette Acquisition Corp. - Rights,NASDAQ,G,N,N,0,,,USA
LAFAU,LAFAU,LaFayette Acquisition Corp. - Unit,NASDAQ,G,N,N,0,,,USA
LANDO,LANDO,Gladstone Land Corporation - 6.00% Series B Cumulative Redeemable Preferred Stock,NASDAQ,G,N,N,913416933,Real Estate,Real Estate Investment Trusts,USA
LANDP,LANDP,Gladstone Land Corporation - 6.00% Series C Cumulative Redeemable Preferred Stock,NASDAQ,G,N,N,912204796,Real Estate,Real Estate Investment Trusts,USA
LATAU,LATAU,Galata Acquisition Corp. II - Units,NASDAQ,G,N,N,0,,,USA
LATAW,LATAW,Galata Acquisition Corp. II - Warrant,NASDAQ,G,N,N,0,Finance,Blank Checks,USA
LBRDP,LBRDP,Liberty Broadband Corporation - Series A Cumulative Redeemable Preferred Stock,NASDAQ,Q,N,N,3130402980,Telecommunications,Cable & Other Pay Television Services,USA
LCCCR,LCCCR,Lakeshore Acquisition III Corp. - Rights,NASDAQ,G,N,N,0,Finance,Blank Checks,USA
LCCCU,LCCCU,Lakeshore Acquisition III Corp. - Unit,NASDAQ,G,N,N,0,Finance,Blank Checks,USA
LCFYW,LCFYW,Locafy Limited - Warrant,NASDAQ,S,N,N,9984755,Technology,Computer Software: Programming Data Processing,USA
LDP,LDP,"Cohen & Steers Limited Duration Preferred and Income Fund, Inc.",NYSE, ,N,N,0,Finance,Finance Companies,USA
LEGO-U,LEGO.U,"Legato Merger Corp. IV Units, each consisting of one ordinary share and one-third of one redeemable warrant",NYSE MKT, ,N,N,,,,USA
LEGO-W,LEGO.W,"Legato Merger Corp. IV Redeemable Warrants, each whole warrant exercisable to purchase one ordinary share at an exercise price of $11.50 per share",NYSE MKT, ,N,N,,,,USA
LFACU,LFACU,Leapfrog Acquisition Corporation - Units,NASDAQ,G,N,N,0,,,USA
LFACW,LFACW,Leapfrog Acquisition Corporation - Warrants,NASDAQ,G,N,N,0,Finance,Blank Checks,USA
LFMDP,LFMDP,"LifeMD, Inc. - 8.875% Series A Cumulative Perpetual Preferred Stock",NASDAQ,G,N,N,1129187228,Health Care,Medical/Nursing Services,USA
LFT$A,LFT$A,"Lument Finance Trust, Inc. 7.875% Series A Cumulative Redeemable Preferred Stock",NYSE, ,N,N,,,,USA
LGI,LGI,Lazard Global Total Return and Income Fund Common Stock,NYSE, ,N,N,0,,,USA
LIDRW,LIDRW,"AEye, Inc. - Warrant",NASDAQ,S,N,N,879982,Consumer Discretionary,Auto Parts:O.E.M.,USA
LILAP,LILAP,Liberty Latin America Ltd. - 9.0% Fixed Rate Cumulative Perpetual Redeemable Series A Preference Shares,NASDAQ,Q,N,N,4222551981,Telecommunications,Cable & Other Pay Television Services,USA
LIMNW,LIMNW,"Liminatus Pharma, Inc. - Warrants",NASDAQ,S,N,N,2760291,Health Care,Biotechnology: Biological Products (No Diagnostic Substances),USA
LKSPR,LKSPR,Lake Superior Acquisition Corp. - Rights,NASDAQ,G,N,N,0,,,USA
LKSPU,LKSPU,Lake Superior Acquisition Corp. - Units,NASDAQ,G,N,N,0,,,USA
LNC$D,LNC$D,"Lincoln National Corporation Depositary Shares Each Representing a 1/1,000th Interest in a Share of 9.000% Non-Cumulative Preferred Stock, Series D",NYSE, ,N,N,,,,USA
LNZAW,LNZAW,"LanzaTech Global, Inc. - Warrant",NASDAQ,S,N,N,141248,Industrials,Major Chemicals,USA
LOB$A,LOB$A,"Live Oak Bancshares, Inc. Depositary Shares, Each Representing a 1/40th Interest in a Share of 8.375% Fixed Rate Series A Non-Cumulative Perpetual Preferred Stock",NYSE, ,N,N,,,,USA
LOTWW,LOTWW,Lotus Technology Inc. - Warrants,NASDAQ,S,N,N,43983156,Industrials,Auto Manufacturing,USA
LPAAU,LPAAU,Launch One Acquisition Corp. - Unit,NASDAQ,G,N,N,,,,USA
LPAAW,LPAAW,Launch One Acquisition Corp. - Warrant,NASDAQ,G,N,N,0,Finance,Blank Checks,USA
LPBBU,LPBBU,Launch Two Acquisition Corp. - Unit,NASDAQ,G,N,N,0,Finance,Blank Checks,USA
LPBBW,LPBBW,Launch Two Acquisition Corp. - Warrant,NASDAQ,G,N,N,0,Finance,Blank Checks,USA
LPCVU,LPCVU,Launchpad Cadenza Acquisition Corp I - Unit,NASDAQ,G,N,N,0,Finance,Blank Checks,USA
LPCVW,LPCVW,Launchpad Cadenza Acquisition Corp I - Warrant,NASDAQ,G,N,N,0,,,USA
LTGRU,LTGRU,Long Table Growth Corp. - Units,NASDAQ,G,N,N,0,Finance,Blank Checks,USA
LTRYW,LTRYW,Sports Entertainment Gaming Global Corporation  - Warrant,NASDAQ,G,N,N,246417,Technology,Computer Software: Prepackaged Software,USA
LUCYW,LUCYW,"Innovative Eyewear, Inc. - Warrants",NASDAQ,S,N,N,409198,Health Care,Ophthalmic Goods,USA
LVWR-W,LVWR.W,"LiveWire Group, Inc. Warrants, each exercisable for one share of Common Stock at an exercise price of $11.50 per share",NYSE, ,N,N,,,,USA
LWACU,LWACU,LightWave Acquisition Corp. - Units,NASDAQ,G,N,N,,,,USA
LWACW,LWACW,LightWave Acquisition Corp. - Warrants,NASDAQ,G,N,N,0,Finance,Blank Checks,USA
LXP$C,LXP$C,LXP Industrial Trust 6.5% Series C Cumulative Convertible Preferred Stock,NYSE, ,N,N,,,,USA
LZM-W,LZM.W,Lifezone Metals Limited Warrants,NYSE, ,N,N,,,,USA
MAA$I,MAA$I,"Mid-America Apartment Communities, Inc. 8.50% Series I Cumulative Redeemable Preferred Stock",NYSE, ,N,N,,,,USA
MACIU,MACIU,Melar Acquisition Corp. I - Unit,NASDAQ,G,N,N,,,,USA
MACIW,MACIW,Melar Acquisition Corp. I - Warrant,NASDAQ,G,N,N,0,Finance,Blank Checks,USA
MARPS,MARPS,Marine Petroleum Trust - Units of Beneficial Interest,NASDAQ,S,N,N,10160000,Energy,Oil & Gas Production,USA
MBAVU,MBAVU,M3-Brigade Acquisition V Corp. - Units,NASDAQ,G,N,N,,,,USA
MBAVW,MBAVW,M3-Brigade Acquisition V Corp. - Warrant,NASDAQ,G,N,N,,,,USA
MBINL,MBINL,"Merchants Bancorp - Depositary Shares, Each Representing a 1/40th Interest in a Share of 7.625% Fixed Rate Series E Non-Cumulative Perpetual Preferred Stock, without par value",NASDAQ,S,N,N,1139602350,Finance,Major Banks,USA
MBINM,MBINM,"Merchants Bancorp - Depositary Shares, Each Representing a 1/40th Interest in a Share of 8.25% Fixed-Rate Reset Series D Non-Cumulative Perpetual Preferred Stock",NASDAQ,S,N,N,1180539986,Finance,Major Banks,USA
MBINN,MBINN,Merchants Bancorp - Depositary Shares 6.00% Fixed Rate Series C Non-Cumulative Perpetual Preferred Stock,NASDAQ,S,N,N,928813950,Finance,Major Banks,USA
MBNKO,MBNKO,"Medallion Bank - Fixed-Rate Reset Non-Cumulative Perpetual Preferred Stock, Series G, par value $1.00 per share",NASDAQ,S,N,N,25605000,Finance,Commercial Banks,USA
MBVIU,MBVIU,M3-Brigade Acquisition VI Corp. - Units,NASDAQ,G,N,N,0,Finance,Blank Checks,USA
MBVIW,MBVIW,M3-Brigade Acquisition VI Corp. - Warrant,NASDAQ,G,N,N,0,,,USA
MCAHR,MCAHR,Mountain Crest Acquisition 6 Corp. - Rights,NASDAQ,G,N,N,,,,USA
MCAHU,MCAHU,Mountain Crest Acquisition 6 Corp. - Units,NASDAQ,G,N,N,,,,USA
MCGAU,MCGAU,Yorkville Acquisition Corp. - Unit,NASDAQ,G,N,N,0,Finance,Blank Checks,USA
MCGAW,MCGAW,Yorkville Acquisition Corp. - Warrant,NASDAQ,G,N,N,0,,,USA
MCHPP,MCHPP,Microchip Technology Incorporated - Depositary Shares Each Representing a 1/20th Interest in a Share of 7.50% Series A Mandatory Convertible Preferred Stock,NASDAQ,Q,N,N,38472143015,Technology,Semiconductors,USA
MCN,MCN,XAI Madison Equity Premium Income Fund Common Shares,NYSE, ,N,N,0,,,USA
MDAIW,MDAIW,"Spectral AI, Inc. - Warrants",NASDAQ,S,N,N,16863530,Health Care,Medical/Dental Instruments,USA
MDCXW,MDCXW,Medicus Pharma Ltd. - Warrant,NASDAQ,S,N,N,21514141,Health Care,Biotechnology: Pharmaceutical Preparations,USA
MDV$A,MDV$A,"Modiv Industrial, Inc. 7.375% Series A Cumulative Redeemable Perpetual Preferred Stock",NYSE, ,N,N,,,,USA
MEGI,MEGI,NYLI CBRE Global Infrastructure Megatrends Term Fund Common Shares,NYSE, ,N,N,0,Finance,Investment Managers,USA
MER$K,MER$K,"Bank of America Corporation Income Capital Obligation Notes initially due December 15, 2066",NYSE, ,N,N,,,,USA
MESHU,MESHU,Meshflow Acquisition Corp. - Units,NASDAQ,G,N,N,0,,,USA
MESHW,MESHW,Meshflow Acquisition Corp. - Warrants,NASDAQ,G,N,N,0,,,USA
MET$A,MET$A,"MetLife, Inc. Preferred Series A Floating Rate",NYSE, ,N,N,,,,USA
MET$F,MET$F,"MetLife, Inc. Depositary Shares, each representing a 1/1,000th interest in a share of 4.75% Non-Cumulative Preferred Stock, Series F",NYSE, ,N,N,,,,USA
METCI,METCI,"Ramaco Resources, Inc. - 8.250% Senior Notes due 2030",NASDAQ,G,N,N,0,,,USA
METCZ,METCZ,"Ramaco Resources, Inc. - 8.375% Senior Notes due 2029",NASDAQ,Q,N,N,0,Energy,Coal Mining,USA
MEVOU,MEVOU,M Evo Global Acquisition Corp II - Units,NASDAQ,G,N,N,0,Finance,Blank Checks,USA
MEVOW,MEVOW,M Evo Global Acquisition Corp II - Warrants,NASDAQ,G,N,N,,,,USA
MFA$B,MFA$B,"MFA Financial, Inc. Preferred Series B",NYSE, ,N,N,,,,USA
MFA$C,MFA$C,"MFA Financial, Inc. 6.50% Series C Fixed-to-Floating Rate Cumulative Redeemable Preferred Stock",NYSE, ,N,N,,,,USA
MFAN,MFAN,"MFA Financial, Inc. 8.875% Senior Notes due 2029",NYSE, ,N,N,2605731657,Real Estate,Real Estate Investment Trusts,USA
MFAO,MFAO,"MFA Financial, Inc. 9.000% Senior Notes due 2029",NYSE, ,N,N,2609838405,Real Estate,Real Estate Investment Trusts,USA
MFIC,MFIC,MidCap Financial Investment Corporation - Closed End Fund,NASDAQ,Q,N,N,791600955,Finance,Finance/Investors Services,USA
MFICL,MFICL,MidCap Financial Investment Corporation - 8.00% Notes due 2028,NASDAQ,Q,N,N,2365246818,Finance,Finance/Investors Services,USA
MFM,MFM,Aberdeen Municipal Income Fund Common Shares of Beneficial Interest,NYSE, ,N,N,227767599,Finance,Finance Companies,USA
MGF,MGF,Aberdeen Government Markets Income Fund Common Shares of Beneficial Interest,NYSE, ,N,N,93228544,Finance,Trusts Except Educational Religious and Charitable,USA
MGR,MGR,"Affiliated Managers Group, Inc. 5.875% Junior Subordinated Notes due 2059",NYSE, ,N,N,577333120,Finance,Investment Managers,USA
MGRB,MGRB,"Affiliated Managers Group, Inc. 4.750% Junior Subordinated Notes due 2060",NYSE, ,N,N,479595623,Finance,Investment Managers,USA
MGRD,MGRD,"Affiliated Managers Group, Inc. 4.200% Junior Subordinated Notes due 2061",NYSE, ,N,N,429022151,Finance,Investment Managers,USA
MGRE,MGRE,"Affiliated Managers Group, Inc. 6.750% Junior Subordinated Notes due 2064",NYSE, ,N,N,649499760,Finance,Investment Managers,USA
MHD,MHD,"Blackrock MuniHoldings Fund, Inc. Common Stock",NYSE, ,N,N,1737545661,Finance,Investment Bankers/Brokers/Service,USA
MHF,MHF,"Western Asset Municipal High Income Fund, Inc. Common Stock",NYSE, ,N,N,0,Finance,Finance/Investors Services,USA
MHLA,MHLA,"Maiden Holdings, Ltd. 6.625% Notes due 2046",NYSE, ,N,N,81290402,Finance,Property-Casualty Insurers,USA
MHNC,MHNC,"Maiden Holdings North America, Ltd. 7.75% Notes due 2043",NYSE, ,N,N,90929121,Finance,Property-Casualty Insurers,USA
MIACU,MIACU,Meridian3 Industrials Acquisition Corp - Units,NASDAQ,G,N,N,0,,,USA
MIN,MIN,Aberdeen Intermediate Income Fund Common Shares of Beneficial Interest,NYSE, ,N,N,282648517,Finance,Trusts Except Educational Religious and Charitable,USA
MITN,MITN,"TPG Mortgage Investment Trust, Inc. 9.500% Senior Notes due 2029",NYSE, ,N,N,755318270,Real Estate,Real Estate Investment Trusts,USA
MITP,MITP,"TPG Mortgage Investment Trust, Inc. 9.500% Senior Notes due 2029",NYSE, ,N,N,754135601,Real Estate,Real Estate Investment Trusts,USA
MITT$A,MITT$A,"TPG Mortgage Investment Trust, Inc. 8.25% Series A Cumulative Redeemable Preferred Stock",NYSE, ,N,N,,,,USA
MITT$B,MITT$B,"TPG Mortgage Investment Trust, Inc. 8.00% Series B Cumulative Redeemable Preferred Stock",NYSE, ,N,N,,,,USA
MITT$C,MITT$C,"TPG Mortgage Investment Trust, Inc. 8.00% Series C Fixed-to-Floating Rate Cumulative Redeemable Preferred Stock, $0.01 par value per share",NYSE, ,N,N,,,,USA
MIY,MIY,"Blackrock MuniYield Michigan Quality Fund, Inc. Common Stock",NYSE, ,N,N,1822340270,Finance,Investment Bankers/Brokers/Service,USA
MKDWW,MKDWW,MKDWELL Tech Inc. - Warrants,NASDAQ,S,N,N,41984,Technology,Consumer Electronics/Appliances,USA
MKLYR,MKLYR,McKinley Acquisition Corporation - Rights,NASDAQ,G,N,N,0,,,USA
MKLYU,MKLYU,McKinley Acquisition Corporation - Units,NASDAQ,G,N,N,,,,USA
MLAAU,MLAAU,Mountain Lake Acquisition Corp. II - Units,NASDAQ,G,N,N,0,Finance,Blank Checks,USA
MLAAW,MLAAW,Mountain Lake Acquisition Corp. II - Warrants,NASDAQ,G,N,N,0,Finance,Blank Checks,USA
MLCIL,MLCIL,Mount Logan Capital Inc. - 8.00% Notes Due 2031,NASDAQ,G,N,N,0,Finance,Investment Managers,USA
MLECW,MLECW,Moolec Science SA - Warrant,NASDAQ,S,N,N,16120,Finance,Blank Checks,USA
MLPB,MLPB,"ETRACS Alerian MLP Infrastructure Index ETN Series B due April 2, 2040",NYSE ARCA, ,N,N,,,,USA
MMD,MMD,NYLI MacKay DefinedTerm Muni Opportunities Fund Common Shares,NYSE, ,N,N,0,Finance,Investment Managers,USA
MMLP,MMLP,Martin Midstream Partners L.P. - Common Units Representing Limited Partnership Interests,NASDAQ,Q,N,N,91551765,Energy,Oil Refining/Marketing,USA
MMT,MMT,Aberdeen Multi-Market Income Fund Common Shares of Beneficial Interest,NYSE, ,N,N,263798991,Finance,Trusts Except Educational Religious and Charitable,USA
MMTXU,MMTXU,Miluna Acquisition Corp - Units,NASDAQ,G,N,N,,,,USA
MMTXW,MMTXW,Miluna Acquisition Corp - Warrant,NASDAQ,G,N,N,,,,USA
MMU,MMU,"Western Asset Managed Municipals Fund, Inc. Common Stock",NYSE, ,N,N,0,Finance,Investment Managers,USA
MNR,MNR,Mach Natural Resources LP Common Units representing Limited Partner Interests,NYSE, ,N,N,2191774824,Energy,Oil & Gas Production,USA
MNTSW,MNTSW,Momentus Inc. - Warrant,NASDAQ,S,N,N,188358,Industrials,Military/Government/Technical,USA
MNYWW,MNYWW,MoneyHero Limited - Warrants,NASDAQ,G,N,N,,,,USA
MOBBW,MOBBW,Mobilicom Limited - Warrants,NASDAQ,S,N,N,26909080,Industrials,Aerospace,USA
MOBXW,MOBXW,"Mobix Labs, Inc. - Warrants",NASDAQ,S,N,N,1264530,Technology,Semiconductors,USA
MPA,MPA,Blackrock MuniYield Pennsylvania Quality Fund Common Stock,NYSE, ,N,N,0,Finance,Finance Companies,USA
MPLX,MPLX,MPLX LP Common Units Representing Limited Partner Interests,NYSE, ,N,N,57322307786,Energy,Natural Gas Distribution,USA
MQY,MQY,"Blackrock MuniYield Quality Fund, Inc. Common Stock",NYSE, ,N,N,1701842668,Finance,Investment Bankers/Brokers/Service,USA
MRCOU,MRCOU,Mercator Acquisition Corp. - Units,NASDAQ,G,N,N,0,Finance,Blank Checks,USA
MRNOW,MRNOW,Murano Global Investments PLC - Warrants,NASDAQ,S,N,N,1473917,Consumer Discretionary,Hotels/Resorts,USA
MS$E,MS$E,Morgan Stanley DEPOSITARY SHARES REP 1/1000TH SHARES FIXED/FLTG PREFERRED STOCK SERIES E,NYSE, ,N,N,,,,USA
MS$I,MS$I,Morgan Stanley Depository Shares Representing 1/1000th Preferred Series 1 Fixed to Floating Non (Cum),NYSE, ,N,N,,,,USA
MS$K,MS$K,"Morgan Stanley Depositary Shares, each representing 1/1,000th of a share of Fixed-to-Floating Rate Non-Cumulative Preferred Stock,  Series K",NYSE, ,N,N,,,,USA
MS$L,MS$L,"Morgan Stanley Depositary Shares, each representing 1/1,000th of a share of 4.875% Non-Cumulative Preferred Stock, Series L",NYSE, ,N,N,,,,USA
MS$O,MS$O,"Morgan Stanley Depositary Shares, each representing 1/1,000th of a share of 4.250% Non-Cumulative Preferred Stock, Series O",NYSE, ,N,N,,,,USA
MS$P,MS$P,"Morgan Stanley Depositary Shares, each representing 1/1,000th of a share of 6.500% Non-Cumulative Preferred Stock, Series P",NYSE, ,N,N,,,,USA
MS$Q,MS$Q,"Morgan Stanley Depositary Shares, each representing 1/1,000th of a share of 6.625% Non-Cumulative Preferred Stock, Series Q",NYSE, ,N,N,,,,USA
MSAIW,MSAIW,"MultiSensor AI Holdings, Inc. - Warrants",NASDAQ,S,N,N,,,,USA
MSBIP,MSBIP,"Midland States Bancorp, Inc. - Depositary Shares Each Representing a 1/40th Interest in a Share of 7.750% Fixed-Rate Reset Non-Cumulative Perpetual Preferred Stock, Series A",NASDAQ,Q,N,N,521769041,Finance,Major Banks,USA
MSD,MSD,"Morgan Stanley Emerging Markets Debt Fund, Inc. Common Stock",NYSE, ,N,N,0,Finance,Trusts Except Educational Religious and Charitable,USA
MSDL,MSDL,Morgan Stanley Direct Lending Fund Common Stock,NYSE, ,N,N,0,,,USA
MSIF,MSIF,"MSC Income Fund, Inc. Common Stock",NYSE, ,N,N,504238946,Finance,Finance/Investors Services,USA
MTAL-U,MTAL.U,"Metals Acquisition Corp. II Units, each consisting of one Class A ordinary share and one-third of one redeemable warrant",NYSE, ,N,N,,,,USA
MTAL-W,MTAL.W,"Metals Acquisition Corp. II Warrants, each whole warrant exercisable for one Class A ordinary share at an exercise price of $11.50 per share",NYSE, ,N,N,,,,USA
MTB$H,MTB$H,"M&T Bank Corporation Perpetual Fixed-to-Floating Rate Non-Cumulative Preferred Stock, Series H",NYSE, ,N,N,,,,USA
MTB$J,MTB$J,"M&T Bank Corporation Depositary Shares each representing a 1/400th ownership interest in a share of Perpetual 7.500% Non-Cumulative Preferred Stock, Series J",NYSE, ,N,N,,,,USA
MTB$K,MTB$K,"M&T Bank Corporation Depositary Shares each representing a 1/400th interest in a share of Perpetual 6.350% Non-Cumulative Preferred Stock, Series K",NYSE, ,N,N,,,,USA
MTEKW,MTEKW,Maris-Tech Ltd. - Warrants,NASDAQ,S,N,N,1339380,Telecommunications,Telecommunications Equipment,USA
MTEST,MTEST,"NYSE Texas, Inc. TEST Common Stock",M, ,N,Y,,,,USA
MTNE-U,MTNE.U,"CH4 Natural Solutions Corporation Units, each consisting of one Class A ordinary share and one-half of one Warrant",NYSE, ,N,N,,,,USA
MTNE-W,MTNE.W,"CH4 Natural Solutions Corporation Warrants, each whole warrant exercisable for one Class A Ordinary Share at an exercise price of $11.50 per share",NYSE, ,N,N,,,,USA
MUA,MUA,"Blackrock MuniAssets Fund, Inc Common Stock",NYSE, ,N,N,1587295566,Finance,Investment Bankers/Brokers/Service,USA
MUC,MUC,"Blackrock MuniHoldings California Quality Fund, Inc.  Common Stock",NYSE, ,N,N,1614072810,Finance,Investment Bankers/Brokers/Service,USA
MUJ,MUJ,"Blackrock MuniHoldings New Jersey Quality Fund, Inc. Common Stock",NYSE, ,N,N,1808951647,Finance,Investment Bankers/Brokers/Service,USA
MUZEU,MUZEU,Muzero Acquisition Corp - Unit,NASDAQ,G,N,N,,,,USA
MUZEW,MUZEW,Muzero Acquisition Corp - Warrant,NASDAQ,G,N,N,0,Finance,Blank Checks,USA
MVO,MVO,MV Oil Trust Units of Beneficial Interests,NYSE, ,N,N,7036850,Energy,Oil & Gas Production,USA
MVSTW,MVSTW,"Microvast Holdings, Inc. - Warrant",NASDAQ,S,N,N,233210,Miscellaneous,Industrial Machinery/Components,USA
MXE,MXE,"Mexico Equity and Income Fund, Inc. (The) Common Stock",NYSE, ,N,N,0,Finance,Finance Companies,USA
MXF,MXF,"Mexico Fund, Inc. (The) Common Stock",NYSE, ,N,N,0,Finance,Trusts Except Educational Religious and Charitable,USA
MYI,MYI,"Blackrock MuniYield Quality Fund III, Inc Common Stock",NYSE, ,N,N,1615560435,Finance,Investment Bankers/Brokers/Service,USA
MYN,MYN,"Blackrock MuniYield New York Quality Fund, Inc.Common Stock",NYSE, ,N,N,0,Finance,Finance Companies,USA
MYSEW,MYSEW,"Myseum.AI, Inc. - Series A Warrant",NASDAQ,S,N,N,237477,Telecommunications,Telecommunications Equipment,USA
MYXXR,MYXXR,Maywood Acquisition Corp. 2 - Rights,NASDAQ,G,N,N,0,Finance,Blank Checks,USA
MYXXU,MYXXU,Maywood Acquisition Corp. 2 - Units,NASDAQ,G,N,N,0,Finance,Blank Checks,USA
MYXXW,MYXXW,Maywood Acquisition Corp. 2 - Warrants,NASDAQ,G,N,N,0,Finance,Blank Checks,USA
MZYX-U,MZYX.U,"MOZAYYX Acquisition Corp. Units, each consisting of one Class A ordinary share and one-quarter of one redeemable warrant",NYSE, ,N,N,,,,USA
MZYX-W,MZYX.W,"MOZAYYX Acquisition Corp. Redeemable warrants, each whole warrant exercisable for one Class A ordinary share at an exercise price of $11.50",NYSE, ,N,N,,,,USA
NAC,NAC,Nuveen California Quality Municipal Income Fund,NYSE, ,N,N,0,Finance,Investment Managers,USA
NAD,NAD,Nuveen Quality Municipal Income Fund Common Stock,NYSE, ,N,N,0,Finance,Investment Managers,USA
NAMMW,NAMMW,Namib Minerals - Warrants,NASDAQ,S,N,N,12531011,Basic Materials,Precious Metals,USA
NAMSW,NAMSW,NewAmsterdam Pharma Company N.V. - Warrant,NASDAQ,G,N,N,2188442487,Health Care,Biotechnology: Pharmaceutical Preparations,USA
NAN,NAN,Nuveen New York Quality Municipal Income Fund Common Stock,NYSE, ,N,N,3476631700,Finance,Investment Managers,USA
NAZ,NAZ,Nuveen Arizona Quality Municipal Income Fund Common Stock,NYSE, ,N,N,0,Finance,Finance/Investors Services,USA
NBB,NBB,Nuveen Taxable Municipal Income Fund Common Shares of Beneficial Interest,NYSE, ,N,N,0,Finance,Finance Companies,USA
NBH,NBH,Neuberger Municipal Fund Inc. Common Stock,NYSE MKT, ,N,N,0,Finance,Finance/Investors Services,USA
NBRGR,NBRGR,Newbridge Acquisition Limited - Rights,NASDAQ,S,N,N,0,,,USA
NBRGU,NBRGU,Newbridge Acquisition Limited - Unit,NASDAQ,S,N,N,,,,USA
NBXG,NBXG,Neuberger Next Generation Connectivity Fund Inc. Common Stock,NYSE, ,N,N,0,Finance,Trusts Except Educational Religious and Charitable,USA
NCA,NCA,Nuveen California Municipal Value Fund,NYSE, ,N,N,0,Finance,Investment Managers,USA
NCOOU,NCOOU,Southern Cross Acquisition I Corp. - Units,NASDAQ,G,N,N,0,,,USA
NCPLW,NCPLW,Netcapital Inc. - warrants,NASDAQ,S,N,N,157743,Finance,Finance: Consumer Services,USA
NCV,NCV,Virtus Convertible & Income Fund Common Shares of Beneficial Interest,NYSE, ,N,N,1535446937,Finance,Finance Companies,USA
NCV$A,NCV$A,Virtus Convertible & Income Fund 5.625% Series A Cumulative Preferred Shares,NYSE, ,N,N,,,,USA
NCZ,NCZ,Virtus Convertible & Income Fund II Common Shares of Beneficial Interest,NYSE, ,N,N,1180555267,Finance,Finance Companies,USA
NCZ$A,NCZ$A,Virtus Convertible & Income Fund II 5.50% Series A Cumulative Preferred Shares,NYSE, ,N,N,,,,USA
NDMO,NDMO,Nuveen Dynamic Municipal Opportunities Fund Common Shares of Beneficial Interest,NYSE, ,N,N,607140039,Finance,Trusts Except Educational Religious and Charitable,USA
NE-A,NE.A,Noble Corporation plc Tranche 2 Warrants,NYSE, ,N,N,,,,USA
NE-W,NE.W,Noble Corporation plc Tranche 1 Warrants,NYSE, ,N,N,,,,USA
NEA,NEA,Nuveen AMT-Free Quality Municipal Income Fund Common Shares of Beneficial Interest Par Value $.01,NYSE, ,N,N,0,Finance,Finance/Investors Services,USA
NEE$N,NEE$N,"NextEra Energy Capital Holdings Inc. Series N Junior Subordinated Debentures due March 1, 2079",NYSE, ,N,N,,,,USA
NEE$S,NEE$S,"NextEra Energy, Inc. 7.299% Corporate Units",NYSE, ,N,N,,,,USA
NEE$T,NEE$T,"NextEra Energy, Inc. 7.234% Corporate Units",NYSE, ,N,N,,,,USA
NEE$U,NEE$U,"NextEra Energy, Inc. Series U Junior Subordinated Debentures due June 1, 2085",NYSE, ,N,N,,,,USA
NEE$V,NEE$V,"NextEra Energy, Inc. 7.375% Corporate Units",NYSE, ,N,N,,,,USA
NEE$W,NEE$W,"NextEra Energy Capital Holdings Inc. Series Z Junior Subordinated Debentures due April 15, 2086",NYSE, ,N,N,,,,USA
NEN,NEN,New England Realty Associates Limited Partnership Class A Depositary Receipts Evidencing Units of Limited Partnership,NYSE MKT, ,N,N,158259463,Real Estate,Building operators,USA
NEOVW,NEOVW,NeoVolta Inc. - Warrant,NASDAQ,S,N,N,51253561,Miscellaneous,Industrial Machinery/Components,USA
NEWTG,NEWTG,"NewtekOne, Inc. - 8.50% Fixed Rate Senior Notes due 2029",NASDAQ,G,N,N,677524470,Finance,Major Banks,USA
NEWTH,NEWTH,"NewtekOne, Inc. - 8.625% Fixed Rate Senior Notes due 2029",NASDAQ,G,N,N,0,Finance,Major Banks,USA
NEWTI,NEWTI,"NewtekOne, Inc. - 8.00% Fixed Rate Senior Notes due 2028",NASDAQ,G,N,N,668838259,Finance,Major Banks,USA
NEWTO,NEWTO,"NewtekOne, Inc. - 8.50% Fixed Rate Senior Notes due 2031",NASDAQ,G,N,N,,,,USA
NEWTP,NEWTP,"NewtekOne, Inc. - Depositary Shares, Each Representing a 1/40th Interest in a Share of 8.500% Fixed Rate Reset Non-Cumulative Perpetual Preferred Stock, Series B",NASDAQ,G,N,N,716434070,Finance,Major Banks,USA
NEXRW,NEXRW,Nexera Technologies Ltd - Warrant,NASDAQ,S,N,N,116510,Consumer Discretionary,Other Specialty Stores,USA
NFJ,NFJ,"Virtus Dividend, Interest & Premium Strategy Fund Common Shares of Beneficial Interest",NYSE, ,N,N,0,Finance,Finance: Consumer Services,USA
NGL,NGL,NGL ENERGY PARTNERS LP Common Units representing Limited Partner Interests,NYSE, ,N,N,1963328766,Utilities,Natural Gas Distribution,USA
NGL$B,NGL$B,NGL ENERGY PARTNERS LP 9.00% Class B Fixed-to-Floating Rate Cumulative Redeemable Perpetual Preferred Units representing limited partnership interests,NYSE, ,N,N,,,,USA
NGL$C,NGL$C,NGL ENERGY PARTNERS LP 9.625% Class C Fixed-to-Floating Rate Cumulative  Redeemable Perpetual Preferred Units representing  limited partner interests,NYSE, ,N,N,,,,USA
NHICU,NHICU,NewHold Investment Corp III - Units,NASDAQ,G,N,N,0,Finance,Blank Checks,USA
NHICW,NHICW,NewHold Investment Corp III - Warrants,NASDAQ,G,N,N,0,,,USA
NHIVU,NHIVU,NewHold Investment Corp IV - Units,NASDAQ,G,N,N,0,Finance,Blank Checks,USA
NHIVW,NHIVW,NewHold Investment Corp IV - Warrants,NASDAQ,G,N,N,,,,USA
NHPAP,NHPAP,"National Healthcare Properties, Inc. - 7.375% Series A Cumulative Redeemable Perpetual Preferred Stock",NASDAQ,G,N,N,1680457392,Real Estate,Real Estate Investment Trusts,USA
NHPBP,NHPBP,"National Healthcare Properties, Inc. - 7.125% Series B Cumulative Redeemable Perpetual Preferred Stock",NASDAQ,G,N,N,1660408551,Real Estate,Real Estate Investment Trusts,USA
NHS,NHS,Neuberger High Yield Strategies Fund Inc. Common Stock,NYSE MKT, ,N,N,0,Finance,Trusts Except Educational Religious and Charitable,USA
NIE,NIE,Virtus Equity & Convertible Income Fund Common Shares of Beneficial Interest,NYSE, ,N,N,734287573,Finance,Investment Managers,USA
NIM,NIM,Nuveen Select Maturities Municipal Fund Common Stock,NYSE, ,N,N,0,Finance,Trusts Except Educational Religious and Charitable,USA
NIOBW,NIOBW,NioCorp Developments Ltd. - Warrant,NASDAQ,S,N,N,192174903,Basic Materials,Metal Mining,USA
NIVFW,NIVFW,NewGenIvf Group Limited - Warrants,NASDAQ,S,N,N,,,,USA
NKX,NKX,Nuveen California AMT-Free Quality Municipal Income Fund,NYSE, ,N,N,0,Finance,Finance/Investors Services,USA
NLY$G,NLY$G,Annaly Capital Management Inc 6.50% Series G Fixed-to-Floating Rate Cumulative Redeemable Preferred Stock,NYSE, ,N,N,,,,USA
NLY$I,NLY$I,Annaly Capital Management Inc 6.750% Series I Fixed-to-Floating Rate Cumulative Redeemable Preferred Stock,NYSE, ,N,N,,,,USA
NLY$J,NLY$J,Annaly Capital Management Inc. 8.875% Series J Fixed-Rate Cumulative Redeemable Preferred Stock,NYSE, ,N,N,,,,USA
NMAI,NMAI,Nuveen Multi-Asset Income Fund Common Shares of Beneficial Interest,NYSE, ,N,N,0,Finance,Investment Managers,USA
NMCO,NMCO,Nuveen Municipal Credit Opportunities Fund Common Shares,NYSE, ,N,N,586054772,Finance,Finance/Investors Services,USA
NMFCZ,NMFCZ,New Mountain Finance Corporation - 8.250% Notes due 2028,NASDAQ,G,N,N,2713799920,,,USA
NMI,NMI,"Nuveen Municipal Income Fund, Inc. Common Stock",NYSE, ,N,N,0,Finance,Trusts Except Educational Religious and Charitable,USA
NML,NML,Neuberger Energy Infrastructure and Income Fund Inc. Common Stock,NYSE MKT, ,N,N,0,Finance,Finance/Investors Services,USA
NMM,NMM,Navios Maritime Partners LP Common Units Representing Limited Partner Interests,NYSE, ,N,N,2167205210,Consumer Discretionary,Marine Transportation,USA
NMPAR,NMPAR,NMP Acquisition Corp. - Right,NASDAQ,G,N,N,0,Finance,Blank Checks,USA
NMPAU,NMPAU,NMP Acquisition Corp. - Units,NASDAQ,G,N,N,0,Finance,Blank Checks,USA
NMS,NMS,Nuveen Minnesota Quality Municipal Income Fund ,NYSE, ,N,N,0,Finance,Finance Companies,USA
NMT,NMT,Nuveen Massachusetts Quality Municipal Income Fund Common Stock,NYSE, ,N,N,0,Finance,Finance/Investors Services,USA
NMZ,NMZ,"Nuveen Municipal High Income Opportunity Fund Common Stock, $0.01 par value, per share",NYSE, ,N,N,0,Finance,Finance/Investors Services,USA
NNY,NNY,Nuveen New York Municipal Value Fund Common Stock,NYSE, ,N,N,0,Finance,Investment Managers,USA
NOEMR,NOEMR,CO2 Energy Transition Corp. - Right,NASDAQ,G,N,N,0,,,USA
NOEMU,NOEMU,CO2 Energy Transition Corp. - Unit,NASDAQ,G,N,N,0,,,USA
NOEMW,NOEMW,CO2 Energy Transition Corp. - Warrant,NASDAQ,G,N,N,0,,,USA
NOVTU,NOVTU,Novanta Inc. - Tangible Equity Units,NASDAQ,Q,N,N,2358627315,Miscellaneous,Industrial Machinery/Components,USA
NPACU,NPACU,New Providence Acquisition Corp. III - Units,NASDAQ,G,N,N,0,Finance,Blank Checks,USA
NPACW,NPACW,New Providence Acquisition Corp. III - Warrants,NASDAQ,G,N,N,,,,USA
NPCT,NPCT,Nuveen Core Plus Impact Fund Common Shares of Beneficial Interest,NYSE, ,N,N,0,Finance,Investment Managers,USA
NPFD,NPFD,Nuveen Variable Rate Preferred & Income Fund Common Shares,NYSE, ,N,N,0,Finance,Trusts Except Educational Religious and Charitable,USA
NPV,NPV,Nuveen Virginia Quality Municipal Income Fund Common Stock,NYSE, ,N,N,0,Finance,Investment Managers,USA
NPWR-W,NPWR.W,"NET Power Inc. Redeemable warrants, each whole warrant exercisable for one share of Class A Common Stock at an exercise price of $11.50",NYSE, ,N,N,,,,USA
NREF$A,NREF$A,"NexPoint Real Estate Finance, Inc. 8.50% Series A Cumulative Redeemable Preferred Stock",NYSE, ,N,N,,,,USA
NRK,NRK,Nuveen New York AMT-Free Quality Municipal Income Fund ,NYSE, ,N,N,0,Finance,Trusts Except Educational Religious and Charitable,USA
NRO,NRO,Neuberger Real Estate Securities Income Fund Inc. Common Stock,NYSE MKT, ,N,N,0,Finance,Finance/Investors Services,USA
NRSNW,NRSNW,NeuroSense Therapeutics Ltd. - Warrant,NASDAQ,S,N,N,2866870,Health Care,Biotechnology: Pharmaceutical Preparations,USA
NRUC,NRUC,National Rural Utilities Cooperative Finance Corporation 5.500% Subordinated Notes due 2064 (Subordinated Deferrable Interest Notes),NYSE, ,N,N,0,Finance,Diversified Financial Services,USA
NSLR,NSLR,Neostellar Capital Corp. - Closed End Fund,NASDAQ,Q,N,N,295176425,Finance,Finance: Consumer Services,USA
NSLRL,NSLRL,Neostellar Capital Corp. - 6.00% Notes due 2026,NASDAQ,G,N,N,0,,,USA
NTEST,NTEST,NYSE Tick Pilot Test Sym-Control,NYSE, ,N,Y,,,,USA
NTEST-A,NTEST.A,NYSE Tick Pilot Test Sym-G1,NYSE, ,N,Y,,,,USA
NTEST-B,NTEST.B,NYSE Tick Pilot Test Sym-G2,NYSE, ,N,Y,,,,USA
NTEST-C,NTEST.C,Tick Pilot Test C Common Stock,NYSE, ,N,Y,,,,USA
NTRBW,NTRBW,Nutriband Inc. - Warrant,NASDAQ,S,N,N,6077992,Health Care,Industrial Specialties,USA
NTRSO,NTRSO,"Northern Trust Corporation - Depositary Shares Each Representing a 1/1,000th Interest in a Share of Series E Non-Cumulative Perpetual Preferred Stock",NASDAQ,Q,N,N,3436327581,Finance,Major Banks,USA
NTWOU,NTWOU,Newbury Street II Acquisition Corp - Unit,NASDAQ,G,N,N,,,,USA
NTWOW,NTWOW,Newbury Street II Acquisition Corp - Warrant,NASDAQ,G,N,N,0,,,USA
NUAIW,NUAIW,"New Era Energy & Digital, Inc. - Warrants",NASDAQ,S,N,N,268420959,Energy,Oil & Gas Production,USA
NUCLW,NUCLW,Eagle Nuclear Energy Corp. - Warrants,NASDAQ,S,N,N,26177692,Basic Materials,Other Metals and Minerals,USA
NUV,NUV,"Nuveen Municipal Value Fund, Inc. Common Stock",NYSE, ,N,N,0,Finance,Trusts Except Educational Religious and Charitable,USA
NUW,NUW,Nuveen AMT-Free Municipal Value Fund,NYSE, ,N,N,0,Finance,Investment Managers,USA
NVA-W,NVA.W,Nova Minerals Corp Warrants to Purchase Common Stock,NYSE MKT, ,N,N,,,,USA
NVG,NVG,Nuveen AMT-Free Municipal Credit Income Fund ,NYSE, ,N,N,0,Finance,Investment Managers,USA
NVNIW,NVNIW,Nvni Group Limited - Warrants,NASDAQ,S,N,N,235012,Technology,Computer Software: Prepackaged Software,USA
NWAX-U,NWAX.U,"New America Acquisition I Corp. Units, each consisting of one share of Class A Common Stock and one-half of one redeemable warrant",NYSE, ,N,N,,,,USA
NWAX-W,NWAX.W,"New America Acquisition I Corp. Warrants, each whole warrant is exercisable to purchase one share of Class A common stock",NYSE, ,N,N,,,,USA
NXDT$A,NXDT$A,NexPoint Diversified Real Estate Trust 5.50% Series A Cumulative Preferred Shares ($25.00 liquidation preference per share),NYSE, ,N,N,,,,USA
NXG,NXG,NXG NextGen Infrastructure Income Fund Common Shares of Beneficial Interest,NYSE, ,N,N,154749949,,,USA
NXGLW,NXGLW,"NexGel, Inc - Warrant",NASDAQ,S,N,N,284137,Health Care,Medical/Dental Instruments,USA
NZF,NZF,Nuveen Municipal Credit Income Fund ,NYSE, ,N,N,0,Finance,Finance Companies,USA
OABIW,OABIW,"OmniAb, Inc. - Warrant",NASDAQ,S,N,N,11496326,Health Care,Biotechnology: Commercial Physical & Biological Resarch,USA
OACCU,OACCU,Oaktree Acquisition Corp. III Life Sciences - Unit,NASDAQ,G,N,N,,,,USA
OACCW,OACCW,Oaktree Acquisition Corp. III Life Sciences - Warrant,NASDAQ,G,N,N,0,Finance,Blank Checks,USA
OAK$A,OAK$A,"Brookfield Oaktree Holdings, LLC 6.625% Series A Preferred Units",NYSE, ,N,N,,,,USA
OAK$B,OAK$B,"Brookfield Oaktree Holdings, LLC 6.550% Series B Preferred Units",NYSE, ,N,N,,,,USA
OBAI,OBAI,"Our Bond, Inc. - Common Stock",NASDAQ,G,N,N,15948923,Consumer Discretionary,Telecommunications Equipment,USA
OBAWU,OBAWU,Oxley Bridge Acquisition Limited - Unit,NASDAQ,G,N,N,0,,,USA
OBAWW,OBAWW,Oxley Bridge Acquisition Limited - Warrants,NASDAQ,G,N,N,,,,USA
OCAC-U,OCAC.U,"Ocean Capital Acquisition Corporation Units, each consisting of one Class A Ordinary Share, one redeemable Warrant and one Right",NYSE, ,N,N,,,,USA
OCCI,OCCI,"OFS Credit Company, Inc. - Closed End Fund",NASDAQ,S,N,N,27879624,Finance,Trusts Except Educational Religious and Charitable,USA
OCCIM,OCCIM,"OFS Credit Company, Inc. - 7.875% Series F Term Preferred Stock",NASDAQ,S,N,N,0,,,USA
OCCIN,OCCIN,"OFS Credit Company, Inc. - 5.25% Series E Term Preferred Stock Due 2026",NASDAQ,S,N,N,287857118,Finance,Trusts Except Educational Religious and Charitable,USA
OCSAW,OCSAW,Oculis Holding AG - Warrants,NASDAQ,G,N,N,235996663,Health Care,Biotechnology: Pharmaceutical Preparations,USA
OCSL,OCSL,Oaktree Specialty Lending Corporation - Closed End Fund,NASDAQ,Q,N,N,1055264566,Finance,Finance: Consumer Services,USA
OFS,OFS,OFS Capital Corporation - Closed End Fund,NASDAQ,Q,N,N,46491331,Finance,Finance/Investors Services,USA
OFSSH,OFSSH,OFS Capital Corporation - 4.95% Notes due 2028,NASDAQ,Q,N,N,316864545,Finance,Finance Companies,USA
OFSSO,OFSSO,OFS Capital Corporation - 7.50% Notes due 2028,NASDAQ,G,N,N,0,,,USA
OGCP,OGCP,"Empire State Realty OP, L.P. Series 60 Operating Partnership Units Representing Limited Partnership Interests",NYSE ARCA, ,N,N,,,,USA
OGGWZ,OGGWZ,Osisko Gold Group Inc. - Warrant,NASDAQ,S,N,N,36669957,Basic Materials,Precious Metals,USA
OHACR,OHACR,Oceanhawk Acquisition Corp. - Rights,NASDAQ,S,N,N,0,,,USA
OHACU,OHACU,Oceanhawk Acquisition Corp. - Units,NASDAQ,S,N,N,,,,USA
OIMAU,OIMAU,OneIM Acquisition Corp. - Units,NASDAQ,G,N,N,0,Finance,Blank Checks,USA
OIMAW,OIMAW,OneIM Acquisition Corp. - Warrant,NASDAQ,G,N,N,0,,,USA
OIOWW,OIOWW,OIO Group - Warrants,NASDAQ,S,N,N,,,,USA
ONBPO,ONBPO,"Old National Bancorp - Depositary Shares, Each Representing a 1/40th Interest in a Share of Series C Preferred Stock",NASDAQ,Q,N,N,9678643650,Finance,Major Banks,USA
ONBPP,ONBPP,"Old National Bancorp - Depositary Shares, Each Representing a 1/40th Interest in a Share of Series A Preferred Stock",NASDAQ,Q,N,N,9678643650,Finance,Major Banks,USA
ONCHU,ONCHU,1RT Acquisition Corp. - Units,NASDAQ,G,N,N,0,,,USA
ONCHW,ONCHW,1RT Acquisition Corp. - Warrant,NASDAQ,G,N,N,,,,USA
ONFOW,ONFOW,Onfolio Holdings Inc. - Warrant,NASDAQ,S,N,N,83076,Technology,EDP Services,USA
ONMDW,ONMDW,OneMedNet Corp - Warrant,NASDAQ,S,N,N,2124334,Health Care,Biotechnology: Commercial Physical & Biological Resarch,USA
OPENL,OPENL,"Opendoor Technologies Inc  - Series A Warrants, each whole warrant exercisable to purchase one share of Common Stock at an exercise price of $13.00 per warrant",NASDAQ,Q,N,N,217065742,Finance,Real Estate,USA
OPENW,OPENW,"Opendoor Technologies Inc  - Series K Warrants, each whole warrant exercisable to purchase one share of Common Stock at an exercise price of $9.00 per warrant",NASDAQ,Q,N,N,376247286,Finance,Real Estate,USA
OPENZ,OPENZ,"Opendoor Technologies Inc  - Series Z Warrants, each whole warrant exercisable to purchase one share of Common Stock at an exercise price of $17.00 per warrant",NASDAQ,Q,N,N,193140274,Finance,Real Estate,USA
OPP,OPP,"RiverNorth/DoubleLine Strategic Opportunity Fund, Inc. Common Stock",NYSE, ,N,N,0,Finance,Finance/Investors Services,USA
OPP$A,OPP$A,"RiverNorth/DoubleLine Strategic Opportunity Fund, Inc. 4.375% Series A Cumulative Preferred Stock",NYSE, ,N,N,,,,USA
OPP$B,OPP$B,"RiverNorth/DoubleLine Strategic Opportunity Fund, Inc. 4.75% Series B Cumulative Preferred Stock",NYSE, ,N,N,,,,USA
OPP$C,OPP$C,"RiverNorth/DoubleLine Strategic Opportunity Fund, Inc. 6.00% Series C Term Preferred Stock (Liquidation Preference $10.00 per share)",NYSE MKT, ,N,N,,,,USA
OPTXW,OPTXW,"Syntec Optics Holdings, Inc. - Warrant",NASDAQ,S,N,N,64447805,Technology,Electronic Components,USA
ORCL$D,ORCL$D,"Oracle Corporation Depositary Shares, each representing a 1/2,000th interest in a sh of 6.50% Series D Mandatory Convertible Preferred Stock",NYSE, ,N,N,,,,USA
ORIQU,ORIQU,Origin Investment Corp I - Units,NASDAQ,G,N,N,,,,USA
ORIQW,ORIQW,Origin Investment Corp I - Redeemable Warrant,NASDAQ,G,N,N,0,Finance,Blank Checks,USA
OSPRU,OSPRU,Osprey Acquisition Corp. III - Units,NASDAQ,G,N,N,0,Finance,Blank Checks,USA
OSRHW,OSRHW,"OSR Health, Inc. - Warrant",NASDAQ,S,N,N,1443378,Health Care,Medical/Dental Instruments,USA
OTAI-R,OTAI.R,"Starlink AI Acquisition Corporation Rights, each entitling the holder to receive one-fourth (1/4) of one ordinary share",NYSE, ,N,N,,,,USA
OTAI-U,OTAI.U,"Starlink AI Acquisition Corporation Units, each consisting of one Ordinary Share, and one Right to receive one-fourth (1/4) of one ordinary share",NYSE, ,N,N,,,,USA
OTGAU,OTGAU,OTG Acquisition Corp. I - Unit,NASDAQ,G,N,N,0,Finance,Blank Checks,USA
OTGAW,OTGAW,OTG Acquisition Corp. I - Warrants,NASDAQ,G,N,N,,,,USA
OXBRW,OXBRW,Oxbridge Re Holdings Limited - Warrant,NASDAQ,S,N,N,1132572,Finance,Property-Casualty Insurers,USA
OXLC,OXLC,Oxford Lane Capital Corp. - Closed End Fund,NASDAQ,Q,N,N,1531152000,Finance,Investment Managers,USA
OXLCG,OXLCG,Oxford Lane Capital Corp. - 7.95% Notes due 2032,NASDAQ,Q,N,N,0,Finance,Investment Managers,USA
OXLCI,OXLCI,Oxford Lane Capital Corp. - 8.75% Notes due 2030,NASDAQ,Q,N,N,0,,,USA
OXLCL,OXLCL,Oxford Lane Capital Corp. - 6.75% Notes due 2031,NASDAQ,Q,N,N,4251464000,Finance,Finance Companies,USA
OXLCM,OXLCM,"Oxford Lane Capital Corp. - Preferred Stock Shares, 8.25% Series 2031",NASDAQ,Q,N,N,4322640000,Finance,Investment Managers,USA
OXLCN,OXLCN,Oxford Lane Capital Corp. - 7.125% Series 2029 Term Preferred Stock,NASDAQ,Q,N,N,4263616000,Finance,Investment Managers,USA
OXLCO,OXLCO,"Oxford Lane Capital Corp. - Preferred Stock Shares, 6.00% Series 2029",NASDAQ,Q,N,N,4192440000,Finance,Investment Managers,USA
OXLCZ,OXLCZ,Oxford Lane Capital Corp. - 5.00% Notes due 2027,NASDAQ,Q,N,N,4305280000,Finance,Finance Companies,USA
OXSQ,OXSQ,Oxford Square Capital Corp. - Closed End Fund,NASDAQ,Q,N,N,154435616,Finance,Blank Checks,USA
OXSQG,OXSQG,Oxford Square Capital Corp. - 5.50% Notes due 2028,NASDAQ,Q,N,N,1546128105,Consumer Discretionary,Other Consumer Services,USA
OXSQH,OXSQH,Oxford Square Capital Corp. - 7.75% Notes due 2030,NASDAQ,Q,N,N,0,Finance,Blank Checks,USA
OXY-W,OXY.W,Occidental Petroleum Corporation Warrants ,NYSE, ,N,N,,,,USA
OYSER,OYSER,Oyster Enterprises II Acquisition Corp - Rights,NASDAQ,G,N,N,0,Finance,Blank Checks,USA
OYSEU,OYSEU,Oyster Enterprises II Acquisition Corp - Units,NASDAQ,G,N,N,,,,USA
OZ,OZ,"Belpointe PREP, LLC Class A Units",NYSE MKT, ,N,N,180314490,Real Estate,Real Estate Investment Trusts,USA
OZKAP,OZKAP,Bank OZK - 4.625% Series A Non-Cumulative Perpetual Preferred Stock,NASDAQ,Q,N,N,1857695287,Finance,Major Banks,USA
PAA,PAA,"Plains All American Pipeline, L.P. - Common Units representing Limited Partner Interests",NASDAQ,Q,N,N,17137364580,Energy,Natural Gas Distribution,USA
PAACU,PAACU,Proem Acquisition Corp I - Units,NASDAQ,G,N,N,0,Finance,Blank Checks,USA
PAACW,PAACW,Proem Acquisition Corp I - Warrants,NASDAQ,G,N,N,0,Finance,Blank Checks,USA
PACHU,PACHU,Pioneer Acquisition I Corp - Units,NASDAQ,G,N,N,,,,USA
PACHW,PACHW,Pioneer Acquisition I Corp - Warrants,NASDAQ,G,N,N,0,,,USA
PAI,PAI,Western Asset Investment Grade Income Fund Inc.,NYSE, ,N,N,0,Finance,Trusts Except Educational Religious and Charitable,USA
PAII-U,PAII.U,"Pyrophyte Acquisition Corp. II Units, each consisting of one Class A ordinary share and one-half of one redeemable warrant",NYSE, ,N,N,,,,USA
PAII-W,PAII.W,"Pyrophyte Acquisition Corp. II Warrants, each whole warrant exercisable for one Class A Ordinary Share at an exercise price of $11.50 per share",NYSE, ,N,N,,,,USA
PALOU,PALOU,Paloma Acquisition Corp I - Units,NASDAQ,G,N,N,0,Finance,Blank Checks,USA
PALOW,PALOW,Paloma Acquisition Corp I - Warrants,NASDAQ,G,N,N,,,,USA
PAXS,PAXS,PIMCO Access Income Fund Common Shares of Beneficial Interest,NYSE, ,N,N,0,Finance,Investment Managers,USA
PBI$B,PBI$B,Pitney Bowes Inc 6.70% Notes Due 2043,NYSE, ,N,N,,,,USA
PBMWW,PBMWW,Psyence Biomedical Ltd. - Warrant,NASDAQ,S,N,N,114811,Health Care,Biotechnology: Pharmaceutical Preparations,USA
PBR-A,PBR.A,Petroleo Brasileiro S.A. Petrobras American Depositary Shares representing Preferred Shares,NYSE, ,N,N,,,,USA
PCAPU,PCAPU,ProCap Acquisition Corp - Unit,NASDAQ,G,N,N,0,,,USA
PCAPW,PCAPW,ProCap Acquisition Corp - Warrant,NASDAQ,G,N,N,0,Finance,Blank Checks,USA
PCF,PCF,High Income Securities Fund Common Stock,NYSE, ,N,N,0,Finance,Trusts Except Educational Religious and Charitable,USA
PCG$A,PCG$A,Pacific Gas & Electric Co. 6% Preferred Stock,NYSE MKT, ,N,N,,,,USA
PCG$B,PCG$B,Pacific Gas & Electric Co. 5 1/2% Preferred Stock,NYSE MKT, ,N,N,,,,USA
PCG$C,PCG$C,Pacific Gas & Electric Co. 5% 1st Preferred Stock,NYSE MKT, ,N,N,,,,USA
PCG$D,PCG$D,Pacific Gas & Electric Co. 5% 1st  Red. Preferred Stock,NYSE MKT, ,N,N,,,,USA
PCG$E,PCG$E,Pacific Gas & Electric Co. 5% 1st A Preferred Stock,NYSE MKT, ,N,N,,,,USA
PCG$G,PCG$G,Pacific Gas & Electric Co. 4.80% 1st Preferred Stock,NYSE MKT, ,N,N,,,,USA
PCG$H,PCG$H,Pacific Gas & Electric Co. 4.50% 1st Preferred Stock,NYSE MKT, ,N,N,,,,USA
PCG$I,PCG$I,Pacific Gas & Electric Co. 4.36% 1st Preferred Stock,NYSE MKT, ,N,N,,,,USA
PCG$X,PCG$X,PG&E Corp 6.000% Series A Mandatory Convertible Preferred Stock,NYSE, ,N,N,,,,USA
PCM,PCM,"PCM Fund, Inc. Common Stock",NYSE, ,N,N,0,Finance,Trusts Except Educational Religious and Charitable,USA
PCN,PCN,Pimco Corporate & Income Strategy Fund Common Stock,NYSE, ,N,N,0,Finance,Investment Managers,USA
PCQ,PCQ,PIMCO California Municipal Income Fund Common Stock,NYSE, ,N,N,0,Finance,Investment Managers,USA
PCTTU,PCTTU,"PureCycle Technologies, Inc. - Unit",NASDAQ,S,N,N,,,,USA
PCTTW,PCTTW,"PureCycle Technologies, Inc. - Warrant",NASDAQ,S,N,N,339212660,Industrials,Major Chemicals,USA
PDI,PDI,PIMCO Dynamic Income Fund Common Stock,NYSE, ,N,N,3959936100,Finance,Trusts Except Educational Religious and Charitable,USA
PDO,PDO,PIMCO Dynamic Income Opportunities Fund Common Shares of Beneficial Interest,NYSE, ,N,N,1903592127,Finance,Trusts Except Educational Religious and Charitable,USA
PDPA,PDPA,Pearl Diver Credit Company Inc. 8.00% Series A Preferred Stock Due 2029,NYSE, ,N,N,0,,,USA
PDT,PDT,John Hancock Premium Dividend Fund,NYSE, ,N,N,0,Finance,Finance Companies,USA
PDX,PDX,PIMCO Dynamic Income Strategy Fund Common Shares of Beneficial Interest,NYSE, ,N,N,945553050,Finance,Finance/Investors Services,USA
PDYNW,PDYNW,Palladyne AI Corp. - Warrant,NASDAQ,G,N,N,897640,Technology,Computer Software: Prepackaged Software,USA
PEB$E,PEB$E,Pebblebrook Hotel Trust 6.375% Series E Cumulative Redeemable Preferred Shares of Beneficial Interest,NYSE, ,N,N,,,,USA
PEB$F,PEB$F,Pebblebrook Hotel Trust 6.3% Series F Cumulative Redeemable Preferred Shares of Beneficial Interest,NYSE, ,N,N,,,,USA
PEB$G,PEB$G,Pebblebrook Hotel Trust 6.375% Series G Cumulative Redeemable Preferred Shares of Beneficial Interest,NYSE, ,N,N,,,,USA
PEB$H,PEB$H,Pebblebrook Hotel Trust 5.700% Series H Cumulative Redeemable Preferred Shares of Beneficial Interest,NYSE, ,N,N,,,,USA
PECER,PECER,Peace Acquisition Corp - Right,NASDAQ,S,N,N,0,Finance,Blank Checks,USA
PECEU,PECEU,Peace Acquisition Corp - Units,NASDAQ,S,N,N,,,,USA
PECEW,PECEW,Peace Acquisition Corp - Warrant,NASDAQ,S,N,N,0,Finance,Blank Checks,USA
PEO,PEO,"Adams Natural Resources Fund, Inc. Common Stock",NYSE, ,N,N,0,Finance,Finance/Investors Services,USA
PEW-W,PEW.W,"GrabAGun Digital Holdings Inc. Warrants, each whole warrant exercisable to purchase one share of Common Stock at an exercise price of $11.50 per share",NYSE, ,N,N,,,,USA
PFBC,PFBC,Preferred Bank - Common Stock,NASDAQ,Q,N,N,1522385528,Finance,Major Banks,USA
PFD,PFD,Flaherty & Crumrine Preferred and Income Fund Incorporated,NYSE, ,N,N,0,Finance,Investment Managers,USA
PFFL,PFFL,"ETRACS 2xMonthly Pay Leveraged Preferred Stock Index ETN due September 25, 2048",NYSE ARCA, ,N,N,,,,USA
PFH,PFH,"Prudential Financial, Inc. 4.125% Junior Subordinated Notes due 2060",NYSE, ,N,N,5769120000,Finance,Life Insurance,USA
PFL,PFL,PIMCO Income Strategy Fund Shares of Beneficial Interest,NYSE, ,N,N,0,Finance,Finance Companies,USA
PFLA,PFLA,PennantPark Floating Rate Capital Ltd. 7.375% Notes Due 2031,NYSE, ,N,N,0,Finance,Finance: Consumer Services,USA
PFN,PFN,PIMCO Income Strategy Fund II,NYSE, ,N,N,0,Finance,Finance/Investors Services,USA
PFO,PFO,Flaherty & Crumrine Preferred and Income Opportunity Fund Incorporated,NYSE, ,N,N,0,Finance,Finance Companies,USA
PFXNZ,PFXNZ,PhenixFIN Corporation  - 5.25% Notes due 2028,NASDAQ,G,N,N,47571850,Finance,Finance: Consumer Services,USA
PGACR,PGACR,Pantages Capital Acquisition Corporation - Right,NASDAQ,G,N,N,0,,,USA
PGACU,PGACU,Pantages Capital Acquisition Corporation - Unit,NASDAQ,G,N,N,0,,,USA
PGP,PGP,Pimco Global StocksPlus & Income Fund Common Shares of Beneficial Interest,NYSE, ,N,N,0,Finance,Finance Companies,USA
PGYWW,PGYWW,Pagaya Technologies Ltd. - Warrants,NASDAQ,S,N,N,2437978,Finance,Finance: Consumer Services,USA
PGZ,PGZ,Principal Real Estate Income Fund Common Shares of Beneficial Interest,NYSE, ,N,N,0,Finance,Investment Managers,USA
PHK,PHK,Pimco High Income Fund,NYSE, ,N,N,0,Finance,Finance/Investors Services,USA
PHXE$,PHXE$,"Phoenix Energy One, LLC Series A Cumulative Redeemable Preferred Shares",NYSE MKT, ,N,N,,,,USA
PIIIW,PIIIW,P3 Health Partners Inc. - Warrant,NASDAQ,S,N,N,94909,Health Care,Medical/Nursing Services,USA
PINE$A,PINE$A,"Alpine Income Property Trust, Inc. 8.00% Series A Cumulative Redeemable Preferred Stock",NYSE, ,N,N,,,,USA
PLMKU,PLMKU,Plum Acquisition Corp. IV - Unit,NASDAQ,G,N,N,0,,,USA
PLMKW,PLMKW,Plum Acquisition Corp. IV - Warrants,NASDAQ,G,N,N,0,,,USA
PLUN-R,PLUN.R,"Plutonian Acquisition Corp II Rights, each entitling the holder to receive one-fourth of one Class A Ordinary Share",NYSE, ,N,N,,,,USA
PLUN-U,PLUN.U,"Plutonian Acquisition Corp II Units, each consisting of one Class A Ordinary Share and one right entitling the holder to one-fourth of one Class A Ordinary Share",NYSE, ,N,N,,,,USA
PML,PML,Pimco Municipal Income Fund II Common Shares of Beneficial Interest,NYSE, ,N,N,0,Finance,Investment Managers,USA
PMT$A,PMT$A,PennyMac Mortgage Investment Trust 8.125% Series A Fixed-to-Floating Rate Cumulative Redeemable Preferred Shares of Beneficial Interest,NYSE, ,N,N,,,,USA
PMT$B,PMT$B,PennyMac Mortgage Investment Trust 8.00% Series B Fixed-to-Floating Rate Cumulative Redeemable Preferred Shares of Beneficial Interest,NYSE, ,N,N,,,,USA
PMT$C,PMT$C,PennyMac Mortgage Investment Trust 6.75% Series C Cumulative Redeemable Preferred Shares of Beneficial Interest,NYSE, ,N,N,,,,USA
PMTRU,PMTRU,Perimeter Acquisition Corp. I - Unit,NASDAQ,G,N,N,0,Finance,Blank Checks,USA
PMTRW,PMTRW,Perimeter Acquisition Corp. I - Warrant,NASDAQ,G,N,N,0,Finance,Blank Checks,USA
PMTU,PMTU,PennyMac Mortgage Investment Trust 8.50% Senior Notes due 2028,NYSE, ,N,N,2234996538,Real Estate,Real Estate Investment Trusts,USA
PMTV,PMTV,PennyMac Mortgage Investment Trust 9.00% Senior Notes due 2030,NYSE, ,N,N,0,Real Estate,Real Estate Investment Trusts,USA
PMTW,PMTW,PennyMac Mortgage Investment Trust 9.00% Senior Notes due 2030,NYSE, ,N,N,0,Real Estate,Real Estate Investment Trusts,USA
PNFP$A,PNFP$A,"Pinnacle Financial Partners, Inc. Fixed-to-Floating Rate Non-Cumulative Perpetual Preferred Stock, Series A",NYSE, ,N,N,,,,USA
PNFP$B,PNFP$B,"Pinnacle Financial Partners, Inc. Fixed-to-Floating Rate Non-Cumulative Perpetual Preferred Stock, Series B",NYSE, ,N,N,,,,USA
PNFP$C,PNFP$C,"Pinnacle Financial Partners, Inc. Fixed-to-Floating Rate Non-Cumulative Perpetual Preferred Stock, Series C",NYSE, ,N,N,,,,USA
PNI,PNI,Pimco New York Municipal Income Fund II Common Shares of Beneficial Interest,NYSE, ,N,N,0,Finance,Trusts Except Educational Religious and Charitable,USA
POLEU,POLEU,Andretti Acquisition Corp. II - Unit,NASDAQ,G,N,N,,,,USA
POLEW,POLEW,Andretti Acquisition Corp. II - Warrant,NASDAQ,G,N,N,0,,,USA
PONOR,PONOR,"Pono Capital Four, Inc. - Rights",NASDAQ,G,N,N,0,Finance,Blank Checks,USA
PONOU,PONOU,"Pono Capital Four, Inc. - Units",NASDAQ,G,N,N,0,Industrials,Aerospace,USA
POWWP,POWWP,Outdoor Holding Company - 8.75% Series A Cumulative Redeemable Perpetual Preferred Stock,NASDAQ,S,N,N,2798378570,Industrials,Ordnance And Accessories,USA
PPLC,PPLC,PPL Corporation Corporate Units,NYSE, ,N,N,36022535333,Utilities,Electric Utilities: Central,USA
PRENW,PRENW,Prenetics Global Limited - Warrant,NASDAQ,S,N,N,171435,Finance,Blank Checks,USA
PRH,PRH,"Prudential Financial, Inc. 5.950% Junior Subordinated Notes due 2062",NYSE, ,N,N,7842560000,Finance,Life Insurance,USA
PRHIZ,PRHIZ,"Presurance Holdings, Inc. - 9.75% Senior Unsecured Notes due 2028",NASDAQ,G,N,N,213899195,Finance,Property-Casualty Insurers,USA
PRIF$D,PRIF$D,"Priority Income Fund, Inc. 7.00% Series D Term Preferred Stock due 2029",NYSE, ,N,N,,,,USA
PRIF$K,PRIF$K,"Priority Income Fund, Inc. 7.000% Series K Cumulative Preferred Stock",NYSE, ,N,N,,,,USA
PRIF$L,PRIF$L,"Priority Income Fund, Inc. 6.375% Series L Term Preferred Stock Due 2029",NYSE, ,N,N,,,,USA
PRS,PRS,"Prudential Financial, Inc. 5.625% Junior Subordinated Notes due 2058",NYSE, ,N,N,7717600000,Finance,Life Insurance,USA
PRT,PRT,PermRock Royalty Trust Units of Beneficial Interest,NYSE, ,N,N,28346156,Energy,Oil & Gas Production,USA
PSA$F,PSA$F,"Public Storage Depositary Shares Each Representing 1/1,000 of a 5.15% Cumulative Preferred Share of Beneficial Interest, Series F, par value $0.01 per share",NYSE, ,N,N,,,,USA
PSA$G,PSA$G,"Public Storage Depositary Shares, Each Representing 1/1,000 of a 5.05% Cumulative Preferred Share of Beneficial Interest, Series G",NYSE, ,N,N,,,,USA
PSA$H,PSA$H,"Public Storage Depositary Shares Each Representing 1/1,000 of a  5.60% Cumulative Preferred  Share of Beneficial Interest, Series H",NYSE, ,N,N,,,,USA
PSA$I,PSA$I,"Public Storage Depositary Shares Each Representing 1/1,000 of a 4.875% Cumulative Preferred Share of Beneficial Interest, Series I, par value $0.01 per share",NYSE, ,N,N,,,,USA
PSA$J,PSA$J,"Public Storage Depositary Shares Each Representing 1/1,000 of a 4.700% Cumulative Preferred Share of Beneficial Interest, Series J, par value $0.01 per share",NYSE, ,N,N,,,,USA
PSA$K,PSA$K,"Public Storage Depositary Shares Each Representing 1/1,000 of a 4.75% Cumulative Preferred Share of Beneficial Interest, Series K",NYSE, ,N,N,,,,USA
PSA$L,PSA$L,"Public Storage Depositary Shares Each Representing 1/1,000 of a 4.625% Cumulative Preferred Share of Beneficial Interest, Series L, par value $0.01 per share",NYSE, ,N,N,,,,USA
PSA$M,PSA$M,"Public Storage Depositary Shares Each Representing 1/1,000 of a 4.125% Cumulative Preferred Share of Beneficial Interest, Series M",NYSE, ,N,N,,,,USA
PSA$N,PSA$N,"Public Storage Depositary Shares Each Representing 1/1,000 of a 3.875% Cumulative Preferred Share of Beneficial Interest, Series N",NYSE, ,N,N,,,,USA
PSA$O,PSA$O,"Public Storage Depositary Shares Each Representing 1/1,000 of a 3.900% Cumulative Preferred Share of Beneficial Interest, Series O",NYSE, ,N,N,,,,USA
PSA$P,PSA$P,"Public Storage Depositary Shares Each Representing 1/1,000 of a 4.000% Cumulative Preferred Share of Bene cial Interest, Series P",NYSE, ,N,N,,,,USA
PSA$Q,PSA$Q,"Public Storage Depositary Shares Each Representing 1/1,000 of a 3.950% Cumulative Preferred Share of Beneficial Interest, Series Q, par value $0.01 per share",NYSE, ,N,N,,,,USA
PSA$R,PSA$R,"Public Storage Depositary Shares Each Representing 1/1,000 of a 4.00% Cumulative Preferred Share of Bene cial Interest, Series R",NYSE, ,N,N,,,,USA
PSA$S,PSA$S,"Public Storage Depositary Shares Each Representing 1/1,000 of a 4.100% Cumulative Preferred Share of Beneficial Interest, Series S",NYSE, ,N,N,,,,USA
PSA$T,PSA$T,"Public Storage 6.000% Cumulative Preferred Shares of beneficial interest, Series T",NYSE, ,N,N,,,,USA
PSA$U,PSA$U,"Public Storage 6.000% Cumulative Preferred Shares of Beneficial Interest, Series U",NYSE, ,N,N,,,,USA
PSEC,PSEC,Prospect Capital Corporation - Closed End Fund,NASDAQ,Q,N,N,1077166454,Finance,Finance: Consumer Services,USA
PSEC$A,PSEC$A,Prospect Capital Corporation 5.35% Series A Fixed Rate Cumulative Perpetual Preferred Stock,NYSE, ,N,N,,,,USA
PSF,PSF,"Cohen & Steers Select Preferred and Income Fund, Inc. Common Stock",NYSE, ,N,N,976875925,Finance,Investment Managers,USA
PSQH-W,PSQH.W,"PSQ Holdings, Inc. Warrants, each exercisable for one share of Class A common stock at an exercise price of $11.50 per share",NYSE, ,N,N,,,,USA
PTA,PTA,Cohen & Steers Tax-Advantaged Preferred Securities and Income Fund Common Shares of Beneficial Interest,NYSE, ,N,N,1054617560,Finance,Trusts Except Educational Religious and Charitable,USA
PTACU,PTACU,Patriot Acquisition Corp. - Units,NASDAQ,G,N,N,0,,,USA
PTACW,PTACW,Patriot Acquisition Corp. - Warrants,NASDAQ,G,N,N,0,Finance,Blank Checks,USA
PTORU,PTORU,Praetorian Acquisition Corp. - Units,NASDAQ,G,N,N,,,,USA
PTORW,PTORW,Praetorian Acquisition Corp. - Warrant,NASDAQ,G,N,N,0,Finance,Blank Checks,USA
PTY,PTY,Pimco Corporate & Income Opportunity Fund,NYSE, ,N,N,0,Finance,Investment Managers,USA
PVL,PVL,Permianville Royalty Trust Units of Beneficial Interest,NYSE, ,N,N,56760000,Energy,Oil & Gas Production,USA
PW$A,PW$A,Power REIT 7.75% Series A Cumulative Perpetual Preferred Stock,NYSE MKT, ,N,N,,,,USA
QADRU,QADRU,QDRO Acquisition Corp. - Units,NASDAQ,G,N,N,0,Finance,Blank Checks,USA
QADRW,QADRW,QDRO Acquisition Corp. - Warrant,NASDAQ,G,N,N,0,Finance,Blank Checks,USA
QETAR,QETAR,Quetta Acquisition Corporation - Right,NASDAQ,S,N,N,,,,USA
QETAU,QETAU,Quetta Acquisition Corporation - Unit,NASDAQ,S,N,N,,,,USA
QLEP-W,QLEP.W,"Quantum Leap Acquisition Corp Warrants, each whole warrant exercisable for one Class A Ordinary Share at an exercise price of $11.50 per share",NYSE, ,N,N,,,,USA
QQQX,QQQX,Nuveen NASDAQ 100 Dynamic Overwrite Fund - Closed End Fund,NASDAQ,Q,N,N,0,Finance,Finance Companies,USA
QRED-R,QRED.R,QuasarEdge Acquisition Corporation Rights to receive one-fourth (1/4) of one Ordinary Share,NYSE, ,N,N,,,,USA
QRED-U,QRED.U,"QuasarEdge Acquisition Corporation Units, each consisting of one Ordinary Share and one right entitling the holder to receive one-fourth (1/4) of one Ordinary Share",NYSE, ,N,N,,,,USA
QSEAR,QSEAR,Quartzsea Acquisition Corporation - Rights,NASDAQ,G,N,N,0,Finance,Blank Checks,USA
QSEAU,QSEAU,Quartzsea Acquisition Corporation - Units,NASDAQ,G,N,N,,,,USA
QUMSR,QUMSR,Quantumsphere Acquisition Corp. - Rights,NASDAQ,G,N,N,0,,,USA
QUMSU,QUMSU,Quantumsphere Acquisition Corp. - Units,NASDAQ,G,N,N,0,,,USA
QXO$B,QXO$B,"QXO, Inc.  Depositary Shares, each representing a 1/20th interest in a share of 5.50% Series B Mandatory Convertible Preferred Stock",NYSE, ,N,N,,,,USA
RA,RA,Brookfield Real Assets Income Fund Inc. Common Stock,NYSE, ,N,N,0,Finance,Investment Managers,USA
RAC-U,RAC.U,Rithm Acquisition Corp. Units (each consists of one Class A Ordinary Share and one-third of one redeemable Warrant),NYSE, ,N,N,,,,USA
RAC-W,RAC.W,"Rithm Acquisition Corp. Redeemable warrants, each whole warrant exercisable for one Class A ordinary share at an exercise price of $11.50",NYSE, ,N,N,,,,USA
RAINW,RAINW,"Rain Enhancement Technologies Holdco, Inc. - Warrants",NASDAQ,S,N,N,1683488,Technology,Industrial Machinery/Components,USA
RAND,RAND,Rand Capital Corporation - Closed End Fund,NASDAQ,S,N,N,29846631,Finance,Finance: Consumer Services,USA
RANGR,RANGR,Range Capital Acquisition Corp. - Rights,NASDAQ,G,N,N,0,Finance,Blank Checks,USA
RANGU,RANGU,Range Capital Acquisition Corp. - Units,NASDAQ,G,N,N,0,Finance,Blank Checks,USA
RC$C,RC$C,Ready Capital Corporation 6.25% Series C Cumulative Convertible Preferred Stock,NYSE, ,N,N,,,,USA
RC$E,RC$E,Ready Capital Corporation 6.50% Series E Cumulative Redeemable Preferred Stock,NYSE, ,N,N,,,,USA
RCD,RCD,Ready Capital Corporation 9.00% Senior Notes due 2029,NYSE, ,N,N,0,Real Estate,Real Estate Investment Trusts,USA
RCG,RCG,"RENN Fund, Inc Common Stock",NYSE MKT, ,N,N,0,Finance,Investment Managers,USA
RCKTW,RCKTW,"Rocket Pharmaceuticals, Inc. - Warrant",NASDAQ,S,N,N,316661,Health Care,Biotechnology: Pharmaceutical Preparations,USA
RCS,RCS,"PIMCO Strategic Income Fund, Inc.",NYSE, ,N,N,0,Finance,Investment Managers,USA
RDACR,RDACR,Rising Dragon Acquisition Corp. - Rights,NASDAQ,S,N,N,0,Finance,Blank Checks,USA
RDACU,RDACU,Rising Dragon Acquisition Corp. - Unit,NASDAQ,S,N,N,,,,USA
RDAGU,RDAGU,Republic Digital Acquisition Company - Unit,NASDAQ,G,N,N,,,,USA
RDAGW,RDAGW,Republic Digital Acquisition Company - Warrants,NASDAQ,G,N,N,0,Finance,Blank Checks,USA
RDZNW,RDZNW,"Roadzen, Inc. - Warrants",NASDAQ,S,N,N,9513293,Finance,Specialty Insurers,USA
REGCO,REGCO,Regency Centers Corporation - 5.875% Series B Cumulative Redeemable Preferred Stock,NASDAQ,Q,N,N,4024467444,Real Estate,Real Estate Investment Trusts,USA
REGCP,REGCP,Regency Centers Corporation - 6.25% Series A Cumulative Redeemable Preferred Stock,NASDAQ,Q,N,N,4247863838,Real Estate,Real Estate Investment Trusts,USA
REVBW,REVBW,"Revelation Biosciences, Inc. - Warrant",NASDAQ,S,N,N,35567,Health Care,Biotechnology: Pharmaceutical Preparations,USA
REXR$B,REXR$B,"Rexford Industrial Realty, Inc. 5.875% Series B Cumulative Redeemable Preferred Stock",NYSE, ,N,N,,,,USA
REXR$C,REXR$C,"Rexford Industrial Realty, Inc. 5.625% Series C Cumulative Redeemable Preferred Stock, par value $0.01 per share",NYSE, ,N,N,,,,USA
RF$C,RF$C,"Regions Financial Corporation Depositary Shares, each Representing a 1/40th Interest in a  Share of 5.700% Fixed-to-Floating Rate Non-Cumulative  Perpetual Preferred Stock, Series C",NYSE, ,N,N,,,,USA
RF$E,RF$E,"Regions Financial Corporation Depositary Shares, Each Representing a 1/40th Interest in a Share of 4.45% Non-Cumulative Perpetual Preferred Stock, Series E",NYSE, ,N,N,,,,USA
RF$F,RF$F,"Regions Financial Corporation Depositary Shares Each Representing a 1/40th Interest in a Share of Non-Cumulative Perpetual Preferred Stock, Series F",NYSE, ,N,N,,,,USA
RFAIR,RFAIR,RF Acquisition Corp II - Right,NASDAQ,G,N,N,0,Technology,Computer Software: Prepackaged Software,USA
RFAIU,RFAIU,RF Acquisition Corp II - Unit,NASDAQ,G,N,N,,,,USA
RFAMR,RFAMR,RF Acquisition Corp III - Rights,NASDAQ,G,N,N,0,,,USA
RFAMU,RFAMU,RF Acquisition Corp III - Units,NASDAQ,G,N,N,,,,USA
RFI,RFI,"Cohen & Steers Total Return Realty Fund, Inc. Common Stock",NYSE, ,N,N,563620063,Finance,Investment Managers,USA
RFM,RFM,"RiverNorth Flexible Municipal Income Fund, Inc. Common Stock",NYSE, ,N,N,90497545,Finance,Finance/Investors Services,USA
RFMZ,RFMZ,"RiverNorth Flexible Municipal Income Fund II, Inc. Common Stock",NYSE, ,N,N,327044083,Finance,Finance/Investors Services,USA
RGTIW,RGTIW,"Rigetti Computing, Inc.  - Redeemable warrants, each whole warrant exercisable for one Class A ordinary share at an exercise price of $11.50",NASDAQ,S,N,N,2057548615,Technology,EDP Services,USA
RIBBR,RIBBR,Ribbon Acquisition Corp - Rights,NASDAQ,S,N,N,,,,USA
RIBBU,RIBBU,Ribbon Acquisition Corp - Unit,NASDAQ,S,N,N,,,,USA
RILYG,RILYG,"BRC Group Holdings, Inc. - 5.00% Senior Notes due 2026",NASDAQ,G,N,N,749617882,Finance,Investment Managers,USA
RILYL,RILYL,"BRC Group Holdings, Inc. - Depositary Shares, each representing a 1/1000th fractional interest in a share of Series B Cumulative Perpetual Preferred Stock",NASDAQ,G,N,N,561921850,Finance,Investment Managers,USA
RILYN,RILYN,"BRC Group Holdings, Inc. - 6.50% Senior Notes Due 2026",NASDAQ,G,N,N,755412325,Finance,Investment Managers,USA
RILYP,RILYP,"BRC Group Holdings, Inc. - Depositary Shares, each representing a 1/1000th fractional interest in a share of Series A Cumulative Perpetual Preferred Stock",NASDAQ,G,N,N,550671355,Finance,Investment Managers,USA
RILYT,RILYT,"BRC Group Holdings, Inc. - 6.00% Senior Notes Due 2028",NASDAQ,G,N,N,614982485,Finance,Investment Managers,USA
RILYZ,RILYZ,"BRC Group Holdings, Inc. - 5.25% Senior Notes due 2028",NASDAQ,G,N,N,579444254,Finance,Investment Managers,USA
RITM$A,RITM$A,Rithm Capital Corp. 7.50% Series A Fixed-to-Floating Rate Cumulative Redeemable Preferred Stock,NYSE, ,N,N,,,,USA
RITM$B,RITM$B,Rithm Capital Corp. 7.125% Series B Fixed-to-Floating Rate Cumulative Redeemable Preferred Stock,NYSE, ,N,N,,,,USA
RITM$C,RITM$C,Rithm Capital Corp. 6.375% Series C Fixed-to-Floating Rate Cumulative Redeemable Preferred Stock,NYSE, ,N,N,,,,USA
RITM$D,RITM$D,Rithm Capital Corp. 7.00% Fixed-Rate Reset Series D Cumulative Redeemable Preferred Stock,NYSE, ,N,N,,,,USA
RITM$E,RITM$E,Rithm Capital Corp. 8.75% Series E Fixed-Rate Cumulative Redeemable Preferred Stock,NYSE, ,N,N,,,,USA
RITM$F,RITM$F,Rithm Capital Corp. 8.750% Series F Fixed-Rate Reset Cumulative Redeemable Preferred Stock,NYSE, ,N,N,,,,USA
RIV,RIV,"RiverNorth Opportunities Fund, Inc. Common Stock",NYSE, ,N,N,0,Finance,Finance Companies,USA
RIV$A,RIV$A,"RiverNorth Opportunities Fund, Inc. 6.00% Series A Perpetual Preferred Stock",NYSE, ,N,N,,,,USA
RLJ$A,RLJ$A,RLJ Lodging Trust $1.95 Series A Cumulative Convertible  Preferred Shares,NYSE, ,N,N,,,,USA
RLTY,RLTY,Cohen & Steers Real Estate Opportunities and Income Fund Common Shares of Beneficial Interest,NYSE, ,N,N,0,Finance,Investment Managers,USA
RLX,RLX,"RLX Technology Inc. American Depositary Shares, each representing the right to receive one (1) Class A ordinary share",NYSE, ,N,N,3128859420,Health Care,Medicinal Chemicals and Botanical Products,USA
RMCOW,RMCOW,Royalty Management Holding Corporation - Warrant,NASDAQ,S,N,N,2137498,Miscellaneous,Multi-Sector Companies,USA
RMI,RMI,"RiverNorth Opportunistic Municipal Income Fund, Inc. Common Stock",NYSE, ,N,N,98594456,Finance,Finance/Investors Services,USA
RMM,RMM,"RiverNorth Managed Duration Municipal Income Fund, Inc. Common Stock",NYSE, ,N,N,287408984,Finance,Trusts Except Educational Religious and Charitable,USA
RMMZ,RMMZ,"RiverNorth Managed Duration Municipal Income Fund II, Inc. Common Stock",NYSE, ,N,N,294120457,Finance,Investment Managers,USA
RMSGW,RMSGW,Real Messenger Corporation - Warrants,NASDAQ,S,N,N,199604,Technology,Computer Software: Programming Data Processing,USA
RNGTU,RNGTU,Range Capital Acquisition Corp II - Units,NASDAQ,G,N,N,0,Finance,Blank Checks,USA
RNGTW,RNGTW,Range Capital Acquisition Corp II - Warrants,NASDAQ,G,N,N,0,Finance,Blank Checks,USA
RNP,RNP,"Cohen & Steers REIT and Preferred and Income Fund, Inc. Common Shares",NYSE, ,N,N,1012255737,Finance,Investment Managers,USA
RNR$F,RNR$F,"RenaissanceRe Holdings Ltd. Depositary Shares, each Representing a 1/1,000th Interest in a 5.750% Series F Preference Share",NYSE, ,N,N,,,,USA
RNR$G,RNR$G,"RenaissanceRe Holdings Ltd. Depositary Shares, each representing a 1/1,000th interest in a share of 4.20% Series G Preference Shares",NYSE, ,N,N,,,,USA
RNWWW,RNWWW,ReNew Energy Global plc - Warrant,NASDAQ,Q,N,N,616708,Utilities,Electric Utilities: Central,USA
RPT$C,RPT$C,Rithm Property Trust Inc. 9.875% Series C Fixed-to-Floating Rate Cumulative Redeemable Preferred Stock,NYSE, ,N,N,,,,USA
RQI,RQI,Cohen & Steers Quality Income Realty Fund Inc Common Shares,NYSE, ,N,N,1674726088,Finance,Trusts Except Educational Religious and Charitable,USA
RREVU,RREVU,RRE Ventures Acquisition Corp. - Units,NASDAQ,G,N,N,0,Finance,Blank Checks,USA
RREVW,RREVW,RRE Ventures Acquisition Corp. - Warrants,NASDAQ,G,N,N,,,,USA
RSF,RSF,RiverNorth Capital and Income Fund Common Stock,NYSE, ,N,N,48653361,Finance,Investment Managers,USA
RSVRW,RSVRW,"Reservoir Media, Inc.. - Warrant",NASDAQ,G,N,N,1378896,Consumer Discretionary,Services-Misc. Amusement & Recreation,USA
RTACU,RTACU,Renatus Tactical Acquisition Corp I - Unit,NASDAQ,G,N,N,0,Finance,Blank Checks,USA
RTACW,RTACW,Renatus Tactical Acquisition Corp I - Warrant,NASDAQ,G,N,N,0,Finance,Blank Checks,USA
RUMBW,RUMBW,RUM Group Inc. - Warrant,NASDAQ,G,N,N,746834374,Technology,Computer Software: Programming Data Processing,USA
RVI,RVI,Robinhood Ventures Fund I Common Shares of Beneficial Interest,NYSE, ,N,N,0,,,USA
RVMDW,RVMDW,"Revolution Medicines, Inc. - Warrant",NASDAQ,Q,N,N,1883604653,Health Care,Biotechnology: Biological Products (No Diagnostic Substances),USA
RVSNW,RVSNW,Rail Vision Ltd. - Warrant,NASDAQ,S,N,N,37267,Industrials,Railroads,USA
RWAYI,RWAYI,Runway Growth Finance Corp. - 7.25% Notes due 2031,NASDAQ,Q,N,N,0,Finance,Finance: Consumer Services,USA
RWAYL,RWAYL,Runway Growth Finance Corp. - 7.50% Notes due 2027,NASDAQ,Q,N,N,918997037,Finance,Finance: Consumer Services,USA
RWT$A,RWT$A,"Redwood Trust, Inc. 10.00% Series A Fixed-Rate Reset Cumulative Redeemable Preferred Stock",NYSE, ,N,N,,,,USA
RWTN,RWTN,"Redwood Trust, Inc. 9.125% Senior Notes Due 2029",NYSE, ,N,N,3230586600,Real Estate,Real Estate Investment Trusts,USA
RWTO,RWTO,"Redwood Trust, Inc. 9.00% Senior Notes Due 2029",NYSE, ,N,N,3159513695,Real Estate,Real Estate Investment Trusts,USA
RWTP,RWTP,"Redwood Trust, Inc. 9.125% Senior Notes Due 2030",NYSE, ,N,N,0,Real Estate,Real Estate Investment Trusts,USA
RWTQ,RWTQ,"Redwood Trust, Inc. 9.500% Senior Notes Due 2030",NYSE, ,N,N,0,Real Estate,Real Estate Investment Trusts,USA
RWTS,RWTS,"Redwood Trust, Inc. 9.75% Senior Notes Due 2031",NYSE, ,N,N,0,Real Estate,Real Estate Investment Trusts,USA
RZC,RZC,"Reinsurance Group of America, Incorporated 7.125% Fixed-Rate Reset Subordinated Debentures due 2052",NYSE, ,N,N,1662068945,Finance,Life Insurance,USA
RZLVW,RZLVW,Rezolve AI PLC - Warrants,NASDAQ,S,N,N,320313413,Technology,Computer Software: Programming Data Processing,USA
SAAQU,SAAQU,Space Asset Acquisition Corp. - Units,NASDAQ,G,N,N,0,Finance,Blank Checks,USA
SAAQW,SAAQW,Space Asset Acquisition Corp. - Warrants,NASDAQ,G,N,N,0,Finance,Blank Checks,USA
SABA,SABA,Saba Capital Income & Opportunities Fund II Shares of Beneficial Interest,NYSE, ,N,N,0,,,USA
SABSW,SABSW,"SAB Biotherapeutics, Inc. - Warrant",NASDAQ,S,N,N,848751,Health Care,Biotechnology: Biological Products (No Diagnostic Substances),USA
SAC-U,SAC.U,"Safeguard Acquisition Corp. Units, each consisting of one Class A ordinary share and one-half of one redeemable warrant",NYSE, ,N,N,,,,USA
SAC-W,SAC.W,"Safeguard Acquisition Corp. Warrants, each whole warrant exercisable for one Class A ordinary share at an exercise price of $11.50 per share",NYSE, ,N,N,,,,USA
SACH$A,SACH$A,Sachem Capital Corp. 7.75% Series A Cumulative Redeemable Preferred Stock,NYSE MKT, ,N,N,,,,USA
SAGU-R,SAGU.R,"Shreya Acquisition Group Rights, each entitling the holder to receive one-fourth of one Class A Ordinary Share",NYSE, ,N,N,,,,USA
SAGU-U,SAGU.U,"Shreya Acquisition Group Units, each consisting of one Class A Ordinary Share, one redeemable warrant and one right entitling the holder to one-fourth of one Class A Ordinary Share",NYSE, ,N,N,,,,USA
SAGU-W,SAGU.W,"Shreya Acquisition Group Redeemable warrants, entitling the holder to purchase one Class A Ordinary Share at $11.50 per share",NYSE, ,N,N,,,,USA
SAIHW,SAIHW,SAIHEAT Limited - Warrant,NASDAQ,S,N,N,86173,Technology,EDP Services,USA
SAJ,SAJ,Saratoga Investment Corp 8.00% Notes due 2027,NYSE, ,N,N,400361484,Finance,Investment Managers,USA
SAMO-U,SAMO.U,"Samos Energy Acquisition Corporation Units, each consisting of one Class A Ordinary Share and one-half of one Warrant",NYSE, ,N,N,,,,USA
SAT,SAT,Saratoga Investment Corp 6.00% Notes due 2027,NYSE, ,N,N,392643363,Finance,Investment Managers,USA
SATA,SATA,"Strive, Inc. - Variable Rate Series A Perpetual Preferred Stock",NASDAQ,G,N,N,8180628636,Technology,Computer Software: Prepackaged Software,USA
SATLW,SATLW,Satellogic Inc. - Warrant,NASDAQ,S,N,N,59297639,Technology,Radio And Television Broadcasting And Communications Equipment,USA
SAV,SAV,Saratoga Investment Corp 7.50% Notes due 2031,NYSE, ,N,N,0,Finance,Investment Managers,USA
SAY,SAY,Saratoga Investment Corp 8.125% Notes due 2027,NYSE, ,N,N,397343802,Finance,Investment Managers,USA
SAZ,SAZ,Saratoga Investment Corp 8.50% Notes due 2028,NYSE, ,N,N,398283890,Finance,Investment Managers,USA
SB$C,SB$C,"Safe Bulkers, Inc Cumulative Redeemable Perpetual Preferred Series C (Marshall Islands)",NYSE, ,N,N,,,,USA
SB$D,SB$D,"Safe Bulkers, Inc Perpetual Preferred Series D (Marshall Islands)",NYSE, ,N,N,,,,USA
SBCWW,SBCWW,SBC Medical Group Holdings Incorporated - Warrants,NASDAQ,S,N,N,19314656,Health Care,Medical/Nursing Services,USA
SBFMW,SBFMW,Sunshine Biopharma Inc. - Warrant,NASDAQ,S,N,N,66257,Health Care,Biotechnology: Pharmaceutical Preparations,USA
SBI,SBI,Western Asset Intermediate Muni Fund Inc Common Stock,NYSE, ,N,N,0,Finance,Finance/Investors Services,USA
SBXD-U,SBXD.U,"SilverBox Corp IV Units, each consisting of one Class A ordinary share and one-third of one redeemable warrant",NYSE, ,N,N,,,,USA
SBXD-W,SBXD.W,"SilverBox Corp IV Redeemable warrants, each whole warrant exercisable for one Class A Ordinary Share at an exercise price of $11.50",NYSE, ,N,N,,,,USA
SBXE-U,SBXE.U,"SilverBox Corp V Units, each consisting of one Class A Ordinary Share and one-third of one redeemable warrant",NYSE, ,N,N,,,,USA
SBXE-W,SBXE.W,"SilverBox Corp V Redeemable warrants, each whole warrant exercisable for one Class A Ordinary Share at an exercise price of $11.50",NYSE, ,N,N,,,,USA
SCAGW,SCAGW,Scage Future - Warrants,NASDAQ,S,N,N,,,,USA
SCCD,SCCD,Sachem Capital Corp. 6.00% Notes due 2026,NYSE MKT, ,N,N,1168170956,Real Estate,Real Estate Investment Trusts,USA
SCCE,SCCE,Sachem Capital Corp. 6.00% Notes due 2027,NYSE MKT, ,N,N,1152784713,Real Estate,Real Estate Investment Trusts,USA
SCCF,SCCF,Sachem Capital Corp. 7.125% Notes due 2027,NYSE MKT, ,N,N,1141895987,Real Estate,Real Estate Investment Trusts,USA
SCCG,SCCG,Sachem Capital Corp. 8.00% Notes due 2027,NYSE MKT, ,N,N,1139055449,Real Estate,Real Estate Investment Trusts,USA
SCD,SCD,LMP Capital and Income Fund Inc. Common Stock,NYSE, ,N,N,0,Finance,Trusts Except Educational Religious and Charitable,USA
SCE$G,SCE$G,SCE Trust II Trust Preferred Securities,NYSE, ,N,N,,,,USA
SCE$M,SCE$M,SCE Trust VII 7.50% Trust Preference Securities,NYSE, ,N,N,,,,USA
SCE$N,SCE$N,SCE Trust VIII 6.95% Trust Preference Securities,NYSE, ,N,N,,,,USA
SCHW$D,SCHW$D,"The Charles Schwab Corporation Depositary Shares each representing 1/40th interest in a share of 5.95% Non-Cumulative Perpetual Preferred Stock, Series D",NYSE, ,N,N,,,,USA
SCHW$J,SCHW$J,"The Charles Schwab Corporation Depositary Shares, Each Representing a 1/40th Interest in a Share of 4.450% Non-Cumulative Perpetual Preferred Stock, Series J",NYSE, ,N,N,,,,USA
SCIIR,SCIIR,SC II Acquisition Corp. - Rights,NASDAQ,G,N,N,0,,,USA
SCIIU,SCIIU,SC II Acquisition Corp. - Units,NASDAQ,G,N,N,0,,,USA
SCLXW,SCLXW,Scilex Holding Company - Warrant,NASDAQ,S,N,N,1783166,Health Care,Biotechnology: Biological Products (No Diagnostic Substances),USA
SCPQU,SCPQU,Social Commerce Partners Corporation - Unit,NASDAQ,G,N,N,0,,,USA
SCPQW,SCPQW,Social Commerce Partners Corporation - Warrant,NASDAQ,G,N,N,,,,USA
SDAWW,SDAWW,SunCar Technology Group Inc. - Warrant,NASDAQ,S,N,N,,,,USA
SDHIR,SDHIR,Siddhi Acquisition Corp - Right,NASDAQ,G,N,N,0,,,USA
SDHIU,SDHIU,Siddhi Acquisition Corp - Unit,NASDAQ,G,N,N,,,,USA
SDHY,SDHY,PGIM Short Duration High Yield Opportunities Fund Common Shares,NYSE, ,N,N,397976393,Finance,Finance/Investors Services,USA
SDSTW,SDSTW,Stardust Power Inc. - Warrant,NASDAQ,S,N,N,925726,Industrials,Major Chemicals,USA
SEAL$A,SEAL$A,Seapeak LLC 9.00% Series A Cumulative Redeemable Perpetual Preferred Units,NYSE, ,N,N,,,,USA
SEAL$B,SEAL$B,Seapeak LLC 8.50% Series B Fixed-to-Floating Rate Cumulative Redeemable Perpetual Preferred Units,NYSE, ,N,N,,,,USA
SEATW,SEATW,Vivid Seats Inc. - Warrant,NASDAQ,Q,N,N,,,,USA
SES-W,SES.W,"SES AI Corporation Warrants, each whole warrant exercisable for one share of Class A Common Stock at an exercise price of $11.50 per share",NYSE, ,N,N,,,,USA
SF$B,SF$B,"Stifel Financial Corporation Depositary Shares, Each Representing 1/1,000th  Interest in a Share of 6.25% Non-Cumulative  Preferred Stock, Series B",NYSE, ,N,N,,,,USA
SF$C,SF$C,"Stifel Financial Corporation Depositary Shares, Each Representing 1/1,000th Interest in a Share of 6.125% Non Cumulative Preferred Stock, Series C",NYSE, ,N,N,,,,USA
SF$D,SF$D,"Stifel Financial Corporation Depositary Shares, Each Representing 1/1,000th Interest in a Share of 4.50% Non-Cumulative Preferred Stock, Series D",NYSE, ,N,N,,,,USA
SFB,SFB,Stifel Financial Corporation 5.20% Senior Notes due 2047,NYSE, ,N,N,2019968237,Finance,Investment Bankers/Brokers/Service,USA
SHFSW,SHFSW,"SHF Holdings, Inc. - Warrants",NASDAQ,S,N,N,331756,Finance,Finance: Consumer Services,USA
SHMDW,SHMDW,SCHMID Group N.V. - Warrants,NASDAQ,S,N,N,77503924,Technology,Industrial Machinery/Components,USA
SHO$H,SHO$H,"Sunstone Hotel Investors, Inc. 6.125% Series H Cumulative Redeemable Preferred Stock",NYSE, ,N,N,,,,USA
SHO$I,SHO$I,"Sunstone Hotel Investors, Inc. 5.70% Series I Cumulative Redeemable Preferred Stock",NYSE, ,N,N,,,,USA
SHOTR,SHOTR,RMG ML Sports Holdings - Rights,NASDAQ,G,N,N,0,,,USA
SHOTU,SHOTU,RMG ML Sports Holdings - Unit,NASDAQ,G,N,N,0,,,USA
SIGIP,SIGIP,"Selective Insurance Group, Inc. - Depositary Shares, each representing a 1/1,000th interest in a share of 4.60% Non-Cumulative Preferred Stock, Series B",NASDAQ,Q,N,N,956116234,Finance,Property-Casualty Insurers,USA
SIMAU,SIMAU,SIM Acquisition Corp. I - Unit,NASDAQ,S,N,N,,,,USA
SIMAW,SIMAW,SIM Acquisition Corp. I - Warrant,NASDAQ,S,N,N,0,Finance,Blank Checks,USA
SKYAW,SKYAW,"SkyAI, Inc. - Warrant",NASDAQ,S,N,N,821050,Health Care,Medical/Dental Instruments,USA
SKYH-W,SKYH.W,"Sky Harbour Group Corporation Warrants, each whole warrant exercisable for one share of Class A common stock at an exercise price of $11.50 per share",NYSE, ,N,N,,,,USA
SLDPW,SLDPW,"Solid Power, Inc. - Warrant",NASDAQ,Q,N,N,13521520,Miscellaneous,Industrial Machinery/Components,USA
SLG$I,SLG$I,SL Green Realty Corporation Preferred Series I,NYSE, ,N,N,,,,USA
SLMBP,SLMBP,"SLM Corporation - Floating Rate Non-Cumulative Preferred Stock, Series B",NASDAQ,Q,N,N,14003029879,Finance,Finance: Consumer Services,USA
SLND-W,SLND.W,"Southland Holdings, Inc. Warrants",NYSE MKT, ,N,N,,,,USA
SLNHP,SLNHP,"Soluna Holdings, Inc. - 9.0% Series A Cumulative Perpetual Preferred Stock",NASDAQ,S,N,N,1382374198,Technology,EDP Services,USA
SLRC,SLRC,SLR Investment Corp. - Closed End Fund,NASDAQ,Q,N,N,721757808,Finance,Finance/Investors Services,USA
SLXNW,SLXNW,Silexion Therapeutics Corp - Warrant,NASDAQ,S,N,N,,,,USA
SMCIP,SMCIP,"Super Micro Computer, Inc. - Depositary Shares Each Representing a 1/20th Interest in a Share of 7% Series A Mandatory Convertible Preferred Stock",NASDAQ,Q,N,N,27581051585,Technology,Computer Manufacturing,USA
SMHB,SMHB,ETRACS Monthly Pay 2x Leveraged Small Cap High Dividend ETN Series B,NYSE ARCA, ,N,N,,,,USA
SMXWW,SMXWW,SMX (Security Matters) Public Limited Company - Warrant,NASDAQ,S,N,N,23584,Technology,Industrial Machinery/Components,USA
SOCAU,SOCAU,Solarius Capital Acquisition Corp. - Units,NASDAQ,G,N,N,0,Finance,Blank Checks,USA
SOCAW,SOCAW,Solarius Capital Acquisition Corp. - Warrant,NASDAQ,G,N,N,,,,USA
SOJC,SOJC,"Southern Company (The) Series 2017B 5.25% Junior Subordinated Notes due December 1, 2077",NYSE, ,N,N,22330962362,Utilities,Electric Utilities: Central,USA
SOJD,SOJD,"Southern Company (The) Series 2020A 4.95% Junior Subordinated Notes due January 30, 2080",NYSE, ,N,N,21021905948,Utilities,Electric Utilities: Central,USA
SOJE,SOJE,"Southern Company (The) Series 2020C 4.20% Junior Subordinated Notes due October 15, 2060",NYSE, ,N,N,18235465178,Utilities,Electric Utilities: Central,USA
SOJF,SOJF,"Southern Company (The) Series 2025A 6.50% Junior Subordinated Notes due March 15, 2085",NYSE, ,N,N,0,Utilities,Electric Utilities: Central,USA
SOMN,SOMN,Southern Company (The) 2025 Series A Corporate Units,NYSE, ,N,N,55772848950,Utilities,Electric Utilities: Central,USA
SORNU,SORNU,Soren Acquisition Corp. - Unit,NASDAQ,G,N,N,0,Finance,Blank Checks,USA
SORNW,SORNW,Soren Acquisition Corp. - Warrant,NASDAQ,G,N,N,0,Finance,Blank Checks,USA
SOUL-R,SOUL.R,"Soulpower Acquisition Corporation Rights, each right entitling the holder to receive one-tenth (1/10) of one Class A Ordinary Share",NYSE, ,N,N,,,,USA
SOUL-U,SOUL.U,"Soulpower Acquisition Corporation Units, each consisting of one Class A ordinary share and one right",NYSE, ,N,N,,,,USA
SOUNW,SOUNW,"SoundHound AI, Inc. - Warrant",NASDAQ,G,N,N,732678992,Technology,Computer Software: Prepackaged Software,USA
SPE,SPE,"Special Opportunities Fund, Inc Common Stock",NYSE, ,N,N,0,Finance,Finance/Investors Services,USA
SPE$C,SPE$C,"Special Opportunities Fund Inc. 2.75% Convertible Preferred Stock, Series C",NYSE, ,N,N,,,,USA
SPEGR,SPEGR,Silver Pegasus Acquisition Corp - Rights,NASDAQ,G,N,N,0,,,USA
SPEGU,SPEGU,Silver Pegasus Acquisition Corp - Unit,NASDAQ,G,N,N,0,,,USA
SPG$J,SPG$J,"Simon Property Group, Inc. Simon Property Group 8 3/8% Series J Cumulative Redeemable Preferred Stock",NYSE, ,N,N,,,,USA
SPKLU,SPKLU,Spark I Acquisition Corp. - Unit,NASDAQ,G,N,N,,,,USA
SPKLW,SPKLW,Spark I Acquisition Corp. - Warrant,NASDAQ,G,N,N,0,,,USA
SPMA,SPMA,"Sound Point Meridian Capital, Inc. 8.00% Series A Preferred Shares Due 2029",NYSE, ,N,N,0,,,USA
SPME,SPME,"Sound Point Meridian Capital, Inc. 7.875% Series B Preferred Shares due 2030",NYSE, ,N,N,0,,,USA
SPWRW,SPWRW,SunPower Inc. - Warrant,NASDAQ,S,N,N,22542482,Technology,Semiconductors,USA
SPXX,SPXX,Nuveen S&P 500 Dynamic Overwrite Fund,NYSE, ,N,N,0,Finance,Trusts Except Educational Religious and Charitable,USA
SQFTP,SQFTP,"Presidio Property Trust, Inc. - 9.375% Series D Cumulative Redeemable Perpetual Preferred Stock, $0.01 par value per share",NASDAQ,S,N,N,8228290,Real Estate,Real Estate Investment Trusts,USA
SQFTW,SQFTW,"Presidio Property Trust, Inc. - Series A Common Stock Purchase Warrants",NASDAQ,S,N,N,22130,Real Estate,Real Estate Investment Trusts,USA
SREA,SREA,DBA Sempra 5.750% Junior Subordinated Notes due 2079,NYSE, ,N,N,13486007138,Utilities,Natural Gas Distribution,USA
SRG$A,SRG$A,Seritage Growth Properties 7.00% Series A Cumulative Redeemable Preferred Shares of Beneficial Interest,NYSE, ,N,N,,,,USA
SRJN,SRJN,Spire Inc. 6.375% Junior Subordinated Notes due 2086,NYSE, ,N,N,0,Utilities,Oil/Gas Transmission,USA
SRV,SRV,NXG Cushing Midstream Energy Fund Common Shares of Beneficial Interest,NYSE, ,N,N,0,Finance,Finance Companies,USA
SRZNW,SRZNW,"Surrozen, Inc. - Warrant",NASDAQ,S,N,N,,,,USA
SSACR,SSACR,SPACSphere Acquisition Corp. - Rights,NASDAQ,G,N,N,0,Finance,Blank Checks,USA
SSACU,SSACU,SPACSphere Acquisition Corp. - Unit,NASDAQ,G,N,N,0,Finance,Blank Checks,USA
SSACW,SSACW,SPACSphere Acquisition Corp. - Warrant,NASDAQ,G,N,N,0,Finance,Blank Checks,USA
SSEAR,SSEAR,Starry Sea Acquisition Corp - Rights,NASDAQ,S,N,N,,,,USA
SSEAU,SSEAU,Starry Sea Acquisition Corp - Unit,NASDAQ,S,N,N,0,Finance,Blank Checks,USA
STEW,STEW,"SRH Total Return Fund, Inc. Common Stock",NYSE, ,N,N,0,Finance,Investment Managers,USA
STK,STK,Columbia Seligman Premium Technology Growth Fund Inc,NYSE, ,N,N,0,Finance,Investment Managers,USA
STRC,STRC,Strategy Inc - Variable Rate Series A Perpetual Stretch Preferred Stock,NASDAQ,Q,N,N,30895484396,Technology,Computer Software: Prepackaged Software,USA
STRD,STRD,Strategy Inc - 10.00% Series A Perpetual Stride Preferred Stock,NASDAQ,Q,N,N,21584084436,Technology,Computer Software: Prepackaged Software,USA
STRF,STRF,Strategy Inc - 10.00% Series A Perpetual Strife Preferred Stock,NASDAQ,Q,N,N,34343891456,Technology,Computer Software: Prepackaged Software,USA
STRK,STRK,Strategy Inc - 8.00% Series A Perpetual Strike Preferred Stock,NASDAQ,Q,N,N,21997612925,Technology,Computer Software: Prepackaged Software,USA
STRRP,STRRP,"Star Equity Holdings, Inc. - 10% Series A Cumulative Perpetual Preferred Stock",NASDAQ,Q,N,N,36774106,Consumer Discretionary,Professional Services,USA
SUMAR,SUMAR,SUMA Acquisition Corporation - Rights,NASDAQ,G,N,N,0,Finance,Blank Checks,USA
SUMAU,SUMAU,SUMA Acquisition Corporation - Units,NASDAQ,G,N,N,0,Finance,Blank Checks,USA
SUN,SUN,Sunoco LP Common Units representing limited partner interests,NYSE, ,N,N,15359656673,Energy,Integrated oil Companies,USA
SUNC,SUNC,"SunocoCorp LLC Common Units, representing limited liability company interests",NYSE, ,N,N,3835455391,Energy,Integrated oil Companies,USA
SVAQU,SVAQU,Silicon Valley Acquisition Corp. - Units,NASDAQ,G,N,N,0,Finance,Blank Checks,USA
SVAQW,SVAQW,Silicon Valley Acquisition Corp. - Warrants,NASDAQ,G,N,N,0,Finance,Blank Checks,USA
SVCCU,SVCCU,Stellar V Capital Corp. - Unit,NASDAQ,G,N,N,0,Finance,Blank Checks,USA
SVCCW,SVCCW,Stellar V Capital Corp. - Warrant,NASDAQ,G,N,N,0,Finance,Blank Checks,USA
SVIVU,SVIVU,Spring Valley Acquisition Corp. IV - Units,NASDAQ,G,N,N,0,Finance,Blank Checks,USA
SVIVW,SVIVW,Spring Valley Acquisition Corp. IV - Warrants,NASDAQ,G,N,N,0,Finance,Blank Checks,USA
SVREW,SVREW,SaverOne 2014 Ltd. - Warrant,NASDAQ,S,N,N,,,,USA
SWAGW,SWAGW,"Stran & Company, Inc. - Warrant",NASDAQ,S,N,N,409189,Consumer Discretionary,Advertising,USA
SWKHL,SWKHL,SWK Holdings Corporation - 9.00% Senior Notes due 2027,NASDAQ,G,N,N,306841882,,,USA
SWVLW,SWVLW,Swvl Holdings Corp - Warrant,NASDAQ,S,N,N,94661,Consumer Discretionary,Business Services,USA
SWZ,SWZ,Total Return Securities Fund Common Stock,NYSE, ,N,N,0,Finance,Finance Companies,USA
SXTPW,SXTPW,"60 Degrees Pharmaceuticals, Inc. - Warrant",NASDAQ,S,N,N,77119,Health Care,Biotechnology: Pharmaceutical Preparations,USA
SYF$A,SYF$A,"Synchrony Financial Depositary Shares, each Representing a 1/40th Interest in a Share of 5.625% Fixed Rate Non-Cumulative Perpetual Preferred Stock, Series A",NYSE, ,N,N,,,,USA
SYF$B,SYF$B,"Synchrony Financial Depositary Shares Each Representing a 1/40th Interest in a Share of 8.250% Fixed Rate Reset Non-Cumulative Perpetual Preferred Stock, Series B",NYSE, ,N,N,,,,USA
SZZLR,SZZLR,Sizzle Acquisition Corp. II - Right,NASDAQ,G,N,N,0,Finance,Blank Checks,USA
SZZLU,SZZLU,Sizzle Acquisition Corp. II - Unit,NASDAQ,G,N,N,,,,USA
T$A,T$A,"AT&T Inc. Depositary Shares, each representing a 1/1,000th interest in a share of 5.000% Perpetual Preferred Stock, Series A",NYSE, ,N,N,,,,USA
T$C,T$C,"AT&T Inc. Depositary Shares, each representing a 1/1,000th interest in a share of 4.750% Perpetual Preferred Stock, Series C",NYSE, ,N,N,,,,USA
TACHU,TACHU,Titan Acquisition Corp. - Units,NASDAQ,G,N,N,,,,USA
TACHW,TACHW,Titan Acquisition Corp. - Warrants,NASDAQ,G,N,N,0,Finance,Blank Checks,USA
TACOU,TACOU,Berto Acquisition Corp. - unit,NASDAQ,G,N,N,0,Finance,Blank Checks,USA
TACOW,TACOW,Berto Acquisition Corp. - Warrant,NASDAQ,G,N,N,0,Finance,Blank Checks,USA
TAVIR,TAVIR,Tavia Acquisition Corp. - Right,NASDAQ,G,N,N,0,Finance,Blank Checks,USA
TAVIU,TAVIU,Tavia Acquisition Corp. - Unit,NASDAQ,G,N,N,,,,USA
TBB,TBB,AT&T Inc. 5.350% Global Notes due 2066,NYSE, ,N,N,144294778986,Telecommunications,Telecommunications Equipment,USA
TBLD,TBLD,Thornburg Income Builder Opportunities Trust - Closed End Fund,NASDAQ,Q,N,N,702914057,Finance,Investment Managers,USA
TCBIO,TCBIO,"Texas Capital Bancshares, Inc. - Depositary Shares 5.75% Fixed Rate Non-Cumulative Perpetual Preferred Stock Series B",NASDAQ,Q,N,N,898311215,Finance,Major Banks,USA
TCPA,TCPA,TransCanada PipeLines Limited 6.250% Junior Subordinated Notes due 2085,NYSE, ,N,N,0,Utilities,Natural Gas Distribution,USA
TCPC,TCPC,BlackRock TCP Capital Corp. - Closed End Fund,NASDAQ,Q,N,N,271844991,Finance,Finance/Investors Services,USA
TDACU,TDACU,Translational Development Acquisition Corp. - Units,NASDAQ,G,N,N,,,,USA
TDACW,TDACW,Translational Development Acquisition Corp. - Warrants,NASDAQ,G,N,N,0,,,USA
TDF,TDF,"Templeton Dragon Fund, Inc. Common Stock",NYSE, ,N,N,0,Finance,Finance/Investors Services,USA
TDS$U,TDS$U,"Telephone and Data Systems, Inc. Depositary Shares, Each Representing a 1/1,000th Interest in a 6.625% Series UU Cumulative Redeemable Perpetual Preferred Stock",NYSE, ,N,N,,,,USA
TDS$V,TDS$V,"Telephone and Data Systems, Inc. Depositary Shares, Each Representing a 1/1,000th Interest in a 6.000% Series VV Cumulative Redeemable Perpetual Preferred Stock",NYSE, ,N,N,,,,USA
TDWDR,TDWDR,Tailwind 2.0 Acquisition Corp. - Rights,NASDAQ,G,N,N,0,Finance,Blank Checks,USA
TDWDU,TDWDU,Tailwind 2.0 Acquisition Corp. - Unit,NASDAQ,G,N,N,,,,USA
TEI,TEI,"Templeton Emerging Markets Income Fund, Inc. Common Stock",NYSE, ,N,N,0,Finance,Finance Companies,USA
TEN$E,TEN$E,"Tsakos Energy Navigation Ltd Series E Fixed-to-Floating Rate Cumulative Redeemable Perpetual Preferred Shares, par value $1.00",NYSE, ,N,N,,,,USA
TEN$F,TEN$F,"Tsakos Energy Navigation Ltd Series F Fixed-to-Floating Rate Cumulative Redeemable Perpetual Preferred Shares, par value $1.00",NYSE, ,N,N,,,,USA
TFC$O,TFC$O,"Truist Financial Corporation Depositary Shares, Each Representing a 1/1,000th Interest in a Share of Series O Non-Cumulative Perpetual Preferred Stock",NYSE, ,N,N,,,,USA
TFC$R,TFC$R,"Truist Financial Corporation Depositary Shares, each representing 1/1,000th interest in a share of Series R Non-Cumulative Perpetual Preferred Stock",NYSE, ,N,N,,,,USA
TFIN$,TFIN$,"Triumph Financial, Inc. Depositary Shares, Each Representing a 1/40th Interest in a Share of 7.125% Series C Fixed-Rate Non-Cumulative Perpetual Preferred Stock",NYSE, ,N,N,,,,USA
TGE-W,TGE.W,"The Generation Essentials Group Warrants, each whole warrant exercisable for one Class A Ordinary Share",NYSE MKT, ,N,N,,,,USA
THQ,THQ,abrdn Healthcare Opportunities Fund Shares of Beneficial Interest,NYSE, ,N,N,0,Finance,Finance Companies,USA
THW,THW,abrdn World Healthcare Fund Shares of Beneficial Interest,NYSE, ,N,N,0,Finance,Finance Companies,USA
TLNCU,TLNCU,Talon Capital Corp. - Units,NASDAQ,G,N,N,0,Finance,Blank Checks,USA
TLNCW,TLNCW,Talon Capital Corp. - Warrants,NASDAQ,G,N,N,,,,USA
TLSIW,TLSIW,"TriSalus Life Sciences, Inc. - Warrant",NASDAQ,G,N,N,51589889,Health Care,Medical Specialities,USA
TMCWW,TMCWW,TMC the metals company Inc. - Warrant,NASDAQ,Q,N,N,27466220,Basic Materials,Metal Mining,USA
TMSWW,TMSWW,Teamshares Inc. - Warrants,NASDAQ,S,N,N,108459733,,,USA
TMTSU,TMTSU,Spartacus Acquisition Corp. II - Unit,NASDAQ,G,N,N,0,Finance,Blank Checks,USA
TMTSW,TMTSW,Spartacus Acquisition Corp. II - Warrants,NASDAQ,G,N,N,0,,,USA
TMUSI,TMUSI,"T-Mobile US, Inc. - 5.500% Senior Notes due June 2070",NASDAQ,G,N,N,0,Telecommunications,Telecommunications Equipment,USA
TMUSL,TMUSL,"T-Mobile US, Inc. - 6.250% Senior Notes due 2069",NASDAQ,G,N,N,0,Telecommunications,Telecommunications Equipment,USA
TMUSZ,TMUSZ,"T-Mobile US, Inc. - 5.500% Senior Notes due March 2070",NASDAQ,G,N,N,0,Telecommunications,Telecommunications Equipment,USA
TNONW,TNONW,"Tenon Medical, Inc. - Warrant",NASDAQ,S,N,N,,,,USA
TOIIW,TOIIW,"The Oncology Institute, Inc. - Warrant",NASDAQ,S,N,N,6978809,Health Care,Medical/Nursing Services,USA
TPGXL,TPGXL,TPG Inc. - 6.950% Fixed-Rate Junior Subordinated Notes due 2064,NASDAQ,G,N,N,8423827145,,,USA
TPTS,TPTS,"Terra Property Trust, Inc. 7.00% Senior Secured Notes due 2029",NYSE, ,N,N,0,Real Estate,Real Estate Investment Trusts,USA
TRAD-R,TRAD.R,"APEX Tech Acquisition Inc. Rights, each entitling the holder to receive one-fourth (1/4) of one ordinary share",NYSE, ,N,N,,,,USA
TRAD-U,TRAD.U,"APEX Tech Acquisition Inc. Units, each consisting of one Class A ordinary share and one right to receive one sixth (1/6) of a Class A ordinary share",NYSE, ,N,N,,,,USA
TRGSR,TRGSR,TRG Latin America Acquisitions Corp. - Rights,NASDAQ,G,N,N,,,,USA
TRGSU,TRGSU,TRG Latin America Acquisitions Corp. - Units,NASDAQ,G,N,N,0,,,USA
TRINI,TRINI,Trinity Capital Inc. - 7.875% Notes Due 2029,NASDAQ,Q,N,N,1777541965,Finance,Finance: Consumer Services,USA
TRINZ,TRINZ,Trinity Capital Inc. - 7.875% Notes due 2029,NASDAQ,Q,N,N,1774377828,Finance,Finance: Consumer Services,USA
TRTN$A,TRTN$A,Triton International Limited 8.50% Series A Cumulative Redeemable Perpetual  Preference Shares,NYSE, ,N,N,,,,USA
TRTN$B,TRTN$B,Triton International Limited 8.00% Series B Cumulative Redeemable Perpetual Preference Shares,NYSE, ,N,N,,,,USA
TRTN$C,TRTN$C,Triton International Limited 7.375% Series C Cumulative Redeemable Perpetual Preference Shares,NYSE, ,N,N,,,,USA
TRTN$D,TRTN$D,Triton International Limited 6.875% Series D Cumulative Redeemable Perpetual Preference Shares,NYSE, ,N,N,,,,USA
TRTN$E,TRTN$E,Triton International Limited 5.75% Series E Cumulative Redeemable Perpetual Preference Shares,NYSE, ,N,N,,,,USA
TRTN$F,TRTN$F,Triton International Limited 7.625% Series F Cumulative Redeemable Perpetual Preference Shares,NYSE, ,N,N,,,,USA
TRTN$G,TRTN$G,Triton International Limited 7.500% Series G Cumulative Redeemable Perpetual Preference Shares,NYSE, ,N,N,,,,USA
TRTX$C,TRTX$C,"TPG RE Finance Trust, Inc. 6.25% Series C Cumulative Redeemable Preferred Stock, $0.001 par value per share",NYSE, ,N,N,,,,USA
TSI,TSI,"TCW Strategic Income Fund, Inc. Common Stock",NYSE, ,N,N,0,Finance,Investment Managers,USA
TVACU,TVACU,Texas Ventures Acquisition III Corp - Unit,NASDAQ,G,N,N,0,Finance,Blank Checks,USA
TVACW,TVACW,Texas Ventures Acquisition III Corp - Warrants,NASDAQ,G,N,N,,,,USA
TVAIR,TVAIR,Thayer Ventures Acquisition Corporation II - Rights,NASDAQ,G,N,N,0,,,USA
TVAIU,TVAIU,Thayer Ventures Acquisition Corporation II - Unit,NASDAQ,G,N,N,,,,USA
TVGNW,TVGNW,Tevogen Bio Holdings Inc. - Warrant,NASDAQ,S,N,N,222781,Health Care,Biotechnology: Biological Products (No Diagnostic Substances),USA
TVIVU,TVIVU,Texas Ventures Acquisition IV Corp - Units,NASDAQ,G,N,N,0,,,USA
TVIVW,TVIVW,Texas Ventures Acquisition IV Corp - Warrant,NASDAQ,G,N,N,,,,USA
TWLVR,TWLVR,Twelve Seas Investment Company III - Rights,NASDAQ,G,N,N,0,Finance,Blank Checks,USA
TWLVU,TWLVU,Twelve Seas Investment Company III - Units,NASDAQ,G,N,N,,,,USA
TWN,TWN,"Taiwan Fund, Inc. (The) Common Stock",NYSE, ,N,N,0,Finance,Trusts Except Educational Religious and Charitable,USA
TWO$A,TWO$A,Two Harbors Investments Corp 8.125% Series A Fixed-to-Floating Rate Cumulative Redeemable Preferred Stock ($25.00 liquidation preference per share),NYSE, ,N,N,,,,USA
TWO$B,TWO$B,Two Harbors Investments Corp 7.625% Series B Fixed-to-Floating Rate Cumulative Redeemable Preferred Stock,NYSE, ,N,N,,,,USA
TWO$C,TWO$C,Two Harbors Investments Corp 7.25% Series C Fixed-to-Floating Rate Cumulative Redeemable Preferred Stock,NYSE, ,N,N,,,,USA
TWOD,TWOD,Two Harbors Investments Corp 9.375% Senior Notes due 2030,NYSE, ,N,N,0,Real Estate,Real Estate Investment Trusts,USA
TXO,TXO,"TXO Partners, L.P. Common Units Representing Limited Partner Interests",NYSE, ,N,N,721467141,Energy,Oil & Gas Production,USA
TY$,TY$,Tri Continental Corporation Preferred Stock,NYSE, ,N,N,,,,USA
UAC-U,UAC.U,"United Acquisition Corp. I Units, each consisting of one Class A ordinary share and one-quarter of one redeemable warrant",NYSE MKT, ,N,N,,,,USA
UAC-W,UAC.W,"United Acquisition Corp. I Warrants, each whole warrant exercisable for one Class A ordinary share at an exercise price of $11.50",NYSE MKT, ,N,N,,,,USA
UAN,UAN,"CVR Partners, LP Common Units representing Limited Partner Interests",NYSE, ,N,N,1274486829,Industrials,Agricultural Chemicals,USA
UCFIW,UCFIW,CN Healthy Food Tech Group Corp. - Warrant,NASDAQ,S,N,N,,,,USA
UCIB,UCIB,"ETRACS UBS Bloomberg Constant Maturity Commodity Index (CMCI) Total Return ETN Series B due April 5, 2038",NYSE ARCA, ,N,N,,,,USA
UMBFO,UMBFO,"UMB Financial Corporation - Depositary Shares Each Representing a 1/400th Interest in a Share of 7.750% Fixed-Rate Reset Non-Cumulative Perpetual Preferred Stock, Series B",NASDAQ,Q,N,N,2008117755,Finance,Major Banks,USA
UMH$D,UMH$D,"UMH Properties, Inc. 6.375% Series D Cumulative Redeemable Preferred Stock, Liquidation Preference $25 per share",NYSE, ,N,N,,,,USA
UNMA,UNMA,Unum Group 6.250% Junior Subordinated Notes due 2058,NYSE, ,N,N,3665140925,Finance,Accident &Health Insurance,USA
USA,USA,Liberty All-Star Equity Fund Common Stock,NYSE, ,N,N,0,Finance,Finance Companies,USA
USAC,USAC,"USA Compression Partners, LP Common Units Representing Limited Partner Interests",NYSE, ,N,N,3909904495,Utilities,Natural Gas Distribution,USA
USB$P,USB$P,"U.S. Bancorp Depositary Shares each representing a 1/1,000th interest in a share of Series K Non-Cumulative Perpetual Preferred Stock",NYSE, ,N,N,,,,USA
USB$Q,USB$Q,"U.S. Bancorp Depositary Shares, Each Representing a 1/1,000th Interest in a Share of Series L Non-Cumulative Perpetual Preferred Stock",NYSE, ,N,N,,,,USA
USB$R,USB$R,"U.S. Bancorp Depositary Shares, Each Representing a 1/1,000th Interest in a Share of Series M Non-Cumulative Perpetual Preferred Stock",NYSE, ,N,N,,,,USA
USB$S,USB$S,"U.S. Bancorp Depositary Shares, each representing a 1/1,000th interest in a share of Series O Non-Cumulative Perpetual Preferred Stock",NYSE, ,N,N,,,,USA
USDEW,USDEW,StablecoinX Inc. - Warrants,NASDAQ,S,N,N,40650623,Finance,Finance: Consumer Services,USA
UTF,UTF,"Cohen & Steers Infrastructure Fund, Inc Common Stock",NYSE, ,N,N,0,Finance,Finance Companies,USA
UTG,UTG,Reaves Utility Income Fund Common Shares of Beneficial Interest,NYSE MKT, ,N,N,0,Finance,Investment Managers,USA
UYSCR,UYSCR,UY Scuti Acquisition Corp. - Rights,NASDAQ,S,N,N,,,,USA
UYSCU,UYSCU,UY Scuti Acquisition Corp. - Units,NASDAQ,S,N,N,,,,USA
UZD,UZD,"Array Digital Infrastructure, Inc. 6.250% Senior Notes due 2069",NYSE, ,N,N,1643460000,Telecommunications,Telecommunications Equipment,USA
UZE,UZE,"Array Digital Infrastructure, Inc. 5.500% Senior Notes due 2070",NYSE, ,N,N,1444800000,Telecommunications,Telecommunications Equipment,USA
UZF,UZF,"Array Digital Infrastructure, Inc. 5.500% Senior Notes due 2070",NYSE, ,N,N,1446520000,Telecommunications,Telecommunications Equipment,USA
VACI-U,VACI.U,"Viking Acquisition Corp. I Units, each consisting of one Class A ordinary share and one-third of one Warrant",NYSE, ,N,N,,,,USA
VACI-W,VACI.W,Viking Acquisition Corp. I Warrants to purchase one Class A Ordinary Share,NYSE, ,N,N,,,,USA
VAL-W,VAL.W,Valaris Limited Warrants,NYSE, ,N,N,,,,USA
VBF,VBF,Invesco Bond Fund Common Stock,NYSE, ,N,N,0,Finance,Trusts Except Educational Religious and Charitable,USA
VCX,VCX,"Fundrise Innovation Fund, LLC Common Shares of Limited Liability Company Interests",NYSE, ,N,N,0,,,USA
VECA-R,VECA.R,"Vernal Capital Acquisition Corp. Rights, each right entitling the holder to receive one-fourth (1/4) of one Ordinary Share",NYSE, ,N,N,,,,USA
VECA-U,VECA.U,"Vernal Capital Acquisition Corp. Units, each consisting of one ordinary share and one right",NYSE, ,N,N,,,,USA
VEEAW,VEEAW,Veea Inc. - Warrant,NASDAQ,S,N,N,3301505,Finance,Blank Checks,USA
VFSWW,VFSWW,VinFast Auto Ltd. - Warrant,NASDAQ,S,N,N,655304036,Industrials,Auto Manufacturing,USA
VGASW,VGASW,"Verde Clean Fuels, Inc. - Warrant",NASDAQ,S,N,N,1024641,Industrials,Major Chemicals,USA
VGI,VGI,Virtus Global Multi-Sector Income Fund Common Shares of Beneficial Interest,NYSE, ,N,N,0,Finance,Investment Managers,USA
VHCPU,VHCPU,Vine Hill Capital Investment Corp. II - Units,NASDAQ,G,N,N,,,,USA
VHCPW,VHCPW,Vine Hill Capital Investment Corp. II - Warrants,NASDAQ,G,N,N,,,,USA
VII-U,VII.U,"Viking Acquisition Corp. II Units, each consisting of one Class A ordinary share and one-third of one Warrant",NYSE, ,N,N,,,,USA
VII-W,VII.W,Viking Acquisition Corp. II Warrants to purchase one Class A Ordinary Share,NYSE, ,N,N,,,,USA
VLN-W,VLN.W,"Valens Semiconductor Ltd. Warrants, each warrant to purchase one-half of one Ordinary Share",NYSE, ,N,N,,,,USA
VLYPN,VLYPN,"Valley National Bancorp - 8.250% Fixed-Rate Reset Non-Cumulative Perpetual Preferred Stock, Series C",NASDAQ,Q,N,N,14238408327,Finance,Major Banks,USA
VLYPO,VLYPO,Valley National Bancorp - 5.5% Fixed to Floating Rate Series B Non-Cumulative Perpetual Preferred Stock,NASDAQ,Q,N,N,13797929215,Finance,Major Banks,USA
VLYPP,VLYPP,Valley National Bancorp - 6.25% Fixed-to-Floating Rate Series A Non-Cumulative Perpetual Preferred Stock,NASDAQ,Q,N,N,13875452209,Finance,Major Banks,USA
VNMEU,VNMEU,Vendome Acquisition Corporation I - Unit,NASDAQ,G,N,N,,,,USA
VNMEW,VNMEW,Vendome Acquisition Corporation I - Warrant,NASDAQ,G,N,N,,,,USA
VNO$M,VNO$M,"Vornado Realty Trust 5.25% Series M Cumulative Redeemable Preferred Shares of Beneficial Interest, liquidation preference $25.00 per share, no par value per share",NYSE, ,N,N,,,,USA
VNO$N,VNO$N,"Vornado Realty Trust 5.25% Series N Cumulative Redeemable Preferred Shares of Beneficial Interest, liquidation preference $25.00 per share",NYSE, ,N,N,,,,USA
VNO$O,VNO$O,"Vornado Realty Trust 4.45% Series O Cumulative Redeemable Preferred Shares, Liquidation Preference $25.00 Per Share",NYSE, ,N,N,,,,USA
VOC,VOC,VOC Energy Trust Units of Beneficial Interest,NYSE, ,N,N,57290000,Energy,Oil & Gas Production,USA
VOYA$B,VOYA$B,"Voya Financial, Inc. Depositary Shares, each representing a 1/40th interest in a share of 5.35% Fixed-Rate Reset Non-Cumulative Preferred Stock, Series B",NYSE, ,N,N,,,,USA
VRXAW,VRXAW,Veraxa Biotech AG - Warrants,NASDAQ,S,N,N,19655686,Health Care,Biotechnology: Pharmaceutical Preparations,USA
VSECU,VSECU,VSE Corporation - Tangible Equity Units,NASDAQ,Q,N,N,1487590199,,,USA
VSEEW,VSEEW,"VSee Health, Inc. - Warrant",NASDAQ,S,N,N,1147004,Health Care,Medical/Nursing Services,USA
VWAVW,VWAVW,"VisionWave Holdings, Inc. - Warrant",NASDAQ,S,N,N,18036432,Technology,Computer Software: Prepackaged Software,USA
VXX,VXX,iPath Series B S&P 500 VIX Short-Term Futures ETN,BATS, ,N,N,,,,USA
VXZ,VXZ,iPath Series B S&P 500 VIX Mid-Term Futures ETN,BATS, ,N,N,,,,USA
WAL$A,WAL$A,"Western Alliance Bancorporation Depositary Shares, Each Representing a 1/400th Interest in a Share of 4.250% Fixed-Rate Non-Cumulative Perpetual Preferred Stock, Series A",NYSE, ,N,N,,,,USA
WALDW,WALDW,Waldencast plc - Warrant,NASDAQ,S,N,N,5452679,Consumer Discretionary,Package Goods/Cosmetics,USA
WBS$F,WBS$F,"Webster Financial Corporation Depositary Shares, Each Representing 1/1,000th Interest in a Share of 5.25% Series F Non-Cumulative Perpetual Preferred Stock",NYSE, ,N,N,,,,USA
WBS$G,WBS$G,"Webster Financial Corporation Depositary Shares, each representing a 1/40th interest in a share of 6.50% Series G non-cumulative perpetual preferred stock",NYSE, ,N,N,,,,USA
WDH,WDH,Waterdrop Inc. American Depositary Shares (each representing the right to receive 10 Class A Ordinary Shares),NYSE, ,N,N,427569324,Finance,Specialty Insurers,USA
WDI,WDI,Western Asset Diversified Income Fund Common Shares of Beneficial Interest,NYSE, ,N,N,0,Finance,Trusts Except Educational Religious and Charitable,USA
WEA,WEA,Western Asset Bond Fund Share of Beneficial Interest,NYSE, ,N,N,0,Finance,Trusts Except Educational Religious and Charitable,USA
WENC-R,WENC.R,"West Enclave Merger Corp. Rights, each Right to acquire one-tenth (1/10) of one Ordinary Share",NYSE, ,N,N,,,,USA
WENC-U,WENC.U,"West Enclave Merger Corp. Units, each consisting of one Ordinary Share and one Right to acquire one-tenth (1/10) of one Ordinary Share",NYSE, ,N,N,,,,USA
WENNU,WENNU,Wen Acquisition Corp - Unit,NASDAQ,G,N,N,0,Finance,Blank Checks,USA
WENNW,WENNW,Wen Acquisition Corp - Warrant,NASDAQ,G,N,N,0,Finance,Blank Checks,USA
WES,WES,"Western Midstream Partners, LP Common Units Representing Limited Partner Interests",NYSE, ,N,N,18346272584,Utilities,Natural Gas Distribution,USA
WFC$A,WFC$A,"Wells Fargo & Company Depositary Shares, each representing a 1/1,000th interest in a share of Non-Cumulative Perpetual Class A Preferred Stock, Series AA",NYSE, ,N,N,,,,USA
WFC$C,WFC$C,"Wells Fargo & Company Depositary Shares, each representing a 1/1,000th interest in a share of Non-Cumulative Perpetual Class A Preferred Stock, Series CC",NYSE, ,N,N,,,,USA
WFC$D,WFC$D,"Wells Fargo & Company Depositary Shares, each representing a 1/1,000th interest in  a share of Non-Cumulative Perpetual Class A Preferred Stock, Series DD",NYSE, ,N,N,,,,USA
WFC$L,WFC$L,"Wells Fargo & Company 7.50% Non-Cumulative Perpetual Convertible Class A Preferred Stock, Series L",NYSE, ,N,N,,,,USA
WFC$Y,WFC$Y,"Wells Fargo & Company Depositary Shares, each representing a 1/1,000th interest in a share of Non-Cumulative Perpetual Class A Preferred Stock, Series Y",NYSE, ,N,N,,,,USA
WFC$Z,WFC$Z,"Wells Fargo & Company Depositary Shares, each representing a 1/1,000th interest in a share of Non-Cumulative Perpetual Class A Preferred Stock, Series Z",NYSE, ,N,N,,,,USA
WHF,WHF,"WhiteHorse Finance, Inc. - Closed End Fund",NASDAQ,Q,N,N,137234650,Finance,Finance Companies,USA
WHFCL,WHFCL,"WhiteHorse Finance, Inc. - 7.875% Notes due 2028",NASDAQ,Q,N,N,589372658,,,USA
WHLRD,WHLRD,"Wheeler Real Estate Investment Trust, Inc. - Series D Cumulative Preferred Stock",NASDAQ,S,N,N,,,,USA
WHLRL,WHLRL,"Wheeler Real Estate Investment Trust, Inc. - 7.00% Senior Subordinated Convertible Notes Due 2031",NASDAQ,S,N,N,67112400,Real Estate,Real Estate Investment Trusts,USA
WHLRP,WHLRP,"Wheeler Real Estate Investment Trust, Inc. - Series B Preferred Stock",NASDAQ,S,N,N,8011543,Real Estate,Real Estate Investment Trusts,USA
WHR$A,WHR$A,"Whirlpool Corporation Depositary Shares, each representing a 1/20th interest in a share of 8.50% Series A Mandatory Convertible Preferred Stock",NYSE, ,N,N,,,,USA
WIA,WIA,Western Asset Inflation-Linked Income Fund,NYSE, ,N,N,0,Finance,Trusts Except Educational Religious and Charitable,USA
WIW,WIW,Western Asset Inflation-Linked Opportunities & Income Fund,NYSE, ,N,N,0,Finance,Finance Companies,USA
WLCOU,WLCOU,Wilco 63 Corporation - Units,NASDAQ,G,N,N,0,,,USA
WLDSW,WLDSW,Wearable Devices Ltd. - Warrant,NASDAQ,S,N,N,22682899,Telecommunications,Computer Communications Equipment,USA
WLIIU,WLIIU,Willow Lane Acquisition Corp. II - Unit,NASDAQ,G,N,N,0,,,USA
WLIIW,WLIIW,Willow Lane Acquisition Corp. II - Warrants,NASDAQ,G,N,N,0,Finance,Blank Checks,USA
WLKP,WLKP,Westlake Chemical Partners LP Common Units representing limited partner interests,NYSE, ,N,N,776466714,Industrials,Major Chemicals,USA
WPAC-R,WPAC.R,"White Pearl Acquisition Corp. Rights, each right entitles the holder to receive one-fifth of one Class A ordinary share upon consummation of the initial business combination",NYSE, ,N,N,,,,USA
WPAC-U,WPAC.U,"White Pearl Acquisition Corp. Units, each consisting of one Class A ordinary share and one right to receive one-fifth (1/5) of one Class A ordinary share",NYSE, ,N,N,,,,USA
WRB$E,WRB$E,W.R. Berkley Corporation 5.70% Subordinated Debentures due 2058,NYSE, ,N,N,,,,USA
WRB$F,WRB$F,W.R. Berkley Corporation 5.10% Subordinated Debentures due 2059,NYSE, ,N,N,,,,USA
WRB$G,WRB$G,W.R. Berkley Corporation 4.25% Subordinated Debentures due 2060,NYSE, ,N,N,,,,USA
WRB$H,WRB$H,W.R. Berkley Corporation 4.125% Subordinated Debentures due 2061,NYSE, ,N,N,,,,USA
WSBCO,WSBCO,"WesBanco, Inc. - Depositary Shares each representing 1/40th interest in a share of 7.375% Fixed-Rate Reset Non-Cumulative Perpetual Preferred Stock, Series B",NASDAQ,Q,N,N,2462222336,Finance,Major Banks,USA
WSTNR,WSTNR,Westin Acquisition Corp - Right,NASDAQ,S,N,N,1305716,,,USA
WSTNU,WSTNU,Westin Acquisition Corp - Units,NASDAQ,S,N,N,0,,,USA
WTFCN,WTFCN,"Wintrust Financial Corporation - Depositary Shares, Each Representing a 1/1,000th Interest in a Share of 7.875% Fixed-Rate Reset Non-Cumulative Perpetual Preferred Stock, Series F, no par value, with a liquidation preference of $25,000 per share",NASDAQ,Q,N,N,1757688521,Finance,Major Banks,USA
WTGUR,WTGUR,Wintergreen Acquisition Corp. - Rights,NASDAQ,S,N,N,0,Finance,Blank Checks,USA
WTGUU,WTGUU,Wintergreen Acquisition Corp. - Unit,NASDAQ,S,N,N,0,,,USA
WVVIP,WVVIP,"Willamette Valley Vineyards, Inc. - Series A Redeemable Preferred Stock",NASDAQ,S,N,N,14341044,Consumer Staples,Beverages (Production/Distribution),USA
XBPEW,XBPEW,"XBP Global Holdings, Inc. - Warrant",NASDAQ,S,N,N,614292,Technology,EDP Services,USA
XCBEU,XCBEU,X3 Acquisition Corp. Ltd. - Unit,NASDAQ,G,N,N,0,Finance,Blank Checks,USA
XCBEW,XCBEW,X3 Acquisition Corp. Ltd. - Warrant,NASDAQ,G,N,N,0,Finance,Blank Checks,USA
XELLL,XELLL,"Xcel Energy Inc. - 6.25% Junior Subordinated Notes, Series due 2085",NASDAQ,G,N,N,0,Utilities,Power Generation,USA
XFLH-R,XFLH.R,XFLH Capital Corporation Rights to receive one-seventh (1/7) of one Ordinary Share,NYSE, ,N,N,,,,USA
XFLH-U,XFLH.U,"XFLH Capital Corporation Units, each consisting of one Ordinary Share and one Right",NYSE, ,N,N,,,,USA
XIFR,XIFR,"XPLR Infrastructure, LP Common Units representing limited partner interests",NYSE, ,N,N,1154841739,Utilities,Electric Utilities: Central,USA
XOSWW,XOSWW,"Xos, Inc. - Warrants",NASDAQ,S,N,N,31553,Consumer Discretionary,Auto Parts:O.E.M.,USA
XRN$A,XRN$A,Chiron Real Estate Inc. Series A Cumulative Redeemable Preferred Stock,NYSE, ,N,N,,,,USA
XRN$B,XRN$B,"Chiron Real Estate Inc. 8.00% Series B Cumulative Redeemable Preferred Stock, $0.001 par value per share",NYSE, ,N,N,,,,USA
XRPNU,XRPNU,Armada Acquisition Corp. II - Units,NASDAQ,G,N,N,0,Finance,Blank Checks,USA
XRPNW,XRPNW,Armada Acquisition Corp. II - Warrant,NASDAQ,G,N,N,0,Finance,Blank Checks,USA
XRXDW,XRXDW,Xerox Holdings Corporation - Warrants,NASDAQ,Q,N,N,30170082,Technology,Computer peripheral equipment,USA
XSLLU,XSLLU,Xsolla SPAC 1 - Units,NASDAQ,G,N,N,0,Finance,Blank Checks,USA
XSLLW,XSLLW,Xsolla SPAC 1 - Warrants,NASDAQ,G,N,N,0,Finance,Blank Checks,USA
YCY-U,YCY.U,"AA Mission Acquisition Corp. II Units, each consisting of one Class A ordinary share and one-half of one warrant",NYSE, ,N,N,,,,USA
YCY-W,YCY.W,"AA Mission Acquisition Corp. II Warrants, each whole warrant entitles to purchase one Class A ordinary share at a price of $11.50 per share",NYSE, ,N,N,,,,USA
YDESW,YDESW,YD Bio Limited - Warrants,NASDAQ,G,N,N,20179850,Health Care,Medical Specialities,USA
YHNAR,YHNAR,YHN Acquisition I Limited - Right,NASDAQ,G,N,N,0,,,USA
YHNAU,YHNAU,YHN Acquisition I Limited - Unit,NASDAQ,G,N,N,,,,USA
YICCU,YICCU,Yorkville International Capital Corp. - Units,NASDAQ,G,N,N,0,Finance,Blank Checks,USA
YICCW,YICCW,Yorkville International Capital Corp. - Warrants,NASDAQ,G,N,N,0,Finance,Blank Checks,USA
ZAZZT,ZAZZT,Tick Pilot Test Stock Class A Common Stock,NASDAQ,G,N,Y,,,,USA
ZBZX,ZBZX,BATS BZX Exchange test issue,BATS, ,N,Y,,,,USA
ZBZZT,ZBZZT,Test Pilot Test Stock Class B Common Stock,NASDAQ,G,N,Y,,,,USA
ZCZZT,ZCZZT,Tick Pilot Test Stock Class C ,NASDAQ,G,N,Y,,,,USA
ZEOWW,ZEOWW,Zeo Energy Corporation - Warrants,NASDAQ,S,N,N,1748399,Miscellaneous,Industrial Machinery/Components,USA
ZEXIT,ZEXIT,IEX Test Company Test Symbol Two for IEX,IEX, ,N,Y,,,,USA
ZIEXT,ZIEXT,IEX Test Company Test Symbol One for IEX,IEX, ,N,Y,,,,USA
ZIONP,ZIONP,Zions Bancorporation N.A. - Depositary Shares each representing a 1/40th ownership interest in a share of Series A Floating-Rate Non-Cumulative Perpetual Preferred Stock,NASDAQ,G,N,N,2705018515,Finance,Major Banks,USA
ZJZZT,ZJZZT,NASDAQ TEST STOCK,NASDAQ,Q,N,Y,,,,USA
ZKPU,ZKPU,Lafayette Digital Acquisition Corp. I - Unit,NASDAQ,G,N,N,0,Finance,Blank Checks,USA
ZKPW,ZKPW,Lafayette Digital Acquisition Corp. I - Warrant,NASDAQ,G,N,N,0,Finance,Blank Checks,USA
ZOOZW,ZOOZW,ZOOZ Strategy Ltd. - Warrant,NASDAQ,S,N,N,,,,USA
ZTEST,ZTEST,BATS BZX Exchange Common Stock (test issue),BATS, ,N,Y,,,,USA
ZTR,ZTR,Virtus Total Return Fund Inc.,NYSE, ,N,N,0,Finance,Investment Managers,USA
ZVV,ZVV,NYSE ARCA test stock,NYSE ARCA, ,N,Y,,,,USA
ZVZZT,ZVZZT,NASDAQ TEST STOCK,NASDAQ,G,N,Y,,,,USA
ZWZZT,ZWZZT,NASDAQ TEST STOCK,NASDAQ,S,N,Y,,,,USA
ZXIET,ZXIET,IEX Test Company Test Symbol Three for IEX,IEX, ,N,Y,,,,USA
ZXYZ-A,ZXYZ.A,Nasdaq Symbology Test Common Stock,NASDAQ,Q,N,Y,,,,USA
ZXZZT,ZXZZT,NASDAQ TEST STOCK,NASDAQ,G,N,Y,,,,USA
ANKITMETAL.NS,XNSE:ANKITMETAL,Ankit Metal & Power Limited,NSE,BZ,N,N,,,,India (NSE)
ANSALAPI.NS,XNSE:ANSALAPI,Ansal Properties & Infrastructure Limited,NSE,BZ,N,N,,,,India (NSE)
ARSHIYA.NS,XNSE:ARSHIYA,Arshiya Limited,NSE,BZ,N,N,,,,India (NSE)
CEREBRAINT.NS,XNSE:CEREBRAINT,Cerebra Integrated Technologies Limited,NSE,BZ,N,N,,,,India (NSE)
COMPINFO.NS,XNSE:COMPINFO,Compuage Infocom Limited,NSE,BZ,N,N,,,,India (NSE)
DHARAN.NS,XNSE:DHARAN,DHARAN INFRA-EPC LIMITED,NSE,BZ,N,N,,,,India (NSE)
FEL.NS,XNSE:FEL,Future Enterprises Limited,NSE,BZ,N,N,,,,India (NSE)
FELDVR.NS,XNSE:FELDVR,Future Enterprises Limited,NSE,BZ,N,N,,,,India (NSE)
FLFL.NS,XNSE:FLFL,Future Lifestyle Fashions Limited,NSE,BZ,N,N,,,,India (NSE)
GOLDENTOBC.NS,XNSE:GOLDENTOBC,Golden Tobacco Limited,NSE,BZ,N,N,,,,India (NSE)
HDIL.NS,XNSE:HDIL,Housing Development and Infrastructure Limited,NSE,BZ,N,N,,,,India (NSE)
HMT.NS,XNSE:HMT,HMT Limited,NSE,BZ,N,N,,,,India (NSE)
IL&FSENGG.NS,XNSE:IL&FSENGG,IL&FS Engineering and Construction Company Limited,NSE,BZ,N,N,,,,India (NSE)
IL&FSTRANS.NS,XNSE:IL&FSTRANS,IL&FS Transportation Networks Limited,NSE,BZ,N,N,,,,India (NSE)
LAKPRE.NS,XNSE:LAKPRE,Lakshmi Precision Screws Limited,NSE,BZ,N,N,,,,India (NSE)
MEP.NS,XNSE:MEP,MEP Infrastructure Developers Limited,NSE,BZ,N,N,,,,India (NSE)
ORTEL.NS,XNSE:ORTEL,Ortel Communications Limited,NSE,BZ,N,N,,,,India (NSE)
RAJESHEXPO.NS,XNSE:RAJESHEXPO,Rajesh Exports Limited,NSE,BZ,N,N,,,,India (NSE)
RHFL.NS,XNSE:RHFL,Reliance Home Finance Limited,NSE,BZ,N,N,,,,India (NSE)
SANWARIA.NS,XNSE:SANWARIA,Sanwaria Consumer Limited,NSE,BZ,N,N,,,,India (NSE)
SETUINFRA.NS,XNSE:SETUINFRA,Setubandhan Infrastructure Limited,NSE,BZ,N,N,,,,India (NSE)
SHRENIK.NS,XNSE:SHRENIK,Shrenik Limited,NSE,BZ,N,N,,,,India (NSE)
SIMBHALS.NS,XNSE:SIMBHALS,Simbhaoli Sugars Limited,NSE,BZ,N,N,,,,India (NSE)
SITINET.NS,XNSE:SITINET,Siti Networks Limited,NSE,BZ,N,N,,,,India (NSE)
SUPREMEENG.NS,XNSE:SUPREMEENG,Supreme Engineering Limited,NSE,BZ,N,N,,,,India (NSE)
WINSOME.NS,XNSE:WINSOME,Winsome Yarns Limited,NSE,BZ,N,N,,,,India (NSE)
