Symbol,Name,Last Sale,Net Change,% Change,Market Cap,Country,IPO Year,Volume,Sector,Industry
AACB,Artius II Acquisition Inc. Class A Ordinary Shares,$10.38,-0.01,-0.10%,0,United States,2025,304,,
AACBR,Artius II Acquisition Inc. Rights,$0.36,0,0.00%,0,United States,2025,59,,
AACG,ATA Creativity Global American Depositary Shares,$1.05,-0.055,-4.98%,45181497,China,2008,290,Real Estate,Other Consumer Services
AACI,Armada Acquisition Corp. III Class A Ordinary Share,$9.9227,0.0027,0.03%,0,United States,2026,103,,
AACIU,Armada Acquisition Corp. III Units,$10.11,0.06,0.60%,0,United States,2026,340,Finance,Blank Checks
AACIW,Armada Acquisition Corp. III Warrant,$0.23,0,0.00%,0,United States,2026,120,,
AACO,Abony Acquisition Corp. I Class A Ordinary Share,$9.90,0,0.00%,0,United States,2026,104,,
AACOW,Abony Acquisition Corp. I Warrants,$0.35,0,0.00%,0,United States,2026,55,,
AACPU,Apogee Acquisition Corp Units,$10.07,0.01,0.10%,0,United States,2026,1138,Finance,Blank Checks
AAL,American Airlines Group Inc. Common Stock,$11.99,0.18,1.52%,7930007793,United States,,6407453,Consumer Discretionary,Air Freight/Delivery Services
AAME,Atlantic American Corporation Common Stock,$2.54,0.02,0.79%,51808959,United States,,960,Finance,Life Insurance
AAOI,Applied Optoelectronics Inc. Common Stock,$179.79,6.81,3.94%,14391769331,United States,2013,2286979,Technology,Semiconductors
AAON,AAON Inc. Common Stock,$90.09,-1.81,-1.97%,7373300014,United States,,134237,Industrials,Industrial Machinery/Components
AAPG,Ascentage Pharma Group International American Depository Shares,$21.90,-0.12,-0.55%,2043939001,China,2025,117,Health Care,Biotechnology: Pharmaceutical Preparations
AAPL,Apple Inc. Common Stock,$279.30,2.47,0.89%,4.10E+12,United States,1980,7428897,Technology,Computer Manufacturing
AARD,Aardvark Therapeutics Inc. Common Stock,$5.44,0.17,3.23%,118679263,United States,2025,17314,Health Care,Biotechnology: Pharmaceutical Preparations
ABAT,American Battery Technology Company Common Stock,$3.2104,-0.0096,-0.30%,422839360,United States,,720780,Basic Materials,Metal Mining
ABCL,AbCellera Biologics Inc. Common Shares,$4.765,0.175,3.81%,1404081260,Canada,2020,6099559,Health Care,Biotechnology: Pharmaceutical Preparations
ABEO,Abeona Therapeutics Inc. Common Stock,$5.895,-0.055,-0.92%,335322473,United States,,256658,Health Care,Biotechnology: Pharmaceutical Preparations
ABLV,Able View Global Inc. Class B Ordinary Shares,$0.6828,-0.0002,-0.03%,33723439,China,,323,Consumer Discretionary,Other Consumer Services
ABLVW,Able View Global Inc. Warrant,$0.0216,0.0045,26.32%,1066822,China,,2966,Consumer Discretionary,Other Consumer Services
ABNB,Airbnb Inc. Class A Common Stock,$139.20,0.34,0.25%,82757915078,United States,2020,240426,Consumer Discretionary,Diversified Commercial Services
ABOS,Acumen Pharmaceuticals Inc. Common Stock,$2.475,-0.005,-0.20%,178763261,United States,2021,47328,Health Care,Biotechnology: Biological Products (No Diagnostic Substances)
ABSI,Absci Corporation Common Stock,$5.684,0.064,1.14%,883563181,United States,2021,1467371,Health Care,Biotechnology: Commercial Physical & Biological Resarch
ABTC,American Bitcoin Corp. Class A Common Stock,$1.22,0.05,4.27%,1293748288,United States,2018,3435626,Technology,EDP Services
ABTS,Abits Group Inc Ordinary Shares,$1.15,-0.01,-0.86%,3405664,China,,87931,Technology,Computer Software: Programming Data Processing
ABUS,Arbutus Biopharma Corporation Common Stock,$4.415,0.025,0.57%,869488683,Canada,,37583,Health Care,Biotechnology: Pharmaceutical Preparations
ABVC,ABVC BioPharma Inc. Common Stock,$1.0635,0.0135,1.29%,27055873,United States,,24359,Health Care,Biotechnology: Pharmaceutical Preparations
ABVE,Above Food Ingredients Inc. Common Stock,$0.705,-0.0069,-0.97%,36090253,Canada,,3367521,Consumer Staples,Packaged Foods
ABVEW,Above Food Ingredients Inc. Warrants,$0.2023,-0.0276,-12.01%,10356111,Canada,,1719,Consumer Staples,Packaged Foods
ABVX,Abivax SA American Depositary Shares,$121.33,4.2,3.59%,9607535463,France,2023,591884,Health Care,Biotechnology: Pharmaceutical Preparations
ACAA,Averin Capital Acquisition Corp. Class A Ordinary Shares,$9.94,0,0.00%,0,United States,2026,750,Finance,Blank Checks
ACAAU,Averin Capital Acquisition Corp. Units,$10.0499,0.0298,0.30%,0,United States,2026,1819,Finance,Blank Checks
ACAD,ACADIA Pharmaceuticals Inc. Common Stock,$22.295,0.105,0.47%,3817244266,United States,1985,74808,Health Care,Biotechnology: Pharmaceutical Preparations
ACB,Aurora Cannabis Inc. Common Shares,$3.4414,0.0214,0.63%,195159812,Canada,,101030,Health Care, Medicinal Chemicals and Botanical Products 
ACCL,Acco Group Holdings Limited Class A Ordinary Shares,$1.48,-0.01,-0.67%,20572000,Hong Kong,2025,4668,Consumer Discretionary,Professional Services
ACDC,ProFrac Holding Corp. Class A Common Stock,$7.7708,0.2708,3.61%,1405898987,United States,2022,158488,Energy,Oilfield Services/Equipment
ACET,Adicet Bio Inc. Common Stock,$8.74,0.29,3.43%,83888277,United States,2018,38335,Health Care,Biotechnology: Pharmaceutical Preparations
ACFN,Acorn Energy Inc. Common Stock,$18.655,-0.825,-4.24%,46758776,United States,,3064,Consumer Discretionary,Military/Government/Technical
ACGCU,ACP Holdings Acquisition Corp. Units,$10.00,0,0.00%,0,United States,2026,531,Finance,Blank Checks
ACGL,Arch Capital Group Ltd. Common Stock,$94.63,0.98,1.05%,33714098944,Bermuda,,266006,Finance,Property-Casualty Insurers
ACGLN,Arch Capital Group Ltd. Depositary Shares each Representing a 1/1000th Interest in a 4.550% Non-Cumulative Preferred Share Series G,$17.10,-0.03,-0.18%,6092265581,Bermuda,,1791,Finance,Property-Casualty Insurers
ACGLO,Arch Capital Group Ltd. Depositary Shares Each Representing 1/1000th Interest in a Share of 5.45% Non-Cumulative Preferred Shares Series F,$20.20,0.05,0.25%,7196711388,Bermuda,,3053,Finance,Property-Casualty Insurers
ACHC,Acadia Healthcare Company Inc. Common Stock,$27.09,-0.595,-2.15%,2491386761,United States,,480868,Health Care,Medical Specialities
ACHV,Achieve Life Sciences Inc. Common Shares,$4.38,-0.01,-0.23%,233191147,United States,,61830,Health Care,Biotechnology: In Vitro & In Vivo Diagnostic Substances
ACIC,American Coastal Insurance Corporation Common Stock,$11.82,0.17,1.46%,571412026,United States,,6988,Finance,Property-Casualty Insurers
ACIU,AC Immune SA Common Stock,$3.12,0.07,2.30%,317533548,Switzerland,2016,62497,Health Care,Biotechnology: Pharmaceutical Preparations
ACIW,ACI Worldwide Inc. Common Stock,$44.085,-0.195,-0.44%,4484325362,United States,,55802,Technology,Computer Software: Prepackaged Software
ACLS,Axcelis Technologies Inc. Common Stock,$142.845,0.975,0.69%,4389622565,United States,2000,66181,Technology,Industrial Machinery/Components
ACMR,ACM Research Inc. Class A Common Stock,$52.92,1.69,3.30%,3504091026,United States,2017,282217,Technology,Industrial Machinery/Components
ACNB,ACNB Corporation Common Stock,$52.97,1.03,1.98%,548425001,United States,,5635,Finance,Major Banks
ACNT,Ascent Industries Co. Common Stock,$14.905,-0.015,-0.10%,135782642,United States,,1383,Industrials,Steel/Iron Ore
ACOG,Alpha Cognition Inc. Common Stock,$6.08,0.03,0.50%,132191992,Canada,,583,,
ACON,Aclarion Inc. Common Stock,$3.22,-0.09,-2.72%,7928445,United States,2022,28141,Health Care,Medical Specialities
ACONW,Aclarion Inc. Warrant,$0.0338,-0.0008,-2.31%,83224,United States,2022,1501,Health Care,Medical Specialities
ACRS,Aclaris Therapeutics Inc. Common Stock,$4.65,0.12,2.65%,649436112,United States,2015,266322,Health Care,Biotechnology: Pharmaceutical Preparations
ACRV,Acrivon Therapeutics Inc. Common Stock,$2.1632,-0.0068,-0.31%,92587887,United States,2022,169113,Health Care,Biotechnology: Pharmaceutical Preparations
ACT,Enact Holdings Inc. Common Stock,$42.60,0.2,0.47%,6014553718,United States,2021,17035,Finance,Specialty Insurers
ACTG,Acacia Research Corporation (Acacia Tech) Common Stock,$5.17,0.01,0.19%,499365812,United States,,22296,Miscellaneous,Multi-Sector Companies
ACTU,Actuate Therapeutics Inc. Common stock,$2.86,-0.09,-3.05%,67795416,United States,2024,6747,Health Care,Biotechnology: Pharmaceutical Preparations
ACXP,Acurx Pharmaceuticals Inc. Common Stock,$2.09,-0.04,-1.88%,7236466,United States,2021,10129,Health Care,Biotechnology: Pharmaceutical Preparations
ADACU,American Drive Acquisition Company Units,$10.025,0,0.00%,0,United States,2025,10,Finance,Blank Checks
ADAG,Adagene Inc. American Depositary Shares,$3.67,0.01,0.27%,173982200,China,2021,11751,Health Care,Biotechnology: Pharmaceutical Preparations
ADAM,Adamas Trust Inc. Common Stock,$8.695,-0.005,-0.06%,781342334,United States,,125862,Real Estate,Real Estate Investment Trusts
ADAMG,Adamas Trust Inc. 9.125% Senior Notes Due 2030,$25.20,0.07,0.28%,0,United States,,6921,Real Estate,Real Estate Investment Trusts
ADAMH,Adamas Trust Inc. 9.875% Senior Notes Due 2030,$25.65,0.03,0.12%,0,United States,,440,Real Estate,Real Estate Investment Trusts
ADAMI,Adamas Trust Inc. 9.125% Senior Notes Due 2029,$25.40,0,0.00%,2300718005,United States,,40,Real Estate,Real Estate Investment Trusts
ADAML,Adamas Trust Inc. 6.875% Series F Fixed-to-Floating Rate Cumulative Redeemable Preferred Stock $0.01 par value per share,$24.14,0,0.00%,2169247147,United States,,2197,Real Estate,Real Estate Investment Trusts
ADAMM,Adamas Trust Inc. 7.875% Series E Fixed-to-Floating Rate Cumulative Redeemable Preferred Stock,$25.50,0.01,0.04%,2291458254,United States,,984,Real Estate,Real Estate Investment Trusts
ADAMN,Adamas Trust Inc. 8.00% Series D Fixed-to-Floating Rate Cumulative Redeemable Preferred Stock,$23.3001,-0.2999,-1.27%,2093772803,United States,,2320,Real Estate,Real Estate Investment Trusts
ADAMO,Adamas Trust Inc. 9.250% Senior Notes Due 2031,$25.07,0.02,0.08%,0,United States,,1500,Real Estate,Real Estate Investment Trusts
ADAMZ,Adamas Trust Inc. 7.000% Series G Cumulative Redeemable Preferred Stock $0.01 par value per share,$18.8399,0.0315,0.17%,1692974289,United States,,897,Real Estate,Real Estate Investment Trusts
ADBE,Adobe Inc. Common Stock,$251.62,-2.34,-0.92%,1.02E+11,United States,1986,720721,Technology,Computer Software: Prepackaged Software
ADEA,Adeia Inc. Common Stock,$27.81,-5.82,-17.31%,3078670787,United States,2003,1556266,Technology,Computer Software: Prepackaged Software
ADGM,Adagio Medical Holdings Inc Common Stock,$0.981,0.04,4.25%,21788460,United States,,10657,Health Care,Medical/Dental Instruments
ADI,Analog Devices Inc. Common Stock,$399.343,2.323,0.59%,1.95E+11,United States,,294437,Technology,Semiconductors
ADIL,Adial Pharmaceuticals Inc Common Stock,$1.61,0.01,0.63%,2299032,United States,2018,10090,Health Care,Biotechnology: Pharmaceutical Preparations
ADMA,ADMA Biologics Inc Common Stock,$10.23,-0.08,-0.78%,2436368370,United States,,733455,Health Care,Biotechnology: Biological Products (No Diagnostic Substances)
ADP,Automatic Data Processing Inc. Common Stock,$208.11,-3.21,-1.52%,83794318592,United States,,263455,Industrials,Diversified Commercial Services
ADPT,Adaptive Biotechnologies Corporation Common Stock,$14.20,-0.3,-2.07%,2268601500,United States,2019,192123,Health Care,Biotechnology: Biological Products (No Diagnostic Substances)
ADSE,ADS-TEC ENERGY PLC Ordinary Shares,$11.55,0,0.00%,694415291,Ireland,,57,Consumer Discretionary,Industrial Specialties
ADSEW,ADS-TEC ENERGY PLC Warrant,$0.56,0.001,0.18%,33668620,Ireland,,1381,Consumer Discretionary,Industrial Specialties
ADSK,Autodesk Inc. Common Stock,$248.4375,0.8975,0.36%,52456398295,United States,,443689,Technology,Computer Software: Prepackaged Software
ADTN,ADTRAN Holdings Inc. Common Stock,$14.81,-3.53,-19.25%,1195140431,United States,1994,1953769,Utilities,Telecommunications Equipment
ADTX,Aditxt Inc. Common Stock,$0.1408,0.0008,0.57%,127349,United States,2020,376792,Health Care,Biotechnology: Pharmaceutical Preparations
ADUR,Aduro Clean Technologies Inc. Common Stock,$13.78,0.05,0.36%,466765847,Canada,,115140,Industrials,Major Chemicals
ADUS,Addus HomeCare Corporation Common Stock,$94.105,-6.015,-6.01%,1756448745,United States,2009,177376,Health Care,Medical/Nursing Services
ADV,Advantage Solutions Inc. Class A Common Stock,$36.63,0,0.00%,480731937,United States,2019,2792,Real Estate,Real Estate
ADVB,Advanced Biomed Inc. Common Stock,$5.86,-0.1,-1.68%,7996181,Taiwan,2025,80775,Health Care,Medical Specialities
ADXN,Addex Therapeutics Ltd American Depositary Shares,$6.77,-0.16,-2.31%,10959730,Switzerland,,655,Health Care,Biotechnology: Pharmaceutical Preparations
AEAQ,Activate Energy Acquisition Corp. Class A Ordinary Share,$9.98,0,0.00%,0,Cayman Islands,2026,1,,
AEAQW,Activate Energy Acquisition Corp. Warrant,$0.32,0,0.00%,0,Cayman Islands,2026,748,,
AEBI,Aebi Schmidt Holding AG Common Stock ,$11.3811,0.4511,4.13%,883166349,Switzerland,,26781,Industrials,Auto Manufacturing
AEC,Anfield Energy Inc. Common Shares,$5.00,0.1,2.04%,90924880,Canada,,4049,Basic Materials,Metal Mining
AEHL,Antelope Enterprise Holdings Limited Class A Ordinary Shares,$0.4912,-0.0163,-3.21%,2383830,China,,49458,Industrials,Building Materials
AEHR,Aehr Test Systems Common Stock,$89.47,3.86,4.51%,2872350069,United States,1997,747641,Industrials,Electrical Products
AEI,Alset Inc. Common Stock (TX),$1.55,0.05,3.33%,60288537,United States,2020,2060,Finance,Real Estate
AEIS,Advanced Energy Industries Inc. Common Stock,$352.725,-34.305,-8.86%,13350043381,United States,1995,533806,Technology,Industrial Machinery/Components
AEMD,Aethlon Medical Inc. Common Stock,$2.4055,0.0055,0.23%,3163497,United States,,713,Health Care,Medical/Dental Instruments
AENT,Alliance Entertainment Holding Corporation Class A Common Stock,$7.555,0.095,1.27%,384982930,United States,,4318,Consumer Discretionary,Durable Goods
AENTW,Alliance Entertainment Holding Corporation Warrant,$0.6301,0.0001,0.02%,32108239,United States,,890,Consumer Discretionary,Durable Goods
AEP,American Electric Power Company Inc. Common Stock,$137.27,2.61,1.94%,74614958900,United States,,769405,Utilities,Electric Utilities: Central
AERT,Aeries Technology Inc. Class A Ordinary Share,$0.636,0.021,3.42%,31933380,United States,2021,43801,Consumer Discretionary,Professional Services
AERTW,Aeries Technology Inc. Warrant,$0.0232,0.0032,16.00%,1164865,United States,2021,25150,Consumer Discretionary,Professional Services
AEVA,Aeva Technologies Inc. Common Stock,$15.00,-0.73,-4.64%,944693970,United States,,549985,Consumer Discretionary,Auto Parts:O.E.M.
AEYE,AudioEye Inc. Common Stock,$7.37,-0.46,-5.88%,92095373,United States,,57304,Technology,Computer Software: Prepackaged Software
AFBI,Affinity Bancshares Inc. Common Stock (MD),$22.43,0,0.00%,136708271,United States,2017,3,Finance,Banks
AFCG,Advanced Flower Capital Inc. Common Stock,$2.93,0,0.00%,68939513,United States,2021,20285,Finance,Real Estate
AFJK,Aimei Health Technology Co. Ltd Ordinary Share,$43.66,0.16,0.37%,0,United States,2024,463,,
AFJKR,Aimei Health Technology Co. Ltd Right,$0.31,0.0081,2.68%,0,United States,2024,11284,,
AFRI,Forafric Global PLC Ordinary Shares,$10.05,0.1,1.01%,270361000,Gibraltar,,270,Consumer Staples,Packaged Foods
AFRIW,Forafric Global PLC Warrants,$0.79,0,0.00%,21252258,Gibraltar,,5,Consumer Staples,Packaged Foods
AFRM,Affirm Holdings Inc. Class A Common Stock,$67.45,0.37,0.55%,22468313410,United States,2021,471860,Finance,Finance: Consumer Services
AFYA,Afya Limited Class A Common Shares,$14.10,0.12,0.86%,1267134302,Brazil,2019,5462,Real Estate,Other Consumer Services
AGAE,Allied Gaming & Entertainment Inc. Common Stock,$0.5245,-0.0049,-0.93%,19777285,United States,2017,177258,Consumer Discretionary,Services-Misc. Amusement & Recreation
AGCC,Agencia Comercial Spirits Ltd Class A Ordinary Shares,$17.875,-0.465,-2.54%,666496188,Taiwan,2025,5153,Consumer Staples,Beverages (Production/Distribution)
AGEN,Agenus Inc. Common Stock,$4.175,0.155,3.86%,173423463,United States,2000,235227,Health Care,Biotechnology: Biological Products (No Diagnostic Substances)
AGH,Aureus Greenway Holdings Inc. Common Stock,$4.83,-0.12,-2.42%,97830114,United States,2025,266991,Consumer Discretionary,Hotels/Resorts
AGIO,Agios Pharmaceuticals Inc. Common Stock,$27.74,0.18,0.65%,1649742434,United States,2013,40588,Health Care,Biotechnology: Pharmaceutical Preparations
AGMB,AgomAb Therapeutics NV American Depositary Shares,$11.80,-0.305,-2.52%,581126105,Belgium,2026,9155,Health Care,Biotechnology: Biological Products (No Diagnostic Substances)
AGMH,AGM Group Holdings Inc. Class A Ordinary Shares,$0.9098,0.0049,0.54%,3183327,Hong Kong,2018,12521,Technology,EDP Services
AGNC,AGNC Investment Corp. Common Stock,$10.7306,0.0806,0.76%,11897774552,United States,2008,2081301,Real Estate,Real Estate Investment Trusts
AGNCL,AGNC Investment Corp. Depositary Shares Each Representing a 1/1000th Interest in a Share of 7.75% Series G Fixed-Rate Reset Cumulative Redeemable Preferred Stock,$24.995,-0.005,-0.02%,27713722897,United States,,4179,Real Estate,Real Estate Investment Trusts
AGNCM,AGNC Investment Corp. Depositary Shares rep 6.875% Series D Fixed-to-Floating Cumulative Redeemable Preferred Stock,$24.90,-0.01,-0.04%,27608389683,United States,,1384,Real Estate,Real Estate Investment Trusts
AGNCN,AGNC Investment Corp. Depositary Shares Each Representing a 1/1000th Interest in a Share of 7.00% Series C Fixed-To-Floating Rate Cumulative Redeemable Preferred Stock,$25.76,0,0.00%,28561932459,United States,,308,Real Estate,Real Estate Investment Trusts
AGNCO,AGNC Investment Corp. Depositary Shares each representing a 1/1000th interest in a share of 6.50% Series E Fixed-to-Floating Cumulative Redeemable Preferred Stock,$25.52,0.07,0.28%,28295827498,United States,,7085,Real Estate,Real Estate Investment Trusts
AGNCP,AGNC Investment Corp. Depositary Shares Each Representing a 1/1000th Interest in a Share of 6.125% Series F Fixed-to-Floating Rate Cumulative Redeemable Preferred Stock,$24.89,0.01,0.04%,27597301976,United States,,15460,Real Estate,Real Estate Investment Trusts
AGNCZ,AGNC Investment Corp. Depositary Shares Each Representing a 1/1000th Interest in a Share of 8.75% Series H Fixed-Rate Cumulative Redeemable Preferred Stock,$25.53,0,0.00%,28306915205,United States,,14358,,
AGPU,Axe Compute Inc. Common Stock,$5.00,-0.2,-3.85%,27696335,United States,,149836,Health Care,Industrial Specialties
AGRZ,Agroz Inc. Ordinary Shares,$0.3698,-0.0119,-3.12%,7552605,Malaysia,2025,13016,Consumer Staples,Farming/Seeds/Milling
AGYS,Agilysys Inc. Common Stock (DE),$69.72,0.06,0.09%,1959706981,United States,,26795,Technology,EDP Services
AHCO,AdaptHealth Corp. Common Stock,$11.38,-1.66,-12.73%,1548296250,United States,2018,1370478,Health Care,Medical/Nursing Services
AHG,Akso Health Group ADS,$2.10,-0.04,-1.87%,1158908472,China,2017,158788,Real Estate,Real Estate
AHMA,Ambitions Enterprise Management Co. L.L.C Class A Ordinary Shares,$1.12,0,0.00%,33292000,United Arab Emirates,2025,25724,Consumer Discretionary,Services-Misc. Amusement & Recreation
AIDX,20/20 Biolabs Inc. Common Stock,$1.50,-0.02,-1.32%,15720134,United States,,4563,Health Care,Precision Instruments
AIFC,AI Financial Corporation Common Stock,$0.8264,-0.0078,-0.94%,105090192,United States,,435703,Finance,Finance: Consumer Services
AIFF,Firefly Neuroscience Inc. Common Stock,$2.13,-0.03,-1.39%,31509250,United States,,123530,Technology,Computer Software: Prepackaged Software
AIFU,AIFU Inc. Class A Ordinary Share,$1.36,-0.01,-0.73%,176445190,China,2007,618,Finance,Specialty Insurers
AIHS,Senmiao Technology Limited Common Stock,$1.17,0,0.00%,5332262,China,2018,114,Finance,Finance: Consumer Services
AIIO,Robo.ai Inc. Class B Ordinary Shares,$0.63,0.0085,1.37%,12463623,United Arab Emirates,,15820,Industrials,Auto Manufacturing
AIIOW,Robo.ai Inc. Warrant,$0.0185,-0.0014,-7.04%,365995,United Arab Emirates,,5796,Industrials,Auto Manufacturing
AIMD,Ainos Inc. Common Stock,$1.70,-0.01,-0.59%,12352219,United States,,487,Health Care,Biotechnology: Pharmaceutical Preparations
AIOS,AIOS Tech Inc. Class A Common Shares,$26.24,10.72,69.07%,85260451,China,2016,204595,Industrials,Metal Fabrications
AIOT,PowerFleet Inc. Common Stock,$3.315,0.035,1.07%,444698223,United States,,103933,Telecommunications,Telecommunications Equipment
AIP,Arteris Inc. Common Stock,$29.785,0.935,3.24%,1372868627,United States,2021,115718,Technology,Semiconductors
AIRE,reAlpha Tech Corp. Common Stock,$3.2502,-0.0198,-0.61%,17436517,United States,,27283,Finance,Real Estate
AIRG,Airgain Inc. Common Stock,$7.2627,0.1227,1.72%,92060387,United States,2016,6726,Technology,Radio And Television Broadcasting And Communications Equipment
AIRJ,AirJoule Technologies Corporation Class A Common Stock,$3.055,-0.045,-1.45%,209184221,United States,2022,67682,Industrials,Industrial Machinery/Components
AIRJW,AirJoule Technologies Corporation Warrant,$0.60,0,0.00%,41083644,United States,2022,1,Industrials,Industrial Machinery/Components
AIRO,AIRO Group Holdings Inc. Common Stock,$7.08,-0.16,-2.21%,222583745,United States,2025,223744,Industrials,Aerospace
AIRS,AirSculpt Technologies Inc. Common Stock,$3.6502,0.2102,6.11%,257505845,United States,2021,412785,Health Care,Medical/Nursing Services
AIRT,Air T Inc. Common Stock,$21.45,-0.03,-0.14%,57971607,United States,,532,Consumer Discretionary,Air Freight/Delivery Services
AIRTP,Air T Inc. Air T Funding Alpha Income Trust Preferred Securities,$19.83,0,0.00%,53593331,United States,,7,Consumer Discretionary,Air Freight/Delivery Services
AISP,Airship AI Holdings Inc. Class A Common Stock,$2.435,-0.065,-2.60%,83696214,United States,2021,71030,Technology,Computer Software: Prepackaged Software
AISPW,Airship AI Holdings Inc. Warrants,$0.70,-0.0599,-7.88%,24060513,United States,2021,10535,Technology,Computer Software: Prepackaged Software
AIXC,AIxCrypto Holdings Inc. Common Stock,$1.42,0.01,0.71%,28733690,United States,2015,10006,Health Care,Biotechnology: Pharmaceutical Preparations
AIXI,XIAO-I Corporation American Depositary Shares,$0.7762,-0.0088,-1.12%,9671713,China,2023,3536023,Technology,Computer Software: Prepackaged Software
AKAM,Akamai Technologies Inc. Common Stock,$112.2425,6.4625,6.11%,16524682965,United States,1999,1168110,Real Estate,Real Estate
AKAN,Akanda Corp. Common Shares,$31.03,-10.05,-24.46%,16582991,United Kingdom,2022,526682,Health Care, Medicinal Chemicals and Botanical Products 
AKBA,Akebia Therapeutics Inc. Common Stock,$1.50,0,0.00%,402375065,United States,2014,360203,Health Care,Biotechnology: Pharmaceutical Preparations
AKTS,Aktis Oncology Inc. Common stock,$19.1376,0.1376,0.72%,1057850016,United States,2026,3749,Health Care,Biotechnology: Pharmaceutical Preparations
AKTX,Akari Therapeutics plc ADS,$6.13,0.14,2.34%,7016324,United Kingdom,,14584,Health Care,Biotechnology: Pharmaceutical Preparations
ALAB,Astera Labs Inc. Common Stock,$212.13,10.88,5.41%,36334040478,United States,2024,1531799,Technology,Semiconductors
ALAR,Alarum Technologies Ltd. American Depositary Share,$6.93,-0.03,-0.43%,50245764,Israel,2018,8782,Technology,Computer Software: Prepackaged Software
ALBT,Avalon GloboCare Corp. Common Stock,$0.3996,-0.0204,-4.86%,3326114,United States,,23004,Health Care,Biotechnology: Biological Products (No Diagnostic Substances)
ALCO,Alico Inc. Common Stock,$40.74,0,0.00%,311931758,United States,,390,,
ALCY,Alchemy Investments Acquisition Corp 1 Class A Ordinary Shares,$11.97,0,0.00%,0,United States,2023,9,Finance,Blank Checks
ALCYW,Alchemy Investments Acquisition Corp 1 Warrants,$0.14,0.003,2.19%,0,United States,2023,103,Finance,Blank Checks
ALDF,Aldel Financial II Inc. Class A Ordinary Shares,$10.62,-0.03,-0.28%,0,United States,2024,135,,
ALDX,Aldeyra Therapeutics Inc. Common Stock,$1.635,0.015,0.93%,98624946,United States,2014,96134,Health Care,Biotechnology: Pharmaceutical Preparations
ALEC,Alector Inc. Common Stock,$2.555,0.045,1.79%,283669353,United States,2019,52939,Health Care,Biotechnology: Biological Products (No Diagnostic Substances)
ALF,Centurion Acquisition Corp. Class A Ordinary Shares,$10.83,0,0.00%,0,United States,2024,33091,,
ALFUU,Centurion Acquisition Corp. Unit,$10.80,0,0.00%,0,United States,2024,4,Finance,Blank Checks
ALFUW,Centurion Acquisition Corp. Warrant,$0.1211,0.0011,0.92%,0,United States,2024,6339,Finance,Blank Checks
ALGM,Allegro MicroSystems Inc. Common Stock,$49.585,0.105,0.21%,9187647789,United States,2020,273862,Technology,Semiconductors
ALGN,Align Technology Inc. Common Stock,$170.66,-1.22,-0.71%,12222204152,United States,2001,97732,Health Care,Industrial Specialties
ALGS,Aligos Therapeutics Inc. Common Stock,$6.42,-0.02,-0.31%,34592392,United States,2020,2626,Health Care,Biotechnology: Biological Products (No Diagnostic Substances)
ALGT,Allegiant Travel Company Common Stock,$74.31,2.34,3.25%,1370896443,United States,2006,37372,Consumer Discretionary,Air Freight/Delivery Services
ALHC,Alignment Healthcare Inc. Common Stock,$18.37,-0.89,-4.62%,3797700329,United States,2021,665035,Health Care,Medical Specialities
ALIS,Calisa Acquisition Corp Ordinary shares,$10.0696,0,0.00%,0,United States,2025,11,,
ALISR,Calisa Acquisition Corp Right,$0.511,-0.039,-7.09%,0,United States,2025,1035,Finance,Blank Checks
ALISU,Calisa Acquisition Corp Units,$10.50,0,0.00%,0,United States,2025,2,,
ALKS,Alkermes plc Ordinary Shares,$35.02,0.85,2.49%,5822170184,Ireland,1991,456141,Health Care,Biotechnology: Pharmaceutical Preparations
ALKT,Alkami Technology Inc. Common Stock,$16.935,-0.235,-1.37%,1812369712,United States,2021,257820,Technology,Computer Software: Prepackaged Software
ALLO,Allogene Therapeutics Inc. Common Stock,$2.245,-0.015,-0.66%,774561847,United States,2018,748107,Health Care,Biotechnology: Biological Products (No Diagnostic Substances)
ALLR,Allarity Therapeutics Inc. Common Stock,$1.408,0.158,12.64%,21768699,United States,,98249,Health Care,Biotechnology: Pharmaceutical Preparations
ALLT,Allot Ltd. Ordinary Shares,$7.7762,0.1962,2.59%,380435802,Israel,2006,82067,Telecommunications,Computer Communications Equipment
ALM,Almonty Industries Inc. Common Shares,$20.09,0.55,2.82%,5664139061,Canada,,571770,Basic Materials,Other Metals and Minerals
ALMR,Alamar Biosciences Inc. Common Stock,$23.98,0.22,0.93%,1589803235,United States,2026,10901,Industrials,Biotechnology: Laboratory Analytical Instruments
ALMS,Alumis Inc. Common Stock,$25.52,0.27,1.07%,3246126978,United States,2024,103963,Health Care,Biotechnology: Pharmaceutical Preparations
ALMU,Aeluma Inc. Common Stock,$24.36,1.4,6.10%,438551838,United States,,369190,Technology,Semiconductors
ALNT,Allient Inc. Common Stock,$79.255,3.605,4.77%,1348769278,United States,,24906,Industrials,Electrical Products
ALNY,Alnylam Pharmaceuticals Inc. Common Stock,$299.135,1.21,0.41%,39938283524,United States,2004,102740,Health Care,Biotechnology: Pharmaceutical Preparations
ALOT,AstroNova Inc. Common Stock,$14.34,0.16,1.13%,110315326,United States,1983,4973,Technology,Computer peripheral equipment
ALOV,Aldabra 4 Liquidity Opportunity Vehicle Inc. Class A Ordinary Shares,$9.881,0,0.00%,0,United States,2026,12,,
ALOVU,Aldabra 4 Liquidity Opportunity Vehicle Inc. Units,$10.00,0,0.00%,0,United States,2026,4,Finance,Blank Checks
ALOVW,Aldabra 4 Liquidity Opportunity Vehicle Inc. Warrants,$0.41,0.06,17.14%,0,United States,2026,173,,
ALOY,REalloys Inc. Common Stock,$9.53,0.08,0.85%,544429850,United States,,389269,Technology,EDP Services
ALP,Alpha Compute Corp Common Stock,$0.248,-0.008,-3.13%,5811778,Canada,,1017355,Energy,Oil & Gas Production
ALPS,ALPS Group Inc Ordinary Share,$0.9025,-0.0165,-1.80%,150176294,Malaysia,,389,,
ALRM,Alarm.com Holdings Inc. Common Stock,$46.945,-0.285,-0.60%,2319040045,United States,2015,37688,Technology,Computer Software: Prepackaged Software
ALRS,Alerus Financial Corporation Common Stock,$26.84,0.25,0.94%,674452859,United States,2019,9836,Finance,Major Banks
ALT,Altimmune Inc. Common Stock,$3.075,0.055,1.82%,597163026,United States,,959183,Health Care,Biotechnology: Pharmaceutical Preparations
ALTI,AlTi Global Inc. Class A Common Stock,$3.58,0.07,1.99%,542791867,United States,2021,10594,Finance,Investment Managers
ALTO,Alto Ingredients Inc. Common Stock,$5.685,0.215,3.93%,440534442,United States,,648152,Industrials,Major Chemicals
ALVO,Alvotech Ordinary Shares,$3.548,0.028,0.80%,1107147340,Luxembourg,,25932,Health Care,Biotechnology: Biological Products (No Diagnostic Substances)
ALVOW,Alvotech Warrant,$0.275,0.0624,29.35%,85813280,Luxembourg,,620,Health Care,Biotechnology: Biological Products (No Diagnostic Substances)
ALXO,ALX Oncology Holdings Inc. Common Stock,$1.8891,0.0091,0.48%,254197139,United States,2020,71087,Health Care,Biotechnology: Pharmaceutical Preparations
ALZN,Alzamend Neuro Inc. Common Stock,$1.10,-0.01,-0.90%,4185215,United States,2021,4134,Health Care,Biotechnology: Pharmaceutical Preparations
AMAL,Amalgamated Financial Corp. Common Stock (DE),$40.74,0.34,0.84%,1216099633,United States,2018,14223,Finance,Major Banks
AMAT,Applied Materials Inc. Common Stock,$402.54,11.16,2.85%,3.19E+11,United States,1972,1523836,Technology,Semiconductors
AMBA,Ambarella Inc. Ordinary Shares,$71.35,0.63,0.89%,3124336517,United States,2012,85441,Technology,Semiconductors
AMBR,Amber International Holding Limited American Depositary Shares,$2.30,0.09,4.07%,215470728,Hong Kong,2017,7292,Finance,Finance: Consumer Services
AMCI,AMC Robotics Corporation Common Stock,$6.21,-0.3,-4.61%,140317204,United States,2023,6591,Consumer Discretionary,Home Furnishings
AMCX,AMC Global Media Inc. Class A Common Stock,$8.35,0.06,0.72%,366796395,United States,,33650,Telecommunications,Cable & Other Pay Television Services
AMD,Advanced Micro Devices Inc. Common Stock,$348.0676,6.5276,1.91%,5.67E+11,United States,,11415532,Technology,Semiconductors
AMGN,Amgen Inc. Common Stock,$321.39,-2.46,-0.76%,1.73E+11,United States,1983,218595,Health Care,Biotechnology: Biological Products (No Diagnostic Substances)
AMIX,Autonomix Medical Inc. Common Stock,$0.3676,-0.0052,-1.40%,4194075,United States,2024,16387,Health Care,Medical/Dental Instruments
AMKR,Amkor Technology Inc. Common Stock,$75.545,4.585,6.46%,18725529372,United States,1998,1250295,Technology,Semiconductors
AMLX,Amylyx Pharmaceuticals Inc. Common Stock,$16.86,0.4,2.43%,1872907549,United States,2022,251170,Health Care,Biotechnology: Pharmaceutical Preparations
AMOD,Alpha Modus Holdings Inc. Class A Common Stock,$0.2055,-0.0253,-10.96%,10458986,United States,,35007836,Miscellaneous,Multi-Sector Companies
AMODW,Alpha Modus Holdings Inc. Warrant,$0.0264,-0.0086,-24.57%,1343636,United States,,17533,Miscellaneous,Multi-Sector Companies
AMPG,Amplitech Group Inc. Common Stock,$2.15,-0.05,-2.27%,54462293,United States,,147870,Telecommunications,Telecommunications Equipment
AMPGR,Amplitech Group Inc. Series A Right,$0.04,0,0.00%,1013252,United States,,609,Telecommunications,Telecommunications Equipment
AMPGZ,Amplitech Group Inc. Series B Right,$0.085,-0.0039,-4.39%,2153160,United States,,17904,Telecommunications,Telecommunications Equipment
AMPH,Amphastar Pharmaceuticals Inc. Common Stock,$22.855,0.115,0.51%,1017846831,United States,2014,17280,Health Care,Biotechnology: Pharmaceutical Preparations
AMPL,Amplitude Inc. Class A Common Stock,$7.87,-0.17,-2.11%,1043401452,United States,,244951,Technology,Computer Software: Prepackaged Software
AMRN,Amarin Corporation plc,$14.44,0.2,1.40%,302793934,Ireland,,9756,Health Care,Biotechnology: Pharmaceutical Preparations
AMRX,Amneal Pharmaceuticals Inc. Class A Common Stock,$13.22,0.11,0.84%,4217166992,United States,,235327,Health Care,Biotechnology: Pharmaceutical Preparations
AMSC,American Superconductor Corporation Common Stock,$53.895,3.595,7.15%,2566064100,United States,1991,416884,Consumer Discretionary,Metal Fabrications
AMSF,AMERISAFE Inc. Common Stock,$30.085,0.045,0.15%,562702951,United States,2005,18582,Finance,Property-Casualty Insurers
AMST,Amesite Inc. Common Stock,$0.9571,-0.0425,-4.25%,4376544,United States,2020,49217,Technology,Computer Software: Prepackaged Software
AMTX,Aemetis Inc. (DE) Common Stock,$3.68,0.1,2.79%,250775764,United States,,431236,Industrials,Major Chemicals
AMWD,American Woodmark Corporation Common Stock,$40.88,0.64,1.59%,595605044,United States,1986,13133,Basic Materials,Forest Products
AMZN,Amazon.com Inc. Common Stock,$275.18,3.13,1.15%,2.96E+12,United States,1997,11699485,Consumer Discretionary,Catalog/Specialty Distribution
ANAB,AnaptysBio Inc. Common Stock,$69.66,-0.12,-0.17%,2002603443,United States,2017,76631,Health Care,Biotechnology: Pharmaceutical Preparations
ANDE,Andersons Inc. (The) Common Stock,$81.74,2.32,2.92%,2783529412,United States,,51343,Industrials,Farming/Seeds/Milling
ANGH,Anghami Inc. Ordinary Shares,$3.7399,0.0099,0.27%,33901475,United Arab Emirates,,859,Consumer Discretionary,Telecommunications Equipment
ANGI,Angi Inc. Class A Common Stock,$7.23,-0.03,-0.41%,292980907,United States,,94040,Consumer Discretionary,Advertising
ANGO,AngioDynamics Inc. Common Stock,$11.00,0.02,0.18%,454508065,United States,2004,22522,Health Care,Medical/Dental Instruments
ANIK,Anika Therapeutics Inc. Common Stock,$14.955,0.405,2.78%,198985607,United States,,13324,Health Care,Medical/Dental Instruments
ANIP,ANI Pharmaceuticals Inc.,$83.36,1.04,1.26%,1872112884,United States,,51719,Health Care,Biotechnology: Pharmaceutical Preparations
ANIX,Anixa Biosciences Inc. Common Stock,$2.97,-0.09,-2.94%,99577738,United States,,54974,Health Care,Biotechnology: Pharmaceutical Preparations
ANL,Adlai Nortye Ltd. American Depositary Shares,$14.6835,-0.2865,-1.91%,1069832131,Cayman Islands,2023,14656,Health Care,Biotechnology: Pharmaceutical Preparations
ANNA,AleAnna Inc. Class A Common Stock,$3.5718,-0.1582,-4.24%,239076290,United States,,157141,Energy,Oil & Gas Production
ANNAW,AleAnna Inc. Warrant,$0.405,0.015,3.85%,27108432,United States,,10191,Energy,Oil & Gas Production
ANNX,Annexon Inc. Common Stock,$5.735,0.045,0.79%,931979239,United States,2020,170621,Health Care,Biotechnology: Pharmaceutical Preparations
ANPA,Rich Sparkle Holdings Limited Ordinary Shares,$6.0566,0.1616,2.74%,91465289,Hong Kong,2025,1915,Consumer Discretionary,Other Consumer Services
ANSC,Agriculture & Natural Solutions Acquisition Corporation Class A Ordinary Shares,$11.30,0,0.00%,0,United States,2024,109,,
ANSCU,Agriculture & Natural Solutions Acquisition Corporation Unit,$11.11,-0.39,-3.39%,0,United States,2023,501,,
ANTA,Antalpha Platform Holding Company Class A Ordinary Shares,$8.60,0,0.00%,206335638,Singapore,2025,2,Finance,Investment Bankers/Brokers/Service
ANTX,AN2 Therapeutics Inc. Common Stock,$4.79,-0.06,-1.24%,172418661,United States,2022,125991,Health Care,Biotechnology: Pharmaceutical Preparations
ANY,Sphere 3D Corp. Common Shares,$1.4897,0.0197,1.34%,5611828,Canada,,53385,Finance,Finance: Consumer Services
AOSL,Alpha and Omega Semiconductor Limited Common Shares,$41.845,-0.335,-0.79%,1245341722,Bermuda,2010,190006,Technology,Semiconductors
AOUT,American Outdoor Brands Inc. Common Stock ,$9.3971,0.0371,0.40%,118363616,United States,,3066,Consumer Discretionary,Recreational Games/Products/Toys
APA,APA Corporation Common Stock,$42.03,0.01,0.02%,14853419400,United States,,1642924,Energy,Oil & Gas Production
APAC,StoneBridge Acquisition II Corporation Class A Ordinary Shares,$10.09,0,0.00%,0,United States,2025,7,,
APACU,StoneBridge Acquisition II Corporation Units,$10.40,0,0.00%,0,United States,2025,21,Finance,Blank Checks
APAD,A Paradise Acquisition Corp. Class A Ordinary Shares,$10.432,-0.718,-6.44%,0,Singapore,2025,9345,,
APADR,A Paradise Acquisition Corp. Rights,$0.95,-0.01,-1.04%,0,Singapore,2025,125262,,
APADU,A Paradise Acquisition Corp. Unit,$11.96,0,0.00%,0,Singapore,2025,10,,
APC,ARKO Petroleum Corp. Class A Common Stock,$19.02,0.14,0.74%,904785641,United States,2026,9787,Energy,Oil Refining/Marketing
APEI,American Public Education Inc. Common Stock,$58.51,0.97,1.69%,1077236621,United States,2007,57324,Real Estate,Other Consumer Services
APGE,Apogee Therapeutics Inc. Common Stock,$84.50,0.95,1.14%,6365204846,United States,2023,42737,Health Care,Biotechnology: Biological Products (No Diagnostic Substances)
API,Agora Inc. American Depositary Shares,$3.895,0.055,1.43%,329321413,China,2020,68257,Technology,Computer Software: Prepackaged Software
APLD,Applied Digital Corporation Common Stock,$36.64,1.01,2.84%,10470595909,United States,2022,5604510,Finance,Finance: Consumer Services
APLM,Apollomics Inc. Class A Ordinary Shares,$16.4655,0,0.00%,36159094,United States,,141,Health Care,Biotechnology: Pharmaceutical Preparations
APLMW,Apollomics Inc. Warrant,$0.0184,0,0.00%,40407,United States,,40,Health Care,Biotechnology: Pharmaceutical Preparations
APLS,Apellis Pharmaceuticals Inc. Common Stock,$40.945,-0.025,-0.06%,5233995624,United States,2017,1014514,Health Care,Biotechnology: Pharmaceutical Preparations
APM,Aptorum Group Limited Class A Ordinary Shares,$0.8599,0.0199,2.37%,7002817,Hong Kong,2018,7160,Health Care,Biotechnology: Pharmaceutical Preparations
APOG,Apogee Enterprises Inc. Common Stock,$35.18,0.4,1.15%,746545528,United States,,4215,Consumer Discretionary,Auto Parts:O.E.M.
APP,Applovin Corporation Class A Common Stock,$475.97,0.97,0.20%,1.60E+11,United States,2021,576306,Technology,Computer Software: Programming Data Processing
APPF,AppFolio Inc. Class A Common Stock,$173.46,-0.17,-0.10%,6133291134,United States,2015,44661,Technology,Computer Software: Prepackaged Software
APPN,Appian Corporation Class A Common Stock,$22.36,-0.22,-0.97%,1662758357,United States,2017,62534,Technology,Computer Software: Prepackaged Software
APPS,Digital Turbine Inc. Common Stock,$3.92,-0.03,-0.76%,470007737,United States,,399949,Miscellaneous,Multi-Sector Companies
APRE,Aprea Therapeutics Inc. Common stock,$0.8631,0.0223,2.65%,10687574,United States,2019,3979,Health Care,Biotechnology: Pharmaceutical Preparations
APVO,Aptevo Therapeutics Inc. Common Stock,$5.43,-0.02,-0.37%,6416767,United States,,1923,Health Care,Biotechnology: Pharmaceutical Preparations
APWC,Asia Pacific Wire & Cable Corporation Ltd. Ordinary Shares (Bermuda),$1.5848,0,0.00%,65345193,Taiwan,,43,Industrials,Telecommunications Equipment
APXT,Apex Treasury Corporation Class A Ordinary Share,$9.99,0,0.00%,0,United States,2025,3900,Technology,Computer Software: Prepackaged Software
APXTU,Apex Treasury Corporation Units,$10.16,0.04,0.40%,0,United States,2025,100,Finance,Blank Checks
APXTW,Apex Treasury Corporation Warrants,$0.2202,0.0001,0.05%,0,United States,2025,2555,Finance,Blank Checks
APYX,Apyx Medical Corporation Common Stock,$2.84,-0.01,-0.35%,118795002,United States,,50184,Health Care,Medical/Dental Instruments
AQB,AquaBounty Technologies Inc. Common Stock,$0.9375,0,0.00%,4825504,United States,,2671,Consumer Staples,Meat/Poultry/Fish
AQMS,Aqua Metals Inc. Common Stock,$5.32,0,0.00%,17825213,United States,2015,12005,Industrials,Metal Fabrications
AQST,Aquestive Therapeutics Inc. Common Stock,$4.175,-0.045,-1.07%,518887963,United States,2018,183949,Health Care,Biotechnology: Pharmaceutical Preparations
ARAI,Arrive AI Inc. Common Stock,$0.7151,-0.0397,-5.26%,34132718,United States,,863476,Consumer Discretionary,Diversified Commercial Services
ARAY,Accuray Incorporated Common Stock,$0.4533,-0.0068,-1.48%,53844166,United States,2007,193541,Health Care,Medical/Dental Instruments
ARBB,ARB IOT Group Limited Ordinary Shares,$5.13,-0.62,-10.78%,9055763,Malaysia,2023,1613550,Technology,EDP Services
ARBE,Arbe Robotics Ltd. Ordinary Shares,$0.8146,-0.0231,-2.76%,88944636,Israel,,171332,Technology,EDP Services
ARBEW,Arbe Robotics Ltd. Warrant,$0.0432,-0.0009,-2.04%,4716926,Israel,,9158,Technology,EDP Services
ARBK,Argo Blockchain plc American Depositary Shares,$3.6992,0.0992,2.76%,49420099,United Kingdom,2021,37287,Finance,Finance: Consumer Services
ARCB,ArcBest Corporation Common Stock,$120.19,4.47,3.86%,2675883718,United States,,30986,Industrials,Trucking Freight/Courier Services
ARCC,Ares Capital Corporation Common Stock,$19.15,-0.03,-0.16%,13750137482,United States,2004,913271,Finance,Finance: Consumer Services
ARCI,Archimedes Tech SPAC Partners III Co. Ordinary Share,$9.91,-0.0083,-0.08%,0,United States,2026,243,,
ARCLU,ARC Group Acquisition I Corp Unit,$10.03,0.015,0.15%,0,United States,2026,44687,Finance,Blank Checks
ARCT,Arcturus Therapeutics Holdings Inc. Common Stock,$8.65,0.08,0.93%,245859547,Israel,2013,35411,Health Care,Biotechnology: Pharmaceutical Preparations
ARDX,Ardelyx Inc. Common Stock,$7.385,0.085,1.16%,1824312023,United States,2014,859166,Health Care,Biotechnology: Pharmaceutical Preparations
AREB,American Rebel Holdings Inc. Common Stock,$0.2399,-0.0001,-0.04%,828054,United States,,859334,Industrials,Plastic Products
AREBW,American Rebel Holdings Inc. Warrants,$0.0119,0.0018,17.82%,41075,United States,,896,Industrials,Plastic Products
AREC,American Resources Corporation Class A Common Stock,$2.35,0.08,3.52%,251275675,United States,,443648,Energy,Coal Mining
ARGX,argenx SE American Depositary Shares,$792.89,-18.2,-2.24%,49209043266,Netherlands,2017,64269,Health Care,Biotechnology: Biological Products (No Diagnostic Substances)
ARHS,Arhaus Inc. Class A Common Stock,$7.135,0.065,0.92%,1008025622,United States,2021,172214,Consumer Discretionary,Other Specialty Stores
ARKO,ARKO Corp. Common Stock,$6.74,0.12,1.81%,756118151,United States,,62287,Consumer Staples,Food Chains
ARKR,Ark Restaurants Corp. Common Stock,$7.50,-0.55,-6.83%,27046178,United States,,18058,Consumer Discretionary,Restaurants
ARLP,Alliance Resource Partners L.P. Common Units representing Limited Partners Interests,$26.38,0.08,0.30%,3394019170,United States,1999,42679,Energy,Coal Mining
ARM,Arm Holdings plc American Depositary Shares,$206.47,3.21,1.58%,2.19E+11,United Kingdom,2023,2617778,Technology,Semiconductors
AROW,Arrow Financial Corporation Common Stock,$36.675,0.425,1.17%,606114082,United States,,2564,Finance,Major Banks
ARQ,Arq Inc. Common Stock,$2.455,0.005,0.20%,105261213,United States,,35099,Industrials,Major Chemicals
ARQQ,Arqit Quantum Inc. Ordinary Shares,$14.28,-0.14,-0.97%,223508547,United Kingdom,,72040,Technology,Computer Software: Prepackaged Software
ARQQW,Arqit Quantum Inc. Warrants,$0.09,0.002,2.27%,1408667,United Kingdom,,10784,Technology,Computer Software: Prepackaged Software
ARQT,Arcutis Biotherapeutics Inc. Common Stock,$23.52,0.03,0.13%,2941722816,United States,2020,158228,Health Care,Biotechnology: Pharmaceutical Preparations
ARRY,Array Technologies Inc. Common Stock,$8.27,0.61,7.96%,1265676138,United States,2020,1223805,Consumer Discretionary,Miscellaneous manufacturing industries
ARTC,Art Technology Acquisition Corp. Class A Ordinary Shares,$9.86,0,0.00%,0,United States,2026,8031,Finance,Blank Checks
ARTCU,Art Technology Acquisition Corp. Units,$9.93,-0.03,-0.30%,0,United States,2026,2666,,
ARTL,Artelo Biosciences Inc. Common Stock,$3.1547,-0.1453,-4.40%,2959528,United States,,36101,Health Care,Biotechnology: Pharmaceutical Preparations
ARTNA,Artesian Resources Corporation Class A Common Stock,$31.395,0.105,0.34%,323945603,United States,,1590,Utilities,Water Supply
ARTV,Artiva Biotherapeutics Inc. Common Stock,$11.025,-0.265,-2.35%,272501309,United States,2024,23801,Health Care,Biotechnology: Biological Products (No Diagnostic Substances)
ARTW,Art's-Way Manufacturing Co. Inc. Common Stock,$2.63,0.05,1.94%,13627045,United States,,314,Industrials,Industrial Machinery/Components
ARVN,Arvinas Inc. Common Stock,$10.695,-0.085,-0.79%,690014363,United States,2018,143552,Health Care,Biotechnology: Pharmaceutical Preparations
ARWR,Arrowhead Pharmaceuticals Inc. Common Stock,$76.72,0.33,0.43%,10743269617,United States,,312099,Health Care,Biotechnology: Pharmaceutical Preparations
ARXS,Arxis Inc. Class A Common Stock,$35.43,0.17,0.48%,14428052327,United States,2026,22107,Industrials,Military/Government/Technical
ASBP,Aspire Biopharma Holdings Inc. Common Stock,$0.1976,-0.0118,-5.64%,992770,United States,2022,1134442,Health Care,Biotechnology: Pharmaceutical Preparations
ASBPW,Aspire Biopharma Holdings Inc. Warrant,$0.0151,-0.0002,-1.31%,75865,United States,2022,18053,Health Care,Biotechnology: Pharmaceutical Preparations
ASLE,AerSale Corporation Common Stock,$6.8909,0.1009,1.49%,325614519,United States,2019,15932,Consumer Discretionary,Industrial Specialties
ASMB,Assembly Biosciences Inc. Common Stock,$28.28,0.46,1.65%,449442954,United States,2010,14148,Health Care,Biotechnology: Pharmaceutical Preparations
ASML,ASML Holding N.V. New York Registry Shares,$1416.13,29.92,2.16%,5.46E+11,Netherlands,1995,460489,Technology,Industrial Machinery/Components
ASND,Ascendis Pharma A/S Ordinary Share,$226.73,-1.98,-0.87%,14052137716,Denmark,2015,17181,Health Care,Biotechnology: Pharmaceutical Preparations
ASO,Academy Sports and Outdoors Inc. Common Stock,$51.87,0.1,0.19%,3346036911,United States,2020,114214,Consumer Discretionary,Other Specialty Stores
ASPC,A SPAC III Acquisition Corp. Class A Ordinary Shares,$11.45,-0.1,-0.87%,0,China,2025,1710,Finance,Blank Checks
ASPCR,A SPAC III Acquisition Corp. Right,$0.183,0,0.00%,0,China,2025,10,Finance,Blank Checks
ASPCU,A SPAC III Acquisition Corp. Unit,$13.13,0.63,5.04%,0,China,2024,1611,Finance,Blank Checks
ASPI,ASP Isotopes Inc. Common Stock,$5.145,-0.015,-0.29%,647773235,United States,2022,578208,Industrials,Major Chemicals
ASPS,Altisource Portfolio Solutions S.A. Common Stock,$6.89,0,0.00%,77711959,Luxembourg,,11633,Consumer Discretionary,Other Consumer Services
ASPSW,Altisource Portfolio Solutions S.A. Net Settle Stakeholder Warrants,$0.4505,0.0205,4.77%,5081167,Luxembourg,,17777,Consumer Discretionary,Other Consumer Services
ASPSZ,Altisource Portfolio Solutions S.A. Cash Exercise Stakeholder Warrants,$0.252,0.0221,9.61%,2842295,Luxembourg,,8629,Consumer Discretionary,Other Consumer Services
ASRT,Assertio Holdings Inc. Common Stock,$22.225,0.615,2.85%,143243703,United States,,230234,Health Care,Biotechnology: Pharmaceutical Preparations
ASRV,AmeriServ Financial Inc. Common Stock,$3.8841,-0.0159,-0.41%,65890909,United States,,1702,Finance,Major Banks
ASST,Strive Inc. Class A Common Stock,$16.48,0.125,0.76%,1139736777,United States,2023,815873,Technology,Computer Software: Prepackaged Software
ASTC,Astrotech Corporation (DE) Common Stock,$2.85,-0.04,-1.38%,5013016,United States,,5275,Industrials,Biotechnology: Laboratory Analytical Instruments
ASTE,Astec Industries Inc. Common Stock,$64.395,2.845,4.62%,1475913824,United States,1986,23720,Industrials,Construction/Ag Equipment/Trucks
ASTH,Astrana Health Inc. Common Stock,$35.00,0.02,0.06%,1949973620,United States,,26277,Consumer Discretionary,Professional Services
ASTI,Ascent Solar Technologies Inc. Common Stock,$4.19,-0.19,-4.34%,39645307,United States,,177025,Technology,Semiconductors
ASTL,Algoma Steel Group Inc. Common Shares,$4.81,0.09,1.91%,504731588,Canada,,95319,Industrials,Steel/Iron Ore
ASTLW,Algoma Steel Group Inc. Warrant,$0.05,-0.003,-5.66%,5246690,Canada,,2110,Industrials,Steel/Iron Ore
ASTS,AST SpaceMobile Inc. Class A Common Stock,$66.21,-2.22,-3.24%,25693248938,United States,2019,5269874,Consumer Discretionary,Telecommunications Equipment
ASUR,Asure Software Inc Common Stock,$8.45,-0.09,-1.05%,242359799,United States,,3202,Technology,EDP Services
ASYS,Amtech Systems Inc. Common Stock,$16.96,0.48,2.91%,243491277,United States,,14305,Technology,Industrial Machinery/Components
ATAI,AtaiBeckley Inc. Common Stock,$4.135,-0.065,-1.55%,1517201365,Germany,2008,596936,Health Care,Biotechnology: Pharmaceutical Preparations
ATAT,Atour Lifestyle Holdings Limited American Depositary Shares,$37.93,0.53,1.42%,5160118424,China,2022,232861,Consumer Discretionary,Hotels/Resorts
ATCX,Atlas Critical Minerals Corporation Common Stock,$5.59,0.05,0.90%,27935718,Brazil,,2870,Basic Materials,Precious Metals
ATEC,Alphatec Holdings Inc. Common Stock,$10.34,0.01,0.10%,1589279269,United States,2006,291638,Health Care,Medical/Dental Instruments
ATER,Aterian Inc. Common Stock,$1.20,-0.01,-0.83%,12988562,United States,2019,315566,Consumer Discretionary,Home Furnishings
ATEX,Anterix Inc. Common Stock,$48.5401,0.1601,0.33%,909296305,United States,2015,14149,Telecommunications,Telecommunications Equipment
ATGL,Alpha Technology Group Limited Class A Ordinary Shares,$12.5992,0,0.00%,207414330,China,2023,196,Technology,EDP Services
ATHE,Alterity Therapeutics Limited American Depositary Shares,$4.575,0.055,1.22%,70216716,Australia,,1797,Health Care,Biotechnology: Pharmaceutical Preparations
ATHR,Aether Holdings Inc. Common Stock,$3.9901,-0.0999,-2.44%,48350380,United States,2025,499,Technology,Computer Software: Prepackaged Software
ATII,Archimedes Tech SPAC Partners II Co. Ordinary Shares,$10.645,0.005,0.05%,0,United States,2025,895,,
ATIIW,Archimedes Tech SPAC Partners II Co. Warrant,$1.09,-0.02,-1.80%,0,United States,2025,13020,Finance,Blank Checks
ATLC,Atlanticus Holdings Corporation Common Stock,$77.41,1.745,2.31%,1154334669,United States,1995,4001,Finance,Finance: Consumer Services
ATLCL,Atlanticus Holdings Corporation 6.125% Senior Notes due 2026,$25.00,-0.0001,0.00%,378136225,United States,,483,Finance,Finance: Consumer Services
ATLCP,Atlanticus Holdings Corporation 7.625% Series B Cumulative Perpetual Preferred Stock no par value per share,$23.90,0.05,0.21%,356395796,United States,,221,Finance,Finance: Consumer Services
ATLCZ,Atlanticus Holdings Corporation 9.25% Senior Notes due 2029,$25.3699,0.0099,0.04%,383731129,United States,,5417,Finance,Finance: Consumer Services
ATLN,Atlantic International Corp. Common Stock,$1.265,-0.065,-4.89%,100388213,United States,2024,52573,Industrials,Biotechnology: Laboratory Analytical Instruments
ATLO,Ames National Corporation Common Stock,$28.55,0.3,1.06%,252873631,United States,,10586,Finance,Major Banks
ATLX,Atlas Lithium Corporation Common Stock,$5.08,-0.22,-4.15%,141061003,United States,,444561,Industrials,Mining & Quarrying of Nonmetallic Minerals (No Fuels)
ATNI,ATN International Inc. Common Stock,$27.59,0.24,0.88%,424357734,United States,,8617,Telecommunications,Telecommunications Equipment
ATOM,Atomera Incorporated Common Stock,$10.62,0.25,2.41%,411237931,United States,2016,715861,Technology,Semiconductors
ATOS,Atossa Therapeutics Inc. Common Stock,$5.72,-0.14,-2.39%,49256985,United States,2012,10444,Health Care,Biotechnology: Pharmaceutical Preparations
ATPC,Agape ATP Corporation Common Stock,$2.87,0.18,6.69%,2871797,Malaysia,,18438,Health Care,Medical/Nursing Services
ATRA,Atara Biotherapeutics Inc. Common Stock,$4.835,-0.045,-0.92%,41156835,United States,2014,12091,Health Care,Biotechnology: Biological Products (No Diagnostic Substances)
ATRC,AtriCure Inc. Common Stock,$28.455,-0.325,-1.13%,1440813462,United States,2005,103672,Health Care,Medical/Dental Instruments
ATRO,Astronics Corporation Common Stock,$72.82,0.72,1.00%,2612369148,United States,,40403,Industrials,Military/Government/Technical
ATXG,Addentax Group Corp. Common Stock,$5.0906,-0.1994,-3.77%,3975876,China,,2154,Consumer Discretionary,Professional Services
ATYR,aTyr Pharma Inc. Common Stock,$0.8349,-0.008,-0.95%,81862957,United States,2015,156627,Health Care,Biotechnology: Biological Products (No Diagnostic Substances)
AUBN,Auburn National Bancorporation Inc. Common Stock,$23.9606,0.3606,1.53%,83711124,United States,,200,Finance,Major Banks
AUDC,AudioCodes Ltd. Common Stock,$8.50,-1.64,-16.17%,220040384,Israel,1999,288051,Utilities,Telecommunications Equipment
AUGO,Aura Minerals Inc. Common Shares,$82.87,1.17,1.43%,6922504512,United States,,60752,,
AUID,authID Inc. Common Stock,$1.245,-0.065,-4.96%,20084946,United States,,60776,Technology,Computer Software: Prepackaged Software
AUPH,Aurinia Pharmaceuticals Inc Ordinary Shares,$15.70,-0.07,-0.44%,2040031687,Canada,,162301,Health Care,Biotechnology: Pharmaceutical Preparations
AUR,Aurora Innovation Inc. Class A Common Stock,$6.71,0.27,4.19%,13152730635,United States,2021,5743700,Technology,EDP Services
AURA,Aura Biosciences Inc. Common Stock,$9.24,0.89,10.66%,593205949,United States,2021,494325,Health Care,Biotechnology: Biological Products (No Diagnostic Substances)
AURE,Aurelion Inc. Class A Ordinary Shares,$2.20,0,0.00%,76117430,Hong Kong,2023,7537,Finance,Finance: Consumer Services
AUROW,Aurora Innovation Inc. Warrant,$0.3912,0.0944,31.81%,766817917,United States,2021,43903,Technology,EDP Services
AUTL,Autolus Therapeutics plc American Depositary Share,$1.615,0.045,2.87%,429821407,United Kingdom,2018,295284,Health Care,Biotechnology: Biological Products (No Diagnostic Substances)
AUUD,Auddia Inc. Common Stock,$1.77,-0.08,-4.32%,886618,United States,2021,163640,Technology,EDP Services
AVAH,Aveanna Healthcare Holdings Inc. Common Stock,$6.455,-0.175,-2.64%,1404027347,United States,2021,69254,Health Care,Medical/Nursing Services
AVAV,AeroVironment Inc. Common Stock,$173.58,-6.68,-3.71%,8667542505,United States,2007,372539,Industrials,Aerospace
AVBH,Avidbank Holdings Inc. Common stock,$29.36,0.1,0.34%,321643703,United States,,20935,Finance,Commercial Banks
AVBP,ArriVent BioPharma Inc. Common Stock,$30.20,-0.18,-0.59%,1400326948,United States,2024,27757,Health Care,Biotechnology: Pharmaceutical Preparations
AVGO,Broadcom Inc. Common Stock,$421.43,4.93,1.18%,2.00E+12,United States,2009,3590840,Technology,Semiconductors
AVIR,Atea Pharmaceuticals Inc. Common Stock,$5.67,-0.03,-0.53%,453753651,United States,2020,16262,Health Care,Biotechnology: Pharmaceutical Preparations
AVLN,Avalyn Pharma Inc. Common Stock,$28.13,-0.94,-3.23%,1176172882,United States,2026,60633,Health Care,Biotechnology: Pharmaceutical Preparations
AVNW,Aviat Networks Inc. Common Stock,$15.95,-6.69,-29.55%,205791845,United States,,456335,Technology,Radio And Television Broadcasting And Communications Equipment
AVO,Mission Produce Inc. Common Stock,$13.46,0.13,0.98%,953592059,United States,2020,142928,Consumer Staples,Farming/Seeds/Milling
AVPT,AvePoint Inc. Class A Common Stock,$10.655,0.125,1.19%,2301040076,United States,2019,328313,Technology,Computer Software: Prepackaged Software
AVR,Anteris Technologies Global Corp. Common Stock,$6.24,0.11,1.79%,606728017,United States,2024,87042,Health Care,Industrial Specialties
AVT,Avnet Inc. Common Stock,$82.255,1.835,2.28%,6746890783,United States,,38352,Technology,Electronic Components
AVTX,Avalo Therapeutics Inc. Common Stock,$14.51,0.73,5.30%,387625030,United States,2015,106491,Health Care,Biotechnology: Pharmaceutical Preparations
AVX,Avax One Technology Ltd. Common Shares,$0.5393,-0.0248,-4.40%,48416317,Canada,2021,192814,Finance,Finance: Consumer Services
AVXL,Anavex Life Sciences Corp. Common Stock,$3.415,0.005,0.15%,316474054,United States,,72621,Health Care,Biotechnology: Biological Products (No Diagnostic Substances)
AWRE,Aware Inc. Common Stock,$1.26,0.01,0.80%,27255441,United States,1996,2695,Technology,Computer Software: Prepackaged Software
AXG,Solowin Holdings Class A Ordinary Share,$3.71,0.07,1.92%,701018698,Hong Kong,2023,18468,Finance,Investment Bankers/Brokers/Service
AXGN,Axogen Inc. Common Stock,$42.45,-0.18,-0.42%,2257398629,United States,,79855,Health Care,Biotechnology: Electromedical & Electrotherapeutic Apparatus
AXIN,Axiom Intelligence Acquisition Corp 1 Class A Ordinary Shares,$10.191,0,0.00%,0,United Kingdom,2025,2,Finance,Blank Checks
AXINU,Axiom Intelligence Acquisition Corp 1 Units,$10.32,0,0.00%,0,United Kingdom,2025,9,Finance,Blank Checks
AXON,Axon Enterprise Inc. Common Stock,$387.02,-6.73,-1.71%,31183053231,United States,2001,166668,Industrials,Ordnance And Accessories
AXSM,Axsome Therapeutics Inc. Common Stock,$229.05,5.35,2.39%,11782321006,United States,2015,172138,Health Care,Biotechnology: Pharmaceutical Preparations
AXTI,AXT Inc Common Stock,$103.88,-2.12,-2.00%,5773528549,United States,1998,2994594,Technology,Semiconductors
AYA,Aya Gold & Silver Inc. Common Shares,$17.69,-0.39,-2.16%,2529432016,Canada,,55299,Technology,Computer Software: Programming Data Processing
AYTU,Aytu BioPharma Inc.  Common Stock,$2.57,0.02,0.78%,27584345,United States,,1311,Health Care,Biotechnology: Pharmaceutical Preparations
AZ,A2Z Cust2Mate Solutions Corp. Common Shares,$6.97,-0.05,-0.71%,310478713,Canada,,126703,Industrials,Industrial Machinery/Components
AZI,Autozi Internet Technology (Global) Ltd. Class A Ordinary Shares,$1.23,0.02,1.65%,5597031,China,2024,3855,Consumer Discretionary,Automotive Aftermarket
AZTA,Azenta Inc.,$24.48,0.15,0.62%,1127586230,United States,,415014,Technology,Industrial Machinery/Components
BACC,Blue Acquisition Corp. Class A Ordinary Shares,$10.28,0,0.00%,0,United States,2025,1,Finance,Blank Checks
BACCR,Blue Acquisition Corp. Right ,$0.295,-0.035,-10.61%,0,United States,2025,16243,Finance,Blank Checks
BACCU,Blue Acquisition Corp. Unit,$10.48,-0.07,-0.66%,0,United States,2025,200,Finance,Blank Checks
BAER,Bridger Aerospace Group Holdings Inc. Common Stock,$1.9172,-0.0828,-4.14%,110502885,United States,,451109,Industrials,Aerospace
BAERW,Bridger Aerospace Group Holdings Inc. Warrant,$0.312,-0.0056,-1.76%,17982944,United States,,5582,Industrials,Aerospace
BAFN,BayFirst Financial Corp. Common Stock,$6.6423,-0.1677,-2.46%,27287047,United States,,9518,Finance,Major Banks
BAND,Bandwidth Inc. Class A Common Stock,$45.76,0.74,1.64%,1465111968,United States,2017,390419,Technology,Computer Software: Prepackaged Software
BANF,BancFirst Corporation Common Stock,$113.3364,1.8764,1.68%,3805380246,United States,1993,74295,Finance,Major Banks
BANFP,BancFirst Corporation - BFC Capital Trust II Cumulative Trust Preferred Securities,$26.45,0.0001,0.00%,888084565,United States,,873,Finance,Major Banks
BANL,CBL International Limited Class B Ordinary Shares,$0.4787,-0.0223,-4.45%,13164407,Malaysia,2023,62440,Energy,Oil Refining/Marketing
BANR,Banner Corporation Common Stock,$65.465,1.195,1.86%,2217450447,United States,,24693,Finance,Major Banks
BANX,ArrowMark Financial Corp. Common Stock,$19.568,-0.002,-0.01%,138984186,United States,,2744,Finance,Trusts Except Educational Religious and Charitable
BAOS,Baosheng Media Group Holdings Limited Ordinary shares,$2.85,0,0.00%,4373288,China,2021,21,Real Estate,Real Estate
BATRA,Atlanta Braves Holdings Inc. Series A Common Stock,$53.145,0.005,0.01%,3893154300,United States,,5674,Consumer Discretionary,Services-Misc. Amusement & Recreation
BATRK,Atlanta Braves Holdings Inc. Series C Common Stock,$49.21,-0.24,-0.49%,3604894592,United States,,19161,Consumer Discretionary,Services-Misc. Amusement & Recreation
BAYA,Bayview Acquisition Corp Ordinary Shares,$12.00,0.05,0.42%,0,United States,2023,1327,,
BAYAR,Bayview Acquisition Corp Right,$0.0962,0.0161,20.10%,0,United States,2023,7500,,
BBCP,Concrete Pumping Holdings Inc. Common Stock,$8.03,0.12,1.52%,405599363,United States,2017,16533,Consumer Discretionary,Engineering & Construction
BBCQ,Bleichroeder Acquisition Corp. II Class A Ordinary Shares,$10.29,0.04,0.39%,0,United States,2026,4105,,
BBCQW,Bleichroeder Acquisition Corp. II Warrants,$1.37,0,0.00%,0,United States,2026,100,,
BBGI,Beasley Broadcast Group Inc. Class A Common Stock,$19.27,0.56,2.99%,34807536,United States,2000,10586,Consumer Discretionary,Broadcasting
BBIO,BridgeBio Pharma Inc. Common Stock,$68.51,-0.48,-0.70%,13414685639,United States,2019,611755,Health Care,Biotechnology: Pharmaceutical Preparations
BBLG,Bone Biologics Corp Common Stock,$1.3701,0.0301,2.25%,2459686,United States,,5382,Health Care,Industrial Specialties
BBLGW,Bone Biologics Corp Warrants,$19.99,0,0.00%,35887247,United States,,7,Health Care,Industrial Specialties
BBNX,Beta Bionics Inc. Common Stock,$10.03,-0.19,-1.86%,446953801,United States,2025,60571,Health Care,Medical/Dental Instruments
BBOT,BridgeBio Oncology Therapeutics Inc. Common Stock  ,$8.25,-0.21,-2.48%,660929981,United States,2024,48928,Health Care,Biotechnology: Pharmaceutical Preparations
BBSI,Barrett Business Services Inc. Common Stock,$30.375,-0.245,-0.80%,745999338,United States,1993,31600,Consumer Discretionary,Professional Services
BCAB,BioAtla Inc. Common Stock,$4.4989,-0.2011,-4.28%,7454344,United States,2020,18382,Health Care,Biotechnology: Biological Products (No Diagnostic Substances)
BCAL,California BanCorp Common Stock,$18.76,0.13,0.70%,603177110,United States,,20701,Finance,Major Banks
BCAR,D. Boral ARC Acquisition I Corp. Class A Ordinary Shares,$10.245,0.005,0.05%,0,United States,2025,117170,Finance,Blank Checks
BCARW,D. Boral ARC Acquisition I Corp. Warrant,$1.00,0.0475,4.99%,0,United States,2025,14653,Finance,Blank Checks
BCAX,Bicara Therapeutics Inc. Common Stock,$22.56,-0.16,-0.70%,1479944347,United States,2024,19940,Health Care,Biotechnology: Pharmaceutical Preparations
BCBP,BCB Bancorp Inc. (NJ) Common Stock,$10.29,0.03,0.29%,178666886,United States,2005,4549,Finance,Savings Institutions
BCDA,BioCardia Inc. Common Stock,$1.1199,-0.0101,-0.89%,12252123,United States,,51942,Health Care,Biotechnology: Biological Products (No Diagnostic Substances)
BCG,Binah Capital Group Inc. Common Stock,$1.99,-0.01,-0.50%,33038895,United States,,13806,Finance,Finance: Consumer Services
BCGWW,Binah Capital Group Inc. Warrants,$0.1561,0,0.00%,2591644,United States,,160,Finance,Finance: Consumer Services
BCIC,BCP Investment Corporation Common Stock,$8.00,-0.02,-0.25%,99006296,United States,2006,6878,Finance,Finance: Consumer Services
BCML,BayCom Corp Common Stock,$30.4899,1.0099,3.43%,332623984,United States,2018,10517,Finance,Major Banks
BCPC,Balchem Corporation Common Stock,$161.03,-1.07,-0.66%,5173867491,United States,,60793,Industrials,Major Chemicals
BCRX,BioCryst Pharmaceuticals Inc. Common Stock,$9.195,-0.005,-0.05%,2336503705,United States,1994,432266,Health Care,Biotechnology: Biological Products (No Diagnostic Substances)
BCTX,BriaCell Therapeutics Corp. Common Shares,$4.0301,-0.0599,-1.47%,29220188,Canada,,20087,Health Care,Biotechnology: Pharmaceutical Preparations
BCTXL,BriaCell Therapeutics Corp. Warrant expiring 2031,$0.985,0.105,11.93%,7141730,Canada,,1952,,
BCTXZ,BriaCell Therapeutics Corp. Warrant expiring 2030,$0.0962,-0.0068,-6.60%,697497,Canada,,542,Health Care,Biotechnology: Pharmaceutical Preparations
BCYC,Bicycle Therapeutics plc American Depositary Shares,$4.99,0.05,1.01%,348358013,United Kingdom,2019,52336,Health Care,Biotechnology: Pharmaceutical Preparations
BDCI,BTC Development Corp. Class A Ordinary Shares,$10.02,0,0.00%,0,United States,2025,19253,Finance,Blank Checks
BDCIU,BTC Development Corp. Unit,$10.14,0,0.00%,0,United States,2025,100,Finance,Blank Checks
BDMD,Baird Medical Investment Holdings Ltd Ordinary Share,$1.87,0.07,3.89%,76631444,China,,124752,Health Care,Medical/Dental Instruments
BDMDW,Baird Medical Investment Holdings Ltd Warrant,$0.0715,0,0.00%,2930026,China,,13,Health Care,Medical/Dental Instruments
BDRX,Biodexa Pharmaceuticals plc American Depositary Shs,$3.94,0.82,26.28%,2554357,United Kingdom,,16131288,Health Care,Biotechnology: Pharmaceutical Preparations
BDSX,Biodesix Inc. Common Stock,$14.28,3.01,26.71%,144331087,United States,2020,139983,Health Care,Medical Specialities
BDTX,Black Diamond Therapeutics Inc. Common Stock,$2.735,0.035,1.30%,156720352,United States,2020,193204,Health Care,Biotechnology: Biological Products (No Diagnostic Substances)
BEAG,Bold Eagle Acquisition Corp. Class A Ordinary Shares,$10.55,0.01,0.10%,0,United States,2024,583,,
BEAGR,Bold Eagle Acquisition Corp. Right,$0.25,0,0.00%,0,United States,2024,400,,
BEAM,Beam Therapeutics Inc. Common Stock,$30.20,0.12,0.40%,3102919929,United States,2020,236746,Health Care,Biotechnology: Biological Products (No Diagnostic Substances)
BEAT,Heartbeam Inc. Common Stock,$0.8445,0.0042,0.50%,34698707,United States,2021,106674,Health Care,Medical/Dental Instruments
BEATW,Heartbeam Inc. Warrant,$0.0941,0,0.00%,3866369,United States,2021,1,Health Care,Medical/Dental Instruments
BEEM,Beam Global Common Stock,$1.89,0,0.00%,39948898,United States,,130290,Technology,Semiconductors
BEEP,Mobile Infrastructure Corporation Common Stock,$1.88,0,0.00%,77441832,United States,,1651,Finance,Blank Checks
BELFA,Bel Fuse Inc. Class A Common Stock,$262.875,5.465,2.12%,3354017919,United States,,14957,,
BELFB,Bel Fuse Inc. Class B Common Stock,$289.72,3.03,1.06%,3696532844,United States,,17691,,
BENF,Beneficient Class A Common Stock,$3.44,0,0.00%,48895231,United States,,4991,Finance,Finance: Consumer Services
BENFW,Beneficient Warrant,$0.01,-0.0009,-8.26%,142137,United States,,104,Finance,Finance: Consumer Services
BETR,Better Home & Finance Holding Company Class A Common Stock,$42.45,0.88,2.12%,800980645,United Kingdom,2021,62885,Finance,Finance: Consumer Services
BETRW,Better Home & Finance Holding Company Warrant,$0.27,-0.0001,-0.04%,5094577,United Kingdom,2021,1000,Finance,Finance: Consumer Services
BFC,Bank First Corporation Common Stock,$147.66,3.84,2.67%,1657105638,United States,,31455,Finance,Major Banks
BFRG,Bullfrog AI Holdings Inc. Common Stock,$0.7126,0.0216,3.13%,13205094,United States,2023,94312,Health Care,Biotechnology: Pharmaceutical Preparations
BFRGW,Bullfrog AI Holdings Inc. Warrants,$0.2111,0,0.00%,3911866,United States,2023,12,Health Care,Biotechnology: Pharmaceutical Preparations
BFRI,Biofrontera Inc. Common Stock,$1.17,0.06,5.41%,14048843,United States,2021,98631,Health Care,Biotechnology: Pharmaceutical Preparations
BFRIW,Biofrontera Inc. Warrants,$0.029,0.0001,0.35%,348219,United States,2021,6130,Health Care,Biotechnology: Pharmaceutical Preparations
BFST,Business First Bancshares Inc. Common Stock,$27.29,0.26,0.96%,891781747,United States,,39496,Finance,Major Banks
BGC,BGC Group Inc. Class A Common Stock,$11.135,-0.055,-0.49%,5280907782,United States,,248658,Finance,Investment Bankers/Brokers/Service
BGDE,Big Digital Energy Inc. Common Stock,$4.50,0.03,0.67%,24690285,Australia,,17715,Finance,Finance: Consumer Services
BGIN,Bgin Blockchain Limited Class A Ordinary Shares,$3.50,0.02,0.58%,395975794,China,2025,3031,Finance,Finance: Consumer Services
BGL,Blue Gold Limited Class A Ordinary Shares,$1.1599,-0.0301,-2.53%,40222423,United Kingdom,,150758,Basic Materials,Metal Mining
BGLC,BioNexus Gene Lab Corp Common stock,$2.04,0,0.00%,4931321,Malaysia,,438,Health Care,Medical Specialities
BGLWW,Blue Gold Limited Warrant,$0.30,0,0.00%,10403248,United Kingdom,,2510,Basic Materials,Metal Mining
BGM,BGM Group Ltd. Class A Ordinary Shares,$0.31,-0.0102,-3.19%,57027579,China,2021,6966,Health Care,Biotechnology: Pharmaceutical Preparations
BGMS,Bio Green Med Solution Inc. Common Stock,$1.00,-0.03,-2.91%,0,United States,,392,,
BHAV,BHAV Acquisition Corp Class A Ordinary Shares,$9.88,0,0.00%,0,United States,2026,15,,
BHAVR,BHAV Acquisition Corp Rights,$0.20,-0.03,-13.04%,0,United States,2026,1500,Finance,Blank Checks
BHAVU,BHAV Acquisition Corp Units,$10.06,0,0.00%,0,United States,2026,1679,,
BHF,Brighthouse Financial Inc. Common Stock,$62.75,0.06,0.10%,3604418107,United States,,22751,Finance,Life Insurance
BHFAL,Brighthouse Financial Inc. 6.25% Junior Subordinated Debentures due 2058,$17.00,0.01,0.06%,976495742,United States,,1302,Finance,Life Insurance
BHFAM,Brighthouse Financial Inc. Depositary shares each representing a 1/1000th Interest in a Share of 4.625% Non-Cumulative Preferred Stock Series D,$11.66,0.11,0.95%,669761197,United States,,689,Finance,Life Insurance
BHFAN,Brighthouse Financial Inc. Depositary shares each representing a 1/1000th interest in a share of 5.375% Non-Cumulative Preferred Stock Series C,$12.88,0.09,0.70%,739839127,United States,,3868,Finance,Life Insurance
BHFAO,Brighthouse Financial Inc. Depositary Shares 6.75% Non-Cumulative Preferred Stock Series B,$16.35,-0.1,-0.61%,939159140,United States,,5462,Finance,Life Insurance
BHFAP,Brighthouse Financial Inc. Depositary Shares 6.6% Non-Cumulative Preferred Stock Series A,$15.825,0.045,0.29%,909002654,United States,,3103,Finance,Life Insurance
BHRB,Burke & Herbert Financial Services Corp. Common Stock,$63.86,0.82,1.30%,960846309,United States,,12575,Finance,Major Banks
BHST,BioHarvest Sciences Inc. Common Stock,$4.14,0,0.00%,93788756,Canada,,18,,
BIAF,bioAffinity Technologies Inc. Common Stock,$2.095,-0.085,-3.90%,9424724,United States,2022,111512,Health Care,Biotechnology: Commercial Physical & Biological Resarch
BIAFW,bioAffinity Technologies Inc. Warrant,$0.2693,-0.0607,-18.39%,1211493,United States,2022,1000,Health Care,Biotechnology: Commercial Physical & Biological Resarch
BIDU,Baidu Inc. ADS,$127.77,0.29,0.23%,43474082240,China,2005,279614,Technology,Computer Software: Programming Data Processing
BIIB,Biogen Inc. Common Stock,$187.84,0.63,0.34%,27732156057,United States,,67957,Health Care,Biotechnology: Biological Products (No Diagnostic Substances)
BILI,Bilibili Inc. American Depositary Shares,$21.72,0.03,0.14%,9049065613,China,2018,331980,Technology,EDP Services
BIOA,BioAge Labs Inc. Common Stock,$16.69,0.07,0.42%,740999566,United States,2024,11302,Health Care,Biotechnology: Pharmaceutical Preparations
BIOX,Bioceres Crop Solutions Corp. Ordinary Shares,$0.4624,0.0158,3.54%,29236738,Argentina,,45426,Industrials,Agricultural Chemicals
BIRD,Allbirds Inc. Class A Common Stock,$5.88,0.02,0.34%,51203822,United States,2021,184737,Consumer Discretionary,Apparel
BIVI,BioVie Inc. Class A Common Stock,$1.69,-0.03,-1.74%,12748635,United States,,37688,Health Care,Biotechnology: Pharmaceutical Preparations
BIVIW,BioVie Inc. Warrant,$0.32,-0.0299,-8.55%,2413943,United States,,2155,Health Care,Biotechnology: Pharmaceutical Preparations
BIXI,Bitcoin Infrastructure Acquisition Corp Ltd. Class A Ordinary Shares,$10.00,0.05,0.50%,0,United States,2025,202,,
BIXIW,Bitcoin Infrastructure Acquisition Corp Ltd. Warrant,$0.255,0.015,6.25%,0,United States,2025,134,,
BIYA,Baiya International Group Inc. Ordinary Shares,$1.778,0.588,49.41%,4066147,China,2025,22762541,Consumer Discretionary,Diversified Commercial Services
BJDX,Bluejay Diagnostics Inc. Common Stock,$1.885,0,0.00%,1950438,United States,2021,301,Health Care,Medical/Dental Instruments
BJRI,BJ's Restaurants Inc. Common Stock,$37.36,0.4,1.08%,785287997,United States,,30267,Consumer Discretionary,Restaurants
BKHA,Black Hawk Acquisition Corporation Class A Ordinary Shares,$11.95,0,0.00%,0,United States,2024,6,Health Care,Biotechnology: Biological Products (No Diagnostic Substances)
BKHAR,Black Hawk Acquisition Corporation Rights,$1.31,0.01,0.77%,0,United States,2024,1000,Health Care,Biotechnology: Biological Products (No Diagnostic Substances)
BKHAU,Black Hawk Acquisition Corporation Units,$11.60,0,0.00%,0,United States,2024,13,,
BKNG,Booking Holdings Inc. Common Stock,$166.715,1.135,0.69%,1.29E+11,United States,,1028109,Consumer Discretionary,Transportation Services
BKR,Baker Hughes Company Class A Common Stock,$68.93,0.15,0.22%,68383295284,United States,,596126,Consumer Discretionary,Oil and Gas Field Machinery
BKYI,BIO-key International Inc. Common Stock,$5.19,-0.1,-1.89%,5632250,United States,,8139,Technology,Computer Software: Prepackaged Software
BL,BlackLine Inc. Common Stock,$33.02,-0.41,-1.23%,1968704902,United States,2016,90438,Technology,Computer Software: Prepackaged Software
BLBD,Blue Bird Corporation Common Stock,$63.82,0.93,1.48%,2016195186,United States,2014,13217,Consumer Discretionary,Construction/Ag Equipment/Trucks
BLDP,Ballard Power Systems Inc. Common Shares,$3.98,0.69,20.97%,1199873879,Canada,,4548875,Energy,Industrial Machinery/Components
BLFS,BioLife Solutions Inc. Common Stock,$21.03,-0.06,-0.28%,1015749000,United States,,24170,Health Care,Biotechnology: Electromedical & Electrotherapeutic Apparatus
BLIN,Bridgeline Digital Inc. Common Stock,$1.0199,0.0392,4.00%,12850617,United States,2007,4104,Technology,Computer Software: Prepackaged Software
BLIV,BeLive Holdings Ordinary Share,$2.38,0,0.00%,25858229,Singapore,2025,37,Technology,EDP Services
BLKB,Blackbaud Inc. Common Stock,$37.175,-0.415,-1.10%,1707526041,United States,2004,48504,Technology,Computer Software: Prepackaged Software
BLLN,BillionToOne Inc. Class A Common Stock,$75.60,3.48,4.83%,3477204158,United States,2025,992655,Health Care,Medical Specialities
BLMN,Bloomin' Brands Inc. Common Stock,$5.735,0.105,1.87%,488780418,United States,2012,156700,Consumer Discretionary,Restaurants
BLNE,Beeline Holdings Inc. Common Stock,$2.13,0.11,5.45%,65278896,United States,,100992,Finance,Finance: Consumer Services
BLNK,Blink Charging Co. Common Stock,$0.7187,-0.0056,-0.77%,102878110,United States,,385704,Consumer Discretionary,Industrial Specialties
BLRK,Bluerock Acquisition Corp. Class A Ordinary Shares,$9.93,0,0.00%,0,United States,2026,104,,
BLRKW,Bluerock Acquisition Corp. Warrants,$0.3155,0,0.00%,0,United States,2026,339,,
BLRX,BioLineRx Ltd. American Depositary Shares,$3.049,0.009,0.30%,13267287,Israel,,4051,Health Care,Biotechnology: Pharmaceutical Preparations
BLTE,Belite Bio Inc American Depositary Shares,$157.105,2.595,1.68%,6180504416,United States,2022,4691,Health Care,Biotechnology: Pharmaceutical Preparations
BLUW,Blue Water Acquisition Corp. III Class A Ordinary Shares,$10.28,0.03,0.29%,74478600,United States,2025,365,,
BLUWW,Blue Water Acquisition Corp. III Warrant.,$0.4451,0.0049,1.11%,3224750,United States,2025,900,,
BLZE,Backblaze Inc. Class A Common Stock,$7.555,2.915,62.82%,453411293,United States,2021,22888188,Technology,Computer Software: Prepackaged Software
BLZR,Trailblazer Acquisition Corp. Class A Ordinary Shares,$10.11,0.01,0.10%,0,United States,2025,180,Finance,Blank Checks
BLZRU,Trailblazer Acquisition Corp. Unit,$10.22,0.03,0.29%,0,United States,2025,384,,
BLZRW,Trailblazer Acquisition Corp. Warrant,$0.3872,0,0.00%,0,United States,2025,30,Finance,Blank Checks
BMBL,Bumble Inc. Class A Common Stock,$4.065,-0.205,-4.80%,530202698,United States,2021,427167,Technology,Computer Software: Programming Data Processing
BMEA,Biomea Fusion Inc. Common Stock,$1.5268,0.0468,3.16%,110386785,United States,2021,311229,Health Care,Biotechnology: Pharmaceutical Preparations
BMGL,Basel Medical Group Ltd Ordinary Shares,$0.578,0,0.00%,10858164,Singapore,2025,1542,Health Care,Medical/Nursing Services
BMHL,Bluemount Holdings Limited Class B Ordinary Shares,$3.54,0,0.00%,84978220,Hong Kong,2025,1650,Finance,Finance: Consumer Services
BMM,Blue Moon Metals Inc. Common Shares,$7.00,-0.18,-2.51%,619534125,Canada,,18909,,
BMR,Beamr Imaging Ltd. Ordinary Share,$1.97,-0.03,-1.50%,30593812,Israel,2023,46813,Technology,Computer Software: Prepackaged Software
BMRA,Biomerica Inc. Common Stock,$2.17,0.01,0.46%,6705884,United States,,6579,Health Care,Biotechnology: In Vitro & In Vivo Diagnostic Substances
BMRC,Bank of Marin Bancorp Common Stock,$25.85,0.07,0.27%,418503926,United States,,23625,Finance,Major Banks
BMRN,BioMarin Pharmaceutical Inc. Common Stock,$54.99,-0.47,-0.85%,10627918840,United States,1999,605017,Health Care,Biotechnology: Pharmaceutical Preparations
BNAI,Brand Engagement Network Inc. Common Stock,$21.78,-1.69,-7.20%,127586260,United States,2021,175867,Technology,EDP Services
BNAIW,Brand Engagement Network Inc. Warrant,$0.175,-0.0012,-0.68%,1025142,United States,2021,7974,Technology,EDP Services
BNBX,BNB Plus Corp. Common Stock,$0.475,-0.0238,-4.77%,2587548,United States,,6954,Consumer Discretionary,Other Consumer Services
BNC,CEA Industries Inc. Common Stock,$3.09,0,0.00%,132548149,United States,,42977,Industrials,Industrial Machinery/Components
BNCWZ,CEA Industries Inc. Warrant,$0.5345,0.0095,1.81%,22927827,United States,,363,Industrials,Industrial Machinery/Components
BNGO,Bionano Genomics Inc. Common Stock,$1.235,-0.005,-0.40%,13698145,United States,2018,26699,Industrials,Biotechnology: Laboratory Analytical Instruments
BNKK,Bonk Inc. Common Stock,$2.61,0.08,3.16%,20536675,United States,2020,42422,Consumer Discretionary,Package Goods/Cosmetics
BNR,Burning Rock Biotech Limited American Depositary Shares,$16.87,-0.32,-1.86%,177916806,China,2020,5158,Health Care,Medical Specialities
BNRG,Brenmiller Energy Ltd Ordinary Shares,$2.67,-0.13,-4.64%,1376292,Israel,,11593,Industrials,Building Products
BNTC,Benitec Biopharma Inc. Common Stock,$11.88,-0.3,-2.46%,408129488,United States,2015,9533,Health Care,Biotechnology: Pharmaceutical Preparations
BNTX,BioNTech SE American Depositary Share,$96.37,-2.98,-3.00%,24220223016,Germany,2019,341300,Health Care,Biotechnology: Biological Products (No Diagnostic Substances)
BNZI,Banzai International Inc. Class A Common Stock,$0.3238,-0.0112,-3.34%,5987743,United States,2021,699631,Technology,Computer Software: Prepackaged Software
BNZIW,Banzai International Inc. Warrant,$0.0105,0,0.00%,194167,United States,2021,1400,Technology,Computer Software: Prepackaged Software
BODI,The Beachbody Company Inc. Class A Common Stock,$13.96,0.28,2.05%,101002931,United States,,9314,Consumer Discretionary,Other Consumer Services
BOF,BranchOut Food Inc. Common Stock,$3.70,0.07,1.93%,53954939,United States,2023,2782,Consumer Staples,Packaged Foods
BOKF,BOK Financial Corporation Common Stock,$134.49,1.49,1.12%,8171754959,United States,,10559,Finance,Major Banks
BOLD,Boundless Bio Inc. Common Stock,$1.575,0.005,0.32%,35309533,United States,2024,5950,Health Care,Biotechnology: Pharmaceutical Preparations
BOLT,Bolt Biotherapeutics Inc. Common Stock,$4.90,-0.16,-3.16%,9415678,United States,2021,2489,Health Care,Biotechnology: Pharmaceutical Preparations
BON,Bon Natural Life Limited Class A Ordinary Shares,$1.2737,0.0238,1.90%,10353665,China,2021,2873,Health Care, Medicinal Chemicals and Botanical Products 
BOOM,DMC Global Inc. Common Stock,$7.71,-0.05,-0.64%,157814502,United States,,150355,Industrials,Industrial Specialties
BOSC,B.O.S. Better Online Solutions Common Stock,$4.65,-0.03,-0.64%,32781617,Israel,,2470,Telecommunications,Computer Communications Equipment
BOTJ,Bank of the James Financial Group Inc. Common Stock,$23.70,0.2,0.85%,107677111,United States,,5302,Finance,Major Banks
BOXL,Boxlight Corporation Class A Common Stock,$1.07,0.01,0.94%,4281826,United States,2017,12969,Real Estate,Other Consumer Services
BPAC,Blueport Acquisition Ltd Class A Ordinary Shares,$10.07,0.005,0.05%,0,United States,2026,1101,,
BPACR,Blueport Acquisition Ltd Rights,$0.1901,0,0.00%,0,United States,2026,6,,
BPACU,Blueport Acquisition Ltd Units,$10.23,0,0.00%,0,United States,2025,100,Finance,Blank Checks
BPOP,Popular Inc. Common Stock,$148.45,0.41,0.28%,9647580977,United States,,37669,Finance,Major Banks
BPOPM,Popular Inc. Popular Capital Trust II - 6.125% Cumulative Monthly Income Trust Preferred Securities,$25.195,0,0.00%,1637391733,United States,,174,Finance,Major Banks
BPRN,Princeton Bancorp Inc. Common Stock (PA),$34.785,-0.795,-2.23%,236407661,United States,,1745,Finance,Major Banks
BPYPM,Brookfield Property Partners L.P. 6.25% Class A Cumulative Redeemable Preferred Units Series 1,$16.8001,-0.0498,-0.30%,17465055518,Bermuda,,2482,Finance,Real Estate
BPYPN,Brookfield Property Partners L.P. 5.750% Class A Cumulative Redeemable Perpetual Preferred Units Series 3,$13.94,-0.03,-0.22%,14491751473,Bermuda,,14940,Finance,Real Estate
BPYPO,Brookfield Property Partners L.P. 6.375% Class A Cumulative Redeemable Perpetual Preferred Units Series 2,$15.48,0.0911,0.59%,16092705366,Bermuda,,115,Finance,Real Estate
BPYPP,Brookfield Property Partners L.P. 6.50% Class A Cumulative Redeemable Perpetual Preferred Units,$16.025,0.065,0.41%,16659276711,Bermuda,,1329,Finance,Real Estate
BRAG,Bragg Gaming Group Inc. Common Shares,$1.98,-0.13,-6.16%,50595520,Canada,,1952,Technology,Office Equipment/Supplies/Services
BRAI,Braiin Limited Common Stock,$7.60,0.3,4.11%,1566270533,Australia,,10047,Technology,EDP Services
BRBI,BRBI BR Partners S.A. ADSs,$15.07,0,0.00%,755557748,Brazil,,1,Finance,Finance: Consumer Services
BRCB,Black Rock Coffee Bar Inc. Class A Common Stock,$11.51,0.13,1.14%,576142339,United States,2025,77851,Consumer Discretionary,Restaurants
BRFH,Barfresh Food Group Inc. Common Stock,$2.50,-0.02,-0.79%,40262133,United States,,686,Consumer Staples,Packaged Foods
BRID,Bridgford Foods Corporation Common Stock,$7.51,0,0.00%,68167008,United States,,24,Consumer Staples,Specialty Foods
BRKR,Bruker Corporation Common Stock,$37.775,1.385,3.81%,5750229000,United States,,193754,Industrials,Biotechnology: Laboratory Analytical Instruments
BRKRP,Bruker Corporation 6.375% Mandatory Convertible Preferred Stock Series A,$298.795,8.295,2.86%,45483512220,United States,,373,Industrials,Biotechnology: Laboratory Analytical Instruments
BRLS,Borealis Foods Inc. Class A Common Shares,$1.5601,-0.0099,-0.63%,33484904,Canada,2021,22986,Consumer Staples,Packaged Foods
BRLSW,Borealis Foods Inc. Warrant,$0.067,0.007,11.67%,1438042,Canada,2021,11722,Consumer Staples,Packaged Foods
BRLT,Brilliant Earth Group Inc. Class A Common Stock,$1.458,-0.022,-1.49%,147551350,United States,2021,12583,Consumer Discretionary,Consumer Specialties
BRNS,Barinthus Biotherapeutics plc American Depositary Shares,$0.664,0.029,4.57%,27123665,United Kingdom,2021,6909,Health Care,Biotechnology: Pharmaceutical Preparations
BRR,ProCap Financial Inc. Common Stock,$2.035,0.045,2.26%,166178409,United States,2025,43317,Finance,Finance: Consumer Services
BRRWW,ProCap Financial Inc. Warrant,$0.28,0,0.00%,22864843,United States,2025,1,Finance,Finance: Consumer Services
BRTX,BioRestorative Therapies Inc. Common Stock (NV),$0.258,0.016,6.61%,6573368,United States,,649068,Health Care,Managed Health Care
BRZE,Braze Inc. Class A Common Stock,$24.25,0.08,0.33%,2992373176,United States,2021,281109,Technology,Computer Software: Prepackaged Software
BSAA,BEST SPAC I Acquisition Corp. Class A Ordinary Shares,$10.32,0.02,0.19%,,Hong Kong,2025,7500,Finance,Blank Checks
BSAAR,BEST SPAC I Acquisition Corp. Rights,$0.1501,0.0001,0.07%,0,Hong Kong,2025,2000,Finance,Blank Checks
BSAAU,BEST SPAC I Acquisition Corp. Unit ,$10.43,-0.12,-1.14%,0,Hong Kong,2025,1975,Finance,Blank Checks
BSBK,Bogota Financial Corp. Common Stock,$8.40,0.19,2.31%,108522674,United States,2020,577,Finance,Banks
BSET,Bassett Furniture Industries Incorporated Common Stock,$14.16,-0.06,-0.42%,122444833,United States,,827,Consumer Discretionary,Home Furnishings
BSRR,Sierra Bancorp Common Stock,$36.40,0.58,1.62%,476082298,United States,,4740,Finance,Major Banks
BSVN,Bank7 Corp. Common stock,$43.94,1.3,3.05%,418279580,United States,2018,604,Finance,Major Banks
BSY,Bentley Systems Incorporated Class B Common Stock,$33.235,-0.365,-1.09%,10078403875,United States,2020,246753,Technology,Computer Software: Prepackaged Software
BTAI,BioXcel Therapeutics Inc. Common Stock,$1.28,0.02,1.59%,34655470,United States,2018,158220,Health Care,Biotechnology: Pharmaceutical Preparations
BTBD,BT Brands Inc. Common Stock,$1.7901,-0.0099,-0.55%,11017571,United States,2021,18838,Consumer Discretionary,Restaurants
BTBDW,BT Brands Inc. Warrant,$0.1478,-0.0116,-7.28%,909668,United States,2021,300,Consumer Discretionary,Restaurants
BTBT,Bit Digital Inc. Ordinary Shares,$1.675,-0.005,-0.30%,547016842,United States,2018,4354047,Finance,Finance: Consumer Services
BTCS,BTCS Inc. Common Stock,$2.035,-0.065,-3.10%,101292880,United States,,235882,Finance,Finance: Consumer Services
BTCT,BTC Digital Ltd. Ordinary Shares,$1.2603,-0.0397,-3.05%,8108821,China,,13531,Real Estate,Other Consumer Services
BTDR,Bitdeer Technologies Group Class A Ordinary Shares,$12.27,0.11,0.91%,2985458522,Singapore,,754037,Finance,Finance: Consumer Services
BTM,Bitcoin Depot Inc. Class A Common Stock,$6.26,-0.2,-3.10%,71041973,United States,2022,99525,Finance,Finance: Consumer Services
BTMD,Biote Corp. Class A Common Stock,$2.25,0.14,6.64%,88416520,United States,,27995,Health Care, Medicinal Chemicals and Botanical Products 
BTMWW,Bitcoin Depot Inc. Warrant,$0.0345,0.0015,4.55%,391525,United States,2022,16329,Finance,Finance: Consumer Services
BTOC,Armlogi Holding Corp. Common Stock,$0.2852,-0.0023,-0.80%,12960366,United States,2024,6736,Consumer Discretionary,Office Equipment/Supplies/Services
BTOG,Bit Origin Limited Class A Ordinary Shares,$2.17,-0.06,-2.69%,3204747,United States,2019,16287,Finance,Finance: Consumer Services
BTQ,BTQ Technologies Corp. Common Stock,$2.89,-0.1,-3.34%,408388588,Canada,,561170,,
BTSG,BrightSpring Health Services Inc. Common Stock,$54.14,0.6,1.12%,10498742068,United States,2024,343607,Health Care,Medical/Nursing Services
BTSGU,BrightSpring Health Services Inc. Tangible Equity Unit,$179.47,2.03,1.14%,34802534889,United States,2024,1383,Health Care,Medical/Nursing Services
BTTC,Black Titan Corporation Ordinary Shares,$1.25,0.02,1.63%,1662793,Malaysia,,985,Health Care,Biotechnology: Biological Products (No Diagnostic Substances)
BULL,Webull Corporation Class A Ordinary Shares,$7.18,0.01,0.14%,3818458015,United States,,1719309,Finance,Investment Bankers/Brokers/Service
BULLW,Webull Corporation Warrants,$2.37,-0.09,-3.66%,1260410236,United States,,100,Finance,Investment Bankers/Brokers/Service
BUSE,First Busey Corporation Class A Common Stock,$26.53,0.3,1.14%,2268433775,United States,,33934,Finance,Major Banks
BUSEP,First Busey Corporation Depositary Shares Each Representing a 1/40thInterest in a Share of 8.25% Fixed-Rate Series B Non-Cumulative Perpetual Preferred Stock $0.001 par value,$25.95,0.017,0.07%,2218841178,United States,,6717,Finance,Major Banks
BUUU,BUUU Group Limited Class A Ordinary Share,$18.00,-0.01,-0.06%,300150000,Hong Kong,2025,7596,Consumer Discretionary,Services-Misc. Amusement & Recreation
BVC,BitVentures Limited Ordinary Shares,$10.35,0,0.00%,1738800000,China,2021,3,,
BVFL,BV Financial Inc. Common Stock,$19.28,-0.16,-0.82%,169482151,United States,2023,726,Finance,Savings Institutions
BVS,Bioventus Inc. Class A Common Stock,$10.275,0.105,1.03%,857192204,United States,2021,38709,Health Care,Medical/Dental Instruments
BWAY,BrainsWay Ltd. American Depositary Shares,$16.25,-0.17,-1.04%,650536673,Israel,2019,18131,Health Care,Medical/Dental Instruments
BWB,Bridgewater Bancshares Inc. Common Stock,$18.08,0.1,0.56%,504131275,United States,2018,2157,Finance,Major Banks
BWBBP,Bridgewater Bancshares Inc. Depositary Shares Each Representing a 1/100th Interest in a Share of 5.875% Non-Cumulative Perpetual Preferred Stock Series A,$19.94,0.06,0.30%,555994338,United States,,258,Finance,Major Banks
BWEN,Broadwind Inc. Common Stock,$2.565,0.025,0.98%,60031558,United States,,31796,Telecommunications,Metal Fabrications
BWFG,Bankwell Financial Group Inc. Common Stock,$51.36,0.83,1.64%,409502525,United States,2014,12054,Finance,Major Banks
BWIN,The Baldwin Insurance Group Inc. Class A Common Stock,$21.64,-0.33,-1.50%,3098400961,United States,2019,448295,Finance,Specialty Insurers
BWMN,Bowman Consulting Group Ltd. Common Stock,$33.1476,0.6776,2.09%,567650794,United States,2021,10252,Consumer Discretionary,Professional Services
BYAH,Park Ha Biological Technology Co. Ltd. Class A Ordinary Shares,$1.1808,-0.0192,-1.60%,5775819,China,2024,2257,Consumer Discretionary,Package Goods/Cosmetics
BYFC,Broadway Financial Corporation Class A Common Stock,$8.52,0,0.00%,79227045,United States,,27,Finance,Savings Institutions
BYND,Beyond Meat Inc. Common Stock,$0.9368,-0.0022,-0.23%,434264489,United States,2019,11485703,Consumer Staples,Packaged Foods
BYRN,Byrna Technologies Inc. Common Stock,$5.3406,-0.0194,-0.36%,121155004,United States,,126144,Miscellaneous,Industrial Machinery/Components
BYSI,BeyondSpring Inc. Ordinary Shares,$1.47,-0.04,-2.65%,60446135,United States,2017,3372,Health Care,Biotechnology: Pharmaceutical Preparations
BZ,KANZHUN LIMITED American Depository Shares,$13.875,0.095,0.69%,6421429129,China,2021,216871,Technology,Computer Software: Programming Data Processing
BZAI,Blaize Holdings Inc. Common Stock,$2.328,-0.002,-0.09%,285749217,United States,2025,3645488,Finance,Blank Checks
BZAIW,Blaize Holdings Inc. Warrants,$0.545,0.025,4.81%,66895757,United States,2025,3216,Finance,Blank Checks
BZFD,BuzzFeed Inc. Class A Common Stock,$0.8238,0.0093,1.14%,31006783,United States,2021,3368,Consumer Discretionary,Telecommunications Equipment
BZFDW,BuzzFeed Inc. Warrant,$0.0214,0,0.00%,805469,United States,2021,60,Consumer Discretionary,Telecommunications Equipment
BZUN,Baozun Inc. American Depositary Shares,$2.745,-0.005,-0.18%,159562428,China,2015,27629,Consumer Discretionary,Catalog/Specialty Distribution
CAAS,China Automotive Systems Inc. Ordinary Share,$4.47,0.01,0.22%,134863038,China,,4236,Consumer Discretionary,Auto Parts:O.E.M.
CABA,Cabaletta Bio Inc. Common Stock,$3.845,0.015,0.39%,428043841,United States,2019,2359903,Health Care,Biotechnology: Biological Products (No Diagnostic Substances)
CABR,Caring Brands Inc. Common Stock,$0.9801,-0.0114,-1.15%,12095910,United States,,2410,Consumer Discretionary,Package Goods/Cosmetics
CAC,Camden National Corporation Common Stock,$48.94,0.87,1.81%,830813075,United States,,14580,Finance,Major Banks
CACC,Credit Acceptance Corporation Common Stock,$516.47,9.47,1.87%,5383258225,United States,1992,26213,Finance,Finance: Consumer Services
CADL,Candel Therapeutics Inc. Common Stock,$7.8966,0.3666,4.87%,578585769,United States,2021,720750,Health Care,Biotechnology: Biological Products (No Diagnostic Substances)
CAEP,Cantor Equity Partners III Inc. Class A Ordinary Shares,$10.42,0,0.00%,0,United States,2025,36519,,
CAI,Caris Life Sciences Inc. Common Stock,$18.51,-0.18,-0.96%,5232083708,United States,2025,162390,Health Care,Medical Specialities
CAIIU,Collective Acquisition Corp. II Units,$9.9613,0.0013,0.01%,0,United States,2026,3015,,
CAKE,Cheesecake Factory Incorporated (The) Common Stock,$59.505,0.215,0.36%,2963676278,United States,1992,96655,Consumer Discretionary,Restaurants
CALC,CalciMedica Inc. Common Stock,$0.5904,0.0051,0.87%,9295208,United States,2023,6915,Health Care,Biotechnology: Pharmaceutical Preparations
CALM,Cal-Maine Foods Inc. Common Stock,$75.49,0.74,0.99%,3576458628,United States,1996,64144,Consumer Staples,Farming/Seeds/Milling
CAMP,CAMP4 Therapeutics Corporation Common Stock,$4.01,0.15,3.89%,208222458,United States,2024,4009,,
CAMT,Camtek Ltd. Ordinary Shares,$193.57,10.86,5.94%,9010413857,Israel,2000,101266,Technology,Electronic Components
CAN,Canaan Inc. American Depositary Shares,$0.5411,0.0011,0.20%,416630670,China,2019,2485214,Technology,Semiconductors
CAPN,Cayson Acquisition Corp Ordinary shares,$11.05,0,0.00%,0,United States,2024,1,,
CAPNR,Cayson Acquisition Corp Right,$0.2192,0.0092,4.38%,0,United States,2024,264960,Finance,Blank Checks
CAPR,Capricor Therapeutics Inc. Common Stock,$33.48,-0.02,-0.06%,1936486615,United States,,68916,Health Care,Biotechnology: Pharmaceutical Preparations
CAPS,Capstone Holding Corp. Common Stock,$0.3826,-0.0254,-6.23%,5523177,United States,,73458,Consumer Discretionary,RETAIL: Building Materials
CAQ,Cambridge Acquisition Corp. Class A Ordinary Shares,$9.86,0,0.00%,0,United States,2026,6,,
CAR,Avis Budget Group Inc. Common Stock,$160.355,-7.94,-4.72%,5664538130,United States,,339159,Consumer Discretionary,Rental/Leasing Companies
CARE,Carter Bankshares Inc. Common Stock,$25.73,0.22,0.86%,570176285,United States,,5649,Finance,Major Banks
CARG,CarGurus Inc. Class A Common Stock ,$37.45,0.47,1.27%,3377497607,United States,2017,303010,Technology,EDP Services
CARL,Carlsmed Inc. Common Stock,$9.00,-0.09,-0.99%,245090502,United States,2025,13326,Health Care,Medical/Dental Instruments
CART,Maplebear Inc. Common Stock,$43.76,0.47,1.09%,10508461898,United States,2023,767794,Real Estate,Real Estate
CASH,Pathward Financial Inc. Common Stock,$85.39,-0.33,-0.39%,1858401062,United States,1993,17044,Finance,Major Banks
CASS,Cass Information Systems Inc Common Stock,$47.37,0.73,1.57%,611124160,United States,,17134,Real Estate,Real Estate
CAST,FreeCast Inc. Class A Common Stock,$1.87,-0.06,-3.11%,76344209,United States,,60874,Technology,EDP Services
CASY,Casey's General Stores Inc. Common Stock,$858.575,5.945,0.70%,31732099182,United States,1983,29244,Consumer Discretionary,Retail-Auto Dealers and Gas Stations
CATY,Cathay General Bancorp Common Stock,$56.91,0.52,0.92%,3811378739,United States,,22716,Finance,Major Banks
CBAT,CBAK Energy Technology Inc. Common Stock,$0.7967,0.0039,0.49%,70624138,China,,5592,Miscellaneous,Industrial Machinery/Components
CBC,Central Bancompany Inc. Class A Common Stock,$27.15,0.14,0.52%,6523957774,United States,,13187,,
CBFV,CB Financial Services Inc. Common Stock,$35.90,0.94,2.69%,182091370,United States,,192,Finance,Major Banks
CBIO,Crescent Biopharma Inc. Common Stock,$17.705,-0.215,-1.20%,488161109,United States,2014,16706,Health Care,Biotechnology: Pharmaceutical Preparations
CBK,Commercial Bancgroup Inc. Common Stock,$28.615,-0.295,-1.02%,391967898,United States,2025,1519,Finance,Major Banks
CBLL,CeriBell Inc. Common Stock,$19.9036,-0.3664,-1.81%,753798912,United States,2024,77416,Health Care,Biotechnology: Electromedical & Electrotherapeutic Apparatus
CBNK,Capital Bancorp Inc. Common Stock,$31.13,0.33,1.07%,509593244,United States,2018,2328,Finance,Major Banks
CBRL,Cracker Barrel Old Country Store Inc Common Stock,$28.91,-0.17,-0.59%,646168075,United States,1981,97253,Consumer Discretionary,Restaurants
CBSH,Commerce Bancshares Inc. Common Stock,$52.02,0.28,0.54%,7661711911,United States,,65612,Finance,Major Banks
CBUS,Cibus Inc. Class A Common Stock,$1.5197,0.0297,1.99%,116022615,United States,2017,82977,Industrials,Agricultural Chemicals
CCAP,Crescent Capital BDC Inc. Common stock,$13.68,-0.22,-1.58%,505739819,United States,,21911,Finance,Finance: Consumer Services
CCB,Coastal Financial Corporation Common Stock,$74.0656,0.4306,0.59%,1128279947,United States,2018,8923,Finance,Major Banks
CCBG,Capital City Bank Group Common Stock,$46.49,0.69,1.51%,795044504,United States,,4055,Finance,Major Banks
CCC,CCC Intelligent Solutions Holdings Inc. Common Stock,$5.265,-0.075,-1.40%,3090241922,United States,,1301099,Technology,Computer Software: Prepackaged Software
CCCC,C4 Therapeutics Inc. Common Stock,$2.955,-0.08,-2.64%,310927576,United States,2020,346247,Health Care,Biotechnology: Biological Products (No Diagnostic Substances)
CCD,Calamos Dynamic Convertible & Income Fund Common Stock,$24.59,-0.03,-0.12%,0,United States,,14813,Finance,Trusts Except Educational Religious and Charitable
CCEC,Capital Clean Energy Carriers Corp. Common Share,$19.60,0,0.00%,1165961919,Greece,2007,68,Consumer Discretionary,Marine Transportation
CCEP,Coca-Cola Europacific Partners plc Ordinary Shares,$93.37,1.08,1.17%,42388339769,United Kingdom,,148765,Consumer Staples,Beverages (Production/Distribution)
CCG,Cheche Group Inc. Class A Ordinary Shares,$0.687,0.027,4.09%,57034782,China,,23881,Finance,Specialty Insurers
CCGWW,Cheche Group Inc. Warrant,$0.0237,0.0044,22.80%,1967575,China,,500,Finance,Specialty Insurers
CCHH,CCH Holdings Ltd Ordinary Shares,$0.4502,-0.0199,-4.23%,8666350,Malaysia,2025,9482,Consumer Discretionary,Restaurants
CCII,Cohen Circle Acquisition Corp. II Class A Ordinary Shares,$10.22,-0.01,-0.10%,0,United States,2025,52300,,
CCIIU,Cohen Circle Acquisition Corp. II Unit,$10.40,0.04,0.39%,0,United States,2025,267,,
CCIIW,Cohen Circle Acquisition Corp. II Warrant,$0.69,0.04,6.15%,0,United States,2025,14710,,
CCIX,Churchill Capital Corp IX Ordinary Shares,$10.80,0.02,0.19%,0,United States,2024,109,Technology,EDP Services
CCIXW,Churchill Capital Corp IX Warrant,$0.44,0,0.00%,0,United States,2024,25000,Technology,EDP Services
CCLD,CareCloud Inc. Common Stock,$2.895,-0.015,-0.52%,123017087,United States,2014,96122,Technology,Computer Software: Prepackaged Software
CCLDO,CareCloud Inc. 8.75% Series B Cumulative Redeemable Perpetual Preferred Stock,$27.4599,0.0299,0.11%,1166852130,United States,,9903,Technology,Computer Software: Prepackaged Software
CCNE,CNB Financial Corporation Common Stock,$30.54,0.3,0.99%,905092602,United States,,20764,Finance,Major Banks
CCNEP,CNB Financial Corporation Depositary Shares each representing a 1/40th ownership interest in a share of 7.125% Series A Fixed-Rate Non-Cumulative Perpetual Preferred Stock,$25.0755,0.1755,0.71%,743145041,United States,,562,Finance,Major Banks
CCOI,Cogent Communications Holdings Inc.,$17.98,1.61,9.84%,900840505,United States,,1267415,Consumer Discretionary,Telecommunications Equipment
CCRN,Cross Country Healthcare Inc. Common Stock $0.0001 Par Value,$10.38,0.07,0.68%,334227769,United States,2001,96828,Consumer Discretionary,Professional Services
CCSI,Consensus Cloud Solutions Inc. Common Stock,$27.63,-0.02,-0.07%,508335359,United States,,4621,Technology,Computer Software: Prepackaged Software
CCTG,CCSC Technology International Holdings Limited Class A Ordinary Shares,$0.585,-0.0051,-0.86%,2289395,Hong Kong,2024,7187,Consumer Discretionary,Building Products
CCXI,Churchill Capital Corp XI Class A Ordinary Shares,$10.22,0,0.00%,0,United States,2026,27,,
CCXIU,Churchill Capital Corp XI Units,$10.25,-0.025,-0.24%,0,United States,2025,1731,Finance,Blank Checks
CCXIW,Churchill Capital Corp XI Warrants,$0.63,-0.0473,-6.98%,0,United States,2026,46312,,
CD,Chaince Digital Holdings Inc. Ordinary Shares,$5.60,0.23,4.28%,444694880,China,2015,2579,Finance,Finance: Consumer Services
CDIO,Cardio Diagnostics Holdings Inc. Common stock,$1.87,-0.1,-5.08%,5534207,United States,2022,20094,Health Care,Biotechnology: In Vitro & In Vivo Diagnostic Substances
CDIOW,Cardio Diagnostics Holdings Inc. Warrant,$0.012,-0.0043,-26.38%,35514,United States,2022,65200,Health Care,Biotechnology: In Vitro & In Vivo Diagnostic Substances
CDLX,Cardlytics Inc. Common Stock,$0.875,-0.0052,-0.59%,48186870,United States,2018,93328,Technology,Computer Software: Programming Data Processing
CDNA,CareDx Inc. Common Stock,$20.85,-0.11,-0.53%,1077100179,United States,2014,37098,Health Care,Medical Specialities
CDNL,Cardinal Infrastructure Group Inc. Class A Common Stock,$51.06,1.61,3.26%,2188781821,United States,2025,59155,Industrials,Military/Government/Technical
CDNS,Cadence Design Systems Inc. Common Stock,$351.725,2.215,0.63%,97011382600,United States,,251416,Technology,Computer Software: Prepackaged Software
CDRO,Codere Online Luxembourg S.A. Ordinary Shares,$9.10,0.04,0.44%,413059729,Luxembourg,,3872,Consumer Discretionary,Services-Misc. Amusement & Recreation
CDT,CDT Equity Inc. Common Stock,$2.195,0.095,4.52%,10664078,United States,2022,1130,Health Care,Biotechnology: Pharmaceutical Preparations
CDTG,CDT Environmental Technology Investment Holdings Limited ordinary shares,$0.272,0,0.00%,3678800,China,2024,270,Industrials,Miscellaneous
CDTTW,CDT Equity Inc. Warrant,$0.0075,0,0.00%,36438,United States,2022,500,Health Care,Biotechnology: Pharmaceutical Preparations
CDW,CDW Corporation Common Stock,$135.875,0.575,0.43%,17488183331,United States,2013,184828,Technology,Retail: Computer Software & Peripheral Equipment
CDXS,Codexis Inc. Common Stock,$2.65,0.14,5.58%,240875903,United States,2010,266608,Industrials,Major Chemicals
CDZI,CADIZ Inc. Common Stock,$4.495,0.095,2.16%,376237281,United States,,149671,Utilities,Water Supply
CDZIP,Cadiz Inc. Depositary Shares,$20.0168,0,0.00%,1675431902,United States,,62,Utilities,Water Supply
CECO,CECO Environmental Corp. Common Stock,$85.28,7.11,9.10%,3059252084,United States,1998,346116,Industrials,Pollution Control Equipment
CEG,Constellation Energy Corporation Common Stock ,$321.485,0.435,0.14%,1.01E+11,United States,,464849,Utilities,Electric Utilities: Central
CELC,Celcuity Inc. Common Stock,$143.435,-1.545,-1.07%,6933170979,United States,2017,252027,Health Care,Medical Specialities
CELH,Celsius Holdings Inc. Common Stock,$33.30,-0.27,-0.80%,8554639298,United States,,1241788,Consumer Staples,Beverages (Production/Distribution)
CELU,Celularity Inc. Class A Common Stock,$0.9313,-0.0528,-5.37%,26957373,United States,2019,43524,Health Care,Biotechnology: Pharmaceutical Preparations
CELUW,Celularity Inc. Warrant,$0.0097,0.0007,7.78%,280776,United States,2019,99604,Health Care,Biotechnology: Pharmaceutical Preparations
CELZ,Creative Medical Technology Holdings Inc. Common Stock,$2.18,0.01,0.46%,8058736,United States,,9587,Finance,Finance: Consumer Services
CENN,Cenntro Inc. Common Stock,$4.00,0.02,0.50%,5860856,New Zealand,,2514,Industrials,Auto Manufacturing
CENT,Central Garden & Pet Company Common Stock,$36.04,0.365,1.02%,2244118502,United States,1993,4042,Consumer Discretionary,Consumer Specialties
CENTA,Central Garden & Pet Company Class A Common Stock Nonvoting,$32.60,0.33,1.02%,2029918511,United States,,20163,Consumer Discretionary,Consumer Specialties
CENX,Century Aluminum Company Common Stock,$61.595,1.805,3.02%,6096306425,United States,1996,265168,Industrials,Aluminum
CEPF,Cantor Equity Partners IV Inc. Class A Ordinary Shares,$10.2501,0,0.00%,0,United States,2025,103,Finance,Blank Checks
CEPO,Cantor Equity Partners I Inc. Class A Ordinary Shares,$10.57,-0.005,-0.05%,0,United States,2025,901,Finance,Blank Checks
CEPS,Cantor Equity Partners VI Inc. Class A Ordinary Shares,$10.155,0.025,0.25%,0,United States,2026,1607,Finance,Blank Checks
CEPT,Cantor Equity Partners II Inc. Class A Ordinary Share,$12.22,0.21,1.75%,0,United States,2025,312901,Finance,Blank Checks
CEPV,Cantor Equity Partners V Inc. Class A Ordinary Shares,$10.19,-0.02,-0.20%,0,United States,2025,2725,,
CERS,Cerus Corporation Common Stock,$2.665,-0.055,-2.02%,533983316,United States,1997,507439,Technology,EDP Services
CERT,Certara Inc. Common Stock,$6.085,-0.105,-1.70%,932983100,United States,2020,188910,Technology,Computer Software: Prepackaged Software
CETX,Cemtrex Inc. Common Stock,$1.0404,-0.0296,-2.77%,10485244,United States,,106736,Technology,Electrical Products
CETY,Clean Energy Technologies Inc. Common Stock,$0.8147,0.0672,8.99%,9911727,United States,,37127,Consumer Discretionary,Metal Fabrications
CEVA,CEVA Inc. Common Stock,$33.74,1.21,3.72%,939975110,United States,,305413,Technology,Computer Software: Programming Data Processing
CFBK,CF Bankshares Inc. Common Stock,$28.04,0.27,0.97%,180098593,United States,,8552,Finance,Major Banks
CFFI,C&F Financial Corporation Common Stock,$73.65,0,0.00%,239789744,United States,,38,Finance,Major Banks
CFFN,Capitol Federal Financial Inc. Common Stock,$7.775,0.095,1.24%,1009538437,United States,,132802,Finance,Savings Institutions
CG,The Carlyle Group Inc. Common Stock,$50.95,0.98,1.96%,18333807953,United States,2012,284906,Finance,Investment Managers
CGABL,The Carlyle Group Inc. 4.625% Subordinated Notes due 2061,$17.17,0.09,0.53%,6210473253,United States,,2056,Finance,Investment Managers
CGBD,Carlyle Secured Lending Inc. Common Stock,$11.98,-0.06,-0.50%,840108797,United States,2017,183253,Finance,Finance: Consumer Services
CGC,Canopy Growth Corporation Common Shares,$1.115,0.015,1.36%,459871748,Canada,,1920348,Health Care, Medicinal Chemicals and Botanical Products 
CGCT,Cartesian Growth Corporation III Class A Ordinary Shares,$10.385,-0.005,-0.05%,0,United States,2025,622,Finance,Blank Checks
CGCTU,Cartesian Growth Corporation III Unit,$11.30,0,0.00%,0,United States,2025,20,Finance,Blank Checks
CGCTW,Cartesian Growth Corporation III Warrant,$1.165,0,0.00%,0,United States,2025,47,Finance,Blank Checks
CGEM,Cullinan Therapeutics Inc. Common Stock,$14.63,-0.71,-4.63%,899033689,United States,2021,172552,Health Care,Biotechnology: Biological Products (No Diagnostic Substances)
CGEN,Compugen Ltd. Ordinary Shares,$2.75,0.11,4.17%,260023849,Israel,2000,125101,Health Care,Biotechnology: Biological Products (No Diagnostic Substances)
CGNT,Cognyte Software Ltd. Ordinary Shares,$10.02,-0.09,-0.89%,728213069,Israel,,39152,Technology,Computer Software: Prepackaged Software
CGNX,Cognex Corporation Common Stock,$57.16,0.86,1.53%,9546512009,United States,1989,469370,Industrials,Industrial Machinery/Components
CGO,Calamos Global Total Return Fund Common Stock,$13.02,0.16,1.24%,0,United States,2005,4198,Finance,Investment Managers
CGON,CG Oncology Inc. Common stock,$68.175,0.475,0.70%,6000080387,United States,2024,116926,Health Care,Biotechnology: Biological Products (No Diagnostic Substances)
CGTL,Creative Global Technology Holdings Limited Class A Ordinary Shares,$1.105,0.015,1.38%,28426125,China,2024,3772,Technology,Retail: Computer Software & Peripheral Equipment
CGTX,Cognition Therapeutics Inc. Common Stock,$1.245,-0.035,-2.73%,111245447,United States,2021,264528,Health Care,Biotechnology: Biological Products (No Diagnostic Substances)
CHA,Chagee Holdings Limited American Depositary Shares,$10.98,-0.14,-1.26%,2094581319,China,2025,94069,Consumer Discretionary,Restaurants
CHAI,Core AI Holdings Inc. Common Shares,$1.3562,-0.0438,-3.13%,27018790,Canada,2020,136742,Telecommunications,Telecommunications Equipment
CHAR,Charlton Aria Acquisition Corporation Class A Ordinary Shares,$10.72,-0.01,-0.09%,0,United States,2024,511,,
CHARR,Charlton Aria Acquisition Corporation Rights,$0.0802,0,0.00%,0,United States,2024,74,,
CHARU,Charlton Aria Acquisition Corporation Units,$10.69,0,0.00%,0,United States,2024,10,,
CHCI,Comstock Holding Companies Inc. Class A Common Stock,$16.1502,0.6302,4.06%,165688584,United States,2004,5869,Finance,Real Estate
CHCO,City Holding Company Common Stock,$123.115,0.715,0.58%,1768766612,United States,,26848,Finance,Major Banks
CHDN,Churchill Downs Incorporated Common Stock,$91.96,0.26,0.28%,6409327660,United States,,83353,Consumer Discretionary,Services-Misc. Amusement & Recreation
CHEC,Chenghe Acquisition III Co. Class A Ordinary Share,$10.105,0,0.00%,0,Singapore,2025,95,,
CHECU,Chenghe Acquisition III Co. Units,$10.11,0,0.00%,0,Singapore,2025,10,Finance,Blank Checks
CHECW,Chenghe Acquisition III Co. Warrants,$0.193,0,0.00%,0,Singapore,2025,513,,
CHEF,The Chefs' Warehouse Inc. Common Stock,$78.35,0.36,0.46%,3194927232,United States,2011,199389,Consumer Discretionary,Food Distributors
CHI,Calamos Convertible Opportunities and Income Fund Common Stock,$12.30,0.09,0.74%,0,United States,2002,37344,Finance,Investment Managers
CHKP,Check Point Software Technologies Ltd. Ordinary Shares,$115.215,-1.695,-1.45%,12166247173,Israel,1996,343903,Technology,Computer Software: Prepackaged Software
CHMG,Chemung Financial Corp Common Stock,$66.44,0.69,1.05%,320203594,United States,,3888,Finance,Major Banks
CHNR,China Natural Resources Inc. Common Stock,$4.20,-0.09,-2.10%,5179528,Hong Kong,,3718,Basic Materials,Precious Metals
CHPG,ChampionsGate Acquisition Corporation Class A Ordinary Share,$10.325,0,0.00%,0,United States,2025,10,,
CHR,Cheer Holding Inc. Class A Ordinary Share,$1.75,-0.05,-2.78%,3608645,China,2018,6949,Technology,EDP Services
CHRD,Chord Energy Corporation Common Stock,$149.02,-0.23,-0.15%,8447362771,United States,,78127,Energy,Oil & Gas Production
CHRN,ChronoScale Corporation Common Stock,$13.2883,13.2883,,47351276,United States,,212742,,
CHRS,Coherus Oncology Inc. Common Stock,$1.7601,0.0301,1.74%,271438414,United States,2014,86513,Health Care,Biotechnology: Biological Products (No Diagnostic Substances)
CHRW,C.H. Robinson Worldwide Inc. Common Stock,$166.905,5.665,3.51%,19673600075,United States,1997,350803,Industrials,Integrated Freight & Logistics
CHSCL,CHS Inc Class B Cumulative Redeemable Preferred Stock Series 4,$25.7031,0.0331,0.13%,315428520,United States,,2319,Industrials,Farming/Seeds/Milling
CHSCM,CHS Inc Class B Reset Rate Cumulative Redeemable Preferred Stock Series 3,$25.00,-0.0559,-0.22%,306800075,United States,,1098,Industrials,Farming/Seeds/Milling
CHSCN,CHS Inc Preferred Class B Series 2 Reset Rate,$25.25,-0.0989,-0.39%,309868076,United States,,830,Industrials,Farming/Seeds/Milling
CHSCO,CHS Inc. Class B Cumulative Redeemable Preferred Stock,$26.14,0.01,0.04%,320790158,United States,,6462,Industrials,Farming/Seeds/Milling
CHSCP,CHS Inc. 8%  Cumulative Redeemable Preferred Stock,$27.675,0.115,0.42%,339627683,United States,,3578,Industrials,Farming/Seeds/Milling
CHSN,Chanson International Holding Class A Ordinary Shares,$0.0215,-0.008,-27.12%,1269119,China,2023,169255995,Consumer Staples,Packaged Foods
CHTR,Charter Communications Inc. Class A Common Stock New,$159.88,-5.46,-3.30%,22220847776,United States,,535665,Telecommunications,Cable & Other Pay Television Services
CHW,Calamos Global Dynamic Income Fund Common Stock,$8.45,0.07,0.84%,0,United States,2007,30086,Finance,Investment Managers
CHY,Calamos Convertible and High Income Fund Common Stock,$12.6099,0.1099,0.88%,0,United States,2003,77636,Finance,Investment Managers
CHYM,Chime Financial Inc. Class A Common Stock,$21.40,-0.68,-3.08%,8174122455,United States,2025,1020295,Finance,Finance: Consumer Services
CIFR,Cipher Digital Inc. Common Stock,$19.595,1.705,9.53%,7953864432,United States,2020,19321559,Finance,Finance: Consumer Services
CIGI,Colliers International Group Inc. Subordinate Voting Shares,$96.88,-5.87,-5.71%,4950938178,Canada,,67084,Finance,Real Estate
CIIT,Tianci International Inc. Common Stock,$1.34,-0.05,-3.60%,4849335,Hong Kong,,5043,Energy,Oil & Gas Production
CINF,Cincinnati Financial Corporation Common Stock,$160.4095,0.8395,0.53%,24813222941,United States,,38996,Finance,Property-Casualty Insurers
CING,Cingulate Inc. Common Stock,$5.20,-0.05,-0.95%,63702933,United States,2021,20186,Health Care,Biotechnology: Pharmaceutical Preparations
CINGW,Cingulate Inc. Warrants,$0.0234,0.0026,12.50%,286663,United States,2021,6301,Health Care,Biotechnology: Pharmaceutical Preparations
CISO,CISO Global Inc. Common Stock,$0.2939,0.0118,4.18%,13317590,United States,,131678,Consumer Discretionary,Professional Services
CISS,C3is Inc. Common Stock,$3.34,-0.14,-4.02%,1764539,Greece,,30015,Consumer Discretionary,Marine Transportation
CIVB,Civista Bancshares Inc. Common Stock,$24.835,0.375,1.53%,514471553,United States,,8195,Finance,Major Banks
CJMB,Callan JMB Inc. Common Stock,$1.095,0.005,0.46%,6161968,United States,2025,11906,Real Estate,Real Estate
CLAR,Clarus Corporation Common Stock,$2.655,0.055,2.12%,102062145,United States,,70662,Consumer Discretionary,Recreational Games/Products/Toys
CLBK,Columbia Financial Inc. Common Stock,$19.14,0.41,2.19%,1992825755,United States,2018,18809,Finance,Savings Institutions
CLBT,Cellebrite DI Ltd. Ordinary Shares,$13.61,-0.03,-0.22%,3394875909,Israel,,181774,Technology,Computer Software: Prepackaged Software
CLDX,Celldex Therapeutics Inc.,$32.775,0.005,0.02%,2572577660,United States,,19603,Health Care,Biotechnology: In Vitro & In Vivo Diagnostic Substances
CLFD,Clearfield Inc. Common Stock,$29.16,-0.21,-0.72%,399066585,United States,,14050,Utilities,Telecommunications Equipment
CLGN,CollPlant Biotechnologies Ltd Ordinary Shares,$0.4061,-0.0119,-2.85%,5853983,Israel,,6588,Health Care,Industrial Specialties
CLIK,Click Holdings Limited Class A Ordinary Share,$2.19,-0.18,-7.60%,7146042,Hong Kong,2024,32220,Consumer Discretionary,Diversified Commercial Services
CLIR,ClearSign Technologies Corporation Common Stock (DE),$5.06,0,0.00%,27370213,United States,2012,72,Industrials,Industrial Machinery/Components
CLLS,Cellectis S.A. American Depositary Shares,$3.70,0,0.00%,268586678,France,2015,837,Health Care,Biotechnology: Pharmaceutical Preparations
CLMB,Climb Global Solutions Inc. Common Stock,$19.115,0.36,1.92%,355485478,United States,,12983,Technology,Retail: Computer Software & Peripheral Equipment
CLMT,Calumet Inc. Common Stock,$34.825,0.675,1.98%,3031187432,United States,2006,170302,Energy,Integrated oil Companies
CLNE,Clean Energy Fuels Corp. Common Stock,$2.345,-0.075,-3.10%,516426767,United States,2007,245414,Utilities,Natural Gas Distribution
CLNN,Clene Inc. Common Stock,$6.97,-1.12,-13.84%,82094800,United States,,569897,Health Care,Biotechnology: Pharmaceutical Preparations
CLOV,Clover Health Investments Corp. Class A Common Stock,$2.645,-0.005,-0.19%,1390566724,United States,,592219,Health Care,Medical Specialities
CLPS,CLPS Incorporation Common Stock,$0.95,0.02,2.15%,28256279,China,2018,2048,Technology,Computer Software: Prepackaged Software
CLPT,ClearPoint Neuro Inc. Common Stock,$10.89,-0.29,-2.59%,326547714,United States,,45514,Health Care,Medical/Dental Instruments
CLRB,Cellectar Biosciences Inc.  Common Stock,$3.48,0.65,22.97%,14755649,United States,,46069788,Health Care,Biotechnology: Pharmaceutical Preparations
CLRO,ClearOne Inc. Common Stock,$3.30,0.03,0.92%,8828860,United States,,210,Utilities,Telecommunications Equipment
CLSK,CleanSpark Inc. Common Stock,$13.235,0.415,3.24%,3384889804,United States,,5451045,Finance,Finance: Consumer Services
CLSKW,CleanSpark Inc. Warrant,$0.2893,-0.0007,-0.24%,73989318,United States,,88181,Finance,Finance: Consumer Services
CLST,Catalyst Bancorp Inc. Common Stock,$15.90,-0.005,-0.03%,64526922,United States,2021,131,Finance,Savings Institutions
CLWT,Euro Tech Holdings Company Limited Common Stock,$1.1901,-0.0099,-0.83%,8820383,Hong Kong,1997,5130,Consumer Discretionary,Professional and commerical equipment
CLYM,Climb Bio Inc. Common Stock,$10.07,0.38,3.92%,481029228,United States,2021,387213,Health Care,Biotechnology: Pharmaceutical Preparations
CMCO,Columbus McKinnon Corporation Common Stock,$15.27,0.52,3.53%,438850119,United States,1996,19441,Industrials,Construction/Ag Equipment/Trucks
CMCSA,Comcast Corporation Class A Common Stock,$26.48,-0.59,-2.18%,94634792526,United States,,3894255,Telecommunications,Cable & Other Pay Television Services
CMCT,Creative Media & Community Trust Corporation Common stock,$5.30,-0.12,-2.21%,1430836,United States,,5348,Real Estate,Real Estate Investment Trusts
CME,CME Group Inc. Class A Common Stock,$288.54,-1.75,-0.60%,1.05E+11,United States,2002,175308,Finance,Investment Bankers/Brokers/Service
CMII,Columbus Circle Capital Corp II Class A Ordinary Shares,$9.89,0,0.00%,0,United States,2026,10,Finance,Blank Checks
CMIIU,Columbus Circle Capital Corp II Unit,$10.095,0,0.00%,0,United States,2026,10,Health Care,Biotechnology: Commercial Physical & Biological Resarch
CMMB,Chemomab Therapeutics Ltd. American Depositary Share,$1.6499,0.0299,1.85%,11866521,Israel,2019,5030,Health Care,Biotechnology: Pharmaceutical Preparations
CMND,Clearmind Medicine Inc. Common Shares,$0.6202,-0.0548,-8.12%,1295477,Canada,,427010,Health Care,Biotechnology: Pharmaceutical Preparations
CMPR,Cimpress plc Ordinary Shares (Ireland),$92.62,-2.06,-2.18%,2244376176,Netherlands,2005,29922,Consumer Discretionary,Publishing
CMPS,COMPASS Pathways Plc American Depository Shares,$9.455,-0.065,-0.68%,1218969754,United Kingdom,2020,488072,Health Care,Biotechnology: Pharmaceutical Preparations
CMPX,Compass Therapeutics Inc. Common Stock,$1.89,-0.05,-2.58%,340366159,United States,,1883464,Health Care,Biotechnology: Biological Products (No Diagnostic Substances)
CMRC,Commerce.com Inc. Series 1 Common Stock,$2.935,-0.095,-3.14%,241598135,United States,2020,56056,Technology,Computer Software: Prepackaged Software
CMTL,Comtech Telecommunications Corp. Common Stock,$3.68,0.03,0.82%,109421558,United States,,17333,Technology,Radio And Television Broadcasting And Communications Equipment
CMTV,Community Bancorp. Common Stock,$41.74,0.6,1.46%,232936248,United States,,2316,Finance,Major Banks
CNCK,Coincheck Group N.V. Ordinary Shares,$1.73,-0.03,-1.71%,235153921,Netherlands,,16419,Finance,Finance: Consumer Services
CNCKW,Coincheck Group N.V. Warrants,$0.1915,-0.0001,-0.05%,26030044,Netherlands,,990,Finance,Finance: Consumer Services
CNDT,Conduent Incorporated Common Stock ,$1.71,0.01,0.59%,265215552,United States,,65352,Real Estate,Real Estate
CNET,ZW Data Action Technologies Inc. Common Stock,$0.7139,0.0239,3.46%,2333331,China,,341,Technology,Computer Software: Programming Data Processing
CNEY,CN Energy Group Inc. Class A Ordinary Shares,$0.7016,-0.0266,-3.65%,5755440,China,2021,10546,Industrials,Major Chemicals
CNOB,ConnectOne Bancorp Inc. Common Stock,$30.06,0.61,2.07%,1511672130,United States,,36592,Finance,Major Banks
CNOBP,ConnectOne Bancorp Inc. Depositary Shares each representing a 1/40th interest in a share of 5.25% Fixed-Rate Reset Non-Cumulative Perpetual Preferred Stock Series A,$24.90,0,0.00%,1252183501,United States,,17,Finance,Major Banks
CNSP,CNS Pharmaceuticals Inc. Common Stock,$6.30,-1.54,-19.64%,5112129,United States,2019,928505,Health Care,Biotechnology: Pharmaceutical Preparations
CNTA,Centessa Pharmaceuticals plc American Depositary Shares,$39.675,-0.025,-0.06%,6138871726,United Kingdom,2021,210565,Health Care,Biotechnology: Pharmaceutical Preparations
CNTB,Connect Biopharma Holdings Limited Ordinary Shares,$2.4301,-0.0499,-2.01%,137352367,China,2021,13529,Health Care,Biotechnology: Pharmaceutical Preparations
CNTN,Canton Strategic Holdings Inc. Common Stock,$3.14,-0.02,-0.63%,177900691,United States,2022,70116,Health Care,Biotechnology: Pharmaceutical Preparations
CNTX,Context Therapeutics Inc. Common Stock,$2.365,0.065,2.83%,217294254,United States,2021,109006,Health Care,Biotechnology: Pharmaceutical Preparations
CNTY,Century Casinos Inc. Common Stock,$1.39,0.03,2.21%,39203684,United States,,958,Consumer Discretionary,Hotels/Resorts
CNVS,Cineverse Corp. Class A Common Stock,$2.48,-0.07,-2.75%,52811268,United States,,39307,Consumer Discretionary,Consumer Electronics/Video Chains
CNXC,Concentrix Corporation Common Stock,$23.165,-0.345,-1.47%,1413176794,United States,,315064,Technology,Computer Software: Prepackaged Software
CNXN,PC Connection Inc. Common Stock,$66.15,1.5,2.32%,1668703009,United States,,5151,Consumer Discretionary,Catalog/Specialty Distribution
COAG,Hemab Therapeutics Holdings Inc. Common Stock,$25.00,-0.34,-1.34%,1061072750,United States,2026,102047,Health Care,Biotechnology: Biological Products (No Diagnostic Substances)
COCH,Envoy Medical Inc. Class A Common Stock,$0.6781,-0.0167,-2.40%,52133081,United States,2021,14353,Health Care,Industrial Specialties
COCHW,Envoy Medical Inc Warrant,$0.06,-0.0096,-13.79%,4612867,United States,2021,44445,Health Care,Industrial Specialties
COCO,The Vita Coco Company Inc. Common Stock,$68.10,0.85,1.26%,3889370988,United States,2021,139977,Consumer Staples,Beverages (Production/Distribution)
COCP,Cocrystal Pharma Inc. Common Stock,$1.4023,0.0923,7.05%,19331770,United States,,48435,Health Care,Biotechnology: Pharmaceutical Preparations
CODA,Coda Octopus Group Inc. Common stock,$11.51,-0.01,-0.09%,129788510,United States,,53947,Industrials,Industrial Machinery/Components
CODX,Co-Diagnostics Inc. Common Stock,$1.56,-0.01,-0.64%,5619845,United States,2026,9660,Health Care,Medical/Dental Instruments
COFS,ChoiceOne Financial Services Inc. Common Stock,$30.9475,0.7175,2.37%,462879189,United States,,5623,Finance,Major Banks
COGT,Cogent Biosciences Inc. Common Stock,$36.12,-0.61,-1.66%,6169332264,United States,2018,171701,Health Care,Biotechnology: Pharmaceutical Preparations
COHU,Cohu Inc. Common Stock,$48.63,1.94,4.16%,2294137125,United States,,290868,Industrials,Electrical Products
COIN,Coinbase Global Inc. Class A Common Stock,$198.82,-4.17,-2.05%,52371397685,United States,,3657993,Finance,Finance: Consumer Services
COKE,Coca-Cola Consolidated Inc. Common Stock,$212.295,2.525,1.20%,14131266795,United States,1972,69566,Consumer Staples,Beverages (Production/Distribution)
COLA,Columbus Acquisition Corp Ordinary Shares,$10.58,0.01,0.10%,0,Singapore,2025,100,,
COLAR,Columbus Acquisition Corp Rights,$0.369,0.0244,7.08%,0,Singapore,2025,550,Finance,Blank Checks
COLB,Columbia Banking System Inc. Common Stock,$29.315,0.245,0.84%,8501169801,United States,1992,272877,Finance,Major Banks
COLL,Collegium Pharmaceutical Inc. Common Stock,$34.9551,0.3751,1.09%,1132788842,United States,2015,15009,Health Care,Biotechnology: Pharmaceutical Preparations
COLM,Columbia Sportswear Company Common Stock,$60.92,1.49,2.51%,3115497049,United States,1998,23163,Consumer Discretionary,Apparel
COO,The Cooper Companies Inc. Common Stock,$61.34,-0.18,-0.29%,11968317173,United States,,113593,Health Care,Ophthalmic Goods
COOT,Australian Oilseeds Holdings Limited Ordinary Shares,$0.61,-0.036,-5.57%,17018108,Australia,,14328,Consumer Staples,Packaged Foods
COOTW,Australian Oilseeds Holdings Limited Warrant,$0.0166,0.0012,7.79%,463116,Australia,,200,Consumer Staples,Packaged Foods
CORT,Corcept Therapeutics Incorporated Common Stock,$51.64,0.04,0.08%,5543636314,United States,2004,112315,Health Care,Biotechnology: Pharmaceutical Preparations
CORZ,Core Scientific Inc. Common Stock,$21.27,0.17,0.81%,6712701439,United States,,1829502,Finance,Finance: Consumer Services
CORZW,Core Scientific Inc. Tranche 1 Warrants,$14.71,0.36,2.51%,4642399537,United States,,322128,Finance,Finance: Consumer Services
CORZZ,Core Scientific Inc. Tranche 2 Warrants,$21.3365,0.2665,1.27%,6733688493,United States,,855,Finance,Finance: Consumer Services
COSM,Cosmos Health Inc. Common Stock,$0.36,0.003,0.84%,18942158,United States,,10826,Health Care,Other Pharmaceuticals
COST,Costco Wholesale Corporation Common Stock,$1015.67,2.88,0.28%,4.51E+11,United States,,214083,Consumer Discretionary,Department/Specialty Retail Stores
COYA,Coya Therapeutics Inc. Common Stock,$4.21,-0.05,-1.17%,98754740,United States,2022,42230,Health Care,Biotechnology: Pharmaceutical Preparations
CPB,The Campbell's Company Common Stock,$20.725,0.225,1.10%,6179085964,United States,,867901,Consumer Staples,Packaged Foods
CPBI,Central Plains Bancshares Inc. Common Stock,$17.485,0.065,0.37%,73528884,United States,2023,2140,Finance,Savings Institutions
CPHC,Canterbury Park Holding Corporation 'New' Common Stock,$15.5301,-0.3099,-1.96%,79985202,United States,,1366,Consumer Discretionary,Services-Misc. Amusement & Recreation
CPIX,Cumberland Pharmaceuticals Inc. Common Stock,$4.58,0.05,1.10%,72725069,United States,2009,42997,Health Care,Biotechnology: Pharmaceutical Preparations
CPOP,Pop Culture Group Co. Ltd Class A Ordinary Shares,$0.3052,0.0052,1.73%,25007795,China,2021,5349,Consumer Discretionary,Services-Misc. Amusement & Recreation
CPRT,Copart Inc. (DE) Common Stock,$33.12,-0.17,-0.51%,31904773811,United States,1994,671681,Consumer Discretionary,Retail-Auto Dealers and Gas Stations
CPRX,Catalyst Pharmaceuticals Inc. Common Stock,$28.8001,-0.1399,-0.48%,3517180072,United States,2006,165083,Health Care,Biotechnology: Pharmaceutical Preparations
CPSH,CPS Technologies Corp. Common Stock,$3.59,-1.35,-27.33%,64644997,United States,,599056,Consumer Discretionary,Building Materials
CPSS,Consumer Portfolio Services Inc. Common Stock,$9.90,-0.01,-0.10%,215426723,United States,1992,1142,Finance,Finance: Consumer Services
CPZ,Calamos Long/Short Equity & Dynamic Income Trust Common Stock,$13.48,-0.09,-0.66%,264641975,United States,2019,6529,Finance,Trusts Except Educational Religious and Charitable
CRAC,Crown Reserve Acquisition Corp. I Class A Ordinary Shares,$10.07,0,0.00%,0,Cayman Islands,2025,1000,,
CRACU,Crown Reserve Acquisition Corp. I Unit,$10.17,0,0.00%,0,Cayman Islands,2025,91,Finance,Blank Checks
CRACW,Crown Reserve Acquisition Corp. I Warrant,$0.06,0.01,20.00%,0,Cayman Islands,2025,2200,,
CRAI,CRA International Inc. Common Stock,$161.29,-1.93,-1.18%,1042250012,United States,1998,43353,Consumer Discretionary,Other Consumer Services
CRAN,Crane Harbor Acquisition Corp. II Class A Ordinary Shares,$10.00,0,0.00%,0,United States,2026,5,Finance,Blank Checks
CRANR,Crane Harbor Acquisition Corp. II Rights,$0.22,0,0.00%,0,United States,2026,2000,Finance,Blank Checks
CRANU,Crane Harbor Acquisition Corp. II Units,$10.19,0.01,0.10%,0,United States,2025,2507,,
CRAQ,Cal Redwood Acquisition Corp. Class A Ordinary Shares,$10.22,0,0.00%,0,United States,2025,28,Finance,Blank Checks
CRAQR,Cal Redwood Acquisition Corp. Right,$0.185,0,0.00%,0,United States,2025,866,Finance,Blank Checks
CRBP,Corbus Pharmaceuticals Holdings Inc. Common Stock,$10.335,-0.185,-1.76%,183306355,United States,,23075,Health Care,Biotechnology: Pharmaceutical Preparations
CRBU,Caribou Biosciences Inc. Common Stock,$1.935,0.025,1.31%,190950386,United States,2021,214275,Health Care,Biotechnology: Biological Products (No Diagnostic Substances)
CRCT,Cricut Inc. Class A Common Stock,$4.11,-0.05,-1.20%,862677845,United States,2021,72839,Technology,Industrial Machinery/Components
CRDF,Cardiff Oncology Inc. Common Stock,$1.675,0.025,1.52%,114519576,United States,,274990,Health Care,Biotechnology: Biological Products (No Diagnostic Substances)
CRDL,Cardiol Therapeutics Inc. Class A Common Shares,$1.34,0.01,0.75%,149908593,Canada,,126907,Health Care,Biotechnology: Biological Products (No Diagnostic Substances)
CRDO,Credo Technology Group Holding Ltd Ordinary Shares,$187.74,7.68,4.27%,34628631736,United States,2022,1281642,Technology,Semiconductors
CRE,Cre8 Enterprise Limited Class A Ordinary Shares,$3.53,-0.14,-3.82%,7109367,Hong Kong,2025,179065,Consumer Discretionary,Publishing
CREG,Smart Powerr Corp. Common Stock,$0.5386,0.1036,23.82%,12365786,China,,18046739,Real Estate,Real Estate
CRESY,Cresud S.A.C.I.F. y A. American Depositary Shares,$11.22,0.12,1.08%,688991331,Argentina,1997,33741,Finance,Real Estate
CREX,Creative Realities Inc. Common Stock,$3.90,0.07,1.83%,41212345,United States,,2298,Technology,EDP Services
CRGO,Freightos Limited Ordinary shares,$2.055,0.035,1.73%,106209588,Israel,,118419,Industrials,Integrated Freight & Logistics
CRGOW,Freightos Limited Warrants,$0.1123,0.0008,0.72%,5804057,Israel,,12818,Industrials,Integrated Freight & Logistics
CRIS,Curis Inc. Common Stock,$0.5701,-0.0107,-1.84%,22791853,United States,,39377,Health Care,Biotechnology: Biological Products (No Diagnostic Substances)
CRMD,CorMedix Inc. Common Stock,$7.74,-0.16,-2.03%,607143325,United States,,185274,Health Care,Biotechnology: Pharmaceutical Preparations
CRML,Critical Metals Corp. Ordinary Shares,$13.84,0.93,7.20%,1747002343,British Virgin Islands,,8534367,Basic Materials,Metal Mining
CRMLW,Critical Metals Corp. Warrants,$5.92,0.39,7.05%,747272679,British Virgin Islands,,12444,Basic Materials,Metal Mining
CRMT,America's Car-Mart Inc Common Stock,$12.63,0.08,0.64%,104859944,United States,,3656,Consumer Discretionary,Retail-Auto Dealers and Gas Stations
CRNC,Cerence Inc. Common Stock,$10.26,-0.1,-0.97%,461885521,United States,,183367,Technology,Computer Software: Prepackaged Software
CRNT,Ceragon Networks Ltd. Ordinary Shares,$2.735,0.205,8.10%,248548472,Israel,,266802,Technology,Radio And Television Broadcasting And Communications Equipment
CRNX,Crinetics Pharmaceuticals Inc. Common Stock,$41.9324,0.6824,1.65%,4421332757,United States,2018,109928,Health Care,Biotechnology: Pharmaceutical Preparations
CRON,Cronos Group Inc. Common Share,$2.68,0.03,1.13%,1008407172,Canada,,142365,Health Care, Medicinal Chemicals and Botanical Products 
CROX,Crocs Inc. Common Stock,$103.075,1.595,1.57%,5121760468,United States,2006,156917,Consumer Discretionary,Shoe Manufacturing
CRSP,CRISPR Therapeutics AG Common Shares,$51.18,-2.4,-4.48%,4935435976,Switzerland,2016,356683,Health Care,Biotechnology: Biological Products (No Diagnostic Substances)
CRSR,Corsair Gaming Inc. Common Stock,$6.76,-0.13,-1.89%,722506414,United States,2020,160850,Technology,Computer peripheral equipment
CRTO,Criteo S.A. American Depositary Shares,$18.55,-0.7,-3.64%,929320478,France,2013,44076,Consumer Discretionary,Advertising
CRUS,Cirrus Logic Inc. Common Stock,$166.23,2.06,1.26%,8478958273,United States,1989,55909,Technology,Semiconductors
CRVL,CorVel Corp. Common Stock,$57.46,0.2,0.35%,2939219030,United States,,7049,Finance,Specialty Insurers
CRVO,CervoMed Inc. Common Stock,$3.74,0.04,1.08%,34627609,United States,,3582,Health Care,Biotechnology: Pharmaceutical Preparations
CRVS,Corvus Pharmaceuticals Inc. Common Stock,$15.63,-0.39,-2.43%,1314333327,United States,2016,165717,Health Care,Biotechnology: Pharmaceutical Preparations
CRWD,CrowdStrike Holdings Inc. Class A Common Stock,$472.20,2.96,0.63%,1.20E+11,United States,2019,441640,Technology,Computer Software: Prepackaged Software
CRWS,Crown Crafts Inc Common Stock,$2.73,0,0.00%,29204959,United States,,8299,Consumer Discretionary,Textiles
CRWV,CoreWeave Inc. Class A Common Stock,$127.49,2.06,1.64%,69222869459,United States,2025,6466492,Technology,Computer Software: Prepackaged Software
CSAI,Cloudastructure Inc. Class A Common Stock,$0.5977,-0.0088,-1.45%,14653081,United States,,14123,Technology,Computer Software: Programming Data Processing
CSBR,Champions Oncology Inc. Common Stock,$5.82,-0.07,-1.19%,80821327,United States,,111,Health Care,Biotechnology: Biological Products (No Diagnostic Substances)
CSCO,Cisco Systems Inc. Common Stock (DE),$93.81,1.18,1.27%,3.71E+11,United States,1990,2229958,Telecommunications,Computer Communications Equipment
CSGP,CoStar Group Inc. Common Stock,$34.31,-1.07,-3.02%,14010684582,United States,1998,641383,Real Estate,Real Estate
CSGS,CSG Systems International Inc. Common Stock,$80.375,0.035,0.04%,2290843106,United States,1996,29558,Technology,EDP Services
CSHR,CoinShares PLC Ordinary Shares,$6.84,0.03,0.44%,901376630,Jersey,,195793,Finance,Investment Bankers/Brokers/Service
CSHRW,CoinShares PLC Warrants,$1.38,0,0.00%,181856688,Jersey,,10,Finance,Investment Bankers/Brokers/Service
CSIQ,Canadian Solar Inc. Common Shares (ON),$16.44,0.57,3.59%,1114906943,Canada,2006,312700,Technology,Semiconductors
CSPI,CSP Inc. Common Stock,$9.75,0.67,7.38%,96652013,United States,1982,2392,Technology,EDP Services
CSQ,Calamos Strategic Total Return Common Stock,$19.80,0.21,1.07%,3145974916,United States,2004,29244,Finance,Finance Companies
CSTE,Caesarstone Ltd. Ordinary Shares,$1.24,-0.03,-2.36%,42875573,Israel,2012,29543,Industrials,Building Materials
CSTL,Castle Biosciences Inc. Common Stock,$25.14,-0.38,-1.49%,761492762,United States,2019,31233,Health Care,Medical Specialities
CSWC,Capital Southwest Corporation Common Stock,$24.10,0,0.00%,1449904682,United States,,62130,Consumer Discretionary,Textiles
CSX,CSX Corporation Common Stock,$45.05,0.33,0.74%,83709155463,United States,,1489628,Industrials,Railroads
CTAA,ClearThink 1 Acquisition Corp. Class A Ordinary Shares,$9.85,0,0.00%,0,United States,2026,82,Finance,Blank Checks
CTAAU,ClearThink 1 Acquisition Corp. Units,$10.02,0,0.00%,0,United States,2026,112,Finance,Blank Checks
CTAS,Cintas Corporation Common Stock,$167.84,0.95,0.57%,67150622053,United States,1983,152013,Industrials,Garments and Clothing
CTBI,Community Trust Bancorp Inc. Common Stock,$65.74,1.305,2.03%,1193231686,United States,,3086,Finance,Major Banks
CTKB,Cytek Biosciences Inc. Common Stock,$4.90,0.24,5.15%,632798676,United States,2021,75836,Industrials,Biotechnology: Laboratory Analytical Instruments
CTLP,Cantaloupe Inc. Common Stock,$11.185,-0.005,-0.05%,824560370,United States,,714670,Miscellaneous,Office Equipment/Supplies/Services
CTMX,CytomX Therapeutics Inc. Common Stock,$4.215,0.035,0.84%,917617804,United States,2015,238655,Health Care,Biotechnology: Pharmaceutical Preparations
CTNM,Contineum Therapeutics Inc. Class A Common Stock,$14.24,0.09,0.64%,531665153,United States,2024,16159,Health Care,Biotechnology: Pharmaceutical Preparations
CTNT,Cheetah Net Supply Chain Service Inc Class A Common Stock,$2.7372,-0.1228,-4.29%,5363116,United States,2023,112154,Consumer Discretionary,Motor Vehicles
CTOR,Citius Oncology Inc. Common Stock,$0.9325,0.0125,1.36%,82316628,United States,2022,2389,Health Care,Biotechnology: Pharmaceutical Preparations
CTRM,Castor Maritime Inc. Common Shares,$2.015,-0.005,-0.25%,19469643,Cyprus,,7991,Consumer Discretionary,Marine Transportation
CTRN,Citi Trends Inc. Common Stock,$47.42,1.78,3.90%,596905320,United States,2005,5082,Consumer Discretionary,Clothing/Shoe/Accessory Stores
CTSH,Cognizant Technology Solutions Corporation Class A Common Stock,$51.43,-0.43,-0.83%,24371106791,United States,1998,1344770,Technology,EDP Services
CTSO,Cytosorbents Corporation Common Stock,$0.6254,0.0053,0.86%,39212580,United States,,9722,Health Care,Medical/Dental Instruments
CTW,CTW Cayman Class A Ordinary Shares,$2.84,0,0.00%,177216000,Japan,2025,1052,Technology,EDP Services
CTXR,Citius Pharmaceuticals Inc. Common Stock,$0.701,-0.0092,-1.30%,15340362,United States,,131070,Health Care,Biotechnology: Pharmaceutical Preparations
CUB,Lionheart Holdings Class A Ordinary Shares,$10.81,0.01,0.09%,343418307,United States,2024,51127,Industrials,Industrial Machinery/Components
CUE,Cue Biopharma Inc. Common Stock,$31.56,1.71,5.73%,102739162,United States,2018,126465,Health Care,Biotechnology: Pharmaceutical Preparations
CULP,Culp Inc. Common Stock,$3.41,0,0.00%,43180093,United States,,19,Consumer Discretionary,Textiles
CUPR,Cuprina Holdings (Cayman) Limited Class A Ordinary Shares,$0.2625,0.0013,0.50%,5630625,Singapore,2025,28050,Health Care,Biotechnology: Pharmaceutical Preparations
CURI,CuriosityStream Inc. Class A Common Stock,$3.095,-0.075,-2.37%,183495122,United States,2020,69195,Consumer Discretionary,Movies/Entertainment
CURR,Currenc Group Inc. Ordinary Shares,$3.505,0.215,6.54%,393548007,Singapore,,226598,Real Estate,Real Estate
CURX,Curanex Pharmaceuticals Inc Common Stock,$0.365,-0.01,-2.67%,10353156,United States,2025,17041,Health Care,Biotechnology: Pharmaceutical Preparations
CV,CapsoVision Inc. Common Stock,$7.095,0.025,0.35%,353683820,United States,2025,10985,Health Care,Biotechnology: Electromedical & Electrotherapeutic Apparatus
CVBF,CVB Financial Corporation Common Stock,$20.485,0.315,1.56%,2781553267,United States,,138069,Finance,Major Banks
CVCO,Cavco Industries Inc. Common Stock When Issued,$488.50,9.05,1.89%,3791328126,United States,,51597,Consumer Discretionary,Homebuilding
CVGI,Commercial Vehicle Group Inc. Common Stock,$4.19,-0.07,-1.64%,153497302,United States,2004,92533,Consumer Discretionary,Auto Parts:O.E.M.
CVGW,Calavo Growers Inc. Common Stock,$27.84,0.2,0.72%,497614359,United States,,60297,Consumer Discretionary,Specialty Foods
CVKD,Cadrenal Therapeutics Inc. Common Stock,$6.40,-0.21,-3.18%,19700781,United States,2023,12839,Health Care,Biotechnology: Pharmaceutical Preparations
CVLT,Commvault Systems Inc. Common Stock,$102.3199,0.4899,0.48%,4499454880,United States,2006,37043,Technology,Computer Software: Prepackaged Software
CVRX,CVRx Inc. Common Stock,$7.58,-0.215,-2.76%,200346336,United States,2021,22911,Health Care,Medical/Dental Instruments
CVV,CVD Equipment Corporation Common Stock,$7.80,0.42,5.69%,54111236,United States,,65835,Technology,Industrial Machinery/Components
CWBC,Community West Bancshares Common Stock,$23.69,0.23,0.98%,642150024,United States,,13851,Finance,Major Banks
CWCO,Consolidated Water Co. Ltd. Ordinary Shares,$32.4949,0.3749,1.17%,519924574,Cayman Islands,,4099,Utilities,Water Supply
CWD,CaliberCos Inc. Class A Common Stock,$1.1093,0.3093,38.66%,7823962,United States,2023,1778160,Finance,Real Estate
CWST,Casella Waste Systems Inc. Class A Common Stock,$87.12,0.72,0.83%,5541698060,United States,1997,32134,Utilities,Environmental Services
CXAI,CXApp Inc. Class A Common Stock,$0.1578,-0.0049,-3.01%,10890635,United States,2021,841037,Technology,EDP Services
CXAIW,CXApp Inc. Warrant,$0.0388,-0.0001,-0.26%,2677799,United States,2021,1823,Technology,EDP Services
CXDO,Crexendo Inc. Common Stock,$8.20,0.03,0.37%,255451345,United States,,328642,Telecommunications,Telecommunications Equipment
CXIIU,Churchill Capital Corp XII Units,$10.105,0,0.00%,0,United States,2026,3,Finance,Blank Checks
CYAB,Cyabra Inc. Common Stock,$0.5899,-0.2601,-30.60%,8148952,Israel,,18561137,Technology,Computer Software: Prepackaged Software
CYCN,Cyclerion Therapeutics Inc. Common Stock,$3.24,-0.02,-0.61%,14030217,United States,,14750,Health Care,Biotechnology: Pharmaceutical Preparations
CYCU,Cycurion Inc. Common Stock,$0.9074,-0.0596,-6.16%,4999763,United States,2025,298571,Technology,EDP Services
CYCUW,Cycurion Inc. Warrant,$0.0204,-0.0014,-6.42%,112404,United States,2025,15532,Technology,EDP Services
CYN,Cyngn Inc. Common Stock,$1.68,-0.07,-4.00%,22861912,United States,2021,52925,Technology,EDP Services
CYPH,Cypherpunk Technologies Inc. Common Stock,$1.03,0.0462,4.70%,100609090,United States,,864858,Health Care,Biotechnology: Pharmaceutical Preparations
CYRX,CryoPort Inc. Common Stock,$12.215,2.005,19.64%,613167422,United States,,578299,Health Care,Biotechnology: Pharmaceutical Preparations
CYTK,Cytokinetics Incorporated Common Stock,$77.785,11.735,17.77%,9663838984,United States,2004,8272520,Health Care,Biotechnology: Pharmaceutical Preparations
CZFS,Citizens Financial Services Inc. Common Stock,$60.01,-0.44,-0.73%,288481212,United States,,419,Finance,Major Banks
CZNC,Citizens & Northern Corp Common Stock,$21.67,0.14,0.65%,388114966,United States,,2197,Finance,Major Banks
CZR,Caesars Entertainment Inc. Common Stock,$27.52,0.11,0.40%,5605189114,United States,,534322,Consumer Discretionary,Hotels/Resorts
CZWI,Citizens Community Bancorp Inc. Common Stock,$21.08,0.22,1.06%,202971141,United States,2006,1902,Finance,Savings Institutions
DAAQ,Digital Asset Acquisition Corp. Class A Ordinary shares,$10.285,0,0.00%,0,United States,2025,13743,Finance,Blank Checks
DAAQW,Digital Asset Acquisition Corp. Warrant,$0.391,0.0011,0.28%,0,United States,2025,2000,Finance,Blank Checks
DAIC,CID HoldCo Inc. Common Stock,$0.2122,0.0035,1.68%,6216043,United States,,15310,Technology,EDP Services
DAICW,CID HoldCo Inc. Warrants,$0.0207,0.0001,0.49%,606372,United States,,400,Technology,EDP Services
DAIO,Data I/O Corporation Common Stock,$2.77,0,0.00%,26022549,United States,1981,293,Industrials,Electrical Products
DAKT,Daktronics Inc. Common Stock,$19.70,0.44,2.29%,951472767,United States,1994,25419,Consumer Discretionary,Miscellaneous manufacturing industries
DARE,Dare Bioscience Inc. Common Stock,$3.4849,0.3749,12.06%,50738409,United States,2014,828213,Health Care,Biotechnology: Pharmaceutical Preparations
DASH,DoorDash Inc. Class A Common Stock,$169.32,-3.25,-1.88%,73996144788,United States,,851973,Technology,EDP Services
DAVE,Dave Inc. Class A Common Stock,$274.425,-4.745,-1.70%,3516308513,United States,,59010,Finance,Finance: Consumer Services
DAVEW,Dave Inc. Warrants,$1.06,0,0.00%,13582170,United States,,101,Finance,Finance: Consumer Services
DBCA,D. Boral Acquisition I Corp. Class A Ordinary Shares,$9.88,0,0.00%,0,United States,2026,27370,Finance,Blank Checks
DBCAU,D. Boral Acquisition I Corp. Unit,$9.98,0,0.00%,0,United States,2026,92,Finance,Blank Checks
DBCAW,D. Boral Acquisition I Corp. Warrants,$0.2617,0,0.00%,0,United States,2026,2,Finance,Blank Checks
DBGI,Digital Brands Group Inc. Common Stock,$1.2484,-0.0616,-4.70%,20385587,United States,2025,44508,Consumer Discretionary,Clothing/Shoe/Accessory Stores
DBVT,DBV Technologies S.A. American Depositary Shares,$19.75,0.28,1.44%,1169367658,France,2014,57898,Health Care,Biotechnology: Biological Products (No Diagnostic Substances)
DBX,Dropbox Inc. Class A Common Stock,$25.26,0.18,0.72%,6028009697,United States,2018,464697,Technology,Computer Software: Prepackaged Software
DCBO,Docebo Inc. Common Shares,$20.845,-0.365,-1.72%,599595356,Canada,,29819,Technology,Computer Software: Prepackaged Software
DCGO,DocGo Inc. Common Stock,$0.6772,0.0002,0.03%,66892741,United States,2020,74659,Health Care,Medical/Nursing Services
DCOY,Decoy Therapeutics Inc. Common Stock,$6.00,0.105,1.78%,3191808,United States,2015,2647,Health Care,Biotechnology: Pharmaceutical Preparations
DCTH,Delcath Systems Inc. Common Stock,$11.34,0.32,2.90%,390714699,United States,,50813,Health Care,Medical/Dental Instruments
DCX,Digital Currency X Technology Inc. Class A Ordinary Shares,$2.15,0.07,3.37%,42623666,Cayman Islands,,3390,Industrials,Auto Manufacturing
DDI,DoubleDown Interactive Co. Ltd. American Depository Shares,$11.00,0,0.00%,545087840,South Korea,2021,76520,Technology,EDP Services
DDOG,Datadog Inc. Class A Common Stock,$146.94,0.25,0.17%,52302150248,United States,2019,1046160,Technology,Computer Software: Prepackaged Software
DEFT,Defi Technologies Inc. Common Stock,$0.7975,0.0001,0.01%,309252348,Canada,,864095,Finance,Finance: Consumer Services
DERM,Journey Medical Corporation Common Stock,$5.15,0.03,0.59%,140834197,United States,2021,41022,Health Care,Biotechnology: Pharmaceutical Preparations
DETX,Liberty Defense Holdings Ltd. Common Shares,$4.36,-0.14,-3.11%,8651561,United States,,18210,Telecommunications,Telecommunications Equipment
DEVS,DevvStream Corp. Common Stock,$0.202,-0.0201,-9.05%,776012,Canada,2024,10355747,Finance,Finance/Investors Services
DFDV,DeFi Development Corp. Common Stock,$4.36,0.11,2.59%,128608638,United States,2023,172983,Finance,Finance: Consumer Services
DFDVW,DeFi Development Corp. Warrant,$0.56,0.03,5.66%,16518541,United States,,587,,
DFLI,Dragonfly Energy Holdings Corp. Common Stock (NV),$2.00,0,0.00%,24297566,United States,2021,83873,Miscellaneous,Industrial Machinery/Components
DFLIW,Dragonfly Energy Holdings Corp. Warrant,$0.0405,0.0016,4.11%,492026,United States,2021,1100,Miscellaneous,Industrial Machinery/Components
DFNS,T3 Defense Inc. Common Stock,$0.4477,0.0264,6.27%,16933598,United States,2020,305974,Consumer Discretionary,Professional Services
DFNSW,T3 Defense Inc. Warrants,$0.0835,0.0077,10.16%,3158265,United States,2020,201369,Consumer Discretionary,Professional Services
DFSC,DEFSEC Technologies Inc. Common Stock,$3.11,0.16,5.42%,6200177,Canada,,26331,Technology,Computer Software: Prepackaged Software
DFSCW,DEFSEC Technologies Inc. Warrant,$0.0239,0,0.00%,47648,Canada,,2,Technology,Computer Software: Prepackaged Software
DFTX,Definium Therapeutics Inc. Common Shares,$22.28,0.53,2.44%,2430007925,United States,,177577,Health Care, Medicinal Chemicals and Botanical Products 
DGICA,Donegal Group Inc. Class A Common Stock,$16.455,0.135,0.83%,608883773,United States,,9349,Finance,Property-Casualty Insurers
DGICB,Donegal Group Inc. Class B Common Stock,$19.22,0,0.00%,711196968,United States,1986,161,Finance,Property-Casualty Insurers
DGII,Digi International Inc. Common Stock,$58.015,1.095,1.92%,2182011447,United States,1989,33704,Telecommunications,Computer Communications Equipment
DGNX,Diginex Limited Ordinary Shares,$1.935,0.085,4.60%,56310321,Hong Kong,2025,624898,Technology,EDP Services
DGXX,Digi Power X Inc. Subordinate Voting Shares,$5.0301,1.0801,27.34%,351138449,Canada,,71238987,Finance,Finance: Consumer Services
DH,Definitive Healthcare Corp. Class A Common Stock,$0.9617,-0.0683,-6.63%,138179279,United States,2021,55539,Technology,Computer Software: Prepackaged Software
DHC,Diversified Healthcare Trust Common Shares of Beneficial Interest,$8.02,0.26,3.35%,1941810621,United States,,177737,Real Estate,Real Estate Investment Trusts
DHCNI,Diversified Healthcare Trust 5.625% Senior Notes due 2042,$17.96,0,0.00%,4335801852,United States,,108,Real Estate,Real Estate Investment Trusts
DHCNL,Diversified Healthcare Trust 6.25% Senior Notes Due 2046,$19.04,-0.04,-0.21%,4596529357,United States,,3494,Real Estate,Real Estate Investment Trusts
DIBS,1stdibs.com Inc. Common Stock,$4.4499,-0.1501,-3.26%,161896395,United States,2021,16267,Consumer Discretionary,Catalog/Specialty Distribution
DIOD,Diodes Incorporated Common Stock,$110.64,1.94,1.79%,5090166130,United States,,204401,Technology,Semiconductors
DJCO,Daily Journal Corp. (S.C.) Common Stock,$501.49,10.21,2.08%,690913806,United States,,8874,Consumer Discretionary,Newspapers/Magazines
DJT,Trump Media & Technology Group Corp. Common Stock,$9.225,0.025,0.27%,2552846381,United States,2024,555053,Technology,Computer Software: Programming Data Processing
DJTWW,Trump Media & Technology Group Corp. Warrants,$4.39,-0.05,-1.13%,1214850473,United States,2021,328,Technology,Computer Software: Programming Data Processing
DKI,DarkIris Inc. Class A Ordinary Shares,$0.386,-0.0471,-10.88%,7768250,Hong Kong,2025,425547,Technology,Computer Software: Prepackaged Software
DKNG,DraftKings Inc. Class A Common Stock,$23.525,-0.045,-0.19%,11662349464,United States,2019,1377715,Consumer Discretionary,Services-Misc. Amusement & Recreation
DLHC,DLH Holdings Corp.,$5.65,-0.01,-0.18%,81885648,United States,,2038,Consumer Discretionary,Professional Services
DLO,DLocal Limited Class A Common Shares,$13.5409,-0.1541,-1.13%,3993644123,Uruguay,2021,296508,Real Estate,Real Estate
DLPN,Dolphin Entertainment Inc. Common Stock,$1.43,0.01,0.70%,17760094,United States,,11216,Consumer Discretionary,Other Consumer Services
DLTH,Duluth Holdings Inc. Class B Common Stock,$3.375,0.065,1.96%,128684356,United States,2015,1402,Consumer Discretionary,Clothing/Shoe/Accessory Stores
DLTR,Dollar Tree Inc. Common Stock,$95.275,1.225,1.30%,18552463057,United States,1995,346305,Consumer Discretionary,Department/Specialty Retail Stores
DLXY,Delixy Holdings Limited Class A Ordinary Shares,$0.6797,0.0192,2.91%,11113095,Singapore,2025,85004,Energy,Oil Refining/Marketing
DMAA,Drugs Made In America Acquisition Corp. Ordinary Shares,$10.58,0.01,0.10%,0,United States,2025,300,,
DMAAR,Drugs Made In America Acquisition Corp. Rights,$0.105,-0.0023,-2.14%,0,United States,2025,2535,Finance,Blank Checks
DMAC,DiaMedica Therapeutics Inc. Common Stock,$6.115,0.065,1.07%,329021415,United States,2018,5368,Health Care,Biotechnology: Pharmaceutical Preparations
DMII,Drugs Made In America Acquisition II Corp. Ordinary Shares,$10.02,0.005,0.05%,0,United States,2025,123179,Finance,Blank Checks
DMIIR,Drugs Made In America Acquisition II Corp. Right,$0.09,0,0.00%,0,United States,2025,102,Finance,Blank Checks
DMIIU,Drugs Made In America Acquisition II Corp. Unit,$10.06,0,0.00%,0,United States,2025,128,,
DMLP,Dorchester Minerals L.P. Common Units Representing Limited Partnership Interests,$27.36,0.13,0.48%,1320269112,United States,,27968,Energy,Oil & Gas Production
DMRA,Damora Therapeutics Inc. Common Stock,$25.525,-0.405,-1.56%,1539239486,Denmark,2020,16163,Health Care,Biotechnology: Pharmaceutical Preparations
DMRC,Digimarc Corporation Common Stock,$8.31,0.11,1.34%,183595215,United States,,23077,Technology,EDP Services
DNLI,Denali Therapeutics Inc. Common Stock,$18.79,0.12,0.64%,2981512607,United States,2017,613016,Health Care,Biotechnology: Biological Products (No Diagnostic Substances)
DNMX,Dynamix Corporation III Class A Ordinary Shares,$9.98,0.01,0.10%,0,United States,2025,100,Finance,Blank Checks
DNTH,Dianthus Therapeutics Inc. Common Stock,$90.45,1.11,1.24%,4924891337,United States,2018,29433,Health Care,Biotechnology: Pharmaceutical Preparations
DNUT,Krispy Kreme Inc. Common Stock,$3.735,0.005,0.13%,643834097,United States,2021,476136,Consumer Staples,Food Chains
DOCU,DocuSign Inc. Common Stock,$48.185,-0.265,-0.55%,9441650349,United States,1989,240903,Technology,Computer Software: Prepackaged Software
DOGZ,Dogness (International) Corporation Class A Common Stock,$1.19,0,0.00%,17267683,China,2017,803,Consumer Discretionary,Miscellaneous manufacturing industries
DOMH,Dominari Holdings Inc. Common Stock,$3.34,0.19,6.03%,75530029,United States,,33124,Health Care,Biotechnology: Pharmaceutical Preparations
DOMO,Domo Inc. Class B Common Stock,$3.82,-0.07,-1.80%,172459240,United States,2018,46530,Technology,Computer Software: Prepackaged Software
DOO,BRP Inc. Common Subordinate Voting Shares,$53.3801,-0.1399,-0.26%,3903312465,Canada,,28315,Consumer Discretionary,Industrial Specialties
DORM,Dorman Products Inc. Common Stock,$114.05,3.2,2.89%,3440957044,United States,,66778,Consumer Discretionary,Auto Parts:O.E.M.
DOX,Amdocs Limited Ordinary Shares,$64.87,-0.43,-0.66%,7002686595,Guernsey,,48752,Technology,EDP Services
DOYU,DouYu International Holdings Limited ADS,$4.85,-0.04,-0.82%,146367466,China,2019,3097,Technology,Computer Software: Programming Data Processing
DPRO,Draganfly Inc. Common Shares,$5.07,-0.04,-0.78%,174286173,Canada,,243946,Industrials,Aerospace
DPZ,Domino's Pizza Inc Common Stock,$334.08,3.66,1.11%,11112125530,United States,2004,95476,Consumer Discretionary,Food Distributors
DRCT,Direct Digital Holdings Inc. Class A Common Stock,$4.66,0.42,9.91%,3464421,United States,2022,33133,Consumer Discretionary,Advertising
DRDB,Roman DBDR Acquisition Corp. II Ordinary shares,$10.52,0.01,0.10%,0,United States,2025,74439,,
DRH,Diamondrock Hospitality Company Common Stock,$10.48,0.25,2.44%,2143061394,United States,2005,149503,Real Estate,Real Estate Investment Trusts
DRIO,DarioHealth Corp. Common Stock,$7.45,0,0.00%,54388025,Israel,,2,Health Care,Medical/Dental Instruments
DRMA,Dermata Therapeutics Inc. Common Stock,$1.31,0.01,0.77%,5269007,United States,2021,18444,Health Care,Biotechnology: Pharmaceutical Preparations
DRMAW,Dermata Therapeutics Inc. Warrant,$0.0158,-0.0002,-1.25%,63550,United States,2021,2103,Health Care,Biotechnology: Pharmaceutical Preparations
DRS,Leonardo DRS Inc. Common Stock,$41.18,1.18,2.95%,10953669405,Israel,,161828,Industrials,Industrial Machinery/Components
DRTS,Alpha Tau Medical Ltd. Ordinary Shares,$7.37,-0.16,-2.13%,648631762,Israel,,291390,Health Care,Medical/Dental Instruments
DRTSW,Alpha Tau Medical Ltd. Warrant,$0.96,-0.12,-11.11%,84489348,Israel,,1589,Health Care,Medical/Dental Instruments
DRUG,Bright Minds Biosciences Inc. Common Stock,$85.585,2.325,2.79%,837634174,Canada,,23570,Health Care,Biotechnology: Pharmaceutical Preparations
DRVN,Driven Brands Holdings Inc. Common Stock,$13.58,-0.07,-0.51%,2233288280,United States,2021,91524,Consumer Discretionary,Automotive Aftermarket
DSAC,Daedalus Special Acquisition Corp. Class A Ordinary Shares,$9.95,-0.01,-0.10%,0,Cayman Islands,2026,31168,Finance,Blank Checks
DSACU,Daedalus Special Acquisition Corp. Unit,$10.03,0,0.00%,0,Cayman Islands,2025,11,Finance,Blank Checks
DSGN,Design Therapeutics Inc. Common Stock,$13.3625,0.1925,1.46%,834581315,United States,2021,29579,Health Care,Biotechnology: Pharmaceutical Preparations
DSGR,Distribution Solutions Group Inc. Common Stock,$27.785,0.575,2.11%,1283532660,United States,,5381,Consumer Discretionary,Industrial Specialties
DSGX,Descartes Systems Group Inc. (The) Common Stock,$73.16,-0.56,-0.76%,6293537276,Canada,,79968,Technology,Computer Software: Prepackaged Software
DSP,Viant Technology Inc. Class A Common Stock,$11.56,0.04,0.35%,737879123,United States,2021,9764,Technology,Computer Software: Programming Data Processing
DSWL,Deswell Industries Inc. Common Shares,$3.36,0.02,0.60%,53542403,Macau,1995,2516,Industrials,Plastic Products
DSY,Big Tree Cloud Holdings Limited Class A Ordinary Shares,$2.176,0,0.00%,10340073,China,,567,Consumer Discretionary,Containers/Packaging
DSYWW,Big Tree Cloud Holdings Limited Warrants,$0.0208,0.0013,6.67%,98839,China,,8645,Consumer Discretionary,Containers/Packaging
DTCX,Datacentrex Inc. Common Stock,$2.2344,0.0344,1.56%,80904056,United States,,40857,Technology,EDP Services
DTI,Drilling Tools International Corporation Common Stock,$3.445,0.015,0.44%,121223556,United States,2021,10115,Consumer Discretionary,Oil and Gas Field Machinery
DTIL,Precision BioSciences Inc. Common Stock,$7.225,-0.405,-5.31%,186428113,United States,2019,82649,Health Care,Biotechnology: Biological Products (No Diagnostic Substances)
DTSQ,DT Cloud Star Acquisition Corporation Ordinary Shares,$11.215,0,0.00%,0,United States,2024,63,,
DTSQU,DT Cloud Star Acquisition Corporation Units,$10.9475,0,0.00%,0,United States,2024,9,,
DTSS,Datasea Intelligent Technology Ltd. Class A Ordinary Shares,$0.90,-0.0188,-2.05%,9402438,China,,3568,Technology,Computer Software: Prepackaged Software
DTST,Data Storage Corporation Common Stock,$4.09,0.1,2.51%,8863594,United States,,2162,Technology,EDP Services
DTSTW,Data Storage Corporation Warrant,$0.0402,-0.0118,-22.69%,87119,United States,,73365,Technology,EDP Services
DUO,Fangdd Network Group Ltd. Class A Ordinary Shares,$1.54,0.02,1.32%,6002626,China,2019,10023,Finance,Real Estate
DUOL,Duolingo Inc. Class A Common Stock,$102.30,-7.93,-7.19%,4785801362,United States,2021,2323877,Technology,Computer Software: Prepackaged Software
DUOT,Duos Technologies Group Inc. Common Stock,$9.1409,0.0609,0.67%,267788232,United States,,71039,Technology,Computer Software: Prepackaged Software
DVLT,Datavault AI Inc. Common Stock,$0.5725,0.0125,2.23%,399874002,United States,2018,32736092,Technology,Semiconductors
DWSN,Dawson Geophysical Company Common Stock,$3.733,0.113,3.12%,115920252,United States,,10293,Energy,Oil & Gas Production
DWTX,Dogwood Therapeutics Inc. Common Stock,$1.41,0,0.00%,47096190,United States,2020,1001,Health Care,Biotechnology: Pharmaceutical Preparations
DXCM,DexCom Inc. Common Stock,$59.46,-0.58,-0.97%,22944007212,United States,2005,534812,Health Care,Medical/Dental Instruments
DXLG,Destination XL Group Inc. Common Stock,$0.6278,-0.0005,-0.08%,34410039,United States,,2470,Consumer Discretionary,Clothing/Shoe/Accessory Stores
DXPE,DXP Enterprises Inc. Common Stock,$178.055,5.905,3.43%,2760798328,United States,,40305,Industrials,Industrial Machinery/Components
DXR,Daxor Corporation Common Stock,$10.96,0.84,8.30%,55223494,United States,,1211,Health Care,Medical/Dental Instruments
DXST,Decent Holding Inc Class A Ordinary Shares,$1.8634,0.0434,2.39%,3382263,China,2025,18789,Industrials,Miscellaneous
DYAI,Dyadic International Inc. Common Stock,$0.769,0.018,2.40%,28021363,United States,,5821,Health Care,Biotechnology: Biological Products (No Diagnostic Substances)
DYN,Dyne Therapeutics Inc. Common Stock,$17.51,-0.2,-1.13%,2892993463,United States,2020,183571,Health Care,Biotechnology: Pharmaceutical Preparations
DYNC,Dynamix Corporation Class A Ordinary Shares,$10.745,0.015,0.14%,0,United States,2024,26350,,
DYNCU,Dynamix Corporation Unit,$10.89,0,0.00%,0,United States,2024,9,,
DYNCW,Dynamix Corporation Warrant,$0.15,0,0.00%,0,United States,2024,275,,
DYOR,Insight Digital Partners II Class A Ordinary Shares,$10.01,0,0.00%,0,United States,2025,5,Finance,Blank Checks
DYORU,Insight Digital Partners II Units,$10.1101,0,0.00%,0,United States,2025,20,Finance,Blank Checks
EA,Electronic Arts Inc. Common Stock,$202.00,0.18,0.09%,50551250026,United States,,186929,Consumer Discretionary,Services-Misc. Amusement & Recreation
EBAY,eBay Inc. Common Stock,$105.565,-3.765,-3.44%,46977605322,United States,1998,1242408,Real Estate,Real Estate
EBC,Eastern Bankshares Inc. Common Stock,$20.12,0.2,1.00%,4705040753,United States,2020,102286,Finance,Savings Institutions
EBMT,Eagle Bancorp Montana Inc. Common Stock,$22.61,0.24,1.07%,180098395,United States,2010,7501,Finance,Major Banks
EBON,Ebang International Holdings Inc. Class A Ordinary Shares,$2.37,-0.035,-1.46%,15509133,China,2020,1916,Technology,Semiconductors
ECBK,ECB Bancorp Inc. Common Stock,$17.91,-0.16,-0.89%,157208195,United States,2022,432,Finance,Banks
ECOR,electroCore Inc. Common Stock,$6.63,-0.05,-0.75%,53593990,United States,2018,11276,Health Care,Biotechnology: Electromedical & Electrotherapeutic Apparatus
ECPG,Encore Capital Group Inc Common Stock,$84.715,1.525,1.83%,1818990568,United States,,20871,Finance,Finance Companies
ECX,ECARX Holdings Inc. Class A Ordinary shares,$1.095,-0.025,-2.23%,417260682,China,,128685,Technology,EDP Services
ECXWW,ECARX Holdings Inc. Warrants,$0.05,-0.0049,-8.93%,19052999,China,,360,Technology,EDP Services
EDAP,EDAP TMS S.A. American Depositary Shares,$3.49,0.15,4.49%,130812131,France,1997,249,Health Care,Biotechnology: Electromedical & Electrotherapeutic Apparatus
EDBL,Edible Garden AG Incorporated Common Stock,$0.4089,-0.0421,-9.34%,373635,United States,2022,270300,Consumer Staples,Farming/Seeds/Milling
EDBLW,Edible Garden AG Incorporated Warrant,$0.071,-0.008,-10.13%,64877,United States,2022,1007,Consumer Staples,Farming/Seeds/Milling
EDHL,Everbright Digital Holding Limited Ordinary Shares,$2.335,0,0.00%,3890694,Hong Kong,2025,348,Consumer Discretionary,Advertising
EDIT,Editas Medicine Inc. Common Stock,$2.975,-0.025,-0.83%,291270166,United States,2016,394209,Health Care,Biotechnology: Biological Products (No Diagnostic Substances)
EDRY,EuroDry Ltd. Common Shares ,$20.295,0.785,4.02%,58663651,Greece,,6676,Consumer Discretionary,Marine Transportation
EDSA,Edesa Biotech Inc. Common Shares,$15.725,-0.385,-2.39%,131274832,United States,,106588,Health Care,Biotechnology: Pharmaceutical Preparations
EDTK,Skillful Craftsman Education Technology Limited Ordinary Share,$1.02,0.02,2.00%,16248040,China,2020,509,Real Estate,Other Consumer Services
EDUC,Educational Development Corporation Common Stock,$1.4782,0.0182,1.25%,12581498,United States,,6320,Consumer Discretionary,Consumer Specialties
EEFT,Euronet Worldwide Inc. Common Stock,$70.28,-2.2,-3.04%,2668257789,United States,1997,50509,Finance,Investment Bankers/Brokers/Service
EEIQ,EpicQuest Education Group International Limited Common Stock,$3.08,-0.18,-5.52%,4556795,United States,2021,25108,Real Estate,Other Consumer Services
EFOI,Energy Focus Inc. Common Stock,$3.86,0.16,4.32%,24331251,United States,,84258,Consumer Discretionary,Building Products
EFSC,Enterprise Financial Services Corporation Common Stock,$58.965,0.845,1.45%,2157281992,United States,,7181,Finance,Major Banks
EFSCP,Enterprise Financial Services Corporation Depositary Shares Each Representing a 1/40th Interest in a Share of 5% Fixed Rate Non-Cumulative Perpetual Preferred Stock Series A,$20.21,0.36,1.81%,739399119,United States,,1429,Finance,Major Banks
EFSI,Eagle Financial Services Inc Common Stock,$36.00,0.27,0.76%,194845536,United States,,1790,Finance,Major Banks
EGAN,eGain Corporation Common Stock,$7.818,-0.062,-0.79%,214104608,United States,1999,15303,Technology,Computer Software: Prepackaged Software
EGBN,Eagle Bancorp Inc. Common Stock,$25.99,0.29,1.13%,789145988,United States,,18339,Finance,Major Banks
EH,EHang Holdings Limited ADS,$10.20,0.05,0.49%,734245552,China,2019,64507,Industrials,Aerospace
EHGO,Eshallgo Inc. Class A Ordinary Shares,$1.9701,-0.0601,-2.96%,3984693,China,2024,4871,Consumer Discretionary,Diversified Commercial Services
EHLD,Euroholdings Ltd. Common Stock ,$8.29,-0.01,-0.12%,23349738,Greece,,159,Consumer Discretionary,Marine Transportation
EHTH,eHealth Inc. Common Stock,$1.91,0.02,1.06%,60227885,United States,2006,87560,Finance,Specialty Insurers
EIKN,Eikon Therapeutics Inc. Common Stock,$10.39,0.12,1.17%,562499586,United States,2026,17039,Health Care,Biotechnology: Biological Products (No Diagnostic Substances)
EJH,E-Home Household Service Holdings Limited Ordinary Shares,$1.5349,-0.0351,-2.24%,4911916,China,2021,2384,Consumer Discretionary,Other Consumer Services
ELAB,PMGC Holdings Inc. Common Stock,$2.185,-0.145,-6.22%,9150955,United States,2023,168479,Health Care,Biotechnology: Pharmaceutical Preparations
ELBM,Electra Battery Materials Corporation Common Stock,$0.6566,0.0543,9.02%,68114587,Canada,,2135263,Miscellaneous,Industrial Machinery/Components
ELDN,Eledon Pharmaceuticals Inc. Common Stock,$3.82,0.04,1.06%,294857484,United States,2014,139550,Health Care,Biotechnology: Pharmaceutical Preparations
ELE,Elemental Royalty Corporation Common Stock,$17.16,0.07,0.41%,1102103746,Canada,,16786,Basic Materials,Precious Metals
ELMT,The Elmet Group Co. Common Stock,$15.32,-0.05,-0.33%,446154770,United States,2026,42453,Industrials,Metal Fabrications
ELOG,Eastern International Ltd. Ordinary Shares,$0.90,0.001,0.11%,10815300,China,2025,6030,Industrials,Integrated Freight & Logistics
ELPW,Elong Power Holding Limited Class A Ordinary Shares,$7.6891,0.3591,4.90%,10974683,China,,1749742,Miscellaneous,Industrial Machinery/Components
ELSE,Electro-Sensors Inc. Common Stock,$7.635,-0.015,-0.20%,26970050,United States,,1432,Industrials,Industrial Machinery/Components
ELTK,Eltek Ltd. Ordinary Shares,$8.46,0.03,0.36%,56849736,Israel,1997,1161,Technology,Electrical Products
ELTX,Elicio Therapeutics Inc. Common Stock,$10.77,0,0.00%,198125717,United States,2021,16850,Health Care,Biotechnology: Pharmaceutical Preparations
ELUT,Elutia Inc. Class A Common Stock,$1.03,0.02,1.98%,45534483,United States,2020,127177,Health Care,Biotechnology: Biological Products (No Diagnostic Substances)
ELVA,Electrovaya Inc. Common Shares,$9.77,0.32,3.39%,468967943,Canada,,65400,,
ELVN,Enliven Therapeutics Inc. Common Stock,$41.61,0,0.00%,2533618545,United States,2020,44549,Health Care,Biotechnology: Pharmaceutical Preparations
ELVR,Elevra Lithium Limited American Depository Shares,$90.00,-2.09,-2.27%,1524390930,Australia,,21221,Industrials,Mining & Quarrying of Nonmetallic Minerals (No Fuels)
ELWT,Elauwit Connection Inc. Common Stock,$7.2497,0.0897,1.25%,47991535,United States,2025,18808,Consumer Discretionary,Telecommunications Equipment
EMAT,Evolution Metals & Technologies Corp. Common Stock,$9.95,0.37,3.86%,0,United States,,9475,,
EMBC,Embecta Corp. Common Stock,$4.33,-4.92,-53.19%,256421968,United States,,5433913,Health Care,Medical/Dental Instruments
EMIS,Emmis Acquisition Corp. Class A Ordinary Shares,$10.12,0,0.00%,0,United States,2025,15,Health Care,Biotechnology: Pharmaceutical Preparations
EMISR,Emmis Acquisition Corp. Rights,$0.1101,-0.0299,-21.36%,0,United States,2025,10000,,
EML,Eastern Company (The) Common Stock,$21.96,-0.17,-0.77%,132559124,United States,,294,Consumer Discretionary,Industrial Machinery/Components
EMPD,Empery Digital Inc. Common stock,$5.04,0.13,2.65%,0,United States,2021,56007,,
ENGN,enGene Therapeutics Inc. Common Stock,$7.94,0.33,4.34%,531896360,Canada,,31401,Health Care,Biotechnology: Biological Products (No Diagnostic Substances)
ENGNW,enGene Therapeutics Inc. Warrants,$2.14,0.2199,11.45%,143357457,Canada,,3955,Health Care,Biotechnology: Biological Products (No Diagnostic Substances)
ENGS,Energys Group Limited Ordinary Shares,$1.24,0.05,4.20%,38754236,United Kingdom,2025,88708,Industrials,Engineering & Construction
ENLT,Enlight Renewable Energy Ltd. Ordinary Shares,$88.51,-0.29,-0.33%,12342193751,Israel,2023,95888,Utilities,Electric Utilities: Central
ENLV,Enlivex Ltd. Ordinary Shares,$0.8425,-0.0097,-1.14%,203083550,Israel,2014,49998,Health Care,Biotechnology: Pharmaceutical Preparations
ENPH,Enphase Energy Inc. Common Stock,$33.74,1.2,3.69%,4446871943,United States,2012,872871,Technology,Semiconductors
ENSC,Ensysce Biosciences Inc. Common Stock,$0.4246,0.0076,1.82%,3939362,United States,,48349,Health Care,Biotechnology: Pharmaceutical Preparations
ENSG,The Ensign Group Inc. Common Stock,$180.3975,-1.6325,-0.90%,10543404047,United States,2007,34912,Health Care,Hospital/Nursing Management
ENTA,Enanta Pharmaceuticals Inc. Common Stock,$14.69,0.15,1.03%,426294163,United States,2013,10278,Health Care,Biotechnology: Pharmaceutical Preparations
ENTG,Entegris Inc. Common Stock,$144.275,5.315,3.83%,22001937500,United States,2000,605042,Industrials,Plastic Products
ENTX,Entera Bio Ltd. Ordinary Shares,$1.105,-0.005,-0.45%,51517574,Israel,2018,53335,Health Care,Biotechnology: Biological Products (No Diagnostic Substances)
ENVB,Enveric Biosciences Inc. Common Stock,$3.6185,0.2085,6.11%,7184658,United States,,698059,Health Care,Biotechnology: Pharmaceutical Preparations
ENVX,Enovix Corporation Common Stock,$6.92,0.17,2.52%,1505185704,United States,2021,1363931,Miscellaneous,Industrial Machinery/Components
EOLS,Evolus Inc. Common Stock,$6.36,0.78,13.98%,418836216,United States,2018,737563,Health Care,Biotechnology: Pharmaceutical Preparations
EOSE,Eos Energy Enterprises Inc. Class A Common Stock,$6.295,-0.085,-1.33%,2136894556,United States,,2866576,Miscellaneous,Industrial Machinery/Components
EPOW,E-Power Inc. Class A Ordinary Shares,$0.79,0.015,1.94%,21319691,China,2021,11812,Real Estate,Real Estate
EPRX,Eupraxia Pharmaceuticals Inc. Common Stock,$7.3338,-0.0862,-1.16%,451052021,Canada,,55282,Health Care,Pharmaceuticals and Biotechnology
EPSM,Epsium Enterprise Limited Class A Ordinary Shares,$1.32,-0.03,-2.22%,17738205,Macau,2025,2516,Consumer Staples,Beverages (Production/Distribution)
EPSN,Epsilon Energy Ltd. Common Share,$6.235,-0.065,-1.03%,188600127,United States,,13047,Energy,Oil & Gas Production
EQ,Equillium Inc. Common Stock,$2.05,-0.05,-2.38%,129614440,United States,2018,25072,Health Care,Biotechnology: Pharmaceutical Preparations
EQIX,Equinix Inc. Common Stock REIT,$1075.35,-7.85,-0.73%,1.06E+11,United States,2000,64318,Real Estate,Real Estate Investment Trusts
EQPT,EquipmentShare.com Inc Class A Common Stock,$18.60,0.2,1.09%,4692593944,United States,2026,348622,Consumer Discretionary,Diversified Commercial Services
ERAS,Erasca Inc. Common Stock,$9.91,-0.23,-2.27%,3081672773,United States,2021,605630,Health Care,Biotechnology: Pharmaceutical Preparations
ERIC,Ericsson American Depositary Shares,$11.875,0.245,2.11%,40034801853,Sweden,,2152816,Technology,Radio And Television Broadcasting And Communications Equipment
ERIE,Erie Indemnity Company Class A Common Stock,$215.615,4.965,2.36%,9959603990,United States,,49218,Finance,Specialty Insurers
ERII,Energy Recovery Inc. Common Stock,$11.195,0.195,1.77%,582160812,United States,2008,52425,Technology,Industrial Machinery/Components
ERNA,Ernexa Therapeutics Inc. Common Stock,$3.845,0.1049,2.81%,4483951,United States,,9742,Health Care,Biotechnology: Pharmaceutical Preparations
ERNAW,Ernexa Therapeutics Inc. Warrants,$0.0382,0,0.00%,44548,United States,,6,,
ESCA,Escalade Incorporated Common Stock,$20.205,0.295,1.48%,278930793,United States,,29133,Consumer Discretionary,Recreational Games/Products/Toys
ESEA,Euroseas Ltd. Common Stock (Marshall Islands),$73.45,5.05,7.38%,518254459,Greece,,26357,Consumer Discretionary,Marine Transportation
ESLA,Estrella Immunopharma Inc. Common Stock,$1.4638,-0.0662,-4.33%,62453361,United States,2021,1545,Health Care,Biotechnology: Biological Products (No Diagnostic Substances)
ESLAW,Estrella Immunopharma Inc. Warrant,$0.10,-0.0257,-20.45%,4266523,United States,2021,13324,Health Care,Biotechnology: Biological Products (No Diagnostic Substances)
ESLT,Elbit Systems Ltd. Ordinary Shares,$856.01,-1.78,-0.21%,39812111737,Israel,,20465,Industrials,Military/Government/Technical
ESOA,Energy Services of America Corporation Common Stock,$17.5128,0.3628,2.12%,291746418,United States,,19684,Industrials,Water Sewer Pipeline Comm & Power Line Construction
ESPR,Esperion Therapeutics Inc. Common Stock,$3.11,-0.01,-0.32%,800529164,United States,2013,7430105,Health Care,Biotechnology: Pharmaceutical Preparations
ESQ,Esquire Financial Holdings Inc. Common Stock,$107.265,1.645,1.56%,926451452,United States,2017,10815,Finance,Commercial Banks
ESTA,Establishment Labs Holdings Inc. Common Shares,$70.97,0.73,1.04%,2085454231,Costa Rica,2018,38139,Health Care,Industrial Specialties
ETON,Eton Pharmaceuticals Inc. Common Stock,$32.02,1.86,6.17%,876060508,United States,2018,104539,Health Care,Biotechnology: Pharmaceutical Preparations
ETOR,eToro Group Ltd. Class A Common Shares,$38.10,-0.21,-0.55%,3068815287,Israel,2025,136563,Finance,Investment Bankers/Brokers/Service
ETS,Elite Express Holding Inc. Class A Common Stock,$0.5609,-0.0258,-4.40%,9376381,United States,2025,6116,Industrials,Trucking Freight/Courier Services
EU,enCore Energy Corp. Common Shares,$1.87,0.01,0.54%,350156629,United States,,237463,Basic Materials,Other Metals and Minerals
EUDA,EUDA Health Holdings Limited Ordinary Shares,$16.50,-0.59,-3.45%,41156363,Singapore,2021,7288,Health Care,Medical/Nursing Services
EUDAW,EUDA Health Holdings Limited Warrant,$0.0348,-0.0049,-12.34%,86803,Singapore,2021,177417,Health Care,Medical/Nursing Services
EURK,Eureka Acquisition Corp Class A Ordinary Share,$11.36,0,0.00%,0,United States,2024,1,,
EURKR,Eureka Acquisition Corp Right,$0.255,0.005,2.00%,0,United States,2024,219,,
EVAX,Evaxion A/S American Depositary Share,$4.62,0.05,1.09%,38531793,Denmark,2021,1007,Health Care,Biotechnology: Biological Products (No Diagnostic Substances)
EVCM,EverCommerce Inc. Common Stock,$11.515,-0.125,-1.07%,2038388363,United States,2021,3166,Technology,Computer Software: Prepackaged Software
EVER,EverQuote Inc. Class A Common Stock,$21.36,6.75,46.20%,755573218,United States,2018,1986567,Technology,Computer Software: Programming Data Processing
EVGN,Evogene Ltd Ordinary Shares,$0.7361,-0.0159,-2.11%,7282800,Israel,,35744,Industrials,Agricultural Chemicals
EVGO,EVgo Inc. Class A Common Stock,$2.18,0.01,0.46%,683604396,United States,,1912073,Technology,EDP Services
EVGOW,EVgo Inc. Warrants,$0.014,0,0.00%,4390120,United States,,9978,Technology,EDP Services
EVLV,Evolv Technologies Holdings Inc. Class A Common Stock,$7.21,0.07,0.98%,1293153609,United States,2020,280047,Technology,Computer peripheral equipment
EVLVW,Evolv Technologies Holdings Inc. Warrant,$0.12,-0.0193,-13.86%,21522668,United States,2020,44286,Technology,Computer peripheral equipment
EVO,Evotec SE American Depositary Shares,$3.11,-0.01,-0.32%,275835295,Germany,2021,5810,Health Care,Biotechnology: Pharmaceutical Preparations
EVOX,Evolution Global Acquisition Corp Class A Ordinary Shares,$9.9988,-0.0012,-0.01%,0,United States,2025,4039,Finance,Blank Checks
EVOXU,Evolution Global Acquisition Corp Units,$10.1899,0.0014,0.01%,0,United States,2025,762,Finance,Blank Checks
EVOXW,Evolution Global Acquisition Corp Warrants,$0.37,-0.0199,-5.10%,0,United States,2025,2368,Finance,Blank Checks
EVRG,Evergy Inc. Common Stock,$82.055,-0.025,-0.03%,18895965846,United States,,144038,Utilities,Power Generation
EVTV,Envirotech Vehicles Inc. Common Stock,$1.77,0.05,2.91%,22887373,United States,,66151,Consumer Discretionary,Auto Parts:O.E.M.
EWBC,East West Bancorp Inc. Common Stock,$124.06,0.64,0.52%,16993581492,United States,,48123,Finance,Major Banks
EWCZ,European Wax Center Inc. Class A Common Stock,$5.805,-0.005,-0.09%,316587726,United States,2021,20466,Consumer Discretionary,Other Consumer Services
EWTX,Edgewise Therapeutics Inc. Common Stock,$39.19,7.74,24.61%,4212200847,United States,2021,1909691,Health Care,Biotechnology: Pharmaceutical Preparations
EXC,Exelon Corporation Common Stock,$46.18,-0.43,-0.92%,47250225702,United States,,891306,Utilities,Power Generation
EXE,Expand Energy Corporation Common Stock,$99.71,-1.06,-1.05%,23853508534,United States,,293390,Energy,Oil & Gas Production
EXEL,Exelixis Inc. Common Stock,$45.08,0.91,2.06%,11450688484,United States,2000,433823,Health Care,Biotechnology: Biological Products (No Diagnostic Substances)
EXFY,Expensify Inc. Class A Common Stock,$1.135,0.015,1.34%,114660383,United States,2021,88254,Technology,Computer Software: Prepackaged Software
EXLS,ExlService Holdings Inc. Common Stock,$31.39,-0.33,-1.04%,4795856204,United States,2006,287778,Real Estate,Real Estate
EXOZ,eXoZymes Inc. Common Stock,$9.945,0.025,0.25%,84224106,United States,2024,102,Health Care,Biotechnology: Biological Products (No Diagnostic Substances)
EXPE,Expedia Group Inc. Common Stock,$245.36,-1.14,-0.46%,29448616813,United States,,109483,Consumer Discretionary,Transportation Services
EXPI,eXp World Holdings Inc. Common Stock,$6.23,-0.02,-0.32%,1008593988,United States,,154905,Finance,Real Estate
EXPO,Exponent Inc. Common Stock,$65.22,0.26,0.40%,3170650212,United States,,39712,Consumer Discretionary,Professional Services
EXTR,Extreme Networks Inc. Common Stock,$23.29,0.45,1.97%,3045821670,United States,1999,464225,Telecommunications,Computer Communications Equipment
EYE,National Vision Holdings Inc. Common Stock,$21.94,0.03,0.14%,1742851839,United States,2017,93956,Health Care,Ophthalmic Goods
EYPT,EyePoint Inc. Common Stock,$13.79,-0.06,-0.43%,1155535849,United States,,151883,Industrials,Biotechnology: Laboratory Analytical Instruments
EZGO,EZGO Technologies Ltd. Ordinary Shares,$1.4125,0.1825,14.84%,29499702,China,2021,133695,Consumer Discretionary,Motor Vehicles
EZPW,EZCORP Inc. Class A Non Voting Common Stock,$33.34,0.73,2.24%,2056985448,United States,1991,49637,Consumer Discretionary,Other Specialty Stores
EZRA,Reliance Global Group Inc. Common Stock,$0.1774,-0.0011,-0.62%,3770285,United States,,612703,Finance,Specialty Insurers
FA,First Advantage Corporation Common Stock,$12.55,-0.11,-0.87%,2163709632,United States,2021,51695,Technology,EDP Services
FABC,Fabric.AI Inc. Common Stock,$2.9901,0.0501,1.70%,4353511,United States,,436415,Consumer Discretionary,Telecommunications Equipment
FACT,FACT II Acquisition Corp. Class A Ordinary Shares,$10.57,0.01,0.10%,0,United States,2024,48610,,
FACTU,FACT II Acquisition Corp. Unit,$11.45,-0.56,-4.66%,0,United States,2024,100,Finance,Blank Checks
FACTW,FACT II Acquisition Corp. Warrant,$0.7381,-0.0001,-0.01%,0,United States,2024,80,Finance,Blank Checks
FAMI,Farmmi Inc. Class A Ordinary Shares,$1.1767,0,0.00%,16256355,China,2018,82,Consumer Staples,Packaged Foods
FANG,Diamondback Energy Inc. Common Stock,$210.77,-2.92,-1.37%,59292073332,United States,2012,1259542,Energy,Oil & Gas Production
FARM,Farmer Brothers Company Common Stock,$1.28,-0.01,-0.78%,27810761,United States,,132749,Consumer Staples,Packaged Foods
FAST,Fastenal Company Common Stock,$45.0101,0.1301,0.29%,51673172899,United States,1987,471557,Consumer Discretionary,RETAIL: Building Materials
FATE,Fate Therapeutics Inc. Common Stock,$2.215,0.415,23.06%,257563950,United States,2013,3127010,Health Care,Biotechnology: Biological Products (No Diagnostic Substances)
FATN,FatPipe Inc. Common Stock,$3.11,0,0.00%,43305095,United States,2025,84031,Technology,Computer Software: Prepackaged Software
FBGL,FBS Global Limited Ordinary Shares,$0.6089,0.0026,0.43%,8142995,Singapore,2025,24780,Consumer Discretionary,Miscellaneous manufacturing industries
FBIO,Fortress Biotech Inc. Common Stock,$2.39,0.01,0.42%,79393582,United States,,38305,Health Care,Biotechnology: Pharmaceutical Preparations
FBIOP,Fortress Biotech Inc. 9.375% Series A Cumulative Redeemable Perpetual Preferred Stock,$14.07,-0.01,-0.07%,467392343,United States,,433,Health Care,Biotechnology: Pharmaceutical Preparations
FBIZ,First Business Financial Services Inc. Common Stock,$56.01,0.47,0.85%,468364918,United States,,1737,Finance,Major Banks
FBLA,FB Bancorp Inc. Common Stock,$13.9463,0.0763,0.55%,248550247,United States,2024,5348,Finance,Banks
FBLG,FibroBiologics Inc. Common Stock,$1.38,0,0.00%,7188303,United States,,54051,Health Care,Biotechnology: Pharmaceutical Preparations
FBNC,First Bancorp Common Stock,$57.81,0.47,0.82%,2395047546,United States,1987,18154,Finance,Major Banks
FBRX,Forte Biosciences Inc. Common Stock,$27.66,-0.85,-2.98%,566444078,United States,2017,7924,Health Care,Biotechnology: Pharmaceutical Preparations
FBYD,Falcon's Beyond Global Inc. Class A Common Stock,$13.33,-0.245,-1.81%,1616158686,United States,,10037,Consumer Discretionary,Services-Misc. Amusement & Recreation
FBYDW,Falcon's Beyond Global Inc. Warrants,$2.54,0,0.00%,307955218,United States,,11,Consumer Discretionary,Services-Misc. Amusement & Recreation
FCAP,First Capital Inc. Common Stock,$53.30,0,0.00%,178316802,United States,,69,Finance,Savings Institutions
FCBC,First Community Bankshares Inc. (VA) Common Stock,$42.905,0.635,1.50%,818414076,United States,,12520,Finance,Major Banks
FCCO,First Community Corporation Common Stock,$29.79,0.34,1.15%,279550701,United States,,4779,Finance,Major Banks
FCEL,FuelCell Energy Inc. Common Stock,$13.51,0.49,3.76%,644103341,United States,,3766809,Energy,Industrial Machinery/Components
FCFS,FirstCash Holdings Inc. Common Stock,$225.08,3.57,1.61%,9866761510,United States,1991,62925,Consumer Discretionary,Other Specialty Stores
FCHL,Fitness Champs Holdings Limited Common Stock,$2.9501,-0.1299,-4.22%,3690717,Singapore,2025,107053,Consumer Discretionary,Services-Misc. Amusement & Recreation
FCNCA,First Citizens BancShares Inc. Class A Common Stock,$1967.7504,13.3004,0.68%,23284595129,United States,,5370,Finance,Major Banks
FCNCN,First Citizens BancShares Inc. Depositary Shares each representing a 1/40th interest in a share of 6.625% Non-Cumulative Perpetual Preferred Stock Series E,$25.19,-0.01,-0.04%,298075890,United States,,337,Finance,Major Banks
FCNCO,First Citizens BancShares Inc. 5.625% Non-Cumulative Perpetual Preferred Stock Series C,$21.4303,0.0003,0.00%,253586969,United States,,10134,Finance,Major Banks
FCNCP,First Citizens BancShares Inc. Depositary Shares,$21.13,0,0.00%,250033488,United States,,5,Finance,Major Banks
FCUV,Focus Universal Inc. Common Stock,$1.23,0.06,5.13%,1990893,United States,,73177,Industrials,Industrial Machinery/Components
FDBC,Fidelity D & D Bancorp Inc. Common Stock,$46.19,0.73,1.61%,271539786,United States,,922,Finance,Major Banks
FDMT,4D Molecular Therapeutics Inc. Common Stock,$9.64,0.2,2.12%,503928445,United States,2020,75493,Health Care,Biotechnology: Biological Products (No Diagnostic Substances)
FDSB,Fifth District Bancorp Inc. Common Stock,$15.145,0.025,0.17%,80174616,United States,2024,869,Finance,Savings Institutions
FDUS,Fidus Investment Corporation Common Stock,$18.975,-0.215,-1.12%,720184057,United States,2011,27121,Finance,Finance/Investors Services
FEAM,5E Advanced Materials Inc. Common Stock,$1.82,0.13,7.69%,75551627,United States,,61332,Industrials,Mining & Quarrying of Nonmetallic Minerals (No Fuels)
FEBO,Fenbo Holdings Limited Class A Ordinary Shares,$1.16,0,0.00%,12832500,Hong Kong,2023,573,Consumer Discretionary,Home Furnishings
FEED,ENvue Medical Inc. Common Stock,$1.1297,-0.0103,-0.90%,4180916,United States,,17120,Health Care,Industrial Specialties
FEIM,Frequency Electronics Inc. Common Stock,$56.75,3.81,7.20%,558529357,United States,,38626,Industrials,Electrical Products
FELE,Franklin Electric Co. Inc. Common Stock,$100.19,1.3,1.32%,4426617824,United States,,7847,Consumer Discretionary,Metal Fabrications
FEMY,Femasys Inc. Common Stock,$0.3929,0.021,5.65%,23727501,United States,2021,151688,Health Care,Medical/Dental Instruments
FENC,Fennec Pharmaceuticals Inc. Common Stock,$6.73,0.08,1.20%,233616848,United States,,1535,Health Care,Biotechnology: Biological Products (No Diagnostic Substances)
FER,Ferrovial N.V. Ordinary Shares,$69.50,1.65,2.43%,50002313764,Netherlands,,275941,Industrials,Military/Government/Technical
FERA,Fifth Era Acquisition Corp I Class A Ordinary Shares,$10.3675,0.0075,0.07%,0,Cayman Islands,2025,2394,,
FERAR,Fifth Era Acquisition Corp I Rights,$0.30,0,0.00%,0,Cayman Islands,2025,25000,,
FFAI,Faraday Future Intelligent Electric Inc. Class A Common Stock,$0.3787,-0.0173,-4.37%,117120018,United States,2020,3990398,Industrials,Auto Manufacturing
FFAIW,Faraday Future Intelligent Electric Inc. Warrant,$0.0149,-0.0005,-3.25%,4608102,United States,2020,2101,Industrials,Auto Manufacturing
FFBC,First Financial Bancorp. Common Stock,$30.27,0.26,0.87%,3175996477,United States,,52748,Finance,Major Banks
FFIC,Flushing Financial Corporation Common Stock,$16.035,0.405,2.59%,543323943,United States,,26920,Finance,Major Banks
FFIN,First Financial Bankshares Inc. Common Stock,$32.1751,0.3851,1.21%,4608394592,United States,,39919,Finance,Major Banks
FFIV,F5 Inc. Common Stock,$336.1501,6.2201,1.89%,18998959271,United States,1999,62376,Telecommunications,Computer Communications Equipment
FGBI,First Guaranty Bancshares Inc. Common Stock,$9.10,0.1,1.11%,143720240,United States,,8466,Finance,Savings Institutions
FGBIP,First Guaranty Bancshares Inc. 6.75% Series A Fixed-Rate Non-Cumulative Perpetual Preferred Stock,$19.49,0.19,0.98%,307814009,United States,,3193,Finance,Savings Institutions
FGI,FGI Industries Ltd. Ordinary Shares,$7.455,0.09,1.22%,14368215,United States,2022,18762,Industrials,Industrial Specialties
FGII,FG Imperii Acquisition Corp. Class A Ordinary Shares,$9.89,0,0.00%,0,United States,2026,10,Finance,Blank Checks
FGIIU,FG Imperii Acquisition Corp. Units,$9.97,0,0.00%,0,United States,2026,213,Finance,Blank Checks
FGIWW,FGI Industries Ltd. Warrant,$0.0621,0,0.00%,119687,United States,2022,1,Industrials,Industrial Specialties
FGL,Founder Group Limited Class A Ordinary Shares,$2.125,-0.275,-11.46%,2013561,Malaysia,2024,30010,Consumer Discretionary,Engineering & Construction
FGMC,FG Merger II Corp. Common stock,$10.18,0.01,0.10%,104247252,United States,2025,22264,,
FGMCR,FG Merger II Corp. Rights,$0.58,0,0.00%,0,United States,2025,2,,
FGNX,FG Nexus Inc. Common Stock ,$6.225,0.185,3.06%,40650539,United States,2014,6087,Finance,Property-Casualty Insurers
FGNXP,FG Nexus Inc. 8.00% Cumulative Preferred Stock,$25.15,0,0.00%,164234706,United States,,3,Finance,Property-Casualty Insurers
FHB,First Hawaiian Inc. Common Stock,$27.235,0.035,0.13%,3341441887,United States,2016,719542,Finance,Major Banks
FHTX,Foghorn Therapeutics Inc. Common Stock,$4.80,0.12,2.56%,281826826,United States,2020,6121,Health Care,Biotechnology: Pharmaceutical Preparations
FIBK,First Interstate BancSystem Inc. Common Stock (DE),$35.55,0.56,1.60%,3466701585,United States,2010,90503,Finance,Major Banks
FIEE,FiEE Inc Common Stock,$6.94,0,0.00%,57800470,United States,,74,Utilities,Telecommunications Equipment
FIGR,Figure Technology Solutions Inc. Class A Common Stock,$37.89,1.85,5.13%,8318979227,U.S. Virgin Islands,2025,1429283,Finance,Finance: Consumer Services
FIGX,FIGX Capital Acquisition Corp. Class A Ordinary Share,$10.19,0,0.00%,0,United States,2025,59,,
FIGXU,FIGX Capital Acquisition Corp. Units,$10.19,0,0.00%,0,United States,2025,10,Finance,Blank Checks
FINW,FinWise Bancorp Common Stock,$14.13,0.17,1.22%,193666331,United States,2021,649,Finance,Major Banks
FIP,FTAI Infrastructure Inc. Common Stock ,$5.39,0.09,1.70%,636901561,United States,,123509,Energy,Oil Refining/Marketing
FISI,Financial Institutions Inc. Common Stock,$34.00,0.08,0.24%,669282384,United States,1999,2638,Finance,Major Banks
FISV,Fiserv Inc. Common Stock,$58.09,-4.72,-7.52%,30961910690,United States,1986,5142552,Real Estate,Real Estate
FITB,Fifth Third Bancorp Common Stock,$49.785,0.385,0.78%,45083478748,United States,,418945,Finance,Major Banks
FITBI,Fifth Third Bancorp Depositary Shares,$25.4191,0.0491,0.19%,23018609112,United States,,3528,Finance,Major Banks
FITBM,Fifth Third Bancorp Depositary Shares Representing a 1/40th Ownership Interest in a Share of 6.875% Fixed-Rate Reset Non-Cumulative Perpetual Preferred Stock Series M,$25.6275,-0.1525,-0.59%,23207328545,United States,,1391,Finance,Major Banks
FITBO,Fifth Third Bancorp Depositary Shares each representing a 1/1000th ownership interest in a share of Non-Cumulative Perpetual Preferred Stock Series K,$19.2094,0.1094,0.57%,17395331458,United States,,1803,Finance,Major Banks
FITBP,Fifth Third Bancorp Depositary Shares each representing 1/40th share of Fifth Third 6.00% Non-Cumulative Perpetual Class B Preferred Stock Series A,$23.505,0.035,0.15%,21285270020,United States,,828,Finance,Major Banks
FIVE,Five Below Inc. Common Stock,$231.34,0.24,0.10%,12791928875,United States,2012,112019,Consumer Discretionary,Department/Specialty Retail Stores
FIVN,Five9 Inc. Common Stock,$25.09,1.75,7.50%,1920990459,United States,2014,1890894,Technology,EDP Services
FIZZ,National Beverage Corp. Common Stock,$35.17,0.44,1.27%,3293041027,United States,,18467,Consumer Staples,Beverages (Production/Distribution)
FKWL,Franklin Wireless Corp. Common Stock,$3.74,0.12,3.32%,44073207,United States,,114,Utilities,Telecommunications Equipment
FLD,Fold Holdings Inc. Class A Common Stock,$1.37,0.03,2.24%,68799374,United States,2025,22865,Finance,Finance: Consumer Services
FLDDW,Fold Holdings Inc. Warrant,$0.164,-0.0009,-0.55%,8235837,United States,2025,541,Finance,Finance: Consumer Services
FLEX,Flex Ltd. Ordinary Shares,$93.5408,1.7008,1.85%,34392512990,Singapore,1994,394642,Technology,Electrical Products
FLGT,Fulgent Genetics Inc. Common Stock,$14.63,-0.49,-3.24%,415501114,United States,2016,150893,Health Care,Medical Specialities
FLL,Full House Resorts Inc. Common Stock,$2.54,0.03,1.20%,91928513,United States,,3811,Consumer Discretionary,Hotels/Resorts
FLNA,Filana Therapeutics Inc. Common Stock,$1.405,0.005,0.36%,67872594,United States,,117012,Health Care,Biotechnology: Pharmaceutical Preparations
FLNC,Fluence Energy Inc. Class A Common Stock,$12.67,0.34,2.76%,2330459909,United States,2021,1073795,Miscellaneous,Industrial Machinery/Components
FLNT,Fluent Inc. Common Stock,$3.05,0,0.00%,90937922,United States,,422,Consumer Discretionary,Advertising
FLUX,Flux Power Holdings Inc. Common Stock,$1.30,0,0.00%,27742176,United States,,14421,Miscellaneous,Industrial Machinery/Components
FLWS,1-800-FLOWERS.COM Inc. Common Stock,$3.555,-0.075,-2.07%,227753937,United States,1999,141741,Consumer Discretionary,Other Specialty Stores
FLX,BingEx Limited American Depositary Shares,$2.7918,0.1118,4.17%,204164083,China,2024,30864,Industrials,Trucking Freight/Courier Services
FLXS,Flexsteel Industries Inc. Common Stock,$56.25,1.81,3.33%,301248619,United States,,11449,Consumer Discretionary,Home Furnishings
FLY,Firefly Aerospace Inc. Common Stock,$32.6001,-0.7699,-2.31%,5214463811,United States,2025,4215735,Industrials,Military/Government/Technical
FLYE,Fly-E Group Inc. Common Stock,$2.01,0.025,1.26%,3281096,United States,2024,2414,Industrials,Aerospace
FLYW,Flywire Corporation Voting Common Stock,$14.26,0.04,0.28%,1732093681,United States,2021,416982,Real Estate,Real Estate
FMACU,Future Money Acquisition Corporation Units,$10.015,-0.005,-0.05%,0,United States,2026,57176,Finance,Blank Checks
FMAO,Farmers & Merchants Bancorp Inc. Common Stock,$26.88,0.43,1.63%,370088893,United States,,50802,Finance,Savings Institutions
FMBH,First Mid Bancshares Inc. Common Stock,$43.44,0.38,0.88%,1156473146,United States,,11911,Finance,Major Banks
FMFC,Kandal M Venture Limited Class A Ordinary Shares,$0.375,0,0.00%,7170000,Cambodia,2025,6369,Consumer Discretionary,Apparel
FMNB,Farmers National Banc Corp. Common Stock,$14.16,0.2,1.43%,534380827,United States,,23427,Finance,Major Banks
FMST,Foremost Clean Energy Ltd. Common Shares,$1.5456,-0.0044,-0.28%,25166098,Canada,,19657,Basic Materials,Other Metals and Minerals
FMSTW,Foremost Clean Energy Ltd. Warrant,$0.97,0.13,15.48%,15793941,Canada,,100,Basic Materials,Other Metals and Minerals
FNGR,FingerMotion Inc. Common Stock,$0.9768,-0.0098,-0.99%,59859582,United States,,32154,Technology,Computer Software: Prepackaged Software
FNKO,Funko Inc. Class A Common Stock,$4.36,0.08,1.87%,243840582,United States,2017,44483,Consumer Discretionary,Recreational Games/Products/Toys
FNLC,First Bancorp Inc  (ME) Common Stock,$28.91,0.5,1.76%,325824922,United States,,1424,Finance,Major Banks
FNRN,First Northern Community Bancorp Common stock,$17.14,0.1,0.59%,281261572,United States,,3258,Finance,Savings Institutions
FNUC,Frontier Nuclear and Minerals Inc. Common Shares,$2.13,0.02,0.95%,38395953,Canada,2021,56335,Basic Materials,Other Metals and Minerals
FNWB,First Northwest Bancorp Common Stock,$10.06,0.14,1.41%,95562958,United States,2015,443,Finance,Banks
FNWD,Finward Bancorp Common Stock,$30.08,-0.26,-0.86%,130261019,United States,,640,Finance,Major Banks
FOFO,Hang Feng Technology Innovation Co. Ltd. Ordinary Shares,$2.45,-0.21,-7.90%,18549141,Hong Kong,2025,15246,Consumer Discretionary,Professional Services
FONR,Fonar Corporation Common Stock,$18.915,-0.005,-0.03%,124000441,United States,1981,2376,Health Care,Biotechnology: Electromedical & Electrotherapeutic Apparatus
FORA,Forian Inc. Common Stock,$2.155,0.005,0.23%,67254858,United States,,397,Technology,EDP Services
FORM,FormFactor Inc. FormFactor Inc. Common Stock,$138.41,4.04,3.01%,10789674040,United States,2003,367689,Technology,Semiconductors
FORR,Forrester Research Inc. Common Stock,$6.00,-0.22,-3.54%,115055358,United States,1996,2777,Industrials,Diversified Commercial Services
FORTY,Formula Systems (1985) Ltd. American Depositary Shares,$142.14,9.66,7.29%,2177253187,Israel,,173,Technology,EDP Services
FOSL,Fossil Group Inc. Common Stock,$4.26,-0.08,-1.84%,248594277,United States,1993,80573,Consumer Discretionary,Consumer Specialties
FOX,Fox Corporation Class B Common Stock,$55.56,-0.51,-0.91%,23635006094,United States,,89325,Industrials,Broadcasting
FOXA,Fox Corporation Class A Common Stock,$61.69,-0.67,-1.07%,26242684052,United States,,238973,Industrials,Broadcasting
FOXF,Fox Factory Holding Corp. Common Stock,$17.03,0.19,1.13%,714112076,United States,2013,26866,Consumer Discretionary,Motor Vehicles
FOXX,Foxx Development Holdings Inc. Common Stock,$4.69,0,0.00%,32854346,United States,,509,Telecommunications,Computer Communications Equipment
FOXXW,Foxx Development Holdings Inc. Warrant,$0.0872,0,0.00%,610853,United States,,2000,Telecommunications,Computer Communications Equipment
FRAF,Franklin Financial Services Corporation Common Stock,$57.26,1.14,2.03%,257207797,United States,,8640,Finance,Major Banks
FRBA,First Bank Common Stock,$14.945,0.365,2.50%,375633653,United States,2013,5451,Finance,Commercial Banks
FRD,Friedman Industries Inc. Common Stock,$20.385,-0.075,-0.37%,144981830,United States,,3135,Industrials,Steel/Iron Ore
FRGT,Freight Technologies Inc. Ordinary Shares,$0.7415,-0.001,-0.14%,1159888,United States,2017,10495,Consumer Discretionary,Professional Services
FRHC,Freedom Holding Corp. Common Stock,$138.90,-1.74,-1.24%,8499365312,Kazakhstan,,8622,Finance,Investment Bankers/Brokers/Service
FRME,First Merchants Corporation Common Stock,$40.57,0.55,1.37%,2556832602,United States,,18894,Finance,Major Banks
FRMEP,First Merchants Corporation Depository Shares,$25.70,0.25,0.98%,1619684444,United States,,1994,Finance,Major Banks
FRMI,Fermi Inc. Common Stock,$4.85,-0.22,-4.34%,3054722982,United States,2025,3917369,Real Estate,Real Estate Investment Trusts
FRMM,Forum Markets Incorporated Common Stock,$5.305,-0.185,-3.37%,107761054,United States,2017,98066,Health Care,Biotechnology: Pharmaceutical Preparations
FROG,JFrog Ltd. Ordinary Shares,$53.76,1.18,2.24%,6513349409,United States,2020,361277,Technology,Computer Software: Prepackaged Software
FRPH,FRP Holdings Inc. Common Stock,$21.04,0.14,0.67%,403333328,United States,,4059,Finance,Real Estate
FRPT,Freshpet Inc. Common Stock,$61.06,-2.5,-3.93%,3000641600,United States,2014,168185,Consumer Staples,Packaged Foods
FRSH,Freshworks Inc. Class A Common Stock,$8.79,-0.19,-2.12%,2452016296,United States,2021,1072707,Technology,Computer Software: Prepackaged Software
FRST,Primis Financial Corp. Common Stock,$14.61,0.12,0.83%,361919972,United States,2006,23314,Finance,Major Banks
FRSX,Foresight Autonomous Holdings Ltd. American Depositary Shares,$2.02,-0.02,-0.98%,4841488,Israel,,40841,Technology,Computer Software: Prepackaged Software
FSBC,Five Star Bancorp Common Stock,$40.71,0.26,0.64%,870223189,United States,2021,4626,Finance,Major Banks
FSBW,FS Bancorp Inc. Common Stock,$40.30,0,0.00%,302312143,United States,2012,105,Finance,Banks
FSEA,First Seacoast Bancorp Inc. Common Stock,$16.68,4.94,42.08%,78298405,United States,2019,128236,Finance,Savings Institutions
FSHP,Flag Ship Acquisition Corp. Ordinary Shares,$10.97,0,0.00%,0,United States,2024,2,,
FSHPR,Flag Ship Acquisition Corp. Right,$0.0808,-0.0292,-26.55%,0,United States,2024,54258,,
FSLR,First Solar Inc. Common Stock,$217.50,6.11,2.89%,23371106453,United States,2006,463761,Technology,Semiconductors
FSLY,Fastly Inc. Class A Common Stock,$31.4499,3.9599,14.41%,4917756139,United States,,4916809,Technology,Computer Software: Prepackaged Software
FSTR,L.B. Foster Company Common Stock,$38.91,2.31,6.31%,406943776,United States,,80771,Industrials,Metal Fabrications
FSUN,FirstSun Capital Bancorp Common Stock,$36.005,0.165,0.46%,1588608469,United States,,10665,Finance,Major Banks
FSV,FirstService Corporation Common Shares,$126.17,-1.84,-1.44%,5798995385,Canada,,29446,Finance,Real Estate
FTAI,FTAI Aviation Ltd. Common Stock,$244.74,4.73,1.97%,25106156567,United States,,198576,Industrials,Misc Corporate Leasing Services
FTAIM,FTAI Aviation Ltd. 9.500% Fixed-Rate Reset Series D Cumulative Perpetual Redeemable Preferred Shares,$27.305,0,0.00%,2801028050,United States,,14,Industrials,Misc Corporate Leasing Services
FTAIN,FTAI Aviation Ltd. 8.25% Fixed - Rate Reset Series C Cumulative Perpetual Redeemable Preferred Shares,$25.385,-0.015,-0.06%,2604068744,United States,,528,Industrials,Misc Corporate Leasing Services
FTCI,FTC Solar Inc. Common Stock,$3.685,-1.48,-28.65%,57431455,United States,2021,339499,Technology,Semiconductors
FTDR,Frontdoor Inc. Common Stock,$65.0401,1.2101,1.90%,4568086350,United States,,43849,Consumer Discretionary,Diversified Commercial Services
FTEK,Fuel Tech Inc. Common Stock,$1.585,-0.045,-2.76%,49382976,United States,,51239,Industrials,Pollution Control Equipment
FTFT,Future FinTech Group Inc. Common Stock,$1.53,-0.02,-1.29%,8018032,China,,3000,Real Estate,Real Estate
FTHAU,Forefront Tech Holdings Acquisition Corp Unit,$10.00,0.02,0.20%,0,Cayman Islands,2026,15105,,
FTHM,Fathom Holdings Inc. Common Stock,$0.90,0.0225,2.56%,29504128,United States,2020,36560,Finance,Real Estate
FTLF,FitLife Brands Inc. Common Stock,$9.495,-0.155,-1.61%,89168229,United States,,4031,Health Care, Medicinal Chemicals and Botanical Products 
FTNT,Fortinet Inc. Common Stock,$89.61,0.37,0.42%,65603664432,United States,2009,530920,Technology,Computer peripheral equipment
FTRE,Fortrea Holdings Inc. Common Stock,$14.31,2.06,16.82%,1353507486,United States,,858309,Health Care,Medical Specialities
FTRK,FAST TRACK GROUP Ordinary shares,$0.3386,-0.0414,-10.90%,7385713,Singapore,2025,1627,Consumer Discretionary,Package Goods/Cosmetics
FUFU,BitFuFu Inc. Class A Ordinary Shares,$2.15,-0.01,-0.46%,358305236,Singapore,,34699,Finance,Finance: Consumer Services
FULC,Fulcrum Therapeutics Inc. Common Stock,$7.11,0.09,1.28%,473583563,United States,2019,50034,Health Care,Biotechnology: Pharmaceutical Preparations
FULT,Fulton Financial Corporation Common Stock,$21.505,0.305,1.44%,3867901386,United States,,195707,Finance,Major Banks
FULTP,Fulton Financial Corporation Depositary Shares Each Representing a 1/40th Interest in a Share of Fixed Rate Non-Cumulative Perpetual Preferred Stock Series A,$18.53,0.06,0.33%,3332816214,United States,,3403,Finance,Major Banks
FUNC,First United Corporation Common Stock,$37.01,0,0.00%,240616148,United States,,515,Finance,Major Banks
FUND,Sprott Focus Trust Inc. Common Stock,$10.105,0.095,0.95%,299447093,United States,,361,Finance,Investment Managers
FUSB,First US Bancshares Inc. Common Stock,$16.00,0,0.00%,90402512,United States,,30,Finance,Major Banks
FUSE,Fusemachines Inc. Common stock,$1.625,0.005,0.31%,47026265,United States,,43572,Technology,EDP Services
FUSEW,Fusemachines Inc. Warrants,$0.11,0,0.00%,3183316,United States,,6000,Technology,EDP Services
FUTU,Futu Holdings Limited American Depositary Shares,$156.18,0.14,0.09%,21891379985,Hong Kong,2019,198449,Finance,Investment Bankers/Brokers/Service
FVAV,Fortress Value Acquisition Corp. V Class A Ordinary Shares,$10.10,0,0.00%,0,United States,2026,127,,
FVCB,FVCBankcorp Inc. Common Stock,$15.795,0.115,0.73%,283937649,United States,,20317,Finance,Major Banks
FVN,Future Vision II Acquisition Corporation Ordinary shares,$10.81,-0.01,-0.09%,0,China,2024,191,,
FWDI,Forward Industries Inc. Common Stock,$4.59,0.1,2.23%,381608180,United States,,137892,Industrials,Plastic Products
FWONA,Liberty Media Corporation Series A Liberty Formula One Common Stock,$80.69,-0.51,-0.63%,20210809756,United States,,8032,Industrials,Broadcasting
FWONK,Liberty Media Corporation Series C Liberty Formula One Common Stock,$87.745,-0.425,-0.48%,21977909308,United States,,69595,Industrials,Broadcasting
FWRD,Forward Air Corporation Common Stock,$16.54,0.32,1.97%,536701696,United States,,192748,Industrials,Integrated Freight & Logistics
FWRG,First Watch Restaurant Group Inc. Common Stock,$12.935,0.725,5.94%,797121380,United States,2021,238536,Consumer Discretionary,Restaurants
FXNC,First National Corporation Common Stock,$27.10,0.25,0.93%,245010206,United States,,11957,Finance,Major Banks
GABC,German American Bancorp Inc. Common Stock,$43.32,0.64,1.50%,1627773043,United States,,11437,Finance,Major Banks
GAIA,Gaia Inc. Class A Common Stock,$2.80,-0.32,-10.26%,69938042,United States,1999,34100,Consumer Discretionary,Movies/Entertainment
GAIN,Gladstone Investment Corporation Business Development Company,$16.63,-0.2,-1.19%,662239311,United States,2005,47915,Finance,Finance: Consumer Services
GAING,Gladstone Investment Corporation 7.125% Notes due 2031,$25.38,0,0.00%,0,United States,,45,Finance,Finance: Consumer Services
GAINI,Gladstone Investment Corporation 7.875% Notes due 2030,$25.48,0.01,0.04%,0,United States,,1110,Finance,Finance: Consumer Services
GAINZ,Gladstone Investment Corporation 4.875% Notes due 2028,$24.07,-0.01,-0.04%,919936866,United States,,1002,Finance,Finance: Consumer Services
GALT,Galectin Therapeutics Inc. Common Stock,$2.26,-0.03,-1.31%,148770032,United States,,127180,Health Care,Biotechnology: Pharmaceutical Preparations
GAMB,Gambling.com Group Limited Ordinary Shares,$3.95,-0.05,-1.25%,138633901,Jersey,2021,50781,Consumer Discretionary,Services-Misc. Amusement & Recreation
GAME,GameSquare Holdings Inc. Common Stock,$0.4549,-0.0151,-3.21%,42519601,United States,,992765,Consumer Discretionary,Services-Misc. Amusement & Recreation
GANX,Gain Therapeutics Inc. Common Stock,$1.89,-0.01,-0.53%,80616132,United States,2021,84474,Health Care,Biotechnology: Pharmaceutical Preparations
GASS,StealthGas Inc. Common Stock,$10.085,-0.015,-0.15%,375017643,Greece,2005,20764,Consumer Discretionary,Marine Transportation
GAUZ,Gauzy Ltd. Ordinary Shares,$0.5549,0.0345,6.63%,10399987,Israel,2024,30765,Miscellaneous,Industrial Machinery/Components
GBDC,Golub Capital BDC Inc. Common Stock,$13.245,-0.435,-3.18%,3486457257,United States,2010,612961,Finance,Finance: Consumer Services
GBFH,GBank Financial Holdings Inc. Common Stock,$29.175,0.615,2.15%,415389099,United States,,2063,Finance,Commercial Banks
GBLI,Global Indemnity Group LLC Class A Common Stock ,$27.935,0,0.00%,400139655,United States,,382,Finance,Property-Casualty Insurers
GCBC,Greene County Bancorp Inc. Common Stock,$23.60,-0.2,-0.84%,401833141,United States,,1411,Finance,Banks
GCGRU,General Catalyst Global Resilience Merger Corp. Units,$10.0607,-0.0093,-0.09%,0,United States,2026,57368,,
GCL,GCL Global Holdings Ltd Ordinary Shares,$0.4984,-0.0114,-2.24%,62957003,Singapore,,3471,Technology,Computer Software: Prepackaged Software
GCMG,GCM Grosvenor Inc. Class A Common Stock,$11.20,0.14,1.27%,2252140811,United States,,18755,Finance,Investment Managers
GCT,GigaCloud Technology Inc Class A Ordinary Shares,$43.83,0.07,0.16%,1604726839,United States,2022,139467,Consumer Discretionary,Catalog/Specialty Distribution
GCTK,GlucoTrack Inc. Common Stock,$0.70,-0.036,-4.89%,1360995,United States,,106407,Health Care,Medical/Dental Instruments
GDC,GD Culture Group Limited Common Stock,$4.98,0.08,1.63%,302583361,United States,2015,509830,Industrials,Steel/Iron Ore
GDEV,GDEV Inc. Ordinary Shares,$16.05,0.525,3.38%,291315348,Cyprus,,526,Technology,EDP Services
GDHG,Golden Heaven Group Holdings Ltd. Class A Ordinary Shares,$1.44,-0.2375,-14.16%,28846217,China,2023,5179,Consumer Discretionary,Services-Misc. Amusement & Recreation
GDRX,GoodRx Holdings Inc. Class A Common Stock,$2.49,-0.01,-0.40%,843301679,United States,2020,300450,Technology,EDP Services
GDS,GDS Holdings Limited ADS,$44.62,1.55,3.60%,8940849092,China,2016,224665,Technology,Computer Software: Programming Data Processing
GDTC,CytoMed Therapeutics Limited Ordinary Shares,$0.9001,-0.0969,-9.72%,10646774,Singapore,2023,7607,Health Care,Biotechnology: Pharmaceutical Preparations
GDYN,Grid Dynamics Holdings Inc. Class A Common Stock,$5.875,0.035,0.60%,491303067,United States,2018,188066,Technology,Computer Software: Prepackaged Software
GECC,Great Elm Capital Corp. Common Stock,$5.59,0.06,1.09%,42494956,United States,,56093,Finance,Finance: Consumer Services
GECCG,Great Elm Capital Corp. 7.75% Notes Due 2030,$25.15,0,0.00%,0,United States,,1,Finance,Finance: Consumer Services
GECCH,Great Elm Capital Corp. 8.125% Notes Due 2029,$25.60,0,0.00%,0,United States,,2,,
GECCI,Great Elm Capital Corp. 8.50% NOTES DUE 2029,$25.25,0,0.00%,0,United States,,27,Finance,Finance Companies
GECCO,Great Elm Capital Corp. 5.875% Notes due 2026,$25.15,0.01,0.04%,0,United States,,970,Finance,Finance Companies
GEG,Great Elm Group Inc. Common Stock,$2.12,0.06,2.91%,69418452,United States,,787,Technology,Computer Software: Prepackaged Software
GEGGL,Great Elm Group Inc.  7.25% Notes due 2027,$24.50,0.02,0.08%,710421282,United States,,3600,Technology,Computer Software: Prepackaged Software
GEHC,GE HealthCare Technologies Inc. Common Stock ,$60.90,-0.1,-0.16%,27702909767,United States,,1487345,Health Care,Medical Electronics
GELS,Gelteq Limited Ordinary Shares,$0.6069,0.0069,1.15%,6500542,Australia,2024,2598,Health Care,Biotechnology: Pharmaceutical Preparations
GEMI,Gemini Space Station Inc. Class A Common Stock,$4.83,0.13,2.77%,575381618,United States,2025,420247,Finance,Investment Bankers/Brokers/Service
GEN,Gen Digital Inc. Common Stock,$19.35,-0.28,-1.43%,11719594027,United States,,815759,Technology,Computer Software: Prepackaged Software
GENB,Generate Biomedicines Inc. Common Stock,$15.09,0.63,4.36%,1923223533,United States,2026,33575,Health Care,Biotechnology: Pharmaceutical Preparations
GENK,GEN Restaurant Group Inc. Class A Common Stock,$1.73,-0.02,-1.14%,57028789,United States,2023,1330,Consumer Discretionary,Restaurants
GENVR,Gen Digital Inc. Contingent Value Rights,$0.41,-0.0003,-0.07%,248322147,United States,,5719,Technology,Computer Software: Prepackaged Software
GEOS,Geospace Technologies Corporation Common Stock (Texas),$9.095,-0.065,-0.71%,117215614,United States,,44436,Industrials,Industrial Machinery/Components
GERN,Geron Corporation Common Stock,$1.6045,0.0345,2.20%,1028324579,United States,1996,1301080,Health Care,Biotechnology: Pharmaceutical Preparations
GEVO,Gevo Inc. Common Stock,$2.095,0.025,1.21%,508838613,United States,2011,480706,Industrials,Major Chemicals
GFAI,Guardforce AI Co. Limited Ordinary Shares,$0.52,-0.031,-5.63%,16250217,Singapore,,184945,Consumer Discretionary,Diversified Commercial Services
GFAIW,Guardforce AI Co. Limited Warrant,$0.07,0,0.00%,2187529,Singapore,,14,Consumer Discretionary,Diversified Commercial Services
GFS,GlobalFoundries Inc. Ordinary Shares,$70.625,2.875,4.24%,39296968705,United States,2021,2636633,Technology,Semiconductors
GGAL,Grupo Financiero Galicia S.A. American Depositary Shares,$40.28,-0.13,-0.32%,6469990024,Argentina,,150395,Finance,Commercial Banks
GGR,Gogoro Inc. Ordinary Shares,$4.14,0,0.00%,61162344,Taiwan,,402,Industrials,Auto Manufacturing
GGROW,Gogoro Inc. Warrant,$0.0066,0,0.00%,97505,Taiwan,,10001,Industrials,Auto Manufacturing
GGRP,The Glimpse Group Inc. Common Stock,$0.5233,-0.0213,-3.91%,11029336,United States,2021,12786,Technology,EDP Services
GH,Guardant Health Inc. Common Stock,$89.88,-1.29,-1.42%,11915699349,United States,2018,158394,Health Care,Medical Specialities
GHRS,GH Research PLC Ordinary Shares,$21.22,-0.47,-2.17%,1454783232,Ireland,2021,11810,Health Care,Biotechnology: Pharmaceutical Preparations
GIBO,GIBO Holdings Limited Class A Ordinary Shares,$1.3192,0.0092,0.70%,85903168,Hong Kong,,4106,Technology,Computer Software: Prepackaged Software
GIBOW,GIBO Holdings Limited Warrants,$0.0243,0,0.00%,1582358,Hong Kong,,6,Technology,Computer Software: Prepackaged Software
GIFT,Giftify Inc. Common Stock,$1.05,0.059,5.95%,35324428,United States,,6887,Consumer Discretionary,Catalog/Specialty Distribution
GIG,GigCapital7 Corp. Class A Ordinary Share,$8.62,-2.09,-19.51%,0,United States,2024,19966,Finance,Blank Checks
GIGGU,GigCapital7 Corp. Unit,$11.00,0,0.00%,1714100300,United States,2024,123,Technology,Computer Software: Prepackaged Software
GIGGW,GigCapital7 Corp. Warrant,$0.5261,-0.1039,-16.49%,0,United States,2024,96203,Finance,Blank Checks
GIGM,GigaMedia Limited Ordinary Shares,$1.31,-0.07,-5.07%,14478428,Taiwan,,300,Technology,Computer Software: Programming Data Processing
GIII,G-III Apparel Group LTD. Common Stock,$31.155,0.505,1.65%,1314407236,United States,1989,26572,Consumer Discretionary,Apparel
GILD,Gilead Sciences Inc. Common Stock,$132.375,-0.315,-0.24%,1.64E+11,United States,1992,861246,Health Care,Biotechnology: Biological Products (No Diagnostic Substances)
GILT,Gilat Satellite Networks Ltd. Ordinary Shares,$19.965,1.625,8.86%,1506777477,Israel,,371350,Technology,Radio And Television Broadcasting And Communications Equipment
GIPR,Generation Income Properties Inc. Common Stock,$0.258,-0.0042,-1.60%,1405630,United States,,51163,Real Estate,Real Estate Investment Trusts
GIPRW,Generation Income Properties Inc Warrant,$0.026,0.0004,1.56%,141653,United States,,1784,Real Estate,Real Estate Investment Trusts
GITS,Global Interactive Technologies Inc. Common Stock,$1.5426,0.1126,7.87%,11600910,South Korea,2023,6071,Technology,Computer Software: Programming Data Processing
GIW,GigCapital8 Corp. Class A Ordinary Shares,$10.01,-0.01,-0.10%,0,United States,2025,204,,
GIWWR,GigCapital8 Corp. Rights,$0.2751,0,0.00%,0,United States,2025,6000,,
GIX,GigCapital9 Corp. Class A Ordinary Share,$9.86,-0.0017,-0.02%,0,United States,2026,26169,Finance,Blank Checks
GIXXR,GigCapital9 Corp. Rights,$0.25,-0.01,-3.85%,0,United States,2026,6100,,
GIXXU,GigCapital9 Corp. Units,$10.11,0,0.00%,0,United States,2026,12,Finance,Blank Checks
GLAD,Gladstone Capital Corporation Common Stock,$19.28,-0.08,-0.41%,435594370,United States,2001,20679,Consumer Discretionary,Textiles
GLBE,Global-E Online Ltd. Ordinary Shares,$32.20,-0.2,-0.62%,5395698874,Israel,2021,286924,Technology,Computer Software: Prepackaged Software
GLBS,Globus Maritime Limited Common Stock,$2.12,0.01,0.47%,45754478,Greece,,2533,Consumer Discretionary,Marine Transportation
GLE,Global Engine Group Holding Limited Class A Ordinary Shares,$0.3512,-0.0009,-0.26%,6426960,Hong Kong,2024,12962,Technology,EDP Services
GLIBA,GCI Liberty Inc. Series A GCI Group Common Stock,$33.72,-0.15,-0.44%,1342347644,United States,,1072,Telecommunications,Cable & Other Pay Television Services
GLIBK,GCI Liberty Inc. Series C GCI Group Common Stock,$33.61,0.18,0.54%,1337968693,United States,,20460,Telecommunications,Cable & Other Pay Television Services
GLMD,Galmed Pharmaceuticals Ltd. Ordinary Shares,$0.58,-0.0084,-1.43%,3827799,Israel,2014,11627,Health Care,Biotechnology: Pharmaceutical Preparations
GLND,Greenland Energy Company Common Stock,$2.97,0.12,4.21%,129656039,United States,,510072,Energy,Oil & Gas Production
GLNDW,Greenland Energy Company Warrant,$0.9299,0.0402,4.52%,40595000,United States,,45931,Energy,Oil & Gas Production
GLNG,Golar Lng Ltd,$56.87,0.47,0.83%,5777381671,Bermuda,,261682,Consumer Discretionary,Marine Transportation
GLOO,Gloo Holdings Inc. Class A Common Stock,$6.9401,-0.0299,-0.43%,561253688,United States,2025,8216,Technology,EDP Services
GLPG,Galapagos NV American Depositary Shares,$28.38,-0.08,-0.28%,1870158875,Belgium,2015,23377,Health Care,Biotechnology: Pharmaceutical Preparations
GLPI,Gaming and Leisure Properties Inc. Common Stock,$47.575,0.255,0.54%,13483745797,United States,,234745,Real Estate,Real Estate Investment Trusts
GLRE,Greenlight Capital Re Ltd. Class A Ordinary Shares,$17.805,0.235,1.34%,596656393,Cayman Islands,2007,11444,Finance,Property-Casualty Insurers
GLSI,Greenwich LifeSciences Inc. Common Stock,$21.77,-0.21,-0.96%,301613314,United States,2020,44493,Health Care,Biotechnology: Pharmaceutical Preparations
GLUE,Monte Rosa Therapeutics Inc. Common Stock,$19.52,-0.05,-0.26%,1647147825,United States,2021,73847,Health Care,Biotechnology: Biological Products (No Diagnostic Substances)
GLXG,Galaxy Payroll Group Limited Class A Ordinary Shares,$1.0301,-0.0299,-2.82%,6140957,Hong Kong,2024,3213,Industrials,Diversified Commercial Services
GLXY,Galaxy Digital Inc. Class A Common Stock,$30.435,1.265,4.34%,11888225394,United States,,1142049,Finance,Investment Bankers/Brokers/Service
GMAB,Genmab A/S ADS,$27.02,-0.02,-0.07%,17357217842,Denmark,2019,171266,Health Care,Biotechnology: Pharmaceutical Preparations
GMEX,GMEX ROBOTICS CORPORATION Class A Ordinary Shares,$1.94,-0.01,-0.51%,1678769,Australia,2023,809674,Consumer Discretionary,Recreational Games/Products/Toys
GMHS,Gamehaus Holdings Inc. Class A Ordinary Shares,$0.98,0,0.00%,52497971,China,,750,Technology,EDP Services
GMM,Global Mofy AI Limited Class A Ordinary Shares,$1.34,0.11,8.94%,66421192,China,2023,2411,Technology,Computer Software: Programming Data Processing
GNLN,Greenlane Holdings Inc. Class A Common Stock,$4.925,-0.285,-5.47%,3102479,United States,2019,15100,Consumer Discretionary,Durable Goods
GNLX,Genelux Corporation Common Stock,$2.8001,-0.0499,-1.75%,125562765,United States,2023,12958,Health Care,Biotechnology: Pharmaceutical Preparations
GNPX,Genprex Inc. Common Stock,$0.9279,-0.0111,-1.18%,9666305,United States,2018,38438,Health Care,Biotechnology: Pharmaceutical Preparations
GNSS,Genasys Inc. Common Stock,$1.9898,0.0298,1.52%,89963456,United States,,16434,Consumer Staples,Consumer Electronics/Appliances
GNTA,Genenta Science S.p.A. American Depositary Shares,$0.6513,-0.0408,-5.90%,15364831,Italy,2021,35755,Health Care,Biotechnology: Biological Products (No Diagnostic Substances)
GNTX,Gentex Corporation Common Stock,$22.80,0.21,0.93%,4871159557,United States,,160564,Consumer Discretionary,Auto Parts:O.E.M.
GO,Grocery Outlet Holding Corp. Common Stock,$8.05,0.09,1.13%,796327510,United States,2019,348627,Consumer Staples,Food Chains
GOAI,Eva Live Inc. Common Stock,$3.90,0.19,5.12%,122234912,United States,,45558,Technology,Computer Software: Programming Data Processing
GOCO,GoHealth Inc. Class A Common Stock,$1.075,0.005,0.47%,31500180,United States,2020,4850,Finance,Specialty Insurers
GOGO,Gogo Inc. Common Stock,$4.245,-0.105,-2.41%,574087530,United States,2013,134121,Consumer Discretionary,Telecommunications Equipment
GOOD,Gladstone Commercial Corporation Real Estate Investment Trust,$12.80,0.02,0.16%,619609510,United States,2003,74182,Real Estate,Real Estate
GOODN,Gladstone Commercial Corporation 6.625% Series E Cumulative Redeemable Preferred Stock,$22.22,0.015,0.07%,1075603384,United States,,1116,Real Estate,Real Estate
GOODO,Gladstone Commercial Corporation 6.00% Series G Cumulative Redeemable Preferred Stock par value $0.001 per share,$20.15,0.08,0.40%,975400909,United States,,1058,Real Estate,Real Estate
GOOG,Alphabet Inc. Class C Capital Stock,$383.13,3.49,0.92%,4.64E+12,United States,2004,3970889,Technology,Computer Software: Programming Data Processing
GOOGL,Alphabet Inc. Class A Common Stock,$386.76,3.51,0.92%,4.69E+12,United States,2004,6403593,Technology,Computer Software: Programming Data Processing
GOSS,Gossamer Bio Inc. Common Stock,$0.3401,-0.0103,-2.94%,79820205,United States,2019,773563,Health Care,Biotechnology: Pharmaceutical Preparations
GOVX,GeoVax Labs Inc. Common Stock,$1.335,0.065,5.12%,3861581,United States,,62573,Health Care,Biotechnology: Pharmaceutical Preparations
GP,GreenPower Motor Company Inc. Common Shares,$0.9874,-0.0051,-0.51%,4965922,Canada,,6398,Consumer Discretionary,Construction/Ag Equipment/Trucks
GPAC,General Purpose Acquisition Corp. Class A Ordinary Shares,$9.96,0,0.00%,0,United States,2026,11,,
GPACU,General Purpose Acquisition Corp. Units,$10.08,0,0.00%,0,United States,2025,10,,
GPACW,General Purpose Acquisition Corp. Warrant,$0.2751,-0.0001,-0.04%,2741777,United States,2026,526,Industrials,Major Chemicals
GPAT,GP-Act III Acquisition Corp. Class A Ordinary Share,$10.79,0,0.00%,0,United States,2024,1,,
GPCR,Structure Therapeutics Inc. American Depositary Shares,$42.55,-0.49,-1.14%,3024079049,United States,2023,128114,Health Care,Biotechnology: Pharmaceutical Preparations
GPRE,Green Plains Inc. Common Stock,$18.75,0.68,3.76%,1313160750,United States,,382499,Industrials,Major Chemicals
GPRO,GoPro Inc. Class A Common Stock,$1.37,-0.07,-4.86%,224122717,United States,2014,3972517,Consumer Discretionary,Industrial Machinery/Components
GRAB,Grab Holdings Limited Class A Ordinary Shares,$3.595,-0.025,-0.69%,14741232010,Singapore,,21143874,Real Estate,Real Estate
GRABW,Grab Holdings Limited Warrant,$0.0747,-0.0007,-0.93%,306305989,Singapore,,2701,Real Estate,Real Estate
GRAL,GRAIL Inc. Common Stock ,$55.565,-0.095,-0.17%,2384660490,United States,,99555,Health Care,Medical Specialities
GRAN,Grande Group Limited Class A Ordinary Shares,$1.02,0,0.00%,23205000,Hong Kong,2025,51,Finance,Finance: Consumer Services
GRCE,Grace Therapeutics Inc. Common Stock,$2.34,-0.02,-0.85%,31395160,Canada,,121874,Health Care,Biotechnology: Pharmaceutical Preparations
GRDX,GridAI Technologies Corp. Common Stock,$2.465,0.035,1.44%,15283126,United States,2016,18374,Health Care,Biotechnology: Pharmaceutical Preparations
GREE,Greenidge Generation Holdings Inc. Class A Common Stock,$1.192,0.022,1.88%,20034086,United States,,20509,Finance,Finance: Consumer Services
GREEL,Greenidge Generation Holdings Inc. 8.50% Senior Notes due 2026,$19.85,-0.15,-0.75%,311117327,United States,,353,Finance,Finance: Consumer Services
GRFS,Grifols S.A. American Depositary Shares,$8.20,-0.03,-0.37%,5637950246,Spain,,19925,Health Care,Biotechnology: Pharmaceutical Preparations
GRI,GRI Bio Inc. Common Stock,$2.32,0.06,2.66%,3352467,United States,2021,5000,Health Care,Biotechnology: Pharmaceutical Preparations
GRML,Greenland Mines Ltd. Common Stock,$0.5394,0.0594,12.38%,0,United States,2022,1108724,,
GRMLW,Greenland Mines Ltd Warrant,$0.1972,-0.0268,-11.96%,23908264,United States,2022,25704,Health Care,Biotechnology: Biological Products (No Diagnostic Substances)
GRNQ,Greenpro Capital Corp. Common Stock,$2.4525,0.0275,1.13%,21154806,China,,152,Technology,EDP Services
GROW,U.S. Global Investors Inc. Class A Common Stock,$2.65,0,0.00%,33264814,United States,,520,Finance,Investment Managers
GRPN,Groupon Inc. Common Stock,$15.73,0.22,1.42%,610305753,United States,2011,231456,Consumer Discretionary,Advertising
GRRR,Gorilla Technology Group Inc. Ordinary shares,$15.42,0.28,1.85%,426422506,Taiwan,,230318,Technology,Computer Software: Prepackaged Software
GRRRW,Gorilla Technology Group Inc. Warrant,$0.31,0.0299,10.68%,8572696,Taiwan,,500,Technology,Computer Software: Prepackaged Software
GRVY,GRAVITY Co. Ltd. American Depository Shares,$62.01,0,0.00%,430901289,South Korea,2005,388,Real Estate,Real Estate
GRWG,GrowGeneration Corp. Common Stock,$1.295,0.025,1.97%,77817722,United States,,51358,Consumer Discretionary,RETAIL: Building Materials
GSAT,Globalstar Inc. Common Stock,$81.76,0.3,0.37%,10513610462,United States,2025,136674,Consumer Discretionary,Telecommunications Equipment
GSBC,Great Southern Bancorp Inc. Common Stock,$69.69,0.99,1.44%,764200400,United States,1989,21992,Finance,Major Banks
GSHD,Goosehead Insurance Inc. Class A Common Stock,$43.62,0.03,0.07%,1553136075,United States,2018,17901,Finance,Specialty Insurers
GSHR,Gesher Acquisition Corp. II Class A Ordinary Shares,$10.38,0,0.00%,0,United States,2025,18,,
GSHRW,Gesher Acquisition Corp. II Warrants,$0.22,0,0.00%,0,United States,2025,4138,Finance,Blank Checks
GSIT,GSI Technology Common Stock,$7.515,-0.295,-3.78%,271939316,United States,2007,288497,Technology,Semiconductors
GSIW,Garden Stage Limited Class A Ordinary Shares,$30.81,0,0.00%,40994369,Hong Kong,2023,42,Finance,Investment Bankers/Brokers/Service
GSM,Ferroglobe PLC Ordinary Shares,$4.835,0.145,3.09%,903470600,United Kingdom,,82978,Basic Materials,Metal Mining
GSRF,GSR IV Acquisition Corp. Class A ordinary share,$10.09,0,0.00%,0,United States,2025,200,,
GSUN,Golden Sun Technology Group Limited Class A Ordinary Shares,$0.4612,0.0277,6.39%,4625315,China,2022,711866,Real Estate,Other Consumer Services
GT,The Goodyear Tire & Rubber Company Common Stock,$6.945,0.085,1.24%,1989862211,United States,,877006,Consumer Discretionary,Automotive Aftermarket
GTBP,GT Biopharma Inc. Common Stock,$0.3877,0.0052,1.36%,13810795,United States,,447979,Health Care,Biotechnology: Pharmaceutical Preparations
GTEC,Greenland Technologies Holding Corporation Class A Ordinary Shares,$0.6446,-0.0163,-2.47%,12268768,China,2018,61909,Industrials,Industrial Machinery/Components
GTEN,Gores Holdings X Inc. Class A ordinary shares,$10.40,0.05,0.48%,0,United States,2025,280,,
GTENU,Gores Holdings X Inc. Units,$10.60,0,0.00%,0,United States,2025,23,,
GTERA,Globa Terra Acquisition Corporation Class A Ordinary Shares,$10.25,0,0.00%,0,Mexico,2025,6,Finance,Blank Checks
GTERU,Globa Terra Acquisition Corporation Units,$10.37,0,0.00%,0,Mexico,2025,101,Finance,Blank Checks
GTERW,Globa Terra Acquisition Corporation Warrants,$0.0989,-0.0001,-0.10%,0,Mexico,2025,1970,Finance,Blank Checks
GTIM,Good Times Restaurants Inc. Common Stock,$1.26,0,0.00%,13302949,United States,,12511,Consumer Discretionary,Restaurants
GTLB,GitLab Inc. Class A Common Stock,$24.69,0.1,0.41%,4194279574,United States,2021,956726,Technology,Computer Software: Prepackaged Software
GTM,ZoomInfo Technologies Inc Common Stock,$6.485,-0.035,-0.54%,1932888653,United States,2020,620360,Technology,Computer Software: Prepackaged Software
GTX,Garrett Motion Inc. Common Stock,$25.495,0.495,1.98%,4772370884,Switzerland,,310716,Consumer Discretionary,Auto Parts:O.E.M.
GURE,Gulf Resources Inc. (NV) Common Stock,$3.483,0.123,3.66%,5362186,China,,21692,Industrials,Major Chemicals
GUTS,Fractyl Health Inc. Common Stock,$0.6802,-0.0469,-6.45%,107913025,United States,2024,683664,Health Care,Medical/Dental Instruments
GV,Visionary Holdings Inc. Common Shares,$0.1953,-0.0147,-7.00%,1095115,Canada,2022,261613,Real Estate,Other Consumer Services
GVH,Globavend Holdings Limited Ordinary Shares,$5.125,0.015,0.29%,11719947,Australia,2023,61927,Industrials,Integrated Freight & Logistics
GWAV,Greenwave Technology Solutions Inc. Common Stock,$3.74,0,0.00%,3102820,United States,,275,Industrials,Metal Fabrications
GWRS,Global Water Resources Inc. Common Stock,$7.10,0.04,0.57%,204221801,United States,2016,2972,Utilities,Water Supply
GXAI,Gaxos.ai Inc. Common Stock,$1.255,0.005,0.40%,12826017,United States,2023,30822,Technology,Computer Software: Prepackaged Software
GYRE,Gyre Therapeutics Inc. Common Stock,$7.8847,-0.0353,-0.45%,764768600,United States,2006,19402,Health Care,Biotechnology: Pharmaceutical Preparations
GYRO,Gyrodyne LLC Common Stock,$7.52,0,0.00%,16538796,United States,,1,Real Estate,Building operators
HACQ,HCM IV Acquisition Corp. Class A Ordinary Share,$9.93,0,0.00%,0,United States,2026,13,Finance,Blank Checks
HACQU,HCM IV Acquisition Corp. Unit,$10.05,0,0.00%,0,United States,2026,12,,
HACQW,HCM IV Acquisition Corp. Warrants,$0.57,0,0.00%,0,United States,2026,341,Finance,Blank Checks
HAFC,Hanmi Financial Corporation Common Stock,$29.95,0.47,1.59%,891101541,United States,,16464,Finance,Major Banks
HAIN,Hain Celestial Group Inc. (The) Common Stock,$0.676,0.0416,6.56%,61511092,United States,,184397,Consumer Staples,Packaged Foods
HALO,Halozyme Therapeutics Inc. Common Stock,$65.65,1.08,1.67%,7777837795,United States,,189369,Health Care,Biotechnology: Biological Products (No Diagnostic Substances)
HAO,Haoxi Health Technology Limited Class A Ordinary Shares,$0.70,-0.0111,-1.56%,41610680,China,2024,319,Consumer Discretionary,Advertising
HAS,Hasbro Inc. Common Stock,$94.125,0.155,0.17%,13325847401,United States,,68380,Consumer Discretionary,Recreational Games/Products/Toys
HAVA,Harvard Ave Acquisition Corporation Class A Ordinary Share,$10.05,0,0.00%,0,South Korea,2025,20,,
HAVAR,Harvard Ave Acquisition Corporation Rights that convert on a 1/10th of 1 basis to Class A ordinary Shares,$0.1101,-0.0099,-8.25%,0,South Korea,2025,300,,
HBAN,Huntington Bancshares Incorporated Common Stock,$16.285,0.125,0.77%,33011821609,United States,,1532975,Finance,Major Banks
HBANL,Huntington Bancshares Incorporated Depositary Shares Each Representing a 1/40th Interest in a Share of 6.875% Series J Non-Cumulative Perpetual Preferred Stock,$25.49,0.0287,0.11%,51671558663,United States,,2389,Finance,Major Banks
HBANM,Huntington Bancshares Incorporated Depositary Shares each representing a 1/1000th interest in a share of Huntington Series I Preferred Stock,$22.30,0,0.00%,45205012090,United States,,64,Finance,Major Banks
HBANP,Huntington Bancshares Incorporated Depositary Shares 4.500% Series H Non-Cumulative Perpetual Preferred Stock,$16.90,-0.0101,-0.06%,34258506920,United States,,3810,Finance,Major Banks
HBANZ,Huntington Bancshares Incorporated Depositary Shares Each Representing a 1/1000th Interest in a Share of 5.50% Series L Non-Cumulative Perpetual Preferred Stock,$21.0681,0,0.00%,42707789920,United States,,3,Finance,Major Banks
HBCP,Home Bancorp Inc. Common Stock,$64.43,0.84,1.32%,504969867,United States,2008,18017,Finance,Banks
HBIO,Harvard Bioscience Inc. Common Stock,$6.455,0.055,0.86%,29113451,United States,2000,1913,Industrials,Biotechnology: Laboratory Analytical Instruments
HBNB,Hotel101 Global Holdings Corp. Class A Ordinary Shares,$6.17,0,0.00%,1443979822,Singapore,,44,Consumer Discretionary,Hotels/Resorts
HBNC,Horizon Bancorp Inc. Common Stock,$18.35,0.29,1.61%,939996109,United States,,27631,Finance,Major Banks
HBT,HBT Financial Inc. Common Stock,$27.85,0.28,1.02%,1013720644,United States,2019,6319,Finance,Major Banks
HCAC,Hall Chadwick Acquisition Corp Class A Ordinary Shares,$9.97,0,0.00%,0,Cayman Islands,2026,29,Consumer Discretionary,Auto Parts:O.E.M.
HCACR,Hall Chadwick Acquisition Corp Rights,$0.318,-0.002,-0.63%,0,Cayman Islands,2026,302,,
HCACU,Hall Chadwick Acquisition Corp. Unit,$10.24,0,0.00%,0,Cayman Islands,2025,1,Consumer Discretionary,Auto Parts:O.E.M.
HCAI,Huachen AI Parking Management Technology Holding Co. Ltd. Class A Ordinary Shares,$17.5219,-0.6781,-3.73%,20369209,China,2025,111795,Consumer Discretionary,Miscellaneous manufacturing industries
HCAT,Health Catalyst Inc Common Stock,$1.55,-0.02,-1.27%,114058584,United States,2019,82077,Technology,Computer Software: Programming Data Processing
HCHL,Happy City Holdings Limited Class A Ordinary shares,$2.14,0.04,1.91%,41113680,Hong Kong,2025,3525,Consumer Discretionary,Restaurants
HCIC,Hennessy Capital Investment Corp. VIII Class A Ordinary Shares,$9.88,0,0.00%,0,United States,2026,37,,
HCICR,Hennessy Capital Investment Corp. VIII Share Rights,$0.1999,0.0399,24.94%,0,United States,2026,1615,,
HCKT,Hackett Group Inc (The). Common Stock,$13.79,0.09,0.66%,347786917,United States,,20952,Consumer Discretionary,Professional Services
HCM,HUTCHMED (China) Limited American Depositary Shares,$13.22,0,0.00%,2306434227,Hong Kong,2016,2885,Health Care,Biotechnology: Pharmaceutical Preparations
HCMA,HCM III Acquisition Corp. Class A Ordinary Share,$10.1599,0.0099,0.10%,805738347,United States,2025,100,Consumer Discretionary,Hotels/Resorts
HCSG,Healthcare Services Group Inc. Common Stock,$21.58,0.47,2.23%,1481363675,United States,1983,53193,Health Care,Hospital/Nursing Management
HCTI,Healthcare Triangle Inc. Common Stock,$2.22,0.01,0.45%,4368045,United States,2021,10981,Technology,EDP Services
HCWB,HCW Biologics Inc. Common Stock,$0.4023,-0.0079,-1.93%,2709130,United States,2021,70904,Health Care,Biotechnology: Pharmaceutical Preparations
HDL,SUPER HI INTERNATIONAL HOLDING LTD. American Depositary Shares,$13.82,0.01,0.07%,898713218,Singapore,2024,4649,Consumer Discretionary,Restaurants
HDSN,Hudson Technologies Inc. Common Stock,$6.29,0.11,1.78%,264612677,United States,,55216,Consumer Discretionary,Industrial Specialties
HELE,Helen of Troy Limited Common Stock,$23.465,0.045,0.19%,545742048,Bermuda,,53173,Consumer Discretionary,Home Furnishings
HELP,Cybin Inc. Common Stock,$5.285,-0.005,-0.10%,264439177,Canada,,104352,Health Care,Biotechnology: Pharmaceutical Preparations
HEPS,D-Market Electronic Services & Trading American Depositary Shares,$2.79,0,0.00%,996658308,Turkey,2021,17841,Consumer Discretionary,Catalog/Specialty Distribution
HERE,Here Group Limited American Depositary Shares,$3.475,-0.005,-0.14%,188986537,China,2023,9906,Real Estate,Other Consumer Services
HERZ,Herzfeld Credit Income Fund Inc. Common Stock,$17.90,0,0.00%,0,United States,,231,Finance,Investment Managers
HFBL,Home Federal Bancorp Inc. of Louisiana Common Stock,$18.74,0,0.00%,57618697,United States,2010,16,Finance,Savings Institutions
HFFG,HF Foods Group Inc. Common Stock,$1.825,-0.005,-0.27%,97592636,United States,2017,5928,Consumer Discretionary,Food Distributors
HFWA,Heritage Financial Corporation Common Stock,$27.44,0.44,1.63%,1128637384,United States,,22567,Finance,Banks
HGBL,Heritage Global Inc. Common Stock,$1.36,0.04,3.03%,47248512,United States,,7608,Real Estate,Real Estate
HHS,Harte Hanks Inc. Common Stock,$2.75,-0.04,-1.43%,20390684,United States,,325,Consumer Discretionary,Advertising
HIFS,Hingham Institution for Savings Common Stock,$282.85,3.88,1.39%,607392090,United States,,2113,Finance,Banks
HIHO,Highway Holdings Limited Common Stock,$0.80,0,0.00%,3681460,Hong Kong,,3454,Industrials,Metal Fabrications
HIMX,Himax Technologies Inc. American Depositary Shares,$11.72,0.16,1.38%,2044271712,Taiwan,2006,564985,Technology,Semiconductors
HIND,Vyome Holdings Inc. Common Stock,$2.06,-0.03,-1.44%,14458168,United States,2016,17679,Health Care,Medical/Dental Instruments
HIT,Health In Tech Inc. Class A Common Stock,$1.52,0,0.00%,99604934,United States,2024,6105,Finance,Specialty Insurers
HITI,High Tide Inc. Common Shares,$2.385,-0.035,-1.45%,209636391,Canada,,34655,Consumer Discretionary,Other Specialty Stores
HIVE,HIVE Digital Technologies Ltd. Common Shares,$2.655,0.055,2.12%,661615266,Canada,,2804602,Finance,Finance: Consumer Services
HKIT,Hitek Global Inc. Class A Ordinary Share,$0.779,-0.071,-8.35%,7526247,China,2023,65046,Technology,Computer Software: Prepackaged Software
HKPD,Cellyan Biotechnology Co. Ltd Class A Ordinary Shares,$0.6701,-0.0143,-2.09%,15747341,Hong Kong,2025,8262,Health Care,Other Pharmaceuticals
HLIT,Harmonic Inc. Common Stock,$11.97,0.17,1.44%,1298474514,United States,1995,200185,Technology,Radio And Television Broadcasting And Communications Equipment
HLMN,Hillman Solutions Corp. Common Stock,$7.605,0.105,1.40%,1492174054,United States,2020,64825,Consumer Discretionary,Industrial Machinery/Components
HLNE,Hamilton Lane Incorporated Class A Common Stock,$91.14,0.02,0.02%,5083343890,United States,2017,157585,Finance,Investment Managers
HLP,Hongli Group Inc. Ordinary Shares,$0.8692,0.0391,4.71%,63832962,China,2023,15915,Industrials,Industrial Machinery/Components
HLXC,Helix Acquisition Corp. III Class A Ordinary Shares,$10.20,0,0.00%,0,United States,2026,49,,
HMH,HMH Holding Inc. Class A Common Stock,$22.185,-0.035,-0.16%,956117949,United States,2026,3836,Consumer Discretionary,Oil and Gas Field Machinery
HMR,Heidmar Maritime Holdings Corp. Common Stock,$0.7649,-0.0151,-1.94%,45122979,Greece,,27040,Consumer Discretionary,Marine Transportation
HNNA,Hennessy Advisors Inc. Common Stock,$9.92,0,0.00%,78290396,United States,,43,Finance,Investment Managers
HNNAZ,Hennessy Advisors Inc. 4.875% Notes due 2026,$25.02,-0.115,-0.46%,194844751,United States,,868,Finance,Investment Managers
HNRG,Hallador Energy Company Common Stock,$16.76,1.2,7.71%,789905370,United States,,230181,Energy,Coal Mining
HNST,The Honest Company Inc. Common Stock,$3.385,0.045,1.35%,380243268,United States,2021,185768,Consumer Discretionary,Catalog/Specialty Distribution
HNVR,Hanover Bancorp Inc. Common Stock,$23.25,0,0.00%,166392368,United States,2022,1680,Finance,Major Banks
HOFT,Hooker Furnishings Corporation Common Stock,$12.625,0.475,3.91%,136094079,United States,,7772,Consumer Discretionary,Home Furnishings
HOLO,MicroCloud Hologram Inc. Ordinary Shares,$1.6637,-0.0363,-2.14%,38119293,United States,2021,142221,Technology,Computer Software: Programming Data Processing
HOLOW,MicroCloud Hologram Inc. Warrant,$0.0703,-0.0095,-11.91%,1610739,United States,2021,2039,Technology,Computer Software: Programming Data Processing
HON,Honeywell International Inc. Common Stock,$210.105,0.515,0.25%,1.33E+11,United States,,327788,Industrials,Aerospace
HOOD,Robinhood Markets Inc. Class A Common Stock,$76.715,0.165,0.22%,69082245448,United States,2021,8140977,Finance,Investment Bankers/Brokers/Service
HOPE,Hope Bancorp Inc. Common Stock,$12.555,0.185,1.50%,1606370254,United States,,96124,Finance,Major Banks
HOTH,Hoth Therapeutics Inc. Common Stock,$0.6951,-0.014,-1.97%,13295625,United States,2019,71344,Health Care,Biotechnology: Pharmaceutical Preparations
HOUR,Hour Loop Inc. Common Stock,$3.06,0.62,25.41%,107662703,United States,2022,1613219,Consumer Discretionary,Catalog/Specialty Distribution
HOVNP,Hovnanian Enterprises Inc Dep Shr Srs A Pfd,$20.80,0,0.00%,123514435,United States,,45,Consumer Discretionary,Homebuilding
HOVR,New Horizon Aircraft Ltd. Class A Ordinary Share,$2.285,-0.075,-3.18%,103426750,United States,2023,400323,Industrials,Aerospace
HOVRW,New Horizon Aircraft Ltd. Warrant,$0.425,-0.015,-3.41%,19236923,United States,2023,16475,Industrials,Aerospace
HOWL,Werewolf Therapeutics Inc. Common Stock,$0.6799,-0.0101,-1.46%,33040976,United States,2021,113776,Health Care,Biotechnology: Pharmaceutical Preparations
HPAI,Helport AI Limited Ordinary Shares,$1.275,-0.025,-1.92%,47999810,Singapore,,2585,Technology,Computer Software: Prepackaged Software
HPAIW,Helport AI Limited Warrants,$0.06,-0.0267,-30.80%,2258815,Singapore,,15631,Technology,Computer Software: Prepackaged Software
HPK,HighPeak Energy Inc. Common Stock,$6.805,-0.115,-1.66%,859866898,United States,,61707,Energy,Oil & Gas Production
HQ,Horizon Quantum Holdings Ltd. Class A Ordinary Shares,$9.73,-0.32,-3.18%,501855244,Singapore,,30921,Technology,EDP Services
HQI,HireQuest Inc. Common Stock (DE),$11.315,-0.215,-1.87%,157734325,United States,,761,Consumer Discretionary,Professional Services
HQWWW,Horizon Quantum Holdings Ltd. Warrant,$2.72,-0.18,-6.21%,140292524,Singapore,,3880,Technology,EDP Services
HQY,HealthEquity Inc. Common Stock,$81.69,-0.49,-0.60%,6901040986,United States,2014,26156,Real Estate,Real Estate
HRMY,Harmony Biosciences Holdings Inc. Common Stock,$32.71,0.12,0.37%,1892842294,United States,2020,59635,Health Care,Biotechnology: Pharmaceutical Preparations
HROW,Harrow Inc. Common Stock,$40.34,0.14,0.35%,1503609763,United States,,48522,Health Care,Biotechnology: Pharmaceutical Preparations
HRTX,Heron Therapeutics Inc. Common Stock,$1.21,-0.01,-0.82%,228253028,United States,,395807,Health Care,Biotechnology: Pharmaceutical Preparations
HRZN,Horizon Technology Finance Corporation Common Stock,$4.192,0.012,0.29%,200397349,United States,2010,95917,Finance,Finance: Consumer Services
HSAI,Hesai Group American Depositary Share each ADS represents one Class B ordinary share,$21.665,0.035,0.16%,3389273445,China,2023,314530,Industrials,Industrial Machinery/Components
HSCS,HeartSciences Inc. Common Stock,$2.04,0,0.00%,6496788,United States,2022,25210,Health Care,Industrial Specialties
HSCSW,HeartSciences Inc. Warrant,$0.0659,0,0.00%,209872,United States,2022,1,Health Care,Industrial Specialties
HSDT,Solana Company Class A Common Stock (DE),$2.15,-0.01,-0.46%,118166382,United States,,29638,Health Care,Biotechnology: Electromedical & Electrotherapeutic Apparatus
HSIC,Henry Schein Inc. Common Stock,$72.27,0.25,0.35%,8292841646,United States,1995,389541,Health Care,Medical Specialities
HSPT,Horizon Space Acquisition II Corp. Ordinary share,$8.51,0,0.00%,0,United States,2025,42,Finance,Blank Checks
HSPTR,Horizon Space Acquisition II Corp. Right,$0.21,0.01,5.00%,0,United States,2025,5311,Finance,Blank Checks
HSPTU,Horizon Space Acquisition II Corp. Units,$9.02,0.16,1.81%,0,United States,2024,1542,,
HST,Host Hotels & Resorts Inc. Common Stock,$21.295,0.435,2.09%,14636762602,United States,,1118177,Real Estate,Real Estate Investment Trusts
HSTM,HealthStream Inc. Common Stock,$22.5201,1.2701,5.98%,662578095,United States,2000,28861,Technology,Computer Software: Programming Data Processing
HTCO,High-Trend International Group Class A Ordinary Shares,$6.72,-0.64,-8.70%,49629377,Singapore,,354596,Consumer Discretionary,Marine Transportation
HTCR,Heartcore Enterprises Inc. Common Stock,$3.22,-0.23,-6.67%,4095151,Japan,2022,43215,Technology,EDP Services
HTFL,Heartflow Inc. Common Stock,$28.715,-0.235,-0.81%,2476368994,United States,2025,61683,Health Care,Medical/Dental Instruments
HTHT,H World Group Limited American Depositary Shares,$48.435,0.505,1.05%,14894916173,China,2010,368563,Consumer Discretionary,Hotels/Resorts
HTLD,Heartland Express Inc. Common Stock,$12.755,0.255,2.04%,988429873,United States,1986,35797,Industrials,Trucking Freight/Courier Services
HTLM,HomesToLife Ltd Ordinary Shares,$1.78,0.02,1.14%,159643750,Singapore,2024,919,Consumer Discretionary,Other Specialty Stores
HTO,H2O America Common Stock,$57.79,0.47,0.82%,2417947874,United States,,37943,Utilities,Water Supply
HTOO,Fusion Fuel Green PLC Class A Ordinary Shares,$3.14,0.03,0.97%,9476024,Ireland,,2830,Energy,Industrial Machinery/Components
HTZ,Hertz Global Holdings Inc Common Stock,$6.02,0.21,3.61%,1896619229,United States,,1312823,Consumer Discretionary,Rental/Leasing Companies
HTZWW,Hertz Global Holdings Inc Warrant,$2.89,0.11,3.96%,910503251,United States,,12559,Consumer Discretionary,Rental/Leasing Companies
HUBC,Hub Cyber Security Ltd. Ordinary Shares,$0.4098,-0.0903,-18.06%,493092,Israel,,920767,Telecommunications,Computer Communications Equipment
HUBCW,Hub Cyber Security Ltd. Warrant 2/27/28,$0.0103,0,0.00%,12393,Israel,,1100,Telecommunications,Computer Communications Equipment
HUBCZ,Hub Cyber Security Ltd. Warrant ,$0.0075,-0.0007,-8.54%,9024,Israel,,130,Telecommunications,Computer Communications Equipment
HUBG,Hub Group Inc. Class A Common Stock,$41.99,0.95,2.32%,2567835885,United States,1996,38576,Industrials,Integrated Freight & Logistics
HUDI,Huadi International Group Co. Ltd. Ordinary Shares,$1.16,-0.0582,-4.78%,16587051,China,2021,1107,Industrials,Steel/Iron Ore
HUHU,HUHUTECH International Group Inc. Ordinary Shares,$9.70,0,0.00%,247289365,China,2024,2529,Telecommunications,Metal Fabrications
HUIZ,Huize Holding Limited American Depositary Shares,$1.63,0,0.00%,16472904,China,2020,318,Finance,Specialty Insurers
HUMA,Humacyte Inc. Common Stock,$0.8921,-0.0327,-3.54%,198063246,United States,2020,1445178,Health Care,Biotechnology: Biological Products (No Diagnostic Substances)
HUMAW,Humacyte Inc. Warrant,$0.076,-0.003,-3.80%,16873452,United States,2020,501,Health Care,Biotechnology: Biological Products (No Diagnostic Substances)
HURA,TuHURA Biosciences Inc. Common Stock,$2.23,0.09,4.21%,141780117,United States,,46905,Health Care,Biotechnology: Pharmaceutical Preparations
HURC,Hurco Companies Inc. Common Stock,$16.50,-0.27,-1.61%,106366491,United States,,486,Industrials,Industrial Machinery/Components
HURN,Huron Consulting Group Inc. Common Stock,$131.465,-0.635,-0.48%,2179257443,United States,2004,26520,Consumer Discretionary,Professional Services
HUT,Hut 8 Corp. Common Stock,$77.8801,-0.1999,-0.26%,8765611326,United States,,554706,Finance,Finance: Consumer Services
HVII,Hennessy Capital Investment Corp. VII Ordinary Shares,$10.40,0,0.00%,,United States,2025,200,,
HVIIR,Hennessy Capital Investment Corp. VII Rights,$0.38,0.0103,2.79%,0,United States,2025,1000,Finance,Blank Checks
HVMC,Highview Merger Corp. Class A Ordinary Share,$10.10,0,0.00%,0,United States,2025,101,,
HWBK,Hawthorn Bancshares Inc. Common Stock,$34.072,0.112,0.33%,234749606,United States,,2516,Finance,Major Banks
HWC,Hancock Whitney Corporation Common Stock,$66.97,0.58,0.87%,5461170712,United States,,26437,Finance,Major Banks
HWCPZ,Hancock Whitney Corporation 6.25% Subordinated Notes due 2060,$22.23,0,0.00%,1884103161,United States,,3,Finance,Major Banks
HWH,HWH International Inc. Common Stock,$1.065,0.015,1.43%,7962366,United States,2022,967,Health Care,Other Pharmaceuticals
HWKN,Hawkins Inc. Common Stock,$169.105,4.055,2.46%,3534648437,United States,,32654,Consumer Discretionary,Specialty Chemicals
HXHX,Haoxin Holdings Limited Class A Ordinary Shares,$0.4999,-0.03,-5.66%,6873625,China,2025,11724,Industrials,Trucking Freight/Courier Services
HYFM,Hydrofarm Holdings Group Inc. Common Stock,$1.275,0.055,4.51%,6074880,United States,2020,1702,Consumer Discretionary,Consumer Specialties
HYFT,MindWalk Holdings Corp. Common Stock,$1.2397,-0.0003,-0.02%,57908700,Canada,,86137,Health Care,Biotechnology: Pharmaceutical Preparations
HYMC,Hycroft Mining Holding Corporation Class A Common Stock,$36.35,0.26,0.72%,3320957846,United States,2018,218927,Basic Materials,Precious Metals
HYNE,Hoyne Bancorp Inc. Common Stock,$15.65,-0.07,-0.45%,126717080,United States,2025,143,Finance,Banks
HYPD,Hyperion DeFi Inc. Common Stock,$4.50,0,0.00%,51262403,United States,2018,111381,Health Care,Biotechnology: Pharmaceutical Preparations
HYPR,Hyperfine Inc. Class A Common Stock,$1.72,-0.09,-4.97%,169454739,United States,2021,197903,Health Care,Biotechnology: Electromedical & Electrotherapeutic Apparatus
IAC,IAC Inc. Common Stock,$42.2865,-2.8835,-6.38%,3252168620,United States,,685419,Technology,Computer Software: Programming Data Processing
IACO,Idea Acquisition Corp. Class A Ordinary Shares,$9.86,0,0.00%,0,United States,2026,9,Finance,Blank Checks
IACOU,Idea Acquisition Corp. Units,$9.95,0,0.00%,0,United States,2026,43,Finance,Blank Checks
IACOW,Idea Acquisition Corp. Warrants,$0.33,-0.0199,-5.69%,0,United States,2026,9450,Finance,Blank Checks
IACQU,Irenic Acquisition Corp. Unit,$10.04,0.04,0.40%,0,United States,2026,1246,Finance,Blank Checks
IART,Integra LifeSciences Holdings Corporation Common Stock,$13.16,2.51,23.57%,1025653657,United States,,596337,Health Care,Medical/Dental Instruments
IBAC,IB Acquisition Corp. Common Stock,$10.84,0.02,0.19%,0,United States,2024,3169,Finance,Blank Checks
IBACR,IB Acquisition Corp. Right,$0.1185,0.006,5.33%,0,United States,2024,1664,Finance,Blank Checks
IBCP,Independent Bank Corporation Common Stock,$33.24,0.2,0.61%,684359945,United States,,15787,Finance,Major Banks
IBEX,IBEX Limited Common Shares,$28.10,0.19,0.68%,376695112,Bermuda,2020,7437,Technology,EDP Services
IBG,Innovation Beverage Group Limited Ordinary Shares,$1.015,-0.005,-0.49%,1084914,Australia,2024,30206,Consumer Staples,Beverages (Production/Distribution)
IBIO,iBio Inc. Common Stock,$1.595,0.015,0.95%,55096980,United States,,72023,Health Care,Biotechnology: Pharmaceutical Preparations
IBKR,Interactive Brokers Group Inc. Class A Common Stock,$83.485,1.765,2.16%,37202291582,United States,2019,612317,Finance,Investment Bankers/Brokers/Service
IBOC,International Bancshares Corporation Common Stock,$71.65,0.53,0.75%,4455196570,United States,,35319,Finance,Major Banks
IBRX,ImmunityBio Inc. Common Stock,$7.605,0.175,2.36%,7965065273,United States,2015,3011920,Health Care,Biotechnology: Biological Products (No Diagnostic Substances)
ICCC,ImmuCell Corporation Common Stock,$8.72,0,0.00%,78888087,United States,1987,1264,Health Care,Biotechnology: In Vitro & In Vivo Diagnostic Substances
ICCM,IceCure Medical Ltd. Ordinary Shares,$0.3079,0.0142,4.84%,24995336,Israel,,41167,Health Care,Medical/Dental Instruments
ICFI,ICF International Inc. Common Stock,$73.735,0.315,0.43%,1335515602,United States,2006,55873,Consumer Discretionary,Professional Services
ICG,Intchains Group Limited American Depositary Shares,$1.25,-0.04,-3.10%,150978628,China,2023,5806,Technology,Semiconductors
ICHR,Ichor Holdings Ordinary Shares,$63.18,-6.54,-9.38%,2195170841,United States,2016,990707,Technology,Semiconductors
ICLR,ICON plc Ordinary Shares,$113.315,1.345,1.20%,9150963591,Ireland,1998,126730,Health Care,Biotechnology: Commercial Physical & Biological Resarch
ICMB,Investcorp Credit Management BDC Inc. Common Stock,$1.84,0.03,1.66%,26555748,United States,2014,2173,Finance,Finance: Consumer Services
ICON,Icon Energy Corp. Common stock,$1.16,0,0.00%,3728320,Greece,2024,12721,Consumer Discretionary,Marine Transportation
ICU,SeaStar Medical Holding Corporation Common Stock,$4.40,0.07,1.62%,17586809,United States,2021,3114,Health Care,Medical/Dental Instruments
ICUCW,SeaStar Medical Holding Corporation Warrant,$0.02,0,0.00%,79940,United States,2021,2988,Health Care,Medical/Dental Instruments
ICUI,ICU Medical Inc. Common Stock,$116.88,-1.79,-1.51%,2921110309,United States,1992,10611,Health Care,Medical/Dental Instruments
IDAI,T Stamp Inc. Class A Common Stock,$2.555,0.045,1.79%,13297186,United States,,16217,Technology,Computer Software: Prepackaged Software
IDCC,InterDigital Inc. Common Stock,$276.47,3.51,1.29%,7145375168,United States,,65026,Miscellaneous,Multi-Sector Companies
IDN,Intellicheck Inc. Common Stock,$7.94,0.07,0.89%,160698136,United States,1999,69433,Technology,Computer Software: Prepackaged Software
IDXX,IDEXX Laboratories Inc. Common Stock,$579.97,16.85,2.99%,46118599052,United States,1991,152230,Health Care,Biotechnology: In Vitro & In Vivo Diagnostic Substances
IDYA,IDEAYA Biosciences Inc. Common Stock,$28.86,-0.04,-0.14%,2535666151,United States,2019,56146,Health Care,Biotechnology: Pharmaceutical Preparations
IEAG,Infinite Eagle Acquisition Corp. Class A Ordinary Shares,$10.029,0,0.00%,0,United States,2026,9,Finance,Blank Checks
IEAGR,Infinite Eagle Acquisition Corp. Rights,$0.20,0,0.00%,0,United States,2026,2520,Finance,Blank Checks
IEAGU,Infinite Eagle Acquisition Corp. Unit,$10.20,-0.01,-0.10%,0,United States,2026,400,,
IEP,Icahn Enterprises L.P. Common Stock,$8.395,0.035,0.42%,5349373350,United States,,116506,Consumer Discretionary,Auto Parts:O.E.M.
IESC,IES Holdings Inc. Common Stock,$642.57,16.15,2.58%,12802492070,United States,,76636,Industrials,Engineering & Construction
IFBD,Infobird Co. Ltd Ordinary Shares,$0.91,-0.0729,-7.42%,7451602,China,2021,454,Technology,Computer Software: Prepackaged Software
IFRX,InflaRx N.V. Common Stock,$2.12,-0.01,-0.47%,153260861,Germany,2017,184984,Health Care,Biotechnology: Pharmaceutical Preparations
IGAC,Invest Green Acquisition Corporation Class A Ordinary Shares,$9.9704,0,0.00%,0,United States,2025,31,Finance,Blank Checks
IGACU,Invest Green Acquisition Corporation Units,$10.03,-0.19,-1.86%,0,United States,2025,200,Finance,Blank Checks
IGIC,International General Insurance Holdings Ltd. Ordinary Share,$24.85,-0.025,-0.10%,1064629068,Jordan,2018,14816,Finance,Property-Casualty Insurers
IHRT,iHeartMedia Inc. Class A Common Stock,$6.38,0.23,3.74%,963982597,United States,,184800,Consumer Discretionary,Broadcasting
III,Information Services Group Inc. Common Stock,$4.09,-0.03,-0.73%,194988055,United States,,19066,Consumer Discretionary,Professional Services
IIIV,i3 Verticals Inc. Class A Common Stock,$23.03,-0.27,-1.16%,701858849,United States,2018,20997,Technology,Computer Software: Prepackaged Software
IINN,Inspira Technologies Oxy B.H.N. Ltd. Ordinary Shares,$0.4798,0.0023,0.48%,21071375,Israel,2021,103148,Health Care,Medical/Dental Instruments
IKT,Inhibikase Therapeutics Inc. Common Stock,$1.975,0.035,1.80%,260764456,United States,2020,69521,Health Care,Biotechnology: Biological Products (No Diagnostic Substances)
ILAG,Intelligent Living Application Group Inc. Ordinary Shares,$3.98,0,0.00%,8266253,Hong Kong,2022,12,Consumer Discretionary,Office Equipment/Supplies/Services
ILLR,Triller Group Inc. Common Stock,$0.2525,-0.0165,-6.13%,49860415,United States,2019,152742,Finance,Investment Managers
ILLRW,Triller Group Inc. Warrant,$0.0663,-0.0437,-39.73%,13092062,United States,2019,36389,Finance,Investment Managers
ILLU,Illumination Acquisition Corp I Class A Ordinary Shares,$9.875,0,0.00%,0,United States,2026,28,,
ILLUU,Illumination Acquisition Corp I Units,$9.98,-0.05,-0.50%,0,United States,2026,241510,Finance,Blank Checks
ILLUW,Illumination Acquisition Corp I Warrant,$0.3769,0,0.00%,0,United States,2026,2,,
ILMN,Illumina Inc. Common Stock,$138.23,-1.14,-0.82%,20998092860,United States,2000,196715,Health Care,Medical Specialities
ILPT,Industrial Logistics Properties Trust Common Shares of Beneficial Interest,$7.50,-0.03,-0.40%,499991033,United States,2018,45243,Real Estate,Real Estate Investment Trusts
IMA,ImageneBio Inc. Common Stock,$5.71,-0.005,-0.09%,64403832,United States,2021,596,Health Care,Biotechnology: Biological Products (No Diagnostic Substances)
IMCC,IM Cannabis Corp. Common Shares,$0.2644,-0.0205,-7.20%,1558588,Canada,,144622,Health Care, Medicinal Chemicals and Botanical Products 
IMCR,Immunocore Holdings plc American Depositary Shares,$28.57,0.05,0.18%,1373884045,United Kingdom,2021,25104,Health Care,Biotechnology: Biological Products (No Diagnostic Substances)
IMDX,Insight Molecular Diagnostics Inc. Common Stock,$4.615,-0.615,-11.76%,149009300,United States,,209797,Health Care,Biotechnology: In Vitro & In Vivo Diagnostic Substances
IMKTA,Ingles Markets Incorporated Class A Common Stock,$89.035,1.375,1.57%,1691164267,United States,1987,12366,Consumer Staples,Food Chains
IMMP,Immutep Limited American Depositary Shares,$0.4608,-0.0004,-0.09%,67826089,Australia,,378923,Health Care,Biotechnology: Pharmaceutical Preparations
IMMR,Immersion Corporation Common Stock,$6.43,-0.07,-1.08%,212835906,United States,1999,188853,Technology,Computer peripheral equipment
IMMX,Immix Biopharma Inc. Common Stock,$9.58,0.1,1.06%,507855841,United States,2021,132735,Health Care,Biotechnology: Pharmaceutical Preparations
IMNM,Immunome Inc. Common Stock,$23.07,-0.26,-1.11%,2609982901,United States,2020,87032,Health Care,Biotechnology: Pharmaceutical Preparations
IMNN,Imunon Inc. Common Stock,$2.80,0,0.00%,10983739,United States,,3018,Health Care,Biotechnology: Pharmaceutical Preparations
IMOS,ChipMOS TECHNOLOGIES INC. American Depositary Shares,$52.925,4.785,9.94%,1852330331,Taiwan,,41015,Technology,Semiconductors
IMPP,Imperial Petroleum Inc. Common Shares,$5.015,-0.025,-0.50%,226746495,Greece,,56224,Consumer Discretionary,Marine Transportation
IMPPP,Imperial Petroleum Inc. 8.75% Series A Cumulative Redeemable Perpetual Preferred Shares,$26.00,0,0.00%,1175555108,Greece,,91,Consumer Discretionary,Marine Transportation
IMRN,Immuron Limited American Depositary Shares,$0.8507,0.0449,5.57%,5704368,Australia,2017,3052,Health Care,Biotechnology: Pharmaceutical Preparations
IMRX,Immuneering Corporation Class A Common Stock,$5.37,-0.015,-0.28%,347424109,United States,2021,78323,Health Care,Biotechnology: Pharmaceutical Preparations
IMSR,Terrestrial Energy Inc. Common Stock  ,$6.9921,-0.2479,-3.42%,575415932,United States,2024,536440,,
IMSRW,Terrestrial Energy Inc. Warrant,$3.15,-0.15,-4.55%,0,United States,2024,7798,,
IMTE,Integrated Media Technology Limited Ordinary Shares,$0.5167,-0.0173,-3.24%,1780772,Australia,,1596,Consumer Staples,Consumer Electronics/Appliances
IMTX,Immatics N.V. Ordinary Shares,$11.07,-0.07,-0.63%,1484449096,Germany,,82320,Health Care,Biotechnology: Biological Products (No Diagnostic Substances)
IMUX,Immunic Inc. Common Stock,$10.225,-0.395,-3.72%,139280103,United States,2014,37590,Health Care,Biotechnology: Pharmaceutical Preparations
IMVT,Immunovant Inc. Common Stock,$27.72,-0.13,-0.47%,5641912030,United States,2019,205140,Health Care,Biotechnology: Biological Products (No Diagnostic Substances)
IMXI,International Money Express Inc. Common Stock,$15.91,-0.01,-0.06%,479475422,United States,2017,46529,Real Estate,Real Estate
INAB,IN8bio Inc. Common Stock,$1.615,0.005,0.31%,15903049,United States,2021,4547,Health Care,Biotechnology: Biological Products (No Diagnostic Substances)
INAC,Indigo Acquisition Corp. Ordinary Shares,$10.18,0.01,0.10%,0,United States,2025,200,,
INACR,Indigo Acquisition Corp. Right,$0.145,0,0.00%,0,United States,2025,8,,
INBK,First Internet Bancorp Common Stock,$24.70,0.16,0.65%,215301551,United States,,5128,Finance,Major Banks
INBKZ,First Internet Bancorp 6.0% Fixed-to-Floating Rate Subordinated Notes Due 2029,$25.2499,0.1499,0.60%,220004752,United States,,600,Finance,Major Banks
INBS,Intelligent Bio Solutions Inc. Common Stock,$2.4499,-0.0501,-2.00%,4902674,United States,2020,3831,Health Care,Medical/Dental Instruments
INBX,Inhibrx Biosciences Inc. Common Stock,$126.85,-1.1,-0.86%,1852934229,United States,,51376,Health Care,Biotechnology: Biological Products (No Diagnostic Substances)
INCR,Intercure Ltd. Ordinary Shares,$0.8665,0.0455,5.54%,47381377,Israel,,4797,Health Care,Biotechnology: Pharmaceutical Preparations
INCY,Incyte Corp. Common Stock,$96.715,-0.425,-0.44%,19319570598,United States,,108246,Health Care,Biotechnology: Commercial Physical & Biological Resarch
INDB,Independent Bank Corp. Common Stock,$78.03,0.87,1.13%,3790091653,United States,,54589,Finance,Major Banks
INDI,indie Semiconductor Inc. Class A Common Stock,$4.6301,0.2701,6.20%,1049194379,United States,,1235660,Technology,Semiconductors
INDP,Indaptus Therapeutics Inc. Common Stock,$2.14,-0.01,-0.47%,4798573,United States,,212262,Health Care,Biotechnology: Pharmaceutical Preparations
INDV,Indivior Pharmaceuticals Inc. Common Stock,$39.415,0.435,1.12%,4917802455,United Kingdom,,203768,Health Care,Biotechnology: Pharmaceutical Preparations
INEO,INNEOVA Holdings Limited Class A Ordinary Shares,$0.6206,0.0206,3.43%,10035489,Singapore,2024,26988,Consumer Discretionary,Motor Vehicles
INGN,Inogen Inc Common Stock,$6.9801,0.0101,0.15%,190728552,United States,2014,38043,Health Care,Industrial Specialties
INHD,Inno Holdings Inc. Common Stock,$1.9697,0.2097,11.92%,4964946,United States,2023,3398267,Industrials,Steel/Iron Ore
INKT,MiNK Therapeutics Inc. Common Stock,$11.88,0.28,2.41%,59184960,United States,2021,3329,Health Care,Biotechnology: Biological Products (No Diagnostic Substances)
INLF,INLIF LIMITED Class A Ordinary Shares,$3.3601,-0.1099,-3.17%,46390381,China,2025,5157,Industrials,Industrial Machinery/Components
INM,InMed Pharmaceuticals Inc. Common Shares,$0.7575,0.0092,1.23%,2124171,Canada,,5839,Health Care,Biotechnology: Pharmaceutical Preparations
INMB,INmune Bio Inc. Common stock,$1.475,-0.005,-0.34%,39213256,United States,2019,33440,Health Care,Biotechnology: Biological Products (No Diagnostic Substances)
INMD,InMode Ltd. Ordinary Shares,$14.28,-0.03,-0.21%,904762950,Israel,2019,133563,Health Care,Biotechnology: Electromedical & Electrotherapeutic Apparatus
INNV,InnovAge Holding Corp. Common Stock,$7.95,-0.22,-2.69%,1078810794,United States,2021,43499,Health Care,Medical/Nursing Services
INO,Inovio Pharmaceuticals Inc. Common Stock,$1.1405,0.0005,0.04%,79193839,United States,,204394,Health Care,Medical/Dental Instruments
INOD,Innodata Inc. Common Stock,$46.46,0.74,1.62%,1517151672,United States,1993,302461,Technology,EDP Services
INSE,Inspired Entertainment Inc. Common Stock,$7.12,0.12,1.71%,189928528,United States,2014,4697,Technology,Computer Software: Prepackaged Software
INSG,Inseego Corp. Common Stock,$18.37,-1.23,-6.28%,298340061,United States,,107713,Telecommunications,Telecommunications Equipment
INSM,Insmed Incorporated Common Stock,$138.87,-1.14,-0.81%,29975387932,United States,,167981,Health Care,Biotechnology: Pharmaceutical Preparations
INTA,Intapp Inc. Common Stock,$23.795,0.125,0.53%,1913017799,United States,2021,57510,Technology,Computer Software: Prepackaged Software
INTC,Intel Corporation Common Stock,$108.16,12.38,12.93%,5.44E+11,United States,,65125737,Technology,Semiconductors
INTG,Intergroup Corporation (The) Common Stock,$39.50,0.17,0.43%,84878074,United States,,7024,Real Estate,Building operators
INTJ,Intelligent Group Limited Class A Ordinary Shares ,$10.25,0,0.00%,15759355,Hong Kong,2024,44,Consumer Discretionary,Professional Services
INTR,Inter & Co. Inc. Class A Common Shares,$7.40,0.19,2.64%,3265780306,Brazil,,663011,Finance,Commercial Banks
INTS,Intensity Therapeutics Inc. Common stock,$5.16,-0.04,-0.77%,13452001,United States,2023,5649,Health Care,Biotechnology: Biological Products (No Diagnostic Substances)
INTU,Intuit Inc. Common Stock,$396.295,-10.695,-2.63%,1.10E+11,United States,1993,431751,Technology,Computer Software: Prepackaged Software
INTZ,Intrusion Inc. Common Stock,$0.7774,0.0067,0.87%,15834912,United States,,37098,Telecommunications,Computer Communications Equipment
INV,Innventure Inc. Common Stock,$6.34,0.06,0.96%,520481628,United States,,376663,Finance,Blank Checks
INVA,Innoviva Inc. Common Stock,$23.03,0.04,0.17%,1705402867,United States,2004,41776,Health Care,Biotechnology: Pharmaceutical Preparations
INVE,Identiv Inc. Common Stock,$4.845,0.005,0.10%,116028399,United States,,33781,Technology,Computer peripheral equipment
INVZ,Innoviz Technologies Ltd. Ordinary shares,$0.6586,-0.0171,-2.53%,141285217,Israel,,352857,Consumer Discretionary,Auto Parts:O.E.M.
IONR,ioneer Ltd American Depositary Shares,$3.80,0.03,0.80%,288145796,Australia,,5223,Industrials,Mining & Quarrying of Nonmetallic Minerals (No Fuels)
IONS,Ionis Pharmaceuticals Inc. Common Stock,$75.32,-0.13,-0.17%,12447575718,United States,,123808,Health Care,Biotechnology: Pharmaceutical Preparations
IOSP,Innospec Inc. Common Stock,$78.78,2.3,3.01%,1960870990,United States,,17436,Industrials,Major Chemicals
IOTR,iOThree Limited Ordinary Shares,$2.57,0.02,0.78%,6592053,Singapore,2025,1585,Consumer Discretionary,Telecommunications Equipment
IOVA,Iovance Biotherapeutics Inc. Common Stock,$3.865,0.015,0.39%,1725731761,United States,,2362450,Health Care,Biotechnology: Biological Products (No Diagnostic Substances)
IPAR,Interparfums Inc. Common Stock,$90.76,1.03,1.15%,2910835207,United States,,38058,Consumer Discretionary,Package Goods/Cosmetics
IPCX,Inflection Point Acquisition Corp. III Class A Ordinary Shares,$10.30,0,0.00%,0,United States,2025,100,Finance,Blank Checks
IPCXR,Inflection Point Acquisition Corp. III Rights,$0.3899,0,0.00%,0,United States,2025,149,Finance,Blank Checks
IPDN,Professional Diversity Network Inc. Common Stock,$0.7967,-0.0003,-0.04%,8384496,United States,2013,3775,Technology,Computer Software: Programming Data Processing
IPEX,Inflection Point Acquisition Corp. V Class A Ordinary Shares,$10.44,0,0.00%,,United States,2025,5,Health Care,Biotechnology: Pharmaceutical Preparations
IPEXR,Inflection Point Acquisition Corp. V Rights,$0.60,0,0.00%,0,United States,2025,636,Finance,Blank Checks
IPFXU,Inflection Point Acquisition Corp. VI Units,$10.13,0,0.00%,0,United States,2026,5,Finance,Blank Checks
IPGP,IPG Photonics Corporation Common Stock,$94.65,-27.68,-22.63%,4017266012,United States,2006,861651,Technology,Semiconductors
IPHA,Innate Pharma S.A. ADS,$1.46,0.03,2.10%,136933463,France,2019,10377,Health Care,Biotechnology: Biological Products (No Diagnostic Substances)
IPM,Intelligent Protection Management Corp. Common Stock ,$1.88,0.03,1.62%,17081171,United States,,1584,Technology,Computer Software: Programming Data Processing
IPOD,Dune Acquisition Corporation II Class A Ordinary Shares,$10.38,0.01,0.10%,0,United States,2025,113,Finance,Blank Checks
IPODW,Dune Acquisition Corporation II Warrants,$0.37,0.015,4.23%,0,United States,2025,3095,Finance,Blank Checks
IPSC,Century Therapeutics Inc. Common Stock,$2.285,-0.005,-0.22%,412109340,United States,2021,74637,Health Care,Biotechnology: Biological Products (No Diagnostic Substances)
IPST,IP Strategy Holdings Inc. Common Stock,$6.55,-0.15,-2.24%,3566783,United States,2024,53776,Consumer Staples,Beverages (Production/Distribution)
IPW,iPower Inc. Common Stock,$0.8707,-0.0375,-4.13%,1151481,United States,2021,40095,Consumer Discretionary,RETAIL: Building Materials
IPWR,Ideal Power Inc. Common Stock,$4.285,-0.085,-1.95%,52088036,United States,2013,103325,Technology,Semiconductors
IPX,IperionX Limited American Depositary Share,$34.00,0.51,1.52%,1153905838,United States,,30197,Basic Materials,Other Metals and Minerals
IQ,iQIYI Inc. American Depositary Shares,$1.22,-0.03,-2.40%,1177330177,China,2018,699379,Consumer Discretionary,Consumer Electronics/Video Chains
IQST,iQSTEL Inc. Common Stock,$1.42,-0.03,-2.07%,7200455,United States,,25497,Telecommunications,Telecommunications Equipment
IRD,Opus Genetics Inc. Common Stock,$5.235,0.015,0.29%,373791941,United States,,68880,Health Care,Biotechnology: Pharmaceutical Preparations
IRDM,Iridium Communications Inc Common Stock,$38.84,-1.05,-2.63%,4106465577,United States,,240737,Telecommunications,Telecommunications Equipment
IREN,IREN Limited Ordinary Shares,$50.585,1.105,2.23%,16808403174,Australia,2021,10171092,Technology,EDP Services
IRHO,Iron Horse Acquisitions II Corp. Common Stock,$9.96,0.01,0.10%,0,United States,2026,4194,,
IRHOR,Iron Horse Acquisitions Corp. II Rights,$0.16,0,0.00%,0,United States,2026,50,,
IRIX,IRIDEX Corporation Common Stock,$1.07,-0.015,-1.38%,18613025,United States,1996,739,Health Care,Biotechnology: Electromedical & Electrotherapeutic Apparatus
IRMD,iRadimed Corporation Common Stock,$84.835,-0.085,-0.10%,1084448774,United States,2014,13553,Health Care,Medical/Dental Instruments
IRON,Disc Medicine Inc. Common Stock,$67.695,0.055,0.08%,2585887330,United States,,11643,Health Care,Biotechnology: Pharmaceutical Preparations
IRTC,iRhythm Holdings Inc. Common Stock,$116.81,-2.37,-1.99%,3838657878,United States,2016,60650,Health Care,Medical/Dental Instruments
IRWD,Ironwood Pharmaceuticals Inc. Class A Common Stock,$4.6599,0.0699,1.52%,767082011,United States,2010,453993,Health Care,Biotechnology: Pharmaceutical Preparations
ISBA,Isabella Bank Corporation Common stock,$41.28,0.85,2.10%,302702112,United States,,3941,Finance,Major Banks
ISPC,iSpecimen Inc. Common Stock,$5.99,0.59,10.93%,4441920,United States,2021,200476,Health Care,Biotechnology: Commercial Physical & Biological Resarch
ISPR,Ispire Technology Inc. Common Stock,$1.375,0.055,4.17%,78773563,United States,2023,3106,Health Care, Medicinal Chemicals and Botanical Products 
ISRG,Intuitive Surgical Inc. Common Stock,$451.77,-0.58,-0.13%,1.60E+11,United States,2000,214716,Health Care,Industrial Specialties
ISSC,Innovative Solutions and Support Inc. Common Stock,$20.80,0.59,2.92%,369789534,United States,2000,75233,Technology,EDP Services
ISTR,Investar Holding Corporation Common Stock,$28.00,0.32,1.16%,384838300,United States,2014,9431,Finance,Major Banks
ITHA,ITHAX Acquisition Corp III Class A Ordinary Shares,$9.93,0,0.00%,0,United States,2026,2443,,
ITHAU,ITHAX Acquisition Corp III Units,$9.98,0,0.00%,0,United States,2025,100,,
ITHAW,ITHAX Acquisition Corp III Warrants,$0.22,0,0.00%,0,United States,2026,359,,
ITIC,Investors Title Company Common Stock,$236.20,2.92,1.25%,445944655,United States,,2399,Finance,Specialty Insurers
ITOC,iTonic Holdings Ltd Class A Ordinary Shares,$0.355,0.004,1.14%,6052750,China,2024,19801,Health Care,Biotechnology: Electromedical & Electrotherapeutic Apparatus
ITRI,Itron Inc. Common Stock,$84.68,0.46,0.55%,3754655904,United States,1993,41937,Industrials,Electrical Products
ITRN,Ituran Location and Control Ltd. Ordinary Shares,$59.43,1.02,1.75%,1182275459,Israel,2005,11789,Technology,Electronic Components
IVA,Inventiva S.A. American Depository Shares,$5.52,0.25,4.74%,1146545262,France,2020,69249,Health Care,Biotechnology: Pharmaceutical Preparations
IVDA,Iveda Solutions Inc. Common Stock,$0.3163,0.0063,2.03%,3523500,United States,,50598,Technology,Computer Software: Prepackaged Software
IVDAW,Iveda Solutions Inc. Warrant,$0.07,0.0037,5.58%,779782,United States,,850,Technology,Computer Software: Prepackaged Software
IVF,INVO Fertility Inc. Common Stock,$1.87,-0.02,-1.06%,2603450,United States,,3997,Health Care,Medical/Dental Instruments
IVVD,Invivyd Inc. Common Stock,$1.455,-0.015,-1.02%,411479621,United States,2021,206598,Health Care,Biotechnology: Biological Products (No Diagnostic Substances)
IXHL,Incannex Healthcare Inc. Common Stock,$4.6806,0.0606,1.31%,55906551,Australia,,40056,Health Care,Biotechnology: Pharmaceutical Preparations
IZEA,IZEA Worldwide Inc. Common Stock,$4.16,0.03,0.73%,72118263,United States,,2681,Consumer Discretionary,Advertising
IZM,ICZOOM Group Inc. Class A Ordinary Shares,$0.3621,-0.0099,-2.66%,4351758,China,2023,3413,Consumer Discretionary,Consumer Electronics/Video Chains
JACK,Jack In The Box Inc. Common Stock,$12.41,0.36,2.99%,236236959,United States,,47868,Consumer Discretionary,Restaurants
JAGX,Jaguar Health Inc. Common Stock,$2.85,-0.4,-12.31%,40026189,United States,2015,81191,Health Care,Biotechnology: Pharmaceutical Preparations
JAKK,JAKKS Pacific Inc. Common Stock,$23.36,0.33,1.43%,267341441,United States,1996,8340,Consumer Discretionary,Recreational Games/Products/Toys
JANX,Janux Therapeutics Inc. Common Stock,$14.27,-0.15,-1.04%,869921261,United States,2021,153508,Health Care,Biotechnology: Pharmaceutical Preparations
JATT,JATT II Acquisition Corp Ordinary Shares,$10.93,0,0.00%,0,United States,2026,1,,
JAZZ,Jazz Pharmaceuticals plc Common Stock (Ireland),$209.075,1.015,0.49%,12870730176,Ireland,2007,103980,Health Care,Biotechnology: Pharmaceutical Preparations
JBDI,JBDI Holdings Limited Ordinary Shares,$0.59,0.018,3.15%,11227148,Singapore,2024,781,,
JBHT,J.B. Hunt Transport Services Inc. Common Stock,$244.02,5.68,2.38%,23010891516,United States,,86587,Industrials,Trucking Freight/Courier Services
JBIO,Jade Biosciences Inc. Common Stock,$24.67,0.15,0.61%,1217544011,United States,2021,27784,Health Care,Biotechnology: Pharmaceutical Preparations
JBLU,JetBlue Airways Corporation Common Stock,$4.83,0.04,0.84%,1796851258,United States,2002,2767185,Consumer Discretionary,Air Freight/Delivery Services
JBSS,John B. Sanfilippo & Son Inc. Common Stock,$79.295,0.255,0.32%,926924850,United States,1991,2415,Consumer Staples,Specialty Foods
JCAP,Jefferson Capital Inc. Common Stock,$20.30,0.19,0.95%,1252745236,United States,2025,7149,Finance,Finance Companies
JCSE,JE Cleantech Holdings Limited Ordinary Shares,$1.08,0.01,0.94%,5681081,Singapore,2022,543,Consumer Discretionary,Miscellaneous manufacturing industries
JCTC,Jewett-Cameron Trading Company Common Shares,$1.97,-0.04,-1.99%,6934623,United States,,1881,Consumer Discretionary,RETAIL: Building Materials
JD,JD.com Inc. American Depositary Shares,$29.85,-0.19,-0.63%,40769748850,China,2014,1667533,Consumer Discretionary,Other Specialty Stores
JDZG,JIADE LIMITED Class A Ordinary Shares,$1.3195,0.0995,8.16%,5693375,China,2024,196766,Real Estate,Other Consumer Services
JEM,707 Cayman Holdings Limited Ordinary Shares,$1.3087,0.0387,3.05%,2357319,China,2025,62524,Consumer Discretionary,Clothing/Shoe/Accessory Stores
JF,J and Friends Holdings Limited American Depositary Shares,$1.02,-0.01,-0.97%,18706957,China,2018,6257,Technology,Computer Software: Programming Data Processing
JFB,JFB Construction Holdings Class A Common Stock,$5.705,-0.065,-1.13%,81056070,United States,2025,36026,Consumer Discretionary,General Bldg Contractors - Nonresidential Bldgs
JFIN,Jiayin Group Inc. American Depositary Shares,$4.86,-0.06,-1.22%,254321594,China,2019,10923,Finance,Finance: Consumer Services
JFU,9F Inc. American Depositary Shares,$3.16,0,0.00%,37203732,China,2019,205,Finance,Finance: Consumer Services
JG,Aurora Mobile Limited American Depositary Shares,$6.60,-0.3646,-5.24%,39346448,China,2018,1272,Technology,Computer Software: Programming Data Processing
JJSF,J & J Snack Foods Corp. Common Stock,$83.76,-0.6,-0.71%,1592436995,United States,1986,13268,Consumer Staples,Specialty Foods
JKHY,Jack Henry & Associates Inc. Common Stock,$150.87,-1.65,-1.08%,10887890810,United States,1985,119232,Technology,EDP Services
JL,J-Long Group Limited Class A Ordinary Shares,$6.49,-0.08,-1.22%,24413439,Hong Kong,2024,190,Consumer Discretionary,Clothing/Shoe/Accessory Stores
JLHL,Julong Holding Limited Class A Ordinary Shares,$19.14,-0.65,-3.28%,410526816,China,2025,28096,Consumer Discretionary,Military/Government/Technical
JMSB,John Marshall Bancorp Inc. Common Stock,$21.12,0.1,0.48%,298050910,United States,,1293,Finance,Major Banks
JOUT,Johnson Outdoors Inc. Class A Common Stock,$50.82,0.595,1.19%,531224204,United States,,6687,Consumer Discretionary,Recreational Games/Products/Toys
JOYY,JOYY Inc. American Depositary Shares,$58.79,-0.25,-0.42%,3040735910,Singapore,2012,17347,Technology,EDP Services
JRSH,Jerash Holdings (US) Inc. Common Stock,$3.535,0.025,0.71%,44894288,United States,2018,8662,Consumer Discretionary,Apparel
JRVR,James River Group Holdings Inc. Common Stock,$5.19,-0.94,-15.33%,238576951,Bermuda,2014,559562,Finance,Property-Casualty Insurers
JSM,Navient Corporation 6% Senior Notes due December 15 2043,$18.455,-0.013,-0.07%,1834999806,United States,,605,Finance,Investment Bankers/Brokers/Service
JSPR,Jasper Therapeutics Inc. Common Stock,$0.9714,-0.0144,-1.46%,27196110,United States,2020,40788,Health Care,Biotechnology: Biological Products (No Diagnostic Substances)
JSPRW,Japer Therapeutics Inc. Warrants,$0.0174,0,0.00%,487145,United States,2020,570,Health Care,Biotechnology: Biological Products (No Diagnostic Substances)
JTAI,Jet.AI Inc. Common Stock,$7.17,-0.01,-0.14%,4273664,United States,2021,19996,Consumer Discretionary,Transportation Services
JUNS,Jupiter Neurosciences Inc. Common Stock,$0.3904,-0.0126,-3.13%,14164201,United States,2024,60762,Health Care,Biotechnology: Pharmaceutical Preparations
JVA,Coffee Holding Co. Inc. Common Stock,$4.68,0.02,0.43%,26716243,United States,2005,2195,Consumer Staples,Packaged Foods
JWEL,Jowell Global Ltd. Ordinary Shares,$2.404,-0.1459,-5.72%,5712219,China,2021,827,Consumer Discretionary,Other Consumer Services
JXG,JX Luxventure Group Inc. Common Stock,$3.72,0,0.00%,6943834,China,2013,31,Consumer Staples,Apparel
JYD,Jayud Global Logistics Limited Class A Ordinary Shares,$4.70,-0.31,-6.19%,39004830,China,2023,18364,Industrials,Integrated Freight & Logistics
JYNT,The Joint Corp. Common Stock,$8.865,0.075,0.85%,126971276,United States,2014,3086,Miscellaneous,Multi-Sector Companies
JZ,Jianzhi Education Technology Group Company Limited American Depositary Shs,$0.945,0.0867,10.10%,44650664,China,2022,2335,Real Estate,Other Consumer Services
JZXN,Jiuzi Holdings Inc. Ordinary Shares,$0.8609,-0.0191,-2.17%,1143999,China,2021,20072,Consumer Discretionary,Retail-Auto Dealers and Gas Stations
KALA,KALA BIO Inc. Common Stock,$0.111,0.003,2.78%,103173565,United States,2017,629449,Health Care,Biotechnology: Pharmaceutical Preparations
KALU,Kaiser Aluminum Corporation Common Stock,$175.22,5.8,3.42%,2863200983,United States,,35063,Industrials,Metal Fabrications
KALV,KalVista Pharmaceuticals Inc. Common Stock,$26.715,0.055,0.21%,1350344217,United Kingdom,2015,1853737,Health Care,Biotechnology: Pharmaceutical Preparations
KARO,Karooooo Ltd. Ordinary Shares,$49.785,-0.725,-1.44%,1538022941,Singapore,2021,26407,Technology,Computer Software: Prepackaged Software
KBON,Karbon Capital Partners Corp. Class A Ordinary Shares,$10.06,0,0.00%,0,United States,2026,42,Finance,Blank Checks
KBONU,Karbon Capital Partners Corp. Units,$10.22,0.07,0.69%,0,United States,2025,4329,Finance,Blank Checks
KBONW,Karbon Capital Partners Corp. Warrant,$0.61,0,0.00%,0,United States,2026,256,Finance,Blank Checks
KBSX,FST Corp. Ordinary Shares,$1.29,-0.01,-0.77%,57748144,Taiwan,,1872,Consumer Discretionary,Recreational Games/Products/Toys
KC,Kingsoft Cloud Holdings Limited American Depositary Shares,$15.37,0.16,1.05%,4601311736,China,2020,115036,Technology,Computer Software: Prepackaged Software
KCHV,Kochav Defense Acquisition Corp. Class A Ordinary Shares,$10.2801,-0.0099,-0.10%,0,United States,2025,205,,
KCHVR,Kochav Defense Acquisition Corp. Right,$0.23,-0.02,-8.00%,0,United States,2025,5100,Finance,Blank Checks
KDK,Kodiak AI Inc. Common Stock ,$8.25,-0.23,-2.71%,1515748196,United States,,49197,Technology,EDP Services
KDKRW,Kodiak AI Inc. Warrants,$1.45,-0.11,-7.05%,266404228,United States,,889,Technology,EDP Services
KDP,Keurig Dr Pepper Inc. Common Stock,$28.77,-0.1,-0.35%,39143295981,United States,,1440223,Consumer Staples,Beverages (Production/Distribution)
KE,Kimball Electronics Inc. Common Stock,$27.70,0.82,3.05%,670731512,United States,,6562,Technology,Electrical Products
KEEL,Keel Infrastructure Corp. Common Stock,$3.31,0.06,1.85%,1840233667,Canada,,6182190,Finance,Finance: Consumer Services
KELYA,Kelly Services Inc. Class A Common Stock,$9.81,0.06,0.62%,335616071,United States,,39142,Consumer Discretionary,Professional Services
KELYB,Kelly Services Inc. Class B Common Stock,$15.83,0,0.00%,541570071,United States,,100,Consumer Discretionary,Professional Services
KEQU,Kewaunee Scientific Corporation Common Stock,$37.716,0,0.00%,108108539,United States,,17,Industrials,Medical Specialities
KFFB,Kentucky First Federal Bancorp Common Stock,$4.35,-0.08,-1.81%,35177210,United States,2005,739,Finance,Savings Institutions
KFII,K&F Growth Acquisition Corp. II Class A Ordinary shares,$10.49,0.01,0.10%,0,United States,2025,316689,,
KFIIR,K&F Growth Acquisition Corp. II Rights,$0.1735,0.0129,8.03%,0,United States,2025,71168,,
KG,Kestrel Group Ltd.,$9.75,0,0.00%,89527932,Bermuda,2008,329,Finance,Property-Casualty Insurers
KGEI,Kolibri Global Energy Inc. Common stock,$5.75,0.01,0.17%,203977260,United States,,15157,Energy,Oil & Gas Production
KHC,The Kraft Heinz Company Common Stock,$22.285,-0.135,-0.60%,26424712967,United States,,2339895,Consumer Staples,Packaged Foods
KIDS,OrthoPediatrics Corp. Common Stock,$16.025,0.245,1.55%,411602029,United States,2017,18994,Health Care,Medical/Dental Instruments
KIDZ,Classover Holdings Inc. Class B Common Stock,$0.7749,-0.0851,-9.90%,5254244,United States,,338633,Real Estate,Other Consumer Services
KIDZW,Classover Holdings Inc. Warrants,$0.0142,-0.0016,-10.13%,96284,United States,,621,Real Estate,Other Consumer Services
KINS,Kingstone Companies Inc. Common Stock,$16.025,0.475,3.06%,231991121,United States,,13805,Finance,Property-Casualty Insurers
KITT,Nauticus Robotics Inc. Common stock,$2.1867,-0.0333,-1.50%,9533231,United States,2021,69270,Industrials,Industrial Machinery/Components
KITTW,Nauticus Robotics Inc. Warrant,$0.0226,-0.0083,-26.86%,98528,United States,2021,10004,Industrials,Industrial Machinery/Components
KLAC,KLA Corporation Common Stock,$1719.06,5.74,0.34%,2.25E+11,United States,1980,259493,Technology,Electronic Components
KLIC,Kulicke and Soffa Industries Inc. Common Stock,$89.985,2.135,2.43%,4708601542,Singapore,,104477,Technology,Semiconductors
KLRA,Kailera Therapeutics Inc. Common Stock,$24.26,-0.83,-3.31%,2982737233,United States,2026,77746,Health Care,Biotechnology: Pharmaceutical Preparations
KLRS,Kalaris Therapeutics Inc. Common Stock,$5.40,-0.13,-2.35%,124158371,United States,2020,25291,Health Care,Biotechnology: Biological Products (No Diagnostic Substances)
KLTR,Kaltura Inc. Common Stock,$1.4506,0.0306,2.16%,218133601,United States,2021,122963,Technology,Computer Software: Prepackaged Software
KLXE,KLX Energy Services Holdings Inc. Common Stock,$3.96,-0.07,-1.74%,77888258,United States,,64066,Energy,Oilfield Services/Equipment
KMB,Kimberly-Clark Corporation Common Stock,$95.64,-0.01,-0.01%,31746775743,United States,,800505,Consumer Discretionary,Containers/Packaging
KMDA,Kamada Ltd. Ordinary Shares,$8.24,-0.05,-0.60%,475333101,Israel,2013,4562,Health Care,Biotechnology: Pharmaceutical Preparations
KMRK,K-Tech Solutions Company Limited Class A Ordinary Shares,$2.8501,0.0501,1.79%,60137110,Hong Kong,2025,2870,Consumer Discretionary,Recreational Games/Products/Toys
KMTS,Kestra Medical Technologies Ltd. Common Stock,$20.38,-0.17,-0.83%,1189648934,United States,2025,21614,Health Care,Medical/Dental Instruments
KNDI,Kandi Technologies Group Inc. Ordinary Shares,$0.7405,-0.0195,-2.57%,74357578,China,,1443,Industrials,Auto Manufacturing
KNSA,Kiniksa Pharmaceuticals International plc Class A Ordinary Shares,$57.63,0.01,0.02%,4433937862,United States,2018,61061,Health Care,Biotechnology: Pharmaceutical Preparations
KOD,Kodiak Sciences Inc Common Stock,$43.195,0.935,2.21%,2684814814,United States,2018,34895,Health Care,Biotechnology: Biological Products (No Diagnostic Substances)
KOPN,Kopin Corporation Common Stock,$4.525,0.055,1.23%,830230556,United States,1992,7291661,Technology,Semiconductors
KOSS,Koss Corporation Common Stock,$4.225,0.005,0.12%,39995701,United States,,2185,Consumer Staples,Consumer Electronics/Appliances
KOYN,CSLM Digital Asset Acquisition Corp III Class A Ordinary Shares,$10.11,0,0.00%,0,United States,2025,100,,
KOYNU,CSLM Digital Asset Acquisition Corp III Units,$10.19,-0.0001,0.00%,0,United States,2025,100,,
KPLT,Katapult Holdings Inc. Common Stock,$6.798,-0.012,-0.18%,32392864,United States,2019,3999,Consumer Discretionary,Diversified Commercial Services
KPLTW,Katapult Holdings Inc. Warrant,$0.0019,0.0004,26.67%,9054,United States,2019,2750,Consumer Discretionary,Diversified Commercial Services
KPRX,Kiora Pharmaceuticals Inc.  Common Stock,$2.54,0,0.00%,11258398,United States,,5952,Health Care,Biotechnology: Pharmaceutical Preparations
KPTI,Karyopharm Therapeutics Inc. Common Stock,$9.3446,0.0446,0.48%,210658271,United States,2013,44679,Health Care,Biotechnology: Pharmaceutical Preparations
KRAQ,KRAKacquisition Corp Class A Ordinary Shares,$9.91,0.03,0.30%,0,United States,2026,101,,
KRAQU,KRAKacquisition Corp Unit,$10.04,0.02,0.20%,0,United States,2026,3596,,
KRKR,36Kr Holdings Inc. American Depositary Shares,$3.564,0.104,3.01%,140693187,China,2019,15216,Real Estate,Real Estate
KRMD,KORU Medical Systems Inc. Common Stock (DE),$4.005,0.015,0.38%,186284565,United States,,15638,Health Care,Medical/Dental Instruments
KRNT,Kornit Digital Ltd. Ordinary Shares,$16.12,0.01,0.06%,747008489,Israel,2015,4120,Industrials,Industrial Machinery/Components
KRNY,Kearny Financial Corp Common Stock,$8.0801,0.1101,1.38%,523098814,United States,2005,32399,Finance,Savings Institutions
KROS,Keros Therapeutics Inc. Common Stock,$11.595,-0.115,-0.98%,229439970,United States,2020,87209,Health Care,Biotechnology: Pharmaceutical Preparations
KRRO,Korro Bio Inc. Common Stock,$12.765,-0.265,-2.03%,184104119,United States,2019,12047,Health Care,Biotechnology: Pharmaceutical Preparations
KRT,Karat Packaging Inc. Common Stock,$29.02,0.09,0.31%,579347474,United States,2021,28141,Industrials,Plastic Products
KRUS,Kura Sushi USA Inc. Class A Common Stock,$54.70,0.67,1.24%,664489145,United States,2019,32160,Consumer Discretionary,Restaurants
KRYS,Krystal Biotech Inc. Common Stock,$292.742,5.792,2.02%,8617079156,United States,2017,103872,Health Care,Biotechnology: Biological Products (No Diagnostic Substances)
KSCP,Knightscope Inc. Class A Common Stock,$3.19,-0.12,-3.63%,51942492,United States,2022,157253,Telecommunications,Telecommunications Equipment
KSPI,Joint Stock Company Kaspi.kz American Depository Shares,$84.775,-0.635,-0.74%,16050744495,Kazakhstan,2024,36555,,
KTCC,Key Tronic Corporation Common Stock,$2.92,0.01,0.34%,31709065,United States,1983,130,Technology,Electrical Products
KTOS,Kratos Defense & Security Solutions Inc. Common Stock,$60.00,-1.93,-3.12%,11245423260,United States,,926494,Industrials,Military/Government/Technical
KTTA,Pasithea Therapeutics Corp. Common Stock,$0.8314,-0.0152,-1.80%,20735073,United States,2021,184360,Health Care,Biotechnology: Pharmaceutical Preparations
KTWO,K2 Capital Acquisition Corporation Class A Ordinary Share,$10.00,0.07,0.71%,200411600,Cayman Islands,2026,1500,,
KURA,Kura Oncology Inc. Common Stock,$9.16,-0.09,-0.97%,813066369,United States,,83137,Health Care,Biotechnology: Pharmaceutical Preparations
KUST,Kustom Entertainment Inc. Common Stock,$3.38,0,0.00%,1779952,United States,,820,Technology,Radio And Television Broadcasting And Communications Equipment
KVAC,Keen Vision Acquisition Corporation Ordinary Shares,$12.06,0,0.00%,0,United States,2023,22,,
KVACW,Keen Vision Acquisition Corporation Warrant,$0.0161,-0.0014,-8.00%,0,United States,2023,38740,,
KVHI,KVH Industries Inc. Common Stock,$9.65,0.1,1.05%,188121076,United States,1996,3723,Technology,Radio And Television Broadcasting And Communications Equipment
KWM,K Wave Media Ltd. Ordinary Shares,$0.3165,0.0094,3.06%,23181673,Cayman Islands,,588943,Consumer Discretionary,Movies/Entertainment
KWMWW,K Wave Media Ltd. Warrant,$0.025,-0.0148,-37.19%,1831096,Cayman Islands,,1070,Consumer Discretionary,Movies/Entertainment
KXIN,Kaixin Holdings Ordinary Shares,$4.60,-0.14,-2.95%,7607310,China,2017,3780,Consumer Discretionary,Retail-Auto Dealers and Gas Stations
KYIV,Kyivstar Group Ltd. Common Shares,$12.37,-0.02,-0.16%,2855783029,United Arab Emirates,,37426,Telecommunications,Telecommunications Equipment
KYIVW,Kyivstar Group Ltd. Warrant,$4.91,0,0.00%,1133540394,United Arab Emirates,,1,Telecommunications,Telecommunications Equipment
KYMR,Kymera Therapeutics Inc. Common Stock,$83.87,0.28,0.34%,6898943906,United States,2020,71233,Health Care,Biotechnology: Biological Products (No Diagnostic Substances)
KYNB,Kyntra Bio Inc. Common Stock,$7.255,0.055,0.76%,29369053,United States,2014,1022,Health Care,Biotechnology: Pharmaceutical Preparations
KYTX,Kyverna Therapeutics Inc. Common Stock,$9.09,0.09,1.00%,550220363,United States,2024,115115,Health Care,Biotechnology: Biological Products (No Diagnostic Substances)
KZIA,Kazia Therapeutics Limited American Depositary Shares,$12.92,0.08,0.62%,147635535,Australia,,14460,Health Care,Biotechnology: Pharmaceutical Preparations
KZR,Kezar Life Sciences Inc. Common Stock,$7.30,-0.09,-1.22%,53812147,United States,2018,11931,Health Care,Biotechnology: Pharmaceutical Preparations
LAB,Standard BioTools Inc. Common Stock,$0.9494,0.0144,1.54%,370615492,United States,2011,200033,Industrials,Biotechnology: Laboratory Analytical Instruments
LABT,Lakewood-Amedex Biotherapeutics Inc. Common Stock,$3.06,-0.2,-6.14%,43820320,United States,,151943,Health Care,Biotechnology: Pharmaceutical Preparations
LAES,SEALSQ Corp Ordinary Shares,$2.865,-0.105,-3.54%,638247507,Switzerland,,4369823,Technology,Semiconductors
LAFA,LaFayette Acquisition Corp. Ordinary Share,$10.04,0.025,0.25%,0,France,2025,38963,,
LAKE,Lakeland Industries Inc. Common Stock,$9.50,0.02,0.21%,101870448,United States,1986,1034,Health Care,Industrial Specialties
LAMR,Lamar Advertising Company Class A Common Stock,$138.96,-0.57,-0.41%,14096316537,United States,1996,83700,Real Estate,Real Estate Investment Trusts
LAND,Gladstone Land Corporation Common Stock,$9.635,0.045,0.47%,412730381,United States,2013,38188,Real Estate,Real Estate Investment Trusts
LANDO,Gladstone Land Corporation 6.00% Series B Cumulative Redeemable Preferred Stock,$21.20,0,0.00%,908135348,United States,,303,Real Estate,Real Estate Investment Trusts
LANDP,Gladstone Land Corporation 6.00% Series C Cumulative Redeemable Preferred Stock,$20.75,0.05,0.24%,888858890,United States,,1799,Real Estate,Real Estate Investment Trusts
LARK,Landmark Bancorp Inc. Common Stock,$25.70,-0.38,-1.46%,156726927,United States,,221,Finance,Major Banks
LASE,Laser Photonics Corporation Common Stock,$0.6971,-0.0213,-2.97%,26885936,United States,2022,423352,Miscellaneous,Industrial Machinery/Components
LASR,nLIGHT Inc. Common Stock,$67.21,-2.2,-3.17%,3791078109,United States,2018,127332,Technology,Semiconductors
LATA,Galata Acquisition Corp. II Class A Ordinary Shares,$10.04,0,0.00%,0,United States,2025,20,Finance,Blank Checks
LAUR,Laureate Education Inc. Common Stock,$31.82,0.25,0.79%,4454109156,United States,2017,97199,Real Estate,Other Consumer Services
LBGJ,Li Bang International Corporation Inc. Class A Ordinary Shares,$0.78,0.0096,1.25%,1082234,China,2024,27349,Industrials,Industrial Machinery/Components
LBRDA,Liberty Broadband Corporation Class A Common Stock,$37.27,-1.3,-3.37%,5348160397,United States,,25685,Telecommunications,Cable & Other Pay Television Services
LBRDK,Liberty Broadband Corporation Class C Common Stock,$37.40,-1.23,-3.18%,5366815102,United States,,158153,Telecommunications,Cable & Other Pay Television Services
LBRDP,Liberty Broadband Corporation Series A Cumulative Redeemable Preferred Stock,$21.85,0.04,0.18%,3135425401,United States,,1670,Telecommunications,Cable & Other Pay Television Services
LBRX,LB Pharmaceuticals Inc Common Stock,$32.07,0.24,0.75%,919627679,United States,2025,7925,Health Care,Biotechnology: Pharmaceutical Preparations
LBTYA,Liberty Global Ltd. Class A Common Shares,$11.705,-0.105,-0.89%,3957419521,United Kingdom,,381273,Telecommunications,Cable & Other Pay Television Services
LBTYB,Liberty Global Ltd. Class B Common Shares,$16.40,0,0.00%,5544782584,United Kingdom,,571,Telecommunications,Cable & Other Pay Television Services
LBTYK,Liberty Global Ltd. Class C Common Shares,$11.48,-0.03,-0.26%,3881347809,United Kingdom,,130517,Telecommunications,Cable & Other Pay Television Services
LCCC,Lakeshore Acquisition III Corp. Ordinary Shares,$10.35,0.01,0.10%,0,United States,2025,102,Finance,Blank Checks
LCFY,Locafy Limited Ordinary Share,$4.20,-0.14,-3.23%,7556031,Australia,2022,1326,Technology,Computer Software: Programming Data Processing
LCFYW,Locafy Limited Warrant,$2.69,0,0.00%,4839458,Australia,2022,12,Technology,Computer Software: Programming Data Processing
LCID,Lucid Group Inc. Common Stock,$6.405,-0.285,-4.26%,2114576643,United States,,3738500,Industrials,Auto Manufacturing
LCNB,LCNB Corporation Common Stock,$15.995,0.135,0.85%,227736266,United States,,3682,Finance,Major Banks
LCUT,Lifetime Brands Inc. Common Stock,$6.08,0.13,2.19%,138958449,United States,1991,16442,Consumer Discretionary,Industrial Machinery/Components
LE,Lands' End Inc. Common Stock,$10.95,0.12,1.11%,335944796,United States,,22603,Consumer Discretionary,Clothing/Shoe/Accessory Stores
LECO,Lincoln Electric Holdings Inc. Common Shares,$267.715,5.655,2.16%,14667331154,United States,,24858,Industrials,Industrial Machinery/Components
LEDS,SemiLEDS Corporation Common Stock,$1.79,0.08,4.68%,14781199,Taiwan,2010,12744,Technology,Semiconductors
LEE,Lee Enterprises Incorporated Common Stock,$8.24,0,0.00%,183174697,United States,,5191,Consumer Discretionary,Newspapers/Magazines
LEGH,Legacy Housing Corporation Common Stock (TX),$21.24,0.73,3.56%,505774123,United States,2018,2356,Consumer Discretionary,Homebuilding
LEGN,Legend Biotech Corporation American Depositary Shares,$29.28,2.78,10.49%,5415501373,United States,2020,2643758,Health Care,Biotechnology: Pharmaceutical Preparations
LENZ,LENZ Therapeutics Inc. Common Stock,$9.25,-0.03,-0.32%,290028145,United States,2021,251573,Health Care,Biotechnology: Biological Products (No Diagnostic Substances)
LESL,Leslie's Inc. Common Stock,$1.47,-0.09,-5.77%,13695365,United States,2020,26208,Consumer Discretionary,Other Specialty Stores
LEXX,Lexaria Bioscience Corp. Common Stock,$0.6802,0.0087,1.30%,16860421,Canada,,27067,Health Care,Biotechnology: Pharmaceutical Preparations
LFAC,Leapfrog Acquisition Corporation Class A Ordinary Shares,$9.99,0,0.00%,0,United States,2026,20,Finance,Blank Checks
LFACU,Leapfrog Acquisition Corporation Units,$10.06,-0.02,-0.20%,0,United States,2025,1000,,
LFACW,Leapfrog Acquisition Corporation Warrants,$0.265,0,0.00%,0,United States,2026,58,Finance,Blank Checks
LFCR,Lifecore Biomedical Inc. Common Stock,$5.1795,0.0495,0.97%,194114121,United States,,23341,Health Care,Biotechnology: Pharmaceutical Preparations
LFMD,LifeMD Inc. Common Stock,$5.06,-0.03,-0.59%,240854315,United States,,179785,Health Care,Medical/Nursing Services
LFMDP,LifeMD Inc. 8.875% Series A Cumulative Perpetual Preferred Stock,$23.75,0,0.00%,1130492091,United States,,1020,Health Care,Medical/Nursing Services
LFS,LEIFRAS Co. Ltd. American Depositary Shares  ,$2.025,0.005,0.25%,52975253,Japan,2025,10275,Consumer Discretionary,Other Consumer Services
LFST,LifeStance Health Group Inc. Common Stock,$7.185,-0.085,-1.17%,2786541859,United States,2021,194050,Health Care,Medical/Nursing Services
LFUS,Littelfuse Inc. Common Stock,$424.555,0.285,0.07%,10682700885,United States,,37221,Energy,Electrical Products
LFVN,Lifevantage Corporation Common Stock (Delaware),$5.27,0.14,2.73%,67421002,United States,,19921,Health Care,Biotechnology: Pharmaceutical Preparations
LFWD,Lifeward Ltd. Ordinary Shares,$6.98,-0.095,-1.34%,19394523,Israel,2014,425,Health Care,Industrial Specialties
LGCB,Linkage Global Inc. Class A Ordinary Shares,$0.575,0.0137,2.44%,6418450,Japan,2023,20107,Consumer Discretionary,Catalog/Specialty Distribution
LGCL,Lucas GC Limited Ordinary Shares,$1.845,0.035,1.93%,78948295,China,2024,540,Technology,Computer Software: Programming Data Processing
LGHL,Lion Group Holding Ltd. American Depositary Share,$0.8249,-0.0033,-0.40%,3849327,China,,51446,Finance,Investment Bankers/Brokers/Service
LGIH,LGI Homes Inc. Common Stock,$46.17,1.29,2.87%,1072634321,United States,2013,23560,Consumer Discretionary,Homebuilding
LGN,Legence Corp. Class A Common stock,$97.3699,5.9599,6.52%,10519642635,United States,2025,377499,Consumer Discretionary,Engineering & Construction
LGND,Ligand Pharmaceuticals Incorporated Common Stock,$231.18,2.82,1.24%,4632462054,United States,,14811,Health Care,Biotechnology: Pharmaceutical Preparations
LGO,Largo Inc. Common Shares,$1.15,0,0.00%,96225100,Canada,,175652,Industrials,Mining & Quarrying of Nonmetallic Minerals (No Fuels)
LGVN,Longeveron Inc. Class A Common Stock,$0.86,-0.0028,-0.33%,20010268,United States,2021,63294,Health Care,Biotechnology: Pharmaceutical Preparations
LHAI,Linkhome Holdings Inc. Common stock,$1.2198,0.0198,1.65%,19797354,United States,2025,107327,Finance,Real Estate
LHSW,Lianhe Sowell International Group Ltd Class A Ordinary Shares,$0.2416,0.0106,4.59%,12563200,China,2025,85701,Technology,Computer Software: Prepackaged Software
LI,Li Auto Inc. American Depositary Shares,$17.89,0.01,0.06%,19111090949,China,2020,395733,Industrials,Auto Manufacturing
LICN,Lichen International Limited Class A Ordinary Shares,$4.47,0.2,4.68%,73472608,China,2023,3189,Consumer Discretionary,Professional Services
LIDR,AEye Inc. Class A Common Stock,$1.9508,0.0008,0.04%,88460819,United States,2021,257793,Consumer Discretionary,Auto Parts:O.E.M.
LIDRW,AEye Inc. Warrant,$0.0461,-0.0037,-7.43%,2090447,United States,2021,21789,Consumer Discretionary,Auto Parts:O.E.M.
LIEN,Chicago Atlantic BDC Inc. Common Stock,$9.37,0.04,0.43%,213832358,United States,2022,1277,Finance,Finance: Consumer Services
LIF,Life360 Inc. Common Stock,$44.72,-1.56,-3.37%,3608372861,United States,2024,55690,Technology,EDP Services
LIFE,Ethos Technologies Inc. Class A Common Stock,$19.59,0.1,0.51%,1231616502,United States,2026,78614,Finance,Specialty Insurers
LILA,Liberty Latin America Ltd. Class A Common Stock,$7.94,0.05,0.63%,1604213742,United States,,51193,Telecommunications,Cable & Other Pay Television Services
LILAK,Liberty Latin America Ltd. Class C Common Stock,$8.115,0.065,0.81%,1639571098,United States,,68737,Telecommunications,Cable & Other Pay Television Services
LIMN,Liminatus Pharma Inc. Class A Common Stock,$0.2113,-0.0018,-0.85%,9482644,United States,,147742,,
LIMNW,Liminatus Pharma Inc. Warrants,$0.06,0,0.00%,0,United States,,25,,
LIN,Linde plc Ordinary Shares,$497.25,3.7,0.75%,2.30E+11,United States,,210308,Basic Materials,Major Chemicals
LINC,Lincoln Educational Services Corporation Common Stock,$42.69,1.63,3.97%,1353127086,United States,2005,147083,Real Estate,Other Consumer Services
LIND,Lindblad Expeditions Holdings Inc. Common Stock,$20.14,2.3,12.89%,1319164240,United States,2013,214949,Consumer Discretionary,Transportation Services
LINE,Lineage Inc. Common Stock,$35.535,0.245,0.69%,8071435820,United States,2024,52103,Real Estate,Real Estate Investment Trusts
LINK,Interlink Electronics Inc. Common Stock,$2.98,0,0.00%,46935021,United States,,11691,Technology,Computer peripheral equipment
LIQT,LiqTech International Inc. Common Stock,$2.43,0.4,19.70%,24173254,Denmark,,6963,Technology,Industrial Machinery/Components
LITE,Lumentum Holdings Inc. Common Stock,$982.8999,6.7199,0.69%,70179052860,United States,,1634617,Telecommunications,Telecommunications Equipment
LITS,Lite Strategy Inc. Common Stock,$1.14,0,0.00%,41452679,United States,2003,24858,Health Care,Biotechnology: Pharmaceutical Preparations
LIVE,Live Ventures Incorporated Common Stock,$12.20,-0.5,-3.94%,37474203,United States,,513,Consumer Discretionary,Other Specialty Stores
LIVN,LivaNova PLC Ordinary Shares,$57.76,-1.31,-2.22%,3172553600,United Kingdom,,138883,Health Care,Biotechnology: Electromedical & Electrotherapeutic Apparatus
LIXT,Lixte Biotechnology Holdings Inc. Common Stock,$3.425,0.135,4.10%,39791458,United States,,32158,Health Care,Biotechnology: Pharmaceutical Preparations
LKFN,Lakeland Financial Corporation Common Stock,$61.99,1.28,2.11%,1544393196,United States,,16132,Finance,Major Banks
LKQ,LKQ Corporation Common Stock,$27.86,0.11,0.40%,7098472663,United States,2003,337656,Consumer Discretionary,Motor Vehicles
LKSP,Lake Superior Acquisition Corp. Class A Ordinary Shares,$10.09,-0.01,-0.10%,0,United States,2025,3205,,
LLYVA,Liberty Live Holdings Inc. Series A Liberty Live Group Common Stock,$92.3351,0.3051,0.33%,8488519850,United States,,2911,Consumer Discretionary,Services-Misc. Amusement & Recreation
LLYVK,Liberty Live Holdings Inc. Series C Liberty Live Group Common Stock,$94.50,0.4,0.43%,8687542721,United States,,5243,Consumer Discretionary,Services-Misc. Amusement & Recreation
LMAT,LeMaitre Vascular Inc. Common Stock,$111.01,-0.52,-0.47%,2536334056,United States,2006,16642,Health Care,Medical/Dental Instruments
LMB,Limbach Holdings Inc. Common Stock,$105.855,3.565,3.49%,1261904547,United States,,32326,Consumer Discretionary,Engineering & Construction
LMFA,LM Funding America Inc. Common Stock,$0.2544,0.0108,4.43%,4125548,United States,2015,68415,Finance,Finance: Consumer Services
LMNR,Limoneira Co Common Stock,$12.865,0.075,0.59%,232944973,United States,,2518,Consumer Staples,Farming/Seeds/Milling
LMRI,Lumexa Imaging Holdings Inc. Common Stock,$10.0501,-0.1399,-1.37%,965915503,United States,2025,45940,Health Care,Medical Specialities
LNAI,Lunai Bioworks Inc. Common Stock,$0.287,-0.0376,-11.58%,10409811,United States,,4377127,Health Care,Biotechnology: Pharmaceutical Preparations
LNKS,Linkers Industries Limited Class A Ordinary Shares,$1.63,-0.01,-0.61%,2618779,Malaysia,2024,48738,Technology,Electrical Products
LNSR,LENSAR Inc. Common Stock,$5.51,-0.05,-0.90%,66646927,United States,,2384,Health Care,Medical/Dental Instruments
LNT,Alliant Energy Corporation Common Stock,$73.125,-0.555,-0.75%,18886508331,United States,,297317,Utilities,Power Generation
LNTH,Lantheus Holdings Inc. Common Stock,$86.0301,-1.7499,-1.99%,5589513589,United States,2015,67112,Health Care,Biotechnology: In Vitro & In Vivo Diagnostic Substances
LNZA,LanzaTech Global Inc. Common Stock,$21.817,-1.153,-5.02%,220115269,United States,2021,4344,Industrials,Major Chemicals
LNZAW,LanzaTech Global Inc. Warrant,$0.0164,0,0.00%,165462,United States,2021,8900,Industrials,Major Chemicals
LOAN,Manhattan Bridge Capital Inc,$4.30,-0.03,-0.69%,49146209,United States,,33548,Real Estate,Real Estate Investment Trusts
LOBO,LOBO TECHNOLOGIES LTD. Class A Ordinary Shares,$0.6225,-0.0165,-2.58%,8616606,China,2024,61061,Consumer Discretionary,Motor Vehicles
LOCO,El Pollo Loco Holdings Inc. Common Stock,$13.01,0.01,0.08%,391045304,United States,2014,18435,Consumer Discretionary,Restaurants
LOGI,Logitech International S.A. Ordinary Shares,$101.65,0.15,0.15%,14900766361,United States,1997,211506,Technology,Computer peripheral equipment
LOKV,Live Oak Acquisition Corp. V Class A Ordinary Shares,$10.45,-0.01,-0.10%,0,United States,2025,117614,,
LOKVW,Live Oak Acquisition Corp. V Warrants,$1.63,0.12,7.95%,0,United States,2025,500,,
LONA,LeonaBio Inc. Common Stock,$9.50,-0.05,-0.52%,89238383,United States,2020,6016,Health Care,Biotechnology: Biological Products (No Diagnostic Substances)
LOOP,Loop Industries Inc. Common Stock,$1.39,0.02,1.46%,67189201,Canada,,1242,Industrials,Major Chemicals
LOPE,Grand Canyon Education Inc. Common Stock,$167.17,0.85,0.51%,4432394862,United States,2008,29959,Real Estate,Other Consumer Services
LOT,Lotus Technology Inc. American Depositary Shares,$1.222,-0.008,-0.65%,784633827,China,,20127,Industrials,Auto Manufacturing
LOTWW,Lotus Technology Inc. Warrants,$0.058,-0.0119,-17.02%,37241213,China,,6215,Industrials,Auto Manufacturing
LOVE,The Lovesac Company Common Stock,$15.74,0.32,2.08%,232635626,United States,2018,16647,Consumer Discretionary,Other Specialty Stores
LPAA,Launch One Acquisition Corp. Class A Ordinary shares,$10.74,-0.01,-0.09%,0,United States,2024,13194,,
LPAAW,Launch One Acquisition Corp. Warrant,$0.1146,-0.0054,-4.50%,0,United States,2024,7997,Finance,Blank Checks
LPBB,Launch Two Acquisition Corp. Class A Ordinary Shares,$10.64,0,0.00%,0,United States,2024,2,,
LPBBU,Launch Two Acquisition Corp. Unit,$10.64,0,0.00%,0,United States,2024,80,Finance,Blank Checks
LPBBW,Launch Two Acquisition Corp. Warrant,$0.17,0.0001,0.06%,0,United States,2024,3646,,
LPCN,Lipocine Inc. Common Stock,$2.27,-0.02,-0.87%,16968511,United States,,2689,Health Care,Biotechnology: Pharmaceutical Preparations
LPCV,Launchpad Cadenza Acquisition Corp I Class A Ordinary Share,$9.99,0,0.00%,0,United States,2026,10,,
LPCVW,Launchpad Cadenza Acquisition Corp I Warrant,$0.2701,0.0101,3.89%,0,United States,2026,453,,
LPLA,LPL Financial Holdings Inc. Common Stock,$329.05,8.2,2.56%,26385887724,United States,2010,53542,Finance,Investment Bankers/Brokers/Service
LPRO,Open Lending Corporation Common Stock,$1.74,-0.03,-1.70%,205697723,United States,,91298,Finance,Finance: Consumer Services
LPSN,LivePerson Inc. Common Stock,$2.625,-0.025,-0.94%,31640708,United States,2000,38007,Technology,Computer Software: Prepackaged Software
LPTH,LightPath Technologies Inc. Class A Common Stock,$12.205,-0.125,-1.01%,704333500,United States,1996,361627,Technology,Semiconductors
LQDA,Liquidia Corporation Common Stock,$39.22,0.74,1.92%,3486407816,United States,2018,239078,Health Care,Biotechnology: Pharmaceutical Preparations
LQDT,Liquidity Services Inc. Common Stock,$36.825,1.005,2.81%,1142086168,United States,2006,19639,Real Estate,Real Estate
LRCX,Lam Research Corporation Common Stock,$269.68,11.11,4.30%,3.37E+11,United States,1984,2415251,Technology,Industrial Machinery/Components
LRE,Lead Real Estate Co. Ltd American Depositary Shares,$1.2984,0.0034,0.26%,17712643,Japan,2023,393,Consumer Discretionary,Homebuilding
LRHC,La Rosa Holdings Corp. Common Stock,$1.86,0.01,0.54%,99510,United States,2023,57418,Finance,Real Estate
LRMR,Larimar Therapeutics Inc. Common Stock,$4.175,-0.045,-1.07%,433711262,United States,2014,91666,Health Care,Biotechnology: Pharmaceutical Preparations
LSAK,Lesaka Technologies Inc. Common Stock,$4.8999,0.0399,0.82%,411202915,South Africa,,35247,Finance,Investment Bankers/Brokers/Service
LSBK,Lake Shore Bancorp Inc. Common Stock,$15.97,0.085,0.54%,125578306,United States,2006,116,Finance,Savings Institutions
LSCC,Lattice Semiconductor Corporation Common Stock,$117.54,-8.03,-6.40%,16087632450,United States,,973164,Technology,Semiconductors
LSE,Leishen Energy Holding Co. Ltd. Class A Ordinary Shares,$4.985,-0.055,-1.09%,84869625,China,2024,2209,Consumer Discretionary,Oil and Gas Field Machinery
LSH,Lakeside Holding Limited Common Stock,$0.611,0.0233,3.97%,21035239,United States,2024,13415,,
LSTA,Lisata Therapeutics Inc. Common Stock,$3.26,-0.09,-2.69%,29445269,United States,,4137,Health Care,Misc Health and Biotechnology Services
LSTR,Landstar System Inc. Common Stock,$180.73,3.84,2.17%,6131845393,United States,1993,24736,Industrials,Trucking Freight/Courier Services
LTBR,Lightbridge Corporation Common Stock,$12.66,0.26,2.10%,444961792,United States,,168263,Consumer Discretionary,Professional Services
LTRN,Lantern Pharma Inc. Common Stock,$2.19,-0.04,-1.79%,24647786,United States,2020,56632,Health Care,Biotechnology: Pharmaceutical Preparations
LTRX,Lantronix Inc. Common Stock,$6.755,0.015,0.22%,268119636,United States,2000,56590,Telecommunications,Computer Communications Equipment
LTRYW,Sports Entertainment Gaming Global Corporation Warrants,$0.0091,0,0.00%,115055,United States,2023,1,Technology,Computer Software: Prepackaged Software
LUCD,Lucid Diagnostics Inc. Common Stock,$1.0995,0.0095,0.87%,214681139,United States,2021,67848,Health Care,Medical/Dental Instruments
LUCY,Innovative Eyewear Inc. Common Stock,$1.0399,0.0001,0.01%,6552057,United States,2022,13036,Health Care,Ophthalmic Goods
LUCYW,Innovative Eyewear Inc. Series A Warrants 8/16/27,$0.0448,0,0.00%,282270,United States,2022,6,Health Care,Ophthalmic Goods
LULU,lululemon athletica inc. Common Stock,$128.255,-0.725,-0.56%,14169954969,Canada,2007,765582,Consumer Discretionary,Apparel
LUNG,Pulmonx Corporation Common Stock,$1.255,-0.075,-5.64%,53007690,United States,2020,235486,Health Care,Medical/Dental Instruments
LUNR,Intuitive Machines Inc. Class A Common Stock,$24.645,-0.705,-2.78%,5343388867,United States,2021,5253061,Industrials,Industrial Machinery/Components
LVLU,Lulu's Fashion Lounge Holdings Inc. Common Stock,$9.60,-0.2802,-2.84%,27498288,United States,2021,364,Consumer Discretionary,Catalog/Specialty Distribution
LVO,LiveOne Inc. Common Stock,$5.485,0.305,5.89%,73889768,United States,,1802,Consumer Discretionary,Restaurants
LWAC,LightWave Acquisition Corp. Class A Ordinary Shares,$10.18,0,0.00%,0,United States,2025,5,Finance,Blank Checks
LWACU,LightWave Acquisition Corp. Units,$10.2999,0.0899,0.88%,0,United States,2025,1200,Finance,Blank Checks
LWACW,LightWave Acquisition Corp. Warrants,$0.2301,-0.0099,-4.13%,0,United States,2025,106,Finance,Blank Checks
LWAY,Lifeway Foods Inc. Common Stock,$26.845,-0.035,-0.13%,410242283,United States,,1798,Consumer Staples,Packaged Foods
LWLG,Lightwave Logic Inc. Common Stock,$15.41,-0.38,-2.41%,2293487590,United States,,3443694,Industrials,Containers/Packaging
LX,LexinFintech Holdings Ltd. American Depositary Shares,$2.08,-0.03,-1.42%,342759610,China,2017,128668,Finance,Finance: Consumer Services
LXEH,Lixiang Education Holding Co. Ltd. American Depositary Shares,$1.16,0.11,10.48%,2223334,China,2020,225881,Real Estate,Other Consumer Services
LXEO,Lexeo Therapeutics Inc. Common Stock,$5.81,0.01,0.17%,456204610,United States,2023,42745,Health Care,Biotechnology: Biological Products (No Diagnostic Substances)
LXRX,Lexicon Pharmaceuticals Inc. Common Stock,$1.575,-0.025,-1.56%,667296962,United States,,358479,Health Care,Biotechnology: Pharmaceutical Preparations
LYEL,Lyell Immunopharma Inc. Common Stock,$20.42,-0.3,-1.45%,476450140,United States,2021,12046,Health Care,Biotechnology: Pharmaceutical Preparations
LYFT,Lyft Inc. Class A Common Stock,$14.095,0.035,0.25%,5481900595,United States,2019,2215582,Real Estate,Real Estate
LYTS,LSI Industries Inc. Common Stock,$23.855,0.585,2.51%,742216860,United States,1985,37302,Consumer Discretionary,Building Products
LZ,LegalZoom.com Inc. Common Stock,$6.745,-0.045,-0.66%,1166027879,United States,2021,315242,Technology,EDP Services
LZMH,LZ Technology Holdings Limited Class B Ordinary Shares,$0.0933,-0.0072,-7.16%,14743266,China,2025,743684,Technology,EDP Services
MAAS,Maase Inc. Class A Ordinary Shares,$9.151,-0.329,-3.47%,4046348714,China,2019,13045,Finance,Investment Managers
MACI,Melar Acquisition Corp. I Class A Ordinary Shares,$10.82,0,0.00%,0,United States,2024,1,,
MACIU,Melar Acquisition Corp. I Unit,$10.80,0,0.00%,0,United States,2024,10,Finance,Blank Checks
MACIW,Melar Acquisition Corp. I Warrant,$0.13,0,0.00%,0,United States,2024,36,Finance,Blank Checks
MAKO,Mako Mining Corp Common Stock,$7.635,0.085,1.13%,668556080,Canada,,20531,,
MAMA,Mama's Creations Inc. Common Stock,$14.25,0.29,2.08%,579362250,United States,,48976,Consumer Staples,Specialty Foods
MAMO,Massimo Group Common Stock,$0.9688,-0.0134,-1.36%,40341752,United States,2024,21484,Consumer Discretionary,Industrial Specialties
MANH,Manhattan Associates Inc. Common Stock,$139.89,-0.88,-0.63%,8276536174,United States,1998,69383,Technology,Computer Software: Prepackaged Software
MAR,Marriott International Class A Common Stock,$351.62,4.38,1.26%,93155387379,United States,,139011,Consumer Discretionary,Hotels/Resorts
MARA,MARA Holdings Inc. Common Stock,$11.885,0.055,0.47%,4530529483,United States,,12856726,Technology,EDP Services
MARPS,Marine Petroleum Trust Units of Beneficial Interest,$5.02,0,0.00%,10040000,United States,,122,Energy,Oil & Gas Production
MASI,Masimo Corporation Common Stock,$178.25,0.04,0.02%,9303319899,United States,2007,218468,Health Care,Biotechnology: Electromedical & Electrotherapeutic Apparatus
MASK,3 E Network Technology Group Ltd Class A Ordinary Shares,$1.915,0.465,32.07%,2207620,China,2025,23321631,Technology,EDP Services
MASS,908 Devices Inc. Common Stock,$6.795,0.245,3.74%,254449199,United States,2020,71712,Industrials,Industrial Machinery/Components
MAT,Mattel Inc. Common Stock,$14.715,-0.135,-0.91%,4276179000,United States,,471905,Consumer Discretionary,Recreational Games/Products/Toys
MATH,Metalpha Technology Holding Limited Ordinary Shares,$1.0899,0.0599,5.82%,47309367,China,2017,15262,Finance,Finance/Investors Services
MATW,Matthews International Corporation Class A Common Stock,$28.05,0.65,2.37%,875228386,United States,1994,45513,Telecommunications,Metal Fabrications
MAYS,J. W. Mays Inc. Common Stock,$40.48,0,0.00%,81598774,United States,,24,Real Estate,Building operators
MAZE,Maze Therapeutics Inc. Common Stock,$26.90,-0.03,-0.11%,1337941951,United States,2025,53716,Health Care,Biotechnology: Biological Products (No Diagnostic Substances)
MB,MasterBeef Group Ordinary Shares,$9.00,0.47,5.51%,153000000,Hong Kong,2025,1296,Consumer Discretionary,Restaurants
MBAI,Check-Cap Ltd. Ordinary Share,$1.38,-0.01,-0.72%,9688293,Israel,2015,17249,Health Care,Medical Electronics
MBAV,M3-Brigade Acquisition V Corp. Class A Ordinary shares,$10.8028,0.0328,0.31%,0,United States,2024,605,,
MBAVW,M3-Brigade Acquisition V Corp. Warrant,$0.2939,0.0526,21.80%,0,United States,2024,174618,Finance,Blank Checks
MBBC,Marathon Bancorp Inc. Common Stock,$14.64,0,0.00%,43189991,United States,,62,Finance,Banks
MBIN,Merchants Bancorp Common Stock,$46.60,0.69,1.50%,2140881636,United States,2017,7224,Finance,Major Banks
MBINL,Merchants Bancorp Depositary Shares Each Representing a 1/40thInterest in a Share of 7.25% Fixed Rate Series E Non-CumulativePerpetual Preferred Stock without par value,$24.52,0.02,0.08%,1126489650,United States,,7698,Finance,Major Banks
MBINM,Merchants Bancorp Depositary Shares Each Representing a 1/40th Interest in a Share of 8.25% Fixed-Rate Reset Series D Non-Cumulative Perpetual Preferred Stock,$25.27,-0.08,-0.32%,1160945900,United States,,1129,Finance,Major Banks
MBINN,Merchants Bancorp Depositary Shares Preferred Series C,$20.61,0.06,0.29%,946857736,United States,,884,Finance,Major Banks
MBIO,Mustang Bio Inc. Common Stock,$0.738,-0.014,-1.86%,5592178,United States,,13926,Health Care,Biotechnology: Pharmaceutical Preparations
MBLY,Mobileye Global Inc. Class A Common Stock,$8.765,0.115,1.33%,7381761526,Israel,2022,661012,Technology,Computer Software: Prepackaged Software
MBNKO,Medallion Bank Fixed-Rate Reset Non-Cumulative Perpetual Preferred Stock Series G par value $1.00 per share,$25.64,0,0.00%,25640000,United States,,13,Finance,Commercial Banks
MBOT,Microbot Medical Inc. Common Stock,$2.115,0.005,0.24%,142039263,Israel,,261021,Health Care,Biotechnology: Biological Products (No Diagnostic Substances)
MBRX,Moleculin Biotech Inc. Common Stock,$2.48,0,0.00%,13234148,United States,2016,15212,Health Care,Biotechnology: Pharmaceutical Preparations
MBUU,Malibu Boats Inc. Class A Common Stock,$24.47,0.51,2.13%,455204031,United States,2014,9667,Industrials,Marine Transportation
MBVI,M3-Brigade Acquisition VI Corp. Class A Ordinary Shares,$10.10,0,0.00%,0,United States,2025,10,,
MBWM,Mercantile Bank Corporation Common Stock,$51.71,0.63,1.23%,893257931,United States,1998,20455,Finance,Major Banks
MBX,MBX Biosciences Inc. Common Stock,$29.83,0.39,1.33%,1419027568,United States,2024,51792,Health Care,Biotechnology: Pharmaceutical Preparations
MCAHU,Mountain Crest Acquisition 6 Corp. Units,$9.99,-0.01,-0.10%,0,United States,2026,11064,,
MCBS,MetroCity Bankshares Inc. Common Stock,$31.8304,0.2604,0.83%,912260601,United States,2019,3267,Finance,Major Banks
MCFT,MasterCraft Boat Holdings Inc. Common Stock,$23.08,0.58,2.58%,375855584,United States,2015,11013,Industrials,Marine Transportation
MCGA,Yorkville Acquisition Corp. Class A Ordinary Share,$10.175,0.005,0.05%,0,United States,2025,3906,Utilities,Electric Utilities: Central
MCGAU,Yorkville Acquisition Corp. Unit,$10.26,-0.07,-0.68%,0,United States,2025,500,Finance,Blank Checks
MCGAW,Yorkville Acquisition Corp. Warrant,$0.3499,-0.0401,-10.28%,0,United States,2025,1319,,
MCHB,Mechanics Bancorp Class A Common Stock,$14.455,0.035,0.24%,3200345528,United States,2012,39892,Finance,Major Banks
MCHP,Microchip Technology Incorporated Common Stock,$97.23,1.93,2.03%,52614600581,United States,1993,1349349,Technology,Semiconductors
MCHPP,Microchip Technology Incorporated Depositary Shares Each Representing a 1/20th Interest in a Share of 7.50% Series A Mandatory Convertible Preferred Stock,$82.255,1.545,1.91%,44511097098,United States,,1336,Technology,Semiconductors
MCHX,Marchex Inc. Class B Common Stock,$1.72,-0.01,-0.58%,75525541,United States,2004,253,Technology,Computer Software: Prepackaged Software
MCRB,Seres Therapeutics Inc. Common Stock,$7.58,-0.11,-1.43%,73011401,United States,2015,25670,Health Care,Biotechnology: Pharmaceutical Preparations
MCRI,Monarch Casino & Resort Inc. Common Stock,$118.36,1.27,1.09%,2100832714,United States,1993,24034,Consumer Discretionary,Hotels/Resorts
MCW,Mister Car Wash Inc. Common Stock,$7.04,0.01,0.14%,2315417562,United States,,52786,Consumer Discretionary,Automotive Aftermarket
MDAI,Spectral AI Inc. Class A Common Stock,$2.2103,-0.0597,-2.63%,70340554,United States,2021,115237,Health Care,Medical/Dental Instruments
MDAIW,Spectral AI Inc. Warrants,$0.8515,0.0597,7.54%,27098123,United States,2021,19129,Health Care,Medical/Dental Instruments
MDB,MongoDB Inc. Class A Common Stock,$263.295,-1.395,-0.53%,21160894611,United States,2017,145753,Technology,Computer Software: Prepackaged Software
MDBH,MDB Capital Holdings LLC Class A common,$3.5001,0,0.00%,36051492,United States,2023,54,Finance,Finance: Consumer Services
MDCX,Medicus Pharma Ltd. Common Stock  ,$0.281,-0.0054,-1.89%,11060753,Canada,,315425,Health Care,Biotechnology: Pharmaceutical Preparations
MDCXW,Medicus Pharma Ltd. Warrant,$0.40,-0.1324,-24.87%,15744844,Canada,,310,Health Care,Biotechnology: Pharmaceutical Preparations
MDGL,Madrigal Pharmaceuticals Inc. Common Stock,$508.21,-10.45,-2.02%,11710133147,United States,2007,66775,Health Care,Biotechnology: Pharmaceutical Preparations
MDIA,Mediaco Holding Inc. Class A Common Stock ,$0.8899,0.0297,3.45%,72733156,United States,,2658,Consumer Discretionary,Broadcasting
MDLN,Medline Inc. Class A Common Stock,$43.84,-0.35,-0.79%,57592319182,United States,2025,473063,Health Care,Medical/Dental Instruments
MDLZ,Mondelez International Inc. Class A Common Stock,$60.89,-0.49,-0.80%,78161434252,United States,,936914,Consumer Staples,Packaged Foods
MDRR,Medalist Diversified Inc. Common Stock,$11.785,0,0.00%,16834873,United States,2018,14,Real Estate,Real Estate Investment Trusts
MDWD,MediWound Ltd. Ordinary Shares,$17.16,-0.1,-0.58%,220431594,Israel,2014,2580,Health Care, Medicinal Chemicals and Botanical Products 
MDXG,MiMedx Group Inc Common Stock,$3.645,0.035,0.97%,542907189,United States,,137704,Health Care,Biotechnology: Pharmaceutical Preparations
MDXH,MDxHealth SA Ordinary Shares,$2.025,-0.015,-0.74%,104013153,Belgium,2021,36179,Health Care,Medical Specialities
MEDP,Medpace Holdings Inc. Common Stock,$419.60,2.58,0.62%,11983645504,United States,2016,40465,Health Care,Biotechnology: Commercial Physical & Biological Resarch
MEGL,Magic Empire Global Limited Class A Ordinary Shares,$1.17,0,0.00%,5924939,Hong Kong,2022,110,Finance,Finance: Consumer Services
MEHA,Functional Brands Inc. Common Stock,$0.098,-0.003,-2.97%,2147461,United States,,141433,Health Care, Medicinal Chemicals and Botanical Products 
MELI,MercadoLibre Inc. Common Stock,$1804.38,-9.15,-0.51%,91476981257,Argentina,2007,76258,Real Estate,Real Estate
MENS,Jyong Biotech Ltd. Ordinary Shares,$2.107,-0.003,-0.14%,160190294,Taiwan,2025,16332,Health Care,Biotechnology: Pharmaceutical Preparations
MEOH,Methanex Corporation Common Stock,$66.025,1.165,1.80%,5106341808,Canada,,112255,Industrials,Major Chemicals
MERC,Mercer International Inc. Common Stock,$1.085,0.015,1.40%,72676019,Canada,,27602,Basic Materials,Paper
MESH,Meshflow Acquisition Corp. Class A Ordinary Shares,$9.94,0,0.00%,0,United States,2026,36822,,
MESHU,Meshflow Acquisition Corp. Units,$10.01,0,0.00%,0,United States,2025,41198,,
MESHW,Meshflow Acquisition Corp. Warrants,$0.278,-0.0375,-11.89%,0,United States,2026,18379,,
MESO,Mesoblast Limited American Depositary Shares,$15.65,-0.35,-2.19%,2020105427,Australia,2015,8064,Health Care,Biotechnology: Biological Products (No Diagnostic Substances)
META,Meta Platforms Inc. Class A Common Stock,$603.86,-6.55,-1.07%,1.53E+12,United States,2012,3541359,Technology,Computer Software: Programming Data Processing
METC,Ramaco Resources Inc. Class A Common Stock,$14.8425,0.3525,2.43%,974813010,United States,2017,195713,Energy,Coal Mining
METCB,Ramaco Resources Inc. Class B Common Stock,$10.01,-0.155,-1.53%,657428211,United States,,3459,Energy,Coal Mining
METCI,Ramaco Resources Inc. 8.250% Senior Notes due 2030,$25.26,0,0.00%,0,United States,,1,,
METCZ,Ramaco Resources Inc. 8.375% Senior Notes due 2029,$25.135,-0.0249,-0.10%,0,United States,,338,Energy,Coal Mining
MEVO,M Evo Global Acquisition Corp II Class A Ordinary Shares,$9.88,0,0.00%,0,United States,2026,4000,Finance,Blank Checks
MEVOU,M Evo Global Acquisition Corp II Units,$10.06,0.02,0.20%,0,United States,2026,115,Finance,Blank Checks
MEVOW,M Evo Global Acquisition Corp II Warrants,$0.33,0,0.00%,0,United States,2026,7300,Finance,Blank Checks
MFI,mF International Limited Class A Ordinary Shares,$10.97,0,0.00%,550435755,Hong Kong,2024,81,Technology,EDP Services
MFIC,MidCap Financial Investment Corporation Common Stock,$12.06,-0.06,-0.50%,993413894,United States,2004,79168,Finance,Finance/Investors Services
MFICL,MidCap Financial Investment Corporation 8.00% Notes due 2028,$25.50,0.05,0.20%,2379242361,United States,,6205,Finance,Finance/Investors Services
MFIN,Medallion Financial Corp. Common Stock,$9.48,0.27,2.93%,223065187,United States,,4159,Finance,Finance: Consumer Services
MGEE,MGE Energy Inc,$80.745,0.635,0.79%,2967567613,United States,,19095,Energy,Electric Utilities: Central
MGIH,Millennium Group International Holdings Limited Ordinary Shares,$1.49,-0.0787,-5.02%,16762500,Hong Kong,2023,116,Consumer Discretionary,Publishing
MGN,Megan Holdings Limited Class A Ordinary Shares,$0.1664,-0.0044,-2.58%,2704000,Malaysia,2025,102803,Consumer Staples,Farming/Seeds/Milling
MGNI,Magnite Inc. Common Stock,$13.565,-0.015,-0.11%,1942711516,United States,,221003,Technology,Computer Software: Programming Data Processing
MGNX,MacroGenics Inc. Common Stock,$3.245,0.045,1.41%,206252421,United States,2013,43984,Health Care,Biotechnology: Pharmaceutical Preparations
MGPI,MGP Ingredients Inc.,$19.38,0.35,1.84%,414174573,United States,,12728,Consumer Staples,Beverages (Production/Distribution)
MGRC,McGrath RentCorp Common Stock,$113.04,1.57,1.41%,2776462481,United States,1984,10768,Consumer Discretionary,Diversified Commercial Services
MGRT,Mega Fortune Company Limited Ordinary Shares,$140.00,0.22,0.16%,1925000000,Hong Kong,2025,429,Technology,EDP Services
MGRX,Mangoceuticals Inc. Common Stock,$0.319,-0.019,-5.62%,5412607,United States,2023,132850,Health Care,Misc Health and Biotechnology Services
MGTX,MeiraGTx Holdings plc Ordinary Shares,$9.73,0.03,0.31%,900740379,United States,2018,78849,Health Care,Biotechnology: Biological Products (No Diagnostic Substances)
MGX,Metagenomi Therapeutics Inc. Common Stock,$1.42,0.01,0.71%,53458821,United States,2024,12525,Health Care,Biotechnology: Biological Products (No Diagnostic Substances)
MGYR,Magyar Bancorp Inc. Common Stock,$17.69,0.27,1.55%,114595661,United States,2006,189,Finance,Savings Institutions
MIDD,Middleby Corporation (The) Common Stock,$140.66,3.46,2.52%,6557828155,United States,,55465,Industrials,Industrial Machinery/Components
MIMI,Mint Incorporation Limited Class A Ordinary Shares,$0.2608,0.0028,1.09%,6523260,Hong Kong,2025,87371,Real Estate,Real Estate
MIND,MIND Technology Inc. Common Stock (DE),$6.435,0.065,1.02%,58488069,United States,1994,14574,Industrials,Industrial Machinery/Components
MIRA,MIRA Pharmaceuticals Inc. Common Stock,$1.048,0.018,1.75%,44039147,United States,2023,9089,Health Care,Biotechnology: Pharmaceutical Preparations
MIRM,Mirum Pharmaceuticals Inc. Common Stock,$109.49,3.7,3.50%,6676463811,United States,2019,178769,Health Care,Biotechnology: Pharmaceutical Preparations
MIST,Milestone Pharmaceuticals Inc. Common Shares,$1.9108,0.0158,0.83%,228603127,Canada,2019,339164,Health Care,Biotechnology: Pharmaceutical Preparations
MITK,Mitek Systems Inc. Common Stock,$15.41,0.15,0.98%,698324013,United States,,244506,Technology,Computer peripheral equipment
MKDW,MKDWELL Tech Inc. Ordinary Share,$7.10,-0.1,-1.39%,29808938,Taiwan,,848,Technology,Consumer Electronics/Appliances
MKDWW,MKDWELL Tech Inc. Warrants,$0.0106,-0.0007,-6.20%,44503,Taiwan,,1988,Technology,Consumer Electronics/Appliances
MKLY,McKinley Acquisition Corporation Class A Ordinary Shares,$10.12,-0.01,-0.10%,0,United States,2025,4118,,
MKLYU,McKinley Acquisition Corporation Units,$10.21,-0.0268,-0.26%,0,United States,2025,100,Finance,Blank Checks
MKSI,MKS Inc. Common Stock,$282.12,-9.41,-3.23%,18992797440,United States,1999,250486,Industrials,Industrial Machinery/Components
MKTW,MarketWise Inc. Class A Common Stock,$17.28,0.52,3.10%,279066436,United States,,422,Technology,Computer Software: Prepackaged Software
MKTX,MarketAxess Holdings Inc. Common Stock,$150.16,-4.73,-3.05%,5282755085,United States,2004,117641,Finance,Investment Bankers/Brokers/Service
MKZR,MacKenzie Realty Capital Inc. Common Stock,$2.625,0.075,2.94%,5161800,United States,,1396,Real Estate,Real Estate Investment Trusts
MLAA,Mountain Lake Acquisition Corp. II Class A Ordinary Shares,$9.99,0.01,0.10%,0,United States,2026,380,Finance,Blank Checks
MLAAU,Mountain Lake Acquisition Corp. II Units,$10.26,0.04,0.39%,0,United States,2026,1437,Finance,Blank Checks
MLAAW,Mountain Lake Acquisition Corp. II Warrants,$0.4996,0.0096,1.96%,0,United States,2026,1178,Finance,Blank Checks
MLAB,Mesa Laboratories Inc. Common Stock,$103.24,0.25,0.24%,570381694,United States,,21834,Industrials,Industrial Machinery/Components
MLAC,Mountain Lake Acquisition Corp. Class A Ordinary Shares,$10.57,0.01,0.10%,0,United States,2025,120,Industrials,Auto Manufacturing
MLACR,Mountain Lake Acquisition Corp. Right,$0.27,0.02,8.00%,0,United States,2025,14758,,
MLCI,Mount Logan Capital Inc. Common Stock,$4.46,0.08,1.83%,49901905,United States,,112,Finance,Investment Managers
MLCIL,Mount Logan Capital Inc. 8.00% Notes Due 2031,$23.87,0.1446,0.61%,0,United States,,160,Finance,Investment Managers
MLCO,Melco Resorts & Entertainment Limited American Depositary Shares,$5.515,0.055,1.01%,2243457908,Hong Kong,2006,157498,Consumer Discretionary,Hotels/Resorts
MLEC,Moolec Science SA Ordinary Shares,$9.77,-0.68,-6.51%,7094173,Luxembourg,,8334,Finance,Blank Checks
MLECW,Moolec Science SA Warrant,$0.021,-0.002,-8.70%,15248,Luxembourg,,31600,Finance,Blank Checks
MLGO,MicroAlgo Inc. Class A Ordinary Shares,$3.9814,0.0014,0.04%,49518507,United States,2021,12027,Technology,EDP Services
MLKN,MillerKnoll Inc. Common Stock,$15.83,0.34,2.20%,1082372008,United States,,40801,Consumer Discretionary,Office Equipment/Supplies/Services
MLTX,MoonLake Immunotherapeutics Class A Ordinary Shares,$17.47,-0.09,-0.51%,1272727410,United States,2020,73905,Health Care,Biotechnology: Pharmaceutical Preparations
MLYS,Mineralys Therapeutics Inc. Common Stock,$29.5599,-0.0901,-0.30%,2437271397,United States,2023,101668,Health Care,Biotechnology: Pharmaceutical Preparations
MMED,MiniMed Group Inc. Common Stock,$11.7878,-0.0822,-0.69%,3310249855,United States,2026,143690,Health Care,Medical/Dental Instruments
MMLP,Martin Midstream Partners L.P. Limited Partnership,$2.52,0.1,4.13%,98594209,United States,2002,9740,Energy,Oil Refining/Marketing
MMSI,Merit Medical Systems Inc. Common Stock,$61.095,-0.915,-1.48%,3644613366,United States,,50855,Health Care,Medical/Dental Instruments
MMTX,Miluna Acquisition Corp Class A Ordinary Share,$10.06,0,0.00%,0,Taiwan,2025,51892,Finance,Blank Checks
MMTXW,Miluna Acquisition Corp Warrant,$0.1027,0,0.00%,0,Taiwan,2025,57,Finance,Blank Checks
MMYT,MakeMyTrip Limited Ordinary Shares,$46.6575,-0.2025,-0.43%,5191226501,India,2010,96769,Consumer Discretionary,Transportation Services
MNDO,MIND C.T.I. Ltd. Ordinary Shares,$1.05,0,0.00%,21194424,Israel,,11442,Technology,EDP Services
MNDR,Mobile-health Network Solutions Class A Ordinary Shares,$1.125,-0.075,-6.25%,3772686,Singapore,2024,1548110,Technology,Computer Software: Prepackaged Software
MNDY,monday.com Ltd. Ordinary Shares,$75.135,-2.185,-2.83%,3490995326,Israel,2021,387177,Technology,Computer Software: Prepackaged Software
MNKD,MannKind Corporation Common Stock,$2.855,0.045,1.60%,881611943,United States,2004,360310,Health Care,Biotechnology: Pharmaceutical Preparations
MNOV,Medicinova Inc Common Stock,$1.43,0.03,2.14%,70386382,United States,,2202,Health Care,Biotechnology: Pharmaceutical Preparations
MNPR,Monopar Therapeutics Inc. Common Stock,$53.15,-1.49,-2.73%,356040051,United States,2019,6746,Health Care,Biotechnology: Pharmaceutical Preparations
MNRO,Monro Inc. Common Stock,$16.75,0.41,2.51%,502829305,United States,1991,67948,Consumer Discretionary,Automotive Aftermarket
MNSB,MainStreet Bancshares Inc. Common Stock,$23.19,0.06,0.26%,169844696,United States,,865,Finance,Major Banks
MNSBP,MainStreet Bancshares Inc. Depositary Shares,$25.062,-0.138,-0.55%,183555316,United States,,801,Finance,Major Banks
MNST,Monster Beverage Corporation,$75.96,0.76,1.01%,74281741431,United States,,395195,Consumer Staples,Beverages (Production/Distribution)
MNTK,Montauk Renewables Inc. Common Stock,$1.47,0.1,7.30%,210567657,United States,2021,66979,Utilities,Natural Gas Distribution
MNTS,Momentus Inc. Class A Common Stock,$4.58,0.07,1.55%,26243427,United States,2019,592768,Industrials,Military/Government/Technical
MNTSW,Momentus Inc. Warrant,$0.0107,0.0003,2.89%,61311,United States,2019,8717,Industrials,Military/Government/Technical
MNY,MoneyHero Limited Class A Ordinary Shares,$1.3219,-0.0181,-1.35%,58736271,Singapore,,561,Real Estate,Real Estate
MNYWW,MoneyHero Limited Warrants,$0.0549,0,0.00%,2439384,Singapore,,1,Real Estate,Real Estate
MOB,Mobilicom Limited Ordinary Shares,$6.835,0.055,0.81%,86349091,Israel,2022,61187,Industrials,Aerospace
MOBBW,Mobilicom Limited Warrants,$2.40,0.14,6.20%,30320090,Israel,2022,13502,Industrials,Aerospace
MOBX,Mobix Labs Inc. Class A Common Stock,$2.32,-0.01,-0.43%,24230904,United States,2021,83917,Technology,Semiconductors
MOBXW,Mobix Labs Inc Warrants,$0.0921,-0.001,-1.07%,961925,United States,2021,11356,Technology,Semiconductors
MODD,Modular Medical Inc. Common Stock,$4.0801,0.0101,0.25%,22078143,United States,,1352,Health Care,Medical/Dental Instruments
MOLN,Molecular Partners AG American Depositary Shares,$4.20,-0.2066,-4.69%,169524999,Switzerland,2021,5700,Health Care,Biotechnology: Biological Products (No Diagnostic Substances)
MOMO,Hello Group Inc. American Depositary Shares,$6.225,-0.005,-0.08%,919727571,China,2014,96497,Technology,Computer Software: Prepackaged Software
MORN,Morningstar Inc. Common Stock,$167.06,-0.61,-0.36%,6352960687,United States,2005,91430,Finance,Investment Managers
MOVE,Corvex Inc. Common Stock,$13.31,0.21,1.60%,26367736,United States,2021,805,Health Care,Biotechnology: Electromedical & Electrotherapeutic Apparatus
MPAA,Motorcar Parts  of America Inc. Common Stock,$11.13,-0.005,-0.05%,213817918,United States,,1644,Consumer Discretionary,Auto Parts:O.E.M.
MPB,Mid Penn Bancorp Common Stock,$33.37,0.63,1.92%,845566101,United States,,9141,Finance,Major Banks
MPLT,MapLight Therapeutics Inc. Common Stock,$28.66,0.05,0.18%,1221204864,United States,2025,35568,Health Care,Biotechnology: Pharmaceutical Preparations
MPWR,Monolithic Power Systems Inc. Common Stock,$1570.385,-2.915,-0.19%,77151863958,United States,2004,113400,Technology,Semiconductors
MQ,Marqeta Inc. Class A Common Stock,$4.59,0.07,1.55%,1960902584,United States,2021,525047,Technology,Computer Software: Prepackaged Software
MRAM,Everspin Technologies Inc. Common Stock,$17.70,-1.05,-5.60%,415022113,United States,2016,1088149,Technology,Semiconductors
MRBK,Meridian Corporation Common Stock,$17.83,-0.12,-0.67%,211805744,United States,2017,27626,Finance,Major Banks
MRCY,Mercury Systems Inc Common Stock,$79.43,0.9,1.15%,4766962220,United States,1998,23266,Technology,Electrical Products
MRDN,Meridian Holdings Inc. Common Stock,$12.08,-0.77,-5.99%,153047306,United States,,32154,Technology,Computer Software: Prepackaged Software
MREO,Mereo BioPharma Group plc American Depositary Shares,$0.2816,-0.0055,-1.92%,43689003,United Kingdom,,279493,Health Care,Biotechnology: Pharmaceutical Preparations
MRKR,Marker Therapeutics Inc. Common Stock,$1.5543,-0.0057,-0.37%,25915041,United States,,9021,Health Care,Biotechnology: Pharmaceutical Preparations
MRLN,Merlin Inc. Common Stock,$9.75,0.19,1.99%,824309431,United States,2024,296190,Technology,EDP Services
MRM,MEDIROM Healthcare Technologies Inc. American Depositary Share,$1.23,0.01,0.82%,9719399,Japan,2020,5081,Consumer Discretionary,Other Consumer Services
MRNA,Moderna Inc. Common Stock,$47.25,-0.05,-0.11%,18748150738,United States,2018,836884,Health Care,Biotechnology: Biological Products (No Diagnostic Substances)
MRNO,Murano Global Investments PLC Ordinary Shares,$0.2506,-0.0078,-3.02%,19874017,Mexico,,62911,Consumer Discretionary,Hotels/Resorts
MRNOW,Murano Global Investments PLC Warrants,$0.0406,-0.0115,-22.07%,3219813,Mexico,,13563,Consumer Discretionary,Hotels/Resorts
MRTN,Marten Transport Ltd. Common Stock,$14.61,0.04,0.28%,1192017262,United States,1986,45936,Industrials,Trucking Freight/Courier Services
MRVI,Maravai LifeSciences Holdings Inc. Class A Common Stock,$3.84,0.05,1.32%,991411853,United States,2020,182685,Health Care,Biotechnology: Pharmaceutical Preparations
MRVL,Marvell Technology Inc. Common Stock,$164.99,1.33,0.81%,1.44E+11,United States,2000,4856696,Technology,Semiconductors
MRX,Marex Group plc Ordinary Shares,$52.58,0.32,0.61%,3897904569,United Kingdom,2024,119886,Finance,Investment Bankers/Brokers/Service
MSAI,MultiSensor AI Holdings Inc. Common Stock,$6.13,-0.31,-4.81%,12335356,United States,2021,17861,Technology,Electronic Components
MSAIW,MultiSensor AI Holdings Inc. Warrant,$0.0311,0.0001,0.32%,62582,United States,2021,7513,Technology,Electronic Components
MSBI,Midland States Bancorp Inc. Common Stock,$26.345,0.375,1.44%,546126555,United States,2016,11674,Finance,Major Banks
MSBIP,Midland States Bancorp Inc. Depositary Shares Each Representing a 1/40th Interest in a Share of 7.750% Fixed-Rate Reset Non-Cumulative Perpetual Preferred Stock Series A,$25.121,0,0.00%,520753281,United States,,3,Finance,Major Banks
MSEX,Middlesex Water Company Common Stock,$51.6199,0.3499,0.68%,961386001,United States,,5204,Utilities,Water Supply
MSFT,Microsoft Corporation Common Stock,$409.925,-3.695,-0.89%,3.05E+12,United States,1986,5951012,Technology,Computer Software: Prepackaged Software
MSGM,Motorsport Games Inc. Class A Common Stock,$4.445,0.025,0.57%,25685210,United States,2021,13524,Technology,Computer Software: Prepackaged Software
MSGY,Masonglory Limited Ordinary Shares,$0.4748,0.0029,0.62%,6647200,Hong Kong,2025,27869,,
MSLE,Satellos Bioscience Inc. Common Stock,$8.36,0,0.00%,174148748,Canada,,1172,Health Care,Biotechnology: Pharmaceutical Preparations
MSS,Maison Solutions Inc. Class A Common Stock,$1.4699,0.0099,0.68%,8649040,United States,2023,126275,Consumer Staples,Food Chains
MSTR,Strategy Inc Common Stock Class A,$186.81,3.01,1.64%,64790615686,United States,1998,4747902,Technology,Computer Software: Prepackaged Software
MSW,Ming Shing Group Holdings Limited Ordinary Shares,$1.5675,0.0375,2.45%,20338313,Hong Kong,2024,2739,Consumer Discretionary,Engineering & Construction
MTC,MMTec Inc. Common Shares,$6.9599,-0.4601,-6.20%,693121206,China,2019,15144,Technology,Computer Software: Prepackaged Software
MTCH,Match Group Inc. Common Stock,$37.36,-0.81,-2.12%,8719420998,United States,,794753,Technology,Computer Software: Programming Data Processing
MTEK,Maris-Tech Ltd. Ordinary Shares,$1.19,0.03,2.59%,11541365,Israel,2022,18682,Telecommunications,Telecommunications Equipment
MTEN,Mingteng International Corporation Inc. Class A Ordinary Shares,$1.0903,-0.0197,-1.78%,5493870,China,2024,5931,Industrials,Building Products
MTEX,Mannatech Incorporated Common Stock,$4.75,0,0.00%,9165933,United States,,123,Health Care, Medicinal Chemicals and Botanical Products 
MTLS,Materialise NV American Depositary Shares,$5.63,0.07,1.26%,332548257,Belgium,2014,16542,Technology,Computer Software: Prepackaged Software
MTRX,Matrix Service Company Common Stock,$13.51,0.1,0.75%,380014752,United States,1990,27255,Consumer Discretionary,Engineering & Construction
MTSI,MACOM Technology Solutions Holdings Inc. Common Stock,$288.815,-2.905,-1.00%,21664582116,United States,2012,175710,Technology,Semiconductors
MTVA,MetaVia Inc. Common Stock,$1.45,-0.02,-1.36%,7488337,United States,2016,17261,Health Care,Biotechnology: Pharmaceutical Preparations
MU,Micron Technology Inc. Common Stock,$643.88,67.43,11.70%,7.26E+11,United States,,21847428,Technology,Semiconductors
MUZE,Muzero Acquisition Corp Class A Ordinary Shares,$9.87,-0.005,-0.05%,0,United States,2026,13756,Finance,Blank Checks
MUZEU,Muzero Acquisition Corp Unit,$10.01,0,0.00%,0,United States,2026,23,Finance,Blank Checks
MVBF,MVB Financial Corp. Common Stock,$25.45,0.42,1.68%,326900491,United States,,14429,Finance,Major Banks
MVIS,MicroVision Inc. Common Stock,$0.6794,0.0134,2.01%,222152065,United States,1996,603226,Technology,Industrial Machinery/Components
MVST,Microvast Holdings Inc. Common Stock,$1.975,0.105,5.62%,655765068,United States,2019,571833,Miscellaneous,Industrial Machinery/Components
MVSTW,Microvast Holdings Inc. Warrants,$0.046,0,0.00%,15273516,United States,2019,4820,Miscellaneous,Industrial Machinery/Components
MWH,SOLV Energy Inc. Class A Common Stock,$42.855,0.345,0.81%,8677727635,United States,2026,87513,Industrials,Military/Government/Technical
MWYN,Marwynn Holdings Inc. Common stock,$0.6799,0.0195,2.95%,13730447,United States,2025,18028,Consumer Discretionary,Food Distributors
MXCT,MaxCyte Inc. Common Stock,$0.8432,-0.0148,-1.73%,90324994,United States,2021,89929,Health Care,Biotechnology: Commercial Physical & Biological Resarch
MXL,MaxLinear Inc. Common Stock,$81.78,3.66,4.69%,7323068527,United States,2010,1204019,Technology,Semiconductors
MYFW,First Western Financial Inc. Common Stock,$28.47,0.15,0.53%,276983719,United States,2018,7248,Finance,Major Banks
MYGN,Myriad Genetics Inc. Common Stock,$4.96,0.02,0.41%,468437424,United States,1995,192627,Health Care,Biotechnology: In Vitro & In Vivo Diagnostic Substances
MYPS,PLAYSTUDIOS Inc.  Class A Common Stock,$0.427,0.01,2.40%,54761941,United States,2020,17038,Technology,Computer Software: Prepackaged Software
MYPSW,PLAYSTUDIOS Inc. Warrant,$0.0031,-0.0009,-22.50%,397569,United States,2020,25297,Technology,Computer Software: Prepackaged Software
MYRG,MYR Group Inc. Common Stock,$462.91,6.62,1.45%,7207988275,United States,2008,43038,Industrials,Water Sewer Pipeline Comm & Power Line Construction
MYSE,Myseum.AI Inc. Common Stock,$2.0761,-0.0539,-2.53%,10549233,United States,2021,30708,Telecommunications,Telecommunications Equipment
MYSEW,Myseum.AI Inc. Series A Warrant,$0.08,0.0051,6.81%,406502,United States,2021,1480,Telecommunications,Telecommunications Equipment
MYSZ,My Size Inc. Common Stock,$0.62,0,0.00%,2987262,Israel,,10060,Technology,Computer Software: Prepackaged Software
MYXXU,Maywood Acquisition Corp. 2 Units,$10.07,0,0.00%,0,United States,2026,1206,Finance,Blank Checks
MZTI,The Marzetti Company Common Stock,$115.09,-1.13,-0.97%,3156113070,United States,,54745,Consumer Staples,Packaged Foods
NA,Nano Labs Ltd Class A Ordinary Shares,$2.25,0.205,10.02%,52231703,China,2022,68425,Technology,Semiconductors
NAAS,NaaS Technology Inc. American Depositary Shares,$2.002,-0.078,-3.75%,24134512,China,2017,190,Consumer Discretionary,Other Specialty Stores
NAGE,Niagen Bioscience Inc. Common Stock,$4.885,-0.045,-0.91%,389062537,United States,,153428,Health Care, Medicinal Chemicals and Botanical Products 
NAII,Natural Alternatives International Inc. Common Stock,$2.6999,0.0299,1.12%,16676683,United States,,3965,Health Care, Medicinal Chemicals and Botanical Products 
NAKA,Nakamoto Inc. Common Stock,$0.1957,0.0047,2.46%,135036572,United States,2024,888453,Health Care,Medical/Nursing Services
NAMI,Jinxin Technology Holding Company American Depositary Shares,$0.3981,0.0301,8.18%,31478329,China,2024,1347,Real Estate,Other Consumer Services
NAMM,Namib Minerals Ordinary Shares,$1.8702,-0.0498,-2.59%,101893465,Cayman Islands,,87813,Basic Materials,Precious Metals
NAMMW,Namib Minerals Warrants,$0.23,0.0047,2.09%,12531011,Cayman Islands,,2100,Basic Materials,Precious Metals
NAMS,NewAmsterdam Pharma Company N.V. Ordinary Shares,$29.765,-0.095,-0.32%,3479636220,Netherlands,,158177,Health Care,Biotechnology: Pharmaceutical Preparations
NATH,Nathan's Famous Inc. Common Stock,$100.25,-0.01,-0.01%,410464101,United States,1993,15071,Consumer Discretionary,Restaurants
NATR,Nature's Sunshine Products Inc. Common Stock,$26.06,0.03,0.12%,456248264,United States,,10627,Health Care,Biotechnology: Pharmaceutical Preparations
NAUT,Nautilus Biotechnology Inc. Common Stock,$2.88,-0.01,-0.35%,365987102,United States,2020,93924,Industrials,Biotechnology: Laboratory Analytical Instruments
NAVI,Navient Corporation Common Stock,$8.925,-0.055,-0.61%,838771357,United States,,56204,Finance,Investment Bankers/Brokers/Service
NAVN,Navan Inc. Class A Common Stock,$18.48,0.14,0.76%,4634063539,United States,2025,643596,Technology,Computer Software: Prepackaged Software
NB,NioCorp Developments Ltd. Common Stock,$6.015,-0.025,-0.41%,753806850,United States,,1217077,Basic Materials,Metal Mining
NBBK,NB Bancorp Inc. Common Stock,$20.10,0.25,1.26%,907819997,United States,2023,19919,Finance,Banks
NBIS,Nebius Group N.V. Class A Ordinary Shares,$178.98,2.56,1.45%,45442698762,Netherlands,2011,4431784,Technology,Computer Software: Programming Data Processing
NBIX,Neurocrine Biosciences Inc. Common Stock,$135.09,1.02,0.76%,13587621164,United States,1996,215154,Health Care,Biotechnology: Biological Products (No Diagnostic Substances)
NBN,Northeast Bank Common Stock,$126.46,3.19,2.59%,1028119800,United States,,14117,Finance,Major Banks
NBP,NovaBridge Biosciences American Depositary Shares,$2.49,0.09,3.75%,287300413,China,2020,202554,Health Care,Biotechnology: Pharmaceutical Preparations
NBRGR,Newbridge Acquisition Limited Rights,$0.14,0,0.00%,0,Hong Kong,2026,13,,
NBRGU,Newbridge Acquisition Limited Unit,$10.03,0,0.00%,0,Hong Kong,2026,10,Finance,Blank Checks
NBTB,NBT Bancorp Inc. Common Stock,$44.645,0.575,1.31%,2321970646,United States,,16840,Finance,Major Banks
NBTX,Nanobiotix S.A. American Depositary Shares,$33.73,2.57,8.25%,1632871594,France,2020,9787,Health Care,Biotechnology: Pharmaceutical Preparations
NCEL,NewcelX Ltd. Ordinary Shares,$3.61,-0.17,-4.50%,19296114,Switzerland,2021,19802,Health Care,Biotechnology: Pharmaceutical Preparations
NCEW,New Century Logistics (BVI) Limited Ordinary Shares,$16.25,0,0.00%,52000000,Hong Kong,2024,575,Industrials,Integrated Freight & Logistics
NCI,Neo-Concept International Group Holdings Limited Class A Ordinary Shares,$1.07,0.01,0.94%,20237999,Hong Kong,2024,145627,Consumer Discretionary,Apparel
NCMI,National CineMedia Inc. Common Stock,$3.445,0.075,2.23%,321351043,United States,2007,53986,Consumer Discretionary,Advertising
NCNA,NuCana plc American Depositary Share,$2.25,0.04,1.81%,9364435,United Kingdom,2017,6851,Health Care,Biotechnology: Pharmaceutical Preparations
NCNO,nCino Inc. Common Stock,$17.9798,-0.0102,-0.06%,1956105113,United States,2020,275264,Technology,Computer Software: Prepackaged Software
NCPL,Netcapital Inc. Common Stock,$0.3801,0.003,0.80%,2982986,United States,,88740,Finance,Finance: Consumer Services
NCPLW,Netcapital Inc. Warrants,$0.0224,-0.0022,-8.94%,175793,United States,,8429,Finance,Finance: Consumer Services
NCRA,Nocera Inc. Common Stock,$0.2602,0.0032,1.25%,4443038,Taiwan,,105745,Consumer Staples,Farming/Seeds/Milling
NCSM,NCS Multistage Holdings Inc. Common Stock,$42.21,-2.31,-5.19%,110781116,United States,2017,28845,Energy,Oilfield Services/Equipment
NCT,Intercont (Cayman) Limited Class A Ordinary shares,$3.25,0.2,6.56%,3962959,China,2025,4704,Consumer Discretionary,Restaurants
NCTY,The9 Limited American Depository Shares,$5.58,0.29,5.48%,85224272,China,2004,2238,Finance,Finance: Consumer Services
NDAQ,Nasdaq Inc. Common Stock,$89.81,-1.49,-1.63%,50791219068,United States,,1384549,Finance,Investment Bankers/Brokers/Service
NDLS,Noodles & Company Class A Common Stock,$12.21,-0.605,-4.72%,71895203,United States,2013,17954,Consumer Discretionary,Restaurants
NDRA,ENDRA Life Sciences Inc. Common Stock,$4.94,0,0.00%,6129310,United States,2017,853,Health Care,Biotechnology: Electromedical & Electrotherapeutic Apparatus
NDSN,Nordson Corporation Common Stock,$284.18,3.76,1.34%,15852582880,United States,,17401,Industrials,Industrial Machinery/Components
NECB,NorthEast Community Bancorp Inc. Common Stock,$24.115,0.385,1.62%,333158540,United States,2021,3143,Finance,Banks
NEGG,Newegg Commerce Inc. Common Shares,$31.13,0.55,1.80%,652891358,China,2010,27565,Consumer Discretionary,Other Specialty Stores
NEO,NeoGenomics Inc. Common Stock,$8.98,-0.02,-0.22%,1169301784,United States,,198025,Health Care,Precision Instruments
NEOG,Neogen Corporation Common Stock,$9.27,0.18,1.98%,2017829090,United States,1989,121453,Health Care,Biotechnology: In Vitro & In Vivo Diagnostic Substances
NEON,Neonode Inc. Common Stock,$1.67,0.01,0.60%,28027480,Sweden,,20680,Technology,Industrial Machinery/Components
NEOV,NeoVolta Inc. Common Stock,$2.58,0,0.00%,110195157,United States,,76783,Miscellaneous,Industrial Machinery/Components
NEOVW,NeoVolta Inc. Warrant,$1.23,0.1801,17.15%,52534900,United States,,304,Miscellaneous,Industrial Machinery/Components
NEPH,Nephros Inc. Common Stock,$3.29,0.22,7.17%,35019642,United States,,10144,Health Care,Medical/Dental Instruments
NERV,Minerva Neurosciences Inc Common Stock,$6.265,-0.065,-1.03%,274670117,United States,2014,11075,Health Care,Biotechnology: Pharmaceutical Preparations
NESR,National Energy Services Reunited Corp Ordinary Shares,$24.20,0.09,0.37%,2439287497,United States,,319213,Energy,Oilfield Services/Equipment
NEUP,Neuphoria Therapeutics Inc. Common Stock,$5.2722,-0.0178,-0.34%,28421877,United States,2021,13177,Health Care,Biotechnology: Pharmaceutical Preparations
NEWT,NewtekOne Inc. Common Stock,$13.1899,0.3699,2.89%,380284483,United States,,20305,Finance,Major Banks
NEWTG,NewtekOne Inc. 8.50% Fixed Rate Senior Notes due 2029,$25.655,0.085,0.33%,675287113,United States,,200,Finance,Major Banks
NEWTH,NewtekOne Inc. 8.625% Fixed Rate Senior Notes due 2029,$25.48,0.22,0.87%,0,United States,,2729,Finance,Major Banks
NEWTI,NewtekOne Inc. 8.00% Fixed Rate Senior Notes due 2028,$25.3548,0,0.00%,667385293,United States,,12,Finance,Major Banks
NEWTO,NewtekOne Inc. 8.50% Fixed Rate Senior Notes due 2031,$25.31,-0.66,-2.54%,0,United States,,228,,
NEWTP,NewtekOne Inc. Depositary Shares Non-Cumulative Perpetual Preferred Stock Series B,$24.58,0.18,0.74%,708678049,United States,,377,Finance,Major Banks
NEXM,NexMetals Mining Corp. Common Shares,$2.48,0,0.00%,0,Canada,,304,,
NEXN,Nexxen International Ltd. Ordinary Shares,$7.63,-0.05,-0.65%,500243172,Israel,2021,14762,Technology,Computer Software: Programming Data Processing
NEXR,Nexera Technologies Ltd Ordinary Shares,$2.1307,0.0607,2.93%,1724096,Israel,2022,166730,Consumer Discretionary,Other Specialty Stores
NEXRW,Nexera Technologies Ltd Warrant,$0.019,0.0005,2.70%,15374,Israel,2022,2500,Consumer Discretionary,Other Specialty Stores
NEXT,NextDecade Corporation Common Stock,$8.175,-0.345,-4.05%,2166317669,United States,2015,713058,Utilities,Oil & Gas Production
NFBK,Northfield Bancorp Inc. Common Stock (Delaware),$14.09,0.18,1.29%,588454718,United States,2007,20316,Finance,Savings Institutions
NFE,New Fortress Energy Inc. Class A Common Stock,$0.8192,0.0015,0.18%,233105663,United States,2019,1806836,Utilities,Oil/Gas Transmission
NFLX,Netflix Inc. Common Stock,$89.345,-1.675,-1.84%,3.76E+11,United States,2002,9007538,Consumer Discretionary,Consumer Electronics/Video Chains
NGEN,NervGen Pharma Corp. Common stock,$3.6522,-0.0078,-0.21%,266010872,Canada,,64187,,
NGNE,Neurogene Inc. Common Stock ,$27.675,-0.545,-1.93%,432166878,Canada,2014,7815,Health Care,Biotechnology: Pharmaceutical Preparations
NHIC,NewHold Investment Corp III Class A Ordinary Shares,$10.58,-0.01,-0.09%,0,United States,2025,201,,
NHICW,NewHold Investment Corp III Warrants,$0.7499,0,0.00%,0,United States,2025,5,,
NHIVU,NewHold Investment Corp IV Units,$10.10,0.09,0.90%,0,United States,2026,30764,Finance,Blank Checks
NHP,National Healthcare Properties Inc. Class A Common Stock,$12.9205,-0.0195,-0.15%,367099610,United States,,18178,,
NHPAP,National Healthcare Properties Inc. 7.375% Series A Cumulative Redeemable Perpetual Preferred Stock,$21.40,-0.28,-1.29%,608020716,United States,,1197,Real Estate,Real Estate Investment Trusts
NHPBP,National Healthcare Properties Inc. 7.125% Series B Cumulative Redeemable Perpetual Preferred Stock,$20.78,-0.13,-0.62%,590405163,United States,,717,Real Estate,Real Estate Investment Trusts
NHTC,Natural Health Trends Corp. Common Stock,$3.16,0.05,1.61%,27106000,United States,,9780,Consumer Discretionary,Consumer Specialties
NICE,NICE Ltd American Depositary Shares,$123.03,-1.16,-0.93%,7308422447,Israel,,126870,Technology,Computer Software: Prepackaged Software
NICM,Nicola Mining Inc. American Depositary Shares,$6.21,-0.09,-1.43%,1425354653,Canada,,4794,,
NIOBW,NioCorp Developments Ltd. Warrant,$1.90,0,0.00%,238110227,United States,,105,Basic Materials,Metal Mining
NIPG,NIP Group Inc. American Depositary Shares,$0.663,-0.012,-1.78%,148749194,Sweden,2024,4514,Consumer Discretionary,Services-Misc. Amusement & Recreation
NIU,Niu Technologies American Depositary Shares,$3.10,-0.08,-2.52%,243151873,China,2018,57858,Industrials,Auto Manufacturing
NIVF,NewGenIvf Group Limited Class A Ordinary Shares,$1.43,-0.26,-15.39%,9423383,Singapore,,362247,Health Care,Misc Health and Biotechnology Services
NIVFW,NewGenIvf Group Limited Warrants,$0.023,-0.0008,-3.36%,13076,Singapore,,3727,Health Care,Misc Health and Biotechnology Services
NIXX,Nixxy Inc. Common Stock,$0.6178,-0.015,-2.37%,16614141,United States,,27334,Technology,EDP Services
NIXXW,Nixxy Inc. Warrant,$0.01,0.0031,44.93%,268924,United States,,2129,Technology,EDP Services
NKLR,Terra Innovatum Global N.V. Ordinary shares,$5.98,-0.13,-2.13%,420399669,Italy,,100150,Industrials,Metal Fabrications
NKSH,National Bankshares Inc. Common Stock,$35.83,-0.06,-0.17%,228180130,United States,,17375,Finance,Major Banks
NKTR,Nektar Therapeutics  Common Stock,$86.67,-0.22,-0.25%,2572335005,United States,,86424,Health Care,Biotechnology: Pharmaceutical Preparations
NKTX,Nkarta Inc. Common Stock,$3.06,0.04,1.33%,218150231,United States,2020,140638,Health Care,Biotechnology: Pharmaceutical Preparations
NMFC,New Mountain Finance Corporation Common Stock,$8.245,-0.315,-3.68%,812211347,United States,,268856,Finance,Finance/Investors Services
NMFCZ,New Mountain Finance Corporation 8.250% Notes due 2028,$25.24,0.01,0.04%,2684550656,United States,,1626,,
NMIH,NMI Holdings Inc. Common Stock,$37.65,0.69,1.87%,2860341696,United States,2013,37012,Finance,Property-Casualty Insurers
NMP,NMP Acquisition Corp. Class A Ordinary Shares,$10.19,0,0.00%,0,United States,2025,26,Finance,Blank Checks
NMPAR,NMP Acquisition Corp. Right,$0.1801,-0.0189,-9.50%,0,United States,2025,1036,Finance,Blank Checks
NMRA,Neumora Therapeutics Inc. Common Stock,$2.351,0.041,1.78%,429499667,United States,2023,128294,Health Care,Biotechnology: Biological Products (No Diagnostic Substances)
NMRK,Newmark Group Inc. Class A Common Stock,$15.88,0.24,1.54%,2928869310,United States,2017,162824,Finance,Real Estate
NMTC,NeuroOne Medical Technologies Corporation Common Stock,$4.5445,0.0545,1.21%,38395735,United States,,1839,Health Care,Medical/Dental Instruments
NN,NextNav Inc. Common Stock,$18.51,0.39,2.15%,2517881852,United States,,113500,Industrials,Industrial Machinery/Components
NNAVW,NextNav Inc. Warrant,$7.74,0.04,0.52%,1052858214,United States,,9839,Industrials,Industrial Machinery/Components
NNBR,NN Inc. Common Stock,$2.545,0.095,3.88%,127733866,United States,1994,80337,Industrials,Industrial Machinery/Components
NNDM,Nano Dimension Ltd. American Depositary Shares,$1.895,-0.005,-0.26%,394134014,Israel,,394607,Technology,Electrical Products
NNE,Nano Nuclear Energy Inc. Common Stock,$22.76,-0.56,-2.40%,1185413495,United States,2024,536495,Utilities,Electric Utilities: Central
NNNN,Anbio Biotechnology Class A Ordinary Shares,$31.50,1.52,5.07%,4532572800,Germany,2025,2691,Health Care,Biotechnology: In Vitro & In Vivo Diagnostic Substances
NNOX,NANO-X IMAGING LTD Ordinary Shares,$1.865,-0.005,-0.27%,129785775,Israel,2020,226754,Health Care,Medical Electronics
NODK,NI Holdings Inc. Common Stock,$13.045,0.165,1.28%,267690875,United States,2017,434,Finance,Property-Casualty Insurers
NOEM,CO2 Energy Transition Corp. Common Stock,$10.41,0,0.00%,0,United States,2025,1050,,
NOEMR,CO2 Energy Transition Corp. Right,$0.15,0,0.00%,0,United States,2025,43,,
NOMA,NOMADAR Corp. Class A Common Stock,$3.69,0.06,1.65%,52678071,United States,,2439,Consumer Discretionary,Services-Misc. Amusement & Recreation
NOTV,Inotiv Inc. Common Stock,$0.3001,-0.0021,-0.70%,10321931,United States,,309682,Health Care,Biotechnology: Commercial Physical & Biological Resarch
NOVT,Novanta Inc. Common Stock,$128.875,2.795,2.22%,4589320328,United States,,28093,Miscellaneous,Industrial Machinery/Components
NOVTU,Novanta Inc. Tangible Equity Units,$56.62,0.385,0.69%,2016274040,United States,,639,Miscellaneous,Industrial Machinery/Components
NPAC,New Providence Acquisition Corp. III Class A Ordinary Shares,$10.31,0,0.00%,0,United States,2025,2240,Finance,Blank Checks
NPACW,New Providence Acquisition Corp. III Warrants,$0.30,0,0.00%,0,United States,2025,94,Finance,Blank Checks
NPCE,Neuropace Inc. Common Stock,$16.94,0.04,0.24%,575120606,United States,2021,10601,Health Care,Medical/Dental Instruments
NPT,Texxon Holding Limited Ordinary shares,$1.6888,0.0388,2.35%,37466028,China,2025,28707,Consumer Discretionary,Specialty Chemicals
NRC,NRC Health Common Stock,$18.89,0.67,3.68%,425718187,United States,,6182,Health Care,Biotechnology: Commercial Physical & Biological Resarch
NRDS,NerdWallet Inc. Class A Common Stock,$10.95,0.05,0.46%,720416706,United States,2021,35040,Technology,EDP Services
NRIM,Northrim BanCorp Inc Common Stock,$24.2609,0.2909,1.21%,539678043,United States,,7490,Finance,Savings Institutions
NRIX,Nurix Therapeutics Inc. Common stock,$16.955,0.025,0.15%,1753245559,United States,2020,403141,Health Care,Biotechnology: Pharmaceutical Preparations
NRSN,NeuroSense Therapeutics Ltd. Ordinary Shares,$0.8936,0.0036,0.40%,31588593,Israel,2021,30671,Health Care,Biotechnology: Pharmaceutical Preparations
NRXP,NRX Pharmaceuticals Inc. Common Stock,$3.10,0.1,3.33%,102509653,United States,2017,565342,Health Care,Biotechnology: Pharmaceutical Preparations
NRXPW,NRX Pharmaceuticals Inc. Warrant,$0.0123,0.0023,23.00%,406732,United States,2017,2708,Health Care,Biotechnology: Pharmaceutical Preparations
NSIT,Insight Enterprises Inc. Common Stock,$70.825,0.345,0.49%,2185442209,United States,1995,28660,Consumer Discretionary,Catalog/Specialty Distribution
NSPR,InspireMD Inc. Common Stock,$1.08,-0.09,-7.69%,50644417,Israel,,160590,Health Care,Medical/Dental Instruments
NSSC,NAPCO Security Technologies Inc. Common Stock,$41.60,1.99,5.02%,1483635878,United States,,122943,Telecommunications,Telecommunications Equipment
NSTS,NSTS Bancorp Inc. Common Stock,$12.77,0.06,0.47%,67189776,United States,2022,3184,Finance,Savings Institutions
NSYS,Nortech Systems Incorporated Common Stock,$14.535,0.105,0.73%,40496458,United States,,6211,Technology,Industrial Machinery/Components
NTAP,NetApp Inc. Common Stock,$113.00,2.06,1.86%,22298335200,United States,1995,145630,Technology,Electronic Components
NTCL,NETCLASS TECHNOLOGY INC Class A Ordinary Shares,$0.387,0.0059,1.55%,23197904,China,2024,12901,Technology,Computer Software: Prepackaged Software
NTCT,NetScout Systems Inc. Common Stock,$35.38,0.27,0.77%,2555155983,United States,1999,32217,Technology,EDP Services
NTES,NetEase Inc. American Depositary Shares,$115.265,-0.985,-0.85%,73553836023,China,,95159,Technology,Computer Software: Prepackaged Software
NTGR,NETGEAR Inc. Common Stock,$24.74,0.03,0.12%,664019200,United States,2003,46793,Utilities,Telecommunications Equipment
NTHI,NeOnc Technologies Holdings Inc. Common Stock,$4.76,0.62,14.98%,118578654,United States,,21680,Health Care,Biotechnology: Pharmaceutical Preparations
NTIC,Northern Technologies International Corporation Common Stock,$7.9959,0.0959,1.21%,75897091,United States,,626,Industrials,Industrial Specialties
NTLA,Intellia Therapeutics Inc. Common Stock,$13.74,-0.13,-0.94%,1654948939,United States,2016,964305,Health Care,Biotechnology: In Vitro & In Vivo Diagnostic Substances
NTNX,Nutanix Inc. Class A Common Stock,$43.96,0.23,0.53%,11658723784,United States,2016,311627,Technology,Computer Software: Prepackaged Software
NTRA,Natera Inc. Common Stock,$208.63,-2.93,-1.39%,29787876995,United States,2015,202445,Health Care,Medical Specialities
NTRB,Nutriband Inc. Common Stock,$3.7964,0.0964,2.61%,46148974,United States,,2416,Health Care,Industrial Specialties
NTRBW,Nutriband Inc. Warrant,$1.525,0.355,30.34%,18537874,United States,,1099,Health Care,Industrial Specialties
NTRP,NextTrip Inc. Common Stock,$2.64,0,0.00%,36080370,United States,,614,Consumer Discretionary,Miscellaneous manufacturing industries
NTRS,Northern Trust Corporation Common Stock,$161.18,-0.06,-0.04%,29825917044,United States,,90890,Finance,Major Banks
NTRSO,Northern Trust Corporation Depositary Shares Each Representing a 1/1000th Interest in a Share of Series E Non-Cumulative Perpetual Preferred Stock,$19.16,0.03,0.16%,3545505463,United States,,2049,Finance,Major Banks
NTSK,Netskope Inc. Class A Common Stock,$10.49,0.17,1.65%,4199297091,United States,2025,457937,Technology,Computer Software: Prepackaged Software
NTWK,NetSol Technologies Inc. Common  Stock,$3.49,0.04,1.16%,41392922,United States,,2581,Technology,Computer Software: Prepackaged Software
NTWO,Newbury Street II Acquisition Corp Class A Ordinary Shares,$10.58,0,0.00%,0,United States,2024,150,,
NTWOW,Newbury Street II Acquisition Corp Warrant,$0.1802,0,0.00%,0,United States,2024,65,,
NUAI,New Era Energy & Digital Inc. Common Stock,$4.04,-0.11,-2.65%,247473990,United States,,674781,Energy,Oil & Gas Production
NUAIW,New Era Energy & Digital Inc. Warrants,$1.84,0.21,12.88%,112710926,United States,,3851,Energy,Oil & Gas Production
NUCL,Eagle Nuclear Energy Corp. Common stock,$10.78,-0.17,-1.55%,318864994,United States,,30427,Basic Materials,Other Metals and Minerals
NUCLW,Eagle Nuclear Energy Corp. Warrants,$2.05,-0.06,-2.84%,60637592,United States,,8916,Basic Materials,Other Metals and Minerals
NUTX,Nutex Health Inc. Common Stock,$134.05,-13.12,-8.92%,922443493,United States,,49967,Real Estate,Real Estate
NUVL,Nuvalent Inc. Class A Common Stock,$102.255,-0.365,-0.36%,8075896413,United States,2021,39325,Health Care,Biotechnology: Pharmaceutical Preparations
NUWE,Nuwellis Inc. Common Stock,$1.1285,0.0085,0.76%,2974408,United States,,9048,Health Care,Biotechnology: Electromedical & Electrotherapeutic Apparatus
NVA,Nova Minerals Limited American Depositary Shares,$5.90,0.07,1.20%,221755536,Australia,2024,56636,Basic Materials,Precious Metals
NVAWW,Nova Minerals Limited Warrant,$29.00,0,0.00%,13079817887,Australia,2024,100,Basic Materials,Precious Metals
NVAX,Novavax Inc. Common Stock,$8.07,0.04,0.50%,1326929352,United States,,401369,Health Care,Biotechnology: Biological Products (No Diagnostic Substances)
NVCR,NovoCure Limited Ordinary Shares,$16.18,-0.75,-4.43%,1873982809,Jersey,2015,324778,Health Care,Medical/Dental Instruments
NVCT,Nuvectis Pharma Inc. Common Stock,$9.015,0.125,1.41%,249427345,United States,2022,28455,Health Care,Biotechnology: Pharmaceutical Preparations
NVDA,NVIDIA Corporation Common Stock,$197.975,-0.505,-0.25%,4.81E+12,United States,1999,27375747,Technology,Semiconductors
NVEC,NVE Corporation Common Stock,$86.00,2.07,2.47%,415996276,United States,,6012,Technology,Semiconductors
NVMI,Nova Ltd. Ordinary Shares,$505.22,12.93,2.63%,16057393114,Israel,2000,38753,Technology,Electronic Components
NVNI,Nvni Group Limited Ordinary Shares,$1.28,-0.01,-0.78%,14965930,Cayman Islands,,34335,Technology,Computer Software: Prepackaged Software
NVNO,enVVeno Medical Corporation Common Stock,$10.68,0,0.00%,7000964,United States,2018,64,Health Care,Medical/Dental Instruments
NVTS,Navitas Semiconductor Corporation Common Stock,$16.48,0.56,3.52%,3851592976,United States,,6564826,Technology,Semiconductors
NVVE,Nuvve Holding Corp. Common Stock,$0.327,0.0036,1.11%,1736993,United States,2020,49111,Industrials,Electrical Products
NVX,NOVONIX Limited American Depository Shares,$0.6858,-0.0342,-4.75%,144030653,Australia,,109547,Miscellaneous,Industrial Machinery/Components
NWBI,Northwest Bancshares Inc. Common Stock,$13.985,0.205,1.49%,2045471874,United States,2009,121270,Finance,Major Banks
NWE,NorthWestern Energy Group Inc. Common Stock,$72.06,0.13,0.18%,4432267633,United States,,12007,Utilities,Power Generation
NWFL,Norwood Financial Corp. Common Stock,$29.42,0.01,0.03%,320388684,United States,,3096,Finance,Major Banks
NWGL,CL Workshop Group Limited American Depositary Shares,$0.945,0.015,1.61%,15642741,China,2023,35822,Energy,
NWL,Newell Brands Inc. Common Stock,$4.485,-0.125,-2.71%,1905801057,United States,,706698,Industrials,Plastic Products
NWPX,NWPX Infrastructure Inc. Common Stock,$110.205,3.565,3.34%,1062046467,United States,1995,25367,Industrials,Steel/Iron Ore
NWS,News Corporation Class B Common Stock,$29.52,-0.3,-1.01%,16394760331,United States,,247150,Consumer Discretionary,Newspapers/Magazines
NWSA,News Corporation Class A Common Stock,$25.585,-0.215,-0.83%,14209347665,United States,,454888,Consumer Discretionary,Newspapers/Magazines
NWTG,Newton Golf Company Inc. Common Stock,$1.1699,-0.0201,-1.69%,5372255,United States,2023,3290,Consumer Discretionary,Recreational Games/Products/Toys
NXGL,NexGel Inc Common Stock,$0.595,-0.0145,-2.38%,5043037,United States,2021,10005,Health Care,Medical/Dental Instruments
NXL,Nexalin Technology Inc. Common Stock,$0.37,-0.0104,-2.73%,7615209,United States,2022,17694,Health Care,Biotechnology: Electromedical & Electrotherapeutic Apparatus
NXPI,NXP Semiconductors N.V. Common Stock,$293.33,2.57,0.88%,74057341603,Netherlands,2010,535070,Technology,Semiconductors
NXPL,NextPlat Corp Common Stock,$6.48,0.15,2.37%,17551125,United States,,1412,Telecommunications,Telecommunications Equipment
NXPLW,NextPlat Corp Warrants,$0.0067,0,0.00%,18147,United States,,1,Telecommunications,Telecommunications Equipment
NXST,Nexstar Media Group Inc. Common Stock,$198.19,-1,-0.50%,6052517473,United States,2003,10299,Industrials,Broadcasting
NXT,Nextpower Inc. Class A Common Stock,$122.595,5.665,4.85%,18202395973,United States,2023,134687,Industrials,Industrial Machinery/Components
NXTC,NextCure Inc. Common Stock,$9.18,0.26,2.92%,33117355,United States,2019,5263,Health Care,Biotechnology: Pharmaceutical Preparations
NXTS,Nexentis Technologies Inc. Common Stock,$4.5458,-0.0041,-0.09%,3320521,Israel,,126964,Industrials,Agricultural Chemicals
NXTT,Next Technology Holding Inc. Ordinary Shares,$1.51,-0.06,-3.82%,115159205,China,,15351,Technology,EDP Services
NXXT,NextNRG Inc. Common Stock,$0.3382,-0.0108,-3.10%,52980712,United States,2021,854835,Consumer Discretionary,Retail-Auto Dealers and Gas Stations
NYAX,Nayax Ltd. Ordinary Shares,$72.00,1.78,2.54%,2689862040,Israel,,1672,Technology,Computer Software: Prepackaged Software
NYXH,Nyxoah SA Ordinary Shares,$2.95,0.07,2.43%,128804089,Belgium,2021,442,Health Care,Medical/Dental Instruments
OABI,OmniAb Inc. Common Stock,$1.385,-0.025,-1.77%,200787022,United States,2021,35506,Health Care,Biotechnology: Commercial Physical & Biological Resarch
OACC,Oaktree Acquisition Corp. III Life Sciences Class A Ordinary Share,$10.60,0,0.00%,0,United States,2024,23,Finance,Blank Checks
OBA,Oxley Bridge Acquisition Limited Class A Ordinary Shares,$10.16,0,0.00%,0,Hong Kong,2025,47,Finance,Blank Checks
OBAI,Our Bond Inc. Common Stock,$0.5147,0.0036,0.70%,10640488,United States,,92038,Consumer Discretionary,Telecommunications Equipment
OBIO,Orchestra BioMed Holdings Inc. Ordinary Shares,$4.015,-0.005,-0.12%,240421071,United States,2020,45305,Health Care, Medicinal Chemicals and Botanical Products 
OBT,Orange County Bancorp Inc. Common Stock,$33.94,0.47,1.40%,455056999,United States,,8941,Finance,Major Banks
OCC,Optical Cable Corporation Common Stock,$10.23,-0.63,-5.80%,90347248,United States,,85302,Industrials,Telecommunications Equipment
OCCI,OFS Credit Company Inc. Common Stock,$3.205,-0.005,-0.16%,37230915,United States,2018,64356,Finance,Trusts Except Educational Religious and Charitable
OCCIM,OFS Credit Company Inc. 7.875% Series F Term Preferred Stock,$25.20,0,0.00%,0,United States,,51,,
OCCIN,OFS Credit Company Inc. 5.25% Series E Term Preferred Stock Due 2026,$24.80,0.075,0.30%,288089448,United States,,394,Finance,Trusts Except Educational Religious and Charitable
OCFC,OceanFirst Financial Corp. Common Stock,$18.885,0.475,2.58%,1087777303,United States,,84669,Finance,Major Banks
OCG,Oriental Culture Holding LTD Ordinary Shares,$1.6113,-0.0387,-2.35%,3124090,China,2020,10479,Consumer Discretionary,Other Consumer Services
OCGN,Ocugen Inc. Common Stock,$1.485,-0.365,-19.73%,502700005,United States,2014,12569033,Health Care,Biotechnology: Biological Products (No Diagnostic Substances)
OCS,Oculis Holding AG Ordinary shares,$28.66,0.4,1.42%,1661833993,Switzerland,,237620,Health Care,Biotechnology: Pharmaceutical Preparations
OCSAW,Oculis Holding AG Warrants,$17.45,0.93,5.63%,1011828443,Switzerland,,1000,Health Care,Biotechnology: Pharmaceutical Preparations
OCSL,Oaktree Specialty Lending Corporation Common Stock,$12.16,-0.74,-5.74%,1071119960,United States,,456481,Finance,Finance: Consumer Services
OCUL,Ocular Therapeutix Inc. Common Stock,$9.47,-0.3,-3.07%,2073040758,United States,2014,669592,Health Care,Biotechnology: Pharmaceutical Preparations
ODD,ODDITY Tech Ltd. Class A Ordinary Shares,$14.48,-0.79,-5.17%,820388799,Israel,2023,229633,Consumer Discretionary,Package Goods/Cosmetics
ODFL,Old Dominion Freight Line Inc. Common Stock,$197.14,4.96,2.58%,41062709128,United States,1991,216764,Industrials,Trucking Freight/Courier Services
ODVWZ,Osisko Development Corp. Warrant expiring 5/27/2027,$0.1875,-0.005,-2.60%,57111892,Canada,,6048,Basic Materials,Precious Metals
ODYS,Odysight.ai Inc. Common Stock,$4.50,-0.09,-1.96%,73617345,Israel,,8234,Technology,Electronic Components
OESX,Orion Energy Systems Inc. Common Stock,$9.2501,0.1001,1.09%,37489388,United States,2015,1677,Consumer Discretionary,Building Products
OFAL,OFA Group Class A Ordinary Shares,$0.7329,-0.014,-1.87%,33908971,Hong Kong,2025,31888,Consumer Discretionary,Military/Government/Technical
OFIX,Orthofix Medical Inc. Common Stock (DE),$11.825,-0.185,-1.54%,477562901,Curacao,1992,45173,Health Care,Medical/Dental Instruments
OFLX,Omega Flex Inc. Common Stock,$29.09,0.2,0.69%,293643827,United States,,10321,Industrials,Industrial Specialties
OFS,OFS Capital Corporation Common Stock,$3.975,-0.005,-0.13%,53257360,United States,,6889,Finance,Finance/Investors Services
OFSSO,OFS Capital Corporation 7.50% Notes due 2028,$25.5355,0,0.00%,0,United States,,1,,
OGI,Organigram Global Inc. Common Shares,$1.41,0.02,1.44%,192235651,Canada,,90278,Health Care,Biotechnology: Pharmaceutical Preparations
OIM,OneIM Acquisition Corp. Class A Ordinary Shares,$10.04,-0.005,-0.05%,0,United States,2026,26374,,
OIMAU,OneIM Acquisition Corp. Units,$10.12,0,0.00%,0,United States,2026,382,Finance,Blank Checks
OIMAW,OneIM Acquisition Corp. Warrant,$0.60,0,0.00%,0,United States,2026,10,,
OIO,OIO Group Ordinary Shares,$1.8083,-0.0417,-2.25%,629328378,Singapore,,10126,Utilities,Environmental Services
OIOWW,OIO Group Warrants,$0.032,-0.0277,-46.40%,11136707,Singapore,,150,Utilities,Environmental Services
OKTA,Okta Inc. Class A Common Stock,$77.53,0.29,0.38%,13714121368,United States,2017,338320,Technology,Computer Software: Prepackaged Software
OKUR,OnKure Therapeutics Inc. Class A Common Stock,$4.4912,-0.1088,-2.37%,181424180,United States,2021,28814,Health Care,Biotechnology: Pharmaceutical Preparations
OKYO,OKYO Pharma Limited Ordinary Shares,$1.6324,-0.0476,-2.83%,55240416,Guernsey,2022,21441,Health Care,Biotechnology: Biological Products (No Diagnostic Substances)
OLB,The OLB Group Inc. Common Stock,$0.5577,0.0067,1.22%,6974456,United States,,161487,Real Estate,Real Estate
OLED,Universal Display Corporation Common Stock,$99.97,3.41,3.53%,4673686573,United States,,248249,Technology,Electrical Products
OLLI,Ollie's Bargain Outlet Holdings Inc. Common Stock,$81.50,-0.95,-1.15%,4943895461,United States,2015,114789,Consumer Discretionary,Department/Specialty Retail Stores
OLMA,Olema Pharmaceuticals Inc. Common Stock,$14.56,-0.07,-0.48%,1271759682,United States,2020,110900,Health Care,Biotechnology: Pharmaceutical Preparations
OLOX,Olenox Industries Inc. Common Stock,$0.6086,0.0053,0.88%,3762220,United States,2017,15583,Consumer Discretionary,RETAIL: Building Materials
OLPX,Olaplex Holdings Inc. Common Stock,$2.04,0.01,0.49%,1365581388,United States,2021,302059,Consumer Discretionary,Package Goods/Cosmetics
OM,Outset Medical Inc. Common Stock,$4.635,0.305,7.04%,85882995,United States,2020,45411,Health Care,Biotechnology: Electromedical & Electrotherapeutic Apparatus
OMAB,Grupo Aeroportuario del Centro Norte S.A.B. de C.V. ADS,$105.88,1.93,1.86%,5110952327,Mexico,2006,4331,Consumer Discretionary,Aerospace
OMCL,Omnicell Inc. Common Stock ($0.001 par value),$43.77,0.33,0.76%,1990541377,United States,2001,46813,Technology,Computer Manufacturing
OMDA,Omada Health Inc. Common Stock,$15.675,-0.045,-0.29%,931334059,United States,2025,56970,Health Care,Medical/Nursing Services
OMER,Omeros Corporation Common Stock,$14.88,-0.03,-0.20%,1073864750,United States,2009,129530,Health Care,Biotechnology: Pharmaceutical Preparations
OMEX,Odyssey Marine Exploration Inc. Common Stock,$1.19,0.04,3.48%,69637204,United States,,252318,Consumer Discretionary,Marine Transportation
OMH,Ohmyhome Limited Class A Ordinary Shares,$1.00,0,0.00%,23101131,Singapore,2023,146,Finance,Real Estate
OMSE,OMS Energy Technologies Inc. Ordinary Shares,$4.58,-0.09,-1.93%,194415064,Singapore,2025,10196,Consumer Discretionary,Oil and Gas Field Machinery
ON,ON Semiconductor Corporation Common Stock,$105.40,3.36,3.29%,41456699317,United States,,5187610,Technology,Semiconductors
ONB,Old National Bancorp Common Stock,$23.995,0.215,0.90%,9271020135,United States,,218048,Finance,Major Banks
ONBPO,Old National Bancorp Depositary Shares Each Representing a 1/40th Interest in a Share of Series C Preferred Stock,$24.84,0.0975,0.39%,9597505320,United States,,182,Finance,Major Banks
ONBPP,Old National Bancorp Depositary Shares Each Representing a 1/40th Interest in a Share of Series A Preferred Stock,$24.82,0.1175,0.48%,9589777860,United States,,7285,Finance,Major Banks
ONC,BeOne Medicines Ltd. American Depositary Shares,$294.755,-2.385,-0.80%,32755757064,Cayman Islands,2016,20240,Health Care,Biotechnology: Pharmaceutical Preparations
ONCH,1RT Acquisition Corp. Class A Ordinary Share,$10.20,0,0.00%,0,United States,2025,90,,
ONCHU,1RT Acquisition Corp. Units,$10.29,0,0.00%,0,United States,2025,1500,,
ONCHW,1RT Acquisition Corp. Warrant,$0.46,0.0199,4.52%,0,United States,2025,300,Finance,Blank Checks
ONCO,Onconetix Inc. Common Stock,$0.5456,-0.1013,-15.66%,6255070,United States,2022,1037414,Health Care,Biotechnology: Pharmaceutical Preparations
ONCY,Oncolytics Biotech Inc. Common Stock,$0.9062,-0.0214,-2.31%,97888876,Canada,,257957,Health Care,Biotechnology: Pharmaceutical Preparations
ONDS,Ondas Inc. Common Stock,$9.255,-0.475,-4.88%,4490004740,United States,,17633371,Technology,Radio And Television Broadcasting And Communications Equipment
ONEG,OneConstruction Group Limited Ordinary Shares,$9.75,0.94,10.67%,156000000,Hong Kong,2024,236025,Consumer Discretionary,Homebuilding
ONEW,OneWater Marine Inc. Class A Common Stock,$10.3701,0.1601,1.57%,172283076,United States,2020,13767,Consumer Discretionary,Auto & Home Supply Stores
ONFO,Onfolio Holdings Inc. Common Stock,$1.16,0.01,0.87%,6801329,United States,2022,25772,Technology,EDP Services
ONFOW,Onfolio Holdings Inc. Warrant,$0.10,0,0.00%,586322,United States,2022,95,Technology,EDP Services
ONMD,OneMedNet Corp Class A Common Stock,$1.02,-0.03,-2.86%,53240664,United Kingdom,2021,89091,Health Care,Biotechnology: Commercial Physical & Biological Resarch
ONMDW,OneMedNet Corp Warrant,$0.0496,-0.0001,-0.20%,2588958,United Kingdom,2021,2300,Health Care,Biotechnology: Commercial Physical & Biological Resarch
OPAL,OPAL Fuels Inc. Class A Common Stock,$2.235,0.055,2.52%,390580959,United States,2021,21889,Utilities,Natural Gas Distribution
OPBK,OP Bancorp Common Stock,$14.50,0.13,0.91%,215966466,United States,2018,4242,Finance,Major Banks
OPCH,Option Care Health Inc. Common Stock,$21.585,0.445,2.11%,3389438674,United States,,812322,Health Care,Medical/Nursing Services
OPEN,Opendoor Technologies Inc Common Stock,$5.035,-0.095,-1.85%,4857286699,United States,,7640722,Finance,Real Estate
OPENL,Opendoor Technologies Inc  Series A Warrants each whole warrant exercisable to purchase one share of Common Stock at an exercise price of $13.00 per warrant,$0.375,-0.0045,-1.19%,361764153,United States,,29835,Finance,Real Estate
OPENW,Opendoor Technologies Inc  Series K Warrants each whole warrant exercisable to purchase one share of Common Stock at an exercise price of $9.00 per warrant,$0.7235,-0.0026,-0.36%,697963640,United States,,53325,Finance,Real Estate
OPENZ,Opendoor Technologies Inc  Series Z Warrants each whole warrant exercisable to purchase one share of Common Stock at an exercise price of $17.00 per warrant,$0.3651,-0.0049,-1.32%,352213580,United States,,20976,Finance,Real Estate
OPK,OPKO Health Inc. Common Stock,$1.115,0.005,0.45%,841927865,United States,,445119,Health Care,Biotechnology: Pharmaceutical Preparations
OPRA,Opera Limited American Depositary Shares,$18.665,-0.245,-1.30%,1677619775,Norway,2018,125507,Technology,Computer Software: Prepackaged Software
OPRT,Oportun Financial Corporation Common Stock,$5.665,-0.035,-0.61%,252094018,United States,2019,47488,Finance,Finance: Consumer Services
OPRX,OptimizeRx Corporation Common Stock,$6.50,-0.27,-3.99%,121972988,United States,,148414,Real Estate,Real Estate
OPTX,Syntec Optics Holdings Inc. Class A Common Stock,$7.63,-0.45,-5.57%,296488142,United States,2022,230531,Technology,Electronic Components
OPTXW,Syntec Optics Holdings Inc. Warrant,$1.32,-0.061,-4.42%,51292837,United States,2022,18261,Technology,Electronic Components
OPXS,Optex Systems Holdings Inc. Common Stock,$10.825,0.005,0.05%,75096900,United States,,1823,Technology,Electronic Components
ORBS,Eightco Holdings Inc. Common Stock,$0.8101,-0.0139,-1.69%,304415558,United States,,3566087,,
ORGN,Origin Materials Inc. Common Stock,$1.51,0.04,2.72%,8191806,United States,2020,202541,Industrials,Major Chemicals
ORGNW,Origin Materials Inc. Warrants,$0.001,0.0001,11.11%,5425,United States,2020,72502,Industrials,Major Chemicals
ORGO,Organogenesis Holdings Inc. Class A Common Stock,$2.59,0.03,1.17%,333267079,United States,2016,206409,Health Care,Biotechnology: Pharmaceutical Preparations
ORIC,Oric Pharmaceuticals Inc. Common Stock,$9.255,-0.375,-3.89%,958055036,United States,2020,275949,Health Care,Biotechnology: Pharmaceutical Preparations
ORIO,Orion Digital Corp. Common Shares,$1.04,0.005,0.48%,24901292,Canada,,3274,Finance,Finance: Consumer Services
ORIQ,Origin Investment Corp I Ordinary Shares,$10.24,0,0.00%,0,Singapore,2025,520,,
ORIQW,Origin Investment Corp I Warrant.,$0.1312,0,0.00%,0,Singapore,2025,25,Finance,Blank Checks
ORIS,Oriental Rise Holdings Limited Ordinary Shares,$0.4654,-0.0044,-0.94%,2353442,China,2024,3912,Consumer Staples,Farming/Seeds/Milling
ORKA,Oruka Therapeutics Inc. Common Stock,$67.00,0.54,0.81%,3319360297,United States,,282817,Health Care,Biotechnology: In Vitro & In Vivo Diagnostic Substances
ORKT,Orangekloud Technology Inc. Class A Ordinary Shares,$0.9203,-0.0997,-9.78%,5374340,Singapore,2024,4952,Technology,Computer Software: Prepackaged Software
ORLY,O'Reilly Automotive Inc. Common Stock,$95.39,1.41,1.50%,79812762634,United States,1993,674756,Consumer Discretionary,Auto & Home Supply Stores
ORMP,Oramed Pharmaceuticals Inc. Common Stock,$3.925,-0.005,-0.13%,158751253,Israel,,20706,Health Care,Biotechnology: Pharmaceutical Preparations
ORRF,Orrstown Financial Services Inc. Common Stock,$36.735,0.525,1.45%,720733280,United States,,6325,Finance,Major Banks
OSBC,Old Second Bancorp Inc. Common Stock,$20.81,0.31,1.51%,1077530812,United States,,41336,Finance,Major Banks
OSIS,OSI Systems Inc. Common Stock (DE),$243.265,-39.605,-14.00%,4007194632,United States,1997,226709,Technology,Semiconductors
OSPN,OneSpan Inc. Common Stock,$11.86,-0.07,-0.59%,439684001,United States,,74909,Technology,EDP Services
OSRH,OSR Holdings Inc. Common Stock,$0.5251,-0.0555,-9.56%,17393809,United States,2023,978689,Health Care,Medical/Dental Instruments
OSRHW,OSR Holdings Inc. Warrant,$0.0467,-0.0201,-30.09%,1546926,United States,2023,25399,Health Care,Medical/Dental Instruments
OSS,One Stop Systems Inc. Common Stock,$9.835,0.075,0.77%,243603282,United States,2018,315067,Technology,Computer Manufacturing
OSUR,OraSure Technologies Inc. Common Stock,$3.01,0.06,2.03%,216616492,United States,,33063,Health Care,Medical/Dental Instruments
OSW,OneSpaWorld Holdings Limited Common Shares,$23.59,0.11,0.47%,2394735217,Bahamas,,40879,Consumer Discretionary,Hotels/Resorts
OTEX,Open Text Corporation Common Shares,$23.29,0.14,0.61%,5836538676,Canada,1996,246716,Technology,EDP Services
OTGA,OTG Acquisition Corp. I Class A Ordinary Share ,$10.09,0,0.00%,0,United States,2025,17830,Finance,Blank Checks
OTGAU,OTG Acquisition Corp. I Unit,$10.23,0.01,0.10%,0,United States,2025,1229,Finance,Blank Checks
OTGAW,OTG Acquisition Corp. I Warrants,$0.29,-0.0102,-3.40%,0,United States,2025,520,Finance,Blank Checks
OTLK,Outlook Therapeutics Inc. Common Stock,$0.2418,-0.0207,-7.89%,25295718,United States,2016,2411261,Health Care,Biotechnology: Biological Products (No Diagnostic Substances)
OTLY,Oatly Group AB American Depositary Shares,$11.06,0.09,0.82%,345348500,Sweden,2021,13619,Consumer Staples,Packaged Foods
OTTR,Otter Tail Corporation Common Stock,$88.1555,-2.4345,-2.69%,3698433973,United States,,30737,Utilities,Electric Utilities: Central
OUST,Ouster Inc. Common Stock,$29.155,1.005,3.57%,1856384828,United States,,1579508,Industrials,Industrial Machinery/Components
OVBC,Ohio Valley Banc Corp. Common Stock,$44.75,0.65,1.47%,210817295,United States,,2006,Finance,Major Banks
OVID,Ovid Therapeutics Inc. Common Stock,$2.945,0.015,0.51%,509594351,United States,2017,307719,Health Care,Biotechnology: Pharmaceutical Preparations
OVLY,Oak Valley Bancorp (CA) Common Stock,$33.195,0.135,0.41%,279284738,United States,,3506,Finance,Major Banks
OWLS,OBOOK Holdings Inc. Class A Common Shares,$5.955,-0.055,-0.92%,526373264,Taiwan,,3424,Technology,Computer Software: Prepackaged Software
OXBR,Oxbridge Re Holdings Limited Ordinary Shares,$0.9697,0.0097,1.01%,7855902,Cayman Islands,2014,7874,Finance,Property-Casualty Insurers
OXLC,Oxford Lane Capital Corp. Common Stock,$10.03,-0.11,-1.09%,1741208000,United States,2011,419037,Finance,Investment Managers
OXLCG,Oxford Lane Capital Corp. 7.95% Notes due 2032,$25.36,-0.04,-0.16%,0,United States,,333,Finance,Investment Managers
OXLCI,Oxford Lane Capital Corp. 8.75% Notes due 2030,$25.685,0,0.00%,0,United States,,1,,
OXLCL,Oxford Lane Capital Corp. 6.75% Notes due 2031,$24.20,-0.19,-0.78%,4201120000,United States,,402,Finance,Finance Companies
OXLCM,Oxford Lane Capital Corp. Preferred Stock Shares 8.25% Series 2031,$25.2499,0.0099,0.04%,4383382640,United States,,204,Finance,Investment Managers
OXLCN,Oxford Lane Capital Corp. 7.125% Series 2029 Term Preferred Stock,$24.86,0.01,0.04%,4315696000,United States,,1036,Finance,Investment Managers
OXLCO,Oxford Lane Capital Corp. Preferred Stock Shares 6.00% Series 2029,$23.652,0,0.00%,4105987200,United States,,41,Finance,Investment Managers
OXLCP,Oxford Lane Capital Corp. 6.25% Series 2027 Term Preferred Shares,$25.034,-0.016,-0.06%,4345902400,United States,,492,Finance,Investment Managers
OXLCZ,Oxford Lane Capital Corp. 5.00% Notes due 2027,$24.815,-0.015,-0.06%,4307884000,United States,,3535,Finance,Finance Companies
OXSQ,Oxford Square Capital Corp. Common Stock,$1.9335,-0.0165,-0.85%,180834623,United States,2003,364050,Finance,Blank Checks
OXSQG,Oxford Square Capital Corp. 5.50% Notes due 2028,$24.11,-0.18,-0.74%,1537202005,United States,,200,Consumer Discretionary,Other Consumer Services
OXSQH,Oxford Square Capital Corp. 7.75% Notes due 2030,$25.09,0.03,0.12%,0,United States,,100,Finance,Blank Checks
OYSE,Oyster Enterprises II Acquisition Corp Class A Ordinary Shares,$10.232,0,0.00%,0,United States,2025,125,Finance,Blank Checks
OZK,Bank OZK Common Stock,$48.245,0.345,0.72%,5458252688,United States,,63956,Finance,Major Banks
OZKAP,Bank OZK 4.625% Series A Non-Cumulative Perpetual Preferred Stock,$16.55,-0.01,-0.06%,1872402985,United States,,1112,Finance,Major Banks
PAA,Plains All American Pipeline L.P. Common Units representing Limited Partner Interests,$22.35,-0.3,-1.33%,17074139259,United States,1998,822070,Energy,Natural Gas Distribution
PAAC,Proem Acquisition Corp I Ordinary Shares,$9.89,0,0.00%,143078630,United States,2026,27,,
PAACU,Proem Acquisition Corp I Units,$10.02,0,0.00%,0,United States,2026,96,Finance,Blank Checks
PAACW,Proem Acquisition Corp I Warrants,$0.2511,-0.0489,-16.30%,0,United States,2026,179,Finance,Blank Checks
PACB,Pacific Biosciences of California Inc. Common Stock,$1.535,-0.015,-0.97%,476597697,United States,2010,1142478,Industrials,Biotechnology: Laboratory Analytical Instruments
PACH,Pioneer Acquisition I Corp Class A Ordinary Shares,$10.1701,-0.0199,-0.20%,0,United States,2025,127,,
PACHU,Pioneer Acquisition I Corp Units,$10.30,0,0.00%,0,United States,2025,3,,
PAGP,Plains GP Holdings L.P. Class A Units representing Limited Partner Interests,$23.91,-0.32,-1.32%,4731887605,United States,,445629,Energy,Natural Gas Distribution
PAHC,Phibro Animal Health Corporation Class A Common Stock,$55.89,1.21,2.21%,2265485277,United States,2014,12290,Health Care,Biotechnology: Pharmaceutical Preparations
PAL,Proficient Auto Logistics Inc. Common Stock,$7.22,0.03,0.42%,200775139,United States,2024,6081,Consumer Discretionary,Transportation Services
PALI,Palisade Bio Inc. Common Stock,$2.125,-0.005,-0.24%,355776429,United States,,716690,Health Care,Biotechnology: Biological Products (No Diagnostic Substances)
PALO,Paloma Acquisition Corp I Class A Ordinary Shares,$9.90,0.04,0.41%,0,United States,2026,201,Finance,Blank Checks
PALOU,Paloma Acquisition Corp I Units,$10.10,0.035,0.35%,0,United States,2026,857,Finance,Blank Checks
PAMT,PAMT CORP Common Stock,$9.97,0.51,5.39%,208815748,United States,,558,Industrials,Trucking Freight/Courier Services
PANL,Pangaea Logistics Solutions Ltd. Common Shares,$7.72,0.25,3.35%,504259955,United States,2013,63771,Consumer Discretionary,Marine Transportation
PANW,Palo Alto Networks Inc. Common Stock,$182.575,-1.985,-1.08%,1.49E+11,United States,,1459733,Technology,Computer peripheral equipment
PARK,Park Dental Partners Inc. Common Stock,$17.69,0,0.00%,79871305,United States,2025,253,Health Care,Misc Health and Biotechnology Services
PASG,Passage Bio Inc. Common Stock,$4.4399,-0.1301,-2.85%,14242356,United States,2020,40109,Health Care,Biotechnology: Biological Products (No Diagnostic Substances)
PASW,Ping An Biomedical Co. Ltd. Ordinary Shares,$0.1551,-0.0058,-3.61%,19317705,Hong Kong,1999,38440,Consumer Discretionary,Apparel
PATK,Patrick Industries Inc. Common Stock,$88.14,3.01,3.54%,2918420551,United States,,131466,Consumer Discretionary,Auto Parts:O.E.M.
PAVM,PAVmed Inc. Common Stock,$8.1872,0.0572,0.70%,97330514,United States,2016,560,Health Care,Medical/Dental Instruments
PAVS,Paranovus Entertainment Technology Ltd. Class A Ordinary Shares,$1.25,0.02,1.63%,686818,China,2019,8807,Health Care, Medicinal Chemicals and Botanical Products 
PAX,Patria Investments Limited Class A Common Shares,$12.75,0.07,0.55%,2057771549,Cayman Islands,2021,52072,Finance,Investment Managers
PAYO,Payoneer Global Inc. Common Stock,$4.955,-0.055,-1.10%,1671379692,United States,,347410,Real Estate,Real Estate
PAYP,PayPay Corporation American Depository Shares,$20.485,-0.695,-3.28%,13060646032,Japan,2026,165464,Real Estate,Real Estate
PAYS,Paysign Inc. Common Stock,$6.825,-0.025,-0.37%,376640314,United States,,54969,Technology,EDP Services
PAYX,Paychex Inc. Common Stock,$91.61,-0.87,-0.94%,32823027608,United States,1983,314898,Industrials,Diversified Commercial Services
PBFS,Pioneer Bancorp Inc. Common Stock,$14.33,0.11,0.77%,359350558,United States,2019,967,Finance,Banks
PBHC,Pathfinder Bancorp Inc. Common Stock (MD),$13.30,0,0.00%,64853633,United States,,1,Finance,Major Banks
PBM,Psyence Biomedical Ltd. Common Shares,$6.26,-0.43,-6.43%,13573783,Canada,,40182,Health Care,Biotechnology: Pharmaceutical Preparations
PBMWW,Psyence Biomedical Ltd. Warrant,$0.0265,-0.0033,-11.07%,57461,Canada,,1900,Health Care,Biotechnology: Pharmaceutical Preparations
PBYI,Puma Biotechnology Inc Common Stock,$7.67,0.14,1.86%,390339147,United States,,31421,Health Care,Biotechnology: Pharmaceutical Preparations
PCAP,ProCap Acquisition Corp Class A Ordinary Shares,$10.22,-0.01,-0.10%,0,United States,2025,5007,Finance,Blank Checks
PCAPU,ProCap Acquisition Corp Unit,$10.31,-0.0001,0.00%,0,United States,2025,5150,,
PCAPW,ProCap Acquisition Corp Warrant,$0.32,-0.02,-5.88%,0,United States,2025,1500,Finance,Blank Checks
PCAR,PACCAR Inc. Common Stock,$114.14,-0.23,-0.20%,60070310178,United States,,385357,Consumer Discretionary,Motor Vehicles
PCB,PCB Bancorp Common Stock,$24.275,0.175,0.73%,345467793,United States,2018,2120,Finance,Major Banks
PCLA,PicoCELA Inc. American Depositary Shares,$1.81,-0.09,-4.74%,7518387,Japan,2025,1510,Consumer Discretionary,Building Products
PCRX,Pacira BioSciences Inc. Common Stock,$25.49,0.8,3.24%,1002978583,United States,2011,62300,Health Care,Biotechnology: Pharmaceutical Preparations
PCSA,Processa Pharmaceuticals Inc. Common Stock,$2.6645,-0.0155,-0.58%,7087674,United States,,8178,Health Care,Biotechnology: Pharmaceutical Preparations
PCSC,Perceptive Capital Solutions Corp Class A Ordinary Shares,$11.30,0.15,1.35%,0,United States,2024,12375,,
PCT,PureCycle Technologies Inc. Common stock,$7.57,0.22,2.99%,1368090400,United States,,454627,Industrials,Major Chemicals
PCTTW,PureCycle Technologies Inc. Warrant,$1.32,0,0.00%,238557375,United States,,34,Industrials,Major Chemicals
PCTY,Paylocity Holding Corporation Common Stock,$107.395,-1.635,-1.50%,5786087337,United States,2014,28894,Technology,Computer Software: Prepackaged Software
PCVX,Vaxcyte Inc. Common Stock,$55.1601,-3.3299,-5.69%,7964413770,United States,2020,213494,Health Care,Biotechnology: Pharmaceutical Preparations
PCYO,Pure Cycle Corporation Common Stock,$11.36,-0.04,-0.35%,273820395,United States,,627,Utilities,Water Supply
PDC,Perpetuals.com Ltd American Depositary Shares,$8.03,-0.09,-1.11%,24496077,Japan,2023,7316,Technology,EDP Services
PDD,PDD Holdings Inc. American Depositary Shares,$97.55,-0.24,-0.25%,1.39E+11,China,2018,1065581,Technology,EDP Services
PDEX,Pro-Dex Inc. Common Stock,$53.00,1.77,3.46%,169216227,United States,,3808,Health Care,Medical/Dental Instruments
PDFS,PDF Solutions Inc. Common Stock,$45.48,1.08,2.43%,1815442124,United States,2001,33261,Technology,Computer Software: Prepackaged Software
PDLB,Ponce Financial Group Inc. Common Stock,$17.8445,0.4445,2.56%,431066571,United States,2017,1471,Finance,Savings Institutions
PDSB,PDS Biotechnology Corporation Common Stock,$1.00,0,0.00%,54404262,United States,2015,69780,Health Care,Biotechnology: Pharmaceutical Preparations
PDYN,Palladyne AI Corp. Common Stock,$5.96,-0.56,-8.59%,281575581,United States,,1411386,Technology,Computer Software: Prepackaged Software
PDYNW,Palladyne AI Corp Warrants,$0.055,-0.0011,-1.96%,2598432,United States,,36411,Technology,Computer Software: Prepackaged Software
PEBK,Peoples Bancorp of North Carolina Inc. Common Stock,$39.94,0.32,0.81%,218131911,United States,,4277,Finance,Major Banks
PEBO,Peoples Bancorp Inc. Common Stock,$34.129,0.319,0.94%,1226032142,United States,,8949,Finance,Major Banks
PECO,Phillips Edison & Company Inc. Common Stock,$39.965,0.265,0.67%,5035590000,United States,2021,30327,Real Estate,Real Estate Investment Trusts
PEGA,Pegasystems Inc. Common Stock,$36.285,-0.505,-1.37%,6063805911,United States,1996,227393,Technology,EDP Services
PENG,Penguin Solutions Inc. Common Stock,$33.915,1.515,4.68%,1721101734,United States,2017,729273,Technology,Semiconductors
PENN,PENN Entertainment Inc. Common Stock,$16.59,-0.2,-1.19%,2220461525,United States,1994,327538,Consumer Discretionary,Hotels/Resorts
PEP,PepsiCo Inc. Common Stock,$154.2166,-0.3734,-0.24%,2.11E+11,United States,,836408,Consumer Staples,Beverages (Production/Distribution)
PEPG,PepGen Inc. Common Stock,$1.775,-0.025,-1.39%,122775357,United States,2022,219690,Health Care,Biotechnology: Pharmaceutical Preparations
PERI,Perion Network Ltd. Ordinary Shares,$10.74,0.05,0.47%,422407626,Israel,2006,29336,Technology,EDP Services
PESI,Perma-Fix Environmental Services Inc. Common Stock,$12.71,0.02,0.16%,235739221,United States,,55138,Industrials,Environmental Services
PETS,PetMed Express Inc. Common Stock,$2.30,0.03,1.32%,49221139,United States,,2852,Consumer Staples,Retail-Drug Stores and Proprietary Stores
PETZ,TDH Holdings Inc. Common Shares,$0.96,-0.029,-2.93%,9910337,China,2017,789,Industrials,Steel/Iron Ore
PFAI,Pinnacle Food Group Limited Class A Common Shares,$3.82,-0.0084,-0.22%,44833736,Canada,2025,1436,Consumer Staples,Farming/Seeds/Milling
PFBC,Preferred Bank Common Stock,$96.26,1.45,1.53%,1381976905,United States,,56047,Finance,Major Banks
PFG,Principal Financial Group Inc Common Stock,$100.485,1.025,1.03%,21706004406,United States,2001,98441,Finance,Accident &Health Insurance
PFIS,Peoples Financial Services Corp. Common Stock,$57.00,0.96,1.71%,570324216,United States,,24460,Finance,Major Banks
PFSA,Profusa Inc. Common Stock,$0.5301,-0.0269,-4.83%,2337883,United States,,206510,Health Care,Medical/Dental Instruments
PFX,PhenixFIN Corporation Common Stock,$39.81,0.0099,0.03%,79550691,United States,,111,Finance,Finance: Consumer Services
PFXNZ,PhenixFIN Corporation  5.25% Notes due 2028,$23.9874,-0.1926,-0.80%,48067607,United States,,661,Finance,Finance: Consumer Services
PGAC,Pantages Capital Acquisition Corporation Class A Ordinary Shares,$10.51,0,0.00%,0,United States,2025,2,,
PGACR,Pantages Capital Acquisition Corporation Right,$0.229,0.029,14.50%,0,United States,2025,308,,
PGC,Peapack-Gladstone Financial Corporation Common Stock,$42.12,0.52,1.25%,740074725,United States,,8351,Finance,Commercial Banks
PGEN,Precigen Inc. Common Stock,$4.3099,0.1699,4.10%,1533910538,United States,,587632,Health Care,Biotechnology: Pharmaceutical Preparations
PGNY,Progyny Inc. Common Stock,$18.84,-0.07,-0.37%,1475718303,United States,2019,111485,Health Care,Misc Health and Biotechnology Services
PGY,Pagaya Technologies Ltd. Class A Ordinary Shares,$14.34,-0.02,-0.14%,1183429092,United States,,570262,Finance,Finance: Consumer Services
PGYWW,Pagaya Technologies Ltd. Warrants,$0.06,0.0002,0.33%,4951586,United States,,6867,Finance,Finance: Consumer Services
PHAR,Pharming Group N.V. ADS each representing 10 ordinary shares,$16.39,0,0.00%,1157547520,Netherlands,,163,Health Care,Biotechnology: Pharmaceutical Preparations
PHAT,Phathom Pharmaceuticals Inc. Common Stock,$12.385,-0.485,-3.77%,987777478,United States,2019,184587,Health Care,Biotechnology: Pharmaceutical Preparations
PHIO,Phio Pharmaceuticals Corp. Common Stock,$1.1695,0.0095,0.82%,13586374,United States,,24569,Health Care,Biotechnology: Pharmaceutical Preparations
PHOE,Phoenix Asia Holdings Limited Ordinary Shares,$20.00,2.5,14.29%,432000000,Hong Kong,2025,5743,Consumer Discretionary,Engineering & Construction
PHUN,Phunware Inc. Common Stock,$2.17,0,0.00%,43814205,Greece,2016,14604,Technology,EDP Services
PHVS,Pharvaris N.V. Ordinary Shares,$30.54,0.52,1.73%,1997554884,Netherlands,2021,27956,Health Care,Biotechnology: Pharmaceutical Preparations
PI,Impinj Inc. Common Stock,$144.58,1.4,0.98%,4403788967,United States,2016,87770,Technology,Industrial Machinery/Components
PICS,PicS N.V. Class A Common Shares,$11.73,0.08,0.69%,1520061879,Brazil,2026,15022,Finance,Finance: Consumer Services
PIII,P3 Health Partners Inc. Class A Common Stock,$2.81,-0.04,-1.40%,20337133,United States,2021,1889,Health Care,Medical/Nursing Services
PIIIW,P3 Health Partners Inc. Warrant,$0.005,0,0.00%,36187,United States,2021,8200,Health Care,Medical/Nursing Services
PKBK,Parke Bancorp Inc. Common Stock,$30.51,0.23,0.76%,357911285,United States,,6264,Finance,Major Banks
PKOH,Park-Ohio Holdings Corp. Common Stock,$28.9601,-0.0499,-0.17%,416976642,United States,,15235,Industrials,Industrial Specialties
PLAB,Photronics Inc. Common Stock,$50.63,1.15,2.32%,2985468528,United States,1987,88549,Technology,Semiconductors
PLAY,Dave & Buster's Entertainment Inc. Common Stock,$10.68,-0.12,-1.11%,371016845,United States,2014,122120,Consumer Discretionary,Restaurants
PLBC,Plumas Bancorp,$50.81,0.3,0.59%,354383135,United States,,1543,Finance,Finance Companies
PLBL,Polibeli Group Ltd Class A Ordinary Shares,$7.00,0,0.00%,2564712290,Indonesia,,57,Consumer Discretionary,Consumer Electronics/Appliances
PLBY,Playboy Inc. Common Stock,$1.785,0.035,2.00%,206096325,United States,2020,124282,Consumer Discretionary,Other Specialty Stores
PLCE,Children's Place Inc. (The) Common Stock,$3.03,-0.09,-2.89%,67306926,United States,1997,54270,Consumer Discretionary,Clothing/Shoe/Accessory Stores
PLMK,Plum Acquisition Corp. IV Class A Ordinary Shares,$10.61,0.01,0.09%,0,United States,2025,104,,
PLMKW,Plum Acquisition Corp. IV Warrants,$0.46,0.0001,0.02%,0,United States,2025,200,,
PLMR,Palomar Holdings Inc. Common stock,$113.915,-1.635,-1.42%,3020241381,United States,2019,115127,Finance,Property-Casualty Insurers
PLPC,Preformed Line Products Company Common Stock,$337.00,27.24,8.79%,1647260044,United States,,20252,Industrials,Water Sewer Pipeline Comm & Power Line Construction
PLRX,Pliant Therapeutics Inc. Common Stock,$1.215,0.025,2.10%,75226317,United States,2020,64439,Health Care,Biotechnology: Pharmaceutical Preparations
PLRZ,Polyrizon Ltd. Ordinary Shares,$14.89,-0.51,-3.31%,27871817,Israel,2024,2107,Health Care,Biotechnology: Pharmaceutical Preparations
PLSE,Pulse Biosciences Inc Common Stock (DE),$19.27,-0.76,-3.79%,1310149533,United States,2016,31693,Health Care,Medical/Dental Instruments
PLSM,Pulsenmore Ltd. Ordinary Shares,$3.40,0.03,0.89%,0,Israel,,183,Health Care,Medical/Dental Instruments
PLTK,Playtika Holding Corp. Common Stock,$3.635,-0.015,-0.41%,1382679646,Israel,2021,132722,Technology,EDP Services
PLTR,Palantir Technologies Inc. Class A Common Stock,$139.05,-6.98,-4.78%,3.33E+11,United States,,30111131,Technology,Computer Software: Prepackaged Software
PLUG,Plug Power Inc. Common Stock,$3.345,0.215,6.87%,4665691535,United States,1999,21591932,Energy,Industrial Machinery/Components
PLUR,Pluri Inc. Common Stock,$3.417,0.0396,1.17%,36817034,Israel,,2716,Health Care,Biotechnology: Biological Products (No Diagnostic Substances)
PLUS,ePlus inc. Common Stock,$86.53,0.94,1.10%,2283748303,United States,1996,38304,Technology,Retail: Computer Software & Peripheral Equipment
PLUT,Plutus Financial Group Limited Ordinary Shares,$3.01,0,0.00%,42892500,Hong Kong,2025,4,Finance,Investment Bankers/Brokers/Service
PLXS,Plexus Corp. Common Stock,$266.00,3.45,1.31%,7125199956,United States,,27007,Technology,Electrical Products
PLYX,Polaryx Therapeutics Inc. Common Stock,$4.87,-0.25,-4.88%,230561856,United States,,10961,Health Care,Biotechnology: Pharmaceutical Preparations
PMAX,Powell Max Limited Class A Ordinary Shares,$2.14,-0.06,-2.73%,3670813,Hong Kong,2024,22042,Consumer Discretionary,Other Consumer Services
PMCB,PharmaCyte  Biotech Inc. Common Stock,$0.75,-0.01,-1.32%,8051737,United States,,2492,Health Care,Biotechnology: Biological Products (No Diagnostic Substances)
PMEC,Primech Holdings Ltd. Ordinary Shares,$0.5931,-0.0449,-7.04%,22567455,Singapore,2023,14503,Consumer Discretionary,Diversified Commercial Services
PMN,ProMIS Neurosciences Inc. Common Shares (ON),$11.04,-0.03,-0.27%,99003331,Canada,,17867,Health Care,Biotechnology: Pharmaceutical Preparations
PMTR,Perimeter Acquisition Corp. I Class A Ordinary Shares,$10.31,0.0001,0.00%,0,United States,2025,200,Finance,Blank Checks
PMTRU,Perimeter Acquisition Corp. I Unit,$10.75,0,0.00%,0,United States,2025,10,Finance,Blank Checks
PMTRW,Perimeter Acquisition Corp. I Warrant,$0.5599,0,0.00%,0,United States,2025,20,Finance,Blank Checks
PMTS,CPI Card Group Inc. Common Stock,$16.98,-0.17,-0.99%,194573616,United States,,5638,Consumer Discretionary,Publishing
PMVP,PMV Pharmaceuticals Inc. Common Stock,$1.4112,0.0112,0.80%,75258438,United States,2020,7997,Health Care,Biotechnology: Pharmaceutical Preparations
PN,Skycorp Solar Group Limited Class A Ordinary Shares,$4.82,-0.6,-11.07%,68982635,China,2025,689888,Technology,Retail: Computer Software & Peripheral Equipment
PNBK,Patriot National Bancorp Inc. Common Stock,$1.115,0.015,1.36%,130550570,United States,,96297,Finance,Major Banks
PNRG,PrimeEnergy Resources Corporation Common Stock,$226.69,-1.95,-0.85%,366784420,United States,,4887,Energy,Oil & Gas Production
PNTG,The Pennant Group Inc. Common Stock ,$30.675,-0.425,-1.37%,1064625998,United States,,4796,Health Care,Medical/Nursing Services
POCI,Precision Optics Corporation Inc. Common stock,$4.3147,0.0847,2.00%,33369273,United States,,34389,Health Care,Biotechnology: Electromedical & Electrotherapeutic Apparatus
PODC,PodcastOne Inc. Common Stock,$3.75,0.28,8.07%,103079865,United States,,188739,Technology,Computer Software: Programming Data Processing
PODD,Insulet Corporation Common Stock,$168.54,-2.85,-1.66%,11673706358,United States,2007,102260,Health Care,Medical/Dental Instruments
POET,POET Technologies Inc. Common Shares,$8.55,1.44,20.25%,1307142896,Canada,,20533416,Technology,Semiconductors
POLA,Polar Power Inc. Common Stock,$1.8525,-0.0575,-3.01%,6743395,United States,2016,69186,Miscellaneous,Industrial Machinery/Components
POLE,Andretti Acquisition Corp. II Class A Ordinary Shares,$10.68,-0.01,-0.09%,0,United States,2024,3074,,
POLEW,Andretti Acquisition Corp. II Warrant,$0.1397,0,0.00%,0,United States,2024,1,,
POM,POMDOCTOR LIMITED American Depositary Shares,$0.3902,0.0101,2.66%,46207826,China,2025,113989,Consumer Discretionary,Other Specialty Stores
PONOU,Pono Capital Four Inc. Units,$10.05,0.035,0.35%,0,Cayman Islands,2026,168200,Industrials,Aerospace
PONY,Pony AI Inc. American Depositary Shares ,$10.26,-0.14,-1.35%,4448136334,China,2024,499884,Technology,EDP Services
POOL,Pool Corporation Common Stock,$190.29,-12.94,-6.37%,6934739041,United States,1995,427326,Consumer Discretionary,Industrial Specialties
POWI,Power Integrations Inc. Common Stock,$74.49,1.64,2.25%,4149389470,United States,1997,84470,Technology,Semiconductors
POWL,Powell Industries Inc. Common Stock,$285.005,15.055,5.58%,10381844359,United States,,341450,Energy,Electrical Products
POWW,Outdoor Holding Company Common Stock,$2.08,0.04,1.96%,243960542,United States,,70105,Industrials,Ordnance And Accessories
POWWP,Outdoor Holding Company 8.75% Series A Cumulative Redeemable Perpetual Preferred Stock,$24.865,-0.0351,-0.14%,2916384073,United States,,433,Industrials,Ordnance And Accessories
PPBT,Purple Biotech Ltd. American Depositary Shares,$4.46,0.24,5.69%,4145374,Israel,2015,662,Health Care,Biotechnology: Pharmaceutical Preparations
PPC,Pilgrim's Pride Corporation Common Stock,$31.17,0.58,1.90%,7416026901,United States,,191895,Consumer Staples,Meat/Poultry/Fish
PPCB,Propanc Biopharma Inc. Common Stock,$0.1031,0.0001,0.10%,2253692,Australia,,108134,Health Care,Biotechnology: Pharmaceutical Preparations
PPHC,Public Policy Holding Company Inc. Common Stock,$13.305,-0.155,-1.15%,334418235,United States,2026,4141,,
PPIH,Perma-Pipe International Holdings Inc. Common Stock,$32.62,0.33,1.02%,264981165,United States,,9464,Industrials,Pollution Control Equipment
PPSI,Pioneer Power Solutions Inc. Common Stock,$4.20,0.33,8.53%,46604317,United States,,111949,Industrials,Electrical Products
PPTA,Perpetua Resources Corp. Common Shares,$27.40,0.49,1.82%,3423621533,Canada,,132558,Basic Materials,Precious Metals
PRAA,PRA Group Inc. Common Stock,$21.74,0.35,1.64%,829182905,United States,2002,20486,Finance,Finance: Consumer Services
PRAX,Praxis Precision Medicines Inc. Common Stock,$334.35,-3.26,-0.97%,9319105177,United States,2020,55614,Health Care,Biotechnology: Pharmaceutical Preparations
PRCH,Porch Group Inc. Common Stock,$10.30,-0.06,-0.58%,1315469423,United States,2020,177919,Technology,Computer Software: Prepackaged Software
PRCT,PROCEPT BioRobotics Corporation Common Stock,$24.99,0.16,0.64%,1422401912,United States,2021,150920,Health Care,Medical/Dental Instruments
PRDO,Perdoceo Education Corporation Common Stock,$34.07,0.25,0.74%,2136236868,United States,,27223,Real Estate,Other Consumer Services
PRE,Prenetics Global Limited Class A Ordinary Share,$16.38,-0.12,-0.73%,280809924,Hong Kong,,30338,Finance,Blank Checks
PRENW,Prenetics Global Limited Warrant,$0.0179,0.0019,11.88%,306868,Hong Kong,,32900,Finance,Blank Checks
PRFX,PRF Technologies Ltd. Ordinary Shares,$1.95,-0.02,-1.02%,1646874,Israel,2020,4126,Health Care,Biotechnology: Pharmaceutical Preparations
PRGS,Progress Software Corporation Common Stock (DE),$28.6942,-0.6358,-2.17%,1207412051,United States,1991,54793,Technology,Computer Software: Prepackaged Software
PRHI,Presurance Holdings Inc. Common Stock,$0.699,0.0008,0.12%,18329794,United States,2015,294,Finance,Property-Casualty Insurers
PRHIZ,Presurance Holdings Inc. 9.75% Senior Unsecured Notes due 2028,$17.705,0,0.00%,216406108,United States,,1,Finance,Property-Casualty Insurers
PRLD,Prelude Therapeutics Incorporated Common Stock,$4.8905,0.1505,3.18%,317465683,United States,2020,38326,Health Care,Biotechnology: Pharmaceutical Preparations
PRME,Prime Medicine Inc. Common Stock,$3.455,-0.015,-0.43%,624027896,United States,2022,181145,Health Care,Biotechnology: Biological Products (No Diagnostic Substances)
PROF,Profound Medical Corp. Common Stock,$6.99,0.29,4.33%,254000083,Canada,,21604,Health Care,Medical/Dental Instruments
PROK,ProKidney Corp. Class A Ordinary Shares,$1.885,0.005,0.27%,569206583,United States,2021,39429,Health Care,Biotechnology: Biological Products (No Diagnostic Substances)
PROP,Prairie Operating Co. Common Stock,$1.18,-0.02,-1.67%,114866331,United States,,628594,Finance,Finance: Consumer Services
PROV,Provident Financial Holdings Inc. Common Stock,$17.16,0.06,0.35%,109395343,United States,,1664,Finance,Savings Institutions
PRPL,Purple Innovation Inc. Common Stock,$0.4816,0.0073,1.54%,52488952,United States,2015,19048,Consumer Discretionary,Home Furnishings
PRPO,Precipio Inc.  Common Stock,$28.29,-1.41,-4.75%,50492841,United States,,12301,Industrials,Biotechnology: Laboratory Analytical Instruments
PRQR,ProQR Therapeutics N.V. Ordinary Shares,$1.635,-0.005,-0.31%,172265340,Netherlands,2014,114373,Health Care,Biotechnology: Pharmaceutical Preparations
PRSO,Peraso Inc. Common Stock,$0.9802,-0.0008,-0.08%,12364135,United States,,180268,Technology,Semiconductors
PRTA,Prothena Corporation plc Ordinary Shares,$11.11,0.32,2.97%,598084430,United States,,46011,Health Care,Biotechnology: Pharmaceutical Preparations
PRTC,PureTech Health plc American Depositary Shares,$17.23,0.2,1.17%,416421601,United States,,8424,Health Care,Biotechnology: Pharmaceutical Preparations
PRTH,Priority Technology Holdings Inc. Common Stock,$5.27,-0.03,-0.57%,434023614,United States,2016,19488,Real Estate,Real Estate
PRTS,CarParts.com Inc. Common Stock,$0.9411,0,0.00%,66340144,United States,2007,21594,Consumer Discretionary,Auto & Home Supply Stores
PRVA,Privia Health Group Inc. Common Stock,$24.22,-0.02,-0.08%,3042637040,United States,2021,45017,Health Care,Medical/Nursing Services
PRZO,ParaZero Technologies Ltd. Ordinary Shares,$0.702,-0.0363,-4.92%,16445688,Israel,2023,143440,Industrials,Military/Government/Technical
PSEC,Prospect Capital Corporation Common Stock,$2.715,-0.005,-0.18%,1320806626,United States,2004,864327,Finance,Finance: Consumer Services
PSHG,Performance Shipping Inc. Common Shares,$1.86,0.04,2.20%,23123814,Greece,,13281,Consumer Discretionary,Marine Transportation
PSIG,PS International Group Ltd. Ordinary Shares,$6.25,-0.05,-0.79%,96103575,Hong Kong,,41165,Industrials,Integrated Freight & Logistics
PSIX,Power Solutions International Inc. Common Stock,$69.05,1.27,1.87%,1591633573,United States,,90415,Industrials,Industrial Machinery/Components
PSKY,Paramount Skydance Corporation Class B Common Stock,$10.62,-0.51,-4.58%,11806690578,United States,,3525724,Industrials,Broadcasting
PSMT,PriceSmart Inc. Common Stock,$155.45,2.34,1.53%,4802764391,United States,,28424,Consumer Discretionary,Department/Specialty Retail Stores
PSNL,Personalis Inc. Common Stock,$5.81,-0.09,-1.53%,608178599,United States,2019,191031,Health Care,Medical Specialities
PSNY,Polestar Automotive Holding UK PLC Class A ADS,$19.25,0.1,0.52%,2804628712,Sweden,,15255,Industrials,Auto Manufacturing
PSNYW,Polestar Automotive Holding UK PLC Class C-1 ADS (ADW),$3.15,0.22,7.51%,458939244,Sweden,,1423,Industrials,Auto Manufacturing
PSTV,PLUS THERAPEUTICS Inc. Common Stock ,$6.45,0.15,2.38%,44260081,United States,,51207,Health Care,Medical/Dental Instruments
PTC,PTC Inc. Common Stock,$137.44,-0.75,-0.54%,16354826183,United States,,89976,Technology,Computer Software: Prepackaged Software
PTCT,PTC Therapeutics Inc. Common Stock,$64.835,-0.655,-1.00%,5375585451,United States,2013,82358,Health Care,Biotechnology: Pharmaceutical Preparations
PTEN,Patterson-UTI Energy Inc. Common Stock,$12.435,0.145,1.18%,4720545515,United States,1993,866614,Energy,Oil & Gas Production
PTGX,Protagonist Therapeutics Inc. Common Stock,$99.33,-0.19,-0.19%,6387434026,United States,2016,81837,Health Care,Biotechnology: Pharmaceutical Preparations
PTLE,PTL LTD Class A Ordinary Shares,$6.15,0.25,4.24%,38628900,Singapore,2024,4765,Energy,Oil Refining/Marketing
PTLO,Portillo's Inc. Class A Common Stock,$5.105,-0.615,-10.75%,385859184,United States,2021,794004,Consumer Discretionary,Restaurants
PTON,Peloton Interactive Inc. Class A Common Stock,$5.195,0.055,1.07%,2210415823,United States,2019,1259711,Consumer Discretionary,Recreational Games/Products/Toys
PTOR,Praetorian Acquisition Corp. Class A Ordinary Shares,$9.84,0,0.00%,0,United States,2026,2,Finance,Blank Checks
PTORU,Praetorian Acquisition Corp. Units,$9.94,0,0.00%,0,United States,2026,105,,
PTORW,Praetorian Acquisition Corp. Warrant,$0.29,-0.0001,-0.03%,0,United States,2026,900,Finance,Blank Checks
PTRN,Pattern Group Inc. Series A Common Stock,$13.91,0.29,2.13%,2458821055,United States,2025,132335,Consumer Discretionary,Catalog/Specialty Distribution
PUBM,PubMatic Inc. Class A Common Stock,$10.155,-0.095,-0.93%,473977791,United States,2020,118589,Technology,Computer Software: Programming Data Processing
PULM,Pulmatrix Inc. Common Stock,$1.302,-0.008,-0.61%,4755275,United States,2014,1271,Health Care,Biotechnology: Pharmaceutical Preparations
PURR,Hyperliquid Strategies Inc Common Stock,$6.705,0.325,5.09%,831202141,United States,,1698803,Finance,Finance: Consumer Services
PVLA,Palvella Therapeutics Inc. Common Stock,$128.38,0.77,0.60%,1838874809,United States,,14968,Health Care,Biotechnology: Pharmaceutical Preparations
PWP,Perella Weinberg Partners Class A Common Stock,$19.74,0.39,2.02%,1834526497,United States,2020,230022,Finance,Finance: Consumer Services
PXLW,Pixelworks Inc.  Common Stock,$5.755,0.065,1.14%,36609040,United States,2000,767,Technology,Semiconductors
PXS,Pyxis Tankers Inc. Common Stock,$4.6996,0.0696,1.50%,48289043,Greece,,21887,Consumer Discretionary,Marine Transportation
PYPD,PolyPid Ltd. Ordinary Shares,$4.50,0.02,0.45%,85874562,Israel,2020,2594,Health Care,Biotechnology: Pharmaceutical Preparations
PYPL,PayPal Holdings Inc. Common Stock,$45.425,-4.965,-9.85%,41821186820,United States,,18184864,Industrials,Diversified Commercial Services
PYXS,Pyxis Oncology Inc. Common Stock,$1.915,0.155,8.81%,120368214,United States,2021,218042,Health Care,Biotechnology: Pharmaceutical Preparations
PZZA,Papa John's International Inc. Common Stock,$34.79,0.25,0.72%,1144281056,United States,1993,64348,Consumer Discretionary,Restaurants
QADRU,QDRO Acquisition Corp. Units,$9.98,0.055,0.55%,0,United States,2026,119,Finance,Blank Checks
QCLS,Q/C Technologies Inc. Common Stock,$3.79,0,0.00%,29764496,United States,2014,43673,Health Care,Biotechnology: In Vitro & In Vivo Diagnostic Substances
QCOM,QUALCOMM Incorporated Common Stock,$177.60,9.22,5.48%,1.87E+11,United States,1991,6623675,Technology,Radio And Television Broadcasting And Communications Equipment
QCRH,QCR Holdings Inc. Common Stock,$91.3298,1.7498,1.95%,1529162423,United States,,48888,Finance,Major Banks
QDEL,QuidelOrtho Corporation Common Stock,$12.4105,-0.0095,-0.08%,845098644,United States,,171577,Health Care,Biotechnology: In Vitro & In Vivo Diagnostic Substances
QETA,Quetta Acquisition Corporation Common Stock,$11.50,0,0.00%,0,United States,2023,2,Finance,Blank Checks
QETAR,Quetta Acquisition Corporation Right,$1.18,0,0.00%,0,United States,2023,10,Finance,Blank Checks
QETAU,Quetta Acquisition Corporation Unit,$12.00,0,0.00%,0,United States,2023,1,Finance,Blank Checks
QFIN,Qfin Holdings Inc. American Depositary Shares,$13.35,-0.03,-0.22%,1625387651,China,2018,89048,Finance,Finance: Consumer Services
QLYS,Qualys Inc. Common Stock,$91.00,-1.49,-1.61%,3211385359,United States,2012,98862,Technology,Computer Software: Prepackaged Software
QMCO,Quantum Corporation Common Stock,$7.64,0.08,1.06%,111834542,United States,,151337,Technology,Electronic Components
QNCX,Quince Therapeutics Inc. Common Stock,$1.20,-0.02,-1.64%,19560953,United States,2019,430867,Health Care,Biotechnology: Biological Products (No Diagnostic Substances)
QNRX,Quoin Pharmaceuticals Ltd. American Depositary Shares,$6.35,-0.01,-0.16%,11453031,Israel,2016,3855,Health Care,Medical/Dental Instruments
QNST,QuinStreet Inc. Common Stock,$13.51,0.77,6.04%,769988116,United States,2010,317262,Real Estate,Real Estate
QNTM,Quantum Biopharma Ltd. Class B Subordinate Voting Shares,$5.395,0.195,3.75%,31448885,Canada,,59048,Health Care,Biotechnology: Pharmaceutical Preparations
QQQX,Nuveen NASDAQ 100 Dynamic Overwrite Fund Shares of Beneficial Interest,$30.29,0.16,0.53%,0,United States,,13245,Finance,Finance Companies
QRHC,Quest Resource Holding Corporation Common Stock,$1.12,0,0.00%,23474921,United States,,1029,Utilities,Environmental Services
QRVO,Qorvo Inc. Common Stock,$94.485,1.955,2.11%,8759296080,United States,,157104,Technology,Semiconductors
QS,QuantumScape Corporation Class A Common Stock,$7.325,0.135,1.88%,4505937682,United States,,3255272,Miscellaneous,Industrial Machinery/Components
QSEA,Quartzsea Acquisition Corporation Ordinary Shares,$10.43,0.02,0.19%,0,United States,2025,1813,Finance,Blank Checks
QSI,Quantum-Si Incorporated Class A Common Stock,$0.9606,-0.0109,-1.12%,207843843,United States,2020,528155,Industrials,Industrial Machinery/Components
QSIAW,Quantum-Si Incorporated Warrant,$0.06,-0.01,-14.29%,12982126,United States,2020,5006,Industrials,Industrial Machinery/Components
QTI,QT Imaging Holdings Inc. Common Stock,$6.65,0.12,1.84%,80082625,United States,,226,Health Care,Biotechnology: Electromedical & Electrotherapeutic Apparatus
QTRX,Quanterix Corporation Common Stock,$3.40,0.03,0.89%,160020959,United States,2017,41244,Industrials,Biotechnology: Laboratory Analytical Instruments
QTTB,Q32 Bio Inc. Common Stock,$5.087,0.047,0.93%,79507078,United States,2018,27640,Health Care,Biotechnology: Pharmaceutical Preparations
QUBT,Quantum Computing Inc. Common Stock,$9.42,-0.08,-0.84%,2124418531,United States,,2859841,Technology,Computer Software: Prepackaged Software
QUCY,Quantum Cyber N.V. Ordinary Shares,$0.39,-0.01,-2.50%,4880981,Germany,2021,162384,Health Care,Biotechnology: Pharmaceutical Preparations
QUIK,QuickLogic Corporation Common Stock,$17.72,-0.59,-3.22%,314006108,United States,1999,199264,Technology,Semiconductors
QUMS,Quantumsphere Acquisition Corp. Ordinary Shares,$10.155,-0.005,-0.05%,0,United States,2025,336,,
QURE,uniQure N.V. Ordinary Shares,$20.2099,-0.4701,-2.27%,1273895659,Netherlands,2014,207361,Health Care,Biotechnology: Pharmaceutical Preparations
QXL,Quantum X Labs Inc. Common Stock,$3.175,0.055,1.76%,42343045,Israel,,8971,Technology,Computer Software: Prepackaged Software
RAAQ,Real Asset Acquisition Corp. Class A Ordinary Share,$10.85,-0.015,-0.14%,0,United States,2025,19122,Finance,Blank Checks
RAAQU,Real Asset Acquisition Corp. Unit,$12.60,0,0.00%,0,United States,2025,97,Finance,Blank Checks
RAAQW,Real Asset Acquisition Corp. Warrants,$2.45,0.1,4.26%,0,United States,2025,26165,Finance,Blank Checks
RADX,Radiopharm Theranostics Limited American Depositary Shares,$4.385,-0.115,-2.56%,55926527,Australia,,24693,Health Care,Biotechnology: Pharmaceutical Preparations
RAIL,FreightCar America Inc. Common Stock,$7.70,-0.36,-4.47%,146778594,United States,2005,108849,Industrials,Railroads
RAIN,Rain Enhancement Technologies Holdco Inc. Class A Common Stock,$2.10,0,0.00%,17196549,United States,,285,Technology,Industrial Machinery/Components
RAINW,Rain Enhancement Technologies Holdco Inc. Warrants,$0.2275,0,0.00%,1862960,United States,,1,Technology,Industrial Machinery/Components
RAND,Rand Capital Corporation Common Stock,$10.80,0,0.00%,32073991,United States,,127,Finance,Finance: Consumer Services
RANG,Range Capital Acquisition Corp. Ordinary Shares,$10.58,0,0.00%,0,United States,2025,14529,Finance,Blank Checks
RANGR,Range Capital Acquisition Corp. Rights,$0.30,0,0.00%,0,United States,2025,200,Finance,Blank Checks
RANGU,Range Capital Acquisition Corp. Units,$10.82,0,0.00%,0,United States,2024,10,Finance,Blank Checks
RANI,Rani Therapeutics Holdings Inc. Class A Common Stock,$0.91,-0.0222,-2.38%,112559980,United States,2021,201671,Health Care,Biotechnology: Pharmaceutical Preparations
RAPP,Rapport Therapeutics Inc. Common Stock,$36.24,0.71,2.00%,1732548258,United States,2024,12423,Health Care,Biotechnology: Pharmaceutical Preparations
RARE,Ultragenyx Pharmaceutical Inc. Common Stock,$24.81,0,0.00%,2439006941,United States,2014,127537,Health Care,Biotechnology: Pharmaceutical Preparations
RAVE,Rave Restaurant Group Inc. Common Stock,$2.845,0.055,1.97%,40431905,United States,,710,Consumer Discretionary,Food Distributors
RAY,Raytech Holding Limited Ordinary Shares,$2.7513,0.1813,7.05%,7496962,Hong Kong,2024,1705,Consumer Discretionary,Consumer Electronics/Appliances
RAYA,Erayak Power Solution Group Inc. Class A Ordinary Shares,$4.40,0.28,6.80%,4323304,China,2022,51560,Consumer Discretionary,Metal Fabrications
RBB,RBB Bancorp Common Stock,$24.25,0.36,1.51%,414048356,United States,2017,7723,Finance,Major Banks
RBBN,Ribbon Communications Inc. Common Stock,$2.73,0.06,2.25%,479135827,United States,,89637,Technology,EDP Services
RBCAA,Republic Bancorp Inc. Class A Common Stock,$77.09,1.28,1.69%,1511684406,United States,1998,20100,Finance,Major Banks
RBKB,Rhinebeck Bancorp Inc. Common Stock,$16.20,0.11,0.68%,180678163,United States,2019,886,Finance,Banks
RBNE,Robin Energy Ltd. Common Stock,$1.56,-0.07,-4.29%,4328789,Cyprus,,106129,Consumer Discretionary,Marine Transportation
RCAT,Red Cat Holdings Inc. Common Stock,$10.65,-0.35,-3.18%,1299845014,United States,,2700339,Technology,Computer Software: Prepackaged Software
RCEL,Avita Medical Inc. Common Stock,$4.22,-0.06,-1.40%,129877628,United States,,9892,Health Care,Medical/Dental Instruments
RCKT,Rocket Pharmaceuticals Inc. Common Stock,$3.585,-0.025,-0.69%,391205371,United States,2015,170403,Health Care,Biotechnology: Pharmaceutical Preparations
RCKTW,Rocket Pharmaceuticals Inc. Warrant,$0.0099,-0.0001,-1.00%,1080316,United States,,2120,Health Care,Biotechnology: Pharmaceutical Preparations
RCKY,Rocky Brands Inc. Common Stock,$36.475,0.185,0.51%,275049330,United States,1993,6897,Consumer Discretionary,Shoe Manufacturing
RCMT,RCM Technologies Inc. Common Stock,$30.61,-0.55,-1.77%,215016180,United States,,21556,Consumer Discretionary,Professional Services
RCON,Recon Technology Ltd. Class A Ordinary Shares,$0.90,-0.0065,-0.72%,27564683,China,2009,442,Energy,Oilfield Services/Equipment
RCT,RedCloud Holdings plc Ordinary Shares,$0.684,0.0031,0.46%,37837753,United Kingdom,2025,106430,Technology,Computer Software: Programming Data Processing
RDAC,Rising Dragon Acquisition Corp. Ordinary Shares,$8.4999,0.4899,6.12%,0,China,2024,34325,,
RDACR,Rising Dragon Acquisition Corp. Rights,$0.165,0.0224,15.71%,0,China,2024,28905,Finance,Blank Checks
RDACU,Rising Dragon Acquisition Corp. Unit,$9.86,0,0.00%,0,China,2024,85,Finance,Blank Checks
RDAG,Republic Digital Acquisition Company Class A Ordinary Shares,$10.25,0,0.00%,0,United States,2025,987,Finance,Blank Checks
RDAGW,Republic Digital Acquisition Company Warrants,$0.4999,0.0499,11.09%,0,United States,2025,6810,Finance,Blank Checks
RDCM,Radcom Ltd. Ordinary Shares,$15.75,-0.15,-0.94%,262874698,Israel,1997,31441,Technology,Computer peripheral equipment
RDGT,Ridgetech Inc. Ordinary Shares,$1.44,-0.06,-4.00%,1294425,China,,40145,Consumer Staples,Retail-Drug Stores and Proprietary Stores
RDHL,Redhill Biopharma Ltd. American Depositary Shares,$0.9395,-0.1005,-9.66%,4877189,Israel,,115374,Health Care,Biotechnology: Pharmaceutical Preparations
RDI,Reading International Inc Class A Common Stock,$1.10,0,0.00%,24988986,United States,,867,Consumer Discretionary,Movies/Entertainment
RDIB,Reading International Inc Class B Common Stock,$9.45,0,0.00%,214678107,United States,,123,Consumer Discretionary,Movies/Entertainment
RDNT,RadNet Inc. Common Stock,$58.81,0.55,0.94%,4618687340,United States,,64897,Health Care,Medical Specialities
RDNW,RideNow Group Inc. Class B Common Stock,$7.23,0.24,3.43%,278713492,United States,,1933,Technology,EDP Services
RDVT,Red Violet Inc. Common Stock ,$40.21,0.01,0.03%,567459242,United States,,6943,Technology,Computer Software: Prepackaged Software
RDWR,Radware Ltd. Ordinary Shares,$27.155,-0.075,-0.28%,1148845770,Israel,1999,20484,Real Estate,Real Estate
RDZN,Roadzen Inc. Ordinary Shares,$1.9353,-0.0147,-0.75%,154235034,United States,2022,357784,Finance,Specialty Insurers
RDZNW,Roadzen Inc. Warrants,$0.24,-0.0225,-8.57%,19126961,United States,2022,7115,Finance,Specialty Insurers
REAL,The RealReal Inc. Common Stock,$13.12,0.27,2.10%,1580472579,United States,2019,643650,Consumer Discretionary,Other Specialty Stores
REAX,The Real Brokerage Inc. Common Shares,$2.0599,-0.0101,-0.49%,439784940,Canada,,480077,Finance,Real Estate
REBN,Reborn Coffee Inc. Common Stock,$2.475,0.035,1.43%,20328301,United States,2022,1933,Consumer Discretionary,Restaurants
RECT,Rectitude Holdings Ltd Ordinary Shares,$1.27,-0.01,-0.78%,18415000,Singapore,2024,9867,Consumer Discretionary,Industrial Machinery/Components
REE,REE Automotive Ltd. Class A Ordinary Shares,$0.475,-0.0139,-2.84%,14734943,Israel,,22095,Industrials,Auto Manufacturing
REFI,Chicago Atlantic Real Estate Finance Inc. Common Stock,$12.1599,0.1999,1.67%,257877772,United States,2021,17105,Real Estate,Real Estate Investment Trusts
REFR,Research Frontiers Incorporated Common Stock,$0.882,0.0124,1.43%,30647931,United States,,4735,Miscellaneous,Multi-Sector Companies
REG,Regency Centers Corporation Common Stock,$78.8201,0.0701,0.09%,14430649453,United States,1993,72005,Real Estate,Real Estate Investment Trusts
REGCO,Regency Centers Corporation 5.875% Series B Cumulative Redeemable Preferred Stock,$22.12,0,0.00%,4049804122,United States,,8,Real Estate,Real Estate Investment Trusts
REGCP,Regency Centers Corporation 6.25% Series A Cumulative Redeemable Preferred Stock,$23.1718,0,0.00%,4242371210,United States,,32,Real Estate,Real Estate Investment Trusts
REGN,Regeneron Pharmaceuticals Inc. Common Stock,$704.85,-4.36,-0.62%,73895791705,United States,1991,77900,Health Care,Biotechnology: Pharmaceutical Preparations
REKR,Rekor Systems Inc. Common Stock,$0.8562,0.0056,0.66%,116938235,United States,,1346722,Telecommunications,Telecommunications Equipment
RELL,Richardson Electronics Ltd. Common Stock,$14.90,0.31,2.13%,216898138,United States,1983,9266,Technology,Electronic Components
RELY,Remitly Global Inc. Common Stock,$24.045,0.265,1.11%,5058027885,United States,2021,636082,Real Estate,Real Estate
RENT,Rent the Runway Inc. Class A Common Stock,$4.81,0.05,1.05%,160747377,United States,2021,19147,Consumer Discretionary,Other Specialty Stores
RENX,RenX Enterprises Corp. Common Stock,$1.9779,-0.5921,-23.04%,4959657,United States,,5332611,Finance,Real Estate
REPL,Replimune Group Inc. Common Stock,$2.91,-0.12,-3.96%,240286321,United States,2018,625146,Health Care,Biotechnology: Biological Products (No Diagnostic Substances)
RETO,ReTo Eco-Solutions Inc. Class A Shares,$0.6067,-0.0066,-1.08%,8541851,China,2017,26792,Industrials,Industrial Machinery/Components
REVB,Revelation Biosciences Inc. Common Stock,$1.06,-0.02,-1.85%,3943645,United States,2020,5841,Health Care,Biotechnology: Pharmaceutical Preparations
REVBW,Revelation Biosciences Inc. Warrant,$0.0084,0.0004,5.00%,31252,United States,2020,1010,Health Care,Biotechnology: Pharmaceutical Preparations
REYN,Reynolds Consumer Products Inc. Common Stock,$21.225,0.525,2.54%,4472865020,United States,2020,426578,Consumer Discretionary,Containers/Packaging
RFAI,RF Acquisition Corp II Ordinary Shares,$10.92,0,0.00%,0,Singapore,2024,3015,,
RFAIR,RF Acquisition Corp II Right,$0.10,0,0.00%,0,Singapore,2024,100,Technology,Computer Software: Prepackaged Software
RFAIU,RF Acquisition Corp II Unit,$10.84,0,0.00%,0,Singapore,2024,10,Technology,Computer Software: Prepackaged Software
RFAM,RF Acquisition Corp III Ordinary Shares,$9.85,0.01,0.10%,0,Singapore,2026,153,,
RFAMR,RF Acquisition Corp III Rights,$0.115,0,0.00%,0,Singapore,2026,50,,
RFAMU,RF Acquisition Corp III Units,$9.93,0,0.00%,0,Singapore,2026,10,Finance,Blank Checks
RFIL,RF Industries Ltd. Common Stock,$14.28,0.34,2.44%,154427733,United States,,14126,Technology,Electrical Products
RGC,Regencell Bioscience Holdings Limited Ordinary Shares,$27.77,0.41,1.50%,13731956975,Hong Kong,2021,14329,Health Care, Medicinal Chemicals and Botanical Products 
RGCO,RGC Resources Inc. Common Stock,$22.85,0,0.00%,237514028,United States,,663,Utilities,Oil & Gas Production
RGEN,Repligen Corporation Common Stock,$125.085,6.875,5.82%,7054703188,United States,1986,537696,Health Care,Biotechnology: Biological Products (No Diagnostic Substances)
RGLD,Royal Gold Inc. Common Stock,$226.78,-1.64,-0.72%,19239811552,United States,,86404,Industrials,Precious Metals
RGNX,REGENXBIO Inc. Common Stock,$9.34,-0.05,-0.53%,482104956,United States,2015,57216,Health Care,Biotechnology: Biological Products (No Diagnostic Substances)
RGP,Resources Connection Inc. Common Stock,$4.25,0.04,0.95%,145899712,United States,,26438,Real Estate,Real Estate
RGS,Regis Corporation Common Stock,$26.56,-0.03,-0.11%,66367544,United States,1991,339,Consumer Discretionary,Other Consumer Services
RGTI,Rigetti Computing Inc. Common Stock,$17.545,-0.155,-0.88%,5831002640,United States,,6801865,Technology,EDP Services
RGTIW,Rigetti Computing Inc. Warrants,$7.48,-0.2699,-3.48%,2485944699,United States,,30088,Technology,EDP Services
RIBB,Ribbon Acquisition Corp Class A Ordinary Shares,$10.63,0,0.00%,0,Japan,2025,1,,
RIBBU,Ribbon Acquisition Corp Unit,$10.48,0,0.00%,0,Japan,2025,3,,
RICK,RCI Hospitality Holdings Inc. Common Stock,$25.19,0.19,0.76%,194214900,United States,1995,4422,Consumer Discretionary,Restaurants
RIGL,Rigel Pharmaceuticals Inc. Common Stock,$29.66,0.12,0.41%,548117364,United States,2000,21590,Health Care,Biotechnology: Pharmaceutical Preparations
RILY,BRC Group Holdings Inc. Common Stock,$8.7199,0.1099,1.28%,306512612,United States,,106481,Finance,Investment Managers
RILYG,BRC Group Holdings Inc. 5.00% Senior Notes due 2026,$23.9852,0.0552,0.23%,731478227,United States,,675,Finance,Investment Managers
RILYL,BRC Group Holdings Inc. Depositary Shares each representing 1/1000th in a share of 7.375% Series B Cumulative Perpetual Preferred Stock par value $0.0001,$14.805,0.405,2.81%,520409548,United States,,724,Finance,Investment Managers
RILYN,BRC Group Holdings Inc. 6.50% Senior Notes Due 2026,$24.725,-0.025,-0.10%,754039957,United States,,2374,Finance,Investment Managers
RILYP,BRC Group Holdings Inc. Depositary Shares each representing a 1/1000th fractional interest in a share of Series A Cumulative Perpetual Preferred Stock,$14.32,0.32,2.29%,503361346,United States,,3840,Finance,Investment Managers
RILYT,BRC Group Holdings Inc. 6.00% Senior Notes Due 2028,$20.23,0.11,0.55%,616955645,United States,,10203,Finance,Investment Managers
RILYZ,BRC Group Holdings Inc. 5.25% Senior Notes due 2028,$18.545,0.065,0.35%,565568089,United States,,4183,Finance,Investment Managers
RIME,Algorhythm Holdings Inc. Common Stock,$0.8883,-0.0517,-5.50%,13015074,United States,,225816,Consumer Staples,Diversified Electronic Products
RIOT,Riot Platforms Inc. Common Stock ,$19.575,0.895,4.79%,7395713102,United States,,5118883,Finance,Finance: Consumer Services
RITR,Reitar Logtech Holdings Limited Ordinary shares,$0.49,-0.0052,-1.05%,30597438,Hong Kong,2024,4336,Finance,Real Estate
RIVN,Rivian Automotive Inc. Class A Common Stock,$15.0401,0.5301,3.65%,18956809664,United States,2021,7511308,Industrials,Auto Manufacturing
RJET,Republic Airways Holdings Inc. Common Stock,$19.10,0.4,2.14%,894442992,United States,2018,6600,Consumer Discretionary,Air Freight/Delivery Services
RKDA,Arcadia Biosciences Inc. Common Stock,$1.15,-0.05,-4.17%,2365417,United States,2015,578,Consumer Staples,Farming/Seeds/Milling
RKLB,Rocket Lab Corporation Common Stock,$78.62,-1.69,-2.10%,45266825126,United States,2020,5632632,Industrials,Military/Government/Technical
RLAY,Relay Therapeutics Inc. Common Stock,$12.91,-0.18,-1.38%,2470193862,United States,2020,180411,Health Care,Biotechnology: Biological Products (No Diagnostic Substances)
RLMD,Relmada Therapeutics Inc. Common Stock,$7.56,0.15,2.02%,792954966,United States,,43487,Health Care,Biotechnology: Pharmaceutical Preparations
RLYB,Rallybio Corporation Common Stock,$14.17,0.05,0.35%,74954695,United States,2021,159622,Health Care,Biotechnology: Pharmaceutical Preparations
RMBI,Richmond Mutual Bancorporation Inc. Common Stock,$15.24,0.09,0.59%,160039202,United States,2019,758,Finance,Major Banks
RMBS,Rambus Inc. Common Stock,$115.70,4.2,3.77%,12511447082,United States,1997,402362,Technology,Semiconductors
RMCF,Rocky Mountain Chocolate Factory Inc. Common Stock,$2.4398,0.0598,2.51%,22770219,United States,,4614,Consumer Staples,Specialty Foods
RMCO,Royalty Management Holding Corporation Class A Common Stock,$3.135,0.265,9.23%,47494325,United States,2023,4172,Miscellaneous,Multi-Sector Companies
RMIX,Suncrete Inc. Class A Common Stock,$17.03,0.095,0.56%,1458068835,United States,,15173,Industrials,Building Materials
RMNI,Rimini Street Inc. (DE) Common Stock,$3.821,-0.069,-1.77%,353671760,United States,2015,78401,Real Estate,Real Estate
RMR,The RMR Group Inc. Class A Common Stock,$19.13,0.46,2.46%,613272926,United States,,29002,Consumer Discretionary,Professional Services
RMSG,Real Messenger Corporation Ordinary Shares,$1.415,0.055,4.04%,13543363,United States,,25135,Technology,Computer Software: Programming Data Processing
RMSGW,Real Messenger Corporation Warrants,$0.0508,-0.0187,-26.91%,486221,United States,,11894,Technology,Computer Software: Programming Data Processing
RMTI,Rockwell Medical Inc. Common Stock,$0.89,0,0.00%,35070719,United States,1998,39837,Health Care,Biotechnology: Pharmaceutical Preparations
RNA,Atrium Therapeutics Inc. Common Stock,$12.805,-0.065,-0.51%,1986691217,United States,,18198,Health Care,Biotechnology: Pharmaceutical Preparations
RNAC,Cartesian Therapeutics Inc. Common Stock,$7.02,0.09,1.30%,206258228,United States,2016,48994,Health Care,Biotechnology: Pharmaceutical Preparations
RNAZ,TransCode Therapeutics Inc. Common Stock,$7.75,0.01,0.13%,7106502,United States,2021,1081,Health Care,Biotechnology: Pharmaceutical Preparations
RNGT,Range Capital Acquisition Corp II Class A Ordinary Shares,$10.02,-0.01,-0.10%,0,United States,2025,438,Finance,Blank Checks
RNGTU,Range Capital Acquisition Corp II Units,$10.13,-0.08,-0.78%,0,United States,2025,200,Finance,Blank Checks
RNTX,Rein Therapeutics Inc. Common Stock,$1.02,0,0.00%,28599813,United States,2017,664864,Health Care,Biotechnology: Pharmaceutical Preparations
RNW,ReNew Energy Global plc Class A Ordinary Shares,$5.245,-0.005,-0.10%,1902724160,United Kingdom,,249046,Utilities,Electric Utilities: Central
RNWWW,ReNew Energy Global plc Warrant,$0.0074,0.0005,7.25%,2684492,United Kingdom,,10002,Utilities,Electric Utilities: Central
RNXT,RenovoRx Inc. Common Stock,$0.8994,0.0142,1.60%,40520404,United States,2021,13544,Health Care,Biotechnology: Pharmaceutical Preparations
ROAD,Construction Partners Inc. Class A Common Stock,$129.67,4.46,3.56%,7328348806,United States,2018,88318,Industrials,Military/Government/Technical
ROC,Rank One Computing Corporation Common stock,$6.1611,0.0911,1.50%,117554570,United States,2026,2696,Technology,Computer Software: Prepackaged Software
ROCK,Gibraltar Industries Inc. Common Stock,$38.26,1.34,3.63%,1134827144,United States,1993,23183,Industrials,Steel/Iron Ore
ROIV,Roivant Sciences Ltd. Common Shares,$28.32,-0.04,-0.14%,20268656200,United Kingdom,,238707,Health Care,Biotechnology: Pharmaceutical Preparations
ROKU,Roku Inc. Class A Common Stock,$125.49,-0.53,-0.42%,18520264082,United States,2017,708828,Telecommunications,Cable & Other Pay Television Services
ROMA,Roma Green Finance Limited Class A Ordinary Shares,$6.53,-0.53,-7.51%,388956649,Hong Kong,2024,6615,Consumer Discretionary,Professional Services
ROOT,Root Inc. Class A Common Stock,$53.76,1.22,2.32%,850598031,United States,2020,22098,Finance,Property-Casualty Insurers
ROP,Roper Technologies Inc. Common Stock,$355.8371,0.6071,0.17%,35910140366,United States,1992,116657,Technology,Computer Software: Programming Data Processing
ROST,Ross Stores Inc. Common Stock,$228.19,2.17,0.96%,73510985892,United States,1985,157461,Consumer Discretionary,Clothing/Shoe/Accessory Stores
RPAY,Repay Holdings Corporation Class A Common Stock,$3.652,-0.348,-8.70%,313637346,United States,2018,476196,Real Estate,Real Estate
RPD,Rapid7 Inc. Common Stock,$6.75,0.26,4.01%,450712229,United States,2015,450807,Technology,Computer Software: Prepackaged Software
RPGL,Republic Power Group Limited Class A Ordinary Shares,$1.622,0.102,6.71%,5038383,Singapore,2025,155535,Technology,Computer Software: Prepackaged Software
RPID,Rapid Micro Biosystems Inc. Class A Common Stock,$2.50,0.01,0.40%,114417600,United States,2021,6532,Industrials,Biotechnology: Laboratory Analytical Instruments
RPRX,Royalty Pharma plc Class A Ordinary Shares ,$50.26,0.06,0.12%,28996863019,United States,2020,404509,Health Care,Biotechnology: Pharmaceutical Preparations
RR,Richtech Robotics Inc. Class B Common Stock,$2.395,-0.055,-2.25%,879736798,United States,2023,1531324,Industrials,Industrial Machinery/Components
RRBI,Red River Bancshares Inc. Common Stock,$87.58,-0.94,-1.06%,576029950,United States,2019,36308,Consumer Discretionary,Hotels/Resorts
RREVU,RRE Ventures Acquisition Corp. Units,$9.995,0.015,0.15%,0,United States,2026,44846,,
RRGB,Red Robin Gourmet Burgers Inc. Common Stock,$3.535,-0.045,-1.26%,64108392,United States,2002,13361,Consumer Discretionary,Restaurants
RRR,Red Rock Resorts Inc. Class A Common Stock,$52.21,0.53,1.03%,5448188578,United States,2016,46282,Consumer Discretionary,Hotels/Resorts
RSSS,Research Solutions Inc Common Stock,$2.655,0.005,0.19%,87364039,United States,,1370,Technology,EDP Services
RSVR,Reservoir Media Inc. Common Stock,$10.08,0.07,0.70%,661250208,United States,2021,3315,Consumer Discretionary,Services-Misc. Amusement & Recreation
RTAC,Renatus Tactical Acquisition Corp I Class A Ordinary Shares,$10.355,0.005,0.05%,0,United States,2025,45582,Finance,Blank Checks
RTACU,Renatus Tactical Acquisition Corp I Unit,$10.64,0.04,0.38%,0,United States,2025,966,Finance,Blank Checks
RTACW,Renatus Tactical Acquisition Corp I Warrant,$0.80,0,0.00%,0,United States,2025,84,Finance,Blank Checks
RUBI,Rubico Inc. Common Stock,$3.51,-0.03,-0.85%,2694929,Greece,,2853,Consumer Discretionary,Marine Transportation
RUM,Rumble Inc. Class A Common Stock,$7.20,0.1,1.41%,3133660363,United States,2021,462256,Technology,Computer Software: Programming Data Processing
RUMBW,Rumble Inc. Warrant,$1.30,-0.03,-2.26%,565799788,United States,2021,16427,Technology,Computer Software: Programming Data Processing
RUN,Sunrun Inc. Common Stock,$13.13,0.43,3.39%,3078885251,United States,2015,1049527,Miscellaneous,Industrial Machinery/Components
RUSHA,Rush Enterprises Inc. Common Stock Cl A,$71.225,0.195,0.28%,5576392572,United States,,26044,Consumer Discretionary,Retail-Auto Dealers and Gas Stations
RUSHB,Rush Enterprises Inc. Class B,$69.33,1.58,2.33%,5428028038,United States,,1599,Consumer Discretionary,Retail-Auto Dealers and Gas Stations
RVMD,Revolution Medicines Inc. Common Stock,$146.115,-1.785,-1.21%,29247885430,United States,2020,236217,Health Care,Biotechnology: Biological Products (No Diagnostic Substances)
RVMDW,Revolution Medicines Inc. Warrant,$5.245,-0.115,-2.15%,1049893297,United States,,11384,Health Care,Biotechnology: Biological Products (No Diagnostic Substances)
RVPH,Reviva Pharmaceuticals Holdings Inc. Common Stock ,$0.8662,0.023,2.73%,11096349,United States,2020,46576,Health Care,Biotechnology: Pharmaceutical Preparations
RVSB,Riverview Bancorp Inc Common Stock,$5.17,0.03,0.58%,107075358,United States,,15036,Finance,Savings Institutions
RVSN,Rail Vision Ltd. Ordinary Share,$7.56,0.0001,0.00%,16572926,Israel,2022,2259,Industrials,Railroads
RVYL,Ryvyl Inc. Common Stock,$7.08,-0.08,-1.12%,9060736,United States,,3235,Consumer Discretionary,Professional Services
RWAY,Runway Growth Finance Corp. Common Stock,$6.76,-0.13,-1.89%,287060331,United States,2021,58886,Finance,Finance: Consumer Services
RWAYI,Runway Growth Finance Corp. 7.25% Notes due 2031,$25.33,0,0.00%,0,United States,,114,Finance,Finance: Consumer Services
RWAYL,Runway Growth Finance Corp. 7.50% Notes due 2027,$25.50,0.0001,0.00%,923524116,United States,,103,Finance,Finance: Consumer Services
RXRX,Recursion Pharmaceuticals Inc. Class A Common Stock,$3.43,-0.09,-2.56%,1817568240,United States,2021,1946688,Health Care,Biotechnology: Biological Products (No Diagnostic Substances)
RXST,RxSight Inc. Common Stock,$7.32,-0.06,-0.81%,303023178,United States,2021,33451,Health Care,Ophthalmic Goods
RXT,Rackspace Technology Inc. Common Stock,$2.17,0.16,7.96%,540812823,United States,2020,2644389,Technology,Computer Software: Programming Data Processing
RYAAY,Ryanair Holdings plc American Depositary Shares,$53.50,0.26,0.49%,28153507712,Ireland,1997,544628,Consumer Discretionary,Air Freight/Delivery Services
RYET,Ruanyun Edai Technology Inc. Ordinary shares,$1.06,-0.0419,-3.80%,36411004,China,2025,1221,Technology,Computer Software: Prepackaged Software
RYM,RYTHM Inc. Common Stock,$28.03,0,0.00%,60240058,United States,2021,202,Consumer Staples,Farming/Seeds/Milling
RYOJ,rYojbaba Co. Ltd. Common Shares,$2.23,0.04,1.83%,25756500,Japan,2025,2589,Consumer Discretionary,Professional Services
RYTM,Rhythm Pharmaceuticals Inc. Common Stock,$93.305,7.725,9.03%,6394201634,United States,2017,651660,Health Care,Biotechnology: Pharmaceutical Preparations
RZLT,Rezolute Inc. Common Stock (NV),$3.275,-0.025,-0.76%,313409918,United States,,148437,Health Care,Biotechnology: Pharmaceutical Preparations
RZLV,Rezolve AI PLC Ordinary Shares,$2.53,-0.07,-2.69%,1012991168,United Kingdom,,3686685,Technology,Computer Software: Programming Data Processing
RZLVW,Rezolve AI PLC Warrants,$0.995,-0.02,-1.97%,398389807,United Kingdom,,7825,Technology,Computer Software: Programming Data Processing
SAAQ,Space Asset Acquisition Corp. Class A Ordinary Shares,$10.17,0,0.00%,0,United States,2026,37,Finance,Blank Checks
SAAQU,Space Asset Acquisition Corp. Units,$10.36,0,0.00%,0,United States,2026,50,Finance,Blank Checks
SAAQW,Space Asset Acquisition Corp. Warrants,$0.7612,0.0212,2.87%,0,United States,2026,2705,,
SABR,Sabre Corporation Common Stock,$1.875,0.005,0.27%,740949641,United States,2014,236525,Technology,Computer Software: Programming Data Processing
SABS,SAB Biotherapeutics Inc. Common Stock,$3.58,-0.11,-2.98%,182404712,United States,2021,48121,Health Care,Biotechnology: Biological Products (No Diagnostic Substances)
SABSW,SAB Biotherapeutics Inc. Warrant,$0.0169,0,0.00%,861073,United States,2021,1,Health Care,Biotechnology: Biological Products (No Diagnostic Substances)
SAFT,Safety Insurance Group Inc. Common Stock,$76.62,1.33,1.77%,1125079882,United States,2002,23131,Finance,Property-Casualty Insurers
SAFX,XCF Global Inc. Class A Common Stock,$0.5188,-0.0686,-11.68%,142902779,United States,,4614059,Industrials,Major Chemicals
SAGT,SAGTEC GLOBAL LIMITED Class A Ordinary shares,$1.43,-0.12,-7.74%,17946500,Malaysia,2025,170157,Technology,Computer Software: Prepackaged Software
SAIA,Saia Inc. Common Stock,$421.69,16.6,4.10%,11246984232,United States,,63025,Industrials,Trucking Freight/Courier Services
SAIC,Science Applications International Corporation Common Stock,$96.635,-0.225,-0.23%,4165199168,United States,,38403,Technology,EDP Services
SAIH,SAIHEAT Limited Class A Ordinary Shares,$10.86,0.01,0.09%,19899430,Singapore,2021,167,Technology,EDP Services
SAIL,SailPoint Inc. Common Stock,$11.96,-0.19,-1.56%,6783982141,United States,2025,249592,Technology,Computer Software: Prepackaged Software
SAMG,Silvercrest Asset Management Group Inc. Class A Common Stock,$13.26,0.12,0.91%,156248985,United States,2013,2388,Finance,Investment Managers
SANA,Sana Biotechnology Inc. Common Stock,$3.4599,0.0499,1.46%,934144466,United States,2021,269578,Health Care,Biotechnology: Biological Products (No Diagnostic Substances)
SANG,Sangoma Technologies Corporation Common Shares,$4.31,0,0.00%,143165188,Canada,,14,Technology,Computer Software: Programming Data Processing
SANM,Sanmina Corporation Common Stock,$224.09,7.55,3.49%,12010716436,United States,1993,203900,Technology,Electrical Products
SATA,Strive Inc. Variable Rate Series A Perpetual Preferred Stock,$99.42,0.135,0.14%,6875766405,United States,,37843,,
SATL,Satellogic Inc. Class A Common Stock,$6.935,-0.125,-1.77%,993393652,Uruguay,,1948819,Technology,Radio And Television Broadcasting And Communications Equipment
SATLW,Satellogic Inc. Warrant,$1.5824,-0.1876,-10.60%,226668510,Uruguay,,9424,Technology,Radio And Television Broadcasting And Communications Equipment
SATS,EchoStar  Corporation Common Stock,$118.36,-1.98,-1.65%,34191346671,United States,,527174,Consumer Discretionary,Telecommunications Equipment
SBAC,SBA Communications Corporation Class A Common Stock,$218.555,0.645,0.30%,23180469362,United States,1999,47527,Real Estate,Real Estate Investment Trusts
SBC,SBC Medical Group Holdings Incorporated Common Stock,$3.241,-0.039,-1.19%,332451872,United States,2022,24272,Health Care,Medical/Nursing Services
SBCF,Seacoast Banking Corporation of Florida Common Stock,$31.03,0.11,0.36%,3030309246,United States,,58075,Finance,Major Banks
SBET,Sharplink Inc. Common Stock,$7.55,-0.02,-0.26%,1488570254,United States,,1134302,Technology,Computer Software: Prepackaged Software
SBFG,SB Financial Group Inc. Common Stock,$21.34,-0.19,-0.88%,134494390,United States,,281,Finance,Major Banks
SBFM,Sunshine Biopharma Inc. Common Stock,$1.07,-0.03,-2.73%,5249361,Canada,,6508,Health Care,Biotechnology: Pharmaceutical Preparations
SBGI,Sinclair Inc. Class A Common Stock,$14.65,-0.1,-0.68%,1054935762,United States,1995,27234,Industrials,Broadcasting
SBLK,Star Bulk Carriers Corp. Common Shares,$26.19,0.89,3.52%,2920974629,Greece,,461736,Consumer Discretionary,Marine Transportation
SBRA,Sabra Health Care REIT Inc. Common Stock,$20.30,-0.16,-0.78%,5119458929,United States,,118296,Real Estate,Real Estate Investment Trusts
SBUX,Starbucks Corporation Common Stock,$105.33,0.36,0.34%,1.20E+11,United States,1992,885088,Consumer Discretionary,Restaurants
SCAG,Scage Future American Depositary Shares,$0.80,-0.0607,-7.05%,58087732,China,,203915,Consumer Discretionary,Construction/Ag Equipment/Trucks
SCAGW,Scage Future Warrants,$0.0453,0.0012,2.72%,3289218,China,,6590,Consumer Discretionary,Construction/Ag Equipment/Trucks
SCHL,Scholastic Corporation Common Stock,$38.45,-0.47,-1.21%,835994357,United States,1992,36705,Consumer Discretionary,Books
SCII,SC II Acquisition Corp. Class A ordinary share,$10.00,0,0.00%,0,United States,2026,5002,,
SCIIU,SC II Acquisition Corp. Units,$10.18,0.01,0.10%,0,United States,2025,200,,
SCKT,Socket Mobile Inc. Common Stock,$0.86,-0.04,-4.44%,7071744,United States,,929,Technology,Computer Manufacturing
SCLX,Scilex Holding Company Common Stock,$10.63,-0.52,-4.66%,90262168,United States,2021,16554,Health Care,Biotechnology: Biological Products (No Diagnostic Substances)
SCLXW,Scilex Holding Company Warrant,$0.20,0.002,1.01%,1698253,United States,2021,6507,Health Care,Biotechnology: Biological Products (No Diagnostic Substances)
SCNI,Scinai Immunotherapeutics Ltd. American Depositary Shares,$0.6344,-0.0105,-1.63%,2242914,Israel,2015,42179,Health Care,Biotechnology: Biological Products (No Diagnostic Substances)
SCNX,Scienture Holdings Inc. Common Stock,$0.4043,0.0133,3.40%,16427039,United States,,28619,Health Care,Other Pharmaceuticals
SCOR,comScore Inc. Common Stock,$7.34,0,0.00%,110512750,United States,2018,305,Real Estate,Real Estate
SCPQ,Social Commerce Partners Corporation Class A Ordinary Shares,$9.91,0,0.00%,0,United States,2026,2998,,
SCPQU,Social Commerce Partners Corporation Unit,$10.03,0.03,0.30%,0,United States,2025,199,,
SCSC,ScanSource Inc. Common Stock,$42.075,0.805,1.95%,903787199,United States,,21926,Technology,Retail: Computer Software & Peripheral Equipment
SCVL,Shoe Carnival Inc. Common Stock,$17.48,0.36,2.10%,480423484,United States,1993,19728,Consumer Discretionary,Clothing/Shoe/Accessory Stores
SCWO,374Water Inc. Common Stock,$2.225,-0.205,-8.44%,38807044,United States,,51464,Consumer Discretionary,Metal Fabrications
SCYX,SCYNEXIS Inc. Common Stock,$0.9639,-0.0203,-2.06%,76574754,United States,2014,67036,Health Care,Biotechnology: Pharmaceutical Preparations
SCZM,Santacruz Silver Mining Ltd. Common Shares,$8.08,0.2,2.54%,746601009,Canada,,78919,,
SDA,SunCar Technology Group Inc. Class A Ordinary Shares,$1.1931,-0.0169,-1.40%,126048529,Hong Kong,2021,1649,Consumer Discretionary,Automotive Aftermarket
SDAWW,SunCar Technology Group Inc. Warrant,$0.1733,-0.0133,-7.13%,18308784,Hong Kong,2021,2869,Consumer Discretionary,Automotive Aftermarket
SDGR,Schrodinger Inc. Common Stock,$12.77,-0.13,-1.01%,954183645,United States,2020,215629,Health Care,Biotechnology: Pharmaceutical Preparations
SDHI,Siddhi Acquisition Corp Class A Common stock,$10.355,0.005,0.05%,0,United States,2025,99799,Finance,Blank Checks
SDHIR,Siddhi Acquisition Corp Right,$0.18,0,0.00%,0,United States,2025,3,,
SDOT,Sadot Group Inc. Common Stock,$0.5518,0.2929,113.13%,1012922,United States,2020,373579459,Consumer Discretionary,Restaurants
SDST,Stardust Power Inc. Common Stock,$2.41,-0.1,-3.98%,24019200,United States,2021,16725,Industrials,Major Chemicals
SDSTW,Stardust Power Inc. Warrant,$0.16,0,0.00%,1594636,United States,2021,1,Industrials,Major Chemicals
SEAT,Vivid Seats Inc. Class A Common Stock,$6.97,0.54,8.40%,76582255,United States,,68914,Consumer Discretionary,Services-Misc. Amusement & Recreation
SEATW,Vivid Seats Inc. Warrant,$0.0566,-0.0001,-0.18%,621887,United States,,300,Consumer Discretionary,Services-Misc. Amusement & Recreation
SEDG,SolarEdge Technologies Inc. Common Stock,$42.00,0.48,1.16%,2554353018,Israel,2015,1303106,Technology,Semiconductors
SEED,Origin Agritech Limited Common Stock,$1.1702,-0.0598,-4.86%,13953873,China,,8950,Consumer Staples,Farming/Seeds/Milling
SEER,Seer Inc. Class A Common Stock,$1.91,-0.04,-2.05%,115454425,United States,2020,220191,Industrials,Biotechnology: Laboratory Analytical Instruments
SEGG,Sports Entertainment Gaming Global Corporation Common Stock,$1.1403,-0.1197,-9.50%,14417323,United States,2023,729966,Technology,Computer Software: Prepackaged Software
SEIC,SEI Investments Company Common Stock,$91.58,0.31,0.34%,11014599142,United States,1981,53829,Finance,Investment Bankers/Brokers/Service
SELF,Global Self Storage Inc. Common Stock,$5.50,-0.02,-0.36%,62874526,United States,,4725,Real Estate,Real Estate Investment Trusts
SELX,Semilux International Ltd. Ordinary Shares,$0.3784,-0.0159,-4.03%,14162889,Taiwan,,4541,Technology,Semiconductors
SENEA,Seneca Foods Corp. Class A Common Stock,$141.865,0.085,0.06%,959975487,United States,,30258,Consumer Staples,Packaged Foods
SENEB,Seneca Foods Corp. Class B Common Stock,$137.55,0,0.00%,930776641,United States,,8,Consumer Staples,Packaged Foods
SENS,Senseonics Holdings Inc. Common Stock,$4.83,-0.18,-3.59%,201872101,United States,,578338,Health Care,Medical/Dental Instruments
SEPN,Septerna Inc. Common Stock,$24.785,-0.035,-0.14%,1114065649,United States,2024,18307,Health Care,Biotechnology: Pharmaceutical Preparations
SERA,Sera Prognostics Inc. Class A Common Stock,$2.075,0.175,9.21%,81254354,United States,2021,6639,Health Care,Medical Specialities
SERV,Serve Robotics Inc. Common Stock,$9.015,-0.335,-3.58%,697082666,United States,,1095397,Consumer Discretionary,Industrial Specialties
SEV,Aptera Motors Corp. Class B Common Stock,$2.66,-0.09,-3.27%,97348315,United States,,56051,Industrials,Auto Manufacturing
SEVN,Seven Hills Realty Trust Common Stock,$8.3076,0.0576,0.70%,187719169,United States,,5258,Real Estate,Real Estate Investment Trusts
SEZL,Sezzle Inc. Common Stock,$86.46,0.5,0.58%,2922492821,United States,,97784,Finance,Finance: Consumer Services
SFBC,Sound Financial Bancorp Inc. Common Stock,$41.38,0,0.00%,106265619,United States,,195,Finance,Savings Institutions
SFD,Smithfield Foods Inc. Common Stock,$26.665,0.055,0.21%,10492071218,United States,2025,67599,Consumer Staples,Meat/Poultry/Fish
SFHG,Samfine Creation Holdings Group Limited Class A Ordinary Share,$2.50,0,0.00%,10150000,Hong Kong,2024,4,Consumer Discretionary,Publishing
SFIX,Stitch Fix Inc. Class A Common Stock,$3.755,0.145,4.02%,512642063,United States,2017,158177,Consumer Discretionary,Catalog/Specialty Distribution
SFM,Sprouts Farmers Market Inc. Common Stock,$80.34,-0.35,-0.43%,7555519142,United States,2013,129088,Consumer Staples,Food Chains
SFNC,Simmons First National Corporation Class A Common Stock,$21.33,0.21,0.99%,3094104524,United States,,83872,Finance,Major Banks
SFST,Southern First Bancshares Inc. Common Stock,$56.70,0.78,1.40%,536107856,United States,,11028,Finance,Major Banks
SFWL,Shengfeng Development Limited Class A Ordinary Shares,$0.8872,0,0.00%,73191794,China,2023,5,Industrials,Trucking Freight/Courier Services
SGA,Saga Communications Inc. Class A Common Stock (FL),$11.23,0,0.00%,71467361,United States,,54,Consumer Discretionary,Broadcasting
SGC,Superior Group of Companies Inc. Common Stock,$11.525,-0.015,-0.13%,180999111,United States,,2980,Consumer Discretionary,Apparel
SGHT,Sight Sciences Inc. Common Stock,$4.23,0.01,0.24%,230126983,United States,2021,12862,Health Care,Medical/Dental Instruments
SGLY,Singularity Future Technology Ltd. Common Stock,$0.4475,-0.0075,-1.65%,3263838,United States,2008,31937,Industrials,Integrated Freight & Logistics
SGML,Sigma Lithium Corporation Common Shares,$23.00,0.43,1.91%,2562268517,Canada,,801708,Basic Materials,Metal Mining
SGMT,Sagimet Biosciences Inc. Series A Common Stock,$7.61,-0.29,-3.67%,243170739,United States,2023,303693,Health Care,Biotechnology: Pharmaceutical Preparations
SGP,SpyGlass Pharma Inc. Common Stock,$24.60,0.19,0.78%,822293302,United States,2026,4574,Health Care,Medical/Dental Instruments
SGRP,SPAR Group Inc. Common Stock,$0.6825,0.0032,0.47%,17151219,United States,,10905,Real Estate,Real Estate
SGRY,Surgery Partners Inc. Common Stock,$14.30,0.1,0.70%,1870412859,United States,2015,367083,Health Care,Hospital/Nursing Management
SHAZ,SharonAI Holdings Inc. Class A Common Stock,$42.325,-2.305,-5.17%,682921113,United States,,72061,Technology,EDP Services
SHBI,Shore Bancshares Inc Common Stock,$19.1301,-0.1499,-0.78%,639912214,United States,,3003,Finance,Major Banks
SHC,Sotera Health Company Common Stock,$14.65,-0.74,-4.81%,4177541846,United States,2020,1923831,Health Care,Misc Health and Biotechnology Services
SHEN,Shenandoah Telecommunications Co Common Stock,$16.04,0.325,2.07%,887364896,United States,,52762,Telecommunications,Telecommunications Equipment
SHFS,SHF Holdings Inc. Class A Common Stock,$0.8001,-0.0163,-2.00%,3604839,United States,2021,58033,Finance,Finance: Consumer Services
SHFSW,SHF Holdings Inc. Warrants,$0.0287,-0.0009,-3.04%,129307,United States,2021,25085,Finance,Finance: Consumer Services
SHIM,Shimmick Corporation Common Stock,$5.43,0.19,3.63%,197114039,United States,2023,18452,Industrials,Military/Government/Technical
SHIP,Seanergy Maritime Holdings Corp. Common Stock,$16.30,0.91,5.91%,353191627,Greece,,86688,Consumer Discretionary,Marine Transportation
SHLS,Shoals Technologies Group Inc. Class A Common Stock,$8.28,0.01,0.12%,1389150645,United States,2021,4021852,Technology,Semiconductors
SHMD,SCHMID Group N.V. Class A Ordinary Shares,$5.39,0.08,1.51%,299699987,Germany,,83197,Technology,Industrial Machinery/Components
SHMDW,SCHMID Group N.V. Warrants,$1.43,-0.04,-2.72%,79512241,Germany,,881,Technology,Industrial Machinery/Components
SHOO,Steven Madden Ltd. Common Stock,$37.22,0.8,2.20%,2718561455,United States,1993,187941,Consumer Discretionary,Shoe Manufacturing
SHOP,Shopify Inc. Class A Subordinate Voting Shares,$117.62,-9.93,-7.79%,1.53E+11,Canada,,8080017,Technology,Computer Software: Prepackaged Software
SHPH,Shuttle Pharmaceuticals Holdings Inc. Common Stock,$0.797,-0.0299,-3.62%,4456258,United States,2022,593523,Health Care,Biotechnology: Pharmaceutical Preparations
SIBN,SI-BONE Inc. Common Stock,$13.37,0.02,0.15%,590973694,United States,2018,41029,Health Care,Medical/Dental Instruments
SIDU,Sidus Space Inc. Class A Common Stock,$2.9501,-0.1399,-4.53%,238559406,United States,2021,3865375,Telecommunications,Telecommunications Equipment
SIEB,Siebert Financial Corp. Common Stock,$1.72,0.02,1.18%,70418410,United States,,2845,Finance,Investment Bankers/Brokers/Service
SIFY,Sify Technologies Limited American Depositary Shares,$14.99,0.33,2.25%,1084532496,India,,7969,Technology,Computer Software: Programming Data Processing
SIGA,SIGA Technologies Inc. Common Stock,$4.665,0.035,0.76%,334592913,United States,,38212,Health Care,Biotechnology: Pharmaceutical Preparations
SIGI,Selective Insurance Group Inc. Common Stock,$81.53,0.65,0.80%,4881161966,United States,,30163,Finance,Property-Casualty Insurers
SIGIP,Selective Insurance Group Inc. Depositary Shares each representing a 1/1000th interest in a share of 4.60% Non-Cumulative Preferred Stock Series B,$16.5001,-0.0649,-0.39%,987853067,United States,,401,Finance,Property-Casualty Insurers
SILC,Silicom Ltd Ordinary Shares,$47.50,6.06,14.62%,271041745,Israel,,109351,Telecommunications,Computer Communications Equipment
SILO,Silo Pharma Inc. Common Stock,$0.4602,-0.0008,-0.17%,7485886,United States,,47130,Consumer Discretionary,Apparel
SIMA,SIM Acquisition Corp. I Class A Ordinary Shares,$10.7299,-0.0701,-0.65%,0,United States,2024,4084,Miscellaneous,Industrial Machinery/Components
SIMAW,SIM Acquisition Corp. I Warrant,$0.19,0,0.00%,0,United States,2024,1,Finance,Blank Checks
SIMO,Silicon Motion Technology Corporation American Depositary Shares,$233.775,6.615,2.91%,7926804127,Taiwan,2005,296991,Technology,Semiconductors
SINT,SiNtx Technologies Inc. Common Stock,$2.38,-0.04,-1.65%,9809710,United States,2014,3416,Health Care,Medical/Dental Instruments
SION,Sionna Therapeutics Inc. Common Stock,$42.29,1.84,4.55%,1909069136,United States,2025,74109,Health Care,Biotechnology: Pharmaceutical Preparations
SIRI,SiriusXM Holdings Inc. Common Stock,$26.345,-0.425,-1.59%,8868252214,United States,,869178,Consumer Discretionary,Broadcasting
SITM,SiTime Corporation Common Stock,$584.00,19.32,3.42%,15415747552,United States,2019,47058,Technology,Semiconductors
SJ,Scienjoy Holding Corporation Class A Ordinary Shares ,$1.13,0.03,2.73%,47982928,China,2019,2633,Technology,EDP Services
SKBL,Skyline Builders Group Holding Limited Class A Ordinary Shares,$3.475,-0.085,-2.39%,483739495,Hong Kong,2025,136559,Consumer Discretionary,Engineering & Construction
SKIN,SkinHealth Systems Inc. Class A Common Stock,$0.9243,0.0245,2.72%,119774661,United States,2020,41619,Health Care,Medical/Dental Instruments
SKK,SKK Holdings Limited Class A Ordinary Shares,$6.11,-6.08,-49.88%,14893125,Singapore,2024,3279242,Industrials,Water Sewer Pipeline Comm & Power Line Construction
SKWD,Skyward Specialty Insurance Group Inc. Common Stock,$43.95,0.31,0.71%,1957667707,United States,2023,19134,Finance,Property-Casualty Insurers
SKYE,Skye Bioscience Inc. Common Stock,$0.895,0.025,2.87%,31438562,United States,,31626,Health Care,Biotechnology: Pharmaceutical Preparations
SKYQ,Sky Quarry Inc. Common Stock,$5.71,-0.21,-3.55%,21455034,United States,2024,263867,Industrials,Environmental Services
SKYT,SkyWater Technology Inc. Common Stock,$32.3275,0.1375,0.43%,1589137400,United States,2021,221928,Technology,Semiconductors
SKYW,SkyWest Inc. Common Stock,$83.07,1.7,2.09%,3294579543,United States,1986,23819,Consumer Discretionary,Air Freight/Delivery Services
SKYX,SKYX Platforms Corp. Common Stock,$1.0097,0.0097,0.97%,134573946,United States,2022,457905,Consumer Discretionary,Building Products
SLAB,Silicon Laboratories Inc. Common Stock,$217.20,0.2,0.09%,7160739955,United States,2000,42737,Technology,Semiconductors
SLDB,Solid Biosciences Inc. Common Stock,$7.115,-0.115,-1.59%,700210466,United States,2018,136549,Health Care,Biotechnology: Biological Products (No Diagnostic Substances)
SLDE,Slide Insurance Holdings Inc. Common Stock,$18.56,0.13,0.71%,2126219606,United States,2025,122319,Finance,Property-Casualty Insurers
SLDP,Solid Power Inc. Class A Common Stock,$3.4468,-0.0132,-0.38%,773873540,United States,2021,2086899,Miscellaneous,Industrial Machinery/Components
SLDPW,Solid Power Inc. Warrant,$0.2901,-0.0324,-10.05%,65133084,United States,2021,7661,Miscellaneous,Industrial Machinery/Components
SLE,Super League Enterprise Inc. Common Stock,$4.01,0,0.00%,5856400,United States,2019,78,Consumer Discretionary,Services-Misc. Amusement & Recreation
SLGB,Smart Logistics Global Limited Ordinary Shares,$0.60,0.0145,2.48%,25800000,Hong Kong,2025,363893,Industrials,Integrated Freight & Logistics
SLGL,Sol-Gel Technologies Ltd. Ordinary Shares,$77.70,0,0.00%,218327598,Israel,2018,2256,Health Care,Biotechnology: Pharmaceutical Preparations
SLM,SLM Corporation Common Stock,$22.72,0.21,0.93%,4284832846,United States,,135825,Finance,Finance: Consumer Services
SLMBP,SLM Corporation Floating Rate Non-Cumulative Preferred Stock Series B,$74.98,0,0.00%,14140702765,United States,,46,Finance,Finance: Consumer Services
SLMT,Brera Holdings PLC Class B Ordinary Shares,$0.7246,-0.0512,-6.60%,59413407,Ireland,2023,194644,Consumer Discretionary,Services-Misc. Amusement & Recreation
SLN,Silence Therapeutics Plc American Depository Share,$7.15,-0.14,-1.92%,334620000,United Kingdom,,8220,Health Care,Biotechnology: Pharmaceutical Preparations
SLNG,Stabilis Solutions Inc. Common Stock,$4.49,0.1,2.28%,83497391,United States,,697,Utilities,Oil/Gas Transmission
SLNH,Soluna Holdings Inc. Common Stock,$1.3764,0.0364,2.72%,194550087,United States,,3652679,Technology,EDP Services
SLNHP,Soluna Holdings Inc 9.0% Series A Cumulative Perpetual Preferred Stock ,$9.50,0.425,4.68%,1342797023,United States,,3113,Technology,EDP Services
SLNO,Soleno Therapeutics Inc. Common Stock,$52.905,0.005,0.01%,2731188036,United States,2014,869806,Health Care,Biotechnology: Electromedical & Electrotherapeutic Apparatus
SLP,Simulations Plus Inc. Common Stock,$14.86,-0.29,-1.91%,300253463,United States,,13569,Technology,EDP Services
SLRC,SLR Investment Corp. Common Stock,$15.85,-0.09,-0.57%,864690949,United States,2010,40315,Finance,Finance/Investors Services
SLS,SELLAS Life Sciences Group Inc. Common Stock,$4.9126,-0.1074,-2.14%,906534723,United States,,955494,Health Care,Biotechnology: Pharmaceutical Preparations
SLSN,Solesence Inc. Common Stock,$1.28,-0.005,-0.39%,90409530,United States,,2875,Consumer Discretionary,Package Goods/Cosmetics
SLXN,Silexion Therapeutics Corp Ordinary Shares,$0.60,-0.033,-5.21%,2444826,Israel,,43499,Health Care,Biotechnology: Biological Products (No Diagnostic Substances)
SLXNW,Silexion Therapeutics Corp Warrant,$0.0157,-0.0002,-1.26%,63973,Israel,,200,Health Care,Biotechnology: Biological Products (No Diagnostic Substances)
SMBC,Southern Missouri Bancorp Inc. Common Stock,$68.53,0.67,0.99%,761250360,United States,,19438,Finance,Banks
SMCI,Super Micro Computer Inc. Common Stock,$27.84,-0.08,-0.29%,16675865676,United States,2020,7212345,Technology,Computer Manufacturing
SMID,Smith-Midland Corporation Common Stock,$34.925,0.925,2.72%,185331398,United States,,722,Industrials,Building Materials
SMMT,Summit Therapeutics Inc. Common Stock ,$16.935,-0.045,-0.27%,13144314393,United States,2015,1160658,Health Care,Biotechnology: Pharmaceutical Preparations
SMPL,The Simply Good Foods Company Common Stock,$12.775,-0.185,-1.43%,1155997282,United States,,265007,Consumer Staples,Packaged Foods
SMSI,Smith Micro Software Inc. Common Stock,$0.902,0.012,1.35%,23052782,United States,1995,36448,Technology,Computer Software: Prepackaged Software
SMTC,Semtech Corporation Common Stock,$109.195,2.095,1.96%,10167637937,United States,,137625,Technology,Semiconductors
SMTI,Sanara MedTech Inc. Common Stock,$18.919,-0.071,-0.37%,173388038,United States,,1170,Health Care,Industrial Specialties
SMTK,SmartKem Inc. Common Stock,$0.3024,0.0226,8.08%,6411760,United Kingdom,,648412,Technology,Semiconductors
SMX,SMX (Security Matters) Public Limited Company Ordinary Shares,$1.375,-0.195,-12.42%,4213595,Ireland,,1447322,Technology,Industrial Machinery/Components
SMXT,Solarmax Technology Inc. Common Stock,$0.5826,0.0044,0.76%,33153769,United States,2024,30309,Consumer Discretionary,Engineering & Construction
SMXWW,SMX (Security Matters) Public Limited Company Warrant,$0.047,-0.016,-25.40%,144028,Ireland,,19299,Technology,Industrial Machinery/Components
SNAL,Snail Inc. Class A Common Stock,$0.53,-0.06,-10.17%,22589661,United States,2022,371433,Technology,Computer Software: Prepackaged Software
SNBR,Sleep Number Corporation Common Stock,$2.685,0.01,0.37%,61870114,United States,,151264,Consumer Discretionary,Home Furnishings
SNCY,Sun Country Airlines Holdings Inc. Common Stock,$15.69,0.42,2.75%,850342426,United States,2021,58504,Consumer Discretionary,Air Freight/Delivery Services
SND,Smart Sand Inc. Common Stock,$5.28,-0.12,-2.22%,226964396,United States,2016,38200,Industrials,Mining & Quarrying of Nonmetallic Minerals (No Fuels)
SNDK,Sandisk Corporation Common Stock,$1368.50,112.64,8.97%,2.03E+11,United States,,6448071,Technology,Electronic Components
SNDL,SNDL Inc. Common Shares,$1.455,0.035,2.47%,377136000,Canada,2019,564030,Health Care, Medicinal Chemicals and Botanical Products 
SNDX,Syndax Pharmaceuticals Inc. Common Stock,$19.555,-0.405,-2.03%,1732493763,United States,2016,213984,Health Care,Biotechnology: Pharmaceutical Preparations
SNES,SenesTech Inc. Common Stock,$1.51,0.01,0.67%,7951273,United States,2016,687,Industrials,Agricultural Chemicals
SNEX,StoneX Group Inc. Common Stock,$107.455,1.575,1.49%,8456164240,United States,,83508,Finance,Investment Bankers/Brokers/Service
SNFCA,Security National Financial Corporation Class A Common Stock,$9.82,0.11,1.13%,255516400,United States,,868,Finance,Finance: Consumer Services
SNGX,Soligenix Inc. Common Stock,$0.3388,-0.0062,-1.80%,3491700,United States,,495069,Health Care,Biotechnology: Pharmaceutical Preparations
SNOA,Sonoma Pharmaceuticals Inc. Common Stock,$1.23,0.01,0.82%,2242091,United States,2007,36407,Health Care,Biotechnology: Pharmaceutical Preparations
SNPS,Synopsys Inc. Common Stock,$509.9301,12.4301,2.50%,97683243584,United States,1992,255766,Technology,Computer Software: Prepackaged Software
SNSE,Sensei Biotherapeutics Inc. Common Stock,$27.295,0.595,2.23%,36584389,United States,2021,2790,Health Care,Biotechnology: Pharmaceutical Preparations
SNT,Senstar Technologies Corporation Common Shares,$2.75,0,0.00%,64148296,Canada,,4032,Telecommunications,Telecommunications Equipment
SNTG,Sentage Holdings Inc. Class A Ordinary Shares,$1.94,0.055,2.92%,5442331,China,2021,16673,Finance,Finance: Consumer Services
SNTI,Senti Biosciences Holdings Inc. Common Stock,$0.9504,0.0078,0.83%,29599730,United States,2021,13876,Health Care,Biotechnology: Biological Products (No Diagnostic Substances)
SNWV,SANUWAVE Health Inc. Common Stock,$15.64,0,0.00%,134475989,United States,,3834,Health Care,Medical/Dental Instruments
SNY,Sanofi ADS,$43.13,-0.22,-0.51%,1.05E+11,France,,470692,Health Care,Biotechnology: Pharmaceutical Preparations
SNYR,Synergy CHC Corp. Common Stock,$0.3214,-0.0007,-0.22%,4788822,United States,2024,80734,Health Care,Other Pharmaceuticals
SOBR,SOBR Safe Inc. Common Stock,$1.46,0.61,71.77%,4097605,United States,,28229572,Consumer Discretionary,Newspapers/Magazines
SOCA,Solarius Capital Acquisition Corp. Class A Ordinary Share,$10.19,0,0.00%,0,United States,2025,322,,
SOCAU,Solarius Capital Acquisition Corp. Units,$10.275,0,0.00%,0,United States,2025,1,Finance,Blank Checks
SOFI,SoFi Technologies Inc. Common Stock  ,$16.1151,-0.0849,-0.52%,20671405345,United States,,15733396,Finance,Finance: Consumer Services
SOGP,Sound Group Inc. American Depositary Shares,$15.345,-0.06,-0.39%,64052270,China,2020,3712,Technology,Computer Software: Programming Data Processing
SOHU,Sohu.com Limited American Depositary Shares,$15.85,0.3,1.93%,413193999,China,,1606,Technology,EDP Services
SOLS,Solstice Advanced Materials Inc. Common Stock ,$83.985,2.915,3.60%,13336442671,United States,,724617,Industrials,Aerospace
SONM,DNA X Inc. Common Stock,$4.675,-0.205,-4.20%,6957653,United States,2019,4410,Utilities,Telecommunications Equipment
SONO,Sonos Inc. Common Stock,$13.06,-1.81,-12.17%,1578596900,United States,2018,1203860,Consumer Staples,Consumer Electronics/Appliances
SOPA,Society Pass Incorporated Common Stock,$0.3988,-0.0042,-1.04%,5179353,United States,2021,49646,Real Estate,Real Estate
SOPH,SOPHiA GENETICS SA Ordinary Shares,$5.24,-0.05,-0.95%,375543998,Switzerland,2021,36155,Health Care,Biotechnology: Biological Products (No Diagnostic Substances)
SORA,AsiaStrategy Ordinary Shares,$2.842,0.002,0.07%,70663488,Hong Kong,2025,1419,Industrials,Other Specialty Stores
SORN,Soren Acquisition Corp. Class A Ordinary Shares,$9.90,0,0.00%,0,United States,2026,49,Finance,Blank Checks
SORNW,Soren Acquisition Corp. Warrant,$0.28,0.06,27.27%,0,United States,2026,171,Finance,Blank Checks
SOTK,Sono-Tek Corporation Common Stock,$4.8999,-0.0101,-0.21%,76979335,United States,,5555,Technology,Industrial Machinery/Components
SOUN,SoundHound AI Inc Class A Common Stock,$9.215,-0.255,-2.69%,3927525657,United States,,12864818,Technology,Computer Software: Prepackaged Software
SOUNW,SoundHound AI Inc. Warrant,$3.10,-0.2,-6.06%,1321251171,United States,2021,10622,Technology,Computer Software: Prepackaged Software
SOWG,Sow Good Inc. Common Stock,$1.47,-0.29,-16.48%,29478533,United States,,10265685,Consumer Staples,Packaged Foods
SPAI,Safe Pro Group Inc. Common Stock,$4.36,-0.14,-3.11%,91078595,United States,2024,19292,Health Care,Industrial Specialties
SPCB,SuperCom Ltd. Ordinary Shares (Israel),$9.135,0.025,0.27%,50503925,Israel,,9916,Technology,Semiconductors
SPEG,Silver Pegasus Acquisition Corp Class A Ordinary Shares,$10.22,0,0.00%,0,United States,2025,25000,,
SPEGR,Silver Pegasus Acquisition Corp Rights.,$0.22,-0.02,-8.33%,0,United States,2025,300,,
SPFI,South Plains Financial Inc. Common Stock,$40.365,0.425,1.06%,659648665,United States,2019,1550,Finance,Major Banks
SPHL,Springview Holdings Ltd Class A Ordinary Shares,$2.765,0.185,7.17%,33904375,Singapore,2024,3285,Consumer Discretionary,Homebuilding
SPKL,Spark I Acquisition Corp. Class A Ordinary Share,$11.39,0,0.00%,0,United States,2023,2,,
SPOK,Spok Holdings Inc. Common Stock,$10.815,0.035,0.33%,225893013,United States,,20614,Telecommunications,Telecommunications Equipment
SPPL,SIMPPLE LTD. Ordinary Shares,$2.5801,-0.0099,-0.38%,25249333,Singapore,2023,132687,Consumer Discretionary,Diversified Commercial Services
SPRB,Spruce Biosciences Inc. Common Stock,$59.09,-0.28,-0.47%,81074021,United States,2020,6438,Health Care,Biotechnology: Pharmaceutical Preparations
SPRC,SciSparc Ltd. Ordinary Shares,$7.29,0.055,0.76%,4178941,Israel,,2380,Health Care,Biotechnology: Pharmaceutical Preparations
SPRO,Spero Therapeutics Inc. Common Stock,$2.545,0.045,1.80%,147359300,United States,2017,61739,Health Care,Biotechnology: Pharmaceutical Preparations
SPRY,ARS Pharmaceuticals Inc. Common Stock,$9.04,0.21,2.38%,897677948,United States,2020,113748,Health Care,Biotechnology: Pharmaceutical Preparations
SPSC,SPS Commerce Inc. Common Stock,$57.36,-1.18,-2.02%,2105840587,United States,2010,73187,Technology,Computer Software: Prepackaged Software
SPT,Sprout Social Inc Class A Common Stock,$6.65,-0.1,-1.48%,396075975,United States,2019,134437,Technology,Computer Software: Prepackaged Software
SPTX,Seaport Therapeutics Inc. Common Stock,$17.35,0.35,2.06%,879086625,United States,2026,99113,Health Care,Biotechnology: Pharmaceutical Preparations
SPWH,Sportsman's Warehouse Holdings Inc. Common Stock,$1.37,0.01,0.74%,53366090,United States,2014,29364,Consumer Discretionary,Other Specialty Stores
SPWR,SunPower Inc. Common Stock,$1.07,0.03,2.89%,135518463,United States,,643161,Technology,Semiconductors
SPWRW,SunPower Inc. Warrants,$0.1825,0,0.00%,23114130,United States,,2,Technology,Semiconductors
SQFT,Presidio Property Trust Inc. Class A Common Stock,$3.59,0,0.00%,5175624,United States,2020,261,Real Estate,Real Estate Investment Trusts
SQFTP,Presidio Property Trust Inc. 9.375% Series D Cumulative Redeemable Perpetual Preferred Stock $0.01 par value per share,$6.88,0.2,2.99%,9918745,United States,,2746,Real Estate,Real Estate Investment Trusts
SQFTW,Presidio Property Trust Inc. Series A Common Stock Purchase Warrants,$0.0176,0.0001,0.57%,25374,United States,,5716,Real Estate,Real Estate Investment Trusts
SRAD,Sportradar Group AG Class A Ordinary Shares,$13.23,0.21,1.61%,4124549926,Switzerland,2021,523273,Technology,Computer Software: Programming Data Processing
SRBK,SR Bancorp Inc. Common stock,$18.50,0.1,0.54%,154206158,United States,2023,2636,Finance,Banks
SRCE,1st Source Corporation Common Stock,$73.535,0.905,1.25%,1769905900,United States,,9130,Finance,Major Banks
SRPT,Sarepta Therapeutics Inc. Common Stock (DE),$21.79,-0.25,-1.13%,2300395271,United States,,214198,Health Care,Biotechnology: Pharmaceutical Preparations
SRRK,Scholar Rock Holding Corporation Common Stock,$47.18,0.7,1.51%,5628662981,United States,2018,46735,Health Care,Biotechnology: Biological Products (No Diagnostic Substances)
SRTA,Strata Critical Medical Inc. Class A Common Stock,$4.895,-0.005,-0.10%,423156548,United States,2019,216395,Consumer Discretionary,Transportation Services
SRTAW,Strata Critical Medical Inc. Warrants,$0.0045,-0.0023,-33.82%,389010,United States,2019,63510,Consumer Discretionary,Transportation Services
SRTS,Sensus Healthcare Inc. Common Stock,$4.0032,0.0432,1.09%,65900915,United States,2016,4324,Health Care,Medical/Dental Instruments
SRZN,Surrozen Inc. Common Stock,$32.35,0.28,0.87%,371594971,United States,,14906,Health Care,Biotechnology: Biological Products (No Diagnostic Substances)
SRZNW,Surrozen Inc. Warrant,$0.0255,0,0.00%,292911,United States,,1,Health Care,Biotechnology: Biological Products (No Diagnostic Substances)
SSAC,SPACSphere Acquisition Corp. Class A Ordinary Shares,$9.94,0,0.00%,0,United States,2026,75,Finance,Blank Checks
SSACR,SPACSphere Acquisition Corp. Rights,$0.16,-0.0099,-5.83%,0,United States,2026,50010,Finance,Blank Checks
SSBI,Summit State Bank Common Stock,$13.38,0,0.00%,89286479,United States,2006,100,Finance,Major Banks
SSEA,"Starry Sea Acquisition Corp	Ordinary Shares",$10.19,0,0.00%,0,United States,2025,511,,
SSEAR,Starry Sea Acquisition Corp Rights,$0.1802,-0.0198,-9.90%,0,United States,2025,3000,,
SSEAU,Starry Sea Acquisition Corp Unit,$10.35,0.12,1.17%,0,United States,2025,3071,Finance,Blank Checks
SSII,SS Innovations International Inc. Common Stock,$4.09,0.04,0.99%,818537978,India,,2744,Health Care,Medical/Dental Instruments
SSM,Sono Group N.V. Ordinary Shares,$5.38,-0.4,-6.92%,,Germany,,48318,,
SSNC,SS&C Technologies Holdings Inc. Common Stock,$68.89,-0.34,-0.49%,16591056947,United States,2010,118738,Technology,Computer Software: Prepackaged Software
SSP,E.W. Scripps Company (The) Class A Common Stock,$4.915,0.055,1.13%,437576754,United States,,49330,Industrials,Broadcasting
SSRM,SSR Mining Inc. Common Stock,$28.456,0.116,0.41%,5827291702,Canada,,347809,Industrials,Precious Metals
SSSS,SuRo Capital Corp. Common Stock,$13.5148,-0.2852,-2.07%,345135719,United States,2011,69990,Finance,Finance: Consumer Services
SSSSL,SuRo Capital Corp. 6.00% Notes due 2026,$25.0656,-0.0144,-0.06%,598769735,United States,,1538,Finance,Finance: Consumer Services
SSTI,SoundThinking Inc. Common Stock,$6.98,-0.05,-0.71%,90418480,United States,2017,10636,Technology,Computer Software: Prepackaged Software
SSYS,Stratasys Ltd. Ordinary Shares (Israel),$8.87,0.13,1.49%,764350421,United States,1994,55693,Technology,Computer peripheral equipment
STAA,STAAR Surgical Company Common Stock,$27.28,-0.01,-0.04%,1350707793,United States,,51260,Health Care,Ophthalmic Goods
STAK,STAK Inc. Class A Ordinary Shares,$0.97,0.0166,1.74%,12814039,China,2025,35521,Consumer Discretionary,Oil and Gas Field Machinery
STBA,S&T Bancorp Inc. Common Stock,$44.505,0.675,1.54%,1630886259,United States,,25541,Finance,Major Banks
STEP,StepStone Group Inc. Class A Common Stock,$54.28,0.28,0.52%,6468095882,United States,2020,60505,Finance,Investment Managers
STEX,Streamex Corp. Common Stock,$0.984,-0.031,-3.05%,96158149,United States,,267765,Health Care,Biotechnology: Electromedical & Electrotherapeutic Apparatus
STFS,Star Fashion Culture Holdings Limited Class A Ordinary Shares,$3.9044,-0.1356,-3.36%,4660878,China,2024,1070,Consumer Discretionary,Advertising
STGW,Stagwell Inc. Class A Common Stock,$6.585,0.265,4.19%,1632185764,Canada,,190398,Consumer Discretionary,Advertising
STHO,Star Holdings Shares of Beneficial Interest,$8.35,0.11,1.34%,100941230,United States,,1322,Real Estate,Real Estate
STI,Solidion Technology Inc. Common Stock,$4.55,-0.09,-1.94%,35242858,United States,2022,8182,Miscellaneous,Industrial Machinery/Components
STIM,Neuronetics Inc. Common Stock,$2.175,0.155,7.67%,151335430,United States,2018,1780331,Health Care,Medical/Dental Instruments
STKE,Sol Strategies Inc. Common Shares,$1.6295,0.1095,7.20%,52042969,Canada,,91511,,
STKH,Steakholder Foods Ltd. American Depositary Shares,$1.72,0.03,1.78%,2374630,Israel,2021,1661,Consumer Staples,Packaged Foods
STKS,The ONE Group Hospitality Inc. Common Stock,$1.83,0.06,3.39%,57431748,United States,,10985,Consumer Discretionary,Restaurants
STLD,Steel Dynamics Inc.,$234.86,5.04,2.19%,33869813746,United States,1996,96091,Industrials,Steel/Iron Ore
STNE,StoneCo Ltd. Class A Common Shares,$10.97,0.13,1.20%,2668213639,Brazil,2018,646557,Technology,EDP Services
STOK,Stoke Therapeutics Inc. Common Stock,$33.77,-0.41,-1.20%,2102894439,United States,2019,40633,Health Care,Biotechnology: Pharmaceutical Preparations
STRA,Strategic Education Inc. Common Stock,$77.875,0.905,1.18%,1760980288,United States,1996,22252,Real Estate,Other Consumer Services
STRC,Strategy Inc Variable Rate Series A Perpetual Stretch Preferred Stock,$99.98,0.03,0.03%,34675690575,United States,,646149,Technology,Computer Software: Prepackaged Software
STRD,Strategy Inc 10.00% Series A Perpetual Stride Preferred Stock,$76.8999,-0.3401,-0.44%,26670905557,United States,,17016,Technology,Computer Software: Prepackaged Software
STRF,Strategy Inc 10.00% Series A Perpetual Strife Preferred Stock,$100.62,-0.23,-0.23%,34897659388,United States,,48438,Technology,Computer Software: Prepackaged Software
STRK,Strategy Inc 8.00% Series A Perpetual Strike Preferred Stock,$78.22,0.42,0.54%,27128750918,United States,,27686,Technology,Computer Software: Prepackaged Software
STRL,Sterling Infrastructure Inc. Common Stock,$732.92,203.43,38.42%,22486523563,United States,,852597,Industrials,Military/Government/Technical
STRO,Sutro Biopharma Inc. Common Stock,$38.52,0.13,0.34%,638195007,United States,2018,30809,Health Care,Biotechnology: Biological Products (No Diagnostic Substances)
STRR,Star Equity Holdings Inc. Common Stock,$9.57,0,0.00%,35478995,United States,,40,Consumer Discretionary,Professional Services
STRRP,Star Equity Holdings Inc. 10% Series A Cumulative Perpetual Preferred Stock,$10.02,-0.0422,-0.42%,37147286,United States,,302,,
STRS,Stratus Properties Inc. Common Stock,$29.65,0,0.00%,236681866,United States,,463,Real Estate,Homebuilding
STRT,STRATTEC SECURITY CORPORATION Common Stock,$72.575,2.215,3.15%,303347388,United States,,4136,Consumer Discretionary,Auto Parts:O.E.M.
STRZ,Starz Entertainment Corp. Common Shares,$19.5937,0.2237,1.16%,328960177,United States,,1908,Consumer Discretionary,Movies/Entertainment
STSS,Sharps Technology Inc. Common Stock,$1.865,0.035,1.91%,72109425,United States,2022,111398,Health Care,Medical/Dental Instruments
STSSW,Sharps Technology Inc. Warrant,$0.0325,-0.0001,-0.31%,1256599,United States,2022,100,Finance,Finance: Consumer Services
STTK,Shattuck Labs Inc. Common Stock,$6.813,-0.107,-1.55%,514938715,United States,2020,41367,Health Care,Biotechnology: Pharmaceutical Preparations
STX,Seagate Technology Holdings PLC Ordinary Shares (Ireland),$771.60,33.06,4.48%,1.73E+11,Ireland,2002,1581342,Technology,Electronic Components
SUGP,SU Group Holdings Limited Class A Ordinary Shares,$4.19,-0.01,-0.24%,6137395,Hong Kong,2024,205,Consumer Discretionary,Diversified Commercial Services
SUIG,Sui Group Holdings Limited Common Stock,$1.625,0.045,2.85%,124804667,United States,,59292,Finance,Finance Companies
SUMA,SUMA Acquisition Corporation Class A Ordinary Shares,$9.83,-0.02,-0.20%,0,Canada,2026,7392,,
SUMAR,SUMA Acquisition Corporation Rights,$0.20,0,0.00%,0,Canada,2026,111400,Finance,Blank Checks
SUMAU,SUMA Acquisition Corporation Units,$10.085,0,0.00%,0,Canada,2026,15,Finance,Blank Checks
SUNE,SUNation Energy Inc. Common Stock,$1.45,0.02,1.40%,4939593,United States,,97409,Utilities,Telecommunications Equipment
SUNS,Sunrise Realty Trust Inc. Common Stock,$7.62,0.11,1.47%,103019771,United States,,15675,Real Estate,Real Estate Investment Trusts
SUPN,Supernus Pharmaceuticals Inc. Common Stock,$49.01,0.38,0.78%,2844526726,United States,2012,124844,Health Care,Biotechnology: Pharmaceutical Preparations
SUPX,SuperX AI Technology Limited Ordinary Shares,$7.20,-0.26,-3.49%,311159052,Hong Kong,2024,117149,,
SURG,SurgePays Inc. Common Stock,$0.57,0.0047,0.83%,14319480,United States,,52981,Consumer Discretionary,Advertising
SUUN,PowerBank Corporation Common Stock,$0.6201,0.0301,5.10%,25075541,Canada,,96610,Utilities,Power Generation
SVAC,Spring Valley Acquisition Corp. III Class A Ordinary Shares,$10.36,-0.03,-0.29%,0,United States,2025,39009,Finance,Blank Checks
SVACU,Spring Valley Acquisition Corp. III Unit,$11.09,0.19,1.74%,0,United States,2025,100,Finance,Blank Checks
SVACW,Spring Valley Acquisition Corp. III Warrant,$1.57,-0.03,-1.88%,0,United States,2025,159,Finance,Blank Checks
SVAQ,Silicon Valley Acquisition Corp. Class A Ordinary Shares,$9.92,0,0.00%,0,United States,2026,21,Finance,Blank Checks
SVAQU,Silicon Valley Acquisition Corp. Units,$10.03,0,0.00%,0,United States,2025,5,Finance,Blank Checks
SVAQW,Silicon Valley Acquisition Corp. Warrants,$0.30,0.01,3.45%,0,United States,2026,100,Finance,Blank Checks
SVC,Service Properties Trust Common Stock,$1.49,-0.01,-0.67%,250401309,United States,,517932,Real Estate,Real Estate Investment Trusts
SVCC,Stellar V Capital Corp. Class A Ordinary Shares,$10.49,0,0.00%,0,United States,2025,22,,
SVCCW,Stellar V Capital Corp. Warrant,$0.231,0,0.00%,0,United States,2025,20,Finance,Blank Checks
SVCO,Silvaco Group Inc. Common Stock,$11.87,0.28,2.42%,373203554,United States,2024,34361,Technology,Computer Software: Prepackaged Software
SVIV,Spring Valley Acquisition Corp. IV Class A Ordinary Shares,$9.98,0,0.00%,0,United States,2026,20,Finance,Blank Checks
SVIVU,Spring Valley Acquisition Corp. IV Units,$10.16,0,0.00%,0,United States,2026,829,Finance,Blank Checks
SVIVW,Spring Valley Acquisition Corp. IV Warrants,$0.95,0.19,25.00%,0,United States,2026,34846,Finance,Blank Checks
SVRA,Savara Inc. Common Stock,$5.275,-0.025,-0.47%,1080964289,United States,,117416,Health Care,Biotechnology: Pharmaceutical Preparations
SVRE,SaverOne 2014 Ltd. American Depositary Shares,$5.20,0.43,9.02%,3294096,Israel,2022,8304,Technology,EDP Services
SVREW,SaverOne 2014 Ltd. Warrant,$0.0109,0.0001,0.93%,298293062,Israel,2022,7144,Technology,EDP Services
SVRN,OceanPal Inc. Common Stock,$8.60,0,0.00%,14749206,Greece,,1761,Consumer Discretionary,Marine Transportation
SWAG,Stran & Company Inc. Common Stock,$1.53,0.02,1.33%,28595942,United States,2021,2612,Consumer Discretionary,Advertising
SWBI,Smith & Wesson Brands Inc. Common Stock,$15.155,0.185,1.24%,674302705,United States,,41899,Industrials,Ordnance And Accessories
SWIM,Latham Group Inc. Common Stock,$5.89,0.09,1.55%,688891219,United States,2021,75439,Industrials,Plastic Products
SWKHL,SWK Holdings Corporation 9.00% Senior Notes due 2027,$25.3501,0,0.00%,307937577,United States,,2,,
SWKS,Skyworks Solutions Inc. Common Stock,$70.87,2.02,2.93%,10659266346,United States,,1050791,Technology,Semiconductors
SWMR,Swarmer Inc Common Stock,$31.64,-1.96,-5.83%,390709040,United States,2026,199414,Technology,Computer Software: Prepackaged Software
SWVL,Swvl Holdings Corp Class A Common Shares,$1.82,-0.07,-3.70%,18135106,United Arab Emirates,,1443,Real Estate,Real Estate
SWVLW,Swvl Holdings Corp Warrant,$0.0085,0.0005,6.25%,84697,United Arab Emirates,,4376,Real Estate,Real Estate
SXTC,China SXT Pharmaceuticals Inc. Class A Ordinary Shares,$1.88,-0.19,-9.18%,5561185,China,2019,16652,Health Care,Biotechnology: Pharmaceutical Preparations
SXTP,60 Degrees Pharmaceuticals Inc. Common Stock,$1.5986,-0.0114,-0.71%,4215169,United States,2023,12796,Health Care,Biotechnology: Pharmaceutical Preparations
SY,So-Young International Inc. American Depository Shares,$3.14,0.14,4.67%,314948817,China,2019,160481,Technology,EDP Services
SYBT,Stock Yards Bancorp Inc. Common Stock,$72.69,1.52,2.14%,2145182939,United States,,10539,Finance,Major Banks
SYM,Symbotic Inc. Class A Common Stock,$58.40,1.4,2.46%,35166832653,United States,2021,228656,Industrials,Industrial Machinery/Components
SYNA,Synaptics Incorporated Common Stock $0.001 Par Value,$102.45,1.65,1.64%,3967861965,United States,2002,130032,Technology,Semiconductors
SYPR,Sypris Solutions Inc. Common Stock,$3.46,-0.22,-5.98%,79618510,United States,,49044,Industrials,Industrial Machinery/Components
SYRE,Spyre Therapeutics Inc. Common Stock,$71.955,2.825,4.09%,6670105529,United States,2016,431595,Health Care,Biotechnology: Pharmaceutical Preparations
SZZL,Sizzle Acquisition Corp. II Class A ordinary shares,$10.30,0,0.00%,0,United States,2025,2640,Finance,Blank Checks
SZZLR,Sizzle Acquisition Corp. II Right,$0.17,0,0.00%,0,United States,2025,3000,Finance,Blank Checks
TACH,Titan Acquisition Corp. Class A Ordinary Shares,$10.33,-0.01,-0.10%,0,United States,2025,233,Finance,Blank Checks
TACHU,Titan Acquisition Corp. Units,$10.45,0.04,0.38%,0,United States,2025,100,Finance,Blank Checks
TACHW,Titan Acquisition Corp. Warrants,$0.35,0.0506,16.90%,0,United States,2025,9161,Finance,Blank Checks
TACO,Berto Acquisition Corp. Ordinary Shares,$10.341,-0.009,-0.09%,376849121,United States,2025,2000,Finance,Blank Checks
TACOW,Berto Acquisition Corp. Warrant,$0.5507,0,0.00%,0,United States,2025,40,Finance,Blank Checks
TACT,TransAct Technologies Incorporated Common Stock,$3.3351,0.0251,0.76%,34272418,United States,1996,1149,Technology,Computer peripheral equipment
TALK,Talkspace Inc. Common Stock,$5.195,-0.005,-0.10%,867959872,United States,2020,432982,Health Care,Medical/Nursing Services
TALKW,Talkspace Inc. Warrant,$0.0016,-0.0001,-5.88%,267322,United States,2020,3000,Health Care,Medical/Nursing Services
TANH,Tantech Holdings Ltd. Class A Common Shares,$0.375,0.003,0.81%,2443457,China,2015,3191,Industrials,Major Chemicals
TAOP,Taoping Inc. Ordinary Shares ,$1.29,-0.05,-3.73%,12388129,Hong Kong,,1123,Technology,Computer Software: Prepackaged Software
TAOX,Tao Synergies Inc. Common Stock,$5.50,0.12,2.23%,41095621,United States,,21162,Health Care,Biotechnology: Pharmaceutical Preparations
TARA,Protara Therapeutics Inc.  Common Stock,$5.485,0.035,0.64%,302006843,United States,2014,95151,Health Care,Biotechnology: Biological Products (No Diagnostic Substances)
TARS,Tarsus Pharmaceuticals Inc. Common Stock,$65.05,0.48,0.74%,2798708533,United States,2020,40710,Health Care,Biotechnology: Biological Products (No Diagnostic Substances)
TASK,TaskUs Inc. Class A Common Stock,$6.53,0.12,1.87%,591364976,United States,2021,79299,Technology,EDP Services
TATT,TAT Technologies Ltd. Ordinary Shares,$35.54,0.58,1.66%,461420689,Israel,,17972,Industrials,Aerospace
TAVI,Tavia Acquisition Corp. Ordinary Shares,$10.61,0,0.00%,0,United States,2024,42,Finance,Blank Checks
TAVIR,Tavia Acquisition Corp. Right,$0.13,-0.0025,-1.89%,0,United States,2024,60647,Finance,Blank Checks
TAYD,Taylor Devices Inc. Common Stock,$53.71,0.55,1.04%,172898506,United States,,5351,Industrials,Industrial Machinery/Components
TBBK,The Bancorp Inc Common Stock,$59.61,1.02,1.74%,2494902693,United States,2004,15278,Finance,Major Banks
TBCH,Turtle Beach Corporation Common Stock,$11.88,0.11,0.94%,235782015,United States,,11371,Telecommunications,Telecommunications Equipment
TBH,Brag House Holdings Inc. Common Stock,$0.6001,-0.0287,-4.56%,14100025,United States,2025,63546,Consumer Discretionary,Services-Misc. Amusement & Recreation
TBLA,Taboola.com Ltd. Ordinary Shares,$3.785,-0.005,-0.13%,924800855,Israel,,213401,Technology,Computer Software: Programming Data Processing
TBLAW,Taboola.com Ltd. Warrant,$0.0053,-0.0017,-24.29%,1294966,Israel,,49386,Technology,Computer Software: Programming Data Processing
TBLD,Thornburg Income Builder Opportunities Trust Common Stock,$21.905,0.14,0.64%,702753647,United States,2021,5398,Finance,Investment Managers
TBPH,Theravance Biopharma Inc. Ordinary Shares,$16.87,-0.04,-0.24%,869057510,Cayman Islands,,41211,Health Care,Biotechnology: Pharmaceutical Preparations
TBRG,TruBridge Inc. Common Stock,$25.74,-0.01,-0.04%,383701676,United States,2002,124063,Technology,EDP Services
TC,Token Cat Limited American Depositary Shares,$9.50,0,0.00%,18883901,China,2018,107,Real Estate,Real Estate
TCBI,Texas Capital Bancshares Inc. Common Stock,$100.135,0.545,0.55%,4372989477,United States,2003,58857,Finance,Major Banks
TCBIO,Texas Capital Bancshares Inc. Depositary Shares 5.75% Fixed Rate Non-Cumulative Perpetual Preferred Stock Series B,$21.645,0.215,1.00%,945257475,United States,,5374,Finance,Major Banks
TCBK,TriCo Bancshares Common Stock,$50.8599,0.7899,1.58%,1622969416,United States,,5715,Finance,Major Banks
TCBS,Texas Community Bancshares Inc. Common Stock,$16.59,0,0.00%,47868653,United States,2021,40,Finance,Banks
TCMD,Tactile Systems Technology Inc. Common Stock,$23.005,0.575,2.56%,523373182,United States,2016,199455,Health Care,Medical/Dental Instruments
TCOM,Trip.com Group Limited American Depositary Shares,$52.70,-0.11,-0.21%,33185465199,China,2003,375535,Real Estate,Real Estate
TCPC,BlackRock TCP Capital Corp. Common Stock,$4.33,-0.06,-1.37%,364712055,United States,2012,134883,Finance,Finance/Investors Services
TCRT,Alaunos Therapeutics Inc. Common Stock,$2.55,0.0199,0.79%,6064545,United States,,770,Health Care,Biotechnology: Pharmaceutical Preparations
TCRX,TScan Therapeutics Inc. Common Stock,$1.215,-0.005,-0.41%,73023092,United States,2021,61305,Health Care,Biotechnology: Biological Products (No Diagnostic Substances)
TCX,Tucows Inc. Class A Common Stock,$15.29,0.16,1.06%,170239059,Canada,,4063,Technology,EDP Services
TDAC,Translational Development Acquisition Corp. Ordinary Shares,$10.64,0,0.00%,0,United States,2025,1,,
TDIC,Dreamland Limited Class A Ordinary Shares,$1.15,0.04,3.60%,8510000,Hong Kong,2025,1913,Consumer Discretionary,Other Consumer Services
TDTH,Trident Digital Tech Holdings Ltd American Depository Shares,$2.0501,-0.1599,-7.24%,9516954,Singapore,2024,18650,Real Estate,Real Estate
TDUP,ThredUp Inc. Class A Common Stock,$4.74,0.37,8.47%,611429740,United States,2021,1431313,Consumer Discretionary,Catalog/Specialty Distribution
TDWD,Tailwind 2.0 Acquisition Corp. Class A Ordinary Shares,$9.98,0,0.00%,0,United States,2025,2,Finance,Blank Checks
TDWDR,Tailwind 2.0 Acquisition Corp. Rights,$0.16,0,0.00%,0,United States,2025,90,Finance,Blank Checks
TEAD,Teads Holding Co. Common Stock,$0.9092,-0.0136,-1.47%,88184608,United States,2021,66679,Technology,Computer Software: Programming Data Processing
TEAM,Atlassian Corporation Class A Common Stock,$91.46,-1.7,-1.83%,23209608659,Australia,2015,1902684,Technology,Computer Software: Prepackaged Software
TECH,Bio-Techne Corp Common Stock,$55.845,1.105,2.02%,8737134092,United States,,413171,Health Care,Biotechnology: Biological Products (No Diagnostic Substances)
TECX,Tectonic Therapeutic Inc. Common Stock,$29.05,-0.6,-2.02%,547548925,United States,2018,11621,Health Care,Biotechnology: Biological Products (No Diagnostic Substances)
TELA,TELA Bio Inc. Common Stock,$1.11,0.02,1.84%,49690180,United States,2019,35152,Health Care,Medical/Dental Instruments
TELO,Telomir Pharmaceuticals Inc. Common Stock,$1.31,-0.01,-0.76%,45039072,United States,2024,36921,Health Care,Biotechnology: Pharmaceutical Preparations
TEM,Tempus AI Inc. Class A Common Stock,$54.61,-1.2,-2.15%,9797286298,United States,2024,1323943,Technology,Computer Software: Programming Data Processing
TENB,Tenable Holdings Inc. Common Stock,$21.02,0.19,0.91%,2407427474,United States,2018,362747,Technology,Computer Software: Prepackaged Software
TENX,Tenax Therapeutics Inc. Common Stock,$13.14,-0.18,-1.35%,338690070,United States,,26970,Health Care,Biotechnology: Pharmaceutical Preparations
TER,Teradyne Inc. Common Stock,$355.59,18.15,5.38%,55664827386,United States,,654319,Industrials,Electrical Products
TERN,Terns Pharmaceuticals Inc. Common Stock,$52.95,0.02,0.04%,6111139106,United States,2021,6347085,Health Care,Biotechnology: Pharmaceutical Preparations
TFSL,TFS Financial Corporation Common Stock,$15.01,0.09,0.60%,4211367693,United States,2007,150536,Finance,Savings Institutions
TGHL,The GrowHub Limited Class A Ordinary Shares,$0.335,0,0.00%,8475436,Singapore,2025,293,Technology,EDP Services
TGL,Treasure Global Inc. Common Stock,$4.33,0.01,0.23%,7255889,United States,2022,1494,Real Estate,Real Estate
TGTX,TG Therapeutics Inc. Common Stock,$35.485,-0.22,-0.62%,5432536296,United States,,207286,Health Care,Biotechnology: Pharmaceutical Preparations
TH,Target Hospitality Corp. Common Stock,$15.48,0.33,2.18%,1541197701,United States,2018,95719,Consumer Discretionary,Hotels/Resorts
THCH,TH International Limited Ordinary shares,$2.05,-0.07,-3.30%,68149343,China,,436,Consumer Discretionary,Restaurants
THFF,First Financial Corporation Common Stock,$66.405,0.93,1.42%,789681354,United States,,3763,Finance,Major Banks
THH,TryHard Holdings Limited Ordinary Shares,$0.36,-0.0001,-0.03%,19312650,Japan,2025,28788,Consumer Discretionary,Services-Misc. Amusement & Recreation
THRM,Gentherm Inc Common Stock,$30.03,0.28,0.94%,920938719,United States,,8462,Consumer Discretionary,Auto Parts:O.E.M.
THRY,Thryv Holdings Inc. Common Stock,$3.81,0.1,2.70%,168972685,United States,,162975,Consumer Discretionary,Advertising
TIGO,Millicom International Cellular S.A. Common Stock,$83.59,0.04,0.05%,14004737896,Luxembourg,,132694,Telecommunications,Telecommunications Equipment
TIGR,UP Fintech Holding Ltd American Depositary Share representing fifteen Class A Ordinary Shares,$6.725,0.015,0.22%,1275728035,China,2019,305050,Finance,Investment Bankers/Brokers/Service
TIL,Instil Bio Inc. Common Stock,$8.01,0.17,2.17%,54323628,United States,2021,2078,Health Care,Biotechnology: Biological Products (No Diagnostic Substances)
TILE,Interface Inc. Common Stock,$27.055,0.375,1.41%,1580797380,United States,,42533,Consumer Discretionary,Home Furnishings
TIPT,Tiptree Inc. Common Stock,$17.17,0.11,0.65%,645078188,United States,,40583,Finance,Property-Casualty Insurers
TITN,Titan Machinery Inc. Common Stock,$21.47,0.48,2.29%,500447815,United States,2007,14051,Consumer Discretionary,Other Specialty Stores
TJGC,TJGC Group Limited Ordinary Shares,$1.79,-0.05,-2.72%,27387000,Hong Kong,2025,10570,Consumer Discretionary,Advertising
TKLF,Tokyo Lifestyle Co. Ltd. American Depositary Shares,$2.11,0,0.00%,8931168,Japan,2022,3,Consumer Discretionary,Other Specialty Stores
TKNO,Alpha Teknova Inc. Common Stock,$3.51,-0.08,-2.23%,188171802,United States,2021,7403,Health Care,Biotechnology: In Vitro & In Vivo Diagnostic Substances
TLF,Tandy Leather Factory Inc. Common Stock,$2.34,0.03,1.30%,19055951,United States,,321,Consumer Discretionary,Apparel
TLIH,Ten-League International Holdings Limited Ordinary Shares,$4.12,0.44,11.96%,12114592,Singapore,2025,3357385,,
TLN,Talen Energy Corporation Common Stock,$387.835,3.195,0.83%,17605772540,United States,,101733,Utilities,Electric Utilities: Central
TLNC,Talon Capital Corp. Class A Ordinary Shares,$10.17,-0.035,-0.34%,0,United States,2025,223,,
TLPH,Talphera Inc. Common Stock,$0.9195,0.029,3.26%,47721726,United States,2011,18524,Health Care,Biotechnology: Pharmaceutical Preparations
TLRY,Tilray Brands Inc. Common Stock ,$5.73,-0.17,-2.88%,667674498,United States,2018,2502050,Health Care, Medicinal Chemicals and Botanical Products 
TLS,Telos Corporation Common Stock,$4.395,0.025,0.57%,339540164,United States,2020,44837,Technology,EDP Services
TLSA,Tiziana Life Sciences Ltd. Common Shares,$1.39,0,0.00%,176890192,United Kingdom,2018,52766,Health Care,Biotechnology: Pharmaceutical Preparations
TLSI,TriSalus Life Sciences Inc. Common Stock,$4.525,0.075,1.69%,277899956,United States,2021,1239,Health Care,Medical Specialities
TLSIW,TriSalus Life Sciences Inc. Warrant,$1.00,0.0101,1.02%,61414355,United States,2021,334,Health Care,Medical Specialities
TLX,Telix Pharmaceuticals Limited American Depositary Shares,$11.00,-0.15,-1.35%,3726547539,Australia,,23071,Health Care,Biotechnology: Pharmaceutical Preparations
TMC,TMC the metals company Inc. Common Stock,$5.2201,0.0301,0.58%,2261285655,Canada,,1029801,Basic Materials,Metal Mining
TMCI,Treace Medical Concepts Inc. Common Stock,$1.8401,0.0101,0.55%,119209841,United States,2021,34612,Health Care,Medical/Dental Instruments
TMCR,The Metals Royalty Company Inc. Common Stock,$15.93,0.34,2.18%,877123530,Canada,,38423,Basic Materials,Precious Metals
TMCWW,TMC the metals company Inc. Warrants,$0.305,0.02,7.02%,132122397,Canada,,1249,Basic Materials,Metal Mining
TMDX,TransMedics Group Inc. Common Stock,$96.79,-0.29,-0.30%,3343529053,United States,2019,170255,Health Care,Biotechnology: Electromedical & Electrotherapeutic Apparatus
TMTS,Spartacus Acquisition Corp. II Class A Ordinary Shares,$9.97,0,0.00%,0,United States,2026,215,,
TMTSW,Spartacus Acquisition Corp. II Warrants,$0.5661,0,0.00%,0,United States,2026,1,,
TMUS,T-Mobile US Inc. Common Stock,$194.95,0.53,0.27%,2.11E+11,United States,,557232,Telecommunications,Telecommunications Equipment
TMUSI,T-Mobile US Inc. 5.500% Senior Notes due June 2070,$22.04,-0.13,-0.59%,0,United States,,680,Telecommunications,Telecommunications Equipment
TMUSL,T-Mobile US Inc. 6.250% Senior Notes due 2069,$24.78,-0.0999,-0.40%,0,United States,,1693,Telecommunications,Telecommunications Equipment
TMUSZ,T-Mobile US Inc. 5.500% Senior Notes due March 2070,$22.00,-0.2,-0.90%,0,United States,,1286,Telecommunications,Telecommunications Equipment
TNDM,Tandem Diabetes Care Inc. Common Stock,$19.18,-0.69,-3.47%,1313320272,United States,2013,136793,Health Care,Medical/Dental Instruments
TNGX,Tango Therapeutics Inc.,$22.745,0.035,0.15%,3280790454,United States,2020,366509,Health Care,Biotechnology: Pharmaceutical Preparations
TNMG,TNL Mediagene Ordinary Shares,$0.8955,-0.0133,-1.46%,2624942,Taiwan,,2626,Consumer Discretionary,Advertising
TNON,Tenon Medical Inc. Common Stock,$0.7674,0.0114,1.51%,8668840,United States,2022,6417,Health Care,Medical/Dental Instruments
TNONW,Tenon Medical Inc. Warrant,$0.008,0,0.00%,90371,United States,,3475,Health Care,Medical/Dental Instruments
TNXP,Tonix Pharmaceuticals Holding Corp. Common Stock,$13.04,0.01,0.08%,174806429,United States,,71342,Health Care,Biotechnology: Pharmaceutical Preparations
TNYA,Tenaya Therapeutics Inc. Common Stock,$0.7801,-0.0099,-1.25%,169280823,United States,2021,1032181,Health Care,Biotechnology: Biological Products (No Diagnostic Substances)
TOI,The Oncology Institute Inc. Common Stock,$4.035,-0.045,-1.10%,403431135,United States,2020,115419,Health Care,Medical/Nursing Services
TOIIW,The Oncology Institute Inc. Warrant,$0.04,-0.0138,-25.65%,3999317,United States,2020,5200,Health Care,Medical/Nursing Services
TOMZ,TOMI Environmental Solutions Inc. Common Stock,$0.6947,-0.0203,-2.84%,14269512,United States,,59256,Industrials,Major Chemicals
TONX,TON Strategy Company Common Stock,$2.4961,0.4061,19.43%,141106073,United States,,701591,Consumer Discretionary,Other Consumer Services
TOP,TOP Financial Group Limited Class A Ordinary Shares,$0.7999,-0.0001,-0.01%,29650857,Hong Kong,2022,2299,Finance,Investment Bankers/Brokers/Service
TORO,Toro Corp. Common Stock,$6.62,0.61,10.15%,191000796,Cyprus,,94118,Consumer Discretionary,Marine Transportation
TOUR,Tuniu Corporation American Depositary Shares,$6.31,0,0.00%,68550307,China,2014,148,Consumer Discretionary,Transportation Services
TOWN,TowneBank Common Stock,$35.03,0.48,1.39%,2613845070,United States,,43686,Finance,Major Banks
TOYO,TOYO Co. Ltd Ordinary Shares,$11.755,0.125,1.08%,443857010,Japan,,34111,Consumer Discretionary,Miscellaneous manufacturing industries
TPCS,TechPrecision Corporation Common stock,$4.1946,0.0246,0.59%,41993533,United States,,6537,Industrials,Metal Fabrications
TPG,TPG Inc. Class A Common Stock,$45.645,0.615,1.37%,17541936942,United States,2022,489802,Finance,Investment Managers
TPGXL,TPG Operating Group II L.P. 6.950% Fixed-Rate Junior Subordinated Notes due 2064,$24.905,-0.135,-0.54%,9085985926,United States,,302,,
TPST,Tempest Therapeutics Inc. Common Stock,$2.08,-0.03,-1.42%,29835591,United States,,17396,Health Care,Biotechnology: Pharmaceutical Preparations
TRAW,Traws Pharma Inc. Common Stock,$1.5108,0.0008,0.05%,15345584,United States,2013,3845,Health Care,Biotechnology: Pharmaceutical Preparations
TRAX,First Tracks Biotherapeutics Inc. Ordinary Shares ,$20.985,0.435,2.12%,729204428,United States,,24483,Health Care,Biotechnology: Pharmaceutical Preparations
TRDA,Entrada Therapeutics Inc. Common Stock,$15.89,0.1,0.63%,616859588,United States,2021,26584,Health Care,Biotechnology: Pharmaceutical Preparations
TREE,LendingTree Inc. Common Stock,$39.35,0.44,1.13%,549051258,United States,,33930,Finance,Finance: Consumer Services
TRGS,TRG Latin America Acquisitions Corp. Class A Ordinary Shares,$9.875,0,0.00%,0,United States,2026,10,Finance,Blank Checks
TRGSR,TRG Latin America Acquisitions Corp. Rights,$0.18,-0.02,-10.00%,0,United States,2026,211240,Finance,Blank Checks
TRGSU,TRG Latin America Acquisitions Corp. Units,$10.07,0,0.00%,0,United States,2026,8,,
TRI,Thomson Reuters Corporation Common Shares,$99.09,3.34,3.49%,44091333134,United States,,635425,Consumer Discretionary,Publishing
TRIB,Trinity Biotech plc American Depositary Shares,$0.6104,-0.0086,-1.39%,12361130,Ireland,1992,24138,Health Care,Biotechnology: In Vitro & In Vivo Diagnostic Substances
TRIN,Trinity Capital Inc. Common Stock,$16.80,-0.01,-0.06%,1495704840,United States,2021,233054,Finance,Finance: Consumer Services
TRINI,Trinity Capital Inc. 7.875% Notes Due 2029,$25.345,0.0027,0.01%,1782112385,United States,,1111,Finance,Finance: Consumer Services
TRINZ,Trinity Capital Inc. 7.875% Notes due 2029,$25.35,0,0.00%,1782463956,United States,,2,Finance,Finance: Consumer Services
TRIP,TripAdvisor Inc. Common Stock,$11.28,-0.05,-0.44%,1312536897,United States,,148343,Technology,Computer Software: Programming Data Processing
TRMB,Trimble Inc. Common Stock,$68.435,-0.085,-0.12%,15882992306,United States,1990,151843,Industrials,Industrial Machinery/Components
TRMD,TORM plc Class A Common Stock,$34.34,1.28,3.87%,3479765158,United Kingdom,,245534,Consumer Discretionary,Marine Transportation
TRMK,Trustmark Corporation Common Stock,$44.875,0.535,1.21%,2641875570,United States,,19755,Finance,Major Banks
TRNR,Interactive Strength Inc. Common Stock,$1.01,0.01,1.00%,2077588,United States,2023,21897,Technology,Consumer Electronics/Appliances
TRNS,Transcat Inc. Common Stock,$74.21,3.64,5.16%,692541671,United States,,39914,Industrials,Electrical Products
TRON,Tron Inc. Common Stock,$2.295,0.285,14.18%,1088706837,United States,2023,914663,Consumer Discretionary,Recreational Games/Products/Toys
TROO,TROOPS Inc. Ordinary Shares ,$3.99,0.01,0.25%,487419062,China,,139231,Finance,Diversified Financial Services
TROW,T. Rowe Price Group Inc. Common Stock,$103.155,0.075,0.07%,22102671742,United States,1986,205756,Finance,Investment Bankers/Brokers/Service
TRS,TriMas Corporation Common Stock,$40.46,1.35,3.45%,1449588135,United States,2007,41309,Industrials,Industrial Specialties
TRSG,Tungray Technologies Inc Class A Ordinary Shares,$1.24,-0.05,-3.88%,20278321,Singapore,2024,532,Industrials,Industrial Machinery/Components
TRST,TrustCo Bank Corp NY Common Stock,$48.295,0.765,1.61%,845494818,United States,,3831,Finance,Major Banks
TRUG,TruGolf Holdings Inc. Class A Common Stock,$2.2899,-0.1801,-7.29%,3193886,United States,2021,144732,Consumer Discretionary,Recreational Games/Products/Toys
TRUP,Trupanion Inc. Common Stock,$26.0924,-0.2676,-1.02%,1138162804,United States,,58939,Health Care,Medical Specialities
TRVG,trivago N.V. American Depositary Shares,$2.82,0.02,0.71%,199147481,Germany,2016,4293,Technology,EDP Services
TRVI,Trevi Therapeutics Inc. Common Stock,$14.515,0.135,0.94%,1866437286,United States,2019,105595,Health Care,Biotechnology: Pharmaceutical Preparations
TSAT,Telesat Corporation Class A Common Shares and Class B Variable Voting Shares ,$49.07,0.45,0.93%,1774353829,Canada,,25761,Industrials,Metal Fabrications
TSBK,Timberland Bancorp Inc. Common Stock,$40.44,0.18,0.45%,318842143,United States,,607,Finance,Banks
TSCO,Tractor Supply Company Common Stock,$32.485,0.175,0.54%,17087315110,United States,1994,2162164,Consumer Discretionary,RETAIL: Building Materials
TSEM,Tower Semiconductor Ltd. Ordinary Shares,$218.02,2.96,1.38%,24598094291,Israel,1994,456468,Technology,Semiconductors
TSHA,Taysha Gene Therapies Inc. Common Stock,$6.625,-0.015,-0.23%,1903640743,United States,2020,208993,Health Care,Biotechnology: Biological Products (No Diagnostic Substances)
TSLA,Tesla Inc. Common Stock,$396.2863,3.7763,0.96%,1.49E+12,United States,2010,15707536,Industrials,Auto Manufacturing
TSSI,TSS Inc. Common Stock,$15.21,0.65,4.46%,438966197,United States,,170681,Consumer Discretionary,Professional Services
TTAN,ServiceTitan Inc. Class A Common Stock,$61.74,-2.08,-3.26%,5881427908,United States,2024,66419,Technology,Computer Software: Prepackaged Software
TTD,The Trade Desk Inc. Class A Common Stock,$23.7701,-0.3299,-1.37%,11174270979,United States,2016,2874690,Technology,Computer Software: Programming Data Processing
TTEC,TTEC Holdings Inc. Common Stock,$2.78,0,0.00%,135139044,United States,1996,41449,Consumer Discretionary,Professional Services
TTEK,Tetra Tech Inc. Common Stock,$31.59,-0.08,-0.25%,8198385241,United States,1991,338420,Consumer Discretionary,Military/Government/Technical
TTGT,TechTarget Inc. Common Stock,$5.925,0.005,0.08%,428374200,United States,,66954,Telecommunications,Telecommunications Equipment
TTMI,TTM Technologies Inc. Common Stock,$161.785,4.315,2.74%,16801381795,United States,2000,461331,Technology,Electrical Products
TTRX,Turn Therapeutics Inc. Common Stock,$3.8776,0.1676,4.52%,115506104,United States,,1256,Health Care,Biotechnology: Pharmaceutical Preparations
TTWO,Take-Two Interactive Software Inc. Common Stock,$223.00,-2.18,-0.97%,41294126688,United States,1997,217544,Consumer Discretionary,Services-Misc. Amusement & Recreation
TULP,Bloomia Holdings Inc. Common Stock,$3.9001,-0.0438,-1.11%,6915341,United States,,1012,Consumer Staples,Farming/Seeds/Milling
TURB,Turbo Energy S.A. American Depositary Shares,$1.6604,-0.0896,-5.12%,19953259,Spain,2023,75552,Miscellaneous,Industrial Machinery/Components
TUSK,Mammoth Energy Services Inc. Common Stock,$2.635,0.095,3.74%,127424160,United States,2016,32719,Energy,Oilfield Services/Equipment
TVA,Texas Ventures Acquisition III Corp Class A Ordinary Share,$10.5493,0.0293,0.28%,0,United States,2025,1823,,
TVACU,Texas Ventures Acquisition III Corp Unit,$10.75,0,0.00%,0,United States,2025,15,Finance,Blank Checks
TVACW,Texas Ventures Acquisition III Corp Warrants,$0.55,0.05,10.00%,0,United States,2025,307,,
TVAI,Thayer Ventures Acquisition Corporation II Class A Ordinary Shares,$10.255,0,0.00%,0,United States,2025,96,,
TVAIR,Thayer Ventures Acquisition Corporation II Rights,$0.17,0,0.00%,0,United States,2025,5700,,
TVAIU,Thayer Ventures Acquisition Corporation II Unit,$10.49,0,0.00%,0,United States,2025,10,Finance,Blank Checks
TVGN,Tevogen Bio Holdings Inc. Common Stock,$7.50,0.09,1.22%,31231538,United States,2022,4582,Health Care,Biotechnology: Biological Products (No Diagnostic Substances)
TVGNW,Tevogen Bio Holdings Inc. Warrant,$0.0316,-0.004,-11.24%,131589,United States,2022,670,Health Care,Biotechnology: Biological Products (No Diagnostic Substances)
TVRD,Tvardi Therapeutics Inc. Common Stock,$3.66,0.12,3.39%,34335719,United States,2014,4753,Health Care,Biotechnology: Pharmaceutical Preparations
TVTX,Travere Therapeutics Inc. Common Stock,$46.64,1.73,3.85%,4308128032,United States,,939769,Health Care,Biotechnology: Pharmaceutical Preparations
TW,Tradeweb Markets Inc. Class A Common Stock,$110.2685,-2.2915,-2.04%,26026235297,United States,2019,102477,Finance,Investment Bankers/Brokers/Service
TWAV,TaoWeave Inc. Common Stock,$1.805,0.075,4.34%,6005614,United States,,8895,Technology,Computer Software: Programming Data Processing
TWFG,TWFG Inc. Class A Common Stock,$19.18,0.54,2.90%,1062145149,United States,2024,31585,Finance,Specialty Insurers
TWG,Top Wealth Group Holding Limited Class A Ordinary Shares,$3.3414,-0.0086,-0.26%,86586423,Hong Kong,2024,22115,Consumer Staples,Packaged Foods
TWIN,Twin Disc Incorporated Common Stock,$15.03,0,0.00%,216757520,United States,,1054,Industrials,Industrial Machinery/Components
TWLV,Twelve Seas Investment Company III Class A Ordinary Shares,$9.94,0,0.00%,0,United States,2026,21,Finance,Blank Checks
TWST,Twist Bioscience Corporation Common Stock,$58.69,2.5,4.45%,3598383908,United States,2018,273164,Health Care,Biotechnology: Biological Products (No Diagnostic Substances)
TXG,10x Genomics Inc. Class A Common Stock,$21.97,0.32,1.48%,2833930820,United States,2019,197674,Industrials,Biotechnology: Laboratory Analytical Instruments
TXMD,TherapeuticsMD Inc. Common Stock,$2.025,0.005,0.25%,23438083,United States,,2531,Health Care,Biotechnology: Pharmaceutical Preparations
TXN,Texas Instruments Incorporated Common Stock,$277.97,-1.5,-0.54%,2.53E+11,United States,,1243060,Technology,Semiconductors
TXRH,Texas Roadhouse Inc. Common Stock,$156.33,0.45,0.29%,10294887035,United States,2004,62857,Consumer Discretionary,Restaurants
TYGO,Tigo Energy Inc. Common Stock,$4.75,0.09,1.93%,360334183,United States,2021,76378,Technology,Semiconductors
TYRA,Tyra Biosciences Inc. Common Stock,$34.80,-0.34,-0.97%,2070086248,United States,2021,44726,Health Care,Biotechnology: Pharmaceutical Preparations
TZOO,Travelzoo Common Stock,$9.28,0.01,0.11%,101452087,United States,,20157,Consumer Discretionary,Advertising
UAL,United Airlines Holdings Inc. Common Stock,$91.545,1.475,1.64%,29712827295,United States,,984195,Consumer Discretionary,Air Freight/Delivery Services
UBCP,United Bancorp Inc. Common Stock,$15.98,0,0.00%,91994495,United States,,123,Finance,Major Banks
UBSI,United Bankshares Inc. Common Stock,$43.51,0.41,0.95%,6077065326,United States,,74521,Finance,Major Banks
UBXG,U-BX Technology Ltd. Class A Ordinary Shares,$0.4846,-0.1355,-21.85%,14675695,China,2024,2291324,Technology,Computer Software: Programming Data Processing
UCAR,U Power Limited Class A Ordinary Shares,$1.605,-0.065,-3.89%,1279423,China,2023,174323,Consumer Discretionary,Auto Parts:O.E.M.
UCL,uCloudlink Group Inc. American Depositary Shares,$1.21,0.01,0.83%,46091623,Hong Kong,2020,112,Consumer Discretionary,Telecommunications Equipment
UCTT,Ultra Clean Holdings Inc. Common Stock,$81.01,7.905,10.81%,3631544796,United States,2004,432231,Technology,Semiconductors
UDMY,Udemy Inc. Common Stock,$4.655,-0.015,-0.32%,676937129,United States,2021,89426,Real Estate,Other Consumer Services
UEIC,Universal Electronics Inc. Common Stock,$4.46,-0.01,-0.22%,56261143,United States,1993,7065,Consumer Staples,Consumer Electronics/Appliances
UFCS,United Fire Group Inc. Common Stock,$39.65,0.42,1.07%,1015606242,United States,,6314,Finance,Property-Casualty Insurers
UFG,Uni-Fuels Holdings Limited Class A Ordinary Shares,$0.8814,0.0214,2.49%,28614651,Singapore,2025,29249,Energy,Oil Refining/Marketing
UFPI,UFP Industries Inc. Common Stock,$82.90,2.59,3.23%,4708711296,United States,1993,66031,Basic Materials,Forest Products
UFPT,UFP Technologies Inc. Common Stock,$193.9551,1.4051,0.73%,1500618777,United States,1993,84094,Health Care,Medical/Dental Instruments
UG,United-Guardian Inc. Common Stock,$7.25,-0.18,-2.42%,33308813,United States,,722,Consumer Discretionary,Package Goods/Cosmetics
UGRO,urban-gro Inc. Common Stock,$5.49,-0.51,-8.50%,6193489,United States,,31375,Consumer Discretionary,Industrial Specialties
UK,Ucommune International Ltd Ordinary Shares,$2.95,-1.02,-25.69%,1999955,United States,2019,338007,Real Estate,Real Estate
ULBI,Ultralife Corporation Common Stock,$6.70,0.08,1.21%,111598570,United States,1992,472,Miscellaneous,Industrial Machinery/Components
ULCC,Frontier Group Holdings Inc. Common Stock,$4.295,0.205,5.01%,986699473,United States,2021,2023514,Consumer Discretionary,Air Freight/Delivery Services
ULH,Universal Logistics Holdings Inc. Common Stock,$14.26,-1.87,-11.59%,375751827,United States,2005,54475,Industrials,Trucking Freight/Courier Services
ULTA,Ulta Beauty Inc. Common Stock,$531.44,13.44,2.60%,23149747479,United States,2007,113946,Consumer Discretionary,Other Specialty Stores
UMBF,UMB Financial Corporation Common Stock,$130.36,0.95,0.73%,9904586852,United States,,63826,Finance,Major Banks
UMBFO,UMB Financial Corporation Depositary Shares Each Representing a 1/400th Interest in a Share of 7.750% Fixed-Rate Reset Non-Cumulative Perpetual Preferred Stock Series B,$26.60,0.04,0.15%,2021034138,United States,,763,Finance,Major Banks
UNB,Union Bankshares Inc. Common Stock,$23.79,0,0.00%,109768250,United States,,165,Finance,Major Banks
UNCY,Unicycive Therapeutics Inc. Common Stock,$8.24,0.26,3.26%,220008222,United States,2021,295813,Health Care,Biotechnology: Pharmaceutical Preparations
UNIT,Uniti Group Inc. Common Stock,$11.51,0.05,0.44%,2793179467,United States,,168618,Real Estate,Real Estate Investment Trusts
UNTY,Unity Bancorp Inc. Common Stock,$52.55,0.52,1.00%,526363239,United States,,4726,Finance,Major Banks
UONE,Urban One Inc. Class A Common Stock,$8.8799,0.5799,6.99%,38876318,United States,,37168,Consumer Discretionary,Broadcasting
UONEK,Urban One Inc. Class D Common Stock,$5.90,0.405,7.37%,25830277,United States,,2175,Consumer Discretionary,Broadcasting
UPB,Upstream Bio Inc. Common Stock,$9.20,-0.11,-1.18%,500663871,United States,2024,39750,Health Care,Biotechnology: Pharmaceutical Preparations
UPBD,Upbound Group Inc. Common Stock,$18.69,0.21,1.14%,1089509739,United States,,89089,Consumer Discretionary,Diversified Commercial Services
UPC,Universe Pharmaceuticals Inc. Class A Ordinary Shares,$3.12,-0.08,-2.50%,1757615,China,2021,8459,Health Care,Biotechnology: Pharmaceutical Preparations
UPLD,Upland Software Inc. Common Stock,$0.7429,0.0229,3.18%,21813922,United States,2014,200292,Technology,Computer Software: Prepackaged Software
UPST,Upstart Holdings Inc. Common stock,$32.24,0.16,0.50%,3085602062,United States,2020,577554,Finance,Finance: Consumer Services
UPWK,Upwork Inc. Common Stock,$10.215,-0.305,-2.90%,1260698669,United States,2018,540180,Technology,EDP Services
UPXI,Upexi Inc. Common Stock,$1.395,0.035,2.57%,97316010,United States,2021,1292629,Health Care, Medicinal Chemicals and Botanical Products 
URBN,Urban Outfitters Inc. Common Stock,$69.765,1.605,2.36%,6168874268,United States,1993,246225,Consumer Discretionary,Clothing/Shoe/Accessory Stores
URGN,UroGen Pharma Ltd. Ordinary Shares,$23.38,0.09,0.39%,1139113369,Israel,2017,78090,Health Care,Biotechnology: Pharmaceutical Preparations
UROY,Uranium Royalty Corp. Common Stock,$3.83,0.02,0.53%,561008852,Canada,,317168,Finance,Investment Bankers/Brokers/Service
USAR,USA Rare Earth Inc. Class A Common Stock,$26.12,0.54,2.11%,5693784081,United States,2023,4987329,Basic Materials,Metal Mining
USAU,U.S. Gold Corp. Common Stock,$16.08,0.13,0.82%,265338701,United States,,25624,Basic Materials,Metal Mining
USCB,USCB Financial Holdings Inc. Class A Common Stock,$18.33,0.15,0.83%,334658142,United States,2021,10670,Finance,Major Banks
USEA,United Maritime Corporation Common Stock,$2.16,0,0.00%,19707073,Greece,,12299,Consumer Discretionary,Marine Transportation
USEG,U.S. Energy Corp. Common Stock (DE),$1.085,-0.045,-3.98%,57580073,United States,,741012,Energy,Oil & Gas Production
USGO,U.S. GoldMining Inc. Common stock,$13.24,-0.03,-0.23%,176389807,United States,2023,5434,Basic Materials,Precious Metals
USGOW,U.S. GoldMining Inc. Warrant,$0.505,0.005,1.00%,6727859,United States,2023,44201,Basic Materials,Precious Metals
USIO,Usio Inc. Common Stock,$1.35,0.07,5.47%,37289111,United States,,10590,Finance,Investment Bankers/Brokers/Service
USLM,United States Lime & Minerals Inc. Common Stock,$106.66,0.19,0.18%,3059228093,United States,,33427,Industrials,Mining & Quarrying of Nonmetallic Minerals (No Fuels)
UTHR,United Therapeutics Corporation Common Stock,$577.7201,-3.4999,-0.60%,24516842492,United States,1999,35972,Health Care,Biotechnology: Pharmaceutical Preparations
UTMD,Utah Medical Products Inc. Common Stock,$65.825,1.175,1.82%,209654271,United States,,1447,Health Care,Medical/Dental Instruments
UTSI,UTStarcom Holdings Corp. Ordinary Shares,$2.41,0,0.00%,22880805,China,2000,228,Telecommunications,Telecommunications Equipment
UVSP,Univest Financial Corporation Common Stock,$38.73,0.57,1.49%,1078467911,United States,,15395,Finance,Major Banks
UXIN,Uxin Limited ADS,$3.095,-0.045,-1.43%,680838908,China,2018,4851,Real Estate,Real Estate
UYSC,UY Scuti Acquisition Corp. Ordinary Shares,$10.62,0,0.00%,0,United States,2025,1,Finance,Blank Checks
VABK,Virginia National Bankshares Corporation Common Stock,$42.70,0,0.00%,230237503,United States,,116,Finance,Major Banks
VACH,Voyager Acquisition Corp Class A Ordinary Shares,$13.96,0.96,7.39%,0,United States,2024,1879,,
VACHW,Voyager Acquisition Corp Warrants,$0.1937,0.0282,17.04%,0,United States,2024,121,Finance,Blank Checks
VALN,Valneva SE American Depositary Shares,$5.26,0.09,1.74%,456082565,France,2021,1749,Health Care,Biotechnology: Biological Products (No Diagnostic Substances)
VALU,Value Line Inc. Common Stock,$34.50,0,0.00%,323859711,United States,1983,20,Finance,Investment Managers
VANI,Vivani Medical Inc. Common Stock (DE),$1.30,-0.04,-2.99%,112105635,United States,2014,56942,Health Care,Biotechnology: Electromedical & Electrotherapeutic Apparatus
VBIO,Valion Bio Inc. Common Stock,$1.025,-0.02,-1.91%,3217572,United States,2021,1940113,Health Care,Biotechnology: Electromedical & Electrotherapeutic Apparatus
VBNK,VersaBank Common Shares,$18.495,0.625,3.50%,593124422,Canada,,37040,Finance,Commercial Banks
VC,Visteon Corporation Common Stock,$109.32,1.16,1.07%,2918190376,United States,,33613,Consumer Discretionary,Auto Parts:O.E.M.
VCEL,Vericel Corporation Common Stock,$36.61,0.12,0.33%,1864605803,United States,,39980,Health Care,Biotechnology: Biological Products (No Diagnostic Substances)
VCIG,VCI Global Limited Ordinary Share,$0.8901,-0.0119,-1.32%,3280863,Malaysia,2023,24362,Consumer Discretionary,Diversified Commercial Services
VCTR,Victory Capital Holdings Inc. Class A Common Stock,$79.72,1.56,2.00%,5085299737,United States,2018,119294,Finance,Investment Managers
VCYT,Veracyte Inc. Common Stock,$33.0213,-0.4287,-1.28%,2634830815,United States,2013,103432,Health Care,Medical Specialities
VECO,Veeco Instruments Inc. Common Stock,$51.23,0.3,0.59%,3093881699,United States,1994,299976,Technology,Industrial Machinery/Components
VEEA,Veea Inc. Common Stock,$0.4917,0.0007,0.14%,24785401,United States,2021,8706,Finance,Blank Checks
VEEAW,Veea Inc. Warrant,$0.0693,0,0.00%,3493244,United States,2021,4,Finance,Blank Checks
VEEE,Twin Vee PowerCats Co. Common Stock,$5.41,-0.66,-10.87%,2863675,United States,2021,2424650,Industrials,Marine Transportation
VELO,Velo3D Inc. Common stock,$12.7758,-0.0942,-0.73%,334940875,United States,,291765,Technology,Industrial Machinery/Components
VEON,VEON Ltd. ADS,$49.44,0.09,0.18%,3656959479,Netherlands,,6863,Telecommunications,Telecommunications Equipment
VERA,Vera Therapeutics Inc. Class A Common Stock,$35.28,-0.23,-0.65%,2530066568,United States,2021,74920,Health Care,Biotechnology: Pharmaceutical Preparations
VERI,Veritone Inc. Common Stock,$2.185,-0.035,-1.58%,203087294,United States,2017,610169,Technology,EDP Services
VERU,Veru Inc. Common Stock,$2.2699,0.0199,0.88%,36432621,United States,,3853,Health Care,Biotechnology: Pharmaceutical Preparations
VERX,Vertex Inc. Class A Common Stock,$13.47,0.13,0.98%,2178607964,United States,2020,205953,Technology,Computer Software: Prepackaged Software
VFF,Village Farms International Inc. Common Shares,$2.80,0.02,0.72%,322292376,Canada,,174510,,
VFS,VinFast Auto Ltd. Ordinary Shares,$4.185,-0.025,-0.59%,9790958202,Singapore,,165842,Industrials,Auto Manufacturing
VFSWW,VinFast Auto Ltd. Warrant,$0.4301,-0.0124,-2.80%,1006234438,Singapore,,2280,Industrials,Auto Manufacturing
VGAS,Verde Clean Fuels Inc. Class A Common Stock,$1.86,0.08,4.49%,82862295,United States,2021,3548,Industrials,Major Chemicals
VGASW,Verde Clean Fuels Inc. Warrant,$0.033,-0.0042,-11.29%,1470137,United States,2021,11902,Industrials,Major Chemicals
VHC,VirnetX Holding Corp Common Stock,$12.71,-0.15,-1.17%,53202179,United States,,7097,Miscellaneous,Multi-Sector Companies
VHCP,Vine Hill Capital Investment Corp. II Class A Ordinary Shares,$9.94,0,0.00%,0,United States,2026,10,,
VHCPU,Vine Hill Capital Investment Corp. II Units,$10.04,0.02,0.20%,0,United States,2025,300,Finance,Blank Checks
VHCPW,Vine Hill Capital Investment Corp. II Warrants,$0.36,0,0.00%,0,United States,2026,2000,,
VHUB,VenHub Global Inc. Common Stock,$0.7838,0.042,5.66%,66668348,United States,,151842,Technology,Industrial Machinery/Components
VIASP,Via Renewables Inc. 8.75% Series A Fixed-to-Floating Rate Cumulative Redeemable Perpetual Preferred Stock,$25.55,-0.149,-0.58%,187111056,United States,,113,Utilities,Power Generation
VIAV,Viavi Solutions Inc. Common Stock,$55.00,2.51,4.78%,12864932850,United States,,1226639,Technology,Semiconductors
VICR,Vicor Corporation Common Stock,$260.23,9.21,3.67%,11861649544,United States,,120835,Technology,Industrial Machinery/Components
VINP,Vinci Compass Investments Ltd. Class A Common Shares,$11.05,0.24,2.22%,722914183,Brazil,2021,1593,Finance,Investment Managers
VIOT,Viomi Technology Co. Ltd American Depositary Shares,$0.9997,0.0003,0.03%,67301532,China,2018,60226,Consumer Discretionary,Consumer Electronics/Appliances
VIR,Vir Biotechnology Inc. Common Stock,$10.245,0.065,0.64%,1651842924,United States,2019,77160,Health Care,Biotechnology: Biological Products (No Diagnostic Substances)
VIRC,Virco Manufacturing Corporation Common Stock,$6.03,0.03,0.50%,95039680,United States,,1799,Consumer Discretionary,Industrial Specialties
VISN,Vistance Networks Inc. Common Stock,$12.285,-0.075,-0.61%,2771122917,United States,2013,857175,Technology,Radio And Television Broadcasting And Communications Equipment
VITL,Vital Farms Inc. Common Stock,$12.445,-0.555,-4.27%,533249010,United States,2020,387846,Consumer Staples,Packaged Foods
VIVK,Vivakor Inc. Common Stock,$1.9427,0.0527,2.79%,4017583,United States,,28012,,
VIVO,VivoPower PLC Ordinary Shares,$3.091,0.181,6.22%,85138893,United Kingdom,,382629,Utilities,Power Generation
VIVS,VivoSim Labs Inc. Common Stock,$1.45,0.04,2.84%,3781545,United States,,2779,Health Care,Biotechnology: Biological Products (No Diagnostic Substances)
VKTX,Viking Therapeutics Inc. Common Stock,$31.07,-0.69,-2.17%,3607402328,United States,2015,420105,Health Care,Biotechnology: Pharmaceutical Preparations
VLGEA,Village Super Market Inc. Class A Common Stock,$43.21,0.08,0.19%,637432624,United States,,2072,Consumer Staples,Food Chains
VLY,Valley National Bancorp Common Stock,$13.63,0.17,1.26%,7570459379,United States,,357664,Finance,Major Banks
VLYPN,Valley National Bancorp 8.250% Fixed-Rate Reset Non-Cumulative Perpetual Preferred Stock Series C,$26.065,-0.1447,-0.55%,14477184424,United States,,440,Finance,Major Banks
VLYPO,Valley National Bancorp 5.50% Fixed-to-Floating Rate Non-Cumulative Perpetual Preferred Stock Series B,$25.01,0.01,0.04%,13891209762,United States,,2712,Finance,Major Banks
VLYPP,Valley National Bancorp 6.25% Fixed-to-Floating Rate Non-Cumulative Perpetual Preferred Stock Series A,$25.19,0,0.00%,13991186482,United States,,48,Finance,Major Banks
VMAR,Vision Marine Technologies Inc. Common Shares,$1.1401,-0.1099,-8.79%,1779336,Canada,2020,151781,Industrials,Marine Transportation
VMD,Viemed Healthcare Inc. Common Shares,$9.60,0.12,1.27%,370585258,United States,,24003,Health Care,Misc Health and Biotechnology Services
VMET,Versamet Royalties Corporation Common Stock,$11.09,-0.18,-1.60%,1171606643,Canada,,12247,,
VNCE,Vince Holding Corp. Common Stock,$5.3261,0.0961,1.84%,68425973,United States,,88818,Consumer Discretionary,Clothing/Shoe/Accessory Stores
VNDA,Vanda Pharmaceuticals Inc. Common Stock,$7.52,-0.04,-0.53%,452215666,United States,2006,121606,Health Care,Biotechnology: Pharmaceutical Preparations
VNET,VNET Group Inc. American Depositary Shares,$8.705,0.235,2.77%,2478240752,China,2011,696473,Technology,Computer Software: Programming Data Processing
VNME,Vendome Acquisition Corporation I Class A Ordinary Shares,$10.14,0.01,0.10%,0,United States,2025,4685,Finance,Blank Checks
VNMEU,Vendome Acquisition Corporation I Unit,$10.24,0,0.00%,0,United States,2025,10,Finance,Blank Checks
VNMEW,Vendome Acquisition Corporation I Warrant,$0.245,0.0048,2.00%,0,United States,2025,3300,Finance,Blank Checks
VNOM,Viper Energy Inc. Class A Common Stock,$49.94,-1.01,-1.98%,17934577900,United States,2014,460391,Energy,Oil & Gas Production
VOD,Vodafone Group Plc American Depositary Shares,$15.75,-0.3,-1.87%,37420438199,United Kingdom,,1394421,Telecommunications,Telecommunications Equipment
VOR,Vor Biopharma Inc. Common Stock,$15.065,0.355,2.41%,816308128,United States,2021,89798,Health Care,Biotechnology: Biological Products (No Diagnostic Substances)
VOXR,Vox Royalty Corp. Common Stock,$5.3899,0.0799,1.51%,371367403,Canada,,19335,Basic Materials,Precious Metals
VRA,Vera Bradley Inc. Common Stock,$4.10,0,0.00%,116596833,United States,2010,66279,Consumer Discretionary,Apparel
VRAX,Virax Biolabs Group Limited Ordinary Shares,$0.1254,-0.0056,-4.28%,930898,United Kingdom,2022,292296,Health Care,Biotechnology: In Vitro & In Vivo Diagnostic Substances
VRCA,Verrica Pharmaceuticals Inc. Common Stock,$6.60,0.24,3.77%,113379988,United States,2018,9994,Health Care,Biotechnology: Pharmaceutical Preparations
VRDN,Viridian Therapeutics Inc. Common Stock,$18.315,4.255,30.26%,1887761647,United States,2014,7791870,Health Care,Medical Specialities
VREX,Varex Imaging Corporation Common Stock,$11.37,-0.24,-2.07%,476403000,United States,,12735,Technology,Industrial Machinery/Components
VRM,Vroom Inc. Common Stock,$13.35,0,0.00%,69506708,United States,,277,Consumer Discretionary,Retail-Auto Dealers and Gas Stations
VRME,VerifyMe Inc. Common Stock,$0.78,-0.011,-1.39%,10232871,United States,,14714,Technology,EDP Services
VRNS,Varonis Systems Inc. Common Stock,$27.59,0.18,0.66%,3167722399,United States,2014,380543,Technology,Computer Software: Prepackaged Software
VRRM,Verra Mobility Corporation Class A Common Stock,$14.69,-0.05,-0.34%,2231506250,United States,2017,92940,Consumer Discretionary,Transportation Services
VRSK,Verisk Analytics Inc. Common Stock,$178.31,-0.37,-0.21%,23362504290,United States,2009,134511,Industrials,Diversified Commercial Services
VRSN,VeriSign Inc. Common Stock,$273.53,-0.62,-0.23%,24891230000,United States,1998,45117,Technology,EDP Services
VRTX,Vertex Pharmaceuticals Incorporated Common Stock,$421.84,-8.01,-1.86%,1.07E+11,United States,1991,507681,Health Care,Biotechnology: Pharmaceutical Preparations
VS,Versus Systems Inc. Common Stock,$1.2985,-0.0915,-6.58%,6364828,Canada,,3443,Technology,EDP Services
VSA,VisionSys AI Inc. American Depositary Shares,$0.68,-0.0677,-9.05%,4226247,China,2014,374740,Real Estate,Other Consumer Services
VSAT,ViaSat Inc. Common Stock,$65.52,1.7,2.66%,8899673394,United States,1996,107853,Technology,Radio And Television Broadcasting And Communications Equipment
VSEC,VSE Corporation Common Stock,$169.63,1.52,0.90%,4759036315,United States,,27074,Consumer Discretionary,Military/Government/Technical
VSECU,VSE Corporation Tangible Equity Units,$45.80,0.7,1.55%,0,United States,,470,,
VSEE,VSee Health Inc. Common Stock,$0.19,0.0012,0.64%,8986890,United States,2021,68522,Health Care,Medical/Nursing Services
VSEEW,VSee Health Inc. Warrant,$0.0525,0.003,6.06%,2483220,United States,2021,141,Health Care,Medical/Nursing Services
VSME,VS Media Holdings Limited Class A Ordinary Shares,$0.945,-0.045,-4.55%,2612991,Singapore,2023,103319,Consumer Discretionary,Publishing
VSNT,Versant Media Group Inc. Class A Common Stock ,$41.21,-0.19,-0.46%,5830987232,United States,,81722,Industrials,Broadcasting
VSTD,Vestand Inc. Class A Common Stock,$0.3699,-0.0033,-0.88%,5261820,United States,2022,3716,Consumer Discretionary,Restaurants
VSTM,Verastem Inc. Common Stock,$5.92,-0.03,-0.50%,520029962,United States,2012,125128,Health Care,Biotechnology: Pharmaceutical Preparations
VTGN,Vistagen Therapeutics Inc. Common Stock,$0.6151,-0.0074,-1.19%,24370457,United States,,55879,Health Care,Biotechnology: Pharmaceutical Preparations
VTIX,Virtuix Holdings Inc. Class A Common Stock,$3.85,0.34,9.69%,122620371,United States,,428530,Technology,Computer peripheral equipment
VTRS,Viatris Inc. Common Stock,$15.52,0.32,2.11%,18071812508,United States,,3539613,Health Care,Biotechnology: Pharmaceutical Preparations
VTSI,VirTra Inc. Common Stock,$4.56,0.06,1.33%,51559396,United States,,2106,Consumer Discretionary,Miscellaneous manufacturing industries
VTVT,vTv Therapeutics Inc. Class A Common Stock,$32.65,0.15,0.46%,128604922,United States,2015,1704,Health Care,Biotechnology: Pharmaceutical Preparations
VUZI,Vuzix Corporation Common Stock,$2.715,0.055,2.07%,225774670,United States,,279789,Technology,Radio And Television Broadcasting And Communications Equipment
VVOS,Vivos Therapeutics Inc. Common Stock,$0.7775,0.033,4.43%,10585141,United States,2020,73042,Health Care,Medical/Dental Instruments
VWAV,VisionWave Holdings Inc. Common Stock,$5.79,0.05,0.87%,138074923,United States,,141136,Technology,Computer Software: Prepackaged Software
VWAVW,VisionWave Holdings Inc. Warrant,$0.9901,0,0.00%,23611050,United States,,25,Technology,Computer Software: Prepackaged Software
VYGR,Voyager Therapeutics Inc. Common Stock,$3.94,0.06,1.55%,238042535,United States,2015,84341,Health Care,Biotechnology: Biological Products (No Diagnostic Substances)
VYNE,VYNE Therapeutics Inc. Common Stock,$0.6734,0.0174,2.65%,22459815,United States,2018,305263,Health Care,Biotechnology: Pharmaceutical Preparations
WABC,Westamerica Bancorporation Common Stock,$54.56,0.31,0.57%,1319773882,United States,,16882,Finance,Major Banks
WAFD,WaFd Inc. Common Stock,$35.63,0.4,1.14%,2703010590,United States,,30557,Finance,Major Banks
WAFDP,WaFd Inc. Depositary Shares,$16.54,0,0.00%,1254779544,United States,,2828,Finance,Major Banks
WAFU,Wah Fu Education Group Limited Ordinary Shares,$1.60,0,0.00%,7056894,China,2019,343,Real Estate,Other Consumer Services
WAI,Top KingWin Ltd Class A Ordinary Shares,$1.79,-0.5301,-22.85%,4219435,China,2023,2149805,Real Estate,Real Estate
WALD,Waldencast plc Class A Ordinary Share,$0.9645,0.0815,9.23%,123706647,United States,2021,199631,Consumer Discretionary,Package Goods/Cosmetics
WALDW,Waldencast plc Warrant ,$0.0349,0.0044,14.43%,4476270,United States,2021,7460,Consumer Discretionary,Package Goods/Cosmetics
WASH,Washington Trust Bancorp Inc. Common Stock,$31.71,0.48,1.54%,603756751,United States,,12797,Finance,Major Banks
WATT,Energous Corporation Common Stock,$26.374,-1.846,-6.54%,145085985,United States,2014,415497,Technology,Radio And Television Broadcasting And Communications Equipment
WAVE,Eco Wave Power Global AB (publ) American Depositary Shares,$8.64,0.25,2.98%,403637541,Israel,2021,38736,Utilities,Electric Utilities: Central
WAY,Waystar Holding Corp. Common Stock,$20.55,-0.33,-1.58%,3941754910,United States,2024,141459,Technology,EDP Services
WB,Weibo Corporation American Depositary Share,$8.415,0.065,0.78%,2067334693,China,2014,45258,Technology,Computer Software: Programming Data Processing
WBD,Warner Bros. Discovery Inc. Series A Common Stock ,$26.975,0.015,0.06%,67617677301,United States,,1304890,Consumer Discretionary,Services-Misc. Amusement & Recreation
WBTN,WEBTOON Entertainment Inc. Common stock,$12.97,-0.16,-1.22%,1746484442,United States,2024,31801,Consumer Discretionary,Publishing
WBUY,WEBUY GLOBAL LTD. Class A Ordinary Shares,$1.29,-0.05,-3.73%,7070624,Singapore,2023,12680,Consumer Discretionary,Other Specialty Stores
WCT,Wellchange Holdings Company Limited Class A Ordinary shares,$2.10,0.0487,2.37%,6437130,Hong Kong,2024,269,Technology,Computer Software: Prepackaged Software
WDAY,Workday Inc. Class A Common Stock,$126.00,-1.89,-1.48%,32382000000,United States,,448204,Technology,EDP Services
WDC,Western Digital Corporation Common Stock,$465.9836,23.6236,5.34%,1.61E+11,United States,,2690043,Technology,Electronic Components
WDFC,WD-40 Company Common Stock,$204.12,-0.15,-0.07%,2746516656,United States,1973,40406,Industrials,Major Chemicals
WEN,Wendy's Company (The) Common Stock,$6.4476,-0.0924,-1.41%,1228050168,United States,,1489306,Consumer Discretionary,Restaurants
WENN,Wen Acquisition Corp Class A Ordinary Shares,$10.23,0,0.00%,0,United States,2025,6,,
WENNU,Wen Acquisition Corp Unit,$10.37,0,0.00%,0,United States,2025,50111,Finance,Blank Checks
WENNW,Wen Acquisition Corp Warrant,$0.36,-0.005,-1.37%,0,United States,2025,25260,Finance,Blank Checks
WERN,Werner Enterprises Inc. Common Stock,$35.16,0.77,2.24%,2107846043,United States,1986,104221,Industrials,Trucking Freight/Courier Services
WEST,Westrock Coffee Company Common Stock,$5.715,-0.025,-0.44%,557543753,United States,,26318,Consumer Staples,Beverages (Production/Distribution)
WETH,Wetouch Technology Inc. Common Stock,$1.8999,0.0899,4.97%,22668721,China,,73604,Technology,Computer peripheral equipment
WETO,Wetour Robotics Limited Ordinary Shares,$0.5017,0.0041,0.82%,41139400,China,2025,3292,Industrials,Other Transportation
WEYS,Weyco Group Inc. Common Stock,$31.65,-0.16,-0.50%,301662923,United States,,2607,Consumer Staples,Apparel
WFCF,Where Food Comes From Inc. Common Stock,$12.37,-0.13,-1.04%,62474128,United States,,121,Technology,Computer Software: Prepackaged Software
WFF,WF Holding Limited Ordinary Shares,$1.40,-0.02,-1.41%,7053225,Malaysia,2025,540,Consumer Discretionary,Miscellaneous manufacturing industries
WFRD,Weatherford International plc Ordinary Shares,$109.495,0.375,0.34%,7875464227,United States,,41899,Consumer Discretionary,Oil and Gas Field Machinery
WGRX,Wellgistics Health Inc. Common Stock,$0.1044,0.0004,0.39%,13222612,United States,2025,813601,Health Care,Other Pharmaceuticals
WGS,GeneDx Holdings Corp. Class A Common Stock,$35.59,-32.34,-47.61%,1056152718,United States,2020,4203638,Technology,Retail: Computer Software & Peripheral Equipment
WGSWW,GeneDx Holdings Corp. Warrant,$0.0036,-0.0017,-32.08%,106832,United States,2020,91334,Technology,Retail: Computer Software & Peripheral Equipment
WHF,WhiteHorse Finance Inc. Common Stock,$7.5831,-0.0069,-0.09%,168602987,United States,,6352,Finance,Finance Companies
WHFCL,WhiteHorse Finance Inc. 7.875% Notes due 2028,$25.49,0,0.00%,592466313,United States,,90,,
WHLR,Wheeler Real Estate Investment Trust Inc. Common Stock,$1.82,-0.09,-4.71%,1099961,United States,2012,81975,Real Estate,Real Estate Investment Trusts
WHLRD,Wheeler Real Estate Investment Trust Inc. Series D Cumulative Preferred Stock,$35.40,0,0.00%,21394840,United States,,51,Real Estate,Real Estate Investment Trusts
WHLRL,Wheeler Real Estate Investment Trust Inc. 7.00% Senior Subordinated Convertible Notes Due 2031,$80.01,0,0.00%,48355964,United States,,1,Real Estate,Real Estate Investment Trusts
WHLRP,Wheeler Real Estate Investment Trust Inc. Class B Preferred Stock,$7.25,0,0.00%,4381712,United States,,21,Real Estate,Real Estate Investment Trusts
WHWK,Whitehawk Therapeutics Inc. Common Stock,$4.23,0.07,1.68%,209081189,United States,,4438,Health Care,Biotechnology: Pharmaceutical Preparations
WILC,G. Willi-Food International  Ltd. Ordinary Shares,$32.40,0.4,1.25%,451342044,Israel,,3457,Consumer Discretionary,Food Distributors
WIMI,WiMi Hologram Cloud Inc. Class B Ordinary Shares,$1.61,-0.06,-3.59%,14799968,China,2020,159380,Technology,Computer Software: Prepackaged Software
WINA,Winmark Corporation Common Stock,$374.96,6.26,1.70%,1341483518,United States,,6216,Consumer Discretionary,Other Specialty Stores
WING,Wingstop Inc. Common Stock,$148.42,-2.08,-1.38%,4041855516,United States,2015,132915,Consumer Discretionary,Restaurants
WIX,Wix.com Ltd. Ordinary Shares,$78.40,-1.34,-1.68%,4315720315,Israel,2013,188428,Technology,Computer Software: Programming Data Processing
WKEY,WISeKey International Holding Ltd American Depositary Shares,$6.69,-0.18,-2.62%,76121054,Switzerland,,22415,Technology,EDP Services
WKHS,Workhorse Group Inc. Common Stock,$3.18,-0.04,-1.24%,33230548,United States,,27007,Industrials,Auto Manufacturing
WKSP,Worksport Ltd. Common Stock,$1.1199,0.0299,2.74%,10991667,Canada,,111044,Consumer Discretionary,Auto Parts:O.E.M.
WLAC,Willow Lane Acquisition Corp. Class A Ordinary Shares,$19.08,0.34,1.81%,0,United States,2024,165043,Finance,Blank Checks
WLACU,Willow Lane Acquisition Corp. Unit,$28.38,0,0.00%,0,United States,2024,1,Finance,Blank Checks
WLACW,Willow Lane Acquisition Corp. Warrants,$8.18,0.32,4.07%,0,United States,2024,25908,Finance,Blank Checks
WLDN,Willdan Group Inc. Common Stock,$74.04,1.32,1.82%,1108118179,United States,2006,63272,Consumer Discretionary,Military/Government/Technical
WLDS,Wearable Devices Ltd. Ordinary Share,$1.07,-0.03,-2.73%,3778251,Israel,2022,54941,Telecommunications,Computer Communications Equipment
WLDSW,Wearable Devices Ltd. Warrant,$2.65,0,0.00%,9357351,Israel,2022,2,Telecommunications,Computer Communications Equipment
WLFC,Willis Lease Finance Corporation Common Stock,$213.41,17.54,8.96%,1622944850,United States,1996,11091,Consumer Discretionary,Industrial Specialties
WLII,Willow Lane Acquisition Corp. II Class A Ordinary Shares,$10.03,0,0.00%,0,United States,2026,1632,Finance,Blank Checks
WLIIU,Willow Lane Acquisition Corp. II Unit,$10.12,0,0.00%,0,United States,2026,3110,,
WLIIW,Willow Lane Acquisition Corp. II Warrants,$0.50,-0.095,-15.97%,0,United States,2026,12073,Finance,Blank Checks
WLTH,Wealthfront Corporation Common Stock,$11.44,0.04,0.35%,1711126835,United States,2025,96393,Finance,Finance: Consumer Services
WMG,Warner Music Group Corp. Class A Common Stock,$28.28,0.17,0.61%,14771949631,United States,2020,181343,Consumer Discretionary,Services-Misc. Amusement & Recreation
WMT,Walmart Inc. Common Stock,$130.785,0.455,0.35%,1.04E+12,United States,,1919613,Consumer Discretionary,Department/Specialty Retail Stores
WNEB,Western New England Bancorp Inc. Common Stock,$14.085,0.235,1.70%,285346212,United States,,3098,Finance,Savings Institutions
WNW,Meiwu Technology Company Limited Ordinary Shares,$4.655,0.275,6.28%,6193343,China,2020,272069,Consumer Discretionary,Catalog/Specialty Distribution
WOK,WORK Medical Technology Group LTD Class A Ordinary Shares,$1.36,-0.0048,-0.35%,2345461,China,2024,6888,Health Care,Medical/Dental Instruments
WOOF,Petco Health and Wellness Company Inc. Class A Common Stock,$2.745,-0.035,-1.26%,884291939,United States,2021,285176,Consumer Discretionary,Other Specialty Stores
WPRT,Westport Fuel Systems Inc Common Shares,$1.98,0,0.00%,34354990,Canada,2008,3757,Industrials,Industrial Machinery/Components
WRAP,Wrap Technologies Inc. Common Stock,$1.45,-0.04,-2.69%,80475078,United States,,36565,Industrials,Ordnance And Accessories
WRD,WeRide Inc. American Depositary Shares,$7.785,-0.055,-0.70%,2609971658,China,2024,362395,Technology,EDP Services
WRLD,World Acceptance Corporation Common Stock,$143.385,2.815,2.00%,707874395,United States,1991,34526,Finance,Finance: Consumer Services
WSBC,WesBanco Inc. Common Stock,$34.335,0.405,1.19%,3302359528,United States,,52675,Finance,Major Banks
WSBCO,WesBanco Inc. Depositary Shares each representing 1/40th interest in a share of 7.375% Fixed-Rate Reset Non-Cumulative Perpetual Preferred Stock Series B,$25.65,0,0.00%,2467031364,United States,,644,Finance,Major Banks
WSBF,Waterstone Financial Inc. Common Stock (MD),$18.05,0.15,0.84%,327819281,United States,2005,5714,Finance,Savings Institutions
WSBK,Winchester Bancorp Inc. Common Stock,$12.87,0.02,0.16%,0,United States,2025,7351,,
WSC,WillScot Holdings Corporation Class A Common Stock,$22.60,0.72,3.29%,4090479745,United States,2015,301611,Industrials,Misc Corporate Leasing Services
WSFS,WSFS Financial Corporation Common Stock,$71.83,0.62,0.87%,3753626128,United States,,29155,Finance,Major Banks
WSHP,WeShop Holdings Limited Class A Ordinary Shares,$7.72,-0.46,-5.62%,180985233,Jersey,,40983,Consumer Discretionary,Other Specialty Stores
WSTN,Westin Acquisition Corp Class A Ordinary Share,$10.03,0,0.00%,80791650,Singapore,2025,4,,
WSTNU,Westin Acquisition Corp Units,$10.19,0,0.00%,0,Singapore,2026,45,,
WTBA,West Bancorporation Common Stock,$23.80,0.26,1.11%,405268804,United States,,6059,Finance,Major Banks
WTF,Waton Financial Limited Ordinary Shares,$3.68,0,0.00%,177513897,Hong Kong,2025,71,Finance,Investment Bankers/Brokers/Service
WTFC,Wintrust Financial Corporation Common Stock,$150.38,1.43,0.96%,10141221174,United States,,32630,Finance,Major Banks
WTFCN,Wintrust Financial Corporation Depositary Shares Each Representing a 1/1000th Interest in a Share of 7.875% Fixed-Rate Reset Non-Cumulative Perpetual Preferred StocK,$26.40,0.0391,0.15%,1780344720,United States,,1650,Finance,Major Banks
WTG,Wintergreen Acquisition Corp. Ordinary Shares,$10.30,0,0.00%,0,China,2025,9,Finance,Blank Checks
WTGUR,Wintergreen Acquisition Corp. Rights,$0.131,0.0109,9.08%,0,China,2025,5038,Finance,Blank Checks
WTO,UTime Limited Class A Ordinary Shares,$1.1401,-0.1499,-11.62%,1929561,China,2021,136566,Technology,Consumer Electronics/Appliances
WTW,Willis Towers Watson Public Limited Company Ordinary Shares,$259.42,-0.6,-0.23%,24501693934,United Kingdom,,197896,Finance,Specialty Insurers
WULF,TeraWulf Inc. Common Stock,$22.905,0.615,2.76%,9972423794,United States,,8828824,Technology,EDP Services
WVE,Wave Life Sciences Ltd. Ordinary Shares,$7.29,-0.18,-2.41%,1402450032,Singapore,2015,546521,Health Care,Biotechnology: Pharmaceutical Preparations
WVVI,Willamette Valley Vineyards Inc. Common Stock,$2.70,0,0.00%,13444728,United States,,265,Consumer Staples,Beverages (Production/Distribution)
WVVIP,Willamette Valley Vineyards Inc. Series A Redeemable Preferred Stock,$2.8001,0.0207,0.75%,13943179,United States,,2143,Consumer Staples,Beverages (Production/Distribution)
WW,WW International Inc.  Common Stock,$10.74,-0.17,-1.56%,107386682,United States,,47136,Consumer Discretionary,Other Consumer Services
WWD,Woodward Inc. Common Stock,$364.63,7.61,2.13%,21725698606,United States,,131956,Energy,Industrial Machinery/Components
WXM,WF International Limited Ordinary Shares,$0.486,0.0184,3.94%,4189654,China,2025,3897,Consumer Discretionary,Engineering & Construction
WYFI,WhiteFiber Inc. Ordinary Shares,$17.73,-0.28,-1.56%,680217868,United States,2025,334542,Finance,Finance: Consumer Services
WYHG,Wing Yip Food Holdings Group Limited American Depositary Shares,$0.6563,-0.0327,-4.75%,33032188,China,2024,28082,Consumer Staples,Specialty Foods
WYNN,Wynn Resorts Limited Common stock,$105.315,1.875,1.81%,10957330250,United States,2002,119064,Consumer Discretionary,Hotels/Resorts
XAIR,Beyond Air Inc. Common Stock,$0.5699,-0.0071,-1.23%,7518511,United States,,32109,Health Care,Medical/Dental Instruments
XBIO,Xenetic Biosciences Inc. Common Stock,$3.06,0.1,3.38%,7010631,United States,,36345,Health Care,Biotechnology: Pharmaceutical Preparations
XBIT,XBiotech Inc. Common Stock,$2.5599,0.0099,0.39%,78045543,United States,2015,6037,Health Care,Biotechnology: Pharmaceutical Preparations
XBP,XBP Global Holdings Inc. Common Stock,$2.90,0,0.00%,34127345,United States,2021,135,Technology,EDP Services
XCBE,X3 Acquisition Corp. Ltd. Class A Ordinary Shares,$9.91,0,0.00%,0,United States,2026,42,,
XCH,XCHG Limited American Depositary Share,$1.04,-0.01,-0.95%,84789831,Germany,2024,5664,Industrials,Electrical Products
XCUR,Exicure Inc. Common Stock,$3.34,0.09,2.77%,21288876,United States,,9065,Health Care,Biotechnology: Pharmaceutical Preparations
XE,X-Energy Inc. Class A Common Stock,$29.2999,-0.4601,-1.55%,11580745862,United States,2026,2185569,Industrials,Metal Fabrications
XEL,Xcel Energy Inc. Common Stock,$81.4399,0.2699,0.33%,50840450539,United States,,417393,Utilities,Power Generation
XELB,Xcel Brands Inc. Common Stock,$2.31,0.01,0.44%,13892504,United States,,2473,Miscellaneous,Multi-Sector Companies
XELLL,Xcel Energy Inc. 6.25% Junior Subordinated Notes Series due 2085,$24.37,0.05,0.21%,0,United States,,3391,Utilities,Power Generation
XENE,Xenon Pharmaceuticals Inc. Common Shares,$57.81,0.41,0.71%,5586921540,Canada,2014,703399,Health Care,Biotechnology: Pharmaceutical Preparations
XERS,Xeris Biopharma Holdings Inc. Common Stock,$6.39,0.05,0.79%,1103078619,United States,2018,193343,Health Care,Biotechnology: Pharmaceutical Preparations
XFOR,X4 Pharmaceuticals Inc. Common Stock,$4.27,0.06,1.43%,388227102,United States,2017,42222,Health Care,Biotechnology: Biological Products (No Diagnostic Substances)
XGN,Exagen Inc. Common Stock,$3.11,0.01,0.32%,75081999,United States,2019,22969,Health Care,Medical Specialities
XHG,XChange TEC.INC American Depositary Shares ,$1.0016,-0.0884,-8.11%,51630403,China,2019,4242,Finance,Real Estate
XHLD,TEN Holdings Inc. Common Stock,$1.32,-0.05,-3.65%,5250225,United States,2025,5419,Real Estate,Real Estate
XLO,Xilio Therapeutics Inc. Common Stock,$8.145,-0.185,-2.22%,48730224,United States,2021,6101,Health Care,Biotechnology: Pharmaceutical Preparations
XMTR,Xometry Inc. Class A Common Stock,$54.44,1.45,2.74%,2863478563,United States,2021,74123,Real Estate,Real Estate
XNCR,Xencor Inc. Common Stock,$13.13,-0.23,-1.72%,973292394,United States,2013,52940,Health Care,Biotechnology: Pharmaceutical Preparations
XNDU,Xanadu Quantum Technologies Limited Class B Subordinate Voting Shares,$13.2001,-0.7899,-5.65%,3940379856,Canada,,4713347,Technology,Computer Manufacturing
XNET,Xunlei Limited American Depositary Shares,$6.155,-0.075,-1.20%,1958945209,China,2014,20428,Technology,Computer Software: Prepackaged Software
XOMA,XOMA Royalty Corporation Common Stock,$41.29,0.25,0.61%,492000492,United States,1986,6444,Health Care,Biotechnology: Pharmaceutical Preparations
XOMAO,XOMA Royalty Corporation Depositary Shares Rep Series B 8.375% Cumulative Preferred Stock,$25.23,0.04,0.16%,300633868,United States,,6530,Health Care,Biotechnology: Pharmaceutical Preparations
XOMAP,XOMA Royalty Corporation 8.625% Series A Cumulative Perpetual Preferred Stock,$25.41,0.17,0.67%,302778699,United States,,100,Health Care,Biotechnology: Pharmaceutical Preparations
XOS,Xos Inc. Common Stock,$1.845,0.045,2.50%,22243709,United States,2020,829,Consumer Discretionary,Auto Parts:O.E.M.
XOSWW,Xos Inc. Warrants,$0.0027,0.0006,28.57%,32552,United States,2020,34936,Consumer Discretionary,Auto Parts:O.E.M.
XP,XP Inc. Class A Common Stock,$18.875,0.375,2.03%,9783137849,Brazil,2019,289799,Finance,Investment Bankers/Brokers/Service
XPEL,XPEL Inc. Common Stock,$48.58,0.66,1.38%,1338915080,United States,,48989,Industrials,Industrial Specialties
XPON,Expion360 Inc. Common Stock,$0.7056,-0.0038,-0.54%,7653033,United States,2022,20243,Miscellaneous,Industrial Machinery/Components
XRAY,DENTSPLY SIRONA Inc. Common Stock,$11.31,0.11,0.98%,2265624878,United States,1987,578296,Health Care,Medical/Dental Instruments
XRPN,Armada Acquisition Corp. II Class A Ordinary Shares,$10.375,0.015,0.15%,0,United States,2025,12959,Finance,Blank Checks
XRPNW,Armada Acquisition Corp. II Warrant,$0.75,0,0.00%,0,United States,2025,4781,Finance,Blank Checks
XRTX,XORTX Therapeutics Inc. Common Shares,$2.915,-0.065,-2.18%,4058974,Canada,,13427,Health Care,Biotechnology: Pharmaceutical Preparations
XRX,Xerox Holdings Corporation Common Stock,$2.58,-0.02,-0.77%,337402733,United States,,5677276,Technology,Computer peripheral equipment
XRXDW,Xerox Holdings Corporation Warrants,$0.2964,-0.0096,-3.14%,38762081,United States,,920359,Technology,Computer peripheral equipment
XSLL,Xsolla SPAC 1 Class A Ordinary Shares,$9.86,0.01,0.10%,0,United States,2026,65570,Finance,Blank Checks
XSLLU,Xsolla SPAC 1 Units,$9.98,0,0.00%,0,United States,2026,10,Finance,Blank Checks
XSLLW,Xsolla SPAC 1 Warrants,$0.2055,0.0042,2.09%,0,United States,2026,190,Finance,Blank Checks
XTIA,XTI Aerospace Inc. Common Stock,$1.87,-0.03,-1.58%,71943021,United States,2014,262644,Technology,EDP Services
XTLB,XTL Biopharmaceuticals Ltd. American Depositary Shares,$3.90,0.08,2.09%,9225871,Israel,,68105,Health Care,Biotechnology: Pharmaceutical Preparations
XWEL,XWELL Inc. Common Stock,$1.37,0.04,3.01%,10859669,United States,,14309,Consumer Discretionary,Other Consumer Services
XWIN,XMAX Inc. Common Stock,$8.0679,0.0079,0.10%,380855119,United States,,774082,Consumer Discretionary,Home Furnishings
XXII,22nd Century Group Inc. Common Stock,$0.8609,-0.1311,-13.22%,3835868,United States,,634056,Health Care, Medicinal Chemicals and Botanical Products 
YAAS,Youxin Technology Ltd Class A Ordinary shares,$1.25,0.02,1.63%,5797750,China,2024,136051,Technology,Computer Software: Prepackaged Software
YB,Yuanbao Inc. American Depositary Shares,$15.65,0.36,2.35%,721155146,China,2025,15371,Finance,Specialty Insurers
YDDL,One and One Green Technologies. Inc Class A Ordinary Shares,$5.01,0,0.00%,280726998,Philippines,2025,18999,Consumer Discretionary,Industrial Specialties
YDES,YD Bio Limited Ordinary Shares,$5.13,0.1099,2.19%,363364805,United States,,3011,Health Care,Medical Specialities
YDESW,YD Bio Limited Warrants,$0.44,0,0.00%,31165792,United States,,133,Health Care,Medical Specialities
YDKG,Yueda Digital Holding Class A Ordinary Share,$0.8814,-0.003,-0.34%,4873427,China,2007,4101,Consumer Discretionary,Advertising
YHC,LQR House Inc. Common Stock,$0.8999,-0.0001,-0.01%,19232353,United States,2023,2648,Consumer Staples,Beverages (Production/Distribution)
YHGJ,Yunhong Green CTI Ltd. Common Stock,$2.96,-0.16,-5.13%,7688194,United States,,146,Industrials,Specialty Chemicals
YHNA,YHN Acquisition I Limited Ordinary Shares,$10.80,0,0.00%,0,Hong Kong,2024,34,,
YHNAR,YHN Acquisition I Limited Right,$0.12,0,0.00%,0,Hong Kong,2024,600,,
YHNAU,YHN Acquisition I Limited Unit,$11.10,0,0.00%,0,Hong Kong,2024,1,,
YI,111 Inc. American Depositary Shares,$6.115,0.195,3.29%,53793435,China,2018,634,Consumer Staples,Retail-Drug Stores and Proprietary Stores
YIBO,Planet Image International Limited Class A Ordinary Shares,$1.15,-0.0098,-0.85%,68119354,China,2024,733,Industrials,Industrial Machinery/Components
YJ,Yunji Inc. American Depository Shares,$1.80,0,0.00%,8865972,China,2019,204,Consumer Discretionary,Other Specialty Stores
YMAT,J-Star Holding Co. Ltd. Class A Ordinary Shares,$0.2391,-0.0029,-1.20%,4794078,Taiwan,2025,26128,Consumer Discretionary,Recreational Games/Products/Toys
YMT,Yimutian Inc. American Depositary Shares,$0.1565,0.0005,0.32%,17900012,China,2025,310381,Technology,EDP Services
YOOV,Concorde International Group Ltd Class A Ordinary Shares,$1.5101,-0.0199,-1.30%,40750755,Singapore,2025,2718,Consumer Discretionary,Diversified Commercial Services
YORW,York Water Company (The) Common Stock,$29.345,0.205,0.70%,423992641,United States,,12701,Utilities,Water Supply
YOUL,Youlife Group Inc. American Depositary Shares,$0.9385,0.0585,6.65%,71371517,China,,1346,Real Estate,Other Consumer Services
YQ,17 Education & Technology Group Inc. American Depositary Shares,$2.40,0.17,7.62%,26053651,China,2020,5504,Real Estate,Other Consumer Services
YSWY,Yesway Inc. Class A Common Stock,$28.05,0.1,0.36%,1700113081,United States,2026,33577,Consumer Staples,Food Chains
YSXT,YSX Tech. Co. Ltd Class A Ordinary Shares,$0.995,0.0176,1.80%,23320313,China,2024,16889,Consumer Discretionary,Automotive Aftermarket
YTRA,Yatra Online Inc. Ordinary Shares,$1.03,0.01,0.98%,63917423,India,,1120,Consumer Discretionary,Transportation Services
YXT,YXT.COM GROUP HOLDING LIMITED American Depository Shares,$0.5285,-0.0163,-2.99%,31500006,China,2024,4015,Technology,Computer Software: Prepackaged Software
YYAI,AiRWA Inc. Common Stock,$0.6743,-0.0308,-4.37%,28416642,United States,,309510,Consumer Discretionary,Recreational Games/Products/Toys
YYGH,YY Group Holding Limited Class A Ordinary Shares,$0.7599,0.0219,2.97%,4834276,Singapore,2024,41442,Consumer Discretionary,Professional Services
Z,Zillow Group Inc. Class C Capital Stock,$43.91,-0.12,-0.27%,10059037384,United States,,314461,Real Estate,Real Estate
ZBAI,ATIF Holdings Limited Ordinary Shares,$7.26,-0.51,-6.56%,74875088,United States,2019,309,Consumer Discretionary,Professional Services
ZBAO,Zhibao Technology Inc. Class A Ordinary Shares,$0.7177,0.0234,3.37%,24446076,China,2024,564,Finance,Specialty Insurers
ZBIO,Zenas BioPharma Inc. Common Stock,$21.255,-0.305,-1.42%,1219421540,United States,2024,53330,Health Care,Biotechnology: Pharmaceutical Preparations
ZBRA,Zebra Technologies Corporation Class A Common Stock,$224.59,0.86,0.38%,10861758131,United States,1991,57869,Industrials,Industrial Machinery/Components
ZCMD,Zhongchao Inc. Class A Ordinary Shares,$2.2001,-0.0199,-0.90%,8480809,China,2020,1257,Real Estate,Other Consumer Services
ZD,Ziff Davis Inc. Common Stock,$45.50,-0.12,-0.26%,1721586230,United States,,40220,Telecommunications,Telecommunications Equipment
ZDAI,DirectBooking Technology Co. Ltd. Class A Ordinary Shares,$2.02,0.04,2.02%,16248375,Hong Kong,2024,6850,Consumer Discretionary,General Bldg Contractors - Nonresidential Bldgs
ZENA,ZenaTech Inc. Common Stock,$2.195,-0.195,-8.16%,105537543,Canada,,1018409,Technology,Computer Software: Prepackaged Software
ZEO,Zeo Energy Corporation Class A Common Stock,$0.9641,-0.0159,-1.62%,55892480,United States,2021,9633,Miscellaneous,Industrial Machinery/Components
ZEOWW,Zeo Energy Corporation Warrants,$0.0497,0.0088,21.52%,2881295,United States,2021,443,Miscellaneous,Industrial Machinery/Components
ZG,Zillow Group Inc. Class A Common Stock,$44.13,-0.14,-0.32%,10109435658,United States,2011,181281,Real Estate,Real Estate
ZION,Zions Bancorporation N.A. Common Stock,$63.05,0.94,1.51%,9272702720,United States,,136993,Finance,Major Banks
ZIONP,Zions Bancorporation N.A. Depositary Shares (Each representing 1/40th Interest in a Share of Series A Floating-Rate Non-Cumulative Perpetual Preferred Stock),$19.07,-0.0443,-0.23%,2804606517,United States,,215,Finance,Major Banks
ZJK,ZJK Industrial Co. Ltd. Class A Ordinary Shares,$2.95,-0.01,-0.34%,188275635,China,2024,2327,Industrials,Metal Fabrications
ZJYL,JIN MEDICAL INTERNATIONAL LTD. Class A Ordinary Shares,$2.60,0.1001,4.00%,20351123,China,2023,10049,Health Care,Industrial Specialties
ZKIN,ZK International Group Co. Ltd Ordinary Share,$1.42,-0.02,-1.39%,24526677,China,2017,2715,Industrials,Metal Fabrications
ZKP,Lafayette Digital Acquisition Corp. I Class A Ordinary Shares,$9.90,-0.03,-0.30%,0,United States,2026,25152,Finance,Blank Checks
ZLAB,Zai Lab Limited American Depositary Shares,$20.965,-0.255,-1.20%,2355496285,China,2017,35581,Health Care,Biotechnology: Pharmaceutical Preparations
ZM,Zoom Communications Inc. Class A Common Stock,$106.96,0.33,0.31%,31453899940,United States,2019,606652,Technology,Computer Software: Programming Data Processing
ZNB,Zeta Network Group Class A Ordinary Shares,$1.63,-0.07,-4.12%,2576699,United States,,7397,Consumer Discretionary,Engineering & Construction
ZNTL,Zentalis Pharmaceuticals Inc. Common Stock,$4.175,0.175,4.38%,297203003,United States,2020,145005,Health Care,Biotechnology: Pharmaceutical Preparations
ZOOZ,ZOOZ Strategy Ltd. Ordinary Shares,$0.3184,0.0162,5.36%,51587958,Israel,,60728,Technology,Industrial Machinery/Components
ZOOZW,ZOOZ Strategy Ltd. Warrant,$0.0246,-0.0254,-50.80%,3985753,Israel,,7378,Technology,Industrial Machinery/Components
ZS,Zscaler Inc. Common Stock,$141.48,-0.72,-0.51%,22748668660,United States,2018,410468,Technology,EDP Services
ZSQR,Z Squared Inc. Common Stock,$14.01,-0.07,-0.50%,721515000,United States,2020,16555,Health Care,Biotechnology: Biological Products (No Diagnostic Substances)
ZSTK,ZeroStack Corp. Common Stock,$5.24,0.27,5.43%,12737434,Canada,2021,1657,Health Care,Biotechnology: Pharmaceutical Preparations
ZTEK,Zentek Ltd. Common Stock,$0.50,0.0024,0.48%,53771778,Canada,,4669,Industrials,Major Chemicals
ZTG,Zenta Group Company Limited Class A Ordinary Shares,$2.245,-0.155,-6.46%,26510844,Macau,2025,2220,Consumer Discretionary,Professional Services
ZUMZ,Zumiez Inc. Common Stock,$23.54,0.67,2.93%,406199696,United States,2005,15115,Consumer Discretionary,Clothing/Shoe/Accessory Stores
ZURA,Zura Bio Limited Class A Ordinary Shares,$5.275,-0.045,-0.85%,500495745,Cayman Islands,,69728,Health Care,Biotechnology: Biological Products (No Diagnostic Substances)
ZVRA,Zevra Therapeutics Inc. Common Stock,$10.58,0.53,5.27%,625435113,United States,,209667,Health Care,Biotechnology: Pharmaceutical Preparations
ZYBT,Zhengye Biotechnology Holding Limited Class A Ordinary Shares,$0.9384,-0.0566,-5.69%,44472067,China,2025,9858,Health Care,Biotechnology: Pharmaceutical Preparations
ZYME,Zymeworks Inc. Common Stock,$26.93,0.15,0.56%,1986076917,United States,,21884,Health Care,Biotechnology: Pharmaceutical Preparations
